migration_key,source_shopify_handle,name,source_title,slug,description,source_description_html,description_plain_text,price,compare_at_price,available_on,status,brand,weight,weight_unit,meta_title,meta_description,verified_feature_summary,title_change_reason,title_confidence,requires_review,primary_taxon_path,category_confidence,category_reason,variants,variant_skus,variant_count,images,image_count,image_alt_texts,tags,tag_count,story_title,story_introduction,story_module_design,story_module_experience,story_module_feature_focus,story_module_use_case,story_module_buyer_note,story_module_closing,story_eligible,story_editorial_status,story_media_refs,story_media_count,redirect_required,redirect_from,redirect_to
agv-k7-mplk-glimpse-matt-black-yellow-fluo-helmet,agv-k7-mplk-glimpse-matt-black-yellow-fluo-helmet,AGV K7 MPLK Glimpse Matt Black/Yellow Fluo Helmet,AGV K7 MPLK Glimpse Matt Black/Yellow Fluo Helmet,agv-k7-mplk-glimpse-matt-black-yellow-fluo-helmet,"Extreme protection, in the most compact helmet in its category, for any road use. Available in multiple sizes and/or colours — select your variant.","<p><span>Extreme protection, in the most compact helmet in its category, for any road use.</span><br><br><span>K7 is the </span><strong>perfect balance between sportiness and touring</strong><span>, evolved to the maximum degree. Suitable for any type of riding and all road routes, this helmet offers the best features of the sporting and touring world, helping you to face any challenge on two wheels – from the most difficult turns to long adventures in the saddle.</span><br><br><span>The </span><strong>composite fiber shell<span> </span></strong><span>of the K7 offers excellent protection, making it </span><strong>the most compact full-face road helmet<span> </span></strong><span>in its category, ensuring indispensable lightness with a weight of only 1,450 g in the smallest shell size.</span><strong><span> </span></strong><span>Due to its</span><strong><span> </span>three shell sizes and four EPS sizes</strong><span>, the K7 adapts perfectly to every rider, guaranteeing comfort in all riding situations. Subjected to the strict AGV Extreme Safety design protocol, the K7 passes by some distance all tests in the </span><strong>ECE22.06<span> </span></strong><span>standard. Furthermore, the </span><strong>collarbone-protection profile,</strong><span> designed by AGV, significantly reduces the risk of collarbone injury in the event of impact. This solution created for the track is now available to every rider on the lookout for perfection.</span><br><br><span>Conceived in a wind tunnel, the K7's design offers maximum stability at high speed, ideal for both sports and touring riding. The </span><strong>new visor mechanism</strong><span> ensures smooth and reliable activation, with a compact profile and more EPS in the temple area for greater protection. The K7 is also equipped with AGV's patented </span><strong>Air Diffusion Crownpad Technology ventilation system</strong><span>, which offers the highest level of internal air diffusion ever achieved in a helmet. Due to a combined crown pad and EPS design, this technology guarantees maximum ventilation efficiency. Every detail, from the visor to the spoiler, has been developed with the aim of optimizing the flow of air inside the crown pad to ensure superior riding comfort.</span><br><br><span>The </span><strong>premium interior</strong><span>, made of soft fabric with </span><strong>DrySpeed treatment</strong><span> that rapidly absorbs sweat, offers extreme comfort, allowing the rider to focus solely on the road. The scratch-resistant </span><strong>Ultravision panoramic visor</strong><span>, with its 190° field of vision, gives the rider a clear and wide view of the road and hazards, in every riding position. The visor, integrated sun visor and </span><strong>Pinlock® 120 Max Vision™</strong><span> anti-fog system guarantee perfect visibility in all conditions. In addition, the K7 comes set-up for the installation of a fully integrated intercom system, for simple and safe communication.</span></p>
<div class=""accordion-item"">
<div id=""productmaterial"" class=""accordion-collapse collapse show"" data-bs-parent=""#productmaterial"">
<div class=""pb-3"">
<p class=""mb-1"">Composite Fibre</p>
<div class=""accordion-item"">
<div id=""AERODYNAMICS"" class=""accordion-collapse collapse show"" data-bs-parent=""#AERODYNAMICS"">
<div class=""pb-3"">
<p class=""mb-1"">Integrated spoiler</p>
<p class=""mb-1"">Cheek pads interchangeable between all sizes</p>
<p class=""mb-1"">Cheek pads: fresh and fluid Ritmo fabric</p>
<p class=""mb-1"">Crown pad: Shalimar fabric for a soft and gentle touch</p>
<p class=""mb-1"">DrySpeed: instant sweat absorption</p>
<p class=""mb-1"">Embracing neck roll profile</p>
<p class=""mb-1"">Fit especially designed to allow wearing glasses</p>
<p class=""mb-1"">Microsense: premium skin comfort</p>
<p class=""mb-1"">Neck roll: Ritmo fabric and synthetic leather with high abrasion resistance and water-resistant properties</p>
<p class=""mb-1"">Removable and washable interiors</p>
<p class=""mb-1"">Removable nose guard</p>
<p class=""mb-1"">Removable wind protector</p>
<div class=""accordion-item"">
<div id=""RETENTION_SYSTEM"" class=""accordion-collapse collapse show"" data-bs-parent=""#RETENTION_SYSTEM"">
<div class=""pb-3"">
<p class=""mb-1"">Steel micrometric</p>
<div class=""accordion-item"">
<div id=""SHELL"" class=""accordion-collapse collapse show"" data-bs-parent=""#SHELL"">
<div class=""pb-3"">
<p class=""mb-1"">Collarbone safe profile</p>
<p class=""mb-1"">2 rear extractors</p>
<p class=""mb-1"">5 front vents</p>
<p class=""mb-1"">Adjustable air vents</p>
<p class=""mb-1"">190° horizontal field of view</p>
<p class=""mb-1"">Anti-scratch</p>
<p class=""mb-1"">Integrated anti-scratch sun visor, removable without using tools</p>
<p class=""mb-1"">Micro-opening system</p>
<p class=""mb-1"">Multistep visor mechanism</p>
<p class=""mb-1"">Patented Extra Quick Release System</p>
<p class=""mb-1"">Patented visor lock system</p>
<p class=""mb-1"">Pinlock® 120XLT™ MaxVision™ Included</p>
<div class=""accordion-item"">
<div id=""WEIGHT"" class=""accordion-collapse collapse show"" data-bs-parent=""#WEIGHT"">
<div class=""pb-3"">
<p class=""mb-1"">1.450 g in first shell size</p>
<div class=""accordion"" id=""accordion-MaterialCare"">
<div class=""accordion-item"">
<div id=""MAIN_FEATURES"" class=""accordion-collapse collapse show"" data-bs-parent=""#MAIN_FEATURES"">
<div class=""pb-3"">
<p class=""mb-1"">3 shell sizes</p>
</div>
</div>
</div>
</div>
</div>
</div>
</div>
</div>
</div>
</div>
</div>
</div>
</div>
</div>
</div>
</div>
</div>
</div>
</div>","Extreme protection, in the most compact helmet in its category, for any road use.

K7 is the perfect balance between sportiness and touring, evolved to the maximum degree. Suitable for any type of riding and all road routes, this helmet offers the best features of the sporting and touring world, helping you to face any challenge on two wheels – from the most difficult turns to long adventures in the saddle.

The composite fiber shell of the K7 offers excellent protection, making it the most compact full-face road helmet in its category, ensuring indispensable lightness with a weight of only 1,450 g in the smallest shell size. Due to its three shell sizes and four EPS sizes, the K7 adapts perfectly to every rider, guaranteeing comfort in all riding situations. Subjected to the strict AGV Extreme Safety design protocol, the K7 passes by some distance all tests in the ECE22.06 standard. Furthermore, the collarbone-protection profile, designed by AGV, significantly reduces the risk of collarbone injury in the event of impact. This solution created for the track is now available to every rider on the lookout for perfection.

Conceived in a wind tunnel, the K7's design offers maximum stability at high speed, ideal for both sports and touring riding. The new visor mechanism ensures smooth and reliable activation, with a compact profile and more EPS in the temple area for greater protection. The K7 is also equipped with AGV's patented Air Diffusion Crownpad Technology ventilation system, which offers the highest level of internal air diffusion ever achieved in a helmet. Due to a combined crown pad and EPS design, this technology guarantees maximum ventilation efficiency. Every detail, from the visor to the spoiler, has been developed with the aim of optimizing the flow of air inside the crown pad to ensure superior riding comfort.

The premium interior, made of soft fabric with DrySpeed treatment that rapidly absorbs sweat, offers extreme comfort, allowing the rider to focus solely on the road. The scratch-resistant Ultravision panoramic visor, with its 190° field of vision, gives the rider a clear and wide view of the road and hazards, in every riding position. The visor, integrated sun visor and Pinlock® 120 Max Vision™ anti-fog system guarantee perfect visibility in all conditions. In addition, the K7 comes set-up for the installation of a fully integrated intercom system, for simple and safe communication.

Composite Fibre

Integrated spoiler

Cheek pads interchangeable between all sizes

Cheek pads: fresh and fluid Ritmo fabric

Crown pad: Shalimar fabric for a soft and gentle touch

DrySpeed: instant sweat absorption

Embracing neck roll profile

Fit especially designed to allow wearing glasses

Microsense: premium skin comfort

Neck roll: Ritmo fabric and synthetic leather with high abrasion resistance and water-resistant properties

Removable and washable interiors

Removable nose guard

Removable wind protector

Steel micrometric

Collarbone safe profile

2 rear extractors

5 front vents

Adjustable air vents

190° horizontal field of view

Anti-scratch

Integrated anti-scratch sun visor, removable without using tools

Micro-opening system

Multistep visor mechanism

Patented Extra Quick Release System

Patented visor lock system

Pinlock® 120XLT™ MaxVision™ Included

1.450 g in first shell size

3 shell sizes",120000,,2026-07-26,active,AGV,5000,g,AGV K7 MPLK Glimpse Matt Black/Yellow Fluo Helmet | Mile 27 Store,"Extreme protection, in the most compact helmet in its category, for any road use.",,Cleaned noise; brand verified,High,false,Helmets,High,"Mapped from Shopify Type ""Helmets""",agv-k7-mplk-glimpse-matt-black-yellow-fluo-helmet-1|Size:XS|price:120000.00|compare:|weight:5000|barcode:|qty:0 | agv-k7-mplk-glimpse-matt-black-yellow-fluo-helmet-2|Size:S|price:120000.00|compare:|weight:5000|barcode:|qty:0 | agv-k7-mplk-glimpse-matt-black-yellow-fluo-helmet-3|Size:M|price:120000.00|compare:|weight:5000|barcode:|qty:0 | agv-k7-mplk-glimpse-matt-black-yellow-fluo-helmet-4|Size:L|price:120000.00|compare:|weight:5000|barcode:|qty:0 | agv-k7-mplk-glimpse-matt-black-yellow-fluo-helmet-5|Size:XL|price:120000.00|compare:|weight:5000|barcode:|qty:0 | agv-k7-mplk-glimpse-matt-black-yellow-fluo-helmet-6|Size:XXL|price:120000.00|compare:|weight:5000|barcode:|qty:0,"agv-k7-mplk-glimpse-matt-black-yellow-fluo-helmet-1,agv-k7-mplk-glimpse-matt-black-yellow-fluo-helmet-2,agv-k7-mplk-glimpse-matt-black-yellow-fluo-helmet-3,agv-k7-mplk-glimpse-matt-black-yellow-fluo-helmet-4,agv-k7-mplk-glimpse-matt-black-yellow-fluo-helmet-5,agv-k7-mplk-glimpse-matt-black-yellow-fluo-helmet-6",6,https://cdn.shopify.com/s/files/1/0076/8301/4754/files/2118399004_006_1_2e18d24d-4cc4-4c96-ac38-b49b3153a839.webp?v=1771582382|pos:1|alt:AGV AGV K7 MPLK Glimpse Matt Black/Yellow Fluo Helmet – front view || https://cdn.shopify.com/s/files/1/0076/8301/4754/files/2118399004_006_4_b26ca37b-040c-4877-84ac-a5b357a7abdb.webp?v=1771582382|pos:2|alt:AGV AGV K7 MPLK Glimpse Matt Black/Yellow Fluo Helmet – side view || https://cdn.shopify.com/s/files/1/0076/8301/4754/files/2118399004_006_3_f58712ee-844e-481f-af59-eb75d48ec52c.webp?v=1771582382|pos:3|alt:AGV AGV K7 MPLK Glimpse Matt Black/Yellow Fluo Helmet – rear view || https://cdn.shopify.com/s/files/1/0076/8301/4754/files/2118399004_006_5_3c0eaab1-3a04-4d92-9f06-81d7baba370e.webp?v=1771582382|pos:4|alt:AGV AGV K7 MPLK Glimpse Matt Black/Yellow Fluo Helmet – detail view || https://cdn.shopify.com/s/files/1/0076/8301/4754/files/2118399004_006_2_50ad3d3e-7709-47b2-8168-393dea67da38.webp?v=1771582382|pos:5|alt:AGV AGV K7 MPLK Glimpse Matt Black/Yellow Fluo Helmet – top view || https://cdn.shopify.com/s/files/1/0076/8301/4754/files/2118399004_006_7_f30b9266-c99c-4150-866e-49423d0d908f.webp?v=1771582382|pos:6|alt:AGV AGV K7 MPLK Glimpse Matt Black/Yellow Fluo Helmet – product view,6,AGV AGV K7 MPLK Glimpse Matt Black/Yellow Fluo Helmet – front view | AGV AGV K7 MPLK Glimpse Matt Black/Yellow Fluo Helmet – side view | AGV AGV K7 MPLK Glimpse Matt Black/Yellow Fluo Helmet – rear view | AGV AGV K7 MPLK Glimpse Matt Black/Yellow Fluo Helmet – detail view | AGV AGV K7 MPLK Glimpse Matt Black/Yellow Fluo Helmet – top view | AGV AGV K7 MPLK Glimpse Matt Black/Yellow Fluo Helmet – product view,,0,,,,,,,,,false,not_eligible,,0,false,/products/agv-k7-mplk-glimpse-matt-black-yellow-fluo-helmet,/products/agv-k7-mplk-glimpse-matt-black-yellow-fluo-helmet
agv-k7-mplk-glimpse-matt-black-red-helmet,agv-k7-mplk-glimpse-matt-black-red-helmet,AGV K7 MPLK Glimpse Matt Black/Red Helmet,AGV K7 MPLK Glimpse Matt Black/Red Helmet,agv-k7-mplk-glimpse-matt-black-red-helmet,"Extreme protection, in the most compact helmet in its category, for any road use. Available in multiple sizes and/or colours — select your variant.","<p><span>Extreme protection, in the most compact helmet in its category, for any road use.</span><br><br><span>K7 is the </span><strong>perfect balance between sportiness and touring</strong><span>, evolved to the maximum degree. Suitable for any type of riding and all road routes, this helmet offers the best features of the sporting and touring world, helping you to face any challenge on two wheels – from the most difficult turns to long adventures in the saddle.</span><br><br><span>The </span><strong>composite fiber shell<span> </span></strong><span>of the K7 offers excellent protection, making it </span><strong>the most compact full-face road helmet<span> </span></strong><span>in its category, ensuring indispensable lightness with a weight of only 1,450 g in the smallest shell size.</span><strong><span> </span></strong><span>Due to its</span><strong><span> </span>three shell sizes and four EPS sizes</strong><span>, the K7 adapts perfectly to every rider, guaranteeing comfort in all riding situations. Subjected to the strict AGV Extreme Safety design protocol, the K7 passes by some distance all tests in the </span><strong>ECE22.06<span> </span></strong><span>standard. Furthermore, the </span><strong>collarbone-protection profile,</strong><span> designed by AGV, significantly reduces the risk of collarbone injury in the event of impact. This solution created for the track is now available to every rider on the lookout for perfection.</span><br><br><span>Conceived in a wind tunnel, the K7's design offers maximum stability at high speed, ideal for both sports and touring riding. The </span><strong>new visor mechanism</strong><span> ensures smooth and reliable activation, with a compact profile and more EPS in the temple area for greater protection. The K7 is also equipped with AGV's patented </span><strong>Air Diffusion Crownpad Technology ventilation system</strong><span>, which offers the highest level of internal air diffusion ever achieved in a helmet. Due to a combined crown pad and EPS design, this technology guarantees maximum ventilation efficiency. Every detail, from the visor to the spoiler, has been developed with the aim of optimizing the flow of air inside the crown pad to ensure superior riding comfort.</span><br><br><span>The </span><strong>premium interior</strong><span>, made of soft fabric with </span><strong>DrySpeed treatment</strong><span> that rapidly absorbs sweat, offers extreme comfort, allowing the rider to focus solely on the road. The scratch-resistant </span><strong>Ultravision panoramic visor</strong><span>, with its 190° field of vision, gives the rider a clear and wide view of the road and hazards, in every riding position. The visor, integrated sun visor and </span><strong>Pinlock® 120 Max Vision™</strong><span> anti-fog system guarantee perfect visibility in all conditions. In addition, the K7 comes set-up for the installation of a fully integrated intercom system, for simple and safe communication.</span></p>
<div class=""accordion-item"">
<div id=""productmaterial"" class=""accordion-collapse collapse show"" data-bs-parent=""#productmaterial"">
<div class=""pb-3"">
<p class=""mb-1"">Composite Fibre</p>
<div class=""accordion-item"">
<div id=""AERODYNAMICS"" class=""accordion-collapse collapse show"" data-bs-parent=""#AERODYNAMICS"">
<div class=""pb-3"">
<p class=""mb-1"">Integrated spoiler</p>
<p class=""mb-1"">Cheek pads interchangeable between all sizes</p>
<p class=""mb-1"">Cheek pads: fresh and fluid Ritmo fabric</p>
<p class=""mb-1"">Crown pad: Shalimar fabric for a soft and gentle touch</p>
<p class=""mb-1"">DrySpeed: instant sweat absorption</p>
<p class=""mb-1"">Embracing neck roll profile</p>
<p class=""mb-1"">Fit especially designed to allow wearing glasses</p>
<p class=""mb-1"">Microsense: premium skin comfort</p>
<p class=""mb-1"">Neck roll: Ritmo fabric and synthetic leather with high abrasion resistance and water-resistant properties</p>
<p class=""mb-1"">Removable and washable interiors</p>
<p class=""mb-1"">Removable nose guard</p>
<p class=""mb-1"">Removable wind protector</p>
<div class=""accordion-item"">
<div id=""RETENTION_SYSTEM"" class=""accordion-collapse collapse show"" data-bs-parent=""#RETENTION_SYSTEM"">
<div class=""pb-3"">
<p class=""mb-1"">Steel micrometric</p>
<div class=""accordion-item"">
<div id=""SHELL"" class=""accordion-collapse collapse show"" data-bs-parent=""#SHELL"">
<div class=""pb-3"">
<p class=""mb-1"">Collarbone safe profile</p>
<p class=""mb-1"">2 rear extractors</p>
<p class=""mb-1"">5 front vents</p>
<p class=""mb-1"">Adjustable air vents</p>
<p class=""mb-1"">190° horizontal field of view</p>
<p class=""mb-1"">Anti-scratch</p>
<p class=""mb-1"">Integrated anti-scratch sun visor, removable without using tools</p>
<p class=""mb-1"">Micro-opening system</p>
<p class=""mb-1"">Multistep visor mechanism</p>
<p class=""mb-1"">Patented Extra Quick Release System</p>
<p class=""mb-1"">Patented visor lock system</p>
<p class=""mb-1"">Pinlock® 120XLT™ MaxVision™ Included</p>
<div class=""accordion-item"">
<div id=""WEIGHT"" class=""accordion-collapse collapse show"" data-bs-parent=""#WEIGHT"">
<div class=""pb-3"">
<p class=""mb-1"">1.450 g in first shell size</p>
<div class=""accordion"" id=""accordion-MaterialCare"">
<div class=""accordion-item"">
<div id=""MAIN_FEATURES"" class=""accordion-collapse collapse show"" data-bs-parent=""#MAIN_FEATURES"">
<div class=""pb-3"">
<p class=""mb-1"">3 shell sizes</p>
</div>
</div>
</div>
</div>
</div>
</div>
</div>
</div>
</div>
</div>
</div>
</div>
</div>
</div>
</div>
</div>
</div>
</div>
</div>","Extreme protection, in the most compact helmet in its category, for any road use.

K7 is the perfect balance between sportiness and touring, evolved to the maximum degree. Suitable for any type of riding and all road routes, this helmet offers the best features of the sporting and touring world, helping you to face any challenge on two wheels – from the most difficult turns to long adventures in the saddle.

The composite fiber shell of the K7 offers excellent protection, making it the most compact full-face road helmet in its category, ensuring indispensable lightness with a weight of only 1,450 g in the smallest shell size. Due to its three shell sizes and four EPS sizes, the K7 adapts perfectly to every rider, guaranteeing comfort in all riding situations. Subjected to the strict AGV Extreme Safety design protocol, the K7 passes by some distance all tests in the ECE22.06 standard. Furthermore, the collarbone-protection profile, designed by AGV, significantly reduces the risk of collarbone injury in the event of impact. This solution created for the track is now available to every rider on the lookout for perfection.

Conceived in a wind tunnel, the K7's design offers maximum stability at high speed, ideal for both sports and touring riding. The new visor mechanism ensures smooth and reliable activation, with a compact profile and more EPS in the temple area for greater protection. The K7 is also equipped with AGV's patented Air Diffusion Crownpad Technology ventilation system, which offers the highest level of internal air diffusion ever achieved in a helmet. Due to a combined crown pad and EPS design, this technology guarantees maximum ventilation efficiency. Every detail, from the visor to the spoiler, has been developed with the aim of optimizing the flow of air inside the crown pad to ensure superior riding comfort.

The premium interior, made of soft fabric with DrySpeed treatment that rapidly absorbs sweat, offers extreme comfort, allowing the rider to focus solely on the road. The scratch-resistant Ultravision panoramic visor, with its 190° field of vision, gives the rider a clear and wide view of the road and hazards, in every riding position. The visor, integrated sun visor and Pinlock® 120 Max Vision™ anti-fog system guarantee perfect visibility in all conditions. In addition, the K7 comes set-up for the installation of a fully integrated intercom system, for simple and safe communication.

Composite Fibre

Integrated spoiler

Cheek pads interchangeable between all sizes

Cheek pads: fresh and fluid Ritmo fabric

Crown pad: Shalimar fabric for a soft and gentle touch

DrySpeed: instant sweat absorption

Embracing neck roll profile

Fit especially designed to allow wearing glasses

Microsense: premium skin comfort

Neck roll: Ritmo fabric and synthetic leather with high abrasion resistance and water-resistant properties

Removable and washable interiors

Removable nose guard

Removable wind protector

Steel micrometric

Collarbone safe profile

2 rear extractors

5 front vents

Adjustable air vents

190° horizontal field of view

Anti-scratch

Integrated anti-scratch sun visor, removable without using tools

Micro-opening system

Multistep visor mechanism

Patented Extra Quick Release System

Patented visor lock system

Pinlock® 120XLT™ MaxVision™ Included

1.450 g in first shell size

3 shell sizes",120000,,2026-07-26,active,AGV,5000,g,Buy AGV K7 MPLK Glimpse Matt Black/Red Helmet | Mile 27 Store,"Extreme protection, in the most compact helmet in its category, for any road use.",,Cleaned noise; brand verified,High,false,Helmets,High,"Mapped from Shopify Type ""Helmets""",agv-k7-mplk-glimpse-matt-black-red-helmet-1|Size:XS|price:120000.00|compare:|weight:5000|barcode:|qty:0 | agv-k7-mplk-glimpse-matt-black-red-helmet-2|Size:S|price:120000.00|compare:|weight:5000|barcode:|qty:0 | agv-k7-mplk-glimpse-matt-black-red-helmet-3|Size:M|price:120000.00|compare:|weight:5000|barcode:|qty:0 | agv-k7-mplk-glimpse-matt-black-red-helmet-4|Size:L|price:120000.00|compare:|weight:5000|barcode:|qty:0 | agv-k7-mplk-glimpse-matt-black-red-helmet-5|Size:XL|price:120000.00|compare:|weight:5000|barcode:|qty:0 | agv-k7-mplk-glimpse-matt-black-red-helmet-6|Size:XXL|price:120000.00|compare:|weight:5000|barcode:|qty:0,"agv-k7-mplk-glimpse-matt-black-red-helmet-1,agv-k7-mplk-glimpse-matt-black-red-helmet-2,agv-k7-mplk-glimpse-matt-black-red-helmet-3,agv-k7-mplk-glimpse-matt-black-red-helmet-4,agv-k7-mplk-glimpse-matt-black-red-helmet-5,agv-k7-mplk-glimpse-matt-black-red-helmet-6",6,https://cdn.shopify.com/s/files/1/0076/8301/4754/files/2118399004_015_1.webp?v=1771582100|pos:1|alt:AGV AGV K7 MPLK Glimpse Matt Black/Red Helmet – front view || https://cdn.shopify.com/s/files/1/0076/8301/4754/files/2118399004_015_4.webp?v=1771582100|pos:2|alt:AGV AGV K7 MPLK Glimpse Matt Black/Red Helmet – side view || https://cdn.shopify.com/s/files/1/0076/8301/4754/files/2118399004_015_3.webp?v=1771582100|pos:3|alt:AGV AGV K7 MPLK Glimpse Matt Black/Red Helmet – rear view || https://cdn.shopify.com/s/files/1/0076/8301/4754/files/2118399004_015_5.webp?v=1771582100|pos:4|alt:AGV AGV K7 MPLK Glimpse Matt Black/Red Helmet – detail view || https://cdn.shopify.com/s/files/1/0076/8301/4754/files/2118399004_015_2.webp?v=1771582100|pos:5|alt:AGV AGV K7 MPLK Glimpse Matt Black/Red Helmet – top view || https://cdn.shopify.com/s/files/1/0076/8301/4754/files/2118399004_015_7.webp?v=1771582100|pos:6|alt:AGV AGV K7 MPLK Glimpse Matt Black/Red Helmet – product view,6,AGV AGV K7 MPLK Glimpse Matt Black/Red Helmet – front view | AGV AGV K7 MPLK Glimpse Matt Black/Red Helmet – side view | AGV AGV K7 MPLK Glimpse Matt Black/Red Helmet – rear view | AGV AGV K7 MPLK Glimpse Matt Black/Red Helmet – detail view | AGV AGV K7 MPLK Glimpse Matt Black/Red Helmet – top view | AGV AGV K7 MPLK Glimpse Matt Black/Red Helmet – product view,,0,,,,,,,,,false,not_eligible,,0,false,/products/agv-k7-mplk-glimpse-matt-black-red-helmet,/products/agv-k7-mplk-glimpse-matt-black-red-helmet
agv-k7-mplk-mono-black-helmet,agv-k7-mplk-mono-black-helmet,AGV K7 MPLK Mono Black Helmet,AGV K7 MPLK Mono Black Helmet,agv-k7-mplk-mono-black-helmet,"Extreme protection, in the most compact helmet in its category, for any road use. Available in multiple sizes and/or colours — select your variant.","<p><span>Extreme protection, in the most compact helmet in its category, for any road use.</span><br><br><span>K7 is the </span><strong>perfect balance between sportiness and touring</strong><span>, evolved to the maximum degree. Suitable for any type of riding and all road routes, this helmet offers the best features of the sporting and touring world, helping you to face any challenge on two wheels – from the most difficult turns to long adventures in the saddle.</span><br><br><span>The </span><strong>composite fiber shell<span> </span></strong><span>of the K7 offers excellent protection, making it </span><strong>the most compact full-face road helmet<span> </span></strong><span>in its category, ensuring indispensable lightness with a weight of only 1,450 g in the smallest shell size.</span><strong><span> </span></strong><span>Due to its</span><strong><span> </span>three shell sizes and four EPS sizes</strong><span>, the K7 adapts perfectly to every rider, guaranteeing comfort in all riding situations. Subjected to the strict AGV Extreme Safety design protocol, the K7 passes by some distance all tests in the </span><strong>ECE22.06<span> </span></strong><span>standard. Furthermore, the </span><strong>collarbone-protection profile,</strong><span> designed by AGV, significantly reduces the risk of collarbone injury in the event of impact. This solution created for the track is now available to every rider on the lookout for perfection.</span><br><br><span>Conceived in a wind tunnel, the K7's design offers maximum stability at high speed, ideal for both sports and touring riding. The </span><strong>new visor mechanism</strong><span> ensures smooth and reliable activation, with a compact profile and more EPS in the temple area for greater protection. The K7 is also equipped with AGV's patented </span><strong>Air Diffusion Crownpad Technology ventilation system</strong><span>, which offers the highest level of internal air diffusion ever achieved in a helmet. Due to a combined crown pad and EPS design, this technology guarantees maximum ventilation efficiency. Every detail, from the visor to the spoiler, has been developed with the aim of optimizing the flow of air inside the crown pad to ensure superior riding comfort.</span><br><br><span>The </span><strong>premium interior</strong><span>, made of soft fabric with </span><strong>DrySpeed treatment</strong><span> that rapidly absorbs sweat, offers extreme comfort, allowing the rider to focus solely on the road. The scratch-resistant </span><strong>Ultravision panoramic visor</strong><span>, with its 190° field of vision, gives the rider a clear and wide view of the road and hazards, in every riding position. The visor, integrated sun visor and </span><strong>Pinlock® 120 Max Vision™</strong><span> anti-fog system guarantee perfect visibility in all conditions. In addition, the K7 comes set-up for the installation of a fully integrated intercom system, for simple and safe communication.</span></p>
<div class=""accordion-item"">
<div id=""productmaterial"" class=""accordion-collapse collapse show"" data-bs-parent=""#productmaterial"">
<div class=""pb-3"">
<p class=""mb-1"">Composite Fibre</p>
<div class=""accordion-item"">
<div id=""AERODYNAMICS"" class=""accordion-collapse collapse show"" data-bs-parent=""#AERODYNAMICS"">
<div class=""pb-3"">
<p class=""mb-1"">Integrated spoiler</p>
<p class=""mb-1"">Cheek pads interchangeable between all sizes</p>
<p class=""mb-1"">Cheek pads: fresh and fluid Ritmo fabric</p>
<p class=""mb-1"">Crown pad: Shalimar fabric for a soft and gentle touch</p>
<p class=""mb-1"">DrySpeed: instant sweat absorption</p>
<p class=""mb-1"">Embracing neck roll profile</p>
<p class=""mb-1"">Fit especially designed to allow wearing glasses</p>
<p class=""mb-1"">Microsense: premium skin comfort</p>
<p class=""mb-1"">Neck roll: Ritmo fabric and synthetic leather with high abrasion resistance and water-resistant properties</p>
<p class=""mb-1"">Removable and washable interiors</p>
<p class=""mb-1"">Removable nose guard</p>
<p class=""mb-1"">Removable wind protector</p>
<div class=""accordion-item"">
<div id=""RETENTION_SYSTEM"" class=""accordion-collapse collapse show"" data-bs-parent=""#RETENTION_SYSTEM"">
<div class=""pb-3"">
<p class=""mb-1"">Steel micrometric</p>
<div class=""accordion-item"">
<div id=""SHELL"" class=""accordion-collapse collapse show"" data-bs-parent=""#SHELL"">
<div class=""pb-3"">
<p class=""mb-1"">Collarbone safe profile</p>
<p class=""mb-1"">2 rear extractors</p>
<p class=""mb-1"">5 front vents</p>
<p class=""mb-1"">Adjustable air vents</p>
<p class=""mb-1"">190° horizontal field of view</p>
<p class=""mb-1"">Anti-scratch</p>
<p class=""mb-1"">Integrated anti-scratch sun visor, removable without using tools</p>
<p class=""mb-1"">Micro-opening system</p>
<p class=""mb-1"">Multistep visor mechanism</p>
<p class=""mb-1"">Patented Extra Quick Release System</p>
<p class=""mb-1"">Patented visor lock system</p>
<p class=""mb-1"">Pinlock® 120XLT™ MaxVision™ Included</p>
<p class=""mb-1""><span>1.450 g in first shell size</span></p>
<div class=""accordion"" id=""accordion-MaterialCare"">
<div class=""accordion-item"">
<div id=""MAIN_FEATURES"" class=""accordion-collapse collapse show"" data-bs-parent=""#MAIN_FEATURES"">
<div class=""pb-3"">
<p class=""mb-1"">3 shell sizes</p>
</div>
</div>
</div>
</div>
</div>
</div>
</div>
</div>
</div>
</div>
</div>
</div>
</div>
</div>
</div>
</div>","Extreme protection, in the most compact helmet in its category, for any road use.

K7 is the perfect balance between sportiness and touring, evolved to the maximum degree. Suitable for any type of riding and all road routes, this helmet offers the best features of the sporting and touring world, helping you to face any challenge on two wheels – from the most difficult turns to long adventures in the saddle.

The composite fiber shell of the K7 offers excellent protection, making it the most compact full-face road helmet in its category, ensuring indispensable lightness with a weight of only 1,450 g in the smallest shell size. Due to its three shell sizes and four EPS sizes, the K7 adapts perfectly to every rider, guaranteeing comfort in all riding situations. Subjected to the strict AGV Extreme Safety design protocol, the K7 passes by some distance all tests in the ECE22.06 standard. Furthermore, the collarbone-protection profile, designed by AGV, significantly reduces the risk of collarbone injury in the event of impact. This solution created for the track is now available to every rider on the lookout for perfection.

Conceived in a wind tunnel, the K7's design offers maximum stability at high speed, ideal for both sports and touring riding. The new visor mechanism ensures smooth and reliable activation, with a compact profile and more EPS in the temple area for greater protection. The K7 is also equipped with AGV's patented Air Diffusion Crownpad Technology ventilation system, which offers the highest level of internal air diffusion ever achieved in a helmet. Due to a combined crown pad and EPS design, this technology guarantees maximum ventilation efficiency. Every detail, from the visor to the spoiler, has been developed with the aim of optimizing the flow of air inside the crown pad to ensure superior riding comfort.

The premium interior, made of soft fabric with DrySpeed treatment that rapidly absorbs sweat, offers extreme comfort, allowing the rider to focus solely on the road. The scratch-resistant Ultravision panoramic visor, with its 190° field of vision, gives the rider a clear and wide view of the road and hazards, in every riding position. The visor, integrated sun visor and Pinlock® 120 Max Vision™ anti-fog system guarantee perfect visibility in all conditions. In addition, the K7 comes set-up for the installation of a fully integrated intercom system, for simple and safe communication.

Composite Fibre

Integrated spoiler

Cheek pads interchangeable between all sizes

Cheek pads: fresh and fluid Ritmo fabric

Crown pad: Shalimar fabric for a soft and gentle touch

DrySpeed: instant sweat absorption

Embracing neck roll profile

Fit especially designed to allow wearing glasses

Microsense: premium skin comfort

Neck roll: Ritmo fabric and synthetic leather with high abrasion resistance and water-resistant properties

Removable and washable interiors

Removable nose guard

Removable wind protector

Steel micrometric

Collarbone safe profile

2 rear extractors

5 front vents

Adjustable air vents

190° horizontal field of view

Anti-scratch

Integrated anti-scratch sun visor, removable without using tools

Micro-opening system

Multistep visor mechanism

Patented Extra Quick Release System

Patented visor lock system

Pinlock® 120XLT™ MaxVision™ Included

1.450 g in first shell size

3 shell sizes",110000,,2026-07-26,active,AGV,5000,g,Buy AGV K7 MPLK Mono Black Helmet | Mile 27 Store,"Extreme protection, in the most compact helmet in its category, for any road use.",,Cleaned noise; brand verified,High,false,Helmets,High,"Mapped from Shopify Type ""Helmets""",agv-k7-mplk-mono-black-helmet-1|Size:XS|price:110000.00|compare:|weight:5000|barcode:|qty:0 | agv-k7-mplk-mono-black-helmet-2|Size:S|price:110000.00|compare:|weight:5000|barcode:|qty:0 | agv-k7-mplk-mono-black-helmet-3|Size:M|price:110000.00|compare:|weight:5000|barcode:|qty:0 | agv-k7-mplk-mono-black-helmet-4|Size:L|price:110000.00|compare:|weight:5000|barcode:|qty:0 | agv-k7-mplk-mono-black-helmet-5|Size:XL|price:110000.00|compare:|weight:5000|barcode:|qty:0 | agv-k7-mplk-mono-black-helmet-6|Size:XXL|price:110000.00|compare:|weight:5000|barcode:|qty:0,"agv-k7-mplk-mono-black-helmet-1,agv-k7-mplk-mono-black-helmet-2,agv-k7-mplk-mono-black-helmet-3,agv-k7-mplk-mono-black-helmet-4,agv-k7-mplk-mono-black-helmet-5,agv-k7-mplk-mono-black-helmet-6",6,https://cdn.shopify.com/s/files/1/0076/8301/4754/files/2118399004_014_1.webp?v=1771330079|pos:1|alt:AGV AGV K7 MPLK Mono Black Helmet – front view || https://cdn.shopify.com/s/files/1/0076/8301/4754/files/2118399004_014_4.webp?v=1771330079|pos:2|alt:AGV AGV K7 MPLK Mono Black Helmet – side view || https://cdn.shopify.com/s/files/1/0076/8301/4754/files/2118399004_014_3.webp?v=1771330079|pos:3|alt:AGV AGV K7 MPLK Mono Black Helmet – rear view || https://cdn.shopify.com/s/files/1/0076/8301/4754/files/2118399004_014_5.webp?v=1771330079|pos:4|alt:AGV AGV K7 MPLK Mono Black Helmet – detail view || https://cdn.shopify.com/s/files/1/0076/8301/4754/files/2118399004_014_2.webp?v=1771330079|pos:5|alt:AGV AGV K7 MPLK Mono Black Helmet – top view || https://cdn.shopify.com/s/files/1/0076/8301/4754/files/2118399004_014_7.webp?v=1771330079|pos:6|alt:AGV AGV K7 MPLK Mono Black Helmet – product view,6,AGV AGV K7 MPLK Mono Black Helmet – front view | AGV AGV K7 MPLK Mono Black Helmet – side view | AGV AGV K7 MPLK Mono Black Helmet – rear view | AGV AGV K7 MPLK Mono Black Helmet – detail view | AGV AGV K7 MPLK Mono Black Helmet – top view | AGV AGV K7 MPLK Mono Black Helmet – product view,,0,,,,,,,,,false,not_eligible,,0,false,/products/agv-k7-mplk-mono-black-helmet,/products/agv-k7-mplk-mono-black-helmet
agv-k7-mplk-glimpse-matt-black-white-helmet,agv-k7-mplk-glimpse-matt-black-white-helmet,AGV K7 MPLK Glimpse Matt Black/White Helmet,AGV K7 MPLK Glimpse Matt Black/White Helmet,agv-k7-mplk-glimpse-matt-black-white-helmet,"Extreme protection, in the most compact helmet in its category, for any road use. Available in multiple sizes and/or colours — select your variant.","<p><span>Extreme protection, in the most compact helmet in its category, for any road use.</span><br><br><span>K7 is the </span><strong>perfect balance between sportiness and touring</strong><span>, evolved to the maximum degree. Suitable for any type of riding and all road routes, this helmet offers the best features of the sporting and touring world, helping you to face any challenge on two wheels – from the most difficult turns to long adventures in the saddle.</span><br><br><span>The </span><strong>composite fiber shell<span> </span></strong><span>of the K7 offers excellent protection, making it </span><strong>the most compact full-face road helmet<span> </span></strong><span>in its category, ensuring indispensable lightness with a weight of only 1,450 g in the smallest shell size.</span><strong><span> </span></strong><span>Due to its</span><strong><span> </span>three shell sizes and four EPS sizes</strong><span>, the K7 adapts perfectly to every rider, guaranteeing comfort in all riding situations. Subjected to the strict AGV Extreme Safety design protocol, the K7 passes by some distance all tests in the </span><strong>ECE22.06<span> </span></strong><span>standard. Furthermore, the </span><strong>collarbone-protection profile,</strong><span> designed by AGV, significantly reduces the risk of collarbone injury in the event of impact. This solution created for the track is now available to every rider on the lookout for perfection.</span><br><br><span>Conceived in a wind tunnel, the K7's design offers maximum stability at high speed, ideal for both sports and touring riding. The </span><strong>new visor mechanism</strong><span> ensures smooth and reliable activation, with a compact profile and more EPS in the temple area for greater protection. The K7 is also equipped with AGV's patented </span><strong>Air Diffusion Crownpad Technology ventilation system</strong><span>, which offers the highest level of internal air diffusion ever achieved in a helmet. Due to a combined crown pad and EPS design, this technology guarantees maximum ventilation efficiency. Every detail, from the visor to the spoiler, has been developed with the aim of optimizing the flow of air inside the crown pad to ensure superior riding comfort.</span><br><br><span>The </span><strong>premium interior</strong><span>, made of soft fabric with </span><strong>DrySpeed treatment</strong><span> that rapidly absorbs sweat, offers extreme comfort, allowing the rider to focus solely on the road. The scratch-resistant </span><strong>Ultravision panoramic visor</strong><span>, with its 190° field of vision, gives the rider a clear and wide view of the road and hazards, in every riding position. The visor, integrated sun visor and </span><strong>Pinlock® 120 Max Vision™</strong><span> anti-fog system guarantee perfect visibility in all conditions. In addition, the K7 comes set-up for the installation of a fully integrated intercom system, for simple and safe communication.</span></p>
<div class=""accordion-item"">
<div id=""productmaterial"" class=""accordion-collapse collapse show"" data-bs-parent=""#productmaterial"">
<div class=""pb-3"">
<p class=""mb-1"">Composite Fibre</p>
<div class=""accordion-item"">
<div id=""AERODYNAMICS"" class=""accordion-collapse collapse show"" data-bs-parent=""#AERODYNAMICS"">
<div class=""pb-3"">
<p class=""mb-1"">Integrated spoiler</p>
<p class=""mb-1"">Cheek pads interchangeable between all sizes</p>
<p class=""mb-1"">Cheek pads: fresh and fluid Ritmo fabric</p>
<p class=""mb-1"">Crown pad: Shalimar fabric for a soft and gentle touch</p>
<p class=""mb-1"">DrySpeed: instant sweat absorption</p>
<p class=""mb-1"">Embracing neck roll profile</p>
<p class=""mb-1"">Fit especially designed to allow wearing glasses</p>
<p class=""mb-1"">Microsense: premium skin comfort</p>
<p class=""mb-1"">Neck roll: Ritmo fabric and synthetic leather with high abrasion resistance and water-resistant properties</p>
<p class=""mb-1"">Removable and washable interiors</p>
<p class=""mb-1"">Removable nose guard</p>
<p class=""mb-1"">Removable wind protector</p>
<div class=""accordion-item"">
<div id=""RETENTION_SYSTEM"" class=""accordion-collapse collapse show"" data-bs-parent=""#RETENTION_SYSTEM"">
<div class=""pb-3"">
<p class=""mb-1"">Steel micrometric</p>
<div class=""accordion-item"">
<div id=""SHELL"" class=""accordion-collapse collapse show"" data-bs-parent=""#SHELL"">
<div class=""pb-3"">
<p class=""mb-1"">Collarbone safe profile</p>
<p class=""mb-1"">2 rear extractors</p>
<p class=""mb-1"">5 front vents</p>
<p class=""mb-1"">Adjustable air vents</p>
<p class=""mb-1"">190° horizontal field of view</p>
<p class=""mb-1"">Anti-scratch</p>
<p class=""mb-1"">Integrated anti-scratch sun visor, removable without using tools</p>
<p class=""mb-1"">Micro-opening system</p>
<p class=""mb-1"">Multistep visor mechanism</p>
<p class=""mb-1"">Patented Extra Quick Release System</p>
<p class=""mb-1"">Patented visor lock system</p>
<p class=""mb-1"">Pinlock® 120XLT™ MaxVision™ Included</p>
<div class=""accordion-item"">
<div id=""WEIGHT"" class=""accordion-collapse collapse show"" data-bs-parent=""#WEIGHT"">
<div class=""pb-3"">
<p class=""mb-1"">1.450 g in first shell size</p>
<div class=""accordion"" id=""accordion-MaterialCare"">
<div class=""accordion-item"">
<div id=""MAIN_FEATURES"" class=""accordion-collapse collapse show"" data-bs-parent=""#MAIN_FEATURES"">
<div class=""pb-3"">
<p class=""mb-1"">3 shell sizes</p>
</div>
</div>
</div>
</div>
</div>
</div>
</div>
</div>
</div>
</div>
</div>
</div>
</div>
</div>
</div>
</div>
</div>
</div>
</div>","Extreme protection, in the most compact helmet in its category, for any road use.

K7 is the perfect balance between sportiness and touring, evolved to the maximum degree. Suitable for any type of riding and all road routes, this helmet offers the best features of the sporting and touring world, helping you to face any challenge on two wheels – from the most difficult turns to long adventures in the saddle.

The composite fiber shell of the K7 offers excellent protection, making it the most compact full-face road helmet in its category, ensuring indispensable lightness with a weight of only 1,450 g in the smallest shell size. Due to its three shell sizes and four EPS sizes, the K7 adapts perfectly to every rider, guaranteeing comfort in all riding situations. Subjected to the strict AGV Extreme Safety design protocol, the K7 passes by some distance all tests in the ECE22.06 standard. Furthermore, the collarbone-protection profile, designed by AGV, significantly reduces the risk of collarbone injury in the event of impact. This solution created for the track is now available to every rider on the lookout for perfection.

Conceived in a wind tunnel, the K7's design offers maximum stability at high speed, ideal for both sports and touring riding. The new visor mechanism ensures smooth and reliable activation, with a compact profile and more EPS in the temple area for greater protection. The K7 is also equipped with AGV's patented Air Diffusion Crownpad Technology ventilation system, which offers the highest level of internal air diffusion ever achieved in a helmet. Due to a combined crown pad and EPS design, this technology guarantees maximum ventilation efficiency. Every detail, from the visor to the spoiler, has been developed with the aim of optimizing the flow of air inside the crown pad to ensure superior riding comfort.

The premium interior, made of soft fabric with DrySpeed treatment that rapidly absorbs sweat, offers extreme comfort, allowing the rider to focus solely on the road. The scratch-resistant Ultravision panoramic visor, with its 190° field of vision, gives the rider a clear and wide view of the road and hazards, in every riding position. The visor, integrated sun visor and Pinlock® 120 Max Vision™ anti-fog system guarantee perfect visibility in all conditions. In addition, the K7 comes set-up for the installation of a fully integrated intercom system, for simple and safe communication.

Composite Fibre

Integrated spoiler

Cheek pads interchangeable between all sizes

Cheek pads: fresh and fluid Ritmo fabric

Crown pad: Shalimar fabric for a soft and gentle touch

DrySpeed: instant sweat absorption

Embracing neck roll profile

Fit especially designed to allow wearing glasses

Microsense: premium skin comfort

Neck roll: Ritmo fabric and synthetic leather with high abrasion resistance and water-resistant properties

Removable and washable interiors

Removable nose guard

Removable wind protector

Steel micrometric

Collarbone safe profile

2 rear extractors

5 front vents

Adjustable air vents

190° horizontal field of view

Anti-scratch

Integrated anti-scratch sun visor, removable without using tools

Micro-opening system

Multistep visor mechanism

Patented Extra Quick Release System

Patented visor lock system

Pinlock® 120XLT™ MaxVision™ Included

1.450 g in first shell size

3 shell sizes",120000,,2026-07-26,active,AGV,5000,g,Buy AGV K7 MPLK Glimpse Matt Black/White Helmet | Mile 27 Store,"Extreme protection, in the most compact helmet in its category, for any road use.",,Cleaned noise; brand verified,High,false,Helmets,High,"Mapped from Shopify Type ""Helmets""",agv-k7-mplk-glimpse-matt-black-white-helmet-1|Size:XS|price:120000.00|compare:|weight:5000|barcode:|qty:0 | agv-k7-mplk-glimpse-matt-black-white-helmet-2|Size:S|price:120000.00|compare:|weight:5000|barcode:|qty:0 | agv-k7-mplk-glimpse-matt-black-white-helmet-3|Size:M|price:120000.00|compare:|weight:5000|barcode:|qty:0 | agv-k7-mplk-glimpse-matt-black-white-helmet-4|Size:L|price:120000.00|compare:|weight:5000|barcode:|qty:0 | agv-k7-mplk-glimpse-matt-black-white-helmet-5|Size:XL|price:120000.00|compare:|weight:5000|barcode:|qty:0 | agv-k7-mplk-glimpse-matt-black-white-helmet-6|Size:XXL|price:120000.00|compare:|weight:5000|barcode:|qty:0,"agv-k7-mplk-glimpse-matt-black-white-helmet-1,agv-k7-mplk-glimpse-matt-black-white-helmet-2,agv-k7-mplk-glimpse-matt-black-white-helmet-3,agv-k7-mplk-glimpse-matt-black-white-helmet-4,agv-k7-mplk-glimpse-matt-black-white-helmet-5,agv-k7-mplk-glimpse-matt-black-white-helmet-6",6,https://cdn.shopify.com/s/files/1/0076/8301/4754/files/2118399004_016_1.webp?v=1771581873|pos:1|alt:AGV AGV K7 MPLK Glimpse Matt Black/White Helmet – front view || https://cdn.shopify.com/s/files/1/0076/8301/4754/files/2118399004_016_4.webp?v=1771581873|pos:2|alt:AGV AGV K7 MPLK Glimpse Matt Black/White Helmet – side view || https://cdn.shopify.com/s/files/1/0076/8301/4754/files/2118399004_016_3.webp?v=1771581873|pos:3|alt:AGV AGV K7 MPLK Glimpse Matt Black/White Helmet – rear view || https://cdn.shopify.com/s/files/1/0076/8301/4754/files/2118399004_016_5.webp?v=1771581873|pos:4|alt:AGV AGV K7 MPLK Glimpse Matt Black/White Helmet – detail view || https://cdn.shopify.com/s/files/1/0076/8301/4754/files/2118399004_016_2.webp?v=1771581873|pos:5|alt:AGV AGV K7 MPLK Glimpse Matt Black/White Helmet – top view || https://cdn.shopify.com/s/files/1/0076/8301/4754/files/2118399004_016_7.webp?v=1771581873|pos:6|alt:AGV AGV K7 MPLK Glimpse Matt Black/White Helmet – product view,6,AGV AGV K7 MPLK Glimpse Matt Black/White Helmet – front view | AGV AGV K7 MPLK Glimpse Matt Black/White Helmet – side view | AGV AGV K7 MPLK Glimpse Matt Black/White Helmet – rear view | AGV AGV K7 MPLK Glimpse Matt Black/White Helmet – detail view | AGV AGV K7 MPLK Glimpse Matt Black/White Helmet – top view | AGV AGV K7 MPLK Glimpse Matt Black/White Helmet – product view,,0,,,,,,,,,false,not_eligible,,0,false,/products/agv-k7-mplk-glimpse-matt-black-white-helmet,/products/agv-k7-mplk-glimpse-matt-black-white-helmet
agv-k7-mplk-mono-matt-black-helmet,agv-k7-mplk-mono-matt-black-helmet,AGV K7 MPLK Mono Matt Black Helmet,AGV K7 MPLK Mono Matt Black Helmet,agv-k7-mplk-mono-matt-black-helmet,"Extreme protection, in the most compact helmet in its category, for any road use. Available in multiple sizes and/or colours — select your variant.","<p><span>Extreme protection, in the most compact helmet in its category, for any road use.</span><br><br><span>K7 is the </span><strong>perfect balance between sportiness and touring</strong><span>, evolved to the maximum degree. Suitable for any type of riding and all road routes, this helmet offers the best features of the sporting and touring world, helping you to face any challenge on two wheels – from the most difficult turns to long adventures in the saddle.</span><br><br><span>The </span><strong>composite fiber shell<span> </span></strong><span>of the K7 offers excellent protection, making it </span><strong>the most compact full-face road helmet<span> </span></strong><span>in its category, ensuring indispensable lightness with a weight of only 1,450 g in the smallest shell size.</span><strong><span> </span></strong><span>Due to its</span><strong><span> </span>three shell sizes and four EPS sizes</strong><span>, the K7 adapts perfectly to every rider, guaranteeing comfort in all riding situations. Subjected to the strict AGV Extreme Safety design protocol, the K7 passes by some distance all tests in the </span><strong>ECE22.06<span> </span></strong><span>standard. Furthermore, the </span><strong>collarbone-protection profile,</strong><span> designed by AGV, significantly reduces the risk of collarbone injury in the event of impact. This solution created for the track is now available to every rider on the lookout for perfection.</span><br><br><span>Conceived in a wind tunnel, the K7's design offers maximum stability at high speed, ideal for both sports and touring riding. The </span><strong>new visor mechanism</strong><span> ensures smooth and reliable activation, with a compact profile and more EPS in the temple area for greater protection. The K7 is also equipped with AGV's patented </span><strong>Air Diffusion Crownpad Technology ventilation system</strong><span>, which offers the highest level of internal air diffusion ever achieved in a helmet. Due to a combined crown pad and EPS design, this technology guarantees maximum ventilation efficiency. Every detail, from the visor to the spoiler, has been developed with the aim of optimizing the flow of air inside the crown pad to ensure superior riding comfort.</span><br><br><span>The </span><strong>premium interior</strong><span>, made of soft fabric with </span><strong>DrySpeed treatment</strong><span> that rapidly absorbs sweat, offers extreme comfort, allowing the rider to focus solely on the road. The scratch-resistant </span><strong>Ultravision panoramic visor</strong><span>, with its 190° field of vision, gives the rider a clear and wide view of the road and hazards, in every riding position. The visor, integrated sun visor and </span><strong>Pinlock® 120 Max Vision™</strong><span> anti-fog system guarantee perfect visibility in all conditions. In addition, the K7 comes set-up for the installation of a fully integrated intercom system, for simple and safe communication.</span></p>
<div class=""accordion-item"">
<div id=""productmaterial"" class=""accordion-collapse collapse show"" data-bs-parent=""#productmaterial"">
<div class=""pb-3"">
<p class=""mb-1"">Composite Fibre</p>
<div class=""accordion-item"">
<div id=""AERODYNAMICS"" class=""accordion-collapse collapse show"" data-bs-parent=""#AERODYNAMICS"">
<div class=""pb-3"">
<p class=""mb-1"">Integrated spoiler</p>
<p class=""mb-1"">Cheek pads interchangeable between all sizes</p>
<p class=""mb-1"">Cheek pads: fresh and fluid Ritmo fabric</p>
<p class=""mb-1"">Crown pad: Shalimar fabric for a soft and gentle touch</p>
<p class=""mb-1"">DrySpeed: instant sweat absorption</p>
<p class=""mb-1"">Embracing neck roll profile</p>
<p class=""mb-1"">Fit especially designed to allow wearing glasses</p>
<p class=""mb-1"">Microsense: premium skin comfort</p>
<p class=""mb-1"">Neck roll: Ritmo fabric and synthetic leather with high abrasion resistance and water-resistant properties</p>
<p class=""mb-1"">Removable and washable interiors</p>
<p class=""mb-1"">Removable nose guard</p>
<p class=""mb-1"">Removable wind protector</p>
<div class=""accordion-item"">
<div id=""RETENTION_SYSTEM"" class=""accordion-collapse collapse show"" data-bs-parent=""#RETENTION_SYSTEM"">
<div class=""pb-3"">
<p class=""mb-1"">Steel micrometric</p>
<div class=""accordion-item"">
<div id=""SHELL"" class=""accordion-collapse collapse show"" data-bs-parent=""#SHELL"">
<div class=""pb-3"">
<p class=""mb-1"">Collarbone safe profile</p>
<p class=""mb-1"">2 rear extractors</p>
<p class=""mb-1"">5 front vents</p>
<p class=""mb-1"">Adjustable air vents</p>
<p class=""mb-1"">190° horizontal field of view</p>
<p class=""mb-1"">Anti-scratch</p>
<p class=""mb-1"">Integrated anti-scratch sun visor, removable without using tools</p>
<p class=""mb-1"">Micro-opening system</p>
<p class=""mb-1"">Multistep visor mechanism</p>
<p class=""mb-1"">Patented Extra Quick Release System</p>
<p class=""mb-1"">Patented visor lock system</p>
<p class=""mb-1"">Pinlock® 120XLT™ MaxVision™ Included</p>
<div class=""accordion-item"">
<div id=""WEIGHT"" class=""accordion-collapse collapse show"" data-bs-parent=""#WEIGHT"">
<div class=""pb-3"">
<p class=""mb-1"">1.450 g in first shell size</p>
<div class=""accordion"" id=""accordion-MaterialCare"">
<div class=""accordion-item"">
<div id=""MAIN_FEATURES"" class=""accordion-collapse collapse show"" data-bs-parent=""#MAIN_FEATURES"">
<div class=""pb-3"">
<p class=""mb-1"">3 shell sizes</p>
</div>
</div>
</div>
</div>
</div>
</div>
</div>
</div>
</div>
</div>
</div>
</div>
</div>
</div>
</div>
</div>
</div>
</div>
</div>","Extreme protection, in the most compact helmet in its category, for any road use.

K7 is the perfect balance between sportiness and touring, evolved to the maximum degree. Suitable for any type of riding and all road routes, this helmet offers the best features of the sporting and touring world, helping you to face any challenge on two wheels – from the most difficult turns to long adventures in the saddle.

The composite fiber shell of the K7 offers excellent protection, making it the most compact full-face road helmet in its category, ensuring indispensable lightness with a weight of only 1,450 g in the smallest shell size. Due to its three shell sizes and four EPS sizes, the K7 adapts perfectly to every rider, guaranteeing comfort in all riding situations. Subjected to the strict AGV Extreme Safety design protocol, the K7 passes by some distance all tests in the ECE22.06 standard. Furthermore, the collarbone-protection profile, designed by AGV, significantly reduces the risk of collarbone injury in the event of impact. This solution created for the track is now available to every rider on the lookout for perfection.

Conceived in a wind tunnel, the K7's design offers maximum stability at high speed, ideal for both sports and touring riding. The new visor mechanism ensures smooth and reliable activation, with a compact profile and more EPS in the temple area for greater protection. The K7 is also equipped with AGV's patented Air Diffusion Crownpad Technology ventilation system, which offers the highest level of internal air diffusion ever achieved in a helmet. Due to a combined crown pad and EPS design, this technology guarantees maximum ventilation efficiency. Every detail, from the visor to the spoiler, has been developed with the aim of optimizing the flow of air inside the crown pad to ensure superior riding comfort.

The premium interior, made of soft fabric with DrySpeed treatment that rapidly absorbs sweat, offers extreme comfort, allowing the rider to focus solely on the road. The scratch-resistant Ultravision panoramic visor, with its 190° field of vision, gives the rider a clear and wide view of the road and hazards, in every riding position. The visor, integrated sun visor and Pinlock® 120 Max Vision™ anti-fog system guarantee perfect visibility in all conditions. In addition, the K7 comes set-up for the installation of a fully integrated intercom system, for simple and safe communication.

Composite Fibre

Integrated spoiler

Cheek pads interchangeable between all sizes

Cheek pads: fresh and fluid Ritmo fabric

Crown pad: Shalimar fabric for a soft and gentle touch

DrySpeed: instant sweat absorption

Embracing neck roll profile

Fit especially designed to allow wearing glasses

Microsense: premium skin comfort

Neck roll: Ritmo fabric and synthetic leather with high abrasion resistance and water-resistant properties

Removable and washable interiors

Removable nose guard

Removable wind protector

Steel micrometric

Collarbone safe profile

2 rear extractors

5 front vents

Adjustable air vents

190° horizontal field of view

Anti-scratch

Integrated anti-scratch sun visor, removable without using tools

Micro-opening system

Multistep visor mechanism

Patented Extra Quick Release System

Patented visor lock system

Pinlock® 120XLT™ MaxVision™ Included

1.450 g in first shell size

3 shell sizes",110000,,2026-07-26,active,AGV,5000,g,Buy AGV K7 MPLK Mono Matt Black Helmet | Mile 27 Store,"Extreme protection, in the most compact helmet in its category, for any road use.",,Cleaned noise; brand verified,High,false,Helmets,High,"Mapped from Shopify Type ""Helmets""",agv-k7-mplk-mono-matt-black-helmet-1|Size:XS|price:110000.00|compare:|weight:5000|barcode:|qty:0 | agv-k7-mplk-mono-matt-black-helmet-2|Size:S|price:110000.00|compare:|weight:5000|barcode:|qty:0 | agv-k7-mplk-mono-matt-black-helmet-3|Size:M|price:110000.00|compare:|weight:5000|barcode:|qty:0 | agv-k7-mplk-mono-matt-black-helmet-4|Size:L|price:110000.00|compare:|weight:5000|barcode:|qty:0 | agv-k7-mplk-mono-matt-black-helmet-5|Size:XL|price:110000.00|compare:|weight:5000|barcode:|qty:0 | agv-k7-mplk-mono-matt-black-helmet-6|Size:XXL|price:110000.00|compare:|weight:5000|barcode:|qty:0,"agv-k7-mplk-mono-matt-black-helmet-1,agv-k7-mplk-mono-matt-black-helmet-2,agv-k7-mplk-mono-matt-black-helmet-3,agv-k7-mplk-mono-matt-black-helmet-4,agv-k7-mplk-mono-matt-black-helmet-5,agv-k7-mplk-mono-matt-black-helmet-6",6,https://cdn.shopify.com/s/files/1/0076/8301/4754/files/2118399004_001_1.webp?v=1771329567|pos:1|alt:AGV AGV K7 MPLK Mono Matt Black Helmet – front view || https://cdn.shopify.com/s/files/1/0076/8301/4754/files/2118399004_001_4.webp?v=1771329567|pos:2|alt:AGV AGV K7 MPLK Mono Matt Black Helmet – side view || https://cdn.shopify.com/s/files/1/0076/8301/4754/files/2118399004_001_3.webp?v=1771329567|pos:3|alt:AGV AGV K7 MPLK Mono Matt Black Helmet – rear view || https://cdn.shopify.com/s/files/1/0076/8301/4754/files/2118399004_001_5.webp?v=1771329567|pos:4|alt:AGV AGV K7 MPLK Mono Matt Black Helmet – detail view || https://cdn.shopify.com/s/files/1/0076/8301/4754/files/2118399004_001_2.webp?v=1771329567|pos:5|alt:AGV AGV K7 MPLK Mono Matt Black Helmet – top view || https://cdn.shopify.com/s/files/1/0076/8301/4754/files/2118399004_001_7.webp?v=1771329567|pos:6|alt:AGV AGV K7 MPLK Mono Matt Black Helmet – product view,6,AGV AGV K7 MPLK Mono Matt Black Helmet – front view | AGV AGV K7 MPLK Mono Matt Black Helmet – side view | AGV AGV K7 MPLK Mono Matt Black Helmet – rear view | AGV AGV K7 MPLK Mono Matt Black Helmet – detail view | AGV AGV K7 MPLK Mono Matt Black Helmet – top view | AGV AGV K7 MPLK Mono Matt Black Helmet – product view,,0,,,,,,,,,false,not_eligible,,0,false,/products/agv-k7-mplk-mono-matt-black-helmet,/products/agv-k7-mplk-mono-matt-black-helmet
agv-k7-mplk-mono-matt-prisma-silver-helmet,agv-k7-mplk-mono-matt-prisma-silver-helmet,AGV K7 MPLK Mono Matt Prisma Silver Helmet,AGV K7 MPLK Mono Matt Prisma Silver Helmet,agv-k7-mplk-mono-matt-prisma-silver-helmet,"Extreme protection, in the most compact helmet in its category, for any road use. Available in multiple sizes and/or colours — select your variant.","<p><span>Extreme protection, in the most compact helmet in its category, for any road use.</span><br><br><span>K7 is the </span><strong>perfect balance between sportiness and touring</strong><span>, evolved to the maximum degree. Suitable for any type of riding and all road routes, this helmet offers the best features of the sporting and touring world, helping you to face any challenge on two wheels – from the most difficult turns to long adventures in the saddle.</span><br><br><span>The </span><strong>composite fiber shell<span> </span></strong><span>of the K7 offers excellent protection, making it </span><strong>the most compact full-face road helmet<span> </span></strong><span>in its category, ensuring indispensable lightness with a weight of only 1,450 g in the smallest shell size.</span><strong><span> </span></strong><span>Due to its</span><strong><span> </span>three shell sizes and four EPS sizes</strong><span>, the K7 adapts perfectly to every rider, guaranteeing comfort in all riding situations. Subjected to the strict AGV Extreme Safety design protocol, the K7 passes by some distance all tests in the </span><strong>ECE22.06<span> </span></strong><span>standard. Furthermore, the </span><strong>collarbone-protection profile,</strong><span> designed by AGV, significantly reduces the risk of collarbone injury in the event of impact. This solution created for the track is now available to every rider on the lookout for perfection.</span><br><br><span>Conceived in a wind tunnel, the K7's design offers maximum stability at high speed, ideal for both sports and touring riding. The </span><strong>new visor mechanism</strong><span> ensures smooth and reliable activation, with a compact profile and more EPS in the temple area for greater protection. The K7 is also equipped with AGV's patented </span><strong>Air Diffusion Crownpad Technology ventilation system</strong><span>, which offers the highest level of internal air diffusion ever achieved in a helmet. Due to a combined crown pad and EPS design, this technology guarantees maximum ventilation efficiency. Every detail, from the visor to the spoiler, has been developed with the aim of optimizing the flow of air inside the crown pad to ensure superior riding comfort.</span><br><br><span>The </span><strong>premium interior</strong><span>, made of soft fabric with </span><strong>DrySpeed treatment</strong><span> that rapidly absorbs sweat, offers extreme comfort, allowing the rider to focus solely on the road. The scratch-resistant </span><strong>Ultravision panoramic visor</strong><span>, with its 190° field of vision, gives the rider a clear and wide view of the road and hazards, in every riding position. The visor, integrated sun visor and </span><strong>Pinlock® 120 Max Vision™</strong><span> anti-fog system guarantee perfect visibility in all conditions. In addition, the K7 comes set-up for the installation of a fully integrated intercom system, for simple and safe communication.</span></p>
<div class=""accordion-item"">
<div id=""productmaterial"" class=""accordion-collapse collapse show"" data-bs-parent=""#productmaterial"">
<div class=""pb-3"">
<p class=""mb-1"">Composite Fibre</p>
<div class=""accordion-item"">
<div id=""AERODYNAMICS"" class=""accordion-collapse collapse show"" data-bs-parent=""#AERODYNAMICS"">
<div class=""pb-3"">
<p class=""mb-1"">Integrated spoiler</p>
<p class=""mb-1"">Cheek pads interchangeable between all sizes</p>
<p class=""mb-1"">Cheek pads: fresh and fluid Ritmo fabric</p>
<p class=""mb-1"">Crown pad: Shalimar fabric for a soft and gentle touch</p>
<p class=""mb-1"">DrySpeed: instant sweat absorption</p>
<p class=""mb-1"">Embracing neck roll profile</p>
<p class=""mb-1"">Fit especially designed to allow wearing glasses</p>
<p class=""mb-1"">Microsense: premium skin comfort</p>
<p class=""mb-1"">Neck roll: Ritmo fabric and synthetic leather with high abrasion resistance and water-resistant properties</p>
<p class=""mb-1"">Removable and washable interiors</p>
<p class=""mb-1"">Removable nose guard</p>
<p class=""mb-1"">Removable wind protector</p>
<div class=""accordion-item"">
<div id=""RETENTION_SYSTEM"" class=""accordion-collapse collapse show"" data-bs-parent=""#RETENTION_SYSTEM"">
<div class=""pb-3"">
<p class=""mb-1"">Steel micrometric</p>
<div class=""accordion-item"">
<div id=""SHELL"" class=""accordion-collapse collapse show"" data-bs-parent=""#SHELL"">
<div class=""pb-3"">
<p class=""mb-1"">Collarbone safe profile</p>
<p class=""mb-1"">2 rear extractors</p>
<p class=""mb-1"">5 front vents</p>
<p class=""mb-1"">Adjustable air vents</p>
<p class=""mb-1"">190° horizontal field of view</p>
<p class=""mb-1"">Anti-scratch</p>
<p class=""mb-1"">Integrated anti-scratch sun visor, removable without using tools</p>
<p class=""mb-1"">Micro-opening system</p>
<p class=""mb-1"">Multistep visor mechanism</p>
<p class=""mb-1"">Patented Extra Quick Release System</p>
<p class=""mb-1"">Patented visor lock system</p>
<p class=""mb-1"">Pinlock® 120XLT™ MaxVision™ Included</p>
<div class=""accordion-item"">
<div id=""WEIGHT"" class=""accordion-collapse collapse show"" data-bs-parent=""#WEIGHT"">
<div class=""pb-3"">
<p class=""mb-1"">1.450 g in first shell size</p>
<div class=""accordion"" id=""accordion-MaterialCare"">
<div class=""accordion-item"">
<div id=""MAIN_FEATURES"" class=""accordion-collapse collapse show"" data-bs-parent=""#MAIN_FEATURES"">
<div class=""pb-3"">
<p class=""mb-1"">3 shell sizes</p>
</div>
</div>
</div>
</div>
</div>
</div>
</div>
</div>
</div>
</div>
</div>
</div>
</div>
</div>
</div>
</div>
</div>
</div>
</div>","Extreme protection, in the most compact helmet in its category, for any road use.

K7 is the perfect balance between sportiness and touring, evolved to the maximum degree. Suitable for any type of riding and all road routes, this helmet offers the best features of the sporting and touring world, helping you to face any challenge on two wheels – from the most difficult turns to long adventures in the saddle.

The composite fiber shell of the K7 offers excellent protection, making it the most compact full-face road helmet in its category, ensuring indispensable lightness with a weight of only 1,450 g in the smallest shell size. Due to its three shell sizes and four EPS sizes, the K7 adapts perfectly to every rider, guaranteeing comfort in all riding situations. Subjected to the strict AGV Extreme Safety design protocol, the K7 passes by some distance all tests in the ECE22.06 standard. Furthermore, the collarbone-protection profile, designed by AGV, significantly reduces the risk of collarbone injury in the event of impact. This solution created for the track is now available to every rider on the lookout for perfection.

Conceived in a wind tunnel, the K7's design offers maximum stability at high speed, ideal for both sports and touring riding. The new visor mechanism ensures smooth and reliable activation, with a compact profile and more EPS in the temple area for greater protection. The K7 is also equipped with AGV's patented Air Diffusion Crownpad Technology ventilation system, which offers the highest level of internal air diffusion ever achieved in a helmet. Due to a combined crown pad and EPS design, this technology guarantees maximum ventilation efficiency. Every detail, from the visor to the spoiler, has been developed with the aim of optimizing the flow of air inside the crown pad to ensure superior riding comfort.

The premium interior, made of soft fabric with DrySpeed treatment that rapidly absorbs sweat, offers extreme comfort, allowing the rider to focus solely on the road. The scratch-resistant Ultravision panoramic visor, with its 190° field of vision, gives the rider a clear and wide view of the road and hazards, in every riding position. The visor, integrated sun visor and Pinlock® 120 Max Vision™ anti-fog system guarantee perfect visibility in all conditions. In addition, the K7 comes set-up for the installation of a fully integrated intercom system, for simple and safe communication.

Composite Fibre

Integrated spoiler

Cheek pads interchangeable between all sizes

Cheek pads: fresh and fluid Ritmo fabric

Crown pad: Shalimar fabric for a soft and gentle touch

DrySpeed: instant sweat absorption

Embracing neck roll profile

Fit especially designed to allow wearing glasses

Microsense: premium skin comfort

Neck roll: Ritmo fabric and synthetic leather with high abrasion resistance and water-resistant properties

Removable and washable interiors

Removable nose guard

Removable wind protector

Steel micrometric

Collarbone safe profile

2 rear extractors

5 front vents

Adjustable air vents

190° horizontal field of view

Anti-scratch

Integrated anti-scratch sun visor, removable without using tools

Micro-opening system

Multistep visor mechanism

Patented Extra Quick Release System

Patented visor lock system

Pinlock® 120XLT™ MaxVision™ Included

1.450 g in first shell size

3 shell sizes",110000,,2026-07-26,active,AGV,5000,g,Buy AGV K7 MPLK Mono Matt Prisma Silver Helmet | Mile 27 Store,"Extreme protection, in the most compact helmet in its category, for any road use.",,Cleaned noise; brand verified,High,false,Helmets,High,"Mapped from Shopify Type ""Helmets""",agv-k7-mplk-mono-matt-prisma-silver-helmet-1|Size:XS|price:110000.00|compare:|weight:5000|barcode:|qty:0 | agv-k7-mplk-mono-matt-prisma-silver-helmet-2|Size:S|price:110000.00|compare:|weight:5000|barcode:|qty:0 | agv-k7-mplk-mono-matt-prisma-silver-helmet-3|Size:M|price:110000.00|compare:|weight:5000|barcode:|qty:0 | agv-k7-mplk-mono-matt-prisma-silver-helmet-4|Size:L|price:110000.00|compare:|weight:5000|barcode:|qty:0 | agv-k7-mplk-mono-matt-prisma-silver-helmet-5|Size:XL|price:110000.00|compare:|weight:5000|barcode:|qty:0 | agv-k7-mplk-mono-matt-prisma-silver-helmet-6|Size:XXL|price:110000.00|compare:|weight:5000|barcode:|qty:0,"agv-k7-mplk-mono-matt-prisma-silver-helmet-1,agv-k7-mplk-mono-matt-prisma-silver-helmet-2,agv-k7-mplk-mono-matt-prisma-silver-helmet-3,agv-k7-mplk-mono-matt-prisma-silver-helmet-4,agv-k7-mplk-mono-matt-prisma-silver-helmet-5,agv-k7-mplk-mono-matt-prisma-silver-helmet-6",6,https://cdn.shopify.com/s/files/1/0076/8301/4754/files/2118399004_003_1.webp?v=1771329315|pos:1|alt:AGV AGV K7 MPLK Mono Matt Prisma Silver Helmet – front view || https://cdn.shopify.com/s/files/1/0076/8301/4754/files/2118399004_003_4.webp?v=1771329315|pos:2|alt:AGV AGV K7 MPLK Mono Matt Prisma Silver Helmet – side view || https://cdn.shopify.com/s/files/1/0076/8301/4754/files/2118399004_003_3.webp?v=1771329315|pos:3|alt:AGV AGV K7 MPLK Mono Matt Prisma Silver Helmet – rear view || https://cdn.shopify.com/s/files/1/0076/8301/4754/files/2118399004_003_5.webp?v=1771329315|pos:4|alt:AGV AGV K7 MPLK Mono Matt Prisma Silver Helmet – detail view || https://cdn.shopify.com/s/files/1/0076/8301/4754/files/2118399004_003_2.webp?v=1771329315|pos:5|alt:AGV AGV K7 MPLK Mono Matt Prisma Silver Helmet – top view || https://cdn.shopify.com/s/files/1/0076/8301/4754/files/2118399004_003_7.webp?v=1771329315|pos:6|alt:AGV AGV K7 MPLK Mono Matt Prisma Silver Helmet – product view,6,AGV AGV K7 MPLK Mono Matt Prisma Silver Helmet – front view | AGV AGV K7 MPLK Mono Matt Prisma Silver Helmet – side view | AGV AGV K7 MPLK Mono Matt Prisma Silver Helmet – rear view | AGV AGV K7 MPLK Mono Matt Prisma Silver Helmet – detail view | AGV AGV K7 MPLK Mono Matt Prisma Silver Helmet – top view | AGV AGV K7 MPLK Mono Matt Prisma Silver Helmet – product view,,0,,,,,,,,,false,not_eligible,,0,false,/products/agv-k7-mplk-mono-matt-prisma-silver-helmet,/products/agv-k7-mplk-mono-matt-prisma-silver-helmet
agv-k7-mplk-kyber-matt-black-red-helmet,agv-k7-mplk-kyber-matt-black-red-helmet,AGV K7 MPLK Kyber Matt Black/Red Helmet,AGV K7 MPLK Kyber Matt Black/Red Helmet,agv-k7-mplk-kyber-matt-black-red-helmet,"Extreme protection, in the most compact helmet in its category, for any road use. Available in multiple sizes and/or colours — select your variant.","<p><span>Extreme protection, in the most compact helmet in its category, for any road use.</span><br><br><span>K7 is the </span><strong>perfect balance between sportiness and touring</strong><span>, evolved to the maximum degree. Suitable for any type of riding and all road routes, this helmet offers the best features of the sporting and touring world, helping you to face any challenge on two wheels – from the most difficult turns to long adventures in the saddle.</span><br><br><span>The </span><strong>composite fiber shell<span> </span></strong><span>of the K7 offers excellent protection, making it </span><strong>the most compact full-face road helmet<span> </span></strong><span>in its category, ensuring indispensable lightness with a weight of only 1,450 g in the smallest shell size.</span><strong><span> </span></strong><span>Due to its</span><strong><span> </span>three shell sizes and four EPS sizes</strong><span>, the K7 adapts perfectly to every rider, guaranteeing comfort in all riding situations. Subjected to the strict AGV Extreme Safety design protocol, the K7 passes by some distance all tests in the </span><strong>ECE22.06<span> </span></strong><span>standard. Furthermore, the </span><strong>collarbone-protection profile,</strong><span> designed by AGV, significantly reduces the risk of collarbone injury in the event of impact. This solution created for the track is now available to every rider on the lookout for perfection.</span><br><br><span>Conceived in a wind tunnel, the K7's design offers maximum stability at high speed, ideal for both sports and touring riding. The </span><strong>new visor mechanism</strong><span> ensures smooth and reliable activation, with a compact profile and more EPS in the temple area for greater protection. The K7 is also equipped with AGV's patented </span><strong>Air Diffusion Crownpad Technology ventilation system</strong><span>, which offers the highest level of internal air diffusion ever achieved in a helmet. Due to a combined crown pad and EPS design, this technology guarantees maximum ventilation efficiency. Every detail, from the visor to the spoiler, has been developed with the aim of optimizing the flow of air inside the crown pad to ensure superior riding comfort.</span><br><br><span>The </span><strong>premium interior</strong><span>, made of soft fabric with </span><strong>DrySpeed treatment</strong><span> that rapidly absorbs sweat, offers extreme comfort, allowing the rider to focus solely on the road. The scratch-resistant </span><strong>Ultravision panoramic visor</strong><span>, with its 190° field of vision, gives the rider a clear and wide view of the road and hazards, in every riding position. The visor, integrated sun visor and </span><strong>Pinlock® 120 Max Vision™</strong><span> anti-fog system guarantee perfect visibility in all conditions. In addition, the K7 comes set-up for the installation of a fully integrated intercom system, for simple and safe communication.</span></p>
<div class=""accordion-item"">
<div id=""productmaterial"" class=""accordion-collapse collapse show"" data-bs-parent=""#productmaterial"">
<div class=""pb-3"">
<p class=""mb-1"">Composite Fibre</p>
<div class=""accordion-item"">
<div id=""AERODYNAMICS"" class=""accordion-collapse collapse show"" data-bs-parent=""#AERODYNAMICS"">
<div class=""pb-3"">
<p class=""mb-1"">Integrated spoiler</p>
<p class=""mb-1"">Cheek pads interchangeable between all sizes</p>
<p class=""mb-1"">Cheek pads: fresh and fluid Ritmo fabric</p>
<p class=""mb-1"">Crown pad: Shalimar fabric for a soft and gentle touch</p>
<p class=""mb-1"">DrySpeed: instant sweat absorption</p>
<p class=""mb-1"">Embracing neck roll profile</p>
<p class=""mb-1"">Fit especially designed to allow wearing glasses</p>
<p class=""mb-1"">Microsense: premium skin comfort</p>
<p class=""mb-1"">Neck roll: Ritmo fabric and synthetic leather with high abrasion resistance and water-resistant properties</p>
<p class=""mb-1"">Removable and washable interiors</p>
<p class=""mb-1"">Removable nose guard</p>
<p class=""mb-1"">Removable wind protector</p>
<div class=""accordion-item"">
<div id=""RETENTION_SYSTEM"" class=""accordion-collapse collapse show"" data-bs-parent=""#RETENTION_SYSTEM"">
<div class=""pb-3"">
<p class=""mb-1"">Steel micrometric</p>
<div class=""accordion-item"">
<div id=""SHELL"" class=""accordion-collapse collapse show"" data-bs-parent=""#SHELL"">
<div class=""pb-3"">
<p class=""mb-1"">Collarbone safe profile</p>
<p class=""mb-1"">2 rear extractors</p>
<p class=""mb-1"">5 front vents</p>
<p class=""mb-1"">Adjustable air vents</p>
<p class=""mb-1"">190° horizontal field of view</p>
<p class=""mb-1"">Anti-scratch</p>
<p class=""mb-1"">Integrated anti-scratch sun visor, removable without using tools</p>
<p class=""mb-1"">Micro-opening system</p>
<p class=""mb-1"">Multistep visor mechanism</p>
<p class=""mb-1"">Patented Extra Quick Release System</p>
<p class=""mb-1"">Patented visor lock system</p>
<p class=""mb-1"">Pinlock® 120XLT™ MaxVision™ Included</p>
<div class=""accordion-item"">
<div id=""WEIGHT"" class=""accordion-collapse collapse show"" data-bs-parent=""#WEIGHT"">
<div class=""pb-3"">
<p class=""mb-1"">1.450 g in first shell size</p>
<div class=""accordion"" id=""accordion-MaterialCare"">
<div class=""accordion-item"">
<div id=""MAIN_FEATURES"" class=""accordion-collapse collapse show"" data-bs-parent=""#MAIN_FEATURES"">
<div class=""pb-3"">
<p class=""mb-1"">3 shell sizes</p>
</div>
</div>
</div>
</div>
</div>
</div>
</div>
</div>
</div>
</div>
</div>
</div>
</div>
</div>
</div>
</div>
</div>
</div>
</div>","Extreme protection, in the most compact helmet in its category, for any road use.

K7 is the perfect balance between sportiness and touring, evolved to the maximum degree. Suitable for any type of riding and all road routes, this helmet offers the best features of the sporting and touring world, helping you to face any challenge on two wheels – from the most difficult turns to long adventures in the saddle.

The composite fiber shell of the K7 offers excellent protection, making it the most compact full-face road helmet in its category, ensuring indispensable lightness with a weight of only 1,450 g in the smallest shell size. Due to its three shell sizes and four EPS sizes, the K7 adapts perfectly to every rider, guaranteeing comfort in all riding situations. Subjected to the strict AGV Extreme Safety design protocol, the K7 passes by some distance all tests in the ECE22.06 standard. Furthermore, the collarbone-protection profile, designed by AGV, significantly reduces the risk of collarbone injury in the event of impact. This solution created for the track is now available to every rider on the lookout for perfection.

Conceived in a wind tunnel, the K7's design offers maximum stability at high speed, ideal for both sports and touring riding. The new visor mechanism ensures smooth and reliable activation, with a compact profile and more EPS in the temple area for greater protection. The K7 is also equipped with AGV's patented Air Diffusion Crownpad Technology ventilation system, which offers the highest level of internal air diffusion ever achieved in a helmet. Due to a combined crown pad and EPS design, this technology guarantees maximum ventilation efficiency. Every detail, from the visor to the spoiler, has been developed with the aim of optimizing the flow of air inside the crown pad to ensure superior riding comfort.

The premium interior, made of soft fabric with DrySpeed treatment that rapidly absorbs sweat, offers extreme comfort, allowing the rider to focus solely on the road. The scratch-resistant Ultravision panoramic visor, with its 190° field of vision, gives the rider a clear and wide view of the road and hazards, in every riding position. The visor, integrated sun visor and Pinlock® 120 Max Vision™ anti-fog system guarantee perfect visibility in all conditions. In addition, the K7 comes set-up for the installation of a fully integrated intercom system, for simple and safe communication.

Composite Fibre

Integrated spoiler

Cheek pads interchangeable between all sizes

Cheek pads: fresh and fluid Ritmo fabric

Crown pad: Shalimar fabric for a soft and gentle touch

DrySpeed: instant sweat absorption

Embracing neck roll profile

Fit especially designed to allow wearing glasses

Microsense: premium skin comfort

Neck roll: Ritmo fabric and synthetic leather with high abrasion resistance and water-resistant properties

Removable and washable interiors

Removable nose guard

Removable wind protector

Steel micrometric

Collarbone safe profile

2 rear extractors

5 front vents

Adjustable air vents

190° horizontal field of view

Anti-scratch

Integrated anti-scratch sun visor, removable without using tools

Micro-opening system

Multistep visor mechanism

Patented Extra Quick Release System

Patented visor lock system

Pinlock® 120XLT™ MaxVision™ Included

1.450 g in first shell size

3 shell sizes",120000,,2026-07-26,active,AGV,5000,g,Buy AGV K7 MPLK Kyber Matt Black/Red Helmet | Mile 27 Store,"Extreme protection, in the most compact helmet in its category, for any road use.",,Cleaned noise; brand verified,High,false,Helmets,High,"Mapped from Shopify Type ""Helmets""",agv-k7-mplk-kyber-matt-black-red-helmet-1|Size:XS|price:120000.00|compare:|weight:5000|barcode:|qty:0 | agv-k7-mplk-kyber-matt-black-red-helmet-2|Size:S|price:120000.00|compare:|weight:5000|barcode:|qty:0 | agv-k7-mplk-kyber-matt-black-red-helmet-3|Size:M|price:120000.00|compare:|weight:5000|barcode:|qty:0 | agv-k7-mplk-kyber-matt-black-red-helmet-4|Size:L|price:120000.00|compare:|weight:5000|barcode:|qty:0 | agv-k7-mplk-kyber-matt-black-red-helmet-5|Size:XL|price:120000.00|compare:|weight:5000|barcode:|qty:0 | agv-k7-mplk-kyber-matt-black-red-helmet-6|Size:XXL|price:120000.00|compare:|weight:5000|barcode:|qty:0,"agv-k7-mplk-kyber-matt-black-red-helmet-1,agv-k7-mplk-kyber-matt-black-red-helmet-2,agv-k7-mplk-kyber-matt-black-red-helmet-3,agv-k7-mplk-kyber-matt-black-red-helmet-4,agv-k7-mplk-kyber-matt-black-red-helmet-5,agv-k7-mplk-kyber-matt-black-red-helmet-6",6,https://cdn.shopify.com/s/files/1/0076/8301/4754/files/2118399004_008_1.webp?v=1771325893|pos:1|alt:AGV AGV K7 MPLK Kyber Matt Black/Red Helmet – front view || https://cdn.shopify.com/s/files/1/0076/8301/4754/files/2118399004_008_4.webp?v=1771325893|pos:2|alt:AGV AGV K7 MPLK Kyber Matt Black/Red Helmet – side view || https://cdn.shopify.com/s/files/1/0076/8301/4754/files/2118399004_008_3.webp?v=1771325893|pos:3|alt:AGV AGV K7 MPLK Kyber Matt Black/Red Helmet – rear view || https://cdn.shopify.com/s/files/1/0076/8301/4754/files/2118399004_008_5.webp?v=1771325893|pos:4|alt:AGV AGV K7 MPLK Kyber Matt Black/Red Helmet – detail view || https://cdn.shopify.com/s/files/1/0076/8301/4754/files/2118399004_008_2.webp?v=1771325893|pos:5|alt:AGV AGV K7 MPLK Kyber Matt Black/Red Helmet – top view || https://cdn.shopify.com/s/files/1/0076/8301/4754/files/2118399004_008_7.webp?v=1771325893|pos:6|alt:AGV AGV K7 MPLK Kyber Matt Black/Red Helmet – product view,6,AGV AGV K7 MPLK Kyber Matt Black/Red Helmet – front view | AGV AGV K7 MPLK Kyber Matt Black/Red Helmet – side view | AGV AGV K7 MPLK Kyber Matt Black/Red Helmet – rear view | AGV AGV K7 MPLK Kyber Matt Black/Red Helmet – detail view | AGV AGV K7 MPLK Kyber Matt Black/Red Helmet – top view | AGV AGV K7 MPLK Kyber Matt Black/Red Helmet – product view,,0,,,,,,,,,false,not_eligible,,0,false,/products/agv-k7-mplk-kyber-matt-black-red-helmet,/products/agv-k7-mplk-kyber-matt-black-red-helmet
agv-k7-mplk-taurax-black-red-helmet,agv-k7-mplk-taurax-black-red-helmet,AGV K7 MPLK Taurax Black/Red Helmet,AGV K7 MPLK Taurax Black/Red Helmet,agv-k7-mplk-taurax-black-red-helmet,"Extreme protection, in the most compact helmet in its category, for any road use. Available in multiple sizes and/or colours — select your variant.","<p><span>Extreme protection, in the most compact helmet in its category, for any road use.</span><br><br><span>K7 is the </span><strong>perfect balance between sportiness and touring</strong><span>, evolved to the maximum degree. Suitable for any type of riding and all road routes, this helmet offers the best features of the sporting and touring world, helping you to face any challenge on two wheels – from the most difficult turns to long adventures in the saddle.</span><br><br><span>The </span><strong>composite fiber shell<span> </span></strong><span>of the K7 offers excellent protection, making it </span><strong>the most compact full-face road helmet<span> </span></strong><span>in its category, ensuring indispensable lightness with a weight of only 1,450 g in the smallest shell size.</span><strong><span> </span></strong><span>Due to its</span><strong><span> </span>three shell sizes and four EPS sizes</strong><span>, the K7 adapts perfectly to every rider, guaranteeing comfort in all riding situations. Subjected to the strict AGV Extreme Safety design protocol, the K7 passes by some distance all tests in the </span><strong>ECE22.06<span> </span></strong><span>standard. Furthermore, the </span><strong>collarbone-protection profile,</strong><span> designed by AGV, significantly reduces the risk of collarbone injury in the event of impact. This solution created for the track is now available to every rider on the lookout for perfection.</span><br><br><span>Conceived in a wind tunnel, the K7's design offers maximum stability at high speed, ideal for both sports and touring riding. The </span><strong>new visor mechanism</strong><span> ensures smooth and reliable activation, with a compact profile and more EPS in the temple area for greater protection. The K7 is also equipped with AGV's patented </span><strong>Air Diffusion Crownpad Technology ventilation system</strong><span>, which offers the highest level of internal air diffusion ever achieved in a helmet. Due to a combined crown pad and EPS design, this technology guarantees maximum ventilation efficiency. Every detail, from the visor to the spoiler, has been developed with the aim of optimizing the flow of air inside the crown pad to ensure superior riding comfort.</span><br><br><span>The </span><strong>premium interior</strong><span>, made of soft fabric with </span><strong>DrySpeed treatment</strong><span> that rapidly absorbs sweat, offers extreme comfort, allowing the rider to focus solely on the road. The scratch-resistant </span><strong>Ultravision panoramic visor</strong><span>, with its 190° field of vision, gives the rider a clear and wide view of the road and hazards, in every riding position. The visor, integrated sun visor and </span><strong>Pinlock® 120 Max Vision™</strong><span> anti-fog system guarantee perfect visibility in all conditions. In addition, the K7 comes set-up for the installation of a fully integrated intercom system, for simple and safe communication.</span></p>
<div class=""accordion-item"">
<div id=""productmaterial"" class=""accordion-collapse collapse show"" data-bs-parent=""#productmaterial"">
<div class=""pb-3"">
<p class=""mb-1"">Composite Fibre</p>
<div class=""accordion-item"">
<div id=""AERODYNAMICS"" class=""accordion-collapse collapse show"" data-bs-parent=""#AERODYNAMICS"">
<div class=""pb-3"">
<p class=""mb-1"">Integrated spoiler</p>
<p class=""mb-1"">Cheek pads interchangeable between all sizes</p>
<p class=""mb-1"">Cheek pads: fresh and fluid Ritmo fabric</p>
<p class=""mb-1"">Crown pad: Shalimar fabric for a soft and gentle touch</p>
<p class=""mb-1"">DrySpeed: instant sweat absorption</p>
<p class=""mb-1"">Embracing neck roll profile</p>
<p class=""mb-1"">Fit especially designed to allow wearing glasses</p>
<p class=""mb-1"">Microsense: premium skin comfort</p>
<p class=""mb-1"">Neck roll: Ritmo fabric and synthetic leather with high abrasion resistance and water-resistant properties</p>
<p class=""mb-1"">Removable and washable interiors</p>
<p class=""mb-1"">Removable nose guard</p>
<p class=""mb-1"">Removable wind protector</p>
<div class=""accordion-item"">
<div id=""RETENTION_SYSTEM"" class=""accordion-collapse collapse show"" data-bs-parent=""#RETENTION_SYSTEM"">
<div class=""pb-3"">
<p class=""mb-1"">Steel micrometric</p>
<div class=""accordion-item"">
<div id=""SHELL"" class=""accordion-collapse collapse show"" data-bs-parent=""#SHELL"">
<div class=""pb-3"">
<p class=""mb-1"">Collarbone safe profile</p>
<p class=""mb-1"">2 rear extractors</p>
<p class=""mb-1"">5 front vents</p>
<p class=""mb-1"">Adjustable air vents</p>
<p class=""mb-1"">190° horizontal field of view</p>
<p class=""mb-1"">Anti-scratch</p>
<p class=""mb-1"">Integrated anti-scratch sun visor, removable without using tools</p>
<p class=""mb-1"">Micro-opening system</p>
<p class=""mb-1"">Multistep visor mechanism</p>
<p class=""mb-1"">Patented Extra Quick Release System</p>
<p class=""mb-1"">Patented visor lock system</p>
<p class=""mb-1"">Pinlock® 120XLT™ MaxVision™ Included</p>
<div class=""accordion-item"">
<div id=""WEIGHT"" class=""accordion-collapse collapse show"" data-bs-parent=""#WEIGHT"">
<div class=""pb-3"">
<p class=""mb-1"">1.450 g in first shell size</p>
<div class=""accordion"" id=""accordion-MaterialCare"">
<div class=""accordion-item"">
<div id=""MAIN_FEATURES"" class=""accordion-collapse collapse show"" data-bs-parent=""#MAIN_FEATURES"">
<div class=""pb-3"">
<p class=""mb-1"">3 shell sizes</p>
</div>
</div>
</div>
</div>
</div>
</div>
</div>
</div>
</div>
</div>
</div>
</div>
</div>
</div>
</div>
</div>
</div>
</div>
</div>","Extreme protection, in the most compact helmet in its category, for any road use.

K7 is the perfect balance between sportiness and touring, evolved to the maximum degree. Suitable for any type of riding and all road routes, this helmet offers the best features of the sporting and touring world, helping you to face any challenge on two wheels – from the most difficult turns to long adventures in the saddle.

The composite fiber shell of the K7 offers excellent protection, making it the most compact full-face road helmet in its category, ensuring indispensable lightness with a weight of only 1,450 g in the smallest shell size. Due to its three shell sizes and four EPS sizes, the K7 adapts perfectly to every rider, guaranteeing comfort in all riding situations. Subjected to the strict AGV Extreme Safety design protocol, the K7 passes by some distance all tests in the ECE22.06 standard. Furthermore, the collarbone-protection profile, designed by AGV, significantly reduces the risk of collarbone injury in the event of impact. This solution created for the track is now available to every rider on the lookout for perfection.

Conceived in a wind tunnel, the K7's design offers maximum stability at high speed, ideal for both sports and touring riding. The new visor mechanism ensures smooth and reliable activation, with a compact profile and more EPS in the temple area for greater protection. The K7 is also equipped with AGV's patented Air Diffusion Crownpad Technology ventilation system, which offers the highest level of internal air diffusion ever achieved in a helmet. Due to a combined crown pad and EPS design, this technology guarantees maximum ventilation efficiency. Every detail, from the visor to the spoiler, has been developed with the aim of optimizing the flow of air inside the crown pad to ensure superior riding comfort.

The premium interior, made of soft fabric with DrySpeed treatment that rapidly absorbs sweat, offers extreme comfort, allowing the rider to focus solely on the road. The scratch-resistant Ultravision panoramic visor, with its 190° field of vision, gives the rider a clear and wide view of the road and hazards, in every riding position. The visor, integrated sun visor and Pinlock® 120 Max Vision™ anti-fog system guarantee perfect visibility in all conditions. In addition, the K7 comes set-up for the installation of a fully integrated intercom system, for simple and safe communication.

Composite Fibre

Integrated spoiler

Cheek pads interchangeable between all sizes

Cheek pads: fresh and fluid Ritmo fabric

Crown pad: Shalimar fabric for a soft and gentle touch

DrySpeed: instant sweat absorption

Embracing neck roll profile

Fit especially designed to allow wearing glasses

Microsense: premium skin comfort

Neck roll: Ritmo fabric and synthetic leather with high abrasion resistance and water-resistant properties

Removable and washable interiors

Removable nose guard

Removable wind protector

Steel micrometric

Collarbone safe profile

2 rear extractors

5 front vents

Adjustable air vents

190° horizontal field of view

Anti-scratch

Integrated anti-scratch sun visor, removable without using tools

Micro-opening system

Multistep visor mechanism

Patented Extra Quick Release System

Patented visor lock system

Pinlock® 120XLT™ MaxVision™ Included

1.450 g in first shell size

3 shell sizes",120000,,2026-07-26,active,AGV,5000,g,Buy AGV K7 MPLK Taurax Black/Red Helmet | Mile 27 Store,"Extreme protection, in the most compact helmet in its category, for any road use.",,Cleaned noise; brand verified,High,false,Helmets,High,"Mapped from Shopify Type ""Helmets""",agv-k7-mplk-taurax-black-red-helmet-1|Size:XS|price:120000.00|compare:|weight:5000|barcode:|qty:0 | agv-k7-mplk-taurax-black-red-helmet-2|Size:S|price:120000.00|compare:|weight:5000|barcode:|qty:0 | agv-k7-mplk-taurax-black-red-helmet-3|Size:M|price:120000.00|compare:|weight:5000|barcode:|qty:0 | agv-k7-mplk-taurax-black-red-helmet-4|Size:L|price:120000.00|compare:|weight:5000|barcode:|qty:0 | agv-k7-mplk-taurax-black-red-helmet-5|Size:XL|price:120000.00|compare:|weight:5000|barcode:|qty:0 | agv-k7-mplk-taurax-black-red-helmet-6|Size:XXL|price:120000.00|compare:|weight:5000|barcode:|qty:0,"agv-k7-mplk-taurax-black-red-helmet-1,agv-k7-mplk-taurax-black-red-helmet-2,agv-k7-mplk-taurax-black-red-helmet-3,agv-k7-mplk-taurax-black-red-helmet-4,agv-k7-mplk-taurax-black-red-helmet-5,agv-k7-mplk-taurax-black-red-helmet-6",6,https://cdn.shopify.com/s/files/1/0076/8301/4754/files/2118399004_009_1.webp?v=1771325537|pos:1|alt:AGV AGV K7 MPLK Taurax Black/Red Helmet – front view || https://cdn.shopify.com/s/files/1/0076/8301/4754/files/2118399004_009_4.webp?v=1771325537|pos:2|alt:AGV AGV K7 MPLK Taurax Black/Red Helmet – side view || https://cdn.shopify.com/s/files/1/0076/8301/4754/files/2118399004_009_3.webp?v=1771325537|pos:3|alt:AGV AGV K7 MPLK Taurax Black/Red Helmet – rear view || https://cdn.shopify.com/s/files/1/0076/8301/4754/files/2118399004_009_5.webp?v=1771325537|pos:4|alt:AGV AGV K7 MPLK Taurax Black/Red Helmet – detail view || https://cdn.shopify.com/s/files/1/0076/8301/4754/files/2118399004_009_2.webp?v=1771325537|pos:5|alt:AGV AGV K7 MPLK Taurax Black/Red Helmet – top view || https://cdn.shopify.com/s/files/1/0076/8301/4754/files/2118399004_009_7.webp?v=1771325537|pos:6|alt:AGV AGV K7 MPLK Taurax Black/Red Helmet – product view,6,AGV AGV K7 MPLK Taurax Black/Red Helmet – front view | AGV AGV K7 MPLK Taurax Black/Red Helmet – side view | AGV AGV K7 MPLK Taurax Black/Red Helmet – rear view | AGV AGV K7 MPLK Taurax Black/Red Helmet – detail view | AGV AGV K7 MPLK Taurax Black/Red Helmet – top view | AGV AGV K7 MPLK Taurax Black/Red Helmet – product view,,0,,,,,,,,,false,not_eligible,,0,false,/products/agv-k7-mplk-taurax-black-red-helmet,/products/agv-k7-mplk-taurax-black-red-helmet
agv-k1-s-tropicrush-black-orange-helmet,agv-k1-s-tropicrush-black-orange-helmet,AGV K1 S Tropicrush Black/Orange Helmet,AGV K1 S Tropicrush Black/Orange Helmet,agv-k1-s-tropicrush-black-orange-helmet,"Racing spirit, for overcoming everyday challenges. Available in multiple sizes and/or colours — select your variant.","<p><b>Racing spirit, for overcoming everyday challenges.</b><span></span><br><br><span>K1 S is the road helmet that comes out of AGV’s experience in MotoGP™, suitable for a range of uses on any route.</span><br><br><span>The aerodynamic shape of its shell made of </span><b>high-resistance thermoplastic material,</b><span> the </span><b>front air vents</b><span> developed through racing experience and the new </span><b>Aero Spoiler</b><span> designed in the wind tunnel maximize performance and </span><b>provide stability even at high speeds</b><span> in sports riding.</span><br><br><span>The </span><b>Ultravision scratch-resistant panoramic visor</b><span> offers a wider lateral and vertical view, for total control of the surrounding environment. Uncompromising comfort, due to the </span><b>soft, removable and washable Dry-Comfort interior</b><span>.</span><br><br><span>The </span><b>AGV Extreme Safety</b><span> construction protocol means that K1 S meets the requirements of the stringent </span><b>ECE22.06 standard</b><span> and then some.</span><br><br><span>AGV K1 S is prepared for the installation of communication systems.</span></p>
<p><span>Thermoplastic</span></p>
<div class=""accordion-item"">
<div id=""AERODYNAMICS"" class=""accordion-collapse collapse show"" data-bs-parent=""#AERODYNAMICS"">
<div class=""pb-3"">
<p class=""mb-1"">Integrated spoiler</p>
<p class=""mb-1"">Dry-Comfort fabric</p>
<p class=""mb-1"">Fit especially designed to allow wearing glasses</p>
<p class=""mb-1"">Ready for generic communication system</p>
<p class=""mb-1"">Removable and washable interiors</p>
<p class=""mb-1"">Removable nose guard</p>
<p class=""mb-1"">Removable wind protector</p>
<div class=""accordion-item"">
<div id=""RETENTION_SYSTEM"" class=""accordion-collapse collapse show"" data-bs-parent=""#RETENTION_SYSTEM"">
<div class=""pb-3"">
<p class=""mb-1"">Double D</p>
<p class=""mb-1"">2 shell sizes</p>
<p class=""mb-1"">4-density EPS developed in 4 sizes</p>
<p class=""mb-1"">Collarbone safe profile</p>
<p class=""mb-1"">High Resistance Thermoplastic</p>
<p class=""mb-1"">2 rear extractors</p>
<p class=""mb-1"">5 front vents</p>
<p class=""mb-1"">Adjustable air vents</p>
<p class=""mb-1"">190° horizontal field of view</p>
<p class=""mb-1"">Anti-scratch</p>
<p class=""mb-1"">Micro-opening system</p>
<p class=""mb-1"">Multistep visor mechanism</p>
<p class=""mb-1"">Patented Extra Quick Release System</p>
<p class=""mb-1"">Pinlock® 70 MaxVision™ Prepared</p>
<div class=""accordion"" id=""accordion-MaterialCare"">
<div class=""accordion-item"">
<div id=""WEIGHT"" class=""accordion-collapse collapse show"" data-bs-parent=""#WEIGHT"">
<div class=""pb-3"">
<p class=""mb-1"">1.580 g in first shell size</p>
</div>
</div>
</div>
</div>
</div>
</div>
</div>
</div>
</div>
</div>","Racing spirit, for overcoming everyday challenges.

K1 S is the road helmet that comes out of AGV’s experience in MotoGP™, suitable for a range of uses on any route.

The aerodynamic shape of its shell made of high-resistance thermoplastic material, the front air vents developed through racing experience and the new Aero Spoiler designed in the wind tunnel maximize performance and provide stability even at high speeds in sports riding.

The Ultravision scratch-resistant panoramic visor offers a wider lateral and vertical view, for total control of the surrounding environment. Uncompromising comfort, due to the soft, removable and washable Dry-Comfort interior.

The AGV Extreme Safety construction protocol means that K1 S meets the requirements of the stringent ECE22.06 standard and then some.

AGV K1 S is prepared for the installation of communication systems.

Thermoplastic

Integrated spoiler

Dry-Comfort fabric

Fit especially designed to allow wearing glasses

Ready for generic communication system

Removable and washable interiors

Removable nose guard

Removable wind protector

Double D

2 shell sizes

4-density EPS developed in 4 sizes

Collarbone safe profile

High Resistance Thermoplastic

2 rear extractors

5 front vents

Adjustable air vents

190° horizontal field of view

Anti-scratch

Micro-opening system

Multistep visor mechanism

Patented Extra Quick Release System

Pinlock® 70 MaxVision™ Prepared

1.580 g in first shell size",46000,,2026-07-26,active,AGV,5000,g,Buy AGV K1 S Tropicrush Black/Orange Helmet | Mile 27 Store,"Racing spirit, for overcoming everyday challenges.",,Cleaned noise; brand verified,High,false,Helmets,High,"Mapped from Shopify Type ""Helmets""",agv-k1-s-tropicrush-black-orange-helmet-1|Size:XS|price:46000.00|compare:|weight:5000|barcode:|qty:0 | agv-k1-s-tropicrush-black-orange-helmet-2|Size:S|price:46000.00|compare:|weight:5000|barcode:|qty:0 | agv-k1-s-tropicrush-black-orange-helmet-3|Size:M|price:46000.00|compare:|weight:5000|barcode:|qty:0 | agv-k1-s-tropicrush-black-orange-helmet-4|Size:L|price:46000.00|compare:|weight:5000|barcode:|qty:0 | agv-k1-s-tropicrush-black-orange-helmet-5|Size:XL|price:46000.00|compare:|weight:5000|barcode:|qty:0 | agv-k1-s-tropicrush-black-orange-helmet-6|Size:XXL|price:46000.00|compare:|weight:5000|barcode:|qty:0,"agv-k1-s-tropicrush-black-orange-helmet-1,agv-k1-s-tropicrush-black-orange-helmet-2,agv-k1-s-tropicrush-black-orange-helmet-3,agv-k1-s-tropicrush-black-orange-helmet-4,agv-k1-s-tropicrush-black-orange-helmet-5,agv-k1-s-tropicrush-black-orange-helmet-6",6,https://cdn.shopify.com/s/files/1/0076/8301/4754/files/2118394018_070_1.webp?v=1771323942|pos:1|alt:AGV AGV K1 S Tropicrush Black/Orange Helmet – front view || https://cdn.shopify.com/s/files/1/0076/8301/4754/files/2118394018_070_4.webp?v=1771323942|pos:2|alt:AGV AGV K1 S Tropicrush Black/Orange Helmet – side view || https://cdn.shopify.com/s/files/1/0076/8301/4754/files/2118394018_070_3.webp?v=1771323942|pos:3|alt:AGV AGV K1 S Tropicrush Black/Orange Helmet – rear view || https://cdn.shopify.com/s/files/1/0076/8301/4754/files/2118394018_070_5.webp?v=1771323942|pos:4|alt:AGV AGV K1 S Tropicrush Black/Orange Helmet – detail view || https://cdn.shopify.com/s/files/1/0076/8301/4754/files/2118394018_070_2.webp?v=1771323942|pos:5|alt:AGV AGV K1 S Tropicrush Black/Orange Helmet – top view || https://cdn.shopify.com/s/files/1/0076/8301/4754/files/2118394018_070_7.webp?v=1771323942|pos:6|alt:AGV AGV K1 S Tropicrush Black/Orange Helmet – product view,6,AGV AGV K1 S Tropicrush Black/Orange Helmet – front view | AGV AGV K1 S Tropicrush Black/Orange Helmet – side view | AGV AGV K1 S Tropicrush Black/Orange Helmet – rear view | AGV AGV K1 S Tropicrush Black/Orange Helmet – detail view | AGV AGV K1 S Tropicrush Black/Orange Helmet – top view | AGV AGV K1 S Tropicrush Black/Orange Helmet – product view,,0,,,,,,,,,false,not_eligible,,0,false,/products/agv-k1-s-tropicrush-black-orange-helmet,/products/agv-k1-s-tropicrush-black-orange-helmet
agv-k7-mplk-jaeger-black-silver-helmet,agv-k7-mplk-jaeger-black-silver-helmet,AGV K7 MPLK Jaeger Black/Silver Helmet,AGV K7 MPLK Jaeger Black/Silver Helmet,agv-k7-mplk-jaeger-black-silver-helmet,"Extreme protection, in the most compact helmet in its category, for any road use. Available in multiple sizes and/or colours — select your variant.","<p><span>Extreme protection, in the most compact helmet in its category, for any road use.</span><br><br><span>K7 is the </span><strong>perfect balance between sportiness and touring</strong><span>, evolved to the maximum degree. Suitable for any type of riding and all road routes, this helmet offers the best features of the sporting and touring world, helping you to face any challenge on two wheels – from the most difficult turns to long adventures in the saddle.</span><br><br><span>The </span><strong>composite fiber shell<span> </span></strong><span>of the K7 offers excellent protection, making it </span><strong>the most compact full-face road helmet<span> </span></strong><span>in its category, ensuring indispensable lightness with a weight of only 1,450 g in the smallest shell size.</span><strong><span> </span></strong><span>Due to its</span><strong><span> </span>three shell sizes and four EPS sizes</strong><span>, the K7 adapts perfectly to every rider, guaranteeing comfort in all riding situations. Subjected to the strict AGV Extreme Safety design protocol, the K7 passes by some distance all tests in the </span><strong>ECE22.06<span> </span></strong><span>standard. Furthermore, the </span><strong>collarbone-protection profile,</strong><span> designed by AGV, significantly reduces the risk of collarbone injury in the event of impact. This solution created for the track is now available to every rider on the lookout for perfection.</span><br><br><span>Conceived in a wind tunnel, the K7's design offers maximum stability at high speed, ideal for both sports and touring riding. The </span><strong>new visor mechanism</strong><span> ensures smooth and reliable activation, with a compact profile and more EPS in the temple area for greater protection. The K7 is also equipped with AGV's patented </span><strong>Air Diffusion Crownpad Technology ventilation system</strong><span>, which offers the highest level of internal air diffusion ever achieved in a helmet. Due to a combined crown pad and EPS design, this technology guarantees maximum ventilation efficiency. Every detail, from the visor to the spoiler, has been developed with the aim of optimizing the flow of air inside the crown pad to ensure superior riding comfort.</span><br><br><span>The </span><strong>premium interior</strong><span>, made of soft fabric with </span><strong>DrySpeed treatment</strong><span> that rapidly absorbs sweat, offers extreme comfort, allowing the rider to focus solely on the road. The scratch-resistant </span><strong>Ultravision panoramic visor</strong><span>, with its 190° field of vision, gives the rider a clear and wide view of the road and hazards, in every riding position. The visor, integrated sun visor and </span><strong>Pinlock® 120 Max Vision™</strong><span> anti-fog system guarantee perfect visibility in all conditions. In addition, the K7 comes set-up for the installation of a fully integrated intercom system, for simple and safe communication.</span></p>
<div class=""accordion-item"">
<div id=""productmaterial"" class=""accordion-collapse collapse show"" data-bs-parent=""#productmaterial"">
<div class=""pb-3"">
<p class=""mb-1"">Composite Fibre</p>
<div class=""accordion-item"">
<div id=""AERODYNAMICS"" class=""accordion-collapse collapse show"" data-bs-parent=""#AERODYNAMICS"">
<div class=""pb-3"">
<p class=""mb-1"">Integrated spoiler</p>
<p class=""mb-1"">Cheek pads interchangeable between all sizes</p>
<p class=""mb-1"">Cheek pads: fresh and fluid Ritmo fabric</p>
<p class=""mb-1"">Crown pad: Shalimar fabric for a soft and gentle touch</p>
<p class=""mb-1"">DrySpeed: instant sweat absorption</p>
<p class=""mb-1"">Embracing neck roll profile</p>
<p class=""mb-1"">Fit especially designed to allow wearing glasses</p>
<p class=""mb-1"">Microsense: premium skin comfort</p>
<p class=""mb-1"">Neck roll: Ritmo fabric and synthetic leather with high abrasion resistance and water-resistant properties</p>
<p class=""mb-1"">Removable and washable interiors</p>
<p class=""mb-1"">Removable nose guard</p>
<p class=""mb-1"">Removable wind protector</p>
<div class=""accordion-item"">
<div id=""RETENTION_SYSTEM"" class=""accordion-collapse collapse show"" data-bs-parent=""#RETENTION_SYSTEM"">
<div class=""pb-3"">
<p class=""mb-1"">Steel micrometric</p>
<div class=""accordion-item"">
<div id=""SHELL"" class=""accordion-collapse collapse show"" data-bs-parent=""#SHELL"">
<div class=""pb-3"">
<p class=""mb-1"">Collarbone safe profile</p>
<p class=""mb-1"">2 rear extractors</p>
<p class=""mb-1"">5 front vents</p>
<p class=""mb-1"">Adjustable air vents</p>
<p class=""mb-1"">190° horizontal field of view</p>
<p class=""mb-1"">Anti-scratch</p>
<p class=""mb-1"">Integrated anti-scratch sun visor, removable without using tools</p>
<p class=""mb-1"">Micro-opening system</p>
<p class=""mb-1"">Multistep visor mechanism</p>
<p class=""mb-1"">Patented Extra Quick Release System</p>
<p class=""mb-1"">Patented visor lock system</p>
<p class=""mb-1"">Pinlock® 120XLT™ MaxVision™ Included</p>
<div class=""accordion-item"">
<div id=""WEIGHT"" class=""accordion-collapse collapse show"" data-bs-parent=""#WEIGHT"">
<div class=""pb-3"">
<p class=""mb-1"">1.450 g in first shell size</p>
<div class=""accordion"" id=""accordion-MaterialCare"">
<div class=""accordion-item"">
<div id=""MAIN_FEATURES"" class=""accordion-collapse collapse show"" data-bs-parent=""#MAIN_FEATURES"">
<div class=""pb-3"">
<p class=""mb-1"">3 shell sizes</p>
</div>
</div>
</div>
</div>
</div>
</div>
</div>
</div>
</div>
</div>
</div>
</div>
</div>
</div>
</div>
</div>
</div>
</div>
</div>","Extreme protection, in the most compact helmet in its category, for any road use.

K7 is the perfect balance between sportiness and touring, evolved to the maximum degree. Suitable for any type of riding and all road routes, this helmet offers the best features of the sporting and touring world, helping you to face any challenge on two wheels – from the most difficult turns to long adventures in the saddle.

The composite fiber shell of the K7 offers excellent protection, making it the most compact full-face road helmet in its category, ensuring indispensable lightness with a weight of only 1,450 g in the smallest shell size. Due to its three shell sizes and four EPS sizes, the K7 adapts perfectly to every rider, guaranteeing comfort in all riding situations. Subjected to the strict AGV Extreme Safety design protocol, the K7 passes by some distance all tests in the ECE22.06 standard. Furthermore, the collarbone-protection profile, designed by AGV, significantly reduces the risk of collarbone injury in the event of impact. This solution created for the track is now available to every rider on the lookout for perfection.

Conceived in a wind tunnel, the K7's design offers maximum stability at high speed, ideal for both sports and touring riding. The new visor mechanism ensures smooth and reliable activation, with a compact profile and more EPS in the temple area for greater protection. The K7 is also equipped with AGV's patented Air Diffusion Crownpad Technology ventilation system, which offers the highest level of internal air diffusion ever achieved in a helmet. Due to a combined crown pad and EPS design, this technology guarantees maximum ventilation efficiency. Every detail, from the visor to the spoiler, has been developed with the aim of optimizing the flow of air inside the crown pad to ensure superior riding comfort.

The premium interior, made of soft fabric with DrySpeed treatment that rapidly absorbs sweat, offers extreme comfort, allowing the rider to focus solely on the road. The scratch-resistant Ultravision panoramic visor, with its 190° field of vision, gives the rider a clear and wide view of the road and hazards, in every riding position. The visor, integrated sun visor and Pinlock® 120 Max Vision™ anti-fog system guarantee perfect visibility in all conditions. In addition, the K7 comes set-up for the installation of a fully integrated intercom system, for simple and safe communication.

Composite Fibre

Integrated spoiler

Cheek pads interchangeable between all sizes

Cheek pads: fresh and fluid Ritmo fabric

Crown pad: Shalimar fabric for a soft and gentle touch

DrySpeed: instant sweat absorption

Embracing neck roll profile

Fit especially designed to allow wearing glasses

Microsense: premium skin comfort

Neck roll: Ritmo fabric and synthetic leather with high abrasion resistance and water-resistant properties

Removable and washable interiors

Removable nose guard

Removable wind protector

Steel micrometric

Collarbone safe profile

2 rear extractors

5 front vents

Adjustable air vents

190° horizontal field of view

Anti-scratch

Integrated anti-scratch sun visor, removable without using tools

Micro-opening system

Multistep visor mechanism

Patented Extra Quick Release System

Patented visor lock system

Pinlock® 120XLT™ MaxVision™ Included

1.450 g in first shell size

3 shell sizes",120000,,2026-07-26,active,AGV,5000,g,Buy AGV K7 MPLK Jaeger Black/Silver Helmet | Mile 27 Store,"Extreme protection, in the most compact helmet in its category, for any road use.",,Cleaned noise; brand verified,High,false,Helmets,High,"Mapped from Shopify Type ""Helmets""",agv-k7-mplk-jaeger-black-silver-helmet-1|Size:XS|price:120000.00|compare:|weight:5000|barcode:|qty:0 | agv-k7-mplk-jaeger-black-silver-helmet-2|Size:S|price:120000.00|compare:|weight:5000|barcode:|qty:0 | agv-k7-mplk-jaeger-black-silver-helmet-3|Size:M|price:120000.00|compare:|weight:5000|barcode:|qty:0 | agv-k7-mplk-jaeger-black-silver-helmet-4|Size:L|price:120000.00|compare:|weight:5000|barcode:|qty:0 | agv-k7-mplk-jaeger-black-silver-helmet-5|Size:XL|price:120000.00|compare:|weight:5000|barcode:|qty:0 | agv-k7-mplk-jaeger-black-silver-helmet-6|Size:XXL|price:120000.00|compare:|weight:5000|barcode:|qty:0,"agv-k7-mplk-jaeger-black-silver-helmet-1,agv-k7-mplk-jaeger-black-silver-helmet-2,agv-k7-mplk-jaeger-black-silver-helmet-3,agv-k7-mplk-jaeger-black-silver-helmet-4,agv-k7-mplk-jaeger-black-silver-helmet-5,agv-k7-mplk-jaeger-black-silver-helmet-6",6,https://cdn.shopify.com/s/files/1/0076/8301/4754/files/2118399004_005_1.webp?v=1771323628|pos:1|alt:AGV AGV K7 MPLK Jaeger Black/Silver Helmet – front view || https://cdn.shopify.com/s/files/1/0076/8301/4754/files/2118399004_005_4.webp?v=1771323628|pos:2|alt:AGV AGV K7 MPLK Jaeger Black/Silver Helmet – side view || https://cdn.shopify.com/s/files/1/0076/8301/4754/files/2118399004_005_3.webp?v=1771323628|pos:3|alt:AGV AGV K7 MPLK Jaeger Black/Silver Helmet – rear view || https://cdn.shopify.com/s/files/1/0076/8301/4754/files/2118399004_005_5.webp?v=1771323628|pos:4|alt:AGV AGV K7 MPLK Jaeger Black/Silver Helmet – detail view || https://cdn.shopify.com/s/files/1/0076/8301/4754/files/2118399004_005_2.webp?v=1771323628|pos:5|alt:AGV AGV K7 MPLK Jaeger Black/Silver Helmet – top view || https://cdn.shopify.com/s/files/1/0076/8301/4754/files/2118399004_005_7.webp?v=1771323628|pos:6|alt:AGV AGV K7 MPLK Jaeger Black/Silver Helmet – product view,6,AGV AGV K7 MPLK Jaeger Black/Silver Helmet – front view | AGV AGV K7 MPLK Jaeger Black/Silver Helmet – side view | AGV AGV K7 MPLK Jaeger Black/Silver Helmet – rear view | AGV AGV K7 MPLK Jaeger Black/Silver Helmet – detail view | AGV AGV K7 MPLK Jaeger Black/Silver Helmet – top view | AGV AGV K7 MPLK Jaeger Black/Silver Helmet – product view,,0,,,,,,,,,false,not_eligible,,0,false,/products/agv-k7-mplk-jaeger-black-silver-helmet,/products/agv-k7-mplk-jaeger-black-silver-helmet
agv-k7-mplk-genisys-matt-black-blue-grey-helmet,agv-k7-mplk-genisys-matt-black-blue-grey-helmet,AGV K7 MPLK Genisys Matt Black/Blue/Grey Helmet,AGV K7 MPLK Genisys Matt Black/Blue/Grey Helmet,agv-k7-mplk-genisys-matt-black-blue-grey-helmet,"Extreme protection, in the most compact helmet in its category, for any road use. Available in multiple sizes and/or colours — select your variant.","<p><span>Extreme protection, in the most compact helmet in its category, for any road use.</span><br><br><span>K7 is the </span><strong>perfect balance between sportiness and touring</strong><span>, evolved to the maximum degree. Suitable for any type of riding and all road routes, this helmet offers the best features of the sporting and touring world, helping you to face any challenge on two wheels – from the most difficult turns to long adventures in the saddle.</span><br><br><span>The </span><strong>composite fiber shell<span> </span></strong><span>of the K7 offers excellent protection, making it </span><strong>the most compact full-face road helmet<span> </span></strong><span>in its category, ensuring indispensable lightness with a weight of only 1,450 g in the smallest shell size.</span><strong><span> </span></strong><span>Due to its</span><strong><span> </span>three shell sizes and four EPS sizes</strong><span>, the K7 adapts perfectly to every rider, guaranteeing comfort in all riding situations. Subjected to the strict AGV Extreme Safety design protocol, the K7 passes by some distance all tests in the </span><strong>ECE22.06<span> </span></strong><span>standard. Furthermore, the </span><strong>collarbone-protection profile,</strong><span> designed by AGV, significantly reduces the risk of collarbone injury in the event of impact. This solution created for the track is now available to every rider on the lookout for perfection.</span><br><br><span>Conceived in a wind tunnel, the K7's design offers maximum stability at high speed, ideal for both sports and touring riding. The </span><strong>new visor mechanism</strong><span> ensures smooth and reliable activation, with a compact profile and more EPS in the temple area for greater protection. The K7 is also equipped with AGV's patented </span><strong>Air Diffusion Crownpad Technology ventilation system</strong><span>, which offers the highest level of internal air diffusion ever achieved in a helmet. Due to a combined crown pad and EPS design, this technology guarantees maximum ventilation efficiency. Every detail, from the visor to the spoiler, has been developed with the aim of optimizing the flow of air inside the crown pad to ensure superior riding comfort.</span><br><br><span>The </span><strong>premium interior</strong><span>, made of soft fabric with </span><strong>DrySpeed treatment</strong><span> that rapidly absorbs sweat, offers extreme comfort, allowing the rider to focus solely on the road. The scratch-resistant </span><strong>Ultravision panoramic visor</strong><span>, with its 190° field of vision, gives the rider a clear and wide view of the road and hazards, in every riding position. The visor, integrated sun visor and </span><strong>Pinlock® 120 Max Vision™</strong><span> anti-fog system guarantee perfect visibility in all conditions. In addition, the K7 comes set-up for the installation of a fully integrated intercom system, for simple and safe communication.</span></p>
<div class=""accordion-item"">
<div id=""productmaterial"" class=""accordion-collapse collapse show"" data-bs-parent=""#productmaterial"">
<div class=""pb-3"">
<p class=""mb-1"">Composite Fibre</p>
<div class=""accordion-item"">
<div id=""AERODYNAMICS"" class=""accordion-collapse collapse show"" data-bs-parent=""#AERODYNAMICS"">
<div class=""pb-3"">
<p class=""mb-1"">Integrated spoiler</p>
<p class=""mb-1"">Cheek pads interchangeable between all sizes</p>
<p class=""mb-1"">Cheek pads: fresh and fluid Ritmo fabric</p>
<p class=""mb-1"">Crown pad: Shalimar fabric for a soft and gentle touch</p>
<p class=""mb-1"">DrySpeed: instant sweat absorption</p>
<p class=""mb-1"">Embracing neck roll profile</p>
<p class=""mb-1"">Fit especially designed to allow wearing glasses</p>
<p class=""mb-1"">Microsense: premium skin comfort</p>
<p class=""mb-1"">Neck roll: Ritmo fabric and synthetic leather with high abrasion resistance and water-resistant properties</p>
<p class=""mb-1"">Removable and washable interiors</p>
<p class=""mb-1"">Removable nose guard</p>
<p class=""mb-1"">Removable wind protector</p>
<div class=""accordion-item"">
<div id=""RETENTION_SYSTEM"" class=""accordion-collapse collapse show"" data-bs-parent=""#RETENTION_SYSTEM"">
<div class=""pb-3"">
<p class=""mb-1"">Steel micrometric</p>
<div class=""accordion-item"">
<div id=""SHELL"" class=""accordion-collapse collapse show"" data-bs-parent=""#SHELL"">
<div class=""pb-3"">
<p class=""mb-1"">Collarbone safe profile</p>
<p class=""mb-1"">2 rear extractors</p>
<p class=""mb-1"">5 front vents</p>
<p class=""mb-1"">Adjustable air vents</p>
<p class=""mb-1"">190° horizontal field of view</p>
<p class=""mb-1"">Anti-scratch</p>
<p class=""mb-1"">Integrated anti-scratch sun visor, removable without using tools</p>
<p class=""mb-1"">Micro-opening system</p>
<p class=""mb-1"">Multistep visor mechanism</p>
<p class=""mb-1"">Patented Extra Quick Release System</p>
<p class=""mb-1"">Patented visor lock system</p>
<p class=""mb-1"">Pinlock® 120XLT™ MaxVision™ Included</p>
<div class=""accordion-item"">
<div id=""WEIGHT"" class=""accordion-collapse collapse show"" data-bs-parent=""#WEIGHT"">
<div class=""pb-3"">
<p class=""mb-1"">1.450 g in first shell size</p>
<div class=""accordion"" id=""accordion-MaterialCare"">
<div class=""accordion-item"">
<div id=""MAIN_FEATURES"" class=""accordion-collapse collapse show"" data-bs-parent=""#MAIN_FEATURES"">
<div class=""pb-3"">
<p class=""mb-1"">3 shell sizes</p>
</div>
</div>
</div>
</div>
</div>
</div>
</div>
</div>
</div>
</div>
</div>
</div>
</div>
</div>
</div>
</div>
</div>
</div>
</div>","Extreme protection, in the most compact helmet in its category, for any road use.

K7 is the perfect balance between sportiness and touring, evolved to the maximum degree. Suitable for any type of riding and all road routes, this helmet offers the best features of the sporting and touring world, helping you to face any challenge on two wheels – from the most difficult turns to long adventures in the saddle.

The composite fiber shell of the K7 offers excellent protection, making it the most compact full-face road helmet in its category, ensuring indispensable lightness with a weight of only 1,450 g in the smallest shell size. Due to its three shell sizes and four EPS sizes, the K7 adapts perfectly to every rider, guaranteeing comfort in all riding situations. Subjected to the strict AGV Extreme Safety design protocol, the K7 passes by some distance all tests in the ECE22.06 standard. Furthermore, the collarbone-protection profile, designed by AGV, significantly reduces the risk of collarbone injury in the event of impact. This solution created for the track is now available to every rider on the lookout for perfection.

Conceived in a wind tunnel, the K7's design offers maximum stability at high speed, ideal for both sports and touring riding. The new visor mechanism ensures smooth and reliable activation, with a compact profile and more EPS in the temple area for greater protection. The K7 is also equipped with AGV's patented Air Diffusion Crownpad Technology ventilation system, which offers the highest level of internal air diffusion ever achieved in a helmet. Due to a combined crown pad and EPS design, this technology guarantees maximum ventilation efficiency. Every detail, from the visor to the spoiler, has been developed with the aim of optimizing the flow of air inside the crown pad to ensure superior riding comfort.

The premium interior, made of soft fabric with DrySpeed treatment that rapidly absorbs sweat, offers extreme comfort, allowing the rider to focus solely on the road. The scratch-resistant Ultravision panoramic visor, with its 190° field of vision, gives the rider a clear and wide view of the road and hazards, in every riding position. The visor, integrated sun visor and Pinlock® 120 Max Vision™ anti-fog system guarantee perfect visibility in all conditions. In addition, the K7 comes set-up for the installation of a fully integrated intercom system, for simple and safe communication.

Composite Fibre

Integrated spoiler

Cheek pads interchangeable between all sizes

Cheek pads: fresh and fluid Ritmo fabric

Crown pad: Shalimar fabric for a soft and gentle touch

DrySpeed: instant sweat absorption

Embracing neck roll profile

Fit especially designed to allow wearing glasses

Microsense: premium skin comfort

Neck roll: Ritmo fabric and synthetic leather with high abrasion resistance and water-resistant properties

Removable and washable interiors

Removable nose guard

Removable wind protector

Steel micrometric

Collarbone safe profile

2 rear extractors

5 front vents

Adjustable air vents

190° horizontal field of view

Anti-scratch

Integrated anti-scratch sun visor, removable without using tools

Micro-opening system

Multistep visor mechanism

Patented Extra Quick Release System

Patented visor lock system

Pinlock® 120XLT™ MaxVision™ Included

1.450 g in first shell size

3 shell sizes",120000,,2026-07-26,active,AGV,5000,g,AGV K7 MPLK Genisys Matt Black/Blue/Grey Helmet | Mile 27 Store,"Extreme protection, in the most compact helmet in its category, for any road use.",,Cleaned noise; brand verified,High,false,Helmets,High,"Mapped from Shopify Type ""Helmets""",agv-k7-mplk-genisys-matt-black-blue-grey-helmet-1|Size:XS|price:120000.00|compare:|weight:5000|barcode:|qty:0 | agv-k7-mplk-genisys-matt-black-blue-grey-helmet-2|Size:S|price:120000.00|compare:|weight:5000|barcode:|qty:0 | agv-k7-mplk-genisys-matt-black-blue-grey-helmet-3|Size:M|price:120000.00|compare:|weight:5000|barcode:|qty:0 | agv-k7-mplk-genisys-matt-black-blue-grey-helmet-4|Size:L|price:120000.00|compare:|weight:5000|barcode:|qty:0 | agv-k7-mplk-genisys-matt-black-blue-grey-helmet-5|Size:XL|price:120000.00|compare:|weight:5000|barcode:|qty:0 | agv-k7-mplk-genisys-matt-black-blue-grey-helmet-6|Size:XXL|price:120000.00|compare:|weight:5000|barcode:|qty:0,"agv-k7-mplk-genisys-matt-black-blue-grey-helmet-1,agv-k7-mplk-genisys-matt-black-blue-grey-helmet-2,agv-k7-mplk-genisys-matt-black-blue-grey-helmet-3,agv-k7-mplk-genisys-matt-black-blue-grey-helmet-4,agv-k7-mplk-genisys-matt-black-blue-grey-helmet-5,agv-k7-mplk-genisys-matt-black-blue-grey-helmet-6",6,https://cdn.shopify.com/s/files/1/0076/8301/4754/files/2118399004_011_1.webp?v=1771322786|pos:1|alt:AGV AGV K7 MPLK Genisys Matt Black/Blue/Grey Helmet – front view || https://cdn.shopify.com/s/files/1/0076/8301/4754/files/2118399004_011_4.webp?v=1771322786|pos:2|alt:AGV AGV K7 MPLK Genisys Matt Black/Blue/Grey Helmet – side view || https://cdn.shopify.com/s/files/1/0076/8301/4754/files/2118399004_011_3.webp?v=1771322786|pos:3|alt:AGV AGV K7 MPLK Genisys Matt Black/Blue/Grey Helmet – rear view || https://cdn.shopify.com/s/files/1/0076/8301/4754/files/2118399004_011_5.webp?v=1771322786|pos:4|alt:AGV AGV K7 MPLK Genisys Matt Black/Blue/Grey Helmet – detail view || https://cdn.shopify.com/s/files/1/0076/8301/4754/files/2118399004_011_2.webp?v=1771322786|pos:5|alt:AGV AGV K7 MPLK Genisys Matt Black/Blue/Grey Helmet – top view || https://cdn.shopify.com/s/files/1/0076/8301/4754/files/2118399004_011_7.webp?v=1771322786|pos:6|alt:AGV AGV K7 MPLK Genisys Matt Black/Blue/Grey Helmet – product view,6,AGV AGV K7 MPLK Genisys Matt Black/Blue/Grey Helmet – front view | AGV AGV K7 MPLK Genisys Matt Black/Blue/Grey Helmet – side view | AGV AGV K7 MPLK Genisys Matt Black/Blue/Grey Helmet – rear view | AGV AGV K7 MPLK Genisys Matt Black/Blue/Grey Helmet – detail view | AGV AGV K7 MPLK Genisys Matt Black/Blue/Grey Helmet – top view | AGV AGV K7 MPLK Genisys Matt Black/Blue/Grey Helmet – product view,,0,,,,,,,,,false,not_eligible,,0,false,/products/agv-k7-mplk-genisys-matt-black-blue-grey-helmet,/products/agv-k7-mplk-genisys-matt-black-blue-grey-helmet
agv-k7-mplk-flow-46-helmet,agv-k7-mplk-flow-46-helmet,AGV K7 MPLK Flow 46 Helmet,AGV K7 MPLK Flow 46 Helmet,agv-k7-mplk-flow-46-helmet,"Extreme protection, in the most compact helmet in its category, for any road use. Available in multiple sizes and/or colours — select your variant.","<p><span>Extreme protection, in the most compact helmet in its category, for any road use.</span><br><br><span>K7 is the </span><strong>perfect balance between sportiness and touring</strong><span>, evolved to the maximum degree. Suitable for any type of riding and all road routes, this helmet offers the best features of the sporting and touring world, helping you to face any challenge on two wheels – from the most difficult turns to long adventures in the saddle.</span><br><br><span>The </span><strong>composite fiber shell<span> </span></strong><span>of the K7 offers excellent protection, making it </span><strong>the most compact full-face road helmet<span> </span></strong><span>in its category, ensuring indispensable lightness with a weight of only 1,450 g in the smallest shell size.</span><strong><span> </span></strong><span>Due to its</span><strong><span> </span>three shell sizes and four EPS sizes</strong><span>, the K7 adapts perfectly to every rider, guaranteeing comfort in all riding situations. Subjected to the strict AGV Extreme Safety design protocol, the K7 passes by some distance all tests in the </span><strong>ECE22.06<span> </span></strong><span>standard. Furthermore, the </span><strong>collarbone-protection profile,</strong><span> designed by AGV, significantly reduces the risk of collarbone injury in the event of impact. This solution created for the track is now available to every rider on the lookout for perfection.</span><br><br><span>Conceived in a wind tunnel, the K7's design offers maximum stability at high speed, ideal for both sports and touring riding. The </span><strong>new visor mechanism</strong><span> ensures smooth and reliable activation, with a compact profile and more EPS in the temple area for greater protection. The K7 is also equipped with AGV's patented </span><strong>Air Diffusion Crownpad Technology ventilation system</strong><span>, which offers the highest level of internal air diffusion ever achieved in a helmet. Due to a combined crown pad and EPS design, this technology guarantees maximum ventilation efficiency. Every detail, from the visor to the spoiler, has been developed with the aim of optimizing the flow of air inside the crown pad to ensure superior riding comfort.</span><br><br><span>The </span><strong>premium interior</strong><span>, made of soft fabric with </span><strong>DrySpeed treatment</strong><span> that rapidly absorbs sweat, offers extreme comfort, allowing the rider to focus solely on the road. The scratch-resistant </span><strong>Ultravision panoramic visor</strong><span>, with its 190° field of vision, gives the rider a clear and wide view of the road and hazards, in every riding position. The visor, integrated sun visor and </span><strong>Pinlock® 120 Max Vision™</strong><span> anti-fog system guarantee perfect visibility in all conditions. In addition, the K7 comes set-up for the installation of a fully integrated intercom system, for simple and safe communication.</span></p>
<div class=""accordion-item"">
<div id=""productmaterial"" class=""accordion-collapse collapse show"" data-bs-parent=""#productmaterial"">
<div class=""pb-3"">
<p class=""mb-1"">Composite Fibre</p>
<div class=""accordion-item"">
<div id=""AERODYNAMICS"" class=""accordion-collapse collapse show"" data-bs-parent=""#AERODYNAMICS"">
<div class=""pb-3"">
<p class=""mb-1"">Integrated spoiler</p>
<p class=""mb-1"">Cheek pads interchangeable between all sizes</p>
<p class=""mb-1"">Cheek pads: fresh and fluid Ritmo fabric</p>
<p class=""mb-1"">Crown pad: Shalimar fabric for a soft and gentle touch</p>
<p class=""mb-1"">DrySpeed: instant sweat absorption</p>
<p class=""mb-1"">Embracing neck roll profile</p>
<p class=""mb-1"">Fit especially designed to allow wearing glasses</p>
<p class=""mb-1"">Microsense: premium skin comfort</p>
<p class=""mb-1"">Neck roll: Ritmo fabric and synthetic leather with high abrasion resistance and water-resistant properties</p>
<p class=""mb-1"">Removable and washable interiors</p>
<p class=""mb-1"">Removable nose guard</p>
<p class=""mb-1"">Removable wind protector</p>
<div class=""accordion-item"">
<div id=""RETENTION_SYSTEM"" class=""accordion-collapse collapse show"" data-bs-parent=""#RETENTION_SYSTEM"">
<div class=""pb-3"">
<p class=""mb-1"">Steel micrometric</p>
<div class=""accordion-item"">
<div id=""SHELL"" class=""accordion-collapse collapse show"" data-bs-parent=""#SHELL"">
<div class=""pb-3"">
<p class=""mb-1"">Collarbone safe profile</p>
<p class=""mb-1"">2 rear extractors</p>
<p class=""mb-1"">5 front vents</p>
<p class=""mb-1"">Adjustable air vents</p>
<p class=""mb-1"">190° horizontal field of view</p>
<p class=""mb-1"">Anti-scratch</p>
<p class=""mb-1"">Integrated anti-scratch sun visor, removable without using tools</p>
<p class=""mb-1"">Micro-opening system</p>
<p class=""mb-1"">Multistep visor mechanism</p>
<p class=""mb-1"">Patented Extra Quick Release System</p>
<p class=""mb-1"">Patented visor lock system</p>
<p class=""mb-1"">Pinlock® 120XLT™ MaxVision™ Included</p>
<div class=""accordion-item"">
<div id=""WEIGHT"" class=""accordion-collapse collapse show"" data-bs-parent=""#WEIGHT"">
<div class=""pb-3"">
<p class=""mb-1"">1.450 g in first shell size</p>
<div class=""accordion"" id=""accordion-MaterialCare"">
<div class=""accordion-item"">
<div id=""MAIN_FEATURES"" class=""accordion-collapse collapse show"" data-bs-parent=""#MAIN_FEATURES"">
<div class=""pb-3"">
<p class=""mb-1"">3 shell sizes</p>
</div>
</div>
</div>
</div>
</div>
</div>
</div>
</div>
</div>
</div>
</div>
</div>
</div>
</div>
</div>
</div>
</div>
</div>
</div>","Extreme protection, in the most compact helmet in its category, for any road use.

K7 is the perfect balance between sportiness and touring, evolved to the maximum degree. Suitable for any type of riding and all road routes, this helmet offers the best features of the sporting and touring world, helping you to face any challenge on two wheels – from the most difficult turns to long adventures in the saddle.

The composite fiber shell of the K7 offers excellent protection, making it the most compact full-face road helmet in its category, ensuring indispensable lightness with a weight of only 1,450 g in the smallest shell size. Due to its three shell sizes and four EPS sizes, the K7 adapts perfectly to every rider, guaranteeing comfort in all riding situations. Subjected to the strict AGV Extreme Safety design protocol, the K7 passes by some distance all tests in the ECE22.06 standard. Furthermore, the collarbone-protection profile, designed by AGV, significantly reduces the risk of collarbone injury in the event of impact. This solution created for the track is now available to every rider on the lookout for perfection.

Conceived in a wind tunnel, the K7's design offers maximum stability at high speed, ideal for both sports and touring riding. The new visor mechanism ensures smooth and reliable activation, with a compact profile and more EPS in the temple area for greater protection. The K7 is also equipped with AGV's patented Air Diffusion Crownpad Technology ventilation system, which offers the highest level of internal air diffusion ever achieved in a helmet. Due to a combined crown pad and EPS design, this technology guarantees maximum ventilation efficiency. Every detail, from the visor to the spoiler, has been developed with the aim of optimizing the flow of air inside the crown pad to ensure superior riding comfort.

The premium interior, made of soft fabric with DrySpeed treatment that rapidly absorbs sweat, offers extreme comfort, allowing the rider to focus solely on the road. The scratch-resistant Ultravision panoramic visor, with its 190° field of vision, gives the rider a clear and wide view of the road and hazards, in every riding position. The visor, integrated sun visor and Pinlock® 120 Max Vision™ anti-fog system guarantee perfect visibility in all conditions. In addition, the K7 comes set-up for the installation of a fully integrated intercom system, for simple and safe communication.

Composite Fibre

Integrated spoiler

Cheek pads interchangeable between all sizes

Cheek pads: fresh and fluid Ritmo fabric

Crown pad: Shalimar fabric for a soft and gentle touch

DrySpeed: instant sweat absorption

Embracing neck roll profile

Fit especially designed to allow wearing glasses

Microsense: premium skin comfort

Neck roll: Ritmo fabric and synthetic leather with high abrasion resistance and water-resistant properties

Removable and washable interiors

Removable nose guard

Removable wind protector

Steel micrometric

Collarbone safe profile

2 rear extractors

5 front vents

Adjustable air vents

190° horizontal field of view

Anti-scratch

Integrated anti-scratch sun visor, removable without using tools

Micro-opening system

Multistep visor mechanism

Patented Extra Quick Release System

Patented visor lock system

Pinlock® 120XLT™ MaxVision™ Included

1.450 g in first shell size

3 shell sizes",122000,,2026-07-26,active,AGV,5000,g,Buy AGV K7 MPLK Flow 46 Helmet | Mile 27 Store,"Extreme protection, in the most compact helmet in its category, for any road use.",,Cleaned noise; brand verified,High,false,Helmets,High,"Mapped from Shopify Type ""Helmets""",agv-k7-mplk-flow-46-helmet-1|Size:XS|price:122000.00|compare:|weight:5000|barcode:|qty:0 | agv-k7-mplk-flow-46-helmet-2|Size:S|price:122000.00|compare:|weight:5000|barcode:|qty:0 | agv-k7-mplk-flow-46-helmet-3|Size:M|price:122000.00|compare:|weight:5000|barcode:|qty:0 | agv-k7-mplk-flow-46-helmet-4|Size:L|price:122000.00|compare:|weight:5000|barcode:|qty:0 | agv-k7-mplk-flow-46-helmet-5|Size:XL|price:122000.00|compare:|weight:5000|barcode:|qty:0 | agv-k7-mplk-flow-46-helmet-6|Size:XXL|price:122000.00|compare:|weight:5000|barcode:|qty:0,"agv-k7-mplk-flow-46-helmet-1,agv-k7-mplk-flow-46-helmet-2,agv-k7-mplk-flow-46-helmet-3,agv-k7-mplk-flow-46-helmet-4,agv-k7-mplk-flow-46-helmet-5,agv-k7-mplk-flow-46-helmet-6",6,https://cdn.shopify.com/s/files/1/0076/8301/4754/files/2118399004_012_1.webp?v=1771321569|pos:1|alt:AGV AGV K7 MPLK Flow 46 Helmet – front view || https://cdn.shopify.com/s/files/1/0076/8301/4754/files/2118399004_012_4.webp?v=1771321569|pos:2|alt:AGV AGV K7 MPLK Flow 46 Helmet – side view || https://cdn.shopify.com/s/files/1/0076/8301/4754/files/2118399004_012_3.webp?v=1771321569|pos:3|alt:AGV AGV K7 MPLK Flow 46 Helmet – rear view || https://cdn.shopify.com/s/files/1/0076/8301/4754/files/2118399004_012_5.webp?v=1771321569|pos:4|alt:AGV AGV K7 MPLK Flow 46 Helmet – detail view || https://cdn.shopify.com/s/files/1/0076/8301/4754/files/2118399004_012_2.webp?v=1771321569|pos:5|alt:AGV AGV K7 MPLK Flow 46 Helmet – top view || https://cdn.shopify.com/s/files/1/0076/8301/4754/files/2118399004_012_7.webp?v=1771321569|pos:6|alt:AGV AGV K7 MPLK Flow 46 Helmet – product view,6,AGV AGV K7 MPLK Flow 46 Helmet – front view | AGV AGV K7 MPLK Flow 46 Helmet – side view | AGV AGV K7 MPLK Flow 46 Helmet – rear view | AGV AGV K7 MPLK Flow 46 Helmet – detail view | AGV AGV K7 MPLK Flow 46 Helmet – top view | AGV AGV K7 MPLK Flow 46 Helmet – product view,,0,,,,,,,,,false,not_eligible,,0,false,/products/agv-k7-mplk-flow-46-helmet,/products/agv-k7-mplk-flow-46-helmet
agv-k7-mplk-mono-evo-grey-helmet,agv-k7-mplk-mono-evo-grey-helmet,AGV K7 MPLK Mono Evo Grey Helmet,AGV K7 MPLK Mono Evo Grey Helmet,agv-k7-mplk-mono-evo-grey-helmet,"Extreme protection, in the most compact helmet in its category, for any road use. Available in multiple sizes and/or colours — select your variant.","<p><span>Extreme protection, in the most compact helmet in its category, for any road use.</span><br><br><span>K7 is the </span><strong>perfect balance between sportiness and touring</strong><span>, evolved to the maximum degree. Suitable for any type of riding and all road routes, this helmet offers the best features of the sporting and touring world, helping you to face any challenge on two wheels – from the most difficult turns to long adventures in the saddle.</span><br><br><span>The </span><strong>composite fiber shell<span> </span></strong><span>of the K7 offers excellent protection, making it </span><strong>the most compact full-face road helmet<span> </span></strong><span>in its category, ensuring indispensable lightness with a weight of only 1,450 g in the smallest shell size.</span><strong><span> </span></strong><span>Due to its</span><strong><span> </span>three shell sizes and four EPS sizes</strong><span>, the K7 adapts perfectly to every rider, guaranteeing comfort in all riding situations. Subjected to the strict AGV Extreme Safety design protocol, the K7 passes by some distance all tests in the </span><strong>ECE22.06<span> </span></strong><span>standard. Furthermore, the </span><strong>collarbone-protection profile,</strong><span> designed by AGV, significantly reduces the risk of collarbone injury in the event of impact. This solution created for the track is now available to every rider on the lookout for perfection.</span><br><br><span>Conceived in a wind tunnel, the K7's design offers maximum stability at high speed, ideal for both sports and touring riding. The </span><strong>new visor mechanism</strong><span> ensures smooth and reliable activation, with a compact profile and more EPS in the temple area for greater protection. The K7 is also equipped with AGV's patented </span><strong>Air Diffusion Crownpad Technology ventilation system</strong><span>, which offers the highest level of internal air diffusion ever achieved in a helmet. Due to a combined crown pad and EPS design, this technology guarantees maximum ventilation efficiency. Every detail, from the visor to the spoiler, has been developed with the aim of optimizing the flow of air inside the crown pad to ensure superior riding comfort.</span><br><br><span>The </span><strong>premium interior</strong><span>, made of soft fabric with </span><strong>DrySpeed treatment</strong><span> that rapidly absorbs sweat, offers extreme comfort, allowing the rider to focus solely on the road. The scratch-resistant </span><strong>Ultravision panoramic visor</strong><span>, with its 190° field of vision, gives the rider a clear and wide view of the road and hazards, in every riding position. The visor, integrated sun visor and </span><strong>Pinlock® 120 Max Vision™</strong><span> anti-fog system guarantee perfect visibility in all conditions. In addition, the K7 comes set-up for the installation of a fully integrated intercom system, for simple and safe communication.</span></p>
<div class=""accordion-item"">
<div id=""productmaterial"" class=""accordion-collapse collapse show"" data-bs-parent=""#productmaterial"">
<div class=""pb-3"">
<p class=""mb-1"">Composite Fibre</p>
<div class=""accordion-item"">
<div id=""AERODYNAMICS"" class=""accordion-collapse collapse show"" data-bs-parent=""#AERODYNAMICS"">
<div class=""pb-3"">
<p class=""mb-1"">Integrated spoiler</p>
<p class=""mb-1"">Cheek pads interchangeable between all sizes</p>
<p class=""mb-1"">Cheek pads: fresh and fluid Ritmo fabric</p>
<p class=""mb-1"">Crown pad: Shalimar fabric for a soft and gentle touch</p>
<p class=""mb-1"">DrySpeed: instant sweat absorption</p>
<p class=""mb-1"">Embracing neck roll profile</p>
<p class=""mb-1"">Fit especially designed to allow wearing glasses</p>
<p class=""mb-1"">Microsense: premium skin comfort</p>
<p class=""mb-1"">Neck roll: Ritmo fabric and synthetic leather with high abrasion resistance and water-resistant properties</p>
<p class=""mb-1"">Removable and washable interiors</p>
<p class=""mb-1"">Removable nose guard</p>
<p class=""mb-1"">Removable wind protector</p>
<div class=""accordion-item"">
<div id=""RETENTION_SYSTEM"" class=""accordion-collapse collapse show"" data-bs-parent=""#RETENTION_SYSTEM"">
<div class=""pb-3"">
<p class=""mb-1"">Steel micrometric</p>
<div class=""accordion-item"">
<div id=""SHELL"" class=""accordion-collapse collapse show"" data-bs-parent=""#SHELL"">
<div class=""pb-3"">
<p class=""mb-1"">Collarbone safe profile</p>
<p class=""mb-1"">2 rear extractors</p>
<p class=""mb-1"">5 front vents</p>
<p class=""mb-1"">Adjustable air vents</p>
<p class=""mb-1"">190° horizontal field of view</p>
<p class=""mb-1"">Anti-scratch</p>
<p class=""mb-1"">Integrated anti-scratch sun visor, removable without using tools</p>
<p class=""mb-1"">Micro-opening system</p>
<p class=""mb-1"">Multistep visor mechanism</p>
<p class=""mb-1"">Patented Extra Quick Release System</p>
<p class=""mb-1"">Patented visor lock system</p>
<p class=""mb-1"">Pinlock® 120XLT™ MaxVision™ Included</p>
<div class=""accordion-item"">
<div id=""WEIGHT"" class=""accordion-collapse collapse show"" data-bs-parent=""#WEIGHT"">
<div class=""pb-3"">
<p class=""mb-1"">1.450 g in first shell size</p>
<div class=""accordion"" id=""accordion-MaterialCare"">
<div class=""accordion-item"">
<div id=""MAIN_FEATURES"" class=""accordion-collapse collapse show"" data-bs-parent=""#MAIN_FEATURES"">
<div class=""pb-3"">
<p class=""mb-1"">3 shell sizes</p>
</div>
</div>
</div>
</div>
</div>
</div>
</div>
</div>
</div>
</div>
</div>
</div>
</div>
</div>
</div>
</div>
</div>
</div>
</div>","Extreme protection, in the most compact helmet in its category, for any road use.

K7 is the perfect balance between sportiness and touring, evolved to the maximum degree. Suitable for any type of riding and all road routes, this helmet offers the best features of the sporting and touring world, helping you to face any challenge on two wheels – from the most difficult turns to long adventures in the saddle.

The composite fiber shell of the K7 offers excellent protection, making it the most compact full-face road helmet in its category, ensuring indispensable lightness with a weight of only 1,450 g in the smallest shell size. Due to its three shell sizes and four EPS sizes, the K7 adapts perfectly to every rider, guaranteeing comfort in all riding situations. Subjected to the strict AGV Extreme Safety design protocol, the K7 passes by some distance all tests in the ECE22.06 standard. Furthermore, the collarbone-protection profile, designed by AGV, significantly reduces the risk of collarbone injury in the event of impact. This solution created for the track is now available to every rider on the lookout for perfection.

Conceived in a wind tunnel, the K7's design offers maximum stability at high speed, ideal for both sports and touring riding. The new visor mechanism ensures smooth and reliable activation, with a compact profile and more EPS in the temple area for greater protection. The K7 is also equipped with AGV's patented Air Diffusion Crownpad Technology ventilation system, which offers the highest level of internal air diffusion ever achieved in a helmet. Due to a combined crown pad and EPS design, this technology guarantees maximum ventilation efficiency. Every detail, from the visor to the spoiler, has been developed with the aim of optimizing the flow of air inside the crown pad to ensure superior riding comfort.

The premium interior, made of soft fabric with DrySpeed treatment that rapidly absorbs sweat, offers extreme comfort, allowing the rider to focus solely on the road. The scratch-resistant Ultravision panoramic visor, with its 190° field of vision, gives the rider a clear and wide view of the road and hazards, in every riding position. The visor, integrated sun visor and Pinlock® 120 Max Vision™ anti-fog system guarantee perfect visibility in all conditions. In addition, the K7 comes set-up for the installation of a fully integrated intercom system, for simple and safe communication.

Composite Fibre

Integrated spoiler

Cheek pads interchangeable between all sizes

Cheek pads: fresh and fluid Ritmo fabric

Crown pad: Shalimar fabric for a soft and gentle touch

DrySpeed: instant sweat absorption

Embracing neck roll profile

Fit especially designed to allow wearing glasses

Microsense: premium skin comfort

Neck roll: Ritmo fabric and synthetic leather with high abrasion resistance and water-resistant properties

Removable and washable interiors

Removable nose guard

Removable wind protector

Steel micrometric

Collarbone safe profile

2 rear extractors

5 front vents

Adjustable air vents

190° horizontal field of view

Anti-scratch

Integrated anti-scratch sun visor, removable without using tools

Micro-opening system

Multistep visor mechanism

Patented Extra Quick Release System

Patented visor lock system

Pinlock® 120XLT™ MaxVision™ Included

1.450 g in first shell size

3 shell sizes",110000,,2026-07-26,active,AGV,5000,g,Buy AGV K7 MPLK Mono Evo Grey Helmet | Mile 27 Store,"Extreme protection, in the most compact helmet in its category, for any road use.",,Cleaned noise; brand verified,High,false,Helmets,High,"Mapped from Shopify Type ""Helmets""",agv-k7-mplk-mono-evo-grey-helmet-1|Size:XS|price:110000.00|compare:|weight:5000|barcode:|qty:0 | agv-k7-mplk-mono-evo-grey-helmet-2|Size:S|price:110000.00|compare:|weight:5000|barcode:|qty:0 | agv-k7-mplk-mono-evo-grey-helmet-3|Size:M|price:110000.00|compare:|weight:5000|barcode:|qty:0 | agv-k7-mplk-mono-evo-grey-helmet-4|Size:L|price:110000.00|compare:|weight:5000|barcode:|qty:0 | agv-k7-mplk-mono-evo-grey-helmet-5|Size:XL|price:110000.00|compare:|weight:5000|barcode:|qty:0 | agv-k7-mplk-mono-evo-grey-helmet-6|Size:XXL|price:110000.00|compare:|weight:5000|barcode:|qty:0,"agv-k7-mplk-mono-evo-grey-helmet-1,agv-k7-mplk-mono-evo-grey-helmet-2,agv-k7-mplk-mono-evo-grey-helmet-3,agv-k7-mplk-mono-evo-grey-helmet-4,agv-k7-mplk-mono-evo-grey-helmet-5,agv-k7-mplk-mono-evo-grey-helmet-6",6,https://cdn.shopify.com/s/files/1/0076/8301/4754/files/2118399004_004_1.webp?v=1771321290|pos:1|alt:AGV AGV K7 MPLK Mono Evo Grey Helmet – front view || https://cdn.shopify.com/s/files/1/0076/8301/4754/files/2118399004_004_4.webp?v=1771321290|pos:2|alt:AGV AGV K7 MPLK Mono Evo Grey Helmet – side view || https://cdn.shopify.com/s/files/1/0076/8301/4754/files/2118399004_004_3.webp?v=1771321290|pos:3|alt:AGV AGV K7 MPLK Mono Evo Grey Helmet – rear view || https://cdn.shopify.com/s/files/1/0076/8301/4754/files/2118399004_004_5.webp?v=1771321290|pos:4|alt:AGV AGV K7 MPLK Mono Evo Grey Helmet – detail view || https://cdn.shopify.com/s/files/1/0076/8301/4754/files/2118399004_004_2.webp?v=1771321290|pos:5|alt:AGV AGV K7 MPLK Mono Evo Grey Helmet – top view || https://cdn.shopify.com/s/files/1/0076/8301/4754/files/2118399004_004_7.webp?v=1771321290|pos:6|alt:AGV AGV K7 MPLK Mono Evo Grey Helmet – product view,6,AGV AGV K7 MPLK Mono Evo Grey Helmet – front view | AGV AGV K7 MPLK Mono Evo Grey Helmet – side view | AGV AGV K7 MPLK Mono Evo Grey Helmet – rear view | AGV AGV K7 MPLK Mono Evo Grey Helmet – detail view | AGV AGV K7 MPLK Mono Evo Grey Helmet – top view | AGV AGV K7 MPLK Mono Evo Grey Helmet – product view,,0,,,,,,,,,false,not_eligible,,0,false,/products/agv-k7-mplk-mono-evo-grey-helmet,/products/agv-k7-mplk-mono-evo-grey-helmet
agv-k7-mplk-super-46-helmet,agv-k7-mplk-super-46-helmet,AGV K7 MPLK Super 46 Helmet,AGV K7 MPLK Super 46 Helmet,agv-k7-mplk-super-46-helmet,"Extreme protection, in the most compact helmet in its category, for any road use. Available in multiple sizes and/or colours — select your variant.","<p><span>Extreme protection, in the most compact helmet in its category, for any road use.</span><br><br><span>K7 is the </span><strong>perfect balance between sportiness and touring</strong><span>, evolved to the maximum degree. Suitable for any type of riding and all road routes, this helmet offers the best features of the sporting and touring world, helping you to face any challenge on two wheels – from the most difficult turns to long adventures in the saddle.</span><br><br><span>The </span><strong>composite fiber shell<span> </span></strong><span>of the K7 offers excellent protection, making it </span><strong>the most compact full-face road helmet<span> </span></strong><span>in its category, ensuring indispensable lightness with a weight of only 1,450 g in the smallest shell size.</span><strong><span> </span></strong><span>Due to its</span><strong><span> </span>three shell sizes and four EPS sizes</strong><span>, the K7 adapts perfectly to every rider, guaranteeing comfort in all riding situations. Subjected to the strict AGV Extreme Safety design protocol, the K7 passes by some distance all tests in the </span><strong>ECE22.06<span> </span></strong><span>standard. Furthermore, the </span><strong>collarbone-protection profile,</strong><span> designed by AGV, significantly reduces the risk of collarbone injury in the event of impact. This solution created for the track is now available to every rider on the lookout for perfection.</span><br><br><span>Conceived in a wind tunnel, the K7's design offers maximum stability at high speed, ideal for both sports and touring riding. The </span><strong>new visor mechanism</strong><span> ensures smooth and reliable activation, with a compact profile and more EPS in the temple area for greater protection. The K7 is also equipped with AGV's patented </span><strong>Air Diffusion Crownpad Technology ventilation system</strong><span>, which offers the highest level of internal air diffusion ever achieved in a helmet. Due to a combined crown pad and EPS design, this technology guarantees maximum ventilation efficiency. Every detail, from the visor to the spoiler, has been developed with the aim of optimizing the flow of air inside the crown pad to ensure superior riding comfort.</span><br><br><span>The </span><strong>premium interior</strong><span>, made of soft fabric with </span><strong>DrySpeed treatment</strong><span> that rapidly absorbs sweat, offers extreme comfort, allowing the rider to focus solely on the road. The scratch-resistant </span><strong>Ultravision panoramic visor</strong><span>, with its 190° field of vision, gives the rider a clear and wide view of the road and hazards, in every riding position. The visor, integrated sun visor and </span><strong>Pinlock® 120 Max Vision™</strong><span> anti-fog system guarantee perfect visibility in all conditions. In addition, the K7 comes set-up for the installation of a fully integrated intercom system, for simple and safe communication.</span></p>
<div class=""accordion-item"">
<div id=""productmaterial"" class=""accordion-collapse collapse show"" data-bs-parent=""#productmaterial"">
<div class=""pb-3"">
<p class=""mb-1"">Composite Fibre</p>
<div class=""accordion-item"">
<div id=""AERODYNAMICS"" class=""accordion-collapse collapse show"" data-bs-parent=""#AERODYNAMICS"">
<div class=""pb-3"">
<p class=""mb-1"">Integrated spoiler</p>
<p class=""mb-1"">Cheek pads interchangeable between all sizes</p>
<p class=""mb-1"">Cheek pads: fresh and fluid Ritmo fabric</p>
<p class=""mb-1"">Crown pad: Shalimar fabric for a soft and gentle touch</p>
<p class=""mb-1"">DrySpeed: instant sweat absorption</p>
<p class=""mb-1"">Embracing neck roll profile</p>
<p class=""mb-1"">Fit especially designed to allow wearing glasses</p>
<p class=""mb-1"">Microsense: premium skin comfort</p>
<p class=""mb-1"">Neck roll: Ritmo fabric and synthetic leather with high abrasion resistance and water-resistant properties</p>
<p class=""mb-1"">Removable and washable interiors</p>
<p class=""mb-1"">Removable nose guard</p>
<p class=""mb-1"">Removable wind protector</p>
<div class=""accordion-item"">
<div id=""RETENTION_SYSTEM"" class=""accordion-collapse collapse show"" data-bs-parent=""#RETENTION_SYSTEM"">
<div class=""pb-3"">
<p class=""mb-1"">Steel micrometric</p>
<div class=""accordion-item"">
<div id=""SHELL"" class=""accordion-collapse collapse show"" data-bs-parent=""#SHELL"">
<div class=""pb-3"">
<p class=""mb-1"">Collarbone safe profile</p>
<p class=""mb-1"">2 rear extractors</p>
<p class=""mb-1"">5 front vents</p>
<p class=""mb-1"">Adjustable air vents</p>
<p class=""mb-1"">190° horizontal field of view</p>
<p class=""mb-1"">Anti-scratch</p>
<p class=""mb-1"">Integrated anti-scratch sun visor, removable without using tools</p>
<p class=""mb-1"">Micro-opening system</p>
<p class=""mb-1"">Multistep visor mechanism</p>
<p class=""mb-1"">Patented Extra Quick Release System</p>
<p class=""mb-1"">Patented visor lock system</p>
<p class=""mb-1"">Pinlock® 120XLT™ MaxVision™ Included</p>
<div class=""accordion-item"">
<div id=""WEIGHT"" class=""accordion-collapse collapse show"" data-bs-parent=""#WEIGHT"">
<div class=""pb-3"">
<p class=""mb-1"">1.450 g in first shell size</p>
<div class=""accordion"" id=""accordion-MaterialCare"">
<div class=""accordion-item"">
<div id=""MAIN_FEATURES"" class=""accordion-collapse collapse show"" data-bs-parent=""#MAIN_FEATURES"">
<div class=""pb-3"">
<p class=""mb-1"">3 shell sizes</p>
</div>
</div>
</div>
</div>
</div>
</div>
</div>
</div>
</div>
</div>
</div>
</div>
</div>
</div>
</div>
</div>
</div>
</div>
</div>","Extreme protection, in the most compact helmet in its category, for any road use.

K7 is the perfect balance between sportiness and touring, evolved to the maximum degree. Suitable for any type of riding and all road routes, this helmet offers the best features of the sporting and touring world, helping you to face any challenge on two wheels – from the most difficult turns to long adventures in the saddle.

The composite fiber shell of the K7 offers excellent protection, making it the most compact full-face road helmet in its category, ensuring indispensable lightness with a weight of only 1,450 g in the smallest shell size. Due to its three shell sizes and four EPS sizes, the K7 adapts perfectly to every rider, guaranteeing comfort in all riding situations. Subjected to the strict AGV Extreme Safety design protocol, the K7 passes by some distance all tests in the ECE22.06 standard. Furthermore, the collarbone-protection profile, designed by AGV, significantly reduces the risk of collarbone injury in the event of impact. This solution created for the track is now available to every rider on the lookout for perfection.

Conceived in a wind tunnel, the K7's design offers maximum stability at high speed, ideal for both sports and touring riding. The new visor mechanism ensures smooth and reliable activation, with a compact profile and more EPS in the temple area for greater protection. The K7 is also equipped with AGV's patented Air Diffusion Crownpad Technology ventilation system, which offers the highest level of internal air diffusion ever achieved in a helmet. Due to a combined crown pad and EPS design, this technology guarantees maximum ventilation efficiency. Every detail, from the visor to the spoiler, has been developed with the aim of optimizing the flow of air inside the crown pad to ensure superior riding comfort.

The premium interior, made of soft fabric with DrySpeed treatment that rapidly absorbs sweat, offers extreme comfort, allowing the rider to focus solely on the road. The scratch-resistant Ultravision panoramic visor, with its 190° field of vision, gives the rider a clear and wide view of the road and hazards, in every riding position. The visor, integrated sun visor and Pinlock® 120 Max Vision™ anti-fog system guarantee perfect visibility in all conditions. In addition, the K7 comes set-up for the installation of a fully integrated intercom system, for simple and safe communication.

Composite Fibre

Integrated spoiler

Cheek pads interchangeable between all sizes

Cheek pads: fresh and fluid Ritmo fabric

Crown pad: Shalimar fabric for a soft and gentle touch

DrySpeed: instant sweat absorption

Embracing neck roll profile

Fit especially designed to allow wearing glasses

Microsense: premium skin comfort

Neck roll: Ritmo fabric and synthetic leather with high abrasion resistance and water-resistant properties

Removable and washable interiors

Removable nose guard

Removable wind protector

Steel micrometric

Collarbone safe profile

2 rear extractors

5 front vents

Adjustable air vents

190° horizontal field of view

Anti-scratch

Integrated anti-scratch sun visor, removable without using tools

Micro-opening system

Multistep visor mechanism

Patented Extra Quick Release System

Patented visor lock system

Pinlock® 120XLT™ MaxVision™ Included

1.450 g in first shell size

3 shell sizes",122000,,2026-07-26,active,AGV,5000,g,Buy AGV K7 MPLK Super 46 Helmet | Mile 27 Store,"Extreme protection, in the most compact helmet in its category, for any road use.",,Cleaned noise; brand verified,High,false,Helmets,High,"Mapped from Shopify Type ""Helmets""",agv-k7-mplk-super-46-helmet-1|Size:XS|price:122000.00|compare:|weight:5000|barcode:|qty:0 | agv-k7-mplk-super-46-helmet-2|Size:S|price:122000.00|compare:|weight:5000|barcode:|qty:0 | agv-k7-mplk-super-46-helmet-3|Size:M|price:122000.00|compare:|weight:5000|barcode:|qty:0 | agv-k7-mplk-super-46-helmet-4|Size:L|price:122000.00|compare:|weight:5000|barcode:|qty:0 | agv-k7-mplk-super-46-helmet-5|Size:XL|price:122000.00|compare:|weight:5000|barcode:|qty:0 | agv-k7-mplk-super-46-helmet-6|Size:XXL|price:122000.00|compare:|weight:5000|barcode:|qty:0,"agv-k7-mplk-super-46-helmet-1,agv-k7-mplk-super-46-helmet-2,agv-k7-mplk-super-46-helmet-3,agv-k7-mplk-super-46-helmet-4,agv-k7-mplk-super-46-helmet-5,agv-k7-mplk-super-46-helmet-6",6,https://cdn.shopify.com/s/files/1/0076/8301/4754/files/2118399004_013_1.webp?v=1771320640|pos:1|alt:AGV AGV K7 MPLK Super 46 Helmet – front view || https://cdn.shopify.com/s/files/1/0076/8301/4754/files/2118399004_013_4.webp?v=1771320640|pos:2|alt:AGV AGV K7 MPLK Super 46 Helmet – side view || https://cdn.shopify.com/s/files/1/0076/8301/4754/files/2118399004_013_3.webp?v=1771320640|pos:3|alt:AGV AGV K7 MPLK Super 46 Helmet – rear view || https://cdn.shopify.com/s/files/1/0076/8301/4754/files/2118399004_013_6.webp?v=1771320640|pos:4|alt:AGV AGV K7 MPLK Super 46 Helmet – detail view || https://cdn.shopify.com/s/files/1/0076/8301/4754/files/2118399004_013_2.webp?v=1771320640|pos:5|alt:AGV AGV K7 MPLK Super 46 Helmet – top view || https://cdn.shopify.com/s/files/1/0076/8301/4754/files/2118399004_013_7.webp?v=1771320640|pos:6|alt:AGV AGV K7 MPLK Super 46 Helmet – product view,6,AGV AGV K7 MPLK Super 46 Helmet – front view | AGV AGV K7 MPLK Super 46 Helmet – side view | AGV AGV K7 MPLK Super 46 Helmet – rear view | AGV AGV K7 MPLK Super 46 Helmet – detail view | AGV AGV K7 MPLK Super 46 Helmet – top view | AGV AGV K7 MPLK Super 46 Helmet – product view,,0,,,,,,,,,false,not_eligible,,0,false,/products/agv-k7-mplk-super-46-helmet,/products/agv-k7-mplk-super-46-helmet
agv-k7-mplk-mono-white-helmet,agv-k7-mplk-mono-white-helmet,AGV K7 MPLK Mono White Helmet,AGV K7 MPLK Mono White Helmet,agv-k7-mplk-mono-white-helmet,"Extreme protection, in the most compact helmet in its category, for any road use. Available in multiple sizes and/or colours — select your variant.","<p><span>Extreme protection, in the most compact helmet in its category, for any road use.</span><br><br><span>K7 is the </span><strong>perfect balance between sportiness and touring</strong><span>, evolved to the maximum degree. Suitable for any type of riding and all road routes, this helmet offers the best features of the sporting and touring world, helping you to face any challenge on two wheels – from the most difficult turns to long adventures in the saddle.</span><br><br><span>The </span><strong>composite fiber shell<span> </span></strong><span>of the K7 offers excellent protection, making it </span><strong>the most compact full-face road helmet<span> </span></strong><span>in its category, ensuring indispensable lightness with a weight of only 1,450 g in the smallest shell size.</span><strong><span> </span></strong><span>Due to its</span><strong><span> </span>three shell sizes and four EPS sizes</strong><span>, the K7 adapts perfectly to every rider, guaranteeing comfort in all riding situations. Subjected to the strict AGV Extreme Safety design protocol, the K7 passes by some distance all tests in the </span><strong>ECE22.06<span> </span></strong><span>standard. Furthermore, the </span><strong>collarbone-protection profile,</strong><span> designed by AGV, significantly reduces the risk of collarbone injury in the event of impact. This solution created for the track is now available to every rider on the lookout for perfection.</span><br><br><span>Conceived in a wind tunnel, the K7's design offers maximum stability at high speed, ideal for both sports and touring riding. The </span><strong>new visor mechanism</strong><span> ensures smooth and reliable activation, with a compact profile and more EPS in the temple area for greater protection. The K7 is also equipped with AGV's patented </span><strong>Air Diffusion Crownpad Technology ventilation system</strong><span>, which offers the highest level of internal air diffusion ever achieved in a helmet. Due to a combined crown pad and EPS design, this technology guarantees maximum ventilation efficiency. Every detail, from the visor to the spoiler, has been developed with the aim of optimizing the flow of air inside the crown pad to ensure superior riding comfort.</span><br><br><span>The </span><strong>premium interior</strong><span>, made of soft fabric with </span><strong>DrySpeed treatment</strong><span> that rapidly absorbs sweat, offers extreme comfort, allowing the rider to focus solely on the road. The scratch-resistant </span><strong>Ultravision panoramic visor</strong><span>, with its 190° field of vision, gives the rider a clear and wide view of the road and hazards, in every riding position. The visor, integrated sun visor and </span><strong>Pinlock® 120 Max Vision™</strong><span> anti-fog system guarantee perfect visibility in all conditions. In addition, the K7 comes set-up for the installation of a fully integrated intercom system, for simple and safe communication.</span></p>
<div class=""accordion-item"">
<div id=""productmaterial"" class=""accordion-collapse collapse show"" data-bs-parent=""#productmaterial"">
<div class=""pb-3"">
<p class=""mb-1"">Composite Fibre</p>
<div class=""accordion-item"">
<div id=""AERODYNAMICS"" class=""accordion-collapse collapse show"" data-bs-parent=""#AERODYNAMICS"">
<div class=""pb-3"">
<p class=""mb-1"">Integrated spoiler</p>
<p class=""mb-1"">Cheek pads interchangeable between all sizes</p>
<p class=""mb-1"">Cheek pads: fresh and fluid Ritmo fabric</p>
<p class=""mb-1"">Crown pad: Shalimar fabric for a soft and gentle touch</p>
<p class=""mb-1"">DrySpeed: instant sweat absorption</p>
<p class=""mb-1"">Embracing neck roll profile</p>
<p class=""mb-1"">Fit especially designed to allow wearing glasses</p>
<p class=""mb-1"">Microsense: premium skin comfort</p>
<p class=""mb-1"">Neck roll: Ritmo fabric and synthetic leather with high abrasion resistance and water-resistant properties</p>
<p class=""mb-1"">Removable and washable interiors</p>
<p class=""mb-1"">Removable nose guard</p>
<p class=""mb-1"">Removable wind protector</p>
<div class=""accordion-item"">
<div id=""RETENTION_SYSTEM"" class=""accordion-collapse collapse show"" data-bs-parent=""#RETENTION_SYSTEM"">
<div class=""pb-3"">
<p class=""mb-1"">Steel micrometric</p>
<div class=""accordion-item"">
<div id=""SHELL"" class=""accordion-collapse collapse show"" data-bs-parent=""#SHELL"">
<div class=""pb-3"">
<p class=""mb-1"">Collarbone safe profile</p>
<p class=""mb-1"">2 rear extractors</p>
<p class=""mb-1"">5 front vents</p>
<p class=""mb-1"">Adjustable air vents</p>
<p class=""mb-1"">190° horizontal field of view</p>
<p class=""mb-1"">Anti-scratch</p>
<p class=""mb-1"">Integrated anti-scratch sun visor, removable without using tools</p>
<p class=""mb-1"">Micro-opening system</p>
<p class=""mb-1"">Multistep visor mechanism</p>
<p class=""mb-1"">Patented Extra Quick Release System</p>
<p class=""mb-1"">Patented visor lock system</p>
<p class=""mb-1"">Pinlock® 120XLT™ MaxVision™ Included</p>
<div class=""accordion-item"">
<div id=""WEIGHT"" class=""accordion-collapse collapse show"" data-bs-parent=""#WEIGHT"">
<div class=""pb-3"">
<p class=""mb-1"">1.450 g in first shell size</p>
<div class=""accordion"" id=""accordion-MaterialCare"">
<div class=""accordion-item"">
<div id=""MAIN_FEATURES"" class=""accordion-collapse collapse show"" data-bs-parent=""#MAIN_FEATURES"">
<div class=""pb-3"">
<p class=""mb-1"">3 shell sizes</p>
</div>
</div>
</div>
</div>
</div>
</div>
</div>
</div>
</div>
</div>
</div>
</div>
</div>
</div>
</div>
</div>
</div>
</div>
</div>","Extreme protection, in the most compact helmet in its category, for any road use.

K7 is the perfect balance between sportiness and touring, evolved to the maximum degree. Suitable for any type of riding and all road routes, this helmet offers the best features of the sporting and touring world, helping you to face any challenge on two wheels – from the most difficult turns to long adventures in the saddle.

The composite fiber shell of the K7 offers excellent protection, making it the most compact full-face road helmet in its category, ensuring indispensable lightness with a weight of only 1,450 g in the smallest shell size. Due to its three shell sizes and four EPS sizes, the K7 adapts perfectly to every rider, guaranteeing comfort in all riding situations. Subjected to the strict AGV Extreme Safety design protocol, the K7 passes by some distance all tests in the ECE22.06 standard. Furthermore, the collarbone-protection profile, designed by AGV, significantly reduces the risk of collarbone injury in the event of impact. This solution created for the track is now available to every rider on the lookout for perfection.

Conceived in a wind tunnel, the K7's design offers maximum stability at high speed, ideal for both sports and touring riding. The new visor mechanism ensures smooth and reliable activation, with a compact profile and more EPS in the temple area for greater protection. The K7 is also equipped with AGV's patented Air Diffusion Crownpad Technology ventilation system, which offers the highest level of internal air diffusion ever achieved in a helmet. Due to a combined crown pad and EPS design, this technology guarantees maximum ventilation efficiency. Every detail, from the visor to the spoiler, has been developed with the aim of optimizing the flow of air inside the crown pad to ensure superior riding comfort.

The premium interior, made of soft fabric with DrySpeed treatment that rapidly absorbs sweat, offers extreme comfort, allowing the rider to focus solely on the road. The scratch-resistant Ultravision panoramic visor, with its 190° field of vision, gives the rider a clear and wide view of the road and hazards, in every riding position. The visor, integrated sun visor and Pinlock® 120 Max Vision™ anti-fog system guarantee perfect visibility in all conditions. In addition, the K7 comes set-up for the installation of a fully integrated intercom system, for simple and safe communication.

Composite Fibre

Integrated spoiler

Cheek pads interchangeable between all sizes

Cheek pads: fresh and fluid Ritmo fabric

Crown pad: Shalimar fabric for a soft and gentle touch

DrySpeed: instant sweat absorption

Embracing neck roll profile

Fit especially designed to allow wearing glasses

Microsense: premium skin comfort

Neck roll: Ritmo fabric and synthetic leather with high abrasion resistance and water-resistant properties

Removable and washable interiors

Removable nose guard

Removable wind protector

Steel micrometric

Collarbone safe profile

2 rear extractors

5 front vents

Adjustable air vents

190° horizontal field of view

Anti-scratch

Integrated anti-scratch sun visor, removable without using tools

Micro-opening system

Multistep visor mechanism

Patented Extra Quick Release System

Patented visor lock system

Pinlock® 120XLT™ MaxVision™ Included

1.450 g in first shell size

3 shell sizes",110000,,2026-07-26,active,AGV,5000,g,Buy AGV K7 MPLK Mono White Helmet | Mile 27 Store,"Extreme protection, in the most compact helmet in its category, for any road use.",,Cleaned noise; brand verified,High,false,Helmets,High,"Mapped from Shopify Type ""Helmets""",agv-k7-mplk-mono-white-helmet-1|Size:XS|price:110000.00|compare:|weight:5000|barcode:|qty:0 | agv-k7-mplk-mono-white-helmet-2|Size:S|price:110000.00|compare:|weight:5000|barcode:|qty:0 | agv-k7-mplk-mono-white-helmet-3|Size:M|price:110000.00|compare:|weight:5000|barcode:|qty:0 | agv-k7-mplk-mono-white-helmet-4|Size:L|price:110000.00|compare:|weight:5000|barcode:|qty:0 | agv-k7-mplk-mono-white-helmet-5|Size:XL|price:110000.00|compare:|weight:5000|barcode:|qty:0 | agv-k7-mplk-mono-white-helmet-6|Size:XXL|price:110000.00|compare:|weight:5000|barcode:|qty:0,"agv-k7-mplk-mono-white-helmet-1,agv-k7-mplk-mono-white-helmet-2,agv-k7-mplk-mono-white-helmet-3,agv-k7-mplk-mono-white-helmet-4,agv-k7-mplk-mono-white-helmet-5,agv-k7-mplk-mono-white-helmet-6",6,https://cdn.shopify.com/s/files/1/0076/8301/4754/files/2118399004_002_1.webp?v=1771320351|pos:1|alt:AGV AGV K7 MPLK Mono White Helmet – front view || https://cdn.shopify.com/s/files/1/0076/8301/4754/files/2118399004_002_4.webp?v=1771320351|pos:2|alt:AGV AGV K7 MPLK Mono White Helmet – side view || https://cdn.shopify.com/s/files/1/0076/8301/4754/files/2118399004_002_3.webp?v=1771320351|pos:3|alt:AGV AGV K7 MPLK Mono White Helmet – rear view || https://cdn.shopify.com/s/files/1/0076/8301/4754/files/2118399004_002_5.webp?v=1771320351|pos:4|alt:AGV AGV K7 MPLK Mono White Helmet – detail view || https://cdn.shopify.com/s/files/1/0076/8301/4754/files/2118399004_002_2.webp?v=1771320351|pos:5|alt:AGV AGV K7 MPLK Mono White Helmet – top view || https://cdn.shopify.com/s/files/1/0076/8301/4754/files/2118399004_002_7.webp?v=1771320351|pos:6|alt:AGV AGV K7 MPLK Mono White Helmet – product view,6,AGV AGV K7 MPLK Mono White Helmet – front view | AGV AGV K7 MPLK Mono White Helmet – side view | AGV AGV K7 MPLK Mono White Helmet – rear view | AGV AGV K7 MPLK Mono White Helmet – detail view | AGV AGV K7 MPLK Mono White Helmet – top view | AGV AGV K7 MPLK Mono White Helmet – product view,,0,,,,,,,,,false,not_eligible,,0,false,/products/agv-k7-mplk-mono-white-helmet,/products/agv-k7-mplk-mono-white-helmet
agv-k7-mplk-damascus-black-silver-helmet,agv-k7-mplk-damascus-black-silver-helmet,AGV K7 MPLK Damascus Black/Silver Helmet,AGV K7 MPLK Damascus Black/Silver Helmet,agv-k7-mplk-damascus-black-silver-helmet,"Extreme protection, in the most compact helmet in its category, for any road use. Available in multiple sizes and/or colours — select your variant.","<p><span>Extreme protection, in the most compact helmet in its category, for any road use.</span><br><br><span>K7 is the </span><strong>perfect balance between sportiness and touring</strong><span>, evolved to the maximum degree. Suitable for any type of riding and all road routes, this helmet offers the best features of the sporting and touring world, helping you to face any challenge on two wheels – from the most difficult turns to long adventures in the saddle.</span><br><br><span>The </span><strong>composite fiber shell<span> </span></strong><span>of the K7 offers excellent protection, making it </span><strong>the most compact full-face road helmet<span> </span></strong><span>in its category, ensuring indispensable lightness with a weight of only 1,450 g in the smallest shell size.</span><strong><span> </span></strong><span>Due to its</span><strong><span> </span>three shell sizes and four EPS sizes</strong><span>, the K7 adapts perfectly to every rider, guaranteeing comfort in all riding situations. Subjected to the strict AGV Extreme Safety design protocol, the K7 passes by some distance all tests in the </span><strong>ECE22.06<span> </span></strong><span>standard. Furthermore, the </span><strong>collarbone-protection profile,</strong><span> designed by AGV, significantly reduces the risk of collarbone injury in the event of impact. This solution created for the track is now available to every rider on the lookout for perfection.</span><br><br><span>Conceived in a wind tunnel, the K7's design offers maximum stability at high speed, ideal for both sports and touring riding. The </span><strong>new visor mechanism</strong><span> ensures smooth and reliable activation, with a compact profile and more EPS in the temple area for greater protection. The K7 is also equipped with AGV's patented </span><strong>Air Diffusion Crownpad Technology ventilation system</strong><span>, which offers the highest level of internal air diffusion ever achieved in a helmet. Due to a combined crown pad and EPS design, this technology guarantees maximum ventilation efficiency. Every detail, from the visor to the spoiler, has been developed with the aim of optimizing the flow of air inside the crown pad to ensure superior riding comfort.</span><br><br><span>The </span><strong>premium interior</strong><span>, made of soft fabric with </span><strong>DrySpeed treatment</strong><span> that rapidly absorbs sweat, offers extreme comfort, allowing the rider to focus solely on the road. The scratch-resistant </span><strong>Ultravision panoramic visor</strong><span>, with its 190° field of vision, gives the rider a clear and wide view of the road and hazards, in every riding position. The visor, integrated sun visor and </span><strong>Pinlock® 120 Max Vision™</strong><span> anti-fog system guarantee perfect visibility in all conditions. In addition, the K7 comes set-up for the installation of a fully integrated intercom system, for simple and safe communication.</span></p>
<div class=""accordion-item"">
<div id=""productmaterial"" class=""accordion-collapse collapse show"" data-bs-parent=""#productmaterial"">
<div class=""pb-3"">
<p class=""mb-1"">Composite Fibre</p>
<div class=""accordion-item"">
<div id=""AERODYNAMICS"" class=""accordion-collapse collapse show"" data-bs-parent=""#AERODYNAMICS"">
<div class=""pb-3"">
<p class=""mb-1"">Integrated spoiler</p>
<p class=""mb-1"">Cheek pads interchangeable between all sizes</p>
<p class=""mb-1"">Cheek pads: fresh and fluid Ritmo fabric</p>
<p class=""mb-1"">Crown pad: Shalimar fabric for a soft and gentle touch</p>
<p class=""mb-1"">DrySpeed: instant sweat absorption</p>
<p class=""mb-1"">Embracing neck roll profile</p>
<p class=""mb-1"">Fit especially designed to allow wearing glasses</p>
<p class=""mb-1"">Microsense: premium skin comfort</p>
<p class=""mb-1"">Neck roll: Ritmo fabric and synthetic leather with high abrasion resistance and water-resistant properties</p>
<p class=""mb-1"">Removable and washable interiors</p>
<p class=""mb-1"">Removable nose guard</p>
<p class=""mb-1"">Removable wind protector</p>
<div class=""accordion-item"">
<div id=""RETENTION_SYSTEM"" class=""accordion-collapse collapse show"" data-bs-parent=""#RETENTION_SYSTEM"">
<div class=""pb-3"">
<p class=""mb-1"">Steel micrometric</p>
<div class=""accordion-item"">
<div id=""SHELL"" class=""accordion-collapse collapse show"" data-bs-parent=""#SHELL"">
<div class=""pb-3"">
<p class=""mb-1"">Collarbone safe profile</p>
<p class=""mb-1"">2 rear extractors</p>
<p class=""mb-1"">5 front vents</p>
<p class=""mb-1"">Adjustable air vents</p>
<p class=""mb-1""><button class=""accordion-button fw-semibold"" type=""button"" data-bs-toggle=""collapse"" data-bs-target=""#VISOR"" aria-expanded=""true"" aria-controls=""VISOR"">Visor</button></p>
<div id=""VISOR"" class=""accordion-collapse collapse show"" data-bs-parent=""#VISOR"">
<div class=""pb-3"">
<p class=""mb-1"">190° horizontal field of view</p>
<p class=""mb-1"">Anti-scratch</p>
<p class=""mb-1"">Integrated anti-scratch sun visor, removable without using tools</p>
<p class=""mb-1"">Micro-opening system</p>
<p class=""mb-1"">Multistep visor mechanism</p>
<p class=""mb-1"">Patented Extra Quick Release System</p>
<p class=""mb-1"">Patented visor lock system</p>
<p class=""mb-1"">Pinlock® 120XLT™ MaxVision™ Included</p>
<div class=""accordion-item"">
<div id=""WEIGHT"" class=""accordion-collapse collapse show"" data-bs-parent=""#WEIGHT"">
<div class=""pb-3"">
<p class=""mb-1"">1.450 g in first shell size</p>
<div class=""accordion"" id=""accordion-MaterialCare"">
<div class=""accordion-item"">
<div id=""MAIN_FEATURES"" class=""accordion-collapse collapse show"" data-bs-parent=""#MAIN_FEATURES"">
<div class=""pb-3"">
<p class=""mb-1"">3 shell sizes</p>
</div>
</div>
</div>
</div>
</div>
</div>
</div>
</div>
</div>
</div>
</div>
</div>
</div>
</div>
</div>
</div>
</div>
</div>
</div>
</div>
</div>
<div class=""accordion-item""><br></div>
<p> </p>","Extreme protection, in the most compact helmet in its category, for any road use.

K7 is the perfect balance between sportiness and touring, evolved to the maximum degree. Suitable for any type of riding and all road routes, this helmet offers the best features of the sporting and touring world, helping you to face any challenge on two wheels – from the most difficult turns to long adventures in the saddle.

The composite fiber shell of the K7 offers excellent protection, making it the most compact full-face road helmet in its category, ensuring indispensable lightness with a weight of only 1,450 g in the smallest shell size. Due to its three shell sizes and four EPS sizes, the K7 adapts perfectly to every rider, guaranteeing comfort in all riding situations. Subjected to the strict AGV Extreme Safety design protocol, the K7 passes by some distance all tests in the ECE22.06 standard. Furthermore, the collarbone-protection profile, designed by AGV, significantly reduces the risk of collarbone injury in the event of impact. This solution created for the track is now available to every rider on the lookout for perfection.

Conceived in a wind tunnel, the K7's design offers maximum stability at high speed, ideal for both sports and touring riding. The new visor mechanism ensures smooth and reliable activation, with a compact profile and more EPS in the temple area for greater protection. The K7 is also equipped with AGV's patented Air Diffusion Crownpad Technology ventilation system, which offers the highest level of internal air diffusion ever achieved in a helmet. Due to a combined crown pad and EPS design, this technology guarantees maximum ventilation efficiency. Every detail, from the visor to the spoiler, has been developed with the aim of optimizing the flow of air inside the crown pad to ensure superior riding comfort.

The premium interior, made of soft fabric with DrySpeed treatment that rapidly absorbs sweat, offers extreme comfort, allowing the rider to focus solely on the road. The scratch-resistant Ultravision panoramic visor, with its 190° field of vision, gives the rider a clear and wide view of the road and hazards, in every riding position. The visor, integrated sun visor and Pinlock® 120 Max Vision™ anti-fog system guarantee perfect visibility in all conditions. In addition, the K7 comes set-up for the installation of a fully integrated intercom system, for simple and safe communication.

Composite Fibre

Integrated spoiler

Cheek pads interchangeable between all sizes

Cheek pads: fresh and fluid Ritmo fabric

Crown pad: Shalimar fabric for a soft and gentle touch

DrySpeed: instant sweat absorption

Embracing neck roll profile

Fit especially designed to allow wearing glasses

Microsense: premium skin comfort

Neck roll: Ritmo fabric and synthetic leather with high abrasion resistance and water-resistant properties

Removable and washable interiors

Removable nose guard

Removable wind protector

Steel micrometric

Collarbone safe profile

2 rear extractors

5 front vents

Adjustable air vents

Visor

190° horizontal field of view

Anti-scratch

Integrated anti-scratch sun visor, removable without using tools

Micro-opening system

Multistep visor mechanism

Patented Extra Quick Release System

Patented visor lock system

Pinlock® 120XLT™ MaxVision™ Included

1.450 g in first shell size

3 shell sizes",120000,,2026-07-26,active,AGV,5000,g,Buy AGV K7 MPLK Damascus Black/Silver Helmet | Mile 27 Store,"Extreme protection, in the most compact helmet in its category, for any road use.",,Cleaned noise; brand verified,High,false,Helmets,High,"Mapped from Shopify Type ""Helmets""",agv-k7-mplk-damascus-black-silver-helmet-1|Size:XS|price:120000.00|compare:|weight:5000|barcode:|qty:0 | agv-k7-mplk-damascus-black-silver-helmet-2|Size:S|price:120000.00|compare:|weight:5000|barcode:|qty:0 | agv-k7-mplk-damascus-black-silver-helmet-3|Size:M|price:120000.00|compare:|weight:5000|barcode:|qty:0 | agv-k7-mplk-damascus-black-silver-helmet-4|Size:L|price:120000.00|compare:|weight:5000|barcode:|qty:0 | agv-k7-mplk-damascus-black-silver-helmet-5|Size:XL|price:120000.00|compare:|weight:5000|barcode:|qty:0 | agv-k7-mplk-damascus-black-silver-helmet-6|Size:XXL|price:120000.00|compare:|weight:5000|barcode:|qty:0,"agv-k7-mplk-damascus-black-silver-helmet-1,agv-k7-mplk-damascus-black-silver-helmet-2,agv-k7-mplk-damascus-black-silver-helmet-3,agv-k7-mplk-damascus-black-silver-helmet-4,agv-k7-mplk-damascus-black-silver-helmet-5,agv-k7-mplk-damascus-black-silver-helmet-6",6,https://cdn.shopify.com/s/files/1/0076/8301/4754/files/2118399004_010_1.webp?v=1771319976|pos:1|alt:AGV AGV K7 MPLK Damascus Black/Silver Helmet – front view || https://cdn.shopify.com/s/files/1/0076/8301/4754/files/2118399004_010_4.webp?v=1771319976|pos:2|alt:AGV AGV K7 MPLK Damascus Black/Silver Helmet – side view || https://cdn.shopify.com/s/files/1/0076/8301/4754/files/2118399004_010_3.webp?v=1771319976|pos:3|alt:AGV AGV K7 MPLK Damascus Black/Silver Helmet – rear view || https://cdn.shopify.com/s/files/1/0076/8301/4754/files/2118399004_010_5.webp?v=1771319976|pos:4|alt:AGV AGV K7 MPLK Damascus Black/Silver Helmet – detail view || https://cdn.shopify.com/s/files/1/0076/8301/4754/files/2118399004_010_2.webp?v=1771319976|pos:5|alt:AGV AGV K7 MPLK Damascus Black/Silver Helmet – top view || https://cdn.shopify.com/s/files/1/0076/8301/4754/files/2118399004_010_7.webp?v=1771319976|pos:6|alt:AGV AGV K7 MPLK Damascus Black/Silver Helmet – product view,6,AGV AGV K7 MPLK Damascus Black/Silver Helmet – front view | AGV AGV K7 MPLK Damascus Black/Silver Helmet – side view | AGV AGV K7 MPLK Damascus Black/Silver Helmet – rear view | AGV AGV K7 MPLK Damascus Black/Silver Helmet – detail view | AGV AGV K7 MPLK Damascus Black/Silver Helmet – top view | AGV AGV K7 MPLK Damascus Black/Silver Helmet – product view,,0,,,,,,,,,false,not_eligible,,0,false,/products/agv-k7-mplk-damascus-black-silver-helmet,/products/agv-k7-mplk-damascus-black-silver-helmet
agv-k7-mplk-kyber-matt-grey-yellow-fluo-helmet,agv-k7-mplk-kyber-matt-grey-yellow-fluo-helmet,AGV K7 MPLK Kyber Matt Grey/Yellow Fluo Helmet,AGV K7 MPLK Kyber Matt Grey/Yellow Fluo Helmet,agv-k7-mplk-kyber-matt-grey-yellow-fluo-helmet,"Extreme protection, in the most compact helmet in its category, for any road use. Available in multiple sizes and/or colours — select your variant.","<p><span>Extreme protection, in the most compact helmet in its category, for any road use.</span><br><br><span>K7 is the </span><strong>perfect balance between sportiness and touring</strong><span>, evolved to the maximum degree. Suitable for any type of riding and all road routes, this helmet offers the best features of the sporting and touring world, helping you to face any challenge on two wheels – from the most difficult turns to long adventures in the saddle.</span><br><br><span>The </span><strong>composite fiber shell<span> </span></strong><span>of the K7 offers excellent protection, making it </span><strong>the most compact full-face road helmet<span> </span></strong><span>in its category, ensuring indispensable lightness with a weight of only 1,450 g in the smallest shell size.</span><strong><span> </span></strong><span>Due to its</span><strong><span> </span>three shell sizes and four EPS sizes</strong><span>, the K7 adapts perfectly to every rider, guaranteeing comfort in all riding situations. Subjected to the strict AGV Extreme Safety design protocol, the K7 passes by some distance all tests in the </span><strong>ECE22.06<span> </span></strong><span>standard. Furthermore, the </span><strong>collarbone-protection profile,</strong><span> designed by AGV, significantly reduces the risk of collarbone injury in the event of impact. This solution created for the track is now available to every rider on the lookout for perfection.</span><br><br><span>Conceived in a wind tunnel, the K7's design offers maximum stability at high speed, ideal for both sports and touring riding. The </span><strong>new visor mechanism</strong><span> ensures smooth and reliable activation, with a compact profile and more EPS in the temple area for greater protection. The K7 is also equipped with AGV's patented </span><strong>Air Diffusion Crownpad Technology ventilation system</strong><span>, which offers the highest level of internal air diffusion ever achieved in a helmet. Due to a combined crown pad and EPS design, this technology guarantees maximum ventilation efficiency. Every detail, from the visor to the spoiler, has been developed with the aim of optimizing the flow of air inside the crown pad to ensure superior riding comfort.</span><br><br><span>The </span><strong>premium interior</strong><span>, made of soft fabric with </span><strong>DrySpeed treatment</strong><span> that rapidly absorbs sweat, offers extreme comfort, allowing the rider to focus solely on the road. The scratch-resistant </span><strong>Ultravision panoramic visor</strong><span>, with its 190° field of vision, gives the rider a clear and wide view of the road and hazards, in every riding position. The visor, integrated sun visor and </span><strong>Pinlock® 120 Max Vision™</strong><span> anti-fog system guarantee perfect visibility in all conditions. In addition, the K7 comes set-up for the installation of a fully integrated intercom system, for simple and safe communication.</span></p>
<div class=""accordion-item"">
<div id=""productmaterial"" class=""accordion-collapse collapse show"" data-bs-parent=""#productmaterial"">
<div class=""pb-3"">
<p class=""mb-1"">Composite Fibre</p>
<div class=""accordion-item"">
<div id=""AERODYNAMICS"" class=""accordion-collapse collapse show"" data-bs-parent=""#AERODYNAMICS"">
<div class=""pb-3"">
<p class=""mb-1"">Integrated spoiler</p>
<p class=""mb-1"">Cheek pads interchangeable between all sizes</p>
<p class=""mb-1"">Cheek pads: fresh and fluid Ritmo fabric</p>
<p class=""mb-1"">Crown pad: Shalimar fabric for a soft and gentle touch</p>
<p class=""mb-1"">DrySpeed: instant sweat absorption</p>
<p class=""mb-1"">Embracing neck roll profile</p>
<p class=""mb-1"">Fit especially designed to allow wearing glasses</p>
<p class=""mb-1"">Microsense: premium skin comfort</p>
<p class=""mb-1"">Neck roll: Ritmo fabric and synthetic leather with high abrasion resistance and water-resistant properties</p>
<p class=""mb-1"">Removable and washable interiors</p>
<p class=""mb-1"">Removable nose guard</p>
<p class=""mb-1"">Removable wind protector</p>
<div class=""accordion-item"">
<div id=""RETENTION_SYSTEM"" class=""accordion-collapse collapse show"" data-bs-parent=""#RETENTION_SYSTEM"">
<div class=""pb-3"">
<p class=""mb-1"">Steel micrometric</p>
<div class=""accordion-item"">
<div id=""SHELL"" class=""accordion-collapse collapse show"" data-bs-parent=""#SHELL"">
<div class=""pb-3"">
<p class=""mb-1"">Collarbone safe profile</p>
<p class=""mb-1"">2 rear extractors</p>
<p class=""mb-1"">5 front vents</p>
<p class=""mb-1"">Adjustable air vents</p>
<p class=""mb-1"">190° horizontal field of view</p>
<p class=""mb-1"">Anti-scratch</p>
<p class=""mb-1"">Integrated anti-scratch sun visor, removable without using tools</p>
<p class=""mb-1"">Micro-opening system</p>
<p class=""mb-1"">Multistep visor mechanism</p>
<p class=""mb-1"">Patented Extra Quick Release System</p>
<p class=""mb-1"">Patented visor lock system</p>
<p class=""mb-1"">Pinlock® 120XLT™ MaxVision™ Included</p>
<div class=""accordion-item"">
<div id=""WEIGHT"" class=""accordion-collapse collapse show"" data-bs-parent=""#WEIGHT"">
<div class=""pb-3"">
<p class=""mb-1"">1.450 g in first shell size</p>
<div class=""accordion"" id=""accordion-MaterialCare"">
<div class=""accordion-item"">
<div id=""MAIN_FEATURES"" class=""accordion-collapse collapse show"" data-bs-parent=""#MAIN_FEATURES"">
<div class=""pb-3"">
<p class=""mb-1"">3 shell sizes</p>
</div>
</div>
</div>
</div>
</div>
</div>
</div>
</div>
</div>
</div>
</div>
</div>
</div>
</div>
</div>
</div>
</div>
</div>
</div>","Extreme protection, in the most compact helmet in its category, for any road use.

K7 is the perfect balance between sportiness and touring, evolved to the maximum degree. Suitable for any type of riding and all road routes, this helmet offers the best features of the sporting and touring world, helping you to face any challenge on two wheels – from the most difficult turns to long adventures in the saddle.

The composite fiber shell of the K7 offers excellent protection, making it the most compact full-face road helmet in its category, ensuring indispensable lightness with a weight of only 1,450 g in the smallest shell size. Due to its three shell sizes and four EPS sizes, the K7 adapts perfectly to every rider, guaranteeing comfort in all riding situations. Subjected to the strict AGV Extreme Safety design protocol, the K7 passes by some distance all tests in the ECE22.06 standard. Furthermore, the collarbone-protection profile, designed by AGV, significantly reduces the risk of collarbone injury in the event of impact. This solution created for the track is now available to every rider on the lookout for perfection.

Conceived in a wind tunnel, the K7's design offers maximum stability at high speed, ideal for both sports and touring riding. The new visor mechanism ensures smooth and reliable activation, with a compact profile and more EPS in the temple area for greater protection. The K7 is also equipped with AGV's patented Air Diffusion Crownpad Technology ventilation system, which offers the highest level of internal air diffusion ever achieved in a helmet. Due to a combined crown pad and EPS design, this technology guarantees maximum ventilation efficiency. Every detail, from the visor to the spoiler, has been developed with the aim of optimizing the flow of air inside the crown pad to ensure superior riding comfort.

The premium interior, made of soft fabric with DrySpeed treatment that rapidly absorbs sweat, offers extreme comfort, allowing the rider to focus solely on the road. The scratch-resistant Ultravision panoramic visor, with its 190° field of vision, gives the rider a clear and wide view of the road and hazards, in every riding position. The visor, integrated sun visor and Pinlock® 120 Max Vision™ anti-fog system guarantee perfect visibility in all conditions. In addition, the K7 comes set-up for the installation of a fully integrated intercom system, for simple and safe communication.

Composite Fibre

Integrated spoiler

Cheek pads interchangeable between all sizes

Cheek pads: fresh and fluid Ritmo fabric

Crown pad: Shalimar fabric for a soft and gentle touch

DrySpeed: instant sweat absorption

Embracing neck roll profile

Fit especially designed to allow wearing glasses

Microsense: premium skin comfort

Neck roll: Ritmo fabric and synthetic leather with high abrasion resistance and water-resistant properties

Removable and washable interiors

Removable nose guard

Removable wind protector

Steel micrometric

Collarbone safe profile

2 rear extractors

5 front vents

Adjustable air vents

190° horizontal field of view

Anti-scratch

Integrated anti-scratch sun visor, removable without using tools

Micro-opening system

Multistep visor mechanism

Patented Extra Quick Release System

Patented visor lock system

Pinlock® 120XLT™ MaxVision™ Included

1.450 g in first shell size

3 shell sizes",120000,,2026-07-26,active,AGV,5000,g,AGV K7 MPLK Kyber Matt Grey/Yellow Fluo Helmet | Mile 27 Store,"Extreme protection, in the most compact helmet in its category, for any road use.",,Cleaned noise; brand verified,High,false,Helmets,High,"Mapped from Shopify Type ""Helmets""",agv-k7-mplk-kyber-matt-grey-yellow-fluo-helmet-1|Size:XS|price:120000.00|compare:|weight:5000|barcode:|qty:0 | agv-k7-mplk-kyber-matt-grey-yellow-fluo-helmet-2|Size:S|price:120000.00|compare:|weight:5000|barcode:|qty:0 | agv-k7-mplk-kyber-matt-grey-yellow-fluo-helmet-3|Size:M|price:120000.00|compare:|weight:5000|barcode:|qty:0 | agv-k7-mplk-kyber-matt-grey-yellow-fluo-helmet-4|Size:L|price:120000.00|compare:|weight:5000|barcode:|qty:0 | agv-k7-mplk-kyber-matt-grey-yellow-fluo-helmet-5|Size:XL|price:120000.00|compare:|weight:5000|barcode:|qty:0 | agv-k7-mplk-kyber-matt-grey-yellow-fluo-helmet-6|Size:XXL|price:120000.00|compare:|weight:5000|barcode:|qty:0,"agv-k7-mplk-kyber-matt-grey-yellow-fluo-helmet-1,agv-k7-mplk-kyber-matt-grey-yellow-fluo-helmet-2,agv-k7-mplk-kyber-matt-grey-yellow-fluo-helmet-3,agv-k7-mplk-kyber-matt-grey-yellow-fluo-helmet-4,agv-k7-mplk-kyber-matt-grey-yellow-fluo-helmet-5,agv-k7-mplk-kyber-matt-grey-yellow-fluo-helmet-6",6,https://cdn.shopify.com/s/files/1/0076/8301/4754/files/2118399004_007_1.webp?v=1771319081|pos:1|alt:AGV AGV K7 MPLK Kyber Matt Grey/Yellow Fluo Helmet – front view || https://cdn.shopify.com/s/files/1/0076/8301/4754/files/2118399004_007_4.webp?v=1771319082|pos:2|alt:AGV AGV K7 MPLK Kyber Matt Grey/Yellow Fluo Helmet – side view || https://cdn.shopify.com/s/files/1/0076/8301/4754/files/2118399004_007_3.webp?v=1771319082|pos:3|alt:AGV AGV K7 MPLK Kyber Matt Grey/Yellow Fluo Helmet – rear view || https://cdn.shopify.com/s/files/1/0076/8301/4754/files/2118399004_007_5.webp?v=1771319082|pos:4|alt:AGV AGV K7 MPLK Kyber Matt Grey/Yellow Fluo Helmet – detail view || https://cdn.shopify.com/s/files/1/0076/8301/4754/files/2118399004_007_2.webp?v=1771319082|pos:5|alt:AGV AGV K7 MPLK Kyber Matt Grey/Yellow Fluo Helmet – top view || https://cdn.shopify.com/s/files/1/0076/8301/4754/files/2118399004_007_7.webp?v=1771319082|pos:6|alt:AGV AGV K7 MPLK Kyber Matt Grey/Yellow Fluo Helmet – product view,6,AGV AGV K7 MPLK Kyber Matt Grey/Yellow Fluo Helmet – front view | AGV AGV K7 MPLK Kyber Matt Grey/Yellow Fluo Helmet – side view | AGV AGV K7 MPLK Kyber Matt Grey/Yellow Fluo Helmet – rear view | AGV AGV K7 MPLK Kyber Matt Grey/Yellow Fluo Helmet – detail view | AGV AGV K7 MPLK Kyber Matt Grey/Yellow Fluo Helmet – top view | AGV AGV K7 MPLK Kyber Matt Grey/Yellow Fluo Helmet – product view,,0,,,,,,,,,false,not_eligible,,0,false,/products/agv-k7-mplk-kyber-matt-grey-yellow-fluo-helmet,/products/agv-k7-mplk-kyber-matt-grey-yellow-fluo-helmet
agv-k1-s-speedarmor-black-orange-blue-helmet,agv-k1-s-speedarmor-black-orange-blue-helmet,AGV K1 S Speedarmor Black/Orange/Blue Helmet,AGV K1 S Speedarmor Black/Orange/Blue Helmet,agv-k1-s-speedarmor-black-orange-blue-helmet,"Racing spirit, for overcoming everyday challenges. Available in multiple sizes and/or colours — select your variant.","<p><b>Racing spirit, for overcoming everyday challenges.</b><span></span><br><br><span>K1 S is the road helmet that comes out of AGV’s experience in MotoGP™, suitable for a range of uses on any route.</span><br><br><span>The aerodynamic shape of its shell made of </span><b>high-resistance thermoplastic material,</b><span> the </span><b>front air vents</b><span> developed through racing experience and the new </span><b>Aero Spoiler</b><span> designed in the wind tunnel maximize performance and </span><b>provide stability even at high speeds</b><span> in sports riding.</span><br><br><span>The </span><b>Ultravision scratch-resistant panoramic visor</b><span> offers a wider lateral and vertical view, for total control of the surrounding environment. Uncompromising comfort, due to the </span><b>soft, removable and washable Dry-Comfort interior</b><span>.</span><br><br><span>The </span><b>AGV Extreme Safety</b><span> construction protocol means that K1 S meets the requirements of the stringent </span><b>ECE22.06 standard</b><span> and then some.</span><br><br><span>AGV K1 S is prepared for the installation of communication systems.</span></p>
<p><span>Thermoplastic</span></p>
<div class=""accordion-item"">
<div id=""AERODYNAMICS"" class=""accordion-collapse collapse show"" data-bs-parent=""#AERODYNAMICS"">
<div class=""pb-3"">
<p class=""mb-1"">Integrated spoiler</p>
<p class=""mb-1"">Dry-Comfort fabric</p>
<p class=""mb-1"">Fit especially designed to allow wearing glasses</p>
<p class=""mb-1"">Ready for generic communication system</p>
<p class=""mb-1"">Removable and washable interiors</p>
<p class=""mb-1"">Removable nose guard</p>
<p class=""mb-1"">Removable wind protector</p>
<div class=""accordion-item"">
<div id=""RETENTION_SYSTEM"" class=""accordion-collapse collapse show"" data-bs-parent=""#RETENTION_SYSTEM"">
<div class=""pb-3"">
<p class=""mb-1"">Double D</p>
<p class=""mb-1"">2 shell sizes</p>
<p class=""mb-1"">4-density EPS developed in 4 sizes</p>
<p class=""mb-1"">Collarbone safe profile</p>
<p class=""mb-1"">High Resistance Thermoplastic</p>
<p class=""mb-1"">2 rear extractors</p>
<p class=""mb-1"">5 front vents</p>
<p class=""mb-1"">Adjustable air vents</p>
<p class=""mb-1"">190° horizontal field of view</p>
<p class=""mb-1"">Anti-scratch</p>
<p class=""mb-1"">Micro-opening system</p>
<p class=""mb-1"">Multistep visor mechanism</p>
<p class=""mb-1"">Patented Extra Quick Release System</p>
<p class=""mb-1"">Pinlock® 70 MaxVision™ Prepared</p>
<div class=""accordion"" id=""accordion-MaterialCare"">
<div class=""accordion-item"">
<div id=""WEIGHT"" class=""accordion-collapse collapse show"" data-bs-parent=""#WEIGHT"">
<div class=""pb-3"">
<p class=""mb-1"">1.580 g in first shell size</p>
</div>
</div>
</div>
</div>
</div>
</div>
</div>
</div>
</div>
</div>","Racing spirit, for overcoming everyday challenges.

K1 S is the road helmet that comes out of AGV’s experience in MotoGP™, suitable for a range of uses on any route.

The aerodynamic shape of its shell made of high-resistance thermoplastic material, the front air vents developed through racing experience and the new Aero Spoiler designed in the wind tunnel maximize performance and provide stability even at high speeds in sports riding.

The Ultravision scratch-resistant panoramic visor offers a wider lateral and vertical view, for total control of the surrounding environment. Uncompromising comfort, due to the soft, removable and washable Dry-Comfort interior.

The AGV Extreme Safety construction protocol means that K1 S meets the requirements of the stringent ECE22.06 standard and then some.

AGV K1 S is prepared for the installation of communication systems.

Thermoplastic

Integrated spoiler

Dry-Comfort fabric

Fit especially designed to allow wearing glasses

Ready for generic communication system

Removable and washable interiors

Removable nose guard

Removable wind protector

Double D

2 shell sizes

4-density EPS developed in 4 sizes

Collarbone safe profile

High Resistance Thermoplastic

2 rear extractors

5 front vents

Adjustable air vents

190° horizontal field of view

Anti-scratch

Micro-opening system

Multistep visor mechanism

Patented Extra Quick Release System

Pinlock® 70 MaxVision™ Prepared

1.580 g in first shell size",46000,,2026-07-26,active,AGV,5000,g,Buy AGV K1 S Speedarmor Black/Orange/Blue Helmet | Mile 27 Store,"Racing spirit, for overcoming everyday challenges.",,Cleaned noise; brand verified,High,false,Helmets,High,"Mapped from Shopify Type ""Helmets""",agv-k1-s-speedarmor-black-orange-blue-helmet-1|Size:XS|price:46000.00|compare:|weight:5000|barcode:|qty:0 | agv-k1-s-speedarmor-black-orange-blue-helmet-2|Size:S|price:46000.00|compare:|weight:5000|barcode:|qty:0 | agv-k1-s-speedarmor-black-orange-blue-helmet-3|Size:M|price:46000.00|compare:|weight:5000|barcode:|qty:0 | agv-k1-s-speedarmor-black-orange-blue-helmet-4|Size:L|price:46000.00|compare:|weight:5000|barcode:|qty:0 | agv-k1-s-speedarmor-black-orange-blue-helmet-5|Size:XL|price:46000.00|compare:|weight:5000|barcode:|qty:0 | agv-k1-s-speedarmor-black-orange-blue-helmet-6|Size:XXL|price:46000.00|compare:|weight:5000|barcode:|qty:0,"agv-k1-s-speedarmor-black-orange-blue-helmet-1,agv-k1-s-speedarmor-black-orange-blue-helmet-2,agv-k1-s-speedarmor-black-orange-blue-helmet-3,agv-k1-s-speedarmor-black-orange-blue-helmet-4,agv-k1-s-speedarmor-black-orange-blue-helmet-5,agv-k1-s-speedarmor-black-orange-blue-helmet-6",6,https://cdn.shopify.com/s/files/1/0076/8301/4754/files/2118394018_074_1.webp?v=1771318683|pos:1|alt:AGV AGV K1 S Speedarmor Black/Orange/Blue Helmet – front view || https://cdn.shopify.com/s/files/1/0076/8301/4754/files/2118394018_074_4.webp?v=1771318682|pos:2|alt:AGV AGV K1 S Speedarmor Black/Orange/Blue Helmet – side view || https://cdn.shopify.com/s/files/1/0076/8301/4754/files/2118394018_074_3.webp?v=1771318682|pos:3|alt:AGV AGV K1 S Speedarmor Black/Orange/Blue Helmet – rear view || https://cdn.shopify.com/s/files/1/0076/8301/4754/files/2118394018_074_5.webp?v=1771318682|pos:4|alt:AGV AGV K1 S Speedarmor Black/Orange/Blue Helmet – detail view || https://cdn.shopify.com/s/files/1/0076/8301/4754/files/2118394018_074_2.webp?v=1771318682|pos:5|alt:AGV AGV K1 S Speedarmor Black/Orange/Blue Helmet – top view || https://cdn.shopify.com/s/files/1/0076/8301/4754/files/2118394018_074_7.webp?v=1771318683|pos:6|alt:AGV AGV K1 S Speedarmor Black/Orange/Blue Helmet – product view,6,AGV AGV K1 S Speedarmor Black/Orange/Blue Helmet – front view | AGV AGV K1 S Speedarmor Black/Orange/Blue Helmet – side view | AGV AGV K1 S Speedarmor Black/Orange/Blue Helmet – rear view | AGV AGV K1 S Speedarmor Black/Orange/Blue Helmet – detail view | AGV AGV K1 S Speedarmor Black/Orange/Blue Helmet – top view | AGV AGV K1 S Speedarmor Black/Orange/Blue Helmet – product view,,0,,,,,,,,,false,not_eligible,,0,false,/products/agv-k1-s-speedarmor-black-orange-blue-helmet,/products/agv-k1-s-speedarmor-black-orange-blue-helmet
agv-k6-s-salom-tribute-helmet,agv-k6-s-salom-tribute-helmet,AGV K6 S Salom Tribute Helmet,AGV K6 S Salom Tribute Helmet,agv-k6-s-salom-tribute-helmet,"All the technology developed for professional MotoGP™ riders, in a helmet that’s ideal for every road use. Available in multiple sizes and/or colours — select your variant.","<p><span>All the technology developed for professional MotoGP™ riders, in a helmet that’s ideal for every road use.</span><br><br><span>K6 S is the essence of versatility, developed for maximum performance. </span><strong>Suitable for every type of riding</strong><span> and all road surfaces, it incorporates the best characteristics from the </span><strong>sport and touring worlds</strong><span> and is ideal for taking on any two-wheeled challenge, from leaning into the turns on winding roads to long-range trips, by way of everyday city rides.</span><br><br><span>Its </span><strong>carbon and aramid</strong><span> fiber shell ensures the very best protective performance in its category and makes it </span><strong>the lightest full-face road helmet in the world.</strong><span> Due to the stringent AGV Extreme Safety design protocol, K6 S passes all the tests required by the strict </span><strong>ECE22.06</strong><span> </span><strong>standard by a large margin, making the helmet<span> </span></strong><span>36% safer than the levels required by the latest road homologations.</span><br><br><span>The aerodynamic shapes developed in the wind tunnel are optimized for ideal air penetration </span><strong>in any riding position</strong><span>, making this solution perfect for riders who want the freedom to select their own riding styles, without compromise. The</span><strong><span> </span>aerodynamic spoiler</strong><span> evolves to split the air and limit buffeting at cruising speeds. The superior comfort eliminate distractions and lets you focus only on the road and obstacles, throughout the journey.</span><br><br><span>The </span><strong>premium interiors</strong><span> are waterproof and ventilated. They are designed so riders can cover endless miles in total comfort with only the road ahead to focus on. The innovative </span><strong>air vents on the forehead</strong><span> and </span><strong>chinguard</strong><span> are designed for easy adjustment </span><strong>even when wearing gloves</strong><span>, which means the rider always has the right amount of ventilation. The large, comfortable interior of the chinguard is designed to take advantage of maximum ventilation with vents open.</span></p>
<div class=""accordion-item"">
<div id=""productmaterial"" class=""accordion-collapse collapse show"" data-bs-parent=""#productmaterial"">
<div class=""pb-3"">
<p class=""mb-1"">Composite Fibre</p>
<div class=""accordion-item"">
<div id=""ACCESSORIES_INCLUDED"" class=""accordion-collapse collapse show"" data-bs-parent=""#ACCESSORIES_INCLUDED"">
<div class=""pb-3"">
<p class=""mb-1"">Wind protector</p>
<p class=""mb-1"">Integrated spoiler</p>
<p class=""mb-1"">Optimized for all riding positions</p>
<p class=""mb-1"">Shell shape designed to reduce turbulence</p>
<p class=""mb-1"">Cheek pads safety release system</p>
<p class=""mb-1"">Cheek pads: Ritmo fabric to facilitate putting on/taking off the helmet, with cheekbone area in Shalimar fabric to ensure stability at high speed</p>
<p class=""mb-1"">Crown pad: Shalimar fabric for a soft and gentle touch</p>
<p class=""mb-1"">DrySpeed: instant sweat absorption</p>
<p class=""mb-1"">Embracing neck roll profile</p>
<p class=""mb-1"">Fit especially designed to allow wearing glasses</p>
<p class=""mb-1"">Microsense: premium skin comfort</p>
<p class=""mb-1"">Neck roll: Ritmo fabric and synthetic leather with high abrasion resistance and water-resistant properties</p>
<p class=""mb-1"">Reflective inserts</p>
<p class=""mb-1"">Removable and washable interiors</p>
<p class=""mb-1"">Removable nose guard</p>
<div class=""accordion-item"">
<div id=""RETENTION_SYSTEM"" class=""accordion-collapse collapse show"" data-bs-parent=""#RETENTION_SYSTEM"">
<div class=""pb-3"">
<p class=""mb-1"">Double D</p>
<p class=""mb-1"">4 shell sizes</p>
<p class=""mb-1"">5-density EPS developed in 4 sizes</p>
<p class=""mb-1"">Carbon-Aramid fiber</p>
<p class=""mb-1"">Collarbone safe profile</p>
<p class=""mb-1"">1 wide rear extractor</p>
<p class=""mb-1"">5 front vents</p>
<p class=""mb-1"">Adjustable air vents</p>
<p class=""mb-1"">190° horizontal field of view</p>
<p class=""mb-1"">85° vertical field of view</p>
<p class=""mb-1"">Anti-scratch</p>
<p class=""mb-1"">Metal visor mechanism</p>
<p class=""mb-1"">Micro-opening system</p>
<p class=""mb-1"">Multistep visor mechanism</p>
<p class=""mb-1"">Optic class 1</p>
<p class=""mb-1"">Patented Extra Quick Release System</p>
<p class=""mb-1"">Patented visor lock system</p>
<p class=""mb-1"">Pinlock® 120XLT™ MaxVision™ Included</p>
<div class=""accordion"" id=""accordion-MaterialCare"">
<div class=""accordion-item"">
<div id=""WEIGHT"" class=""accordion-collapse collapse show"" data-bs-parent=""#WEIGHT"">
<div class=""pb-3"">
<p class=""mb-1"">1.290 g in first shell size</p>
</div>
</div>
</div>
</div>
</div>
</div>
</div>
</div>
</div>
</div>
</div>
</div>
</div>","All the technology developed for professional MotoGP™ riders, in a helmet that’s ideal for every road use.

K6 S is the essence of versatility, developed for maximum performance. Suitable for every type of riding and all road surfaces, it incorporates the best characteristics from the sport and touring worlds and is ideal for taking on any two-wheeled challenge, from leaning into the turns on winding roads to long-range trips, by way of everyday city rides.

Its carbon and aramid fiber shell ensures the very best protective performance in its category and makes it the lightest full-face road helmet in the world. Due to the stringent AGV Extreme Safety design protocol, K6 S passes all the tests required by the strict ECE22.06 standard by a large margin, making the helmet 36% safer than the levels required by the latest road homologations.

The aerodynamic shapes developed in the wind tunnel are optimized for ideal air penetration in any riding position, making this solution perfect for riders who want the freedom to select their own riding styles, without compromise. The aerodynamic spoiler evolves to split the air and limit buffeting at cruising speeds. The superior comfort eliminate distractions and lets you focus only on the road and obstacles, throughout the journey.

The premium interiors are waterproof and ventilated. They are designed so riders can cover endless miles in total comfort with only the road ahead to focus on. The innovative air vents on the forehead and chinguard are designed for easy adjustment even when wearing gloves, which means the rider always has the right amount of ventilation. The large, comfortable interior of the chinguard is designed to take advantage of maximum ventilation with vents open.

Composite Fibre

Wind protector

Integrated spoiler

Optimized for all riding positions

Shell shape designed to reduce turbulence

Cheek pads safety release system

Cheek pads: Ritmo fabric to facilitate putting on/taking off the helmet, with cheekbone area in Shalimar fabric to ensure stability at high speed

Crown pad: Shalimar fabric for a soft and gentle touch

DrySpeed: instant sweat absorption

Embracing neck roll profile

Fit especially designed to allow wearing glasses

Microsense: premium skin comfort

Neck roll: Ritmo fabric and synthetic leather with high abrasion resistance and water-resistant properties

Reflective inserts

Removable and washable interiors

Removable nose guard

Double D

4 shell sizes

5-density EPS developed in 4 sizes

Carbon-Aramid fiber

Collarbone safe profile

1 wide rear extractor

5 front vents

Adjustable air vents

190° horizontal field of view

85° vertical field of view

Anti-scratch

Metal visor mechanism

Micro-opening system

Multistep visor mechanism

Optic class 1

Patented Extra Quick Release System

Patented visor lock system

Pinlock® 120XLT™ MaxVision™ Included

1.290 g in first shell size",122000,,2026-07-26,active,AGV,5000,g,Buy AGV K6 S Salom Tribute Helmet | Mile 27 Store,"All the technology developed for professional MotoGP™ riders, in a helmet that’s ideal for every road use.",,Cleaned noise; brand verified,High,false,Helmets,High,"Mapped from Shopify Type ""Helmets""",agv-k6-s-salom-tribute-helmet-1|Size:XS|price:122000.00|compare:|weight:5000|barcode:|qty:0 | agv-k6-s-salom-tribute-helmet-2|Size:S|price:122000.00|compare:|weight:5000|barcode:|qty:0 | agv-k6-s-salom-tribute-helmet-3|Size:M|price:122000.00|compare:|weight:5000|barcode:|qty:0 | agv-k6-s-salom-tribute-helmet-4|Size:L|price:122000.00|compare:|weight:5000|barcode:|qty:0 | agv-k6-s-salom-tribute-helmet-5|Size:XL|price:122000.00|compare:|weight:5000|barcode:|qty:0 | agv-k6-s-salom-tribute-helmet-6|Size:XXL|price:122000.00|compare:|weight:5000|barcode:|qty:0,"agv-k6-s-salom-tribute-helmet-1,agv-k6-s-salom-tribute-helmet-2,agv-k6-s-salom-tribute-helmet-3,agv-k6-s-salom-tribute-helmet-4,agv-k6-s-salom-tribute-helmet-5,agv-k6-s-salom-tribute-helmet-6",6,https://cdn.shopify.com/s/files/1/0076/8301/4754/files/2118395016_030_1.webp?v=1771311524|pos:1|alt:AGV AGV K6 S Salom Tribute Helmet – front view || https://cdn.shopify.com/s/files/1/0076/8301/4754/files/2118395016_030_4.webp?v=1771311524|pos:2|alt:AGV AGV K6 S Salom Tribute Helmet – side view || https://cdn.shopify.com/s/files/1/0076/8301/4754/files/2118395016_030_3.webp?v=1771311524|pos:3|alt:AGV AGV K6 S Salom Tribute Helmet – rear view || https://cdn.shopify.com/s/files/1/0076/8301/4754/files/2118395016_030_5.webp?v=1771311524|pos:4|alt:AGV AGV K6 S Salom Tribute Helmet – detail view || https://cdn.shopify.com/s/files/1/0076/8301/4754/files/2118395016_030_2.webp?v=1771311524|pos:5|alt:AGV AGV K6 S Salom Tribute Helmet – top view || https://cdn.shopify.com/s/files/1/0076/8301/4754/files/2118395016_030_7.webp?v=1771311524|pos:6|alt:AGV AGV K6 S Salom Tribute Helmet – product view,6,AGV AGV K6 S Salom Tribute Helmet – front view | AGV AGV K6 S Salom Tribute Helmet – side view | AGV AGV K6 S Salom Tribute Helmet – rear view | AGV AGV K6 S Salom Tribute Helmet – detail view | AGV AGV K6 S Salom Tribute Helmet – top view | AGV AGV K6 S Salom Tribute Helmet – product view,,0,,,,,,,,,false,not_eligible,,0,false,/products/agv-k6-s-salom-tribute-helmet,/products/agv-k6-s-salom-tribute-helmet
agv-k6-s-timewarp-matt-black-red-blue-helmet,agv-k6-s-timewarp-matt-black-red-blue-helmet,AGV K6 S Timewarp Matt Black/Red/Blue Helmet,AGV K6 S Timewarp Matt Black/Red/Blue Helmet,agv-k6-s-timewarp-matt-black-red-blue-helmet,"All the technology developed for professional MotoGP™ riders, in a helmet that’s ideal for every road use. Available in multiple sizes and/or colours — select your variant.","<p><span>All the technology developed for professional MotoGP™ riders, in a helmet that’s ideal for every road use.</span><br><br><span>K6 S is the essence of versatility, developed for maximum performance. </span><strong>Suitable for every type of riding</strong><span> and all road surfaces, it incorporates the best characteristics from the </span><strong>sport and touring worlds</strong><span> and is ideal for taking on any two-wheeled challenge, from leaning into the turns on winding roads to long-range trips, by way of everyday city rides.</span><br><br><span>Its </span><strong>carbon and aramid</strong><span> fiber shell ensures the very best protective performance in its category and makes it </span><strong>the lightest full-face road helmet in the world.</strong><span> Due to the stringent AGV Extreme Safety design protocol, K6 S passes all the tests required by the strict </span><strong>ECE22.06</strong><span> </span><strong>standard by a large margin, making the helmet<span> </span></strong><span>36% safer than the levels required by the latest road homologations.</span><br><br><span>The aerodynamic shapes developed in the wind tunnel are optimized for ideal air penetration </span><strong>in any riding position</strong><span>, making this solution perfect for riders who want the freedom to select their own riding styles, without compromise. The</span><strong><span> </span>aerodynamic spoiler</strong><span> evolves to split the air and limit buffeting at cruising speeds. The superior comfort eliminate distractions and lets you focus only on the road and obstacles, throughout the journey.</span><br><br><span>The </span><strong>premium interiors</strong><span> are waterproof and ventilated. They are designed so riders can cover endless miles in total comfort with only the road ahead to focus on. The innovative </span><strong>air vents on the forehead</strong><span> and </span><strong>chinguard</strong><span> are designed for easy adjustment </span><strong>even when wearing gloves</strong><span>, which means the rider always has the right amount of ventilation. The large, comfortable interior of the chinguard is designed to take advantage of maximum ventilation with vents open.</span></p>
<div class=""accordion-item"">
<div id=""productmaterial"" class=""accordion-collapse collapse show"" data-bs-parent=""#productmaterial"">
<div class=""pb-3"">
<p class=""mb-1"">Composite Fibre</p>
<div class=""accordion-item"">
<div id=""ACCESSORIES_INCLUDED"" class=""accordion-collapse collapse show"" data-bs-parent=""#ACCESSORIES_INCLUDED"">
<div class=""pb-3"">
<p class=""mb-1"">Wind protector</p>
<p class=""mb-1"">Integrated spoiler</p>
<p class=""mb-1"">Optimized for all riding positions</p>
<p class=""mb-1"">Shell shape designed to reduce turbulence</p>
<p class=""mb-1"">Cheek pads safety release system</p>
<p class=""mb-1"">Cheek pads: Ritmo fabric to facilitate putting on/taking off the helmet, with cheekbone area in Shalimar fabric to ensure stability at high speed</p>
<p class=""mb-1"">Crown pad: Shalimar fabric for a soft and gentle touch</p>
<p class=""mb-1"">DrySpeed: instant sweat absorption</p>
<p class=""mb-1"">Embracing neck roll profile</p>
<p class=""mb-1"">Fit especially designed to allow wearing glasses</p>
<p class=""mb-1"">Microsense: premium skin comfort</p>
<p class=""mb-1"">Neck roll: Ritmo fabric and synthetic leather with high abrasion resistance and water-resistant properties</p>
<p class=""mb-1"">Reflective inserts</p>
<p class=""mb-1"">Removable and washable interiors</p>
<p class=""mb-1"">Removable nose guard</p>
<div class=""accordion-item"">
<div id=""RETENTION_SYSTEM"" class=""accordion-collapse collapse show"" data-bs-parent=""#RETENTION_SYSTEM"">
<div class=""pb-3"">
<p class=""mb-1"">Double D</p>
<p class=""mb-1"">4 shell sizes</p>
<p class=""mb-1"">5-density EPS developed in 4 sizes</p>
<p class=""mb-1"">Carbon-Aramid fiber</p>
<p class=""mb-1"">Collarbone safe profile</p>
<p class=""mb-1"">1 wide rear extractor</p>
<p class=""mb-1"">5 front vents</p>
<p class=""mb-1"">Adjustable air vents</p>
<p class=""mb-1"">190° horizontal field of view</p>
<p class=""mb-1"">85° vertical field of view</p>
<p class=""mb-1"">Anti-scratch</p>
<p class=""mb-1"">Metal visor mechanism</p>
<p class=""mb-1"">Micro-opening system</p>
<p class=""mb-1"">Multistep visor mechanism</p>
<p class=""mb-1"">Optic class 1</p>
<p class=""mb-1"">Patented Extra Quick Release System</p>
<p class=""mb-1"">Patented visor lock system</p>
<p class=""mb-1"">Pinlock® 120XLT™ MaxVision™ Included</p>
<div class=""accordion"" id=""accordion-MaterialCare"">
<div class=""accordion-item"">
<div id=""WEIGHT"" class=""accordion-collapse collapse show"" data-bs-parent=""#WEIGHT"">
<div class=""pb-3"">
<p class=""mb-1"">1.290 g in first shell size</p>
</div>
</div>
</div>
</div>
</div>
</div>
</div>
</div>
</div>
</div>
</div>
</div>
</div>","All the technology developed for professional MotoGP™ riders, in a helmet that’s ideal for every road use.

K6 S is the essence of versatility, developed for maximum performance. Suitable for every type of riding and all road surfaces, it incorporates the best characteristics from the sport and touring worlds and is ideal for taking on any two-wheeled challenge, from leaning into the turns on winding roads to long-range trips, by way of everyday city rides.

Its carbon and aramid fiber shell ensures the very best protective performance in its category and makes it the lightest full-face road helmet in the world. Due to the stringent AGV Extreme Safety design protocol, K6 S passes all the tests required by the strict ECE22.06 standard by a large margin, making the helmet 36% safer than the levels required by the latest road homologations.

The aerodynamic shapes developed in the wind tunnel are optimized for ideal air penetration in any riding position, making this solution perfect for riders who want the freedom to select their own riding styles, without compromise. The aerodynamic spoiler evolves to split the air and limit buffeting at cruising speeds. The superior comfort eliminate distractions and lets you focus only on the road and obstacles, throughout the journey.

The premium interiors are waterproof and ventilated. They are designed so riders can cover endless miles in total comfort with only the road ahead to focus on. The innovative air vents on the forehead and chinguard are designed for easy adjustment even when wearing gloves, which means the rider always has the right amount of ventilation. The large, comfortable interior of the chinguard is designed to take advantage of maximum ventilation with vents open.

Composite Fibre

Wind protector

Integrated spoiler

Optimized for all riding positions

Shell shape designed to reduce turbulence

Cheek pads safety release system

Cheek pads: Ritmo fabric to facilitate putting on/taking off the helmet, with cheekbone area in Shalimar fabric to ensure stability at high speed

Crown pad: Shalimar fabric for a soft and gentle touch

DrySpeed: instant sweat absorption

Embracing neck roll profile

Fit especially designed to allow wearing glasses

Microsense: premium skin comfort

Neck roll: Ritmo fabric and synthetic leather with high abrasion resistance and water-resistant properties

Reflective inserts

Removable and washable interiors

Removable nose guard

Double D

4 shell sizes

5-density EPS developed in 4 sizes

Carbon-Aramid fiber

Collarbone safe profile

1 wide rear extractor

5 front vents

Adjustable air vents

190° horizontal field of view

85° vertical field of view

Anti-scratch

Metal visor mechanism

Micro-opening system

Multistep visor mechanism

Optic class 1

Patented Extra Quick Release System

Patented visor lock system

Pinlock® 120XLT™ MaxVision™ Included

1.290 g in first shell size",120000,,2026-07-26,active,AGV,5000,g,Buy AGV K6 S Timewarp Matt Black/Red/Blue Helmet | Mile 27 Store,"All the technology developed for professional MotoGP™ riders, in a helmet that’s ideal for every road use.",,Cleaned noise; brand verified,High,false,Helmets,High,"Mapped from Shopify Type ""Helmets""",agv-k6-s-timewarp-matt-black-red-blue-helmet-1|Size:XS|price:120000.00|compare:|weight:5000|barcode:|qty:0 | agv-k6-s-timewarp-matt-black-red-blue-helmet-2|Size:S|price:120000.00|compare:|weight:5000|barcode:|qty:0 | agv-k6-s-timewarp-matt-black-red-blue-helmet-3|Size:M|price:120000.00|compare:|weight:5000|barcode:|qty:0 | agv-k6-s-timewarp-matt-black-red-blue-helmet-4|Size:L|price:120000.00|compare:|weight:5000|barcode:|qty:0 | agv-k6-s-timewarp-matt-black-red-blue-helmet-5|Size:XL|price:120000.00|compare:|weight:5000|barcode:|qty:0 | agv-k6-s-timewarp-matt-black-red-blue-helmet-6|Size:XXL|price:120000.00|compare:|weight:5000|barcode:|qty:0,"agv-k6-s-timewarp-matt-black-red-blue-helmet-1,agv-k6-s-timewarp-matt-black-red-blue-helmet-2,agv-k6-s-timewarp-matt-black-red-blue-helmet-3,agv-k6-s-timewarp-matt-black-red-blue-helmet-4,agv-k6-s-timewarp-matt-black-red-blue-helmet-5,agv-k6-s-timewarp-matt-black-red-blue-helmet-6",6,https://cdn.shopify.com/s/files/1/0076/8301/4754/files/2118395016_028_1.webp?v=1771310781|pos:1|alt:AGV AGV K6 S Timewarp Matt Black/Red/Blue Helmet – front view || https://cdn.shopify.com/s/files/1/0076/8301/4754/files/2118395016_028_4.webp?v=1771310781|pos:2|alt:AGV AGV K6 S Timewarp Matt Black/Red/Blue Helmet – side view || https://cdn.shopify.com/s/files/1/0076/8301/4754/files/2118395016_028_3.webp?v=1771310781|pos:3|alt:AGV AGV K6 S Timewarp Matt Black/Red/Blue Helmet – rear view || https://cdn.shopify.com/s/files/1/0076/8301/4754/files/2118395016_028_5.webp?v=1771310781|pos:4|alt:AGV AGV K6 S Timewarp Matt Black/Red/Blue Helmet – detail view || https://cdn.shopify.com/s/files/1/0076/8301/4754/files/2118395016_028_2.webp?v=1771310781|pos:5|alt:AGV AGV K6 S Timewarp Matt Black/Red/Blue Helmet – top view || https://cdn.shopify.com/s/files/1/0076/8301/4754/files/2118395016_028_7.webp?v=1771310781|pos:6|alt:AGV AGV K6 S Timewarp Matt Black/Red/Blue Helmet – product view,6,AGV AGV K6 S Timewarp Matt Black/Red/Blue Helmet – front view | AGV AGV K6 S Timewarp Matt Black/Red/Blue Helmet – side view | AGV AGV K6 S Timewarp Matt Black/Red/Blue Helmet – rear view | AGV AGV K6 S Timewarp Matt Black/Red/Blue Helmet – detail view | AGV AGV K6 S Timewarp Matt Black/Red/Blue Helmet – top view | AGV AGV K6 S Timewarp Matt Black/Red/Blue Helmet – product view,,0,,,,,,,,,false,not_eligible,,0,false,/products/agv-k6-s-timewarp-matt-black-red-blue-helmet,/products/agv-k6-s-timewarp-matt-black-red-blue-helmet
agv-k6-s-braven-black-red-white-helmet,agv-k6-s-braven-black-red-white-helmet,AGV K6 S Braven Black/Red/White Helmet,AGV K6 S Braven Black/Red/White Helmet,agv-k6-s-braven-black-red-white-helmet,"All the technology developed for professional MotoGP™ riders, in a helmet that’s ideal for every road use. Available in multiple sizes and/or colours — select your variant.","<p><span>All the technology developed for professional MotoGP™ riders, in a helmet that’s ideal for every road use.</span><br><br><span>K6 S is the essence of versatility, developed for maximum performance. </span><strong>Suitable for every type of riding</strong><span> and all road surfaces, it incorporates the best characteristics from the </span><strong>sport and touring worlds</strong><span> and is ideal for taking on any two-wheeled challenge, from leaning into the turns on winding roads to long-range trips, by way of everyday city rides.</span><br><br><span>Its </span><strong>carbon and aramid</strong><span> fiber shell ensures the very best protective performance in its category and makes it </span><strong>the lightest full-face road helmet in the world.</strong><span> Due to the stringent AGV Extreme Safety design protocol, K6 S passes all the tests required by the strict </span><strong>ECE22.06</strong><span> </span><strong>standard by a large margin, making the helmet<span> </span></strong><span>36% safer than the levels required by the latest road homologations.</span><br><br><span>The aerodynamic shapes developed in the wind tunnel are optimized for ideal air penetration </span><strong>in any riding position</strong><span>, making this solution perfect for riders who want the freedom to select their own riding styles, without compromise. The</span><strong><span> </span>aerodynamic spoiler</strong><span> evolves to split the air and limit buffeting at cruising speeds. The superior comfort eliminate distractions and lets you focus only on the road and obstacles, throughout the journey.</span><br><br><span>The </span><strong>premium interiors</strong><span> are waterproof and ventilated. They are designed so riders can cover endless miles in total comfort with only the road ahead to focus on. The innovative </span><strong>air vents on the forehead</strong><span> and </span><strong>chinguard</strong><span> are designed for easy adjustment </span><strong>even when wearing gloves</strong><span>, which means the rider always has the right amount of ventilation. The large, comfortable interior of the chinguard is designed to take advantage of maximum ventilation with vents open.</span></p>
<div class=""accordion-item"">
<div id=""productmaterial"" class=""accordion-collapse collapse show"" data-bs-parent=""#productmaterial"">
<div class=""pb-3"">
<p class=""mb-1"">Composite Fibre</p>
<div class=""accordion-item"">
<div id=""ACCESSORIES_INCLUDED"" class=""accordion-collapse collapse show"" data-bs-parent=""#ACCESSORIES_INCLUDED"">
<div class=""pb-3"">
<p class=""mb-1"">Wind protector</p>
<p class=""mb-1"">Integrated spoiler</p>
<p class=""mb-1"">Optimized for all riding positions</p>
<p class=""mb-1"">Shell shape designed to reduce turbulence</p>
<p class=""mb-1"">Cheek pads safety release system</p>
<p class=""mb-1"">Cheek pads: Ritmo fabric to facilitate putting on/taking off the helmet, with cheekbone area in Shalimar fabric to ensure stability at high speed</p>
<p class=""mb-1"">Crown pad: Shalimar fabric for a soft and gentle touch</p>
<p class=""mb-1"">DrySpeed: instant sweat absorption</p>
<p class=""mb-1"">Embracing neck roll profile</p>
<p class=""mb-1"">Fit especially designed to allow wearing glasses</p>
<p class=""mb-1"">Microsense: premium skin comfort</p>
<p class=""mb-1"">Neck roll: Ritmo fabric and synthetic leather with high abrasion resistance and water-resistant properties</p>
<p class=""mb-1"">Reflective inserts</p>
<p class=""mb-1"">Removable and washable interiors</p>
<p class=""mb-1"">Removable nose guard</p>
<div class=""accordion-item"">
<div id=""RETENTION_SYSTEM"" class=""accordion-collapse collapse show"" data-bs-parent=""#RETENTION_SYSTEM"">
<div class=""pb-3"">
<p class=""mb-1"">Double D</p>
<p class=""mb-1"">4 shell sizes</p>
<p class=""mb-1"">5-density EPS developed in 4 sizes</p>
<p class=""mb-1"">Carbon-Aramid fiber</p>
<p class=""mb-1"">Collarbone safe profile</p>
<p class=""mb-1"">1 wide rear extractor</p>
<p class=""mb-1"">5 front vents</p>
<p class=""mb-1"">Adjustable air vents</p>
<p class=""mb-1"">190° horizontal field of view</p>
<p class=""mb-1"">85° vertical field of view</p>
<p class=""mb-1"">Anti-scratch</p>
<p class=""mb-1"">Metal visor mechanism</p>
<p class=""mb-1"">Micro-opening system</p>
<p class=""mb-1"">Multistep visor mechanism</p>
<p class=""mb-1"">Optic class 1</p>
<p class=""mb-1"">Patented Extra Quick Release System</p>
<p class=""mb-1"">Patented visor lock system</p>
<p class=""mb-1"">Pinlock® 120XLT™ MaxVision™ Included</p>
<div class=""accordion"" id=""accordion-MaterialCare"">
<div class=""accordion-item"">
<div id=""WEIGHT"" class=""accordion-collapse collapse show"" data-bs-parent=""#WEIGHT"">
<div class=""pb-3"">
<p class=""mb-1"">1.290 g in first shell size</p>
</div>
</div>
</div>
</div>
</div>
</div>
</div>
</div>
</div>
</div>
</div>
</div>
</div>","All the technology developed for professional MotoGP™ riders, in a helmet that’s ideal for every road use.

K6 S is the essence of versatility, developed for maximum performance. Suitable for every type of riding and all road surfaces, it incorporates the best characteristics from the sport and touring worlds and is ideal for taking on any two-wheeled challenge, from leaning into the turns on winding roads to long-range trips, by way of everyday city rides.

Its carbon and aramid fiber shell ensures the very best protective performance in its category and makes it the lightest full-face road helmet in the world. Due to the stringent AGV Extreme Safety design protocol, K6 S passes all the tests required by the strict ECE22.06 standard by a large margin, making the helmet 36% safer than the levels required by the latest road homologations.

The aerodynamic shapes developed in the wind tunnel are optimized for ideal air penetration in any riding position, making this solution perfect for riders who want the freedom to select their own riding styles, without compromise. The aerodynamic spoiler evolves to split the air and limit buffeting at cruising speeds. The superior comfort eliminate distractions and lets you focus only on the road and obstacles, throughout the journey.

The premium interiors are waterproof and ventilated. They are designed so riders can cover endless miles in total comfort with only the road ahead to focus on. The innovative air vents on the forehead and chinguard are designed for easy adjustment even when wearing gloves, which means the rider always has the right amount of ventilation. The large, comfortable interior of the chinguard is designed to take advantage of maximum ventilation with vents open.

Composite Fibre

Wind protector

Integrated spoiler

Optimized for all riding positions

Shell shape designed to reduce turbulence

Cheek pads safety release system

Cheek pads: Ritmo fabric to facilitate putting on/taking off the helmet, with cheekbone area in Shalimar fabric to ensure stability at high speed

Crown pad: Shalimar fabric for a soft and gentle touch

DrySpeed: instant sweat absorption

Embracing neck roll profile

Fit especially designed to allow wearing glasses

Microsense: premium skin comfort

Neck roll: Ritmo fabric and synthetic leather with high abrasion resistance and water-resistant properties

Reflective inserts

Removable and washable interiors

Removable nose guard

Double D

4 shell sizes

5-density EPS developed in 4 sizes

Carbon-Aramid fiber

Collarbone safe profile

1 wide rear extractor

5 front vents

Adjustable air vents

190° horizontal field of view

85° vertical field of view

Anti-scratch

Metal visor mechanism

Micro-opening system

Multistep visor mechanism

Optic class 1

Patented Extra Quick Release System

Patented visor lock system

Pinlock® 120XLT™ MaxVision™ Included

1.290 g in first shell size",120000,,2026-07-26,active,AGV,5000,g,Buy AGV K6 S Braven Black/Red/White Helmet | Mile 27 Store,"All the technology developed for professional MotoGP™ riders, in a helmet that’s ideal for every road use.",,Cleaned noise; brand verified,High,false,Helmets,High,"Mapped from Shopify Type ""Helmets""",agv-k6-s-braven-black-red-white-helmet-1|Size:XS|price:120000.00|compare:|weight:5000|barcode:|qty:0 | agv-k6-s-braven-black-red-white-helmet-2|Size:S|price:120000.00|compare:|weight:5000|barcode:|qty:0 | agv-k6-s-braven-black-red-white-helmet-3|Size:M|price:120000.00|compare:|weight:5000|barcode:|qty:0 | agv-k6-s-braven-black-red-white-helmet-4|Size:L|price:120000.00|compare:|weight:5000|barcode:|qty:0 | agv-k6-s-braven-black-red-white-helmet-5|Size:XL|price:120000.00|compare:|weight:5000|barcode:|qty:0 | agv-k6-s-braven-black-red-white-helmet-6|Size:XXL|price:120000.00|compare:|weight:5000|barcode:|qty:0,"agv-k6-s-braven-black-red-white-helmet-1,agv-k6-s-braven-black-red-white-helmet-2,agv-k6-s-braven-black-red-white-helmet-3,agv-k6-s-braven-black-red-white-helmet-4,agv-k6-s-braven-black-red-white-helmet-5,agv-k6-s-braven-black-red-white-helmet-6",6,https://cdn.shopify.com/s/files/1/0076/8301/4754/files/2118395016_029_1.webp?v=1771310362|pos:1|alt:AGV AGV K6 S Braven Black/Red/White Helmet – front view || https://cdn.shopify.com/s/files/1/0076/8301/4754/files/2118395016_029_4.webp?v=1771310362|pos:2|alt:AGV AGV K6 S Braven Black/Red/White Helmet – side view || https://cdn.shopify.com/s/files/1/0076/8301/4754/files/2118395016_029_3.webp?v=1771310362|pos:3|alt:AGV AGV K6 S Braven Black/Red/White Helmet – rear view || https://cdn.shopify.com/s/files/1/0076/8301/4754/files/2118395016_029_5.webp?v=1771310362|pos:4|alt:AGV AGV K6 S Braven Black/Red/White Helmet – detail view || https://cdn.shopify.com/s/files/1/0076/8301/4754/files/2118395016_029_2.webp?v=1771310362|pos:5|alt:AGV AGV K6 S Braven Black/Red/White Helmet – top view || https://cdn.shopify.com/s/files/1/0076/8301/4754/files/2118395016_029_7.webp?v=1771310362|pos:6|alt:AGV AGV K6 S Braven Black/Red/White Helmet – product view,6,AGV AGV K6 S Braven Black/Red/White Helmet – front view | AGV AGV K6 S Braven Black/Red/White Helmet – side view | AGV AGV K6 S Braven Black/Red/White Helmet – rear view | AGV AGV K6 S Braven Black/Red/White Helmet – detail view | AGV AGV K6 S Braven Black/Red/White Helmet – top view | AGV AGV K6 S Braven Black/Red/White Helmet – product view,,0,,,,,,,,,false,not_eligible,,0,false,/products/agv-k6-s-braven-black-red-white-helmet,/products/agv-k6-s-braven-black-red-white-helmet
agv-k1-s-punkpulse-black-purple-lime-helmet,agv-k1-s-punkpulse-black-purple-lime-helmet,AGV K1 S Punkpulse Black/Purple/Lime Helmet,AGV K1 S Punkpulse Black/Purple/Lime Helmet,agv-k1-s-punkpulse-black-purple-lime-helmet,"Racing spirit, for overcoming everyday challenges. Available in multiple sizes and/or colours — select your variant.","<p><b>Racing spirit, for overcoming everyday challenges.</b><span></span><br><br><span>K1 S is the road helmet that comes out of AGV’s experience in MotoGP™, suitable for a range of uses on any route.</span><br><br><span>The aerodynamic shape of its shell made of </span><b>high-resistance thermoplastic material,</b><span> the </span><b>front air vents</b><span> developed through racing experience and the new </span><b>Aero Spoiler</b><span> designed in the wind tunnel maximize performance and </span><b>provide stability even at high speeds</b><span> in sports riding.</span><br><br><span>The </span><b>Ultravision scratch-resistant panoramic visor</b><span> offers a wider lateral and vertical view, for total control of the surrounding environment. Uncompromising comfort, due to the </span><b>soft, removable and washable Dry-Comfort interior</b><span>.</span><br><br><span>The </span><b>AGV Extreme Safety</b><span> construction protocol means that K1 S meets the requirements of the stringent </span><b>ECE22.06 standard</b><span> and then some.</span><br><br><span>AGV K1 S is prepared for the installation of communication systems.</span></p>
<p><span>Thermoplastic</span></p>
<div class=""accordion-item"">
<div id=""AERODYNAMICS"" class=""accordion-collapse collapse show"" data-bs-parent=""#AERODYNAMICS"">
<div class=""pb-3"">
<p class=""mb-1"">Integrated spoiler</p>
<p class=""mb-1"">Dry-Comfort fabric</p>
<p class=""mb-1"">Fit especially designed to allow wearing glasses</p>
<p class=""mb-1"">Ready for generic communication system</p>
<p class=""mb-1"">Removable and washable interiors</p>
<p class=""mb-1"">Removable nose guard</p>
<p class=""mb-1"">Removable wind protector</p>
<div class=""accordion-item"">
<div id=""RETENTION_SYSTEM"" class=""accordion-collapse collapse show"" data-bs-parent=""#RETENTION_SYSTEM"">
<div class=""pb-3"">
<p class=""mb-1"">Double D</p>
<p class=""mb-1"">2 shell sizes</p>
<p class=""mb-1"">4-density EPS developed in 4 sizes</p>
<p class=""mb-1"">Collarbone safe profile</p>
<p class=""mb-1"">High Resistance Thermoplastic</p>
<p class=""mb-1"">2 rear extractors</p>
<p class=""mb-1"">5 front vents</p>
<p class=""mb-1"">Adjustable air vents</p>
<p class=""mb-1"">190° horizontal field of view</p>
<p class=""mb-1"">Anti-scratch</p>
<p class=""mb-1"">Micro-opening system</p>
<p class=""mb-1"">Multistep visor mechanism</p>
<p class=""mb-1"">Patented Extra Quick Release System</p>
<p class=""mb-1"">Pinlock® 70 MaxVision™ Prepared</p>
<div class=""accordion"" id=""accordion-MaterialCare"">
<div class=""accordion-item"">
<div id=""WEIGHT"" class=""accordion-collapse collapse show"" data-bs-parent=""#WEIGHT"">
<div class=""pb-3"">
<p class=""mb-1"">1.580 g in first shell size</p>
</div>
</div>
</div>
</div>
</div>
</div>
</div>
</div>
</div>
</div>","Racing spirit, for overcoming everyday challenges.

K1 S is the road helmet that comes out of AGV’s experience in MotoGP™, suitable for a range of uses on any route.

The aerodynamic shape of its shell made of high-resistance thermoplastic material, the front air vents developed through racing experience and the new Aero Spoiler designed in the wind tunnel maximize performance and provide stability even at high speeds in sports riding.

The Ultravision scratch-resistant panoramic visor offers a wider lateral and vertical view, for total control of the surrounding environment. Uncompromising comfort, due to the soft, removable and washable Dry-Comfort interior.

The AGV Extreme Safety construction protocol means that K1 S meets the requirements of the stringent ECE22.06 standard and then some.

AGV K1 S is prepared for the installation of communication systems.

Thermoplastic

Integrated spoiler

Dry-Comfort fabric

Fit especially designed to allow wearing glasses

Ready for generic communication system

Removable and washable interiors

Removable nose guard

Removable wind protector

Double D

2 shell sizes

4-density EPS developed in 4 sizes

Collarbone safe profile

High Resistance Thermoplastic

2 rear extractors

5 front vents

Adjustable air vents

190° horizontal field of view

Anti-scratch

Micro-opening system

Multistep visor mechanism

Patented Extra Quick Release System

Pinlock® 70 MaxVision™ Prepared

1.580 g in first shell size",46000,,2026-07-26,active,AGV,5000,g,Buy AGV K1 S Punkpulse Black/Purple/Lime Helmet | Mile 27 Store,"Racing spirit, for overcoming everyday challenges.",,Cleaned noise; brand verified,High,false,Helmets,High,"Mapped from Shopify Type ""Helmets""",agv-k1-s-punkpulse-black-purple-lime-helmet-1|Size:XS|price:46000.00|compare:|weight:5000|barcode:|qty:0 | agv-k1-s-punkpulse-black-purple-lime-helmet-2|Size:S|price:46000.00|compare:|weight:5000|barcode:|qty:0 | agv-k1-s-punkpulse-black-purple-lime-helmet-3|Size:M|price:46000.00|compare:|weight:5000|barcode:|qty:0 | agv-k1-s-punkpulse-black-purple-lime-helmet-4|Size:L|price:46000.00|compare:|weight:5000|barcode:|qty:0 | agv-k1-s-punkpulse-black-purple-lime-helmet-5|Size:XL|price:46000.00|compare:|weight:5000|barcode:|qty:0 | agv-k1-s-punkpulse-black-purple-lime-helmet-6|Size:XXL|price:46000.00|compare:|weight:5000|barcode:|qty:0,"agv-k1-s-punkpulse-black-purple-lime-helmet-1,agv-k1-s-punkpulse-black-purple-lime-helmet-2,agv-k1-s-punkpulse-black-purple-lime-helmet-3,agv-k1-s-punkpulse-black-purple-lime-helmet-4,agv-k1-s-punkpulse-black-purple-lime-helmet-5,agv-k1-s-punkpulse-black-purple-lime-helmet-6",6,https://cdn.shopify.com/s/files/1/0076/8301/4754/files/2118394018_071_1.webp?v=1767182251|pos:1|alt:AGV AGV K1 S Punkpulse Black/Purple/Lime Helmet – front view || https://cdn.shopify.com/s/files/1/0076/8301/4754/files/2118394018_071_4.webp?v=1767182251|pos:2|alt:AGV AGV K1 S Punkpulse Black/Purple/Lime Helmet – side view || https://cdn.shopify.com/s/files/1/0076/8301/4754/files/2118394018_071_2.webp?v=1767182251|pos:3|alt:AGV AGV K1 S Punkpulse Black/Purple/Lime Helmet – rear view || https://cdn.shopify.com/s/files/1/0076/8301/4754/files/2118394018_071_7.webp?v=1767182251|pos:4|alt:AGV AGV K1 S Punkpulse Black/Purple/Lime Helmet – detail view || https://cdn.shopify.com/s/files/1/0076/8301/4754/files/2118394018_071_5.webp?v=1767182251|pos:5|alt:AGV AGV K1 S Punkpulse Black/Purple/Lime Helmet – top view,5,AGV AGV K1 S Punkpulse Black/Purple/Lime Helmet – front view | AGV AGV K1 S Punkpulse Black/Purple/Lime Helmet – side view | AGV AGV K1 S Punkpulse Black/Purple/Lime Helmet – rear view | AGV AGV K1 S Punkpulse Black/Purple/Lime Helmet – detail view | AGV AGV K1 S Punkpulse Black/Purple/Lime Helmet – top view,,0,,,,,,,,,false,not_eligible,,0,false,/products/agv-k1-s-punkpulse-black-purple-lime-helmet,/products/agv-k1-s-punkpulse-black-purple-lime-helmet
agv-k1-s-speedarmor-matt-black-grey-red-helmet,agv-k1-s-speedarmor-matt-black-grey-red-helmet,AGV K1 S Speedarmor Matt Black/Grey/Red Helmet,AGV K1 S Speedarmor Matt Black/Grey/Red Helmet,agv-k1-s-speedarmor-matt-black-grey-red-helmet,"Racing spirit, for overcoming everyday challenges. Available in multiple sizes and/or colours — select your variant.","<p><b>Racing spirit, for overcoming everyday challenges.</b><span></span><br><br><span>K1 S is the road helmet that comes out of AGV’s experience in MotoGP™, suitable for a range of uses on any route.</span><br><br><span>The aerodynamic shape of its shell made of </span><b>high-resistance thermoplastic material,</b><span> the </span><b>front air vents</b><span> developed through racing experience and the new </span><b>Aero Spoiler</b><span> designed in the wind tunnel maximize performance and </span><b>provide stability even at high speeds</b><span> in sports riding.</span><br><br><span>The </span><b>Ultravision scratch-resistant panoramic visor</b><span> offers a wider lateral and vertical view, for total control of the surrounding environment. Uncompromising comfort, due to the </span><b>soft, removable and washable Dry-Comfort interior</b><span>.</span><br><br><span>The </span><b>AGV Extreme Safety</b><span> construction protocol means that K1 S meets the requirements of the stringent </span><b>ECE22.06 standard</b><span> and then some.</span><br><br><span>AGV K1 S is prepared for the installation of communication systems.</span></p>
<p><span>Thermoplastic</span></p>
<div class=""accordion-item"">
<div data-bs-parent=""#AERODYNAMICS"" class=""accordion-collapse collapse show"" id=""AERODYNAMICS"">
<div class=""pb-3"">
<p class=""mb-1"">Integrated spoiler</p>
<p class=""mb-1"">Dry-Comfort fabric</p>
<p class=""mb-1"">Fit especially designed to allow wearing glasses</p>
<p class=""mb-1"">Ready for generic communication system</p>
<p class=""mb-1"">Removable and washable interiors</p>
<p class=""mb-1"">Removable nose guard</p>
<p class=""mb-1"">Removable wind protector</p>
<div class=""accordion-item"">
<div data-bs-parent=""#RETENTION_SYSTEM"" class=""accordion-collapse collapse show"" id=""RETENTION_SYSTEM"">
<div class=""pb-3"">
<p class=""mb-1"">Double D</p>
<p class=""mb-1"">2 shell sizes</p>
<p class=""mb-1"">4-density EPS developed in 4 sizes</p>
<p class=""mb-1"">Collarbone safe profile</p>
<p class=""mb-1"">High Resistance Thermoplastic</p>
<p class=""mb-1"">2 rear extractors</p>
<p class=""mb-1"">5 front vents</p>
<p class=""mb-1"">Adjustable air vents</p>
<p class=""mb-1"">190° horizontal field of view</p>
<p class=""mb-1"">Anti-scratch</p>
<p class=""mb-1"">Micro-opening system</p>
<p class=""mb-1"">Multistep visor mechanism</p>
<p class=""mb-1"">Patented Extra Quick Release System</p>
<p class=""mb-1"">Pinlock® 70 MaxVision™ Prepared</p>
<div class=""accordion"" id=""accordion-MaterialCare"">
<div class=""accordion-item"">
<div id=""WEIGHT"" class=""accordion-collapse collapse show"" data-bs-parent=""#WEIGHT"">
<div class=""pb-3"">
<p class=""mb-1"">1.580 g in first shell size</p>
</div>
</div>
</div>
</div>
</div>
</div>
</div>
</div>
</div>
</div>","Racing spirit, for overcoming everyday challenges.

K1 S is the road helmet that comes out of AGV’s experience in MotoGP™, suitable for a range of uses on any route.

The aerodynamic shape of its shell made of high-resistance thermoplastic material, the front air vents developed through racing experience and the new Aero Spoiler designed in the wind tunnel maximize performance and provide stability even at high speeds in sports riding.

The Ultravision scratch-resistant panoramic visor offers a wider lateral and vertical view, for total control of the surrounding environment. Uncompromising comfort, due to the soft, removable and washable Dry-Comfort interior.

The AGV Extreme Safety construction protocol means that K1 S meets the requirements of the stringent ECE22.06 standard and then some.

AGV K1 S is prepared for the installation of communication systems.

Thermoplastic

Integrated spoiler

Dry-Comfort fabric

Fit especially designed to allow wearing glasses

Ready for generic communication system

Removable and washable interiors

Removable nose guard

Removable wind protector

Double D

2 shell sizes

4-density EPS developed in 4 sizes

Collarbone safe profile

High Resistance Thermoplastic

2 rear extractors

5 front vents

Adjustable air vents

190° horizontal field of view

Anti-scratch

Micro-opening system

Multistep visor mechanism

Patented Extra Quick Release System

Pinlock® 70 MaxVision™ Prepared

1.580 g in first shell size",46000,,2026-07-26,active,AGV,5000,g,AGV K1 S Speedarmor Matt Black/Grey/Red Helmet | Mile 27 Store,"Racing spirit, for overcoming everyday challenges.",,Cleaned noise; brand verified,High,false,Helmets,High,"Mapped from Shopify Type ""Helmets""",agv-k1-s-speedarmor-matt-black-grey-red-helmet-1|Size:XS|price:46000.00|compare:|weight:5000|barcode:|qty:0 | agv-k1-s-speedarmor-matt-black-grey-red-helmet-2|Size:S|price:46000.00|compare:|weight:5000|barcode:|qty:0 | agv-k1-s-speedarmor-matt-black-grey-red-helmet-3|Size:M|price:46000.00|compare:|weight:5000|barcode:|qty:0 | agv-k1-s-speedarmor-matt-black-grey-red-helmet-4|Size:L|price:46000.00|compare:|weight:5000|barcode:|qty:0 | agv-k1-s-speedarmor-matt-black-grey-red-helmet-5|Size:XL|price:46000.00|compare:|weight:5000|barcode:|qty:0 | agv-k1-s-speedarmor-matt-black-grey-red-helmet-6|Size:XXL|price:46000.00|compare:|weight:5000|barcode:|qty:0,"agv-k1-s-speedarmor-matt-black-grey-red-helmet-1,agv-k1-s-speedarmor-matt-black-grey-red-helmet-2,agv-k1-s-speedarmor-matt-black-grey-red-helmet-3,agv-k1-s-speedarmor-matt-black-grey-red-helmet-4,agv-k1-s-speedarmor-matt-black-grey-red-helmet-5,agv-k1-s-speedarmor-matt-black-grey-red-helmet-6",6,https://cdn.shopify.com/s/files/1/0076/8301/4754/files/2118394018_073_1.webp?v=1767181774|pos:1|alt:AGV AGV K1 S Speedarmor Matt Black/Grey/Red Helmet – front view || https://cdn.shopify.com/s/files/1/0076/8301/4754/files/2118394018_073_4.webp?v=1767181774|pos:2|alt:AGV AGV K1 S Speedarmor Matt Black/Grey/Red Helmet – side view || https://cdn.shopify.com/s/files/1/0076/8301/4754/files/2118394018_073_2.webp?v=1767181774|pos:3|alt:AGV AGV K1 S Speedarmor Matt Black/Grey/Red Helmet – rear view || https://cdn.shopify.com/s/files/1/0076/8301/4754/files/2118394018_073_7.webp?v=1767181774|pos:4|alt:AGV AGV K1 S Speedarmor Matt Black/Grey/Red Helmet – detail view || https://cdn.shopify.com/s/files/1/0076/8301/4754/files/2118394018_073_5.webp?v=1767181774|pos:5|alt:AGV AGV K1 S Speedarmor Matt Black/Grey/Red Helmet – top view,5,AGV AGV K1 S Speedarmor Matt Black/Grey/Red Helmet – front view | AGV AGV K1 S Speedarmor Matt Black/Grey/Red Helmet – side view | AGV AGV K1 S Speedarmor Matt Black/Grey/Red Helmet – rear view | AGV AGV K1 S Speedarmor Matt Black/Grey/Red Helmet – detail view | AGV AGV K1 S Speedarmor Matt Black/Grey/Red Helmet – top view,,0,,,,,,,,,false,not_eligible,,0,false,/products/agv-k1-s-speedarmor-matt-black-grey-red-helmet,/products/agv-k1-s-speedarmor-matt-black-grey-red-helmet
agv-k3-wing-black-italy-helmet,agv-k3-wing-black-italy-helmet,AGV K3 Wing Black/Italy Helmet,AGV K3 Wing Black/Italy Helmet,agv-k3-wing-black-italy-helmet,"An AGV icon, evolving towards perfection. K3 is AGV’s full-face road helmet that takes all the characteristics of a versatile, safe helmet to outstanding levels. Available in multiple sizes and/or colours — select your variant.","<p><b>An AGV icon, evolving towards perfection.</b><span> K3 is AGV’s full-face road helmet that takes all the characteristics of a versatile, safe helmet to outstanding levels.</span><br><br><span>It offers safety for all, at the highest levels – the shell made of</span><b><span> </span>high-resistance thermoplastic</b><span> </span><b>material</b><span>, the</span><b><span> </span>multi-density EPS<span> </span></b><span>and the details such as the</span><b><span> </span>collarbone-protection profile<span> </span></b><span>and the protective visor allow K3 to obtain the strict</span><b><span> </span>ECE22.06 homologation</b><span>. Due to the AGV Extreme Safety construction protocol, K3 meets the requirements of the most recent international standards and then some.</span><br><br><span>Its strength lies in its versatility. K3 is designed to put in its best performance in all situations. The </span><b>built-in sun visor</b><span>, which can be operated conveniently with gloves on, assists when it’s too bright, and doesn’t block the front ventilation when it’s in the rest position. The </span><b>Pinlock</b><span> </span><b>Max Vision<span> </span></b><span>antifog system guarantees maximum visibility even on the wettest and coldest days, when the temperature difference between the environment and the inside of the helmet could cause the visor to fog up dangerously. Not with K3. The </span><b>Ultravision visor<span> </span></b><span>also guarantees a </span><b>190° horizontal field of vision</b><span>, so you can see obstacles, the road and everything in front of you earlier and better. K3 is prepared for the installation of communication systems. The </span><b>Eyewear Ready</b><span> interior design allows you to comfortably wear your eyeglasses or sunglasses while riding.</span><br><br><span>Comfort boosts performance. </span><b>The aerodynamic profile</b><span> of the K3 is designed to achieve a </span><b>dynamic weight of zero</b><span> at a cruising speed of 130 km/h. It means lower weight and less strain on the neck muscles, for maximum concentration on riding. The interiors, made of </span><b>2DRY material with rapid absorption</b><span> of sweat and moisture, can be customized, to </span><b>personalize the fit</b><span> to the full and maximize how comfortable it feels. The ventilation achieves maximum efficiency through </span><b>the air vents at the front</b><span> and on the chin, precise and easy to operate with gloves on.</span><br><br><span>The practical </span><b>micrometric steel closing system<span> </span></b><span>permits quick, safe adjustment of the helmet fastening.</span></p>
<p><span>Thermoplastic</span></p>
<div class=""accordion-item"">
<div id=""ACCESSORIES_INCLUDED"" class=""accordion-collapse collapse show"" data-bs-parent=""#ACCESSORIES_INCLUDED"">
<div class=""pb-3"">
<p class=""mb-1"">Wind protector</p>
<p class=""mb-1"">Optimized for all riding positions</p>
<p class=""mb-1"">Shell shape designed to maximize aerodynamic performance and to have 0 dynamic weight at 130km/h (80 mph)</p>
<p class=""mb-1"">Cheek pads interchangeable between all sizes</p>
<p class=""mb-1"">DrySpeed: instant sweat absorption</p>
<p class=""mb-1"">Embracing neck roll profile</p>
<p class=""mb-1"">Fit especially designed to allow wearing glasses</p>
<p class=""mb-1"">Fresh and smooth breathable fabric</p>
<p class=""mb-1"">No stitches in sensitive areas</p>
<p class=""mb-1"">Ready for generic communication system</p>
<p class=""mb-1"">Removable and washable interiors</p>
<div class=""accordion-item"">
<div id=""RETENTION_SYSTEM"" class=""accordion-collapse collapse show"" data-bs-parent=""#RETENTION_SYSTEM"">
<div class=""pb-3"">
<p class=""mb-1"">Steel micrometric</p>
<p class=""mb-1"">3 shell sizes</p>
<p class=""mb-1"">Collarbone safe profile</p>
<p class=""mb-1"">High Resistance Thermoplastic</p>
<p class=""mb-1"">Multi-density EPS developed in 4 sizes</p>
<p class=""mb-1"">1 rear extractor</p>
<p class=""mb-1"">4 front vents</p>
<p class=""mb-1"">Adjustable air vents</p>
<p class=""mb-1"">190° horizontal field of view</p>
<p class=""mb-1"">Anti-scratch</p>
<p class=""mb-1"">Integrated anti-scratch sun visor, removable without using tools</p>
<p class=""mb-1"">Micro-opening system</p>
<p class=""mb-1"">Multistep visor mechanism</p>
<p class=""mb-1"">Patented Extra Quick Release System</p>
<p class=""mb-1"">Pinlock® 70 MaxVision™ Included</p>
<p class=""mb-1"">UV protective</p>
<p class=""mb-1"">Visor step for city position</p>
<div class=""accordion"" id=""accordion-MaterialCare"">
<div class=""accordion-item"">
<div id=""WEIGHT"" class=""accordion-collapse collapse show"" data-bs-parent=""#WEIGHT"">
<div class=""pb-3"">
<p class=""mb-1"">1.630 g in first shell size</p>
</div>
</div>
</div>
</div>
</div>
</div>
</div>
</div>
</div>
</div>","An AGV icon, evolving towards perfection. K3 is AGV’s full-face road helmet that takes all the characteristics of a versatile, safe helmet to outstanding levels.

It offers safety for all, at the highest levels – the shell made of high-resistance thermoplastic material, the multi-density EPS and the details such as the collarbone-protection profile and the protective visor allow K3 to obtain the strict ECE22.06 homologation. Due to the AGV Extreme Safety construction protocol, K3 meets the requirements of the most recent international standards and then some.

Its strength lies in its versatility. K3 is designed to put in its best performance in all situations. The built-in sun visor, which can be operated conveniently with gloves on, assists when it’s too bright, and doesn’t block the front ventilation when it’s in the rest position. The Pinlock Max Vision antifog system guarantees maximum visibility even on the wettest and coldest days, when the temperature difference between the environment and the inside of the helmet could cause the visor to fog up dangerously. Not with K3. The Ultravision visor also guarantees a 190° horizontal field of vision, so you can see obstacles, the road and everything in front of you earlier and better. K3 is prepared for the installation of communication systems. The Eyewear Ready interior design allows you to comfortably wear your eyeglasses or sunglasses while riding.

Comfort boosts performance. The aerodynamic profile of the K3 is designed to achieve a dynamic weight of zero at a cruising speed of 130 km/h. It means lower weight and less strain on the neck muscles, for maximum concentration on riding. The interiors, made of 2DRY material with rapid absorption of sweat and moisture, can be customized, to personalize the fit to the full and maximize how comfortable it feels. The ventilation achieves maximum efficiency through the air vents at the front and on the chin, precise and easy to operate with gloves on.

The practical micrometric steel closing system permits quick, safe adjustment of the helmet fastening.

Thermoplastic

Wind protector

Optimized for all riding positions

Shell shape designed to maximize aerodynamic performance and to have 0 dynamic weight at 130km/h (80 mph)

Cheek pads interchangeable between all sizes

DrySpeed: instant sweat absorption

Embracing neck roll profile

Fit especially designed to allow wearing glasses

Fresh and smooth breathable fabric

No stitches in sensitive areas

Ready for generic communication system

Removable and washable interiors

Steel micrometric

3 shell sizes

Collarbone safe profile

High Resistance Thermoplastic

Multi-density EPS developed in 4 sizes

1 rear extractor

4 front vents

Adjustable air vents

190° horizontal field of view

Anti-scratch

Integrated anti-scratch sun visor, removable without using tools

Micro-opening system

Multistep visor mechanism

Patented Extra Quick Release System

Pinlock® 70 MaxVision™ Included

UV protective

Visor step for city position

1.630 g in first shell size",59000,,2026-07-26,active,AGV,5000,g,Buy AGV K3 Wing Black/Italy Helmet | Mile 27 Store,"An AGV icon, evolving towards perfection. K3 is AGV’s full-face road helmet that takes all the characteristics of a versatile, safe helmet to outstanding…",,Cleaned noise; brand verified,High,false,Helmets,High,"Mapped from Shopify Type ""Helmets""",agv-k3-wing-black-italy-helmet-1|Size:XS|price:59000.00|compare:|weight:5000|barcode:|qty:0 | agv-k3-wing-black-italy-helmet-2|Size:S|price:59000.00|compare:|weight:5000|barcode:|qty:0 | agv-k3-wing-black-italy-helmet-3|Size:M|price:59000.00|compare:|weight:5000|barcode:|qty:0 | agv-k3-wing-black-italy-helmet-4|Size:L|price:59000.00|compare:|weight:5000|barcode:|qty:0 | agv-k3-wing-black-italy-helmet-5|Size:XL|price:59000.00|compare:|weight:5000|barcode:|qty:0 | agv-k3-wing-black-italy-helmet-6|Size:XXL|price:59000.00|compare:|weight:5000|barcode:|qty:0,"agv-k3-wing-black-italy-helmet-1,agv-k3-wing-black-italy-helmet-2,agv-k3-wing-black-italy-helmet-3,agv-k3-wing-black-italy-helmet-4,agv-k3-wing-black-italy-helmet-5,agv-k3-wing-black-italy-helmet-6",6,https://cdn.shopify.com/s/files/1/0076/8301/4754/files/2118381004_007_1.webp?v=1762238641|pos:1|alt:AGV AGV K3 Wing Black/Italy Helmet – front view || https://cdn.shopify.com/s/files/1/0076/8301/4754/files/2118381004_007_2.webp?v=1762238641|pos:2|alt:AGV AGV K3 Wing Black/Italy Helmet – side view || https://cdn.shopify.com/s/files/1/0076/8301/4754/files/2118381004_007_5.webp?v=1762238641|pos:3|alt:AGV AGV K3 Wing Black/Italy Helmet – rear view || https://cdn.shopify.com/s/files/1/0076/8301/4754/files/2118381004_007_4.webp?v=1762238641|pos:4|alt:AGV AGV K3 Wing Black/Italy Helmet – detail view || https://cdn.shopify.com/s/files/1/0076/8301/4754/files/2118381004_007_3.webp?v=1762238641|pos:5|alt:AGV AGV K3 Wing Black/Italy Helmet – top view || https://cdn.shopify.com/s/files/1/0076/8301/4754/files/2118381004_007_7.webp?v=1762238641|pos:6|alt:AGV AGV K3 Wing Black/Italy Helmet – product view,6,AGV AGV K3 Wing Black/Italy Helmet – front view | AGV AGV K3 Wing Black/Italy Helmet – side view | AGV AGV K3 Wing Black/Italy Helmet – rear view | AGV AGV K3 Wing Black/Italy Helmet – detail view | AGV AGV K3 Wing Black/Italy Helmet – top view | AGV AGV K3 Wing Black/Italy Helmet – product view,,0,,,,,,,,,false,not_eligible,,0,false,/products/agv-k3-wing-black-italy-helmet,/products/agv-k3-wing-black-italy-helmet
agv-k3-mono-matt-salvia-green-helmet,agv-k3-mono-matt-salvia-green-helmet,AGV K3 Mono Matt Salvia Green Helmet,AGV K3 Mono Matt Salvia Green Helmet,agv-k3-mono-matt-salvia-green-helmet,"An AGV icon, evolving towards perfection. K3 is AGV’s full-face road helmet that takes all the characteristics of a versatile, safe helmet to outstanding levels. Available in multiple sizes and/or colours — select your variant.","<p><b>An AGV icon, evolving towards perfection.</b><span> K3 is AGV’s full-face road helmet that takes all the characteristics of a versatile, safe helmet to outstanding levels.</span><br><br><span>It offers safety for all, at the highest levels – the shell made of</span><b><span> </span>high-resistance thermoplastic</b><span> </span><b>material</b><span>, the</span><b><span> </span>multi-density EPS<span> </span></b><span>and the details such as the</span><b><span> </span>collarbone-protection profile<span> </span></b><span>and the protective visor allow K3 to obtain the strict</span><b><span> </span>ECE22.06 homologation</b><span>. Due to the AGV Extreme Safety construction protocol, K3 meets the requirements of the most recent international standards and then some.</span><br><br><span>Its strength lies in its versatility. K3 is designed to put in its best performance in all situations. The </span><b>built-in sun visor</b><span>, which can be operated conveniently with gloves on, assists when it’s too bright, and doesn’t block the front ventilation when it’s in the rest position. The </span><b>Pinlock</b><span> </span><b>Max Vision<span> </span></b><span>antifog system guarantees maximum visibility even on the wettest and coldest days, when the temperature difference between the environment and the inside of the helmet could cause the visor to fog up dangerously. Not with K3. The </span><b>Ultravision visor<span> </span></b><span>also guarantees a </span><b>190° horizontal field of vision</b><span>, so you can see obstacles, the road and everything in front of you earlier and better. K3 is prepared for the installation of communication systems. The </span><b>Eyewear Ready</b><span> interior design allows you to comfortably wear your eyeglasses or sunglasses while riding.</span><br><br><span>Comfort boosts performance. </span><b>The aerodynamic profile</b><span> of the K3 is designed to achieve a </span><b>dynamic weight of zero</b><span> at a cruising speed of 130 km/h. It means lower weight and less strain on the neck muscles, for maximum concentration on riding. The interiors, made of </span><b>2DRY material with rapid absorption</b><span> of sweat and moisture, can be customized, to </span><b>personalize the fit</b><span> to the full and maximize how comfortable it feels. The ventilation achieves maximum efficiency through </span><b>the air vents at the front</b><span> and on the chin, precise and easy to operate with gloves on.</span><br><br><span>The practical </span><b>micrometric steel closing system<span> </span></b><span>permits quick, safe adjustment of the helmet fastening.</span></p>
<p><span>Thermoplastic</span></p>
<div class=""accordion-item"">
<div id=""ACCESSORIES_INCLUDED"" class=""accordion-collapse collapse show"" data-bs-parent=""#ACCESSORIES_INCLUDED"">
<div class=""pb-3"">
<p class=""mb-1"">Wind protector</p>
<p class=""mb-1"">Optimized for all riding positions</p>
<p class=""mb-1"">Shell shape designed to maximize aerodynamic performance and to have 0 dynamic weight at 130km/h (80 mph)</p>
<p class=""mb-1"">Cheek pads interchangeable between all sizes</p>
<p class=""mb-1"">DrySpeed: instant sweat absorption</p>
<p class=""mb-1"">Embracing neck roll profile</p>
<p class=""mb-1"">Fit especially designed to allow wearing glasses</p>
<p class=""mb-1"">Fresh and smooth breathable fabric</p>
<p class=""mb-1"">No stitches in sensitive areas</p>
<p class=""mb-1"">Ready for generic communication system</p>
<p class=""mb-1"">Removable and washable interiors</p>
<div class=""accordion-item"">
<div id=""RETENTION_SYSTEM"" class=""accordion-collapse collapse show"" data-bs-parent=""#RETENTION_SYSTEM"">
<div class=""pb-3"">
<p class=""mb-1"">Steel micrometric</p>
<p class=""mb-1"">3 shell sizes</p>
<p class=""mb-1"">Collarbone safe profile</p>
<p class=""mb-1"">High Resistance Thermoplastic</p>
<p class=""mb-1"">Multi-density EPS developed in 4 sizes</p>
<p class=""mb-1"">1 rear extractor</p>
<p class=""mb-1"">4 front vents</p>
<p class=""mb-1"">Adjustable air vents</p>
<p class=""mb-1"">190° horizontal field of view</p>
<p class=""mb-1"">Anti-scratch</p>
<p class=""mb-1"">Integrated anti-scratch sun visor, removable without using tools</p>
<p class=""mb-1"">Micro-opening system</p>
<p class=""mb-1"">Multistep visor mechanism</p>
<p class=""mb-1"">Patented Extra Quick Release System</p>
<p class=""mb-1"">Pinlock® 70 MaxVision™ Included</p>
<p class=""mb-1"">UV protective</p>
<p class=""mb-1"">Visor step for city position</p>
<div class=""accordion"" id=""accordion-MaterialCare"">
<div class=""accordion-item"">
<div id=""WEIGHT"" class=""accordion-collapse collapse show"" data-bs-parent=""#WEIGHT"">
<div class=""pb-3"">
<p class=""mb-1"">1.630 g in first shell size</p>
</div>
</div>
</div>
</div>
</div>
</div>
</div>
</div>
</div>
</div>","An AGV icon, evolving towards perfection. K3 is AGV’s full-face road helmet that takes all the characteristics of a versatile, safe helmet to outstanding levels.

It offers safety for all, at the highest levels – the shell made of high-resistance thermoplastic material, the multi-density EPS and the details such as the collarbone-protection profile and the protective visor allow K3 to obtain the strict ECE22.06 homologation. Due to the AGV Extreme Safety construction protocol, K3 meets the requirements of the most recent international standards and then some.

Its strength lies in its versatility. K3 is designed to put in its best performance in all situations. The built-in sun visor, which can be operated conveniently with gloves on, assists when it’s too bright, and doesn’t block the front ventilation when it’s in the rest position. The Pinlock Max Vision antifog system guarantees maximum visibility even on the wettest and coldest days, when the temperature difference between the environment and the inside of the helmet could cause the visor to fog up dangerously. Not with K3. The Ultravision visor also guarantees a 190° horizontal field of vision, so you can see obstacles, the road and everything in front of you earlier and better. K3 is prepared for the installation of communication systems. The Eyewear Ready interior design allows you to comfortably wear your eyeglasses or sunglasses while riding.

Comfort boosts performance. The aerodynamic profile of the K3 is designed to achieve a dynamic weight of zero at a cruising speed of 130 km/h. It means lower weight and less strain on the neck muscles, for maximum concentration on riding. The interiors, made of 2DRY material with rapid absorption of sweat and moisture, can be customized, to personalize the fit to the full and maximize how comfortable it feels. The ventilation achieves maximum efficiency through the air vents at the front and on the chin, precise and easy to operate with gloves on.

The practical micrometric steel closing system permits quick, safe adjustment of the helmet fastening.

Thermoplastic

Wind protector

Optimized for all riding positions

Shell shape designed to maximize aerodynamic performance and to have 0 dynamic weight at 130km/h (80 mph)

Cheek pads interchangeable between all sizes

DrySpeed: instant sweat absorption

Embracing neck roll profile

Fit especially designed to allow wearing glasses

Fresh and smooth breathable fabric

No stitches in sensitive areas

Ready for generic communication system

Removable and washable interiors

Steel micrometric

3 shell sizes

Collarbone safe profile

High Resistance Thermoplastic

Multi-density EPS developed in 4 sizes

1 rear extractor

4 front vents

Adjustable air vents

190° horizontal field of view

Anti-scratch

Integrated anti-scratch sun visor, removable without using tools

Micro-opening system

Multistep visor mechanism

Patented Extra Quick Release System

Pinlock® 70 MaxVision™ Included

UV protective

Visor step for city position

1.630 g in first shell size",50000,,2026-07-26,active,AGV,5000,g,Buy AGV K3 Mono Matt Salvia Green Helmet | Mile 27 Store,"An AGV icon, evolving towards perfection. K3 is AGV’s full-face road helmet that takes all the characteristics of a versatile, safe helmet to outstanding…",,Cleaned noise; brand verified,High,false,Helmets,High,"Mapped from Shopify Type ""Helmets""",agv-k3-mono-matt-salvia-green-helmet-1|Size:XS|price:50000.00|compare:|weight:5000|barcode:|qty:0 | agv-k3-mono-matt-salvia-green-helmet-2|Size:S|price:50000.00|compare:|weight:5000|barcode:|qty:0 | agv-k3-mono-matt-salvia-green-helmet-3|Size:M|price:50000.00|compare:|weight:5000|barcode:|qty:0 | agv-k3-mono-matt-salvia-green-helmet-4|Size:L|price:50000.00|compare:|weight:5000|barcode:|qty:0 | agv-k3-mono-matt-salvia-green-helmet-5|Size:XL|price:50000.00|compare:|weight:5000|barcode:|qty:0 | agv-k3-mono-matt-salvia-green-helmet-6|Size:XXL|price:50000.00|compare:|weight:5000|barcode:|qty:0,"agv-k3-mono-matt-salvia-green-helmet-1,agv-k3-mono-matt-salvia-green-helmet-2,agv-k3-mono-matt-salvia-green-helmet-3,agv-k3-mono-matt-salvia-green-helmet-4,agv-k3-mono-matt-salvia-green-helmet-5,agv-k3-mono-matt-salvia-green-helmet-6",6,https://cdn.shopify.com/s/files/1/0076/8301/4754/files/2118381004_015_1.webp?v=1762238341|pos:1|alt:AGV AGV K3 Mono Matt Salvia Green Helmet – front view || https://cdn.shopify.com/s/files/1/0076/8301/4754/files/2118381004_015_2.webp?v=1762238341|pos:2|alt:AGV AGV K3 Mono Matt Salvia Green Helmet – side view || https://cdn.shopify.com/s/files/1/0076/8301/4754/files/2118381004_015_5.webp?v=1762238341|pos:3|alt:AGV AGV K3 Mono Matt Salvia Green Helmet – rear view || https://cdn.shopify.com/s/files/1/0076/8301/4754/files/2118381004_015_4.webp?v=1762238341|pos:4|alt:AGV AGV K3 Mono Matt Salvia Green Helmet – detail view || https://cdn.shopify.com/s/files/1/0076/8301/4754/files/2118381004_015_3.webp?v=1762238341|pos:5|alt:AGV AGV K3 Mono Matt Salvia Green Helmet – top view || https://cdn.shopify.com/s/files/1/0076/8301/4754/files/2118381004_015_7.webp?v=1762238341|pos:6|alt:AGV AGV K3 Mono Matt Salvia Green Helmet – product view,6,AGV AGV K3 Mono Matt Salvia Green Helmet – front view | AGV AGV K3 Mono Matt Salvia Green Helmet – side view | AGV AGV K3 Mono Matt Salvia Green Helmet – rear view | AGV AGV K3 Mono Matt Salvia Green Helmet – detail view | AGV AGV K3 Mono Matt Salvia Green Helmet – top view | AGV AGV K3 Mono Matt Salvia Green Helmet – product view,,0,,,,,,,,,false,not_eligible,,0,false,/products/agv-k3-mono-matt-salvia-green-helmet,/products/agv-k3-mono-matt-salvia-green-helmet
agv-k3-rodio-grey-matt-helmet,agv-k3-rodio-grey-matt-helmet,AGV K3 Rodio Grey Matt Helmet,AGV K3 Rodio Grey Matt Helmet,agv-k3-rodio-grey-matt-helmet,"An AGV icon, evolving towards perfection. K3 is AGV’s full-face road helmet that takes all the characteristics of a versatile, safe helmet to outstanding levels. Available in multiple sizes and/or colours — select your variant.","<p><b>An AGV icon, evolving towards perfection.</b><span> K3 is AGV’s full-face road helmet that takes all the characteristics of a versatile, safe helmet to outstanding levels.</span><br><br><span>It offers safety for all, at the highest levels – the shell made of</span><b><span> </span>high-resistance thermoplastic</b><span> </span><b>material</b><span>, the</span><b><span> </span>multi-density EPS<span> </span></b><span>and the details such as the</span><b><span> </span>collarbone-protection profile<span> </span></b><span>and the protective visor allow K3 to obtain the strict</span><b><span> </span>ECE22.06 homologation</b><span>. Due to the AGV Extreme Safety construction protocol, K3 meets the requirements of the most recent international standards and then some.</span><br><br><span>Its strength lies in its versatility. K3 is designed to put in its best performance in all situations. The </span><b>built-in sun visor</b><span>, which can be operated conveniently with gloves on, assists when it’s too bright, and doesn’t block the front ventilation when it’s in the rest position. The </span><b>Pinlock® 70 MaxVision™</b><span>antifog system guarantees maximum visibility even on the wettest and coldest days, when the temperature difference between the environment and the inside of the helmet could cause the visor to fog up dangerously. Not with K3. The </span><b>Ultravision visor<span> </span></b><span>also guarantees a </span><b>190° horizontal field of vision</b><span>, so you can see obstacles, the road and everything in front of you earlier and better. K3 is prepared for the installation of communication systems. The </span><b>Eyewear Ready</b><span> interior design allows you to comfortably wear your eyeglasses or sunglasses while riding.</span><br><br><span>Comfort boosts performance. </span><b>The aerodynamic profile</b><span> of the K3 is designed to achieve a </span><b>dynamic weight of zero</b><span> at a cruising speed of 130 km/h. It means lower weight and less strain on the neck muscles, for maximum concentration on riding. The interiors, made of </span><b>2DRY material with rapid absorption</b><span> of sweat and moisture, can be customized, to </span><b>personalize the fit</b><span> to the full and maximize how comfortable it feels. The ventilation achieves maximum efficiency through </span><b>the air vents at the front</b><span> and on the chin, precise and easy to operate with gloves on.</span><br><br><span>The practical </span><b>micrometric steel closing system<span> </span></b><span>permits quick, safe adjustment of the helmet fastening.</span></p>
<p><span>Thermoplastic</span></p>
<div class=""accordion-item"">
<div id=""ACCESSORIES_INCLUDED"" class=""accordion-collapse collapse show"" data-bs-parent=""#ACCESSORIES_INCLUDED"">
<div class=""pb-3"">
<p class=""mb-1"">Wind protector</p>
<p class=""mb-1"">Optimized for all riding positions</p>
<p class=""mb-1"">Shell shape designed to maximize aerodynamic performance and to have 0 dynamic weight at 130km/h (80 mph)</p>
<p class=""mb-1"">Cheek pads interchangeable between all sizes</p>
<p class=""mb-1"">DrySpeed: instant sweat absorption</p>
<p class=""mb-1"">Embracing neck roll profile</p>
<p class=""mb-1"">Fit especially designed to allow wearing glasses</p>
<p class=""mb-1"">Fresh and smooth breathable fabric</p>
<p class=""mb-1"">No stitches in sensitive areas</p>
<p class=""mb-1"">Ready for generic communication system</p>
<p class=""mb-1"">Removable and washable interiors</p>
<div class=""accordion-item"">
<div id=""RETENTION_SYSTEM"" class=""accordion-collapse collapse show"" data-bs-parent=""#RETENTION_SYSTEM"">
<div class=""pb-3"">
<p class=""mb-1"">Steel micrometric</p>
<p class=""mb-1"">3 shell sizes</p>
<p class=""mb-1"">Collarbone safe profile</p>
<p class=""mb-1"">High Resistance Thermoplastic</p>
<p class=""mb-1"">Multi-density EPS developed in 4 sizes</p>
<p class=""mb-1"">1 rear extractor</p>
<p class=""mb-1"">4 front vents</p>
<p class=""mb-1"">Adjustable air vents</p>
<p class=""mb-1"">190° horizontal field of view</p>
<p class=""mb-1"">Anti-scratch</p>
<p class=""mb-1"">Integrated anti-scratch sun visor, removable without using tools</p>
<p class=""mb-1"">Micro-opening system</p>
<p class=""mb-1"">Multistep visor mechanism</p>
<p class=""mb-1"">Patented Extra Quick Release System</p>
<p class=""mb-1"">Pinlock® 70 MaxVision™ Included</p>
<p class=""mb-1"">UV protective</p>
<p class=""mb-1"">Visor step for city position</p>
<div class=""accordion"" id=""accordion-MaterialCare"">
<div class=""accordion-item"">
<div id=""WEIGHT"" class=""accordion-collapse collapse show"" data-bs-parent=""#WEIGHT"">
<div class=""pb-3"">
<p class=""mb-1"">1.630 g in first shell size</p>
</div>
</div>
</div>
</div>
</div>
</div>
</div>
</div>
</div>
</div>","An AGV icon, evolving towards perfection. K3 is AGV’s full-face road helmet that takes all the characteristics of a versatile, safe helmet to outstanding levels.

It offers safety for all, at the highest levels – the shell made of high-resistance thermoplastic material, the multi-density EPS and the details such as the collarbone-protection profile and the protective visor allow K3 to obtain the strict ECE22.06 homologation. Due to the AGV Extreme Safety construction protocol, K3 meets the requirements of the most recent international standards and then some.

Its strength lies in its versatility. K3 is designed to put in its best performance in all situations. The built-in sun visor, which can be operated conveniently with gloves on, assists when it’s too bright, and doesn’t block the front ventilation when it’s in the rest position. The Pinlock® 70 MaxVision™antifog system guarantees maximum visibility even on the wettest and coldest days, when the temperature difference between the environment and the inside of the helmet could cause the visor to fog up dangerously. Not with K3. The Ultravision visor also guarantees a 190° horizontal field of vision, so you can see obstacles, the road and everything in front of you earlier and better. K3 is prepared for the installation of communication systems. The Eyewear Ready interior design allows you to comfortably wear your eyeglasses or sunglasses while riding.

Comfort boosts performance. The aerodynamic profile of the K3 is designed to achieve a dynamic weight of zero at a cruising speed of 130 km/h. It means lower weight and less strain on the neck muscles, for maximum concentration on riding. The interiors, made of 2DRY material with rapid absorption of sweat and moisture, can be customized, to personalize the fit to the full and maximize how comfortable it feels. The ventilation achieves maximum efficiency through the air vents at the front and on the chin, precise and easy to operate with gloves on.

The practical micrometric steel closing system permits quick, safe adjustment of the helmet fastening.

Thermoplastic

Wind protector

Optimized for all riding positions

Shell shape designed to maximize aerodynamic performance and to have 0 dynamic weight at 130km/h (80 mph)

Cheek pads interchangeable between all sizes

DrySpeed: instant sweat absorption

Embracing neck roll profile

Fit especially designed to allow wearing glasses

Fresh and smooth breathable fabric

No stitches in sensitive areas

Ready for generic communication system

Removable and washable interiors

Steel micrometric

3 shell sizes

Collarbone safe profile

High Resistance Thermoplastic

Multi-density EPS developed in 4 sizes

1 rear extractor

4 front vents

Adjustable air vents

190° horizontal field of view

Anti-scratch

Integrated anti-scratch sun visor, removable without using tools

Micro-opening system

Multistep visor mechanism

Patented Extra Quick Release System

Pinlock® 70 MaxVision™ Included

UV protective

Visor step for city position

1.630 g in first shell size",50000,,2026-07-26,active,AGV,5000,g,Buy AGV K3 Rodio Grey Matt Helmet | Mile 27 Store,"An AGV icon, evolving towards perfection. K3 is AGV’s full-face road helmet that takes all the characteristics of a versatile, safe helmet to outstanding…",,Cleaned noise; brand verified,High,false,Helmets,High,"Mapped from Shopify Type ""Helmets""",agv-k3-rodio-grey-matt-helmet-1|Size:XS|price:50000.00|compare:|weight:5000|barcode:|qty:0 | agv-k3-rodio-grey-matt-helmet-2|Size:S|price:50000.00|compare:|weight:5000|barcode:|qty:0 | agv-k3-rodio-grey-matt-helmet-3|Size:M|price:50000.00|compare:|weight:5000|barcode:|qty:0 | agv-k3-rodio-grey-matt-helmet-4|Size:L|price:50000.00|compare:|weight:5000|barcode:|qty:0 | agv-k3-rodio-grey-matt-helmet-5|Size:XL|price:50000.00|compare:|weight:5000|barcode:|qty:0 | agv-k3-rodio-grey-matt-helmet-6|Size:XXL|price:50000.00|compare:|weight:5000|barcode:|qty:0,"agv-k3-rodio-grey-matt-helmet-1,agv-k3-rodio-grey-matt-helmet-2,agv-k3-rodio-grey-matt-helmet-3,agv-k3-rodio-grey-matt-helmet-4,agv-k3-rodio-grey-matt-helmet-5,agv-k3-rodio-grey-matt-helmet-6",6,https://cdn.shopify.com/s/files/1/0076/8301/4754/files/2118381004_006_1.webp?v=1762237912|pos:1|alt:AGV AGV K3 Rodio Grey Matt Helmet – front view || https://cdn.shopify.com/s/files/1/0076/8301/4754/files/2118381004_006_2.webp?v=1762237912|pos:2|alt:AGV AGV K3 Rodio Grey Matt Helmet – side view || https://cdn.shopify.com/s/files/1/0076/8301/4754/files/2118381004_006_5.webp?v=1762237912|pos:3|alt:AGV AGV K3 Rodio Grey Matt Helmet – rear view || https://cdn.shopify.com/s/files/1/0076/8301/4754/files/2118381004_006_4.webp?v=1762237912|pos:4|alt:AGV AGV K3 Rodio Grey Matt Helmet – detail view || https://cdn.shopify.com/s/files/1/0076/8301/4754/files/2118381004_006_3.webp?v=1762237912|pos:5|alt:AGV AGV K3 Rodio Grey Matt Helmet – top view || https://cdn.shopify.com/s/files/1/0076/8301/4754/files/2118381004_006_7.webp?v=1762237912|pos:6|alt:AGV AGV K3 Rodio Grey Matt Helmet – product view,6,AGV AGV K3 Rodio Grey Matt Helmet – front view | AGV AGV K3 Rodio Grey Matt Helmet – side view | AGV AGV K3 Rodio Grey Matt Helmet – rear view | AGV AGV K3 Rodio Grey Matt Helmet – detail view | AGV AGV K3 Rodio Grey Matt Helmet – top view | AGV AGV K3 Rodio Grey Matt Helmet – product view,,0,,,,,,,,,false,not_eligible,,0,false,/products/agv-k3-rodio-grey-matt-helmet,/products/agv-k3-rodio-grey-matt-helmet
agv-k3-decept-matt-black-green-red-helmet,agv-k3-decept-matt-black-green-red-helmet,AGV K3 Decept Matt Black/Green/Red Helmet,AGV K3 Decept Matt Black/Green/Red Helmet,agv-k3-decept-matt-black-green-red-helmet,"An AGV icon, evolving towards perfection. K3 is AGV’s full-face road helmet that takes all the characteristics of a versatile, safe helmet to outstanding levels. Available in multiple sizes and/or colours — select your variant.","<p><b>An AGV icon, evolving towards perfection.</b><span> K3 is AGV’s full-face road helmet that takes all the characteristics of a versatile, safe helmet to outstanding levels.</span><br><br><span>It offers safety for all, at the highest levels – the shell made of</span><b><span> </span>high-resistance thermoplastic</b><span> </span><b>material</b><span>, the</span><b><span> </span>multi-density EPS<span> </span></b><span>and the details such as the</span><b><span> </span>collarbone-protection profile<span> </span></b><span>and the protective visor allow K3 to obtain the strict</span><b><span> </span>ECE22.06 homologation</b><span>. Due to the AGV Extreme Safety construction protocol, K3 meets the requirements of the most recent international standards and then some.</span><br><br><span>Its strength lies in its versatility. K3 is designed to put in its best performance in all situations. The </span><b>built-in sun visor</b><span>, which can be operated conveniently with gloves on, assists when it’s too bright, and doesn’t block the front ventilation when it’s in the rest position. The </span><b>Pinlock</b><span> </span><b>Max Vision<span> </span></b><span>antifog system guarantees maximum visibility even on the wettest and coldest days, when the temperature difference between the environment and the inside of the helmet could cause the visor to fog up dangerously. Not with K3. The </span><b>Ultravision visor<span> </span></b><span>also guarantees a </span><b>190° horizontal field of vision</b><span>, so you can see obstacles, the road and everything in front of you earlier and better. K3 is prepared for the installation of communication systems. The </span><b>Eyewear Ready</b><span> interior design allows you to comfortably wear your eyeglasses or sunglasses while riding.</span><br><br><span>Comfort boosts performance. </span><b>The aerodynamic profile</b><span> of the K3 is designed to achieve a </span><b>dynamic weight of zero</b><span> at a cruising speed of 130 km/h. It means lower weight and less strain on the neck muscles, for maximum concentration on riding. The interiors, made of </span><b>2DRY material with rapid absorption</b><span> of sweat and moisture, can be customized, to </span><b>personalize the fit</b><span> to the full and maximize how comfortable it feels. The ventilation achieves maximum efficiency through </span><b>the air vents at the front</b><span> and on the chin, precise and easy to operate with gloves on.</span><br><br><span>The practical </span><b>micrometric steel closing system<span> </span></b><span>permits quick, safe adjustment of the helmet fastening.</span></p>
<p><span>Thermoplastic</span></p>
<div class=""accordion-item"">
<div id=""ACCESSORIES_INCLUDED"" class=""accordion-collapse collapse show"" data-bs-parent=""#ACCESSORIES_INCLUDED"">
<div class=""pb-3"">
<p class=""mb-1"">Wind protector</p>
<p class=""mb-1"">Optimized for all riding positions</p>
<p class=""mb-1"">Shell shape designed to maximize aerodynamic performance and to have 0 dynamic weight at 130km/h (80 mph)</p>
<p class=""mb-1"">Cheek pads interchangeable between all sizes</p>
<p class=""mb-1"">DrySpeed: instant sweat absorption</p>
<p class=""mb-1"">Embracing neck roll profile</p>
<p class=""mb-1"">Fit especially designed to allow wearing glasses</p>
<p class=""mb-1"">Fresh and smooth breathable fabric</p>
<p class=""mb-1"">No stitches in sensitive areas</p>
<p class=""mb-1"">Ready for generic communication system</p>
<p class=""mb-1"">Removable and washable interiors</p>
<div class=""accordion-item"">
<div id=""RETENTION_SYSTEM"" class=""accordion-collapse collapse show"" data-bs-parent=""#RETENTION_SYSTEM"">
<div class=""pb-3"">
<p class=""mb-1"">Steel micrometric</p>
<p class=""mb-1"">3 shell sizes</p>
<p class=""mb-1"">Collarbone safe profile</p>
<p class=""mb-1"">High Resistance Thermoplastic</p>
<p class=""mb-1"">Multi-density EPS developed in 4 sizes</p>
<p class=""mb-1"">1 rear extractor</p>
<p class=""mb-1"">4 front vents</p>
<p class=""mb-1"">Adjustable air vents</p>
<p class=""mb-1"">190° horizontal field of view</p>
<p class=""mb-1"">Anti-scratch</p>
<p class=""mb-1"">Integrated anti-scratch sun visor, removable without using tools</p>
<p class=""mb-1"">Micro-opening system</p>
<p class=""mb-1"">Multistep visor mechanism</p>
<p class=""mb-1"">Patented Extra Quick Release System</p>
<p class=""mb-1"">Pinlock® 70 MaxVision™ Included</p>
<p class=""mb-1"">UV protective</p>
<p class=""mb-1"">Visor step for city position</p>
<div class=""accordion"" id=""accordion-MaterialCare"">
<div class=""accordion-item"">
<div id=""WEIGHT"" class=""accordion-collapse collapse show"" data-bs-parent=""#WEIGHT"">
<div class=""pb-3"">
<p class=""mb-1"">1.630 g in first shell size</p>
</div>
</div>
</div>
</div>
</div>
</div>
</div>
</div>
</div>
</div>","An AGV icon, evolving towards perfection. K3 is AGV’s full-face road helmet that takes all the characteristics of a versatile, safe helmet to outstanding levels.

It offers safety for all, at the highest levels – the shell made of high-resistance thermoplastic material, the multi-density EPS and the details such as the collarbone-protection profile and the protective visor allow K3 to obtain the strict ECE22.06 homologation. Due to the AGV Extreme Safety construction protocol, K3 meets the requirements of the most recent international standards and then some.

Its strength lies in its versatility. K3 is designed to put in its best performance in all situations. The built-in sun visor, which can be operated conveniently with gloves on, assists when it’s too bright, and doesn’t block the front ventilation when it’s in the rest position. The Pinlock Max Vision antifog system guarantees maximum visibility even on the wettest and coldest days, when the temperature difference between the environment and the inside of the helmet could cause the visor to fog up dangerously. Not with K3. The Ultravision visor also guarantees a 190° horizontal field of vision, so you can see obstacles, the road and everything in front of you earlier and better. K3 is prepared for the installation of communication systems. The Eyewear Ready interior design allows you to comfortably wear your eyeglasses or sunglasses while riding.

Comfort boosts performance. The aerodynamic profile of the K3 is designed to achieve a dynamic weight of zero at a cruising speed of 130 km/h. It means lower weight and less strain on the neck muscles, for maximum concentration on riding. The interiors, made of 2DRY material with rapid absorption of sweat and moisture, can be customized, to personalize the fit to the full and maximize how comfortable it feels. The ventilation achieves maximum efficiency through the air vents at the front and on the chin, precise and easy to operate with gloves on.

The practical micrometric steel closing system permits quick, safe adjustment of the helmet fastening.

Thermoplastic

Wind protector

Optimized for all riding positions

Shell shape designed to maximize aerodynamic performance and to have 0 dynamic weight at 130km/h (80 mph)

Cheek pads interchangeable between all sizes

DrySpeed: instant sweat absorption

Embracing neck roll profile

Fit especially designed to allow wearing glasses

Fresh and smooth breathable fabric

No stitches in sensitive areas

Ready for generic communication system

Removable and washable interiors

Steel micrometric

3 shell sizes

Collarbone safe profile

High Resistance Thermoplastic

Multi-density EPS developed in 4 sizes

1 rear extractor

4 front vents

Adjustable air vents

190° horizontal field of view

Anti-scratch

Integrated anti-scratch sun visor, removable without using tools

Micro-opening system

Multistep visor mechanism

Patented Extra Quick Release System

Pinlock® 70 MaxVision™ Included

UV protective

Visor step for city position

1.630 g in first shell size",59000,,2026-07-26,active,AGV,5000,g,Buy AGV K3 Decept Matt Black/Green/Red Helmet | Mile 27 Store,"An AGV icon, evolving towards perfection. K3 is AGV’s full-face road helmet that takes all the characteristics of a versatile, safe helmet to outstanding…",,Cleaned noise; brand verified,High,false,Helmets,High,"Mapped from Shopify Type ""Helmets""",agv-k3-decept-matt-black-green-red-helmet-1|Size:XS|price:59000.00|compare:|weight:5000|barcode:|qty:0 | agv-k3-decept-matt-black-green-red-helmet-2|Size:S|price:59000.00|compare:|weight:5000|barcode:|qty:0 | agv-k3-decept-matt-black-green-red-helmet-3|Size:M|price:59000.00|compare:|weight:5000|barcode:|qty:0 | agv-k3-decept-matt-black-green-red-helmet-4|Size:L|price:59000.00|compare:|weight:5000|barcode:|qty:0 | agv-k3-decept-matt-black-green-red-helmet-5|Size:XL|price:59000.00|compare:|weight:5000|barcode:|qty:0 | agv-k3-decept-matt-black-green-red-helmet-6|Size:XXL|price:59000.00|compare:|weight:5000|barcode:|qty:0,"agv-k3-decept-matt-black-green-red-helmet-1,agv-k3-decept-matt-black-green-red-helmet-2,agv-k3-decept-matt-black-green-red-helmet-3,agv-k3-decept-matt-black-green-red-helmet-4,agv-k3-decept-matt-black-green-red-helmet-5,agv-k3-decept-matt-black-green-red-helmet-6",6,https://cdn.shopify.com/s/files/1/0076/8301/4754/files/2118381004_010_1.webp?v=1762237359|pos:1|alt:AGV AGV K3 Decept Matt Black/Green/Red Helmet – front view || https://cdn.shopify.com/s/files/1/0076/8301/4754/files/2118381004_010_2.webp?v=1762237359|pos:2|alt:AGV AGV K3 Decept Matt Black/Green/Red Helmet – side view || https://cdn.shopify.com/s/files/1/0076/8301/4754/files/2118381004_010_5.webp?v=1762237359|pos:3|alt:AGV AGV K3 Decept Matt Black/Green/Red Helmet – rear view || https://cdn.shopify.com/s/files/1/0076/8301/4754/files/2118381004_010_4.webp?v=1762237359|pos:4|alt:AGV AGV K3 Decept Matt Black/Green/Red Helmet – detail view || https://cdn.shopify.com/s/files/1/0076/8301/4754/files/2118381004_010_3.webp?v=1762237359|pos:5|alt:AGV AGV K3 Decept Matt Black/Green/Red Helmet – top view || https://cdn.shopify.com/s/files/1/0076/8301/4754/files/2118381004_010_7.webp?v=1762237359|pos:6|alt:AGV AGV K3 Decept Matt Black/Green/Red Helmet – product view,6,AGV AGV K3 Decept Matt Black/Green/Red Helmet – front view | AGV AGV K3 Decept Matt Black/Green/Red Helmet – side view | AGV AGV K3 Decept Matt Black/Green/Red Helmet – rear view | AGV AGV K3 Decept Matt Black/Green/Red Helmet – detail view | AGV AGV K3 Decept Matt Black/Green/Red Helmet – top view | AGV AGV K3 Decept Matt Black/Green/Red Helmet – product view,,0,,,,,,,,,false,not_eligible,,0,false,/products/agv-k3-decept-matt-black-green-red-helmet,/products/agv-k3-decept-matt-black-green-red-helmet
agv-k3-syth-black-red-helmet,agv-k3-syth-black-red-helmet,AGV K3 Syth Black/Red Helmet,AGV K3 Syth Black/Red Helmet,agv-k3-syth-black-red-helmet,"An AGV icon, evolving towards perfection. K3 is AGV’s full-face road helmet that takes all the characteristics of a versatile, safe helmet to outstanding levels. Available in multiple sizes and/or colours — select your variant.","<p><b>An AGV icon, evolving towards perfection.</b><span> K3 is AGV’s full-face road helmet that takes all the characteristics of a versatile, safe helmet to outstanding levels.</span><br><br><span>It offers safety for all, at the highest levels – the shell made of</span><b><span> </span>high-resistance thermoplastic</b><span> </span><b>material</b><span>, the</span><b><span> </span>multi-density EPS<span> </span></b><span>and the details such as the</span><b><span> </span>collarbone-protection profile<span> </span></b><span>and the protective visor allow K3 to obtain the strict</span><b><span> </span>ECE22.06 homologation</b><span>. Due to the AGV Extreme Safety construction protocol, K3 meets the requirements of the most recent international standards and then some.</span><br><br><span>Its strength lies in its versatility. K3 is designed to put in its best performance in all situations. The </span><b>built-in sun visor</b><span>, which can be operated conveniently with gloves on, assists when it’s too bright, and doesn’t block the front ventilation when it’s in the rest position. The </span><b>Pinlock® 70 MaxVision™</b><span>antifog system guarantees maximum visibility even on the wettest and coldest days, when the temperature difference between the environment and the inside of the helmet could cause the visor to fog up dangerously. Not with K3. The </span><b>Ultravision visor<span> </span></b><span>also guarantees a </span><b>190° horizontal field of vision</b><span>, so you can see obstacles, the road and everything in front of you earlier and better. K3 is prepared for the installation of communication systems. The </span><b>Eyewear Ready</b><span> interior design allows you to comfortably wear your eyeglasses or sunglasses while riding.</span><br><br><span>Comfort boosts performance. </span><b>The aerodynamic profile</b><span> of the K3 is designed to achieve a </span><b>dynamic weight of zero</b><span> at a cruising speed of 130 km/h. It means lower weight and less strain on the neck muscles, for maximum concentration on riding. The interiors, made of </span><b>2DRY material with rapid absorption</b><span> of sweat and moisture, can be customized, to </span><b>personalize the fit</b><span> to the full and maximize how comfortable it feels. The ventilation achieves maximum efficiency through </span><b>the air vents at the front</b><span> and on the chin, precise and easy to operate with gloves on.</span><br><br><span>The practical </span><b>micrometric steel closing system<span> </span></b><span>permits quick, safe adjustment of the helmet fastening.</span></p>
<p><span>Thermoplastic</span></p>
<div class=""accordion-item"">
<div id=""ACCESSORIES_INCLUDED"" class=""accordion-collapse collapse show"" data-bs-parent=""#ACCESSORIES_INCLUDED"">
<div class=""pb-3"">
<p class=""mb-1"">Wind protector</p>
<p class=""mb-1"">Optimized for all riding positions</p>
<p class=""mb-1"">Shell shape designed to maximize aerodynamic performance and to have 0 dynamic weight at 130km/h (80 mph)</p>
<p class=""mb-1"">Cheek pads interchangeable between all sizes</p>
<p class=""mb-1"">DrySpeed: instant sweat absorption</p>
<p class=""mb-1"">Embracing neck roll profile</p>
<p class=""mb-1"">Fit especially designed to allow wearing glasses</p>
<p class=""mb-1"">Fresh and smooth breathable fabric</p>
<p class=""mb-1"">No stitches in sensitive areas</p>
<p class=""mb-1"">Ready for generic communication system</p>
<p class=""mb-1"">Removable and washable interiors</p>
<div class=""accordion-item"">
<div id=""RETENTION_SYSTEM"" class=""accordion-collapse collapse show"" data-bs-parent=""#RETENTION_SYSTEM"">
<div class=""pb-3"">
<p class=""mb-1"">Steel micrometric</p>
<p class=""mb-1"">3 shell sizes</p>
<p class=""mb-1"">Collarbone safe profile</p>
<p class=""mb-1"">High Resistance Thermoplastic</p>
<p class=""mb-1"">Multi-density EPS developed in 4 sizes</p>
<p class=""mb-1"">1 rear extractor</p>
<p class=""mb-1"">4 front vents</p>
<p class=""mb-1"">Adjustable air vents</p>
<p class=""mb-1"">190° horizontal field of view</p>
<p class=""mb-1"">Anti-scratch</p>
<p class=""mb-1"">Integrated anti-scratch sun visor, removable without using tools</p>
<p class=""mb-1"">Micro-opening system</p>
<p class=""mb-1"">Multistep visor mechanism</p>
<p class=""mb-1"">Patented Extra Quick Release System</p>
<p class=""mb-1"">Pinlock® 70 MaxVision™ Included</p>
<p class=""mb-1"">UV protective</p>
<p class=""mb-1"">Visor step for city position</p>
<div class=""accordion"" id=""accordion-MaterialCare"">
<div class=""accordion-item"">
<div id=""WEIGHT"" class=""accordion-collapse collapse show"" data-bs-parent=""#WEIGHT"">
<div class=""pb-3"">
<p class=""mb-1"">1.630 g in first shell size</p>
</div>
</div>
</div>
</div>
</div>
</div>
</div>
</div>
</div>
</div>","An AGV icon, evolving towards perfection. K3 is AGV’s full-face road helmet that takes all the characteristics of a versatile, safe helmet to outstanding levels.

It offers safety for all, at the highest levels – the shell made of high-resistance thermoplastic material, the multi-density EPS and the details such as the collarbone-protection profile and the protective visor allow K3 to obtain the strict ECE22.06 homologation. Due to the AGV Extreme Safety construction protocol, K3 meets the requirements of the most recent international standards and then some.

Its strength lies in its versatility. K3 is designed to put in its best performance in all situations. The built-in sun visor, which can be operated conveniently with gloves on, assists when it’s too bright, and doesn’t block the front ventilation when it’s in the rest position. The Pinlock® 70 MaxVision™antifog system guarantees maximum visibility even on the wettest and coldest days, when the temperature difference between the environment and the inside of the helmet could cause the visor to fog up dangerously. Not with K3. The Ultravision visor also guarantees a 190° horizontal field of vision, so you can see obstacles, the road and everything in front of you earlier and better. K3 is prepared for the installation of communication systems. The Eyewear Ready interior design allows you to comfortably wear your eyeglasses or sunglasses while riding.

Comfort boosts performance. The aerodynamic profile of the K3 is designed to achieve a dynamic weight of zero at a cruising speed of 130 km/h. It means lower weight and less strain on the neck muscles, for maximum concentration on riding. The interiors, made of 2DRY material with rapid absorption of sweat and moisture, can be customized, to personalize the fit to the full and maximize how comfortable it feels. The ventilation achieves maximum efficiency through the air vents at the front and on the chin, precise and easy to operate with gloves on.

The practical micrometric steel closing system permits quick, safe adjustment of the helmet fastening.

Thermoplastic

Wind protector

Optimized for all riding positions

Shell shape designed to maximize aerodynamic performance and to have 0 dynamic weight at 130km/h (80 mph)

Cheek pads interchangeable between all sizes

DrySpeed: instant sweat absorption

Embracing neck roll profile

Fit especially designed to allow wearing glasses

Fresh and smooth breathable fabric

No stitches in sensitive areas

Ready for generic communication system

Removable and washable interiors

Steel micrometric

3 shell sizes

Collarbone safe profile

High Resistance Thermoplastic

Multi-density EPS developed in 4 sizes

1 rear extractor

4 front vents

Adjustable air vents

190° horizontal field of view

Anti-scratch

Integrated anti-scratch sun visor, removable without using tools

Micro-opening system

Multistep visor mechanism

Patented Extra Quick Release System

Pinlock® 70 MaxVision™ Included

UV protective

Visor step for city position

1.630 g in first shell size",59000,,2026-07-26,active,AGV,5000,g,Buy AGV K3 Syth Black/Red Helmet | Mile 27 Store,"An AGV icon, evolving towards perfection. K3 is AGV’s full-face road helmet that takes all the characteristics of a versatile, safe helmet to outstanding…",,Cleaned noise; brand verified,High,false,Helmets,High,"Mapped from Shopify Type ""Helmets""",agv-k3-syth-black-red-helmet-1|Size:XS|price:59000.00|compare:|weight:5000|barcode:|qty:0 | agv-k3-syth-black-red-helmet-2|Size:S|price:59000.00|compare:|weight:5000|barcode:|qty:0 | agv-k3-syth-black-red-helmet-3|Size:M|price:59000.00|compare:|weight:5000|barcode:|qty:0 | agv-k3-syth-black-red-helmet-4|Size:L|price:59000.00|compare:|weight:5000|barcode:|qty:0 | agv-k3-syth-black-red-helmet-5|Size:XL|price:59000.00|compare:|weight:5000|barcode:|qty:0 | agv-k3-syth-black-red-helmet-6|Size:XXL|price:59000.00|compare:|weight:5000|barcode:|qty:0,"agv-k3-syth-black-red-helmet-1,agv-k3-syth-black-red-helmet-2,agv-k3-syth-black-red-helmet-3,agv-k3-syth-black-red-helmet-4,agv-k3-syth-black-red-helmet-5,agv-k3-syth-black-red-helmet-6",6,https://cdn.shopify.com/s/files/1/0076/8301/4754/files/2118381004_021_1.webp?v=1762173487|pos:1|alt:AGV AGV K3 Syth Black/Red Helmet – front view || https://cdn.shopify.com/s/files/1/0076/8301/4754/files/2118381004_021_2.webp?v=1762173487|pos:2|alt:AGV AGV K3 Syth Black/Red Helmet – side view || https://cdn.shopify.com/s/files/1/0076/8301/4754/files/2118381004_021_5.webp?v=1762173487|pos:3|alt:AGV AGV K3 Syth Black/Red Helmet – rear view || https://cdn.shopify.com/s/files/1/0076/8301/4754/files/2118381004_021_4.webp?v=1762173487|pos:4|alt:AGV AGV K3 Syth Black/Red Helmet – detail view || https://cdn.shopify.com/s/files/1/0076/8301/4754/files/2118381004_021_3.webp?v=1762173487|pos:5|alt:AGV AGV K3 Syth Black/Red Helmet – top view || https://cdn.shopify.com/s/files/1/0076/8301/4754/files/2118381004_021_7.webp?v=1762173487|pos:6|alt:AGV AGV K3 Syth Black/Red Helmet – product view,6,AGV AGV K3 Syth Black/Red Helmet – front view | AGV AGV K3 Syth Black/Red Helmet – side view | AGV AGV K3 Syth Black/Red Helmet – rear view | AGV AGV K3 Syth Black/Red Helmet – detail view | AGV AGV K3 Syth Black/Red Helmet – top view | AGV AGV K3 Syth Black/Red Helmet – product view,,0,,,,,,,,,false,not_eligible,,0,false,/products/agv-k3-syth-black-red-helmet,/products/agv-k3-syth-black-red-helmet
agv-k3-birdy-2-0-grey-yellow-red-helmet,agv-k3-birdy-2-0-grey-yellow-red-helmet,AGV K3 Birdy 2.0 Grey/Yellow/Red Helmet,AGV K3 Birdy 2.0 Grey/Yellow/Red Helmet,agv-k3-birdy-2-0-grey-yellow-red-helmet,"An AGV icon, evolving towards perfection. K3 is AGV’s full-face road helmet that takes all the characteristics of a versatile, safe helmet to outstanding levels. Available in multiple sizes and/or colours — select your variant.","<p><b>An AGV icon, evolving towards perfection.</b><span> K3 is AGV’s full-face road helmet that takes all the characteristics of a versatile, safe helmet to outstanding levels.</span><br><br><span>It offers safety for all, at the highest levels – the shell made of</span><b><span> </span>high-resistance thermoplastic</b><span> </span><b>material</b><span>, the</span><b><span> </span>multi-density EPS<span> </span></b><span>and the details such as the</span><b><span> </span>collarbone-protection profile<span> </span></b><span>and the protective visor allow K3 to obtain the strict</span><b><span> </span>ECE22.06 homologation</b><span>. Due to the AGV Extreme Safety construction protocol, K3 meets the requirements of the most recent international standards and then some.</span><br><br><span>Its strength lies in its versatility. K3 is designed to put in its best performance in all situations. The </span><b>built-in sun visor</b><span>, which can be operated conveniently with gloves on, assists when it’s too bright, and doesn’t block the front ventilation when it’s in the rest position. The </span><b>Pinlock® 70 MaxVision™</b><span>antifog system guarantees maximum visibility even on the wettest and coldest days, when the temperature difference between the environment and the inside of the helmet could cause the visor to fog up dangerously. Not with K3. The </span><b>Ultravision visor<span> </span></b><span>also guarantees a </span><b>190° horizontal field of vision</b><span>, so you can see obstacles, the road and everything in front of you earlier and better. K3 is prepared for the installation of communication systems. The </span><b>Eyewear Ready</b><span> interior design allows you to comfortably wear your eyeglasses or sunglasses while riding.</span><br><br><span>Comfort boosts performance. </span><b>The aerodynamic profile</b><span> of the K3 is designed to achieve a </span><b>dynamic weight of zero</b><span> at a cruising speed of 130 km/h. It means lower weight and less strain on the neck muscles, for maximum concentration on riding. The interiors, made of </span><b>2DRY material with rapid absorption</b><span> of sweat and moisture, can be customized, to </span><b>personalize the fit</b><span> to the full and maximize how comfortable it feels. The ventilation achieves maximum efficiency through </span><b>the air vents at the front</b><span> and on the chin, precise and easy to operate with gloves on.</span><br><br><span>The practical </span><b>micrometric steel closing system<span> </span></b><span>permits quick, safe adjustment of the helmet fastening.</span></p>
<p><span>Thermoplastic</span></p>
<div class=""accordion-item"">
<div id=""ACCESSORIES_INCLUDED"" class=""accordion-collapse collapse show"" data-bs-parent=""#ACCESSORIES_INCLUDED"">
<div class=""pb-3"">
<p class=""mb-1"">Wind protector</p>
<p class=""mb-1"">Optimized for all riding positions</p>
<p class=""mb-1"">Shell shape designed to maximize aerodynamic performance and to have 0 dynamic weight at 130km/h (80 mph)</p>
<p class=""mb-1"">Cheek pads interchangeable between all sizes</p>
<p class=""mb-1"">DrySpeed: instant sweat absorption</p>
<p class=""mb-1"">Embracing neck roll profile</p>
<p class=""mb-1"">Fit especially designed to allow wearing glasses</p>
<p class=""mb-1"">Fresh and smooth breathable fabric</p>
<p class=""mb-1"">No stitches in sensitive areas</p>
<p class=""mb-1"">Ready for generic communication system</p>
<p class=""mb-1"">Removable and washable interiors</p>
<div class=""accordion-item"">
<div id=""RETENTION_SYSTEM"" class=""accordion-collapse collapse show"" data-bs-parent=""#RETENTION_SYSTEM"">
<div class=""pb-3"">
<p class=""mb-1"">Steel micrometric</p>
<p class=""mb-1"">3 shell sizes</p>
<p class=""mb-1"">Collarbone safe profile</p>
<p class=""mb-1"">High Resistance Thermoplastic</p>
<p class=""mb-1"">Multi-density EPS developed in 4 sizes</p>
<p class=""mb-1"">1 rear extractor</p>
<p class=""mb-1"">4 front vents</p>
<p class=""mb-1"">Adjustable air vents</p>
<div class=""accordion-item"">
<div id=""VISOR"" class=""accordion-collapse collapse show"" data-bs-parent=""#VISOR"">
<div class=""pb-3"">
<p class=""mb-1"">190° horizontal field of view</p>
<p class=""mb-1"">Anti-scratch</p>
<p class=""mb-1"">Integrated anti-scratch sun visor, removable without using tools</p>
<p class=""mb-1"">Micro-opening system</p>
<p class=""mb-1"">Multistep visor mechanism</p>
<p class=""mb-1"">Patented Extra Quick Release System</p>
<p class=""mb-1"">Pinlock® 70 MaxVision™ Included</p>
<p class=""mb-1"">UV protective</p>
<p class=""mb-1"">Visor step for city position</p>
<div class=""accordion"" id=""accordion-MaterialCare"">
<div class=""accordion-item"">
<div id=""WEIGHT"" class=""accordion-collapse collapse show"" data-bs-parent=""#WEIGHT"">
<div class=""pb-3"">
<p class=""mb-1"">1.630 g in first shell size</p>
</div>
</div>
</div>
</div>
</div>
</div>
</div>
</div>
</div>
</div>
</div>
</div>
</div>","An AGV icon, evolving towards perfection. K3 is AGV’s full-face road helmet that takes all the characteristics of a versatile, safe helmet to outstanding levels.

It offers safety for all, at the highest levels – the shell made of high-resistance thermoplastic material, the multi-density EPS and the details such as the collarbone-protection profile and the protective visor allow K3 to obtain the strict ECE22.06 homologation. Due to the AGV Extreme Safety construction protocol, K3 meets the requirements of the most recent international standards and then some.

Its strength lies in its versatility. K3 is designed to put in its best performance in all situations. The built-in sun visor, which can be operated conveniently with gloves on, assists when it’s too bright, and doesn’t block the front ventilation when it’s in the rest position. The Pinlock® 70 MaxVision™antifog system guarantees maximum visibility even on the wettest and coldest days, when the temperature difference between the environment and the inside of the helmet could cause the visor to fog up dangerously. Not with K3. The Ultravision visor also guarantees a 190° horizontal field of vision, so you can see obstacles, the road and everything in front of you earlier and better. K3 is prepared for the installation of communication systems. The Eyewear Ready interior design allows you to comfortably wear your eyeglasses or sunglasses while riding.

Comfort boosts performance. The aerodynamic profile of the K3 is designed to achieve a dynamic weight of zero at a cruising speed of 130 km/h. It means lower weight and less strain on the neck muscles, for maximum concentration on riding. The interiors, made of 2DRY material with rapid absorption of sweat and moisture, can be customized, to personalize the fit to the full and maximize how comfortable it feels. The ventilation achieves maximum efficiency through the air vents at the front and on the chin, precise and easy to operate with gloves on.

The practical micrometric steel closing system permits quick, safe adjustment of the helmet fastening.

Thermoplastic

Wind protector

Optimized for all riding positions

Shell shape designed to maximize aerodynamic performance and to have 0 dynamic weight at 130km/h (80 mph)

Cheek pads interchangeable between all sizes

DrySpeed: instant sweat absorption

Embracing neck roll profile

Fit especially designed to allow wearing glasses

Fresh and smooth breathable fabric

No stitches in sensitive areas

Ready for generic communication system

Removable and washable interiors

Steel micrometric

3 shell sizes

Collarbone safe profile

High Resistance Thermoplastic

Multi-density EPS developed in 4 sizes

1 rear extractor

4 front vents

Adjustable air vents

190° horizontal field of view

Anti-scratch

Integrated anti-scratch sun visor, removable without using tools

Micro-opening system

Multistep visor mechanism

Patented Extra Quick Release System

Pinlock® 70 MaxVision™ Included

UV protective

Visor step for city position

1.630 g in first shell size",59000,,2026-07-26,active,AGV,5000,g,Buy AGV K3 Birdy 2.0 Grey/Yellow/Red Helmet | Mile 27 Store,"An AGV icon, evolving towards perfection. K3 is AGV’s full-face road helmet that takes all the characteristics of a versatile, safe helmet to outstanding…",,Cleaned noise; brand verified,High,false,Helmets,High,"Mapped from Shopify Type ""Helmets""",agv-k3-birdy-2-0-grey-yellow-red-helmet-1|Size:XS|price:59000.00|compare:|weight:5000|barcode:|qty:0 | agv-k3-birdy-2-0-grey-yellow-red-helmet-2|Size:S|price:59000.00|compare:|weight:5000|barcode:|qty:0 | agv-k3-birdy-2-0-grey-yellow-red-helmet-3|Size:M|price:59000.00|compare:|weight:5000|barcode:|qty:0 | agv-k3-birdy-2-0-grey-yellow-red-helmet-4|Size:L|price:59000.00|compare:|weight:5000|barcode:|qty:0 | agv-k3-birdy-2-0-grey-yellow-red-helmet-5|Size:XL|price:59000.00|compare:|weight:5000|barcode:|qty:0 | agv-k3-birdy-2-0-grey-yellow-red-helmet-6|Size:XXL|price:59000.00|compare:|weight:5000|barcode:|qty:0,"agv-k3-birdy-2-0-grey-yellow-red-helmet-1,agv-k3-birdy-2-0-grey-yellow-red-helmet-2,agv-k3-birdy-2-0-grey-yellow-red-helmet-3,agv-k3-birdy-2-0-grey-yellow-red-helmet-4,agv-k3-birdy-2-0-grey-yellow-red-helmet-5,agv-k3-birdy-2-0-grey-yellow-red-helmet-6",6,https://cdn.shopify.com/s/files/1/0076/8301/4754/files/2118381004_012_1.webp?v=1762172478|pos:1|alt:AGV AGV K3 Birdy 2.0 Grey/Yellow/Red Helmet – front view || https://cdn.shopify.com/s/files/1/0076/8301/4754/files/2118381004_012_2.webp?v=1762172478|pos:2|alt:AGV AGV K3 Birdy 2.0 Grey/Yellow/Red Helmet – side view || https://cdn.shopify.com/s/files/1/0076/8301/4754/files/2118381004_012_5.webp?v=1762172478|pos:3|alt:AGV AGV K3 Birdy 2.0 Grey/Yellow/Red Helmet – rear view || https://cdn.shopify.com/s/files/1/0076/8301/4754/files/2118381004_012_4.webp?v=1762172478|pos:4|alt:AGV AGV K3 Birdy 2.0 Grey/Yellow/Red Helmet – detail view || https://cdn.shopify.com/s/files/1/0076/8301/4754/files/2118381004_012_3.webp?v=1762172478|pos:5|alt:AGV AGV K3 Birdy 2.0 Grey/Yellow/Red Helmet – top view || https://cdn.shopify.com/s/files/1/0076/8301/4754/files/2118381004_012_7.webp?v=1762172478|pos:6|alt:AGV AGV K3 Birdy 2.0 Grey/Yellow/Red Helmet – product view,6,AGV AGV K3 Birdy 2.0 Grey/Yellow/Red Helmet – front view | AGV AGV K3 Birdy 2.0 Grey/Yellow/Red Helmet – side view | AGV AGV K3 Birdy 2.0 Grey/Yellow/Red Helmet – rear view | AGV AGV K3 Birdy 2.0 Grey/Yellow/Red Helmet – detail view | AGV AGV K3 Birdy 2.0 Grey/Yellow/Red Helmet – top view | AGV AGV K3 Birdy 2.0 Grey/Yellow/Red Helmet – product view,,0,,,,,,,,,false,not_eligible,,0,false,/products/agv-k3-birdy-2-0-grey-yellow-red-helmet,/products/agv-k3-birdy-2-0-grey-yellow-red-helmet
agv-k3-fortify-grey-black-yellow-fuo-helmet,agv-k3-fortify-grey-black-yellow-fuo-helmet,AGV K3 Fortify Grey/Black/Yellow Fluo Helmet,AGV K3 Fortify Grey/Black/Yellow Fluo Helmet,agv-k3-fortify-grey-black-yellow-fuo-helmet,"An AGV icon, evolving towards perfection. K3 is AGV’s full-face road helmet that takes all the characteristics of a versatile, safe helmet to outstanding levels. Available in multiple sizes and/or colours — select your variant.","<p><b>An AGV icon, evolving towards perfection.</b><span> K3 is AGV’s full-face road helmet that takes all the characteristics of a versatile, safe helmet to outstanding levels.</span><br><br><span>It offers safety for all, at the highest levels – the shell made of</span><b><span> </span>high-resistance thermoplastic</b><span> </span><b>material</b><span>, the</span><b><span> </span>multi-density EPS<span> </span></b><span>and the details such as the</span><b><span> </span>collarbone-protection profile<span> </span></b><span>and the protective visor allow K3 to obtain the strict</span><b><span> </span>ECE22.06 homologation</b><span>. Due to the AGV Extreme Safety construction protocol, K3 meets the requirements of the most recent international standards and then some.</span><br><br><span>Its strength lies in its versatility. K3 is designed to put in its best performance in all situations. The </span><b>built-in sun visor</b><span>, which can be operated conveniently with gloves on, assists when it’s too bright, and doesn’t block the front ventilation when it’s in the rest position. The </span><b>Pinlock® 70 MaxVision™</b><span>antifog system guarantees maximum visibility even on the wettest and coldest days, when the temperature difference between the environment and the inside of the helmet could cause the visor to fog up dangerously. Not with K3. The </span><b>Ultravision visor<span> </span></b><span>also guarantees a </span><b>190° horizontal field of vision</b><span>, so you can see obstacles, the road and everything in front of you earlier and better. K3 is prepared for the installation of communication systems. The </span><b>Eyewear Ready</b><span> interior design allows you to comfortably wear your eyeglasses or sunglasses while riding.</span><br><br><span>Comfort boosts performance. </span><b>The aerodynamic profile</b><span> of the K3 is designed to achieve a </span><b>dynamic weight of zero</b><span> at a cruising speed of 130 km/h. It means lower weight and less strain on the neck muscles, for maximum concentration on riding. The interiors, made of </span><b>2DRY material with rapid absorption</b><span> of sweat and moisture, can be customized, to </span><b>personalize the fit</b><span> to the full and maximize how comfortable it feels. The ventilation achieves maximum efficiency through </span><b>the air vents at the front</b><span> and on the chin, precise and easy to operate with gloves on.</span><br><br><span>The practical </span><b>micrometric steel closing system<span> </span></b><span>permits quick, safe adjustment of the helmet fastening.</span></p>
<p><span>Thermoplastic</span></p>
<div class=""accordion-item"">
<div id=""ACCESSORIES_INCLUDED"" class=""accordion-collapse collapse show"" data-bs-parent=""#ACCESSORIES_INCLUDED"">
<div class=""pb-3"">
<p class=""mb-1"">Wind protector</p>
<p class=""mb-1"">Optimized for all riding positions</p>
<p class=""mb-1"">Shell shape designed to maximize aerodynamic performance and to have 0 dynamic weight at 130km/h (80 mph)</p>
<p class=""mb-1"">Cheek pads interchangeable between all sizes</p>
<p class=""mb-1"">DrySpeed: instant sweat absorption</p>
<p class=""mb-1"">Embracing neck roll profile</p>
<p class=""mb-1"">Fit especially designed to allow wearing glasses</p>
<p class=""mb-1"">Fresh and smooth breathable fabric</p>
<p class=""mb-1"">No stitches in sensitive areas</p>
<p class=""mb-1"">Ready for generic communication system</p>
<p class=""mb-1"">Removable and washable interiors</p>
<div class=""accordion-item"">
<div id=""RETENTION_SYSTEM"" class=""accordion-collapse collapse show"" data-bs-parent=""#RETENTION_SYSTEM"">
<div class=""pb-3"">
<p class=""mb-1"">Steel micrometric</p>
<p class=""mb-1"">3 shell sizes</p>
<p class=""mb-1"">Collarbone safe profile</p>
<p class=""mb-1"">High Resistance Thermoplastic</p>
<p class=""mb-1"">Multi-density EPS developed in 4 sizes</p>
<p class=""mb-1"">1 rear extractor</p>
<p class=""mb-1"">4 front vents</p>
<p class=""mb-1"">Adjustable air vents</p>
<p class=""mb-1"">190° horizontal field of view</p>
<p class=""mb-1"">Anti-scratch</p>
<p class=""mb-1"">Integrated anti-scratch sun visor, removable without using tools</p>
<p class=""mb-1"">Micro-opening system</p>
<p class=""mb-1"">Multistep visor mechanism</p>
<p class=""mb-1"">Patented Extra Quick Release System</p>
<p class=""mb-1"">Pinlock® 70 MaxVision™ Included</p>
<p class=""mb-1"">UV protective</p>
<p class=""mb-1"">Visor step for city position</p>
<div class=""accordion"" id=""accordion-MaterialCare"">
<div class=""accordion-item"">
<div id=""WEIGHT"" class=""accordion-collapse collapse show"" data-bs-parent=""#WEIGHT"">
<div class=""pb-3"">
<p class=""mb-1"">1.630 g in first shell size</p>
</div>
</div>
</div>
</div>
</div>
</div>
</div>
</div>
</div>
</div>","An AGV icon, evolving towards perfection. K3 is AGV’s full-face road helmet that takes all the characteristics of a versatile, safe helmet to outstanding levels.

It offers safety for all, at the highest levels – the shell made of high-resistance thermoplastic material, the multi-density EPS and the details such as the collarbone-protection profile and the protective visor allow K3 to obtain the strict ECE22.06 homologation. Due to the AGV Extreme Safety construction protocol, K3 meets the requirements of the most recent international standards and then some.

Its strength lies in its versatility. K3 is designed to put in its best performance in all situations. The built-in sun visor, which can be operated conveniently with gloves on, assists when it’s too bright, and doesn’t block the front ventilation when it’s in the rest position. The Pinlock® 70 MaxVision™antifog system guarantees maximum visibility even on the wettest and coldest days, when the temperature difference between the environment and the inside of the helmet could cause the visor to fog up dangerously. Not with K3. The Ultravision visor also guarantees a 190° horizontal field of vision, so you can see obstacles, the road and everything in front of you earlier and better. K3 is prepared for the installation of communication systems. The Eyewear Ready interior design allows you to comfortably wear your eyeglasses or sunglasses while riding.

Comfort boosts performance. The aerodynamic profile of the K3 is designed to achieve a dynamic weight of zero at a cruising speed of 130 km/h. It means lower weight and less strain on the neck muscles, for maximum concentration on riding. The interiors, made of 2DRY material with rapid absorption of sweat and moisture, can be customized, to personalize the fit to the full and maximize how comfortable it feels. The ventilation achieves maximum efficiency through the air vents at the front and on the chin, precise and easy to operate with gloves on.

The practical micrometric steel closing system permits quick, safe adjustment of the helmet fastening.

Thermoplastic

Wind protector

Optimized for all riding positions

Shell shape designed to maximize aerodynamic performance and to have 0 dynamic weight at 130km/h (80 mph)

Cheek pads interchangeable between all sizes

DrySpeed: instant sweat absorption

Embracing neck roll profile

Fit especially designed to allow wearing glasses

Fresh and smooth breathable fabric

No stitches in sensitive areas

Ready for generic communication system

Removable and washable interiors

Steel micrometric

3 shell sizes

Collarbone safe profile

High Resistance Thermoplastic

Multi-density EPS developed in 4 sizes

1 rear extractor

4 front vents

Adjustable air vents

190° horizontal field of view

Anti-scratch

Integrated anti-scratch sun visor, removable without using tools

Micro-opening system

Multistep visor mechanism

Patented Extra Quick Release System

Pinlock® 70 MaxVision™ Included

UV protective

Visor step for city position

1.630 g in first shell size",59000,,2026-07-26,active,AGV,100000,g,Buy AGV K3 Fortify Grey/Black/Yellow Fluo Helmet | Mile 27 Store,"An AGV icon, evolving towards perfection. K3 is AGV’s full-face road helmet that takes all the characteristics of a versatile, safe helmet to outstanding…",,Cleaned noise; brand verified,High,false,Helmets,High,"Mapped from Shopify Type ""Helmets""",agv-k3-fortify-grey-black-yellow-fuo-helmet-1|Size:XS|price:59000.00|compare:|weight:100000|barcode:|qty:0 | agv-k3-fortify-grey-black-yellow-fuo-helmet-2|Size:S|price:59000.00|compare:|weight:100000|barcode:|qty:0 | agv-k3-fortify-grey-black-yellow-fuo-helmet-3|Size:M|price:59000.00|compare:|weight:100000|barcode:|qty:0 | agv-k3-fortify-grey-black-yellow-fuo-helmet-4|Size:L|price:59000.00|compare:|weight:100000|barcode:|qty:0 | agv-k3-fortify-grey-black-yellow-fuo-helmet-5|Size:XL|price:59000.00|compare:|weight:100000|barcode:|qty:0 | agv-k3-fortify-grey-black-yellow-fuo-helmet-6|Size:XXL|price:59000.00|compare:|weight:100000|barcode:|qty:0,"agv-k3-fortify-grey-black-yellow-fuo-helmet-1,agv-k3-fortify-grey-black-yellow-fuo-helmet-2,agv-k3-fortify-grey-black-yellow-fuo-helmet-3,agv-k3-fortify-grey-black-yellow-fuo-helmet-4,agv-k3-fortify-grey-black-yellow-fuo-helmet-5,agv-k3-fortify-grey-black-yellow-fuo-helmet-6",6,https://cdn.shopify.com/s/files/1/0076/8301/4754/files/2118381004_011_1.webp?v=1762171933|pos:1|alt:AGV AGV K3 Fortify Grey/Black/Yellow Fluo Helmet – front view || https://cdn.shopify.com/s/files/1/0076/8301/4754/files/2118381004_011_2.webp?v=1762171933|pos:2|alt:AGV AGV K3 Fortify Grey/Black/Yellow Fluo Helmet – side view || https://cdn.shopify.com/s/files/1/0076/8301/4754/files/2118381004_011_5.webp?v=1762171933|pos:3|alt:AGV AGV K3 Fortify Grey/Black/Yellow Fluo Helmet – rear view || https://cdn.shopify.com/s/files/1/0076/8301/4754/files/2118381004_011_4.webp?v=1762171933|pos:4|alt:AGV AGV K3 Fortify Grey/Black/Yellow Fluo Helmet – detail view || https://cdn.shopify.com/s/files/1/0076/8301/4754/files/2118381004_011_3.webp?v=1762171933|pos:5|alt:AGV AGV K3 Fortify Grey/Black/Yellow Fluo Helmet – top view || https://cdn.shopify.com/s/files/1/0076/8301/4754/files/2118381004_011_7.webp?v=1762171933|pos:6|alt:AGV AGV K3 Fortify Grey/Black/Yellow Fluo Helmet – product view,6,AGV AGV K3 Fortify Grey/Black/Yellow Fluo Helmet – front view | AGV AGV K3 Fortify Grey/Black/Yellow Fluo Helmet – side view | AGV AGV K3 Fortify Grey/Black/Yellow Fluo Helmet – rear view | AGV AGV K3 Fortify Grey/Black/Yellow Fluo Helmet – detail view | AGV AGV K3 Fortify Grey/Black/Yellow Fluo Helmet – top view | AGV AGV K3 Fortify Grey/Black/Yellow Fluo Helmet – product view,,0,,,,,,,,,false,not_eligible,,0,false,/products/agv-k3-fortify-grey-black-yellow-fuo-helmet,/products/agv-k3-fortify-grey-black-yellow-fuo-helmet
agv-k3-rossi-winter-test-2018-helmet,agv-k3-rossi-winter-test-2018-helmet,AGV K3 Rossi Winter Test 2018 Helmet,AGV K3 Rossi Winter Test 2018 Helmet,agv-k3-rossi-winter-test-2018-helmet,"An AGV icon, evolving towards perfection. K3 is AGV’s full-face road helmet that takes all the characteristics of a versatile, safe helmet to outstanding levels. Available in multiple sizes and/or colours — select your variant.","<p><b>An AGV icon, evolving towards perfection.</b><span> K3 is AGV’s full-face road helmet that takes all the characteristics of a versatile, safe helmet to outstanding levels.</span><br><br><span>It offers safety for all, at the highest levels – the shell made of</span><b><span> </span>high-resistance thermoplastic</b><span> </span><b>material</b><span>, the</span><b><span> </span>multi-density EPS<span> </span></b><span>and the details such as the</span><b><span> </span>collarbone-protection profile<span> </span></b><span>and the protective visor allow K3 to obtain the strict</span><b><span> </span>ECE22.06 homologation</b><span>. Due to the AGV Extreme Safety construction protocol, K3 meets the requirements of the most recent international standards and then some.</span><br><br><span>Its strength lies in its versatility. K3 is designed to put in its best performance in all situations. The </span><b>built-in sun visor</b><span>, which can be operated conveniently with gloves on, assists when it’s too bright, and doesn’t block the front ventilation when it’s in the rest position. The </span><b>Pinlock</b><span> </span><b>Max Vision<span> </span></b><span>antifog system guarantees maximum visibility even on the wettest and coldest days, when the temperature difference between the environment and the inside of the helmet could cause the visor to fog up dangerously. Not with K3. The </span><b>Ultravision visor<span> </span></b><span>also guarantees a </span><b>190° horizontal field of vision</b><span>, so you can see obstacles, the road and everything in front of you earlier and better. K3 is prepared for the installation of communication systems. The </span><b>Eyewear Ready</b><span> interior design allows you to comfortably wear your eyeglasses or sunglasses while riding.</span><br><br><span>Comfort boosts performance. </span><b>The aerodynamic profile</b><span> of the K3 is designed to achieve a </span><b>dynamic weight of zero</b><span> at a cruising speed of 130 km/h. It means lower weight and less strain on the neck muscles, for maximum concentration on riding. The interiors, made of </span><b>2DRY material with rapid absorption</b><span> of sweat and moisture, can be customized, to </span><b>personalize the fit</b><span> to the full and maximize how comfortable it feels. The ventilation achieves maximum efficiency through </span><b>the air vents at the front</b><span> and on the chin, precise and easy to operate with gloves on.</span><br><br><span>The practical </span><b>micrometric steel closing system<span> </span></b><span>permits quick, safe adjustment of the helmet fastening.</span></p>
<p><span>Thermoplastic</span></p>
<div class=""accordion-item"">
<div id=""ACCESSORIES_INCLUDED"" class=""accordion-collapse collapse show"" data-bs-parent=""#ACCESSORIES_INCLUDED"">
<div class=""pb-3"">
<p class=""mb-1"">Wind protector</p>
<p class=""mb-1"">Optimized for all riding positions</p>
<p class=""mb-1"">Shell shape designed to maximize aerodynamic performance and to have 0 dynamic weight at 130km/h (80 mph)</p>
<p class=""mb-1"">Cheek pads interchangeable between all sizes</p>
<p class=""mb-1"">DrySpeed: instant sweat absorption</p>
<p class=""mb-1"">Embracing neck roll profile</p>
<p class=""mb-1"">Fit especially designed to allow wearing glasses</p>
<p class=""mb-1"">Fresh and smooth breathable fabric</p>
<p class=""mb-1"">No stitches in sensitive areas</p>
<p class=""mb-1"">Ready for generic communication system</p>
<p class=""mb-1"">Removable and washable interiors</p>
<div class=""accordion-item"">
<div id=""RETENTION_SYSTEM"" class=""accordion-collapse collapse show"" data-bs-parent=""#RETENTION_SYSTEM"">
<div class=""pb-3"">
<p class=""mb-1"">Steel micrometric</p>
<p class=""mb-1"">3 shell sizes</p>
<p class=""mb-1"">Collarbone safe profile</p>
<p class=""mb-1"">High Resistance Thermoplastic</p>
<p class=""mb-1"">Multi-density EPS developed in 4 sizes</p>
<p class=""mb-1"">1 rear extractor</p>
<p class=""mb-1"">4 front vents</p>
<p class=""mb-1"">Adjustable air vents</p>
<p class=""mb-1"">190° horizontal field of view</p>
<p class=""mb-1"">Anti-scratch</p>
<p class=""mb-1"">Integrated anti-scratch sun visor, removable without using tools</p>
<p class=""mb-1"">Micro-opening system</p>
<p class=""mb-1"">Multistep visor mechanism</p>
<p class=""mb-1"">Patented Extra Quick Release System</p>
<p class=""mb-1"">Pinlock® 70 MaxVision™ Included</p>
<p class=""mb-1"">UV protective</p>
<p class=""mb-1"">Visor step for city position</p>
<div class=""accordion"" id=""accordion-MaterialCare"">
<div class=""accordion-item"">
<div id=""WEIGHT"" class=""accordion-collapse collapse show"" data-bs-parent=""#WEIGHT"">
<div class=""pb-3"">
<p class=""mb-1"">1.630 g in first shell size</p>
</div>
</div>
</div>
</div>
</div>
</div>
</div>
</div>
</div>
</div>","An AGV icon, evolving towards perfection. K3 is AGV’s full-face road helmet that takes all the characteristics of a versatile, safe helmet to outstanding levels.

It offers safety for all, at the highest levels – the shell made of high-resistance thermoplastic material, the multi-density EPS and the details such as the collarbone-protection profile and the protective visor allow K3 to obtain the strict ECE22.06 homologation. Due to the AGV Extreme Safety construction protocol, K3 meets the requirements of the most recent international standards and then some.

Its strength lies in its versatility. K3 is designed to put in its best performance in all situations. The built-in sun visor, which can be operated conveniently with gloves on, assists when it’s too bright, and doesn’t block the front ventilation when it’s in the rest position. The Pinlock Max Vision antifog system guarantees maximum visibility even on the wettest and coldest days, when the temperature difference between the environment and the inside of the helmet could cause the visor to fog up dangerously. Not with K3. The Ultravision visor also guarantees a 190° horizontal field of vision, so you can see obstacles, the road and everything in front of you earlier and better. K3 is prepared for the installation of communication systems. The Eyewear Ready interior design allows you to comfortably wear your eyeglasses or sunglasses while riding.

Comfort boosts performance. The aerodynamic profile of the K3 is designed to achieve a dynamic weight of zero at a cruising speed of 130 km/h. It means lower weight and less strain on the neck muscles, for maximum concentration on riding. The interiors, made of 2DRY material with rapid absorption of sweat and moisture, can be customized, to personalize the fit to the full and maximize how comfortable it feels. The ventilation achieves maximum efficiency through the air vents at the front and on the chin, precise and easy to operate with gloves on.

The practical micrometric steel closing system permits quick, safe adjustment of the helmet fastening.

Thermoplastic

Wind protector

Optimized for all riding positions

Shell shape designed to maximize aerodynamic performance and to have 0 dynamic weight at 130km/h (80 mph)

Cheek pads interchangeable between all sizes

DrySpeed: instant sweat absorption

Embracing neck roll profile

Fit especially designed to allow wearing glasses

Fresh and smooth breathable fabric

No stitches in sensitive areas

Ready for generic communication system

Removable and washable interiors

Steel micrometric

3 shell sizes

Collarbone safe profile

High Resistance Thermoplastic

Multi-density EPS developed in 4 sizes

1 rear extractor

4 front vents

Adjustable air vents

190° horizontal field of view

Anti-scratch

Integrated anti-scratch sun visor, removable without using tools

Micro-opening system

Multistep visor mechanism

Patented Extra Quick Release System

Pinlock® 70 MaxVision™ Included

UV protective

Visor step for city position

1.630 g in first shell size",63000,,2026-07-26,active,AGV,5000,g,Buy AGV K3 Rossi Winter Test 2018 Helmet | Mile 27 Store,"An AGV icon, evolving towards perfection. K3 is AGV’s full-face road helmet that takes all the characteristics of a versatile, safe helmet to outstanding…",,Cleaned noise; brand verified,High,false,Helmets,High,"Mapped from Shopify Type ""Helmets""",agv-k3-rossi-winter-test-2018-helmet-1|Size:XS|price:63000.00|compare:|weight:5000|barcode:|qty:0 | agv-k3-rossi-winter-test-2018-helmet-2|Size:S|price:63000.00|compare:|weight:5000|barcode:|qty:0 | agv-k3-rossi-winter-test-2018-helmet-3|Size:M|price:63000.00|compare:|weight:5000|barcode:|qty:0 | agv-k3-rossi-winter-test-2018-helmet-4|Size:L|price:63000.00|compare:|weight:5000|barcode:|qty:0 | agv-k3-rossi-winter-test-2018-helmet-5|Size:XL|price:63000.00|compare:|weight:5000|barcode:|qty:0 | agv-k3-rossi-winter-test-2018-helmet-6|Size:XXL|price:63000.00|compare:|weight:5000|barcode:|qty:0,"agv-k3-rossi-winter-test-2018-helmet-1,agv-k3-rossi-winter-test-2018-helmet-2,agv-k3-rossi-winter-test-2018-helmet-3,agv-k3-rossi-winter-test-2018-helmet-4,agv-k3-rossi-winter-test-2018-helmet-5,agv-k3-rossi-winter-test-2018-helmet-6",6,https://cdn.shopify.com/s/files/1/0076/8301/4754/files/A1Y01643_900x_18c55136-2c54-44be-98bf-ef20af188c8c.webp?v=1762171615|pos:1|alt:AGV AGV K3 Rossi Winter Test 2018 Helmet – front view || https://cdn.shopify.com/s/files/1/0076/8301/4754/files/2118381004_001_2.webp?v=1762171615|pos:2|alt:AGV AGV K3 Rossi Winter Test 2018 Helmet – side view || https://cdn.shopify.com/s/files/1/0076/8301/4754/files/2118381004_001_5.webp?v=1762171615|pos:3|alt:AGV AGV K3 Rossi Winter Test 2018 Helmet – rear view || https://cdn.shopify.com/s/files/1/0076/8301/4754/files/2118381004_001_4.webp?v=1762171615|pos:4|alt:AGV AGV K3 Rossi Winter Test 2018 Helmet – detail view || https://cdn.shopify.com/s/files/1/0076/8301/4754/files/2118381004_001_3.webp?v=1762171615|pos:5|alt:AGV AGV K3 Rossi Winter Test 2018 Helmet – top view || https://cdn.shopify.com/s/files/1/0076/8301/4754/files/2118381004_001_7.webp?v=1762171615|pos:6|alt:AGV AGV K3 Rossi Winter Test 2018 Helmet – product view,6,AGV AGV K3 Rossi Winter Test 2018 Helmet – front view | AGV AGV K3 Rossi Winter Test 2018 Helmet – side view | AGV AGV K3 Rossi Winter Test 2018 Helmet – rear view | AGV AGV K3 Rossi Winter Test 2018 Helmet – detail view | AGV AGV K3 Rossi Winter Test 2018 Helmet – top view | AGV AGV K3 Rossi Winter Test 2018 Helmet – product view,season:winter,1,,,,,,,,,false,not_eligible,,0,false,/products/agv-k3-rossi-winter-test-2018-helmet,/products/agv-k3-rossi-winter-test-2018-helmet
agv-k3-rossi-wt-phillip-island-2005-helmet,agv-k3-rossi-wt-phillip-island-2005-helmet,AGV K3 Rossi WT Phillip Island 2005 Helmet,AGV K3 Rossi WT Phillip Island 2005 Helmet,agv-k3-rossi-wt-phillip-island-2005-helmet,"An AGV icon, evolving towards perfection. K3 is AGV’s full-face road helmet that takes all the characteristics of a versatile, safe helmet to outstanding levels. Available in multiple sizes and/or colours — select your variant.","<p><b>An AGV icon, evolving towards perfection.</b><span> K3 is AGV’s full-face road helmet that takes all the characteristics of a versatile, safe helmet to outstanding levels.</span><br><br><span>It offers safety for all, at the highest levels – the shell made of</span><b><span> </span>high-resistance thermoplastic</b><span> </span><b>material</b><span>, the</span><b><span> </span>multi-density EPS<span> </span></b><span>and the details such as the</span><b><span> </span>collarbone-protection profile<span> </span></b><span>and the protective visor allow K3 to obtain the strict</span><b><span> </span>ECE22.06 homologation</b><span>. Due to the AGV Extreme Safety construction protocol, K3 meets the requirements of the most recent international standards and then some.</span><br><br><span>Its strength lies in its versatility. K3 is designed to put in its best performance in all situations. The </span><b>built-in sun visor</b><span>, which can be operated conveniently with gloves on, assists when it’s too bright, and doesn’t block the front ventilation when it’s in the rest position. The </span><b>Pinlock</b><span> </span><b>Max Vision<span> </span></b><span>antifog system guarantees maximum visibility even on the wettest and coldest days, when the temperature difference between the environment and the inside of the helmet could cause the visor to fog up dangerously. Not with K3. The </span><b>Ultravision visor<span> </span></b><span>also guarantees a </span><b>190° horizontal field of vision</b><span>, so you can see obstacles, the road and everything in front of you earlier and better. K3 is prepared for the installation of communication systems. The </span><b>Eyewear Ready</b><span> interior design allows you to comfortably wear your eyeglasses or sunglasses while riding.</span><br><br><span>Comfort boosts performance. </span><b>The aerodynamic profile</b><span> of the K3 is designed to achieve a </span><b>dynamic weight of zero</b><span> at a cruising speed of 130 km/h. It means lower weight and less strain on the neck muscles, for maximum concentration on riding. The interiors, made of </span><b>2DRY material with rapid absorption</b><span> of sweat and moisture, can be customized, to </span><b>personalize the fit</b><span> to the full and maximize how comfortable it feels. The ventilation achieves maximum efficiency through </span><b>the air vents at the front</b><span> and on the chin, precise and easy to operate with gloves on.</span><br><br><span>The practical </span><b>micrometric steel closing system<span> </span></b><span>permits quick, safe adjustment of the helmet fastening.</span></p>
<p><span>Thermoplastic</span></p>
<div class=""accordion-item"">
<div id=""ACCESSORIES_INCLUDED"" class=""accordion-collapse collapse show"" data-bs-parent=""#ACCESSORIES_INCLUDED"">
<div class=""pb-3"">
<p class=""mb-1"">Wind protector</p>
<p class=""mb-1"">Optimized for all riding positions</p>
<p class=""mb-1"">Shell shape designed to maximize aerodynamic performance and to have 0 dynamic weight at 130km/h (80 mph)</p>
<p class=""mb-1"">Cheek pads interchangeable between all sizes</p>
<p class=""mb-1"">DrySpeed: instant sweat absorption</p>
<p class=""mb-1"">Embracing neck roll profile</p>
<p class=""mb-1"">Fit especially designed to allow wearing glasses</p>
<p class=""mb-1"">Fresh and smooth breathable fabric</p>
<p class=""mb-1"">No stitches in sensitive areas</p>
<p class=""mb-1"">Ready for generic communication system</p>
<p class=""mb-1"">Removable and washable interiors</p>
<div class=""accordion-item"">
<div id=""RETENTION_SYSTEM"" class=""accordion-collapse collapse show"" data-bs-parent=""#RETENTION_SYSTEM"">
<div class=""pb-3"">
<p class=""mb-1"">Steel micrometric</p>
<p class=""mb-1"">3 shell sizes</p>
<p class=""mb-1"">Collarbone safe profile</p>
<p class=""mb-1"">High Resistance Thermoplastic</p>
<p class=""mb-1"">Multi-density EPS developed in 4 sizes</p>
<p class=""mb-1"">1 rear extractor</p>
<p class=""mb-1"">4 front vents</p>
<p class=""mb-1"">Adjustable air vents</p>
<p class=""mb-1"">190° horizontal field of view</p>
<p class=""mb-1"">Anti-scratch</p>
<p class=""mb-1"">Integrated anti-scratch sun visor, removable without using tools</p>
<p class=""mb-1"">Micro-opening system</p>
<p class=""mb-1"">Multistep visor mechanism</p>
<p class=""mb-1"">Patented Extra Quick Release System</p>
<p class=""mb-1"">Pinlock® 70 MaxVision™ Included</p>
<p class=""mb-1"">UV protective</p>
<p class=""mb-1"">Visor step for city position</p>
<div class=""accordion"" id=""accordion-MaterialCare"">
<div class=""accordion-item"">
<div id=""WEIGHT"" class=""accordion-collapse collapse show"" data-bs-parent=""#WEIGHT"">
<div class=""pb-3"">
<p class=""mb-1"">1.630 g in first shell size</p>
</div>
</div>
</div>
</div>
</div>
</div>
</div>
</div>
</div>
</div>","An AGV icon, evolving towards perfection. K3 is AGV’s full-face road helmet that takes all the characteristics of a versatile, safe helmet to outstanding levels.

It offers safety for all, at the highest levels – the shell made of high-resistance thermoplastic material, the multi-density EPS and the details such as the collarbone-protection profile and the protective visor allow K3 to obtain the strict ECE22.06 homologation. Due to the AGV Extreme Safety construction protocol, K3 meets the requirements of the most recent international standards and then some.

Its strength lies in its versatility. K3 is designed to put in its best performance in all situations. The built-in sun visor, which can be operated conveniently with gloves on, assists when it’s too bright, and doesn’t block the front ventilation when it’s in the rest position. The Pinlock Max Vision antifog system guarantees maximum visibility even on the wettest and coldest days, when the temperature difference between the environment and the inside of the helmet could cause the visor to fog up dangerously. Not with K3. The Ultravision visor also guarantees a 190° horizontal field of vision, so you can see obstacles, the road and everything in front of you earlier and better. K3 is prepared for the installation of communication systems. The Eyewear Ready interior design allows you to comfortably wear your eyeglasses or sunglasses while riding.

Comfort boosts performance. The aerodynamic profile of the K3 is designed to achieve a dynamic weight of zero at a cruising speed of 130 km/h. It means lower weight and less strain on the neck muscles, for maximum concentration on riding. The interiors, made of 2DRY material with rapid absorption of sweat and moisture, can be customized, to personalize the fit to the full and maximize how comfortable it feels. The ventilation achieves maximum efficiency through the air vents at the front and on the chin, precise and easy to operate with gloves on.

The practical micrometric steel closing system permits quick, safe adjustment of the helmet fastening.

Thermoplastic

Wind protector

Optimized for all riding positions

Shell shape designed to maximize aerodynamic performance and to have 0 dynamic weight at 130km/h (80 mph)

Cheek pads interchangeable between all sizes

DrySpeed: instant sweat absorption

Embracing neck roll profile

Fit especially designed to allow wearing glasses

Fresh and smooth breathable fabric

No stitches in sensitive areas

Ready for generic communication system

Removable and washable interiors

Steel micrometric

3 shell sizes

Collarbone safe profile

High Resistance Thermoplastic

Multi-density EPS developed in 4 sizes

1 rear extractor

4 front vents

Adjustable air vents

190° horizontal field of view

Anti-scratch

Integrated anti-scratch sun visor, removable without using tools

Micro-opening system

Multistep visor mechanism

Patented Extra Quick Release System

Pinlock® 70 MaxVision™ Included

UV protective

Visor step for city position

1.630 g in first shell size",63000,,2026-07-26,active,AGV,5000,g,Buy AGV K3 Rossi WT Phillip Island 2005 Helmet | Mile 27 Store,"An AGV icon, evolving towards perfection. K3 is AGV’s full-face road helmet that takes all the characteristics of a versatile, safe helmet to outstanding…",,Cleaned noise; brand verified,High,false,Helmets,High,"Mapped from Shopify Type ""Helmets""",agv-k3-rossi-wt-phillip-island-2005-helmet-1|Size:XS|price:63000.00|compare:|weight:5000|barcode:|qty:0 | agv-k3-rossi-wt-phillip-island-2005-helmet-2|Size:S|price:63000.00|compare:|weight:5000|barcode:|qty:0 | agv-k3-rossi-wt-phillip-island-2005-helmet-3|Size:M|price:63000.00|compare:|weight:5000|barcode:|qty:0 | agv-k3-rossi-wt-phillip-island-2005-helmet-4|Size:L|price:63000.00|compare:|weight:5000|barcode:|qty:0 | agv-k3-rossi-wt-phillip-island-2005-helmet-5|Size:XL|price:63000.00|compare:|weight:5000|barcode:|qty:0 | agv-k3-rossi-wt-phillip-island-2005-helmet-6|Size:XXL|price:63000.00|compare:|weight:5000|barcode:|qty:0,"agv-k3-rossi-wt-phillip-island-2005-helmet-1,agv-k3-rossi-wt-phillip-island-2005-helmet-2,agv-k3-rossi-wt-phillip-island-2005-helmet-3,agv-k3-rossi-wt-phillip-island-2005-helmet-4,agv-k3-rossi-wt-phillip-island-2005-helmet-5,agv-k3-rossi-wt-phillip-island-2005-helmet-6",6,https://cdn.shopify.com/s/files/1/0076/8301/4754/files/2118381004_002_1.webp?v=1761655012|pos:1|alt:AGV AGV K3 Rossi WT Phillip Island 2005 Helmet – front view || https://cdn.shopify.com/s/files/1/0076/8301/4754/files/2118381004_002_2.webp?v=1761655013|pos:2|alt:AGV AGV K3 Rossi WT Phillip Island 2005 Helmet – side view || https://cdn.shopify.com/s/files/1/0076/8301/4754/files/2118381004_002_5.webp?v=1761655013|pos:3|alt:AGV AGV K3 Rossi WT Phillip Island 2005 Helmet – rear view || https://cdn.shopify.com/s/files/1/0076/8301/4754/files/2118381004_002_4.webp?v=1761655013|pos:4|alt:AGV AGV K3 Rossi WT Phillip Island 2005 Helmet – detail view || https://cdn.shopify.com/s/files/1/0076/8301/4754/files/2118381004_002_3.webp?v=1761655012|pos:5|alt:AGV AGV K3 Rossi WT Phillip Island 2005 Helmet – top view || https://cdn.shopify.com/s/files/1/0076/8301/4754/files/2118381004_002_7.webp?v=1761655012|pos:6|alt:AGV AGV K3 Rossi WT Phillip Island 2005 Helmet – product view,6,AGV AGV K3 Rossi WT Phillip Island 2005 Helmet – front view | AGV AGV K3 Rossi WT Phillip Island 2005 Helmet – side view | AGV AGV K3 Rossi WT Phillip Island 2005 Helmet – rear view | AGV AGV K3 Rossi WT Phillip Island 2005 Helmet – detail view | AGV AGV K3 Rossi WT Phillip Island 2005 Helmet – top view | AGV AGV K3 Rossi WT Phillip Island 2005 Helmet – product view,,0,,,,,,,,,false,not_eligible,,0,false,/products/agv-k3-rossi-wt-phillip-island-2005-helmet,/products/agv-k3-rossi-wt-phillip-island-2005-helmet
agv-k3-shade-grey-yellow-fluo-helmet,agv-k3-shade-grey-yellow-fluo-helmet,AGV K3 Shade Grey/Yellow Fluo Helmet,AGV K3 Shade Grey/Yellow Fluo Helmet,agv-k3-shade-grey-yellow-fluo-helmet,"An AGV icon, evolving towards perfection. K3 is AGV’s full-face road helmet that takes all the characteristics of a versatile, safe helmet to outstanding levels. Available in multiple sizes and/or colours — select your variant.","<p><b>An AGV icon, evolving towards perfection.</b><span> K3 is AGV’s full-face road helmet that takes all the characteristics of a versatile, safe helmet to outstanding levels.</span><br><br><span>It offers safety for all, at the highest levels – the shell made of</span><b><span> </span>high-resistance thermoplastic</b><span> </span><b>material</b><span>, the</span><b><span> </span>multi-density EPS<span> </span></b><span>and the details such as the</span><b><span> </span>collarbone-protection profile<span> </span></b><span>and the protective visor allow K3 to obtain the strict</span><b><span> </span>ECE22.06 homologation</b><span>. Due to the AGV Extreme Safety construction protocol, K3 meets the requirements of the most recent international standards and then some.</span><br><br><span>Its strength lies in its versatility. K3 is designed to put in its best performance in all situations. The </span><b>built-in sun visor</b><span>, which can be operated conveniently with gloves on, assists when it’s too bright, and doesn’t block the front ventilation when it’s in the rest position. The </span><b>Pinlock</b><span> </span><b>Max Vision<span> </span></b><span>antifog system guarantees maximum visibility even on the wettest and coldest days, when the temperature difference between the environment and the inside of the helmet could cause the visor to fog up dangerously. Not with K3. The </span><b>Ultravision visor<span> </span></b><span>also guarantees a </span><b>190° horizontal field of vision</b><span>, so you can see obstacles, the road and everything in front of you earlier and better. K3 is prepared for the installation of communication systems. The </span><b>Eyewear Ready</b><span> interior design allows you to comfortably wear your eyeglasses or sunglasses while riding.</span><br><br><span>Comfort boosts performance. </span><b>The aerodynamic profile</b><span> of the K3 is designed to achieve a </span><b>dynamic weight of zero</b><span> at a cruising speed of 130 km/h. It means lower weight and less strain on the neck muscles, for maximum concentration on riding. The interiors, made of </span><b>2DRY material with rapid absorption</b><span> of sweat and moisture, can be customized, to </span><b>personalize the fit</b><span> to the full and maximize how comfortable it feels. The ventilation achieves maximum efficiency through </span><b>the air vents at the front</b><span> and on the chin, precise and easy to operate with gloves on.</span><br><br><span>The practical </span><b>micrometric steel closing system<span> </span></b><span>permits quick, safe adjustment of the helmet fastening.</span></p>
<p><span>Thermoplastic</span></p>
<div class=""accordion-item"">
<div id=""ACCESSORIES_INCLUDED"" class=""accordion-collapse collapse show"" data-bs-parent=""#ACCESSORIES_INCLUDED"">
<div class=""pb-3"">
<p class=""mb-1"">Wind protector</p>
<p class=""mb-1"">Optimized for all riding positions</p>
<p class=""mb-1"">Shell shape designed to maximize aerodynamic performance and to have 0 dynamic weight at 130km/h (80 mph)</p>
<p class=""mb-1"">Cheek pads interchangeable between all sizes</p>
<p class=""mb-1"">DrySpeed: instant sweat absorption</p>
<p class=""mb-1"">Embracing neck roll profile</p>
<p class=""mb-1"">Fit especially designed to allow wearing glasses</p>
<p class=""mb-1"">Fresh and smooth breathable fabric</p>
<p class=""mb-1"">No stitches in sensitive areas</p>
<p class=""mb-1"">Ready for generic communication system</p>
<p class=""mb-1"">Removable and washable interiors</p>
<div class=""accordion-item"">
<div id=""RETENTION_SYSTEM"" class=""accordion-collapse collapse show"" data-bs-parent=""#RETENTION_SYSTEM"">
<div class=""pb-3"">
<p class=""mb-1"">Steel micrometric</p>
<p class=""mb-1"">3 shell sizes</p>
<p class=""mb-1"">Collarbone safe profile</p>
<p class=""mb-1"">High Resistance Thermoplastic</p>
<p class=""mb-1"">Multi-density EPS developed in 4 sizes</p>
<p class=""mb-1"">1 rear extractor</p>
<p class=""mb-1"">4 front vents</p>
<p class=""mb-1"">Adjustable air vents</p>
<p class=""mb-1"">190° horizontal field of view</p>
<p class=""mb-1"">Anti-scratch</p>
<p class=""mb-1"">Integrated anti-scratch sun visor, removable without using tools</p>
<p class=""mb-1"">Micro-opening system</p>
<p class=""mb-1"">Multistep visor mechanism</p>
<p class=""mb-1"">Patented Extra Quick Release System</p>
<p class=""mb-1"">Pinlock® 70 MaxVision™ Included</p>
<p class=""mb-1"">UV protective</p>
<p class=""mb-1"">Visor step for city position</p>
<div class=""accordion"" id=""accordion-MaterialCare"">
<div class=""accordion-item"">
<div id=""WEIGHT"" class=""accordion-collapse collapse show"" data-bs-parent=""#WEIGHT"">
<div class=""pb-3"">
<p class=""mb-1"">1.630 g in first shell size</p>
</div>
</div>
</div>
</div>
</div>
</div>
</div>
</div>
</div>
</div>","An AGV icon, evolving towards perfection. K3 is AGV’s full-face road helmet that takes all the characteristics of a versatile, safe helmet to outstanding levels.

It offers safety for all, at the highest levels – the shell made of high-resistance thermoplastic material, the multi-density EPS and the details such as the collarbone-protection profile and the protective visor allow K3 to obtain the strict ECE22.06 homologation. Due to the AGV Extreme Safety construction protocol, K3 meets the requirements of the most recent international standards and then some.

Its strength lies in its versatility. K3 is designed to put in its best performance in all situations. The built-in sun visor, which can be operated conveniently with gloves on, assists when it’s too bright, and doesn’t block the front ventilation when it’s in the rest position. The Pinlock Max Vision antifog system guarantees maximum visibility even on the wettest and coldest days, when the temperature difference between the environment and the inside of the helmet could cause the visor to fog up dangerously. Not with K3. The Ultravision visor also guarantees a 190° horizontal field of vision, so you can see obstacles, the road and everything in front of you earlier and better. K3 is prepared for the installation of communication systems. The Eyewear Ready interior design allows you to comfortably wear your eyeglasses or sunglasses while riding.

Comfort boosts performance. The aerodynamic profile of the K3 is designed to achieve a dynamic weight of zero at a cruising speed of 130 km/h. It means lower weight and less strain on the neck muscles, for maximum concentration on riding. The interiors, made of 2DRY material with rapid absorption of sweat and moisture, can be customized, to personalize the fit to the full and maximize how comfortable it feels. The ventilation achieves maximum efficiency through the air vents at the front and on the chin, precise and easy to operate with gloves on.

The practical micrometric steel closing system permits quick, safe adjustment of the helmet fastening.

Thermoplastic

Wind protector

Optimized for all riding positions

Shell shape designed to maximize aerodynamic performance and to have 0 dynamic weight at 130km/h (80 mph)

Cheek pads interchangeable between all sizes

DrySpeed: instant sweat absorption

Embracing neck roll profile

Fit especially designed to allow wearing glasses

Fresh and smooth breathable fabric

No stitches in sensitive areas

Ready for generic communication system

Removable and washable interiors

Steel micrometric

3 shell sizes

Collarbone safe profile

High Resistance Thermoplastic

Multi-density EPS developed in 4 sizes

1 rear extractor

4 front vents

Adjustable air vents

190° horizontal field of view

Anti-scratch

Integrated anti-scratch sun visor, removable without using tools

Micro-opening system

Multistep visor mechanism

Patented Extra Quick Release System

Pinlock® 70 MaxVision™ Included

UV protective

Visor step for city position

1.630 g in first shell size",59000,,2026-07-26,active,AGV,5000,g,Buy AGV K3 Shade Grey/Yellow Fluo Helmet | Mile 27 Store,"An AGV icon, evolving towards perfection. K3 is AGV’s full-face road helmet that takes all the characteristics of a versatile, safe helmet to outstanding…",,Cleaned noise; brand verified,High,false,Helmets,High,"Mapped from Shopify Type ""Helmets""",agv-k3-shade-grey-yellow-fluo-helmet-1|Size:XS|price:59000.00|compare:|weight:5000|barcode:|qty:0 | agv-k3-shade-grey-yellow-fluo-helmet-2|Size:S|price:59000.00|compare:|weight:5000|barcode:|qty:0 | agv-k3-shade-grey-yellow-fluo-helmet-3|Size:M|price:59000.00|compare:|weight:5000|barcode:|qty:0 | agv-k3-shade-grey-yellow-fluo-helmet-4|Size:L|price:59000.00|compare:|weight:5000|barcode:|qty:0 | agv-k3-shade-grey-yellow-fluo-helmet-5|Size:XL|price:59000.00|compare:|weight:5000|barcode:|qty:0 | agv-k3-shade-grey-yellow-fluo-helmet-6|Size:XXL|price:59000.00|compare:|weight:5000|barcode:|qty:0,"agv-k3-shade-grey-yellow-fluo-helmet-1,agv-k3-shade-grey-yellow-fluo-helmet-2,agv-k3-shade-grey-yellow-fluo-helmet-3,agv-k3-shade-grey-yellow-fluo-helmet-4,agv-k3-shade-grey-yellow-fluo-helmet-5,agv-k3-shade-grey-yellow-fluo-helmet-6",6,https://cdn.shopify.com/s/files/1/0076/8301/4754/files/2118381004_017_1.webp?v=1761653654|pos:1|alt:AGV AGV K3 Shade Grey/Yellow Fluo Helmet – front view || https://cdn.shopify.com/s/files/1/0076/8301/4754/files/2118381004_017_2.webp?v=1761653654|pos:2|alt:AGV AGV K3 Shade Grey/Yellow Fluo Helmet – side view || https://cdn.shopify.com/s/files/1/0076/8301/4754/files/2118381004_017_5.webp?v=1761653654|pos:3|alt:AGV AGV K3 Shade Grey/Yellow Fluo Helmet – rear view || https://cdn.shopify.com/s/files/1/0076/8301/4754/files/2118381004_017_4.webp?v=1761653654|pos:4|alt:AGV AGV K3 Shade Grey/Yellow Fluo Helmet – detail view || https://cdn.shopify.com/s/files/1/0076/8301/4754/files/2118381004_017_3.webp?v=1761653654|pos:5|alt:AGV AGV K3 Shade Grey/Yellow Fluo Helmet – top view || https://cdn.shopify.com/s/files/1/0076/8301/4754/files/2118381004_017_7.webp?v=1761653654|pos:6|alt:AGV AGV K3 Shade Grey/Yellow Fluo Helmet – product view,6,AGV AGV K3 Shade Grey/Yellow Fluo Helmet – front view | AGV AGV K3 Shade Grey/Yellow Fluo Helmet – side view | AGV AGV K3 Shade Grey/Yellow Fluo Helmet – rear view | AGV AGV K3 Shade Grey/Yellow Fluo Helmet – detail view | AGV AGV K3 Shade Grey/Yellow Fluo Helmet – top view | AGV AGV K3 Shade Grey/Yellow Fluo Helmet – product view,,0,,,,,,,,,false,not_eligible,,0,false,/products/agv-k3-shade-grey-yellow-fluo-helmet,/products/agv-k3-shade-grey-yellow-fluo-helmet
agv-k3-compound-matt-black-grey-helmet,agv-k3-compound-matt-black-grey-helmet,AGV K3 Compound Matt Black/Grey Helmet,AGV K3 Compound Matt Black/Grey Helmet,agv-k3-compound-matt-black-grey-helmet,"An AGV icon, evolving towards perfection. K3 is AGV’s full-face road helmet that takes all the characteristics of a versatile, safe helmet to outstanding levels. Available in multiple sizes and/or colours — select your variant.","<p><b>An AGV icon, evolving towards perfection.</b><span> K3 is AGV’s full-face road helmet that takes all the characteristics of a versatile, safe helmet to outstanding levels.</span><br><br><span>It offers safety for all, at the highest levels – the shell made of</span><b><span> </span>high-resistance thermoplastic</b><span> </span><b>material</b><span>, the</span><b><span> </span>multi-density EPS<span> </span></b><span>and the details such as the</span><b><span> </span>collarbone-protection profile<span> </span></b><span>and the protective visor allow K3 to obtain the strict</span><b><span> </span>ECE22.06 homologation</b><span>. Due to the AGV Extreme Safety construction protocol, K3 meets the requirements of the most recent international standards and then some.</span><br><br><span>Its strength lies in its versatility. K3 is designed to put in its best performance in all situations. The </span><b>built-in sun visor</b><span>, which can be operated conveniently with gloves on, assists when it’s too bright, and doesn’t block the front ventilation when it’s in the rest position. The </span><b>Pinlock</b><span> </span><b>Max Vision<span> </span></b><span>antifog system guarantees maximum visibility even on the wettest and coldest days, when the temperature difference between the environment and the inside of the helmet could cause the visor to fog up dangerously. Not with K3. The </span><b>Ultravision visor<span> </span></b><span>also guarantees a </span><b>190° horizontal field of vision</b><span>, so you can see obstacles, the road and everything in front of you earlier and better. K3 is prepared for the installation of communication systems. The </span><b>Eyewear Ready</b><span> interior design allows you to comfortably wear your eyeglasses or sunglasses while riding.</span><br><br><span>Comfort boosts performance. </span><b>The aerodynamic profile</b><span> of the K3 is designed to achieve a </span><b>dynamic weight of zero</b><span> at a cruising speed of 130 km/h. It means lower weight and less strain on the neck muscles, for maximum concentration on riding. The interiors, made of </span><b>2DRY material with rapid absorption</b><span> of sweat and moisture, can be customized, to </span><b>personalize the fit</b><span> to the full and maximize how comfortable it feels. The ventilation achieves maximum efficiency through </span><b>the air vents at the front</b><span> and on the chin, precise and easy to operate with gloves on.</span><br><br><span>The practical </span><b>micrometric steel closing system<span> </span></b><span>permits quick, safe adjustment of the helmet fastening.</span></p>
<p><span>Thermoplastic</span></p>
<div class=""accordion-item"">
<div id=""ACCESSORIES_INCLUDED"" class=""accordion-collapse collapse show"" data-bs-parent=""#ACCESSORIES_INCLUDED"">
<div class=""pb-3"">
<p class=""mb-1"">Wind protector</p>
<p class=""mb-1"">Optimized for all riding positions</p>
<p class=""mb-1"">Shell shape designed to maximize aerodynamic performance and to have 0 dynamic weight at 130km/h (80 mph)</p>
<p class=""mb-1"">Cheek pads interchangeable between all sizes</p>
<p class=""mb-1"">DrySpeed: instant sweat absorption</p>
<p class=""mb-1"">Embracing neck roll profile</p>
<p class=""mb-1"">Fit especially designed to allow wearing glasses</p>
<p class=""mb-1"">Fresh and smooth breathable fabric</p>
<p class=""mb-1"">No stitches in sensitive areas</p>
<p class=""mb-1"">Ready for generic communication system</p>
<p class=""mb-1"">Removable and washable interiors</p>
<div class=""accordion-item"">
<div id=""RETENTION_SYSTEM"" class=""accordion-collapse collapse show"" data-bs-parent=""#RETENTION_SYSTEM"">
<div class=""pb-3"">
<p class=""mb-1"">Steel micrometric</p>
<p class=""mb-1"">3 shell sizes</p>
<p class=""mb-1"">Collarbone safe profile</p>
<p class=""mb-1"">High Resistance Thermoplastic</p>
<p class=""mb-1"">Multi-density EPS developed in 4 sizes</p>
<p class=""mb-1"">1 rear extractor</p>
<p class=""mb-1"">4 front vents</p>
<p class=""mb-1"">Adjustable air vents</p>
<p class=""mb-1"">190° horizontal field of view</p>
<p class=""mb-1"">Anti-scratch</p>
<p class=""mb-1"">Integrated anti-scratch sun visor, removable without using tools</p>
<p class=""mb-1"">Micro-opening system</p>
<p class=""mb-1"">Multistep visor mechanism</p>
<p class=""mb-1"">Patented Extra Quick Release System</p>
<p class=""mb-1"">Pinlock® 70 MaxVision™ Included</p>
<p class=""mb-1"">UV protective</p>
<p class=""mb-1"">Visor step for city position</p>
<div class=""accordion"" id=""accordion-MaterialCare"">
<div class=""accordion-item"">
<div id=""WEIGHT"" class=""accordion-collapse collapse show"" data-bs-parent=""#WEIGHT"">
<div class=""pb-3"">
<p class=""mb-1"">1.630 g in first shell size</p>
</div>
</div>
</div>
</div>
</div>
</div>
</div>
</div>
</div>
</div>","An AGV icon, evolving towards perfection. K3 is AGV’s full-face road helmet that takes all the characteristics of a versatile, safe helmet to outstanding levels.

It offers safety for all, at the highest levels – the shell made of high-resistance thermoplastic material, the multi-density EPS and the details such as the collarbone-protection profile and the protective visor allow K3 to obtain the strict ECE22.06 homologation. Due to the AGV Extreme Safety construction protocol, K3 meets the requirements of the most recent international standards and then some.

Its strength lies in its versatility. K3 is designed to put in its best performance in all situations. The built-in sun visor, which can be operated conveniently with gloves on, assists when it’s too bright, and doesn’t block the front ventilation when it’s in the rest position. The Pinlock Max Vision antifog system guarantees maximum visibility even on the wettest and coldest days, when the temperature difference between the environment and the inside of the helmet could cause the visor to fog up dangerously. Not with K3. The Ultravision visor also guarantees a 190° horizontal field of vision, so you can see obstacles, the road and everything in front of you earlier and better. K3 is prepared for the installation of communication systems. The Eyewear Ready interior design allows you to comfortably wear your eyeglasses or sunglasses while riding.

Comfort boosts performance. The aerodynamic profile of the K3 is designed to achieve a dynamic weight of zero at a cruising speed of 130 km/h. It means lower weight and less strain on the neck muscles, for maximum concentration on riding. The interiors, made of 2DRY material with rapid absorption of sweat and moisture, can be customized, to personalize the fit to the full and maximize how comfortable it feels. The ventilation achieves maximum efficiency through the air vents at the front and on the chin, precise and easy to operate with gloves on.

The practical micrometric steel closing system permits quick, safe adjustment of the helmet fastening.

Thermoplastic

Wind protector

Optimized for all riding positions

Shell shape designed to maximize aerodynamic performance and to have 0 dynamic weight at 130km/h (80 mph)

Cheek pads interchangeable between all sizes

DrySpeed: instant sweat absorption

Embracing neck roll profile

Fit especially designed to allow wearing glasses

Fresh and smooth breathable fabric

No stitches in sensitive areas

Ready for generic communication system

Removable and washable interiors

Steel micrometric

3 shell sizes

Collarbone safe profile

High Resistance Thermoplastic

Multi-density EPS developed in 4 sizes

1 rear extractor

4 front vents

Adjustable air vents

190° horizontal field of view

Anti-scratch

Integrated anti-scratch sun visor, removable without using tools

Micro-opening system

Multistep visor mechanism

Patented Extra Quick Release System

Pinlock® 70 MaxVision™ Included

UV protective

Visor step for city position

1.630 g in first shell size",59000,,2026-07-26,active,AGV,5000,g,Buy AGV K3 Compound Matt Black/Grey Helmet | Mile 27 Store,"An AGV icon, evolving towards perfection. K3 is AGV’s full-face road helmet that takes all the characteristics of a versatile, safe helmet to outstanding…",,Cleaned noise; brand verified,High,false,Helmets,High,"Mapped from Shopify Type ""Helmets""",agv-k3-compound-matt-black-grey-helmet-1|Size:XS|price:59000.00|compare:|weight:5000|barcode:|qty:0 | agv-k3-compound-matt-black-grey-helmet-2|Size:S|price:59000.00|compare:|weight:5000|barcode:|qty:0 | agv-k3-compound-matt-black-grey-helmet-3|Size:M|price:59000.00|compare:|weight:5000|barcode:|qty:0 | agv-k3-compound-matt-black-grey-helmet-4|Size:L|price:59000.00|compare:|weight:5000|barcode:|qty:0 | agv-k3-compound-matt-black-grey-helmet-5|Size:XL|price:59000.00|compare:|weight:5000|barcode:|qty:0 | agv-k3-compound-matt-black-grey-helmet-6|Size:XXL|price:59000.00|compare:|weight:5000|barcode:|qty:0,"agv-k3-compound-matt-black-grey-helmet-1,agv-k3-compound-matt-black-grey-helmet-2,agv-k3-compound-matt-black-grey-helmet-3,agv-k3-compound-matt-black-grey-helmet-4,agv-k3-compound-matt-black-grey-helmet-5,agv-k3-compound-matt-black-grey-helmet-6",6,https://cdn.shopify.com/s/files/1/0076/8301/4754/files/2118381004_008_1.webp?v=1761652704|pos:1|alt:AGV AGV K3 Compound Matt Black/Grey Helmet – front view || https://cdn.shopify.com/s/files/1/0076/8301/4754/files/2118381004_008_2.webp?v=1761652704|pos:2|alt:AGV AGV K3 Compound Matt Black/Grey Helmet – side view || https://cdn.shopify.com/s/files/1/0076/8301/4754/files/2118381004_008_5.webp?v=1761652704|pos:3|alt:AGV AGV K3 Compound Matt Black/Grey Helmet – rear view || https://cdn.shopify.com/s/files/1/0076/8301/4754/files/2118381004_008_4.webp?v=1761652704|pos:4|alt:AGV AGV K3 Compound Matt Black/Grey Helmet – detail view || https://cdn.shopify.com/s/files/1/0076/8301/4754/files/2118381004_008_3.webp?v=1761652704|pos:5|alt:AGV AGV K3 Compound Matt Black/Grey Helmet – top view || https://cdn.shopify.com/s/files/1/0076/8301/4754/files/2118381004_008_7.webp?v=1761652704|pos:6|alt:AGV AGV K3 Compound Matt Black/Grey Helmet – product view,6,AGV AGV K3 Compound Matt Black/Grey Helmet – front view | AGV AGV K3 Compound Matt Black/Grey Helmet – side view | AGV AGV K3 Compound Matt Black/Grey Helmet – rear view | AGV AGV K3 Compound Matt Black/Grey Helmet – detail view | AGV AGV K3 Compound Matt Black/Grey Helmet – top view | AGV AGV K3 Compound Matt Black/Grey Helmet – product view,,0,,,,,,,,,false,not_eligible,,0,false,/products/agv-k3-compound-matt-black-grey-helmet,/products/agv-k3-compound-matt-black-grey-helmet
agv-k3-compound-black-red-helmet,agv-k3-compound-black-red-helmet,AGV K3 Compound Black/Red Helmet,AGV K3 Compound Black/Red Helmet,agv-k3-compound-black-red-helmet,"An AGV icon, evolving towards perfection. K3 is AGV’s full-face road helmet that takes all the characteristics of a versatile, safe helmet to outstanding levels. Available in multiple sizes and/or colours — select your variant.","<p><b>An AGV icon, evolving towards perfection.</b><span> K3 is AGV’s full-face road helmet that takes all the characteristics of a versatile, safe helmet to outstanding levels.</span><br><br><span>It offers safety for all, at the highest levels – the shell made of</span><b><span> </span>high-resistance thermoplastic</b><span> </span><b>material</b><span>, the</span><b><span> </span>multi-density EPS<span> </span></b><span>and the details such as the</span><b><span> </span>collarbone-protection profile<span> </span></b><span>and the protective visor allow K3 to obtain the strict</span><b><span> </span>ECE22.06 homologation</b><span>. Due to the AGV Extreme Safety construction protocol, K3 meets the requirements of the most recent international standards and then some.</span><br><br><span>Its strength lies in its versatility. K3 is designed to put in its best performance in all situations. The </span><b>built-in sun visor</b><span>, which can be operated conveniently with gloves on, assists when it’s too bright, and doesn’t block the front ventilation when it’s in the rest position. The </span><b>Pinlock</b><span> </span><b>Max Vision<span> </span></b><span>antifog system guarantees maximum visibility even on the wettest and coldest days, when the temperature difference between the environment and the inside of the helmet could cause the visor to fog up dangerously. Not with K3. The </span><b>Ultravision visor<span> </span></b><span>also guarantees a </span><b>190° horizontal field of vision</b><span>, so you can see obstacles, the road and everything in front of you earlier and better. K3 is prepared for the installation of communication systems. The </span><b>Eyewear Ready</b><span> interior design allows you to comfortably wear your eyeglasses or sunglasses while riding.</span><br><br><span>Comfort boosts performance. </span><b>The aerodynamic profile</b><span> of the K3 is designed to achieve a </span><b>dynamic weight of zero</b><span> at a cruising speed of 130 km/h. It means lower weight and less strain on the neck muscles, for maximum concentration on riding. The interiors, made of </span><b>2DRY material with rapid absorption</b><span> of sweat and moisture, can be customized, to </span><b>personalize the fit</b><span> to the full and maximize how comfortable it feels. The ventilation achieves maximum efficiency through </span><b>the air vents at the front</b><span> and on the chin, precise and easy to operate with gloves on.</span><br><br><span>The practical </span><b>micrometric steel closing system<span> </span></b><span>permits quick, safe adjustment of the helmet fastening.</span></p>
<p><span>Thermoplastic</span></p>
<div class=""accordion-item"">
<div id=""ACCESSORIES_INCLUDED"" class=""accordion-collapse collapse show"" data-bs-parent=""#ACCESSORIES_INCLUDED"">
<div class=""pb-3"">
<p class=""mb-1"">Wind protector</p>
<p class=""mb-1"">Optimized for all riding positions</p>
<p class=""mb-1"">Shell shape designed to maximize aerodynamic performance and to have 0 dynamic weight at 130km/h (80 mph)</p>
<p class=""mb-1"">Cheek pads interchangeable between all sizes</p>
<p class=""mb-1"">DrySpeed: instant sweat absorption</p>
<p class=""mb-1"">Embracing neck roll profile</p>
<p class=""mb-1"">Fit especially designed to allow wearing glasses</p>
<p class=""mb-1"">Fresh and smooth breathable fabric</p>
<p class=""mb-1"">No stitches in sensitive areas</p>
<p class=""mb-1"">Ready for generic communication system</p>
<p class=""mb-1"">Removable and washable interiors</p>
<div class=""accordion-item"">
<div id=""RETENTION_SYSTEM"" class=""accordion-collapse collapse show"" data-bs-parent=""#RETENTION_SYSTEM"">
<div class=""pb-3"">
<p class=""mb-1"">Steel micrometric</p>
<p class=""mb-1"">3 shell sizes</p>
<p class=""mb-1"">Collarbone safe profile</p>
<p class=""mb-1"">High Resistance Thermoplastic</p>
<p class=""mb-1"">Multi-density EPS developed in 4 sizes</p>
<p class=""mb-1"">1 rear extractor</p>
<p class=""mb-1"">4 front vents</p>
<p class=""mb-1"">Adjustable air vents</p>
<p class=""mb-1"">190° horizontal field of view</p>
<p class=""mb-1"">Anti-scratch</p>
<p class=""mb-1"">Integrated anti-scratch sun visor, removable without using tools</p>
<p class=""mb-1"">Micro-opening system</p>
<p class=""mb-1"">Multistep visor mechanism</p>
<p class=""mb-1"">Patented Extra Quick Release System</p>
<p class=""mb-1"">Pinlock® 70 MaxVision™ Included</p>
<p class=""mb-1"">UV protective</p>
<p class=""mb-1"">Visor step for city position</p>
<div class=""accordion"" id=""accordion-MaterialCare"">
<div class=""accordion-item"">
<div id=""WEIGHT"" class=""accordion-collapse collapse show"" data-bs-parent=""#WEIGHT"">
<div class=""pb-3"">
<p class=""mb-1"">1.630 g in first shell size</p>
</div>
</div>
</div>
</div>
</div>
</div>
</div>
</div>
</div>
</div>","An AGV icon, evolving towards perfection. K3 is AGV’s full-face road helmet that takes all the characteristics of a versatile, safe helmet to outstanding levels.

It offers safety for all, at the highest levels – the shell made of high-resistance thermoplastic material, the multi-density EPS and the details such as the collarbone-protection profile and the protective visor allow K3 to obtain the strict ECE22.06 homologation. Due to the AGV Extreme Safety construction protocol, K3 meets the requirements of the most recent international standards and then some.

Its strength lies in its versatility. K3 is designed to put in its best performance in all situations. The built-in sun visor, which can be operated conveniently with gloves on, assists when it’s too bright, and doesn’t block the front ventilation when it’s in the rest position. The Pinlock Max Vision antifog system guarantees maximum visibility even on the wettest and coldest days, when the temperature difference between the environment and the inside of the helmet could cause the visor to fog up dangerously. Not with K3. The Ultravision visor also guarantees a 190° horizontal field of vision, so you can see obstacles, the road and everything in front of you earlier and better. K3 is prepared for the installation of communication systems. The Eyewear Ready interior design allows you to comfortably wear your eyeglasses or sunglasses while riding.

Comfort boosts performance. The aerodynamic profile of the K3 is designed to achieve a dynamic weight of zero at a cruising speed of 130 km/h. It means lower weight and less strain on the neck muscles, for maximum concentration on riding. The interiors, made of 2DRY material with rapid absorption of sweat and moisture, can be customized, to personalize the fit to the full and maximize how comfortable it feels. The ventilation achieves maximum efficiency through the air vents at the front and on the chin, precise and easy to operate with gloves on.

The practical micrometric steel closing system permits quick, safe adjustment of the helmet fastening.

Thermoplastic

Wind protector

Optimized for all riding positions

Shell shape designed to maximize aerodynamic performance and to have 0 dynamic weight at 130km/h (80 mph)

Cheek pads interchangeable between all sizes

DrySpeed: instant sweat absorption

Embracing neck roll profile

Fit especially designed to allow wearing glasses

Fresh and smooth breathable fabric

No stitches in sensitive areas

Ready for generic communication system

Removable and washable interiors

Steel micrometric

3 shell sizes

Collarbone safe profile

High Resistance Thermoplastic

Multi-density EPS developed in 4 sizes

1 rear extractor

4 front vents

Adjustable air vents

190° horizontal field of view

Anti-scratch

Integrated anti-scratch sun visor, removable without using tools

Micro-opening system

Multistep visor mechanism

Patented Extra Quick Release System

Pinlock® 70 MaxVision™ Included

UV protective

Visor step for city position

1.630 g in first shell size",59000,,2026-07-26,active,AGV,5000,g,Buy AGV K3 Compound Black/Red Helmet | Mile 27 Store,"An AGV icon, evolving towards perfection. K3 is AGV’s full-face road helmet that takes all the characteristics of a versatile, safe helmet to outstanding…",,Cleaned noise; brand verified,High,false,Helmets,High,"Mapped from Shopify Type ""Helmets""",agv-k3-compound-black-red-helmet-1|Size:XS|price:59000.00|compare:|weight:5000|barcode:|qty:0 | agv-k3-compound-black-red-helmet-2|Size:S|price:59000.00|compare:|weight:5000|barcode:|qty:0 | agv-k3-compound-black-red-helmet-3|Size:M|price:59000.00|compare:|weight:5000|barcode:|qty:0 | agv-k3-compound-black-red-helmet-4|Size:L|price:59000.00|compare:|weight:5000|barcode:|qty:0 | agv-k3-compound-black-red-helmet-5|Size:XL|price:59000.00|compare:|weight:5000|barcode:|qty:0 | agv-k3-compound-black-red-helmet-6|Size:XXL|price:59000.00|compare:|weight:5000|barcode:|qty:0,"agv-k3-compound-black-red-helmet-1,agv-k3-compound-black-red-helmet-2,agv-k3-compound-black-red-helmet-3,agv-k3-compound-black-red-helmet-4,agv-k3-compound-black-red-helmet-5,agv-k3-compound-black-red-helmet-6",6,https://cdn.shopify.com/s/files/1/0076/8301/4754/files/2118381004_009_1.webp?v=1761649993|pos:1|alt:AGV AGV K3 Compound Black/Red Helmet – front view || https://cdn.shopify.com/s/files/1/0076/8301/4754/files/2118381004_009_2.webp?v=1761649976|pos:2|alt:AGV AGV K3 Compound Black/Red Helmet – side view || https://cdn.shopify.com/s/files/1/0076/8301/4754/files/2118381004_009_5.webp?v=1761649993|pos:3|alt:AGV AGV K3 Compound Black/Red Helmet – rear view || https://cdn.shopify.com/s/files/1/0076/8301/4754/files/2118381004_009_4.webp?v=1761649967|pos:4|alt:AGV AGV K3 Compound Black/Red Helmet – detail view || https://cdn.shopify.com/s/files/1/0076/8301/4754/files/2118381004_009_3.webp?v=1761649977|pos:5|alt:AGV AGV K3 Compound Black/Red Helmet – top view || https://cdn.shopify.com/s/files/1/0076/8301/4754/files/2118381004_009_7.webp?v=1761649977|pos:6|alt:AGV AGV K3 Compound Black/Red Helmet – product view,6,AGV AGV K3 Compound Black/Red Helmet – front view | AGV AGV K3 Compound Black/Red Helmet – side view | AGV AGV K3 Compound Black/Red Helmet – rear view | AGV AGV K3 Compound Black/Red Helmet – detail view | AGV AGV K3 Compound Black/Red Helmet – top view | AGV AGV K3 Compound Black/Red Helmet – product view,,0,,,,,,,,,false,not_eligible,,0,false,/products/agv-k3-compound-black-red-helmet,/products/agv-k3-compound-black-red-helmet
agv-k3-mono-competizione-red-helmet,agv-k3-mono-competizione-red-helmet,AGV K3 Mono Competizione Red Helmet,AGV K3 Mono Competizione Red Helmet,agv-k3-mono-competizione-red-helmet,"An AGV icon, evolving towards perfection. K3 is AGV’s full-face road helmet that takes all the characteristics of a versatile, safe helmet to outstanding levels. Available in multiple sizes and/or colours — select your variant.","<p><b>An AGV icon, evolving towards perfection.</b><span> K3 is AGV’s full-face road helmet that takes all the characteristics of a versatile, safe helmet to outstanding levels.</span><br><br><span>It offers safety for all, at the highest levels – the shell made of</span><b><span> </span>high-resistance thermoplastic</b><span> </span><b>material</b><span>, the</span><b><span> </span>multi-density EPS<span> </span></b><span>and the details such as the</span><b><span> </span>collarbone-protection profile<span> </span></b><span>and the protective visor allow K3 to obtain the strict</span><b><span> </span>ECE22.06 homologation</b><span>. Due to the AGV Extreme Safety construction protocol, K3 meets the requirements of the most recent international standards and then some.</span><br><br><span>Its strength lies in its versatility. K3 is designed to put in its best performance in all situations. The </span><b>built-in sun visor</b><span>, which can be operated conveniently with gloves on, assists when it’s too bright, and doesn’t block the front ventilation when it’s in the rest position. The </span><b>Pinlock® 70 MaxVision™</b><span>antifog system guarantees maximum visibility even on the wettest and coldest days, when the temperature difference between the environment and the inside of the helmet could cause the visor to fog up dangerously. Not with K3. The </span><b>Ultravision visor<span> </span></b><span>also guarantees a </span><b>190° horizontal field of vision</b><span>, so you can see obstacles, the road and everything in front of you earlier and better. K3 is prepared for the installation of communication systems. The </span><b>Eyewear Ready</b><span> interior design allows you to comfortably wear your eyeglasses or sunglasses while riding.</span><br><br><span>Comfort boosts performance. </span><b>The aerodynamic profile</b><span> of the K3 is designed to achieve a </span><b>dynamic weight of zero</b><span> at a cruising speed of 130 km/h. It means lower weight and less strain on the neck muscles, for maximum concentration on riding. The interiors, made of </span><b>2DRY material with rapid absorption</b><span> of sweat and moisture, can be customized, to </span><b>personalize the fit</b><span> to the full and maximize how comfortable it feels. The ventilation achieves maximum efficiency through </span><b>the air vents at the front</b><span> and on the chin, precise and easy to operate with gloves on.</span><br><br><span>The practical </span><b>micrometric steel closing system<span> </span></b><span>permits quick, safe adjustment of the helmet fastening.</span></p>
<p><span>Thermoplastic</span></p>
<div class=""accordion-item"">
<div id=""ACCESSORIES_INCLUDED"" class=""accordion-collapse collapse show"" data-bs-parent=""#ACCESSORIES_INCLUDED"">
<div class=""pb-3"">
<p class=""mb-1"">Wind protector</p>
<p class=""mb-1"">Optimized for all riding positions</p>
<p class=""mb-1"">Shell shape designed to maximize aerodynamic performance and to have 0 dynamic weight at 130km/h (80 mph)</p>
<p class=""mb-1"">Cheek pads interchangeable between all sizes</p>
<p class=""mb-1"">DrySpeed: instant sweat absorption</p>
<p class=""mb-1"">Embracing neck roll profile</p>
<p class=""mb-1"">Fit especially designed to allow wearing glasses</p>
<p class=""mb-1"">Fresh and smooth breathable fabric</p>
<p class=""mb-1"">No stitches in sensitive areas</p>
<p class=""mb-1"">Ready for generic communication system</p>
<p class=""mb-1"">Removable and washable interiors</p>
<div class=""accordion-item"">
<div id=""RETENTION_SYSTEM"" class=""accordion-collapse collapse show"" data-bs-parent=""#RETENTION_SYSTEM"">
<div class=""pb-3"">
<p class=""mb-1"">Steel micrometric</p>
<p class=""mb-1"">3 shell sizes</p>
<p class=""mb-1"">Collarbone safe profile</p>
<p class=""mb-1"">High Resistance Thermoplastic</p>
<p class=""mb-1"">Multi-density EPS developed in 4 sizes</p>
<p class=""mb-1"">1 rear extractor</p>
<p class=""mb-1"">4 front vents</p>
<p class=""mb-1"">Adjustable air vents</p>
<p class=""mb-1"">190° horizontal field of view</p>
<p class=""mb-1"">Anti-scratch</p>
<p class=""mb-1"">Integrated anti-scratch sun visor, removable without using tools</p>
<p class=""mb-1"">Micro-opening system</p>
<p class=""mb-1"">Multistep visor mechanism</p>
<p class=""mb-1"">Patented Extra Quick Release System</p>
<p class=""mb-1"">Pinlock® 70 MaxVision™ Included</p>
<p class=""mb-1"">UV protective</p>
<p class=""mb-1"">Visor step for city position</p>
<div class=""accordion"" id=""accordion-MaterialCare"">
<div class=""accordion-item"">
<div id=""WEIGHT"" class=""accordion-collapse collapse show"" data-bs-parent=""#WEIGHT"">
<div class=""pb-3"">
<p class=""mb-1"">1.630 g in first shell size</p>
</div>
</div>
</div>
</div>
</div>
</div>
</div>
</div>
</div>
</div>","An AGV icon, evolving towards perfection. K3 is AGV’s full-face road helmet that takes all the characteristics of a versatile, safe helmet to outstanding levels.

It offers safety for all, at the highest levels – the shell made of high-resistance thermoplastic material, the multi-density EPS and the details such as the collarbone-protection profile and the protective visor allow K3 to obtain the strict ECE22.06 homologation. Due to the AGV Extreme Safety construction protocol, K3 meets the requirements of the most recent international standards and then some.

Its strength lies in its versatility. K3 is designed to put in its best performance in all situations. The built-in sun visor, which can be operated conveniently with gloves on, assists when it’s too bright, and doesn’t block the front ventilation when it’s in the rest position. The Pinlock® 70 MaxVision™antifog system guarantees maximum visibility even on the wettest and coldest days, when the temperature difference between the environment and the inside of the helmet could cause the visor to fog up dangerously. Not with K3. The Ultravision visor also guarantees a 190° horizontal field of vision, so you can see obstacles, the road and everything in front of you earlier and better. K3 is prepared for the installation of communication systems. The Eyewear Ready interior design allows you to comfortably wear your eyeglasses or sunglasses while riding.

Comfort boosts performance. The aerodynamic profile of the K3 is designed to achieve a dynamic weight of zero at a cruising speed of 130 km/h. It means lower weight and less strain on the neck muscles, for maximum concentration on riding. The interiors, made of 2DRY material with rapid absorption of sweat and moisture, can be customized, to personalize the fit to the full and maximize how comfortable it feels. The ventilation achieves maximum efficiency through the air vents at the front and on the chin, precise and easy to operate with gloves on.

The practical micrometric steel closing system permits quick, safe adjustment of the helmet fastening.

Thermoplastic

Wind protector

Optimized for all riding positions

Shell shape designed to maximize aerodynamic performance and to have 0 dynamic weight at 130km/h (80 mph)

Cheek pads interchangeable between all sizes

DrySpeed: instant sweat absorption

Embracing neck roll profile

Fit especially designed to allow wearing glasses

Fresh and smooth breathable fabric

No stitches in sensitive areas

Ready for generic communication system

Removable and washable interiors

Steel micrometric

3 shell sizes

Collarbone safe profile

High Resistance Thermoplastic

Multi-density EPS developed in 4 sizes

1 rear extractor

4 front vents

Adjustable air vents

190° horizontal field of view

Anti-scratch

Integrated anti-scratch sun visor, removable without using tools

Micro-opening system

Multistep visor mechanism

Patented Extra Quick Release System

Pinlock® 70 MaxVision™ Included

UV protective

Visor step for city position

1.630 g in first shell size",50000,,2026-07-26,active,AGV,5000,g,Buy AGV K3 Mono Competizione Red Helmet | Mile 27 Store,"An AGV icon, evolving towards perfection. K3 is AGV’s full-face road helmet that takes all the characteristics of a versatile, safe helmet to outstanding…",,Cleaned noise; brand verified,High,false,Helmets,High,"Mapped from Shopify Type ""Helmets""",agv-k3-mono-competizione-red-helmet-1|Size:XS|price:50000.00|compare:|weight:5000|barcode:|qty:0 | agv-k3-mono-competizione-red-helmet-2|Size:S|price:50000.00|compare:|weight:5000|barcode:|qty:0 | agv-k3-mono-competizione-red-helmet-3|Size:M|price:50000.00|compare:|weight:5000|barcode:|qty:0 | agv-k3-mono-competizione-red-helmet-4|Size:L|price:50000.00|compare:|weight:5000|barcode:|qty:0 | agv-k3-mono-competizione-red-helmet-5|Size:XL|price:50000.00|compare:|weight:5000|barcode:|qty:0 | agv-k3-mono-competizione-red-helmet-6|Size:XXL|price:50000.00|compare:|weight:5000|barcode:|qty:0,"agv-k3-mono-competizione-red-helmet-1,agv-k3-mono-competizione-red-helmet-2,agv-k3-mono-competizione-red-helmet-3,agv-k3-mono-competizione-red-helmet-4,agv-k3-mono-competizione-red-helmet-5,agv-k3-mono-competizione-red-helmet-6",6,https://cdn.shopify.com/s/files/1/0076/8301/4754/files/2118381004_016_1.webp?v=1761649322|pos:1|alt:AGV AGV K3 Mono Competizione Red Helmet – front view || https://cdn.shopify.com/s/files/1/0076/8301/4754/files/2118381004_016_2.webp?v=1761649330|pos:2|alt:AGV AGV K3 Mono Competizione Red Helmet – side view || https://cdn.shopify.com/s/files/1/0076/8301/4754/files/2118381004_016_5.webp?v=1761649340|pos:3|alt:AGV AGV K3 Mono Competizione Red Helmet – rear view || https://cdn.shopify.com/s/files/1/0076/8301/4754/files/2118381004_016_4.webp?v=1761649328|pos:4|alt:AGV AGV K3 Mono Competizione Red Helmet – detail view || https://cdn.shopify.com/s/files/1/0076/8301/4754/files/2118381004_016_3.webp?v=1761649333|pos:5|alt:AGV AGV K3 Mono Competizione Red Helmet – top view || https://cdn.shopify.com/s/files/1/0076/8301/4754/files/2118381004_016_7.webp?v=1761649330|pos:6|alt:AGV AGV K3 Mono Competizione Red Helmet – product view,6,AGV AGV K3 Mono Competizione Red Helmet – front view | AGV AGV K3 Mono Competizione Red Helmet – side view | AGV AGV K3 Mono Competizione Red Helmet – rear view | AGV AGV K3 Mono Competizione Red Helmet – detail view | AGV AGV K3 Mono Competizione Red Helmet – top view | AGV AGV K3 Mono Competizione Red Helmet – product view,,0,,,,,,,,,false,not_eligible,,0,false,/products/agv-k3-mono-competizione-red-helmet,/products/agv-k3-mono-competizione-red-helmet
agv-k3-kamaleon-black-red-green-helmet,agv-k3-kamaleon-black-red-green-helmet,AGV K3 Kamaleon Black/Red/Green Helmet,AGV K3 Kamaleon Black/Red/Green Helmet,agv-k3-kamaleon-black-red-green-helmet,"An AGV icon, evolving towards perfection. K3 is AGV’s full-face road helmet that takes all the characteristics of a versatile, safe helmet to outstanding levels. Available in multiple sizes and/or colours — select your variant.","<p><b>An AGV icon, evolving towards perfection.</b><span> K3 is AGV’s full-face road helmet that takes all the characteristics of a versatile, safe helmet to outstanding levels.</span><br><br><span>It offers safety for all, at the highest levels – the shell made of</span><b><span> </span>high-resistance thermoplastic</b><span> </span><b>material</b><span>, the</span><b><span> </span>multi-density EPS<span> </span></b><span>and the details such as the</span><b><span> </span>collarbone-protection profile<span> </span></b><span>and the protective visor allow K3 to obtain the strict</span><b><span> </span>ECE22.06 homologation</b><span>. Due to the AGV Extreme Safety construction protocol, K3 meets the requirements of the most recent international standards and then some.</span><br><br><span>Its strength lies in its versatility. K3 is designed to put in its best performance in all situations. The </span><b>built-in sun visor</b><span>, which can be operated conveniently with gloves on, assists when it’s too bright, and doesn’t block the front ventilation when it’s in the rest position. The </span><b>Pinlock</b><span> </span><b>Max Vision<span> </span></b><span>antifog system guarantees maximum visibility even on the wettest and coldest days, when the temperature difference between the environment and the inside of the helmet could cause the visor to fog up dangerously. Not with K3. The </span><b>Ultravision visor<span> </span></b><span>also guarantees a </span><b>190° horizontal field of vision</b><span>, so you can see obstacles, the road and everything in front of you earlier and better. K3 is prepared for the installation of communication systems. The </span><b>Eyewear Ready</b><span> interior design allows you to comfortably wear your eyeglasses or sunglasses while riding.</span><br><br><span>Comfort boosts performance. </span><b>The aerodynamic profile</b><span> of the K3 is designed to achieve a </span><b>dynamic weight of zero</b><span> at a cruising speed of 130 km/h. It means lower weight and less strain on the neck muscles, for maximum concentration on riding. The interiors, made of </span><b>2DRY material with rapid absorption</b><span> of sweat and moisture, can be customized, to </span><b>personalize the fit</b><span> to the full and maximize how comfortable it feels. The ventilation achieves maximum efficiency through </span><b>the air vents at the front</b><span> and on the chin, precise and easy to operate with gloves on.</span><br><br><span>The practical </span><b>micrometric steel closing system<span> </span></b><span>permits quick, safe adjustment of the helmet fastening.</span></p>
<p><span>Thermoplastic</span></p>
<div class=""accordion-item"">
<div id=""ACCESSORIES_INCLUDED"" class=""accordion-collapse collapse show"" data-bs-parent=""#ACCESSORIES_INCLUDED"">
<div class=""pb-3"">
<p class=""mb-1"">Wind protector</p>
<p class=""mb-1"">Optimized for all riding positions</p>
<p class=""mb-1"">Shell shape designed to maximize aerodynamic performance and to have 0 dynamic weight at 130km/h (80 mph)</p>
<p class=""mb-1"">Cheek pads interchangeable between all sizes</p>
<p class=""mb-1"">DrySpeed: instant sweat absorption</p>
<p class=""mb-1"">Embracing neck roll profile</p>
<p class=""mb-1"">Fit especially designed to allow wearing glasses</p>
<p class=""mb-1"">Fresh and smooth breathable fabric</p>
<p class=""mb-1"">No stitches in sensitive areas</p>
<p class=""mb-1"">Ready for generic communication system</p>
<p class=""mb-1"">Removable and washable interiors</p>
<div class=""accordion-item"">
<div id=""RETENTION_SYSTEM"" class=""accordion-collapse collapse show"" data-bs-parent=""#RETENTION_SYSTEM"">
<div class=""pb-3"">
<p class=""mb-1"">Steel micrometric</p>
<p class=""mb-1"">3 shell sizes</p>
<p class=""mb-1"">Collarbone safe profile</p>
<p class=""mb-1"">High Resistance Thermoplastic</p>
<p class=""mb-1"">Multi-density EPS developed in 4 sizes</p>
<p class=""mb-1"">1 rear extractor</p>
<p class=""mb-1"">4 front vents</p>
<p class=""mb-1"">Adjustable air vents</p>
<p class=""mb-1"">190° horizontal field of view</p>
<p class=""mb-1"">Anti-scratch</p>
<p class=""mb-1"">Integrated anti-scratch sun visor, removable without using tools</p>
<p class=""mb-1"">Micro-opening system</p>
<p class=""mb-1"">Multistep visor mechanism</p>
<p class=""mb-1"">Patented Extra Quick Release System</p>
<p class=""mb-1"">Pinlock® 70 MaxVision™ Included</p>
<p class=""mb-1"">UV protective</p>
<p class=""mb-1"">Visor step for city position</p>
<div class=""accordion"" id=""accordion-MaterialCare"">
<div class=""accordion-item"">
<div id=""WEIGHT"" class=""accordion-collapse collapse show"" data-bs-parent=""#WEIGHT"">
<div class=""pb-3"">
<p class=""mb-1"">1.630 g in first shell size</p>
</div>
</div>
</div>
</div>
</div>
</div>
</div>
</div>
</div>
</div>","An AGV icon, evolving towards perfection. K3 is AGV’s full-face road helmet that takes all the characteristics of a versatile, safe helmet to outstanding levels.

It offers safety for all, at the highest levels – the shell made of high-resistance thermoplastic material, the multi-density EPS and the details such as the collarbone-protection profile and the protective visor allow K3 to obtain the strict ECE22.06 homologation. Due to the AGV Extreme Safety construction protocol, K3 meets the requirements of the most recent international standards and then some.

Its strength lies in its versatility. K3 is designed to put in its best performance in all situations. The built-in sun visor, which can be operated conveniently with gloves on, assists when it’s too bright, and doesn’t block the front ventilation when it’s in the rest position. The Pinlock Max Vision antifog system guarantees maximum visibility even on the wettest and coldest days, when the temperature difference between the environment and the inside of the helmet could cause the visor to fog up dangerously. Not with K3. The Ultravision visor also guarantees a 190° horizontal field of vision, so you can see obstacles, the road and everything in front of you earlier and better. K3 is prepared for the installation of communication systems. The Eyewear Ready interior design allows you to comfortably wear your eyeglasses or sunglasses while riding.

Comfort boosts performance. The aerodynamic profile of the K3 is designed to achieve a dynamic weight of zero at a cruising speed of 130 km/h. It means lower weight and less strain on the neck muscles, for maximum concentration on riding. The interiors, made of 2DRY material with rapid absorption of sweat and moisture, can be customized, to personalize the fit to the full and maximize how comfortable it feels. The ventilation achieves maximum efficiency through the air vents at the front and on the chin, precise and easy to operate with gloves on.

The practical micrometric steel closing system permits quick, safe adjustment of the helmet fastening.

Thermoplastic

Wind protector

Optimized for all riding positions

Shell shape designed to maximize aerodynamic performance and to have 0 dynamic weight at 130km/h (80 mph)

Cheek pads interchangeable between all sizes

DrySpeed: instant sweat absorption

Embracing neck roll profile

Fit especially designed to allow wearing glasses

Fresh and smooth breathable fabric

No stitches in sensitive areas

Ready for generic communication system

Removable and washable interiors

Steel micrometric

3 shell sizes

Collarbone safe profile

High Resistance Thermoplastic

Multi-density EPS developed in 4 sizes

1 rear extractor

4 front vents

Adjustable air vents

190° horizontal field of view

Anti-scratch

Integrated anti-scratch sun visor, removable without using tools

Micro-opening system

Multistep visor mechanism

Patented Extra Quick Release System

Pinlock® 70 MaxVision™ Included

UV protective

Visor step for city position

1.630 g in first shell size",59000,,2026-07-26,active,AGV,5000,g,Buy AGV K3 Kamaleon Black/Red/Green Helmet | Mile 27 Store,"An AGV icon, evolving towards perfection. K3 is AGV’s full-face road helmet that takes all the characteristics of a versatile, safe helmet to outstanding…",,Cleaned noise; brand verified,High,false,Helmets,High,"Mapped from Shopify Type ""Helmets""",agv-k3-kamaleon-black-red-green-helmet-1|Size:XS|price:59000.00|compare:|weight:5000|barcode:|qty:0 | agv-k3-kamaleon-black-red-green-helmet-2|Size:S|price:59000.00|compare:|weight:5000|barcode:|qty:0 | agv-k3-kamaleon-black-red-green-helmet-3|Size:M|price:59000.00|compare:|weight:5000|barcode:|qty:0 | agv-k3-kamaleon-black-red-green-helmet-4|Size:L|price:59000.00|compare:|weight:5000|barcode:|qty:0 | agv-k3-kamaleon-black-red-green-helmet-5|Size:XL|price:59000.00|compare:|weight:5000|barcode:|qty:0 | agv-k3-kamaleon-black-red-green-helmet-6|Size:XXL|price:59000.00|compare:|weight:5000|barcode:|qty:0,"agv-k3-kamaleon-black-red-green-helmet-1,agv-k3-kamaleon-black-red-green-helmet-2,agv-k3-kamaleon-black-red-green-helmet-3,agv-k3-kamaleon-black-red-green-helmet-4,agv-k3-kamaleon-black-red-green-helmet-5,agv-k3-kamaleon-black-red-green-helmet-6",6,https://cdn.shopify.com/s/files/1/0076/8301/4754/files/2118381004_013_1.webp?v=1761648294|pos:1|alt:AGV AGV K3 Kamaleon Black/Red/Green Helmet – front view || https://cdn.shopify.com/s/files/1/0076/8301/4754/files/2118381004_013_2.webp?v=1761648293|pos:2|alt:AGV AGV K3 Kamaleon Black/Red/Green Helmet – side view || https://cdn.shopify.com/s/files/1/0076/8301/4754/files/2118381004_013_5.webp?v=1761648294|pos:3|alt:AGV AGV K3 Kamaleon Black/Red/Green Helmet – rear view || https://cdn.shopify.com/s/files/1/0076/8301/4754/files/2118381004_013_4.webp?v=1761648293|pos:4|alt:AGV AGV K3 Kamaleon Black/Red/Green Helmet – detail view || https://cdn.shopify.com/s/files/1/0076/8301/4754/files/2118381004_013_3.webp?v=1761648294|pos:5|alt:AGV AGV K3 Kamaleon Black/Red/Green Helmet – top view || https://cdn.shopify.com/s/files/1/0076/8301/4754/files/2118381004_013_7.webp?v=1761648294|pos:6|alt:AGV AGV K3 Kamaleon Black/Red/Green Helmet – product view,6,AGV AGV K3 Kamaleon Black/Red/Green Helmet – front view | AGV AGV K3 Kamaleon Black/Red/Green Helmet – side view | AGV AGV K3 Kamaleon Black/Red/Green Helmet – rear view | AGV AGV K3 Kamaleon Black/Red/Green Helmet – detail view | AGV AGV K3 Kamaleon Black/Red/Green Helmet – top view | AGV AGV K3 Kamaleon Black/Red/Green Helmet – product view,,0,,,,,,,,,false,not_eligible,,0,false,/products/agv-k3-kamaleon-black-red-green-helmet,/products/agv-k3-kamaleon-black-red-green-helmet
agv-k3-striga-black-grey-red-helmet,agv-k3-striga-black-grey-red-helmet,AGV K3 Striga Black/Grey/Red Helmet,AGV K3 Striga Black/Grey/Red Helmet,agv-k3-striga-black-grey-red-helmet,"An AGV icon, evolving towards perfection. K3 is AGV’s full-face road helmet that takes all the characteristics of a versatile, safe helmet to outstanding levels. Available in multiple sizes and/or colours — select your variant.","<p><b>An AGV icon, evolving towards perfection.</b><span> K3 is AGV’s full-face road helmet that takes all the characteristics of a versatile, safe helmet to outstanding levels.</span><br><br><span>It offers safety for all, at the highest levels – the shell made of</span><b><span> </span>high-resistance thermoplastic</b><span> </span><b>material</b><span>, the</span><b><span> </span>multi-density EPS<span> </span></b><span>and the details such as the</span><b><span> </span>collarbone-protection profile<span> </span></b><span>and the protective visor allow K3 to obtain the strict</span><b><span> </span>ECE22.06 homologation</b><span>. Due to the AGV Extreme Safety construction protocol, K3 meets the requirements of the most recent international standards and then some.</span><br><br><span>Its strength lies in its versatility. K3 is designed to put in its best performance in all situations. The </span><b>built-in sun visor</b><span>, which can be operated conveniently with gloves on, assists when it’s too bright, and doesn’t block the front ventilation when it’s in the rest position. The </span><b>Pinlock</b><span> </span><b>Max Vision<span> </span></b><span>antifog system guarantees maximum visibility even on the wettest and coldest days, when the temperature difference between the environment and the inside of the helmet could cause the visor to fog up dangerously. Not with K3. The </span><b>Ultravision visor<span> </span></b><span>also guarantees a </span><b>190° horizontal field of vision</b><span>, so you can see obstacles, the road and everything in front of you earlier and better. K3 is prepared for the installation of communication systems. The </span><b>Eyewear Ready</b><span> interior design allows you to comfortably wear your eyeglasses or sunglasses while riding.</span><br><br><span>Comfort boosts performance. </span><b>The aerodynamic profile</b><span> of the K3 is designed to achieve a </span><b>dynamic weight of zero</b><span> at a cruising speed of 130 km/h. It means lower weight and less strain on the neck muscles, for maximum concentration on riding. The interiors, made of </span><b>2DRY material with rapid absorption</b><span> of sweat and moisture, can be customized, to </span><b>personalize the fit</b><span> to the full and maximize how comfortable it feels. The ventilation achieves maximum efficiency through </span><b>the air vents at the front</b><span> and on the chin, precise and easy to operate with gloves on.</span><br><br><span>The practical </span><b>micrometric steel closing system<span> </span></b><span>permits quick, safe adjustment of the helmet fastening.</span></p>
<p><span>Thermoplastic</span></p>
<div class=""accordion-item"">
<div id=""ACCESSORIES_INCLUDED"" class=""accordion-collapse collapse show"" data-bs-parent=""#ACCESSORIES_INCLUDED"">
<div class=""pb-3"">
<p class=""mb-1"">Wind protector</p>
<p class=""mb-1"">Optimized for all riding positions</p>
<p class=""mb-1"">Shell shape designed to maximize aerodynamic performance and to have 0 dynamic weight at 130km/h (80 mph)</p>
<p class=""mb-1"">Cheek pads interchangeable between all sizes</p>
<p class=""mb-1"">DrySpeed: instant sweat absorption</p>
<p class=""mb-1"">Embracing neck roll profile</p>
<p class=""mb-1"">Fit especially designed to allow wearing glasses</p>
<p class=""mb-1"">Fresh and smooth breathable fabric</p>
<p class=""mb-1"">No stitches in sensitive areas</p>
<p class=""mb-1"">Ready for generic communication system</p>
<p class=""mb-1"">Removable and washable interiors</p>
<div class=""accordion-item"">
<div id=""RETENTION_SYSTEM"" class=""accordion-collapse collapse show"" data-bs-parent=""#RETENTION_SYSTEM"">
<div class=""pb-3"">
<p class=""mb-1"">Steel micrometric</p>
<p class=""mb-1"">3 shell sizes</p>
<p class=""mb-1"">Collarbone safe profile</p>
<p class=""mb-1"">High Resistance Thermoplastic</p>
<p class=""mb-1"">Multi-density EPS developed in 4 sizes</p>
<p class=""mb-1"">1 rear extractor</p>
<p class=""mb-1"">4 front vents</p>
<p class=""mb-1"">Adjustable air vents</p>
<p class=""mb-1"">190° horizontal field of view</p>
<p class=""mb-1"">Anti-scratch</p>
<p class=""mb-1"">Integrated anti-scratch sun visor, removable without using tools</p>
<p class=""mb-1"">Micro-opening system</p>
<p class=""mb-1"">Multistep visor mechanism</p>
<p class=""mb-1"">Patented Extra Quick Release System</p>
<p class=""mb-1"">Pinlock® 70 MaxVision™ Included</p>
<p class=""mb-1"">UV protective</p>
<p class=""mb-1"">Visor step for city position</p>
<div class=""accordion"" id=""accordion-MaterialCare"">
<div class=""accordion-item"">
<div id=""WEIGHT"" class=""accordion-collapse collapse show"" data-bs-parent=""#WEIGHT"">
<div class=""pb-3"">
<p class=""mb-1"">1.630 g in first shell size</p>
</div>
</div>
</div>
</div>
</div>
</div>
</div>
</div>
</div>
</div>","An AGV icon, evolving towards perfection. K3 is AGV’s full-face road helmet that takes all the characteristics of a versatile, safe helmet to outstanding levels.

It offers safety for all, at the highest levels – the shell made of high-resistance thermoplastic material, the multi-density EPS and the details such as the collarbone-protection profile and the protective visor allow K3 to obtain the strict ECE22.06 homologation. Due to the AGV Extreme Safety construction protocol, K3 meets the requirements of the most recent international standards and then some.

Its strength lies in its versatility. K3 is designed to put in its best performance in all situations. The built-in sun visor, which can be operated conveniently with gloves on, assists when it’s too bright, and doesn’t block the front ventilation when it’s in the rest position. The Pinlock Max Vision antifog system guarantees maximum visibility even on the wettest and coldest days, when the temperature difference between the environment and the inside of the helmet could cause the visor to fog up dangerously. Not with K3. The Ultravision visor also guarantees a 190° horizontal field of vision, so you can see obstacles, the road and everything in front of you earlier and better. K3 is prepared for the installation of communication systems. The Eyewear Ready interior design allows you to comfortably wear your eyeglasses or sunglasses while riding.

Comfort boosts performance. The aerodynamic profile of the K3 is designed to achieve a dynamic weight of zero at a cruising speed of 130 km/h. It means lower weight and less strain on the neck muscles, for maximum concentration on riding. The interiors, made of 2DRY material with rapid absorption of sweat and moisture, can be customized, to personalize the fit to the full and maximize how comfortable it feels. The ventilation achieves maximum efficiency through the air vents at the front and on the chin, precise and easy to operate with gloves on.

The practical micrometric steel closing system permits quick, safe adjustment of the helmet fastening.

Thermoplastic

Wind protector

Optimized for all riding positions

Shell shape designed to maximize aerodynamic performance and to have 0 dynamic weight at 130km/h (80 mph)

Cheek pads interchangeable between all sizes

DrySpeed: instant sweat absorption

Embracing neck roll profile

Fit especially designed to allow wearing glasses

Fresh and smooth breathable fabric

No stitches in sensitive areas

Ready for generic communication system

Removable and washable interiors

Steel micrometric

3 shell sizes

Collarbone safe profile

High Resistance Thermoplastic

Multi-density EPS developed in 4 sizes

1 rear extractor

4 front vents

Adjustable air vents

190° horizontal field of view

Anti-scratch

Integrated anti-scratch sun visor, removable without using tools

Micro-opening system

Multistep visor mechanism

Patented Extra Quick Release System

Pinlock® 70 MaxVision™ Included

UV protective

Visor step for city position

1.630 g in first shell size",59000,,2026-07-26,active,AGV,5000,g,Buy AGV K3 Striga Black/Grey/Red Helmet | Mile 27 Store,"An AGV icon, evolving towards perfection. K3 is AGV’s full-face road helmet that takes all the characteristics of a versatile, safe helmet to outstanding…",,Cleaned noise; brand verified,High,false,Helmets,High,"Mapped from Shopify Type ""Helmets""",agv-k3-striga-black-grey-red-helmet-1|Size:XS|price:59000.00|compare:|weight:5000|barcode:|qty:0 | agv-k3-striga-black-grey-red-helmet-2|Size:S|price:59000.00|compare:|weight:5000|barcode:|qty:0 | agv-k3-striga-black-grey-red-helmet-3|Size:M|price:59000.00|compare:|weight:5000|barcode:|qty:0 | agv-k3-striga-black-grey-red-helmet-4|Size:L|price:59000.00|compare:|weight:5000|barcode:|qty:0 | agv-k3-striga-black-grey-red-helmet-5|Size:XL|price:59000.00|compare:|weight:5000|barcode:|qty:0 | agv-k3-striga-black-grey-red-helmet-6|Size:XXL|price:59000.00|compare:|weight:5000|barcode:|qty:0,"agv-k3-striga-black-grey-red-helmet-1,agv-k3-striga-black-grey-red-helmet-2,agv-k3-striga-black-grey-red-helmet-3,agv-k3-striga-black-grey-red-helmet-4,agv-k3-striga-black-grey-red-helmet-5,agv-k3-striga-black-grey-red-helmet-6",6,https://cdn.shopify.com/s/files/1/0076/8301/4754/files/2118381004_018_1.webp?v=1761647817|pos:1|alt:AGV AGV K3 Striga Black/Grey/Red Helmet – front view || https://cdn.shopify.com/s/files/1/0076/8301/4754/files/2118381004_018_2.webp?v=1761647816|pos:2|alt:AGV AGV K3 Striga Black/Grey/Red Helmet – side view || https://cdn.shopify.com/s/files/1/0076/8301/4754/files/2118381004_018_5.webp?v=1761647817|pos:3|alt:AGV AGV K3 Striga Black/Grey/Red Helmet – rear view || https://cdn.shopify.com/s/files/1/0076/8301/4754/files/2118381004_018_4.webp?v=1761647817|pos:4|alt:AGV AGV K3 Striga Black/Grey/Red Helmet – detail view || https://cdn.shopify.com/s/files/1/0076/8301/4754/files/2118381004_018_3.webp?v=1761647816|pos:5|alt:AGV AGV K3 Striga Black/Grey/Red Helmet – top view || https://cdn.shopify.com/s/files/1/0076/8301/4754/files/2118381004_018_7.webp?v=1761647816|pos:6|alt:AGV AGV K3 Striga Black/Grey/Red Helmet – product view,6,AGV AGV K3 Striga Black/Grey/Red Helmet – front view | AGV AGV K3 Striga Black/Grey/Red Helmet – side view | AGV AGV K3 Striga Black/Grey/Red Helmet – rear view | AGV AGV K3 Striga Black/Grey/Red Helmet – detail view | AGV AGV K3 Striga Black/Grey/Red Helmet – top view | AGV AGV K3 Striga Black/Grey/Red Helmet – product view,,0,,,,,,,,,false,not_eligible,,0,false,/products/agv-k3-striga-black-grey-red-helmet,/products/agv-k3-striga-black-grey-red-helmet
agv-k3-rivia-matt-black-white-helmet,agv-k3-rivia-matt-black-white-helmet,AGV K3 Rivia Matt Black/White Helmet,AGV K3 Rivia Matt Black/White Helmet,agv-k3-rivia-matt-black-white-helmet,"An AGV icon, evolving towards perfection. K3 is AGV’s full-face road helmet that takes all the characteristics of a versatile, safe helmet to outstanding levels. Available in multiple sizes and/or colours — select your variant.","<p><b>An AGV icon, evolving towards perfection.</b><span> K3 is AGV’s full-face road helmet that takes all the characteristics of a versatile, safe helmet to outstanding levels.</span><br><br><span>It offers safety for all, at the highest levels – the shell made of</span><b><span> </span>high-resistance thermoplastic</b><span> </span><b>material</b><span>, the</span><b><span> </span>multi-density EPS<span> </span></b><span>and the details such as the</span><b><span> </span>collarbone-protection profile<span> </span></b><span>and the protective visor allow K3 to obtain the strict</span><b><span> </span>ECE22.06 homologation</b><span>. Due to the AGV Extreme Safety construction protocol, K3 meets the requirements of the most recent international standards and then some.</span><br><br><span>Its strength lies in its versatility. K3 is designed to put in its best performance in all situations. The </span><b>built-in sun visor</b><span>, which can be operated conveniently with gloves on, assists when it’s too bright, and doesn’t block the front ventilation when it’s in the rest position. The </span><b>Pinlock® 70 MaxVision™</b><span>antifog system guarantees maximum visibility even on the wettest and coldest days, when the temperature difference between the environment and the inside of the helmet could cause the visor to fog up dangerously. Not with K3. The </span><b>Ultravision visor<span> </span></b><span>also guarantees a </span><b>190° horizontal field of vision</b><span>, so you can see obstacles, the road and everything in front of you earlier and better. K3 is prepared for the installation of communication systems. The </span><b>Eyewear Ready</b><span> interior design allows you to comfortably wear your eyeglasses or sunglasses while riding.</span><br><br><span>Comfort boosts performance. </span><b>The aerodynamic profile</b><span> of the K3 is designed to achieve a </span><b>dynamic weight of zero</b><span> at a cruising speed of 130 km/h. It means lower weight and less strain on the neck muscles, for maximum concentration on riding. The interiors, made of </span><b>2DRY material with rapid absorption</b><span> of sweat and moisture, can be customized, to </span><b>personalize the fit</b><span> to the full and maximize how comfortable it feels. The ventilation achieves maximum efficiency through </span><b>the air vents at the front</b><span> and on the chin, precise and easy to operate with gloves on.</span><br><br><span>The practical </span><b>micrometric steel closing system<span> </span></b><span>permits quick, safe adjustment of the helmet fastening.</span></p>
<p><span>Thermoplastic</span></p>
<div class=""accordion-item"">
<div id=""ACCESSORIES_INCLUDED"" class=""accordion-collapse collapse show"" data-bs-parent=""#ACCESSORIES_INCLUDED"">
<div class=""pb-3"">
<p class=""mb-1"">Wind protector</p>
<p class=""mb-1"">Optimized for all riding positions</p>
<p class=""mb-1"">Shell shape designed to maximize aerodynamic performance and to have 0 dynamic weight at 130km/h (80 mph)</p>
<p class=""mb-1"">Cheek pads interchangeable between all sizes</p>
<p class=""mb-1"">DrySpeed: instant sweat absorption</p>
<p class=""mb-1"">Embracing neck roll profile</p>
<p class=""mb-1"">Fit especially designed to allow wearing glasses</p>
<p class=""mb-1"">Fresh and smooth breathable fabric</p>
<p class=""mb-1"">No stitches in sensitive areas</p>
<p class=""mb-1"">Ready for generic communication system</p>
<p class=""mb-1"">Removable and washable interiors</p>
<div class=""accordion-item"">
<div id=""RETENTION_SYSTEM"" class=""accordion-collapse collapse show"" data-bs-parent=""#RETENTION_SYSTEM"">
<div class=""pb-3"">
<p class=""mb-1"">Steel micrometric</p>
<p class=""mb-1"">3 shell sizes</p>
<p class=""mb-1"">Collarbone safe profile</p>
<p class=""mb-1"">High Resistance Thermoplastic</p>
<p class=""mb-1"">Multi-density EPS developed in 4 sizes</p>
<p class=""mb-1"">1 rear extractor</p>
<p class=""mb-1"">4 front vents</p>
<p class=""mb-1"">Adjustable air vents</p>
<p class=""mb-1"">190° horizontal field of view</p>
<p class=""mb-1"">Anti-scratch</p>
<p class=""mb-1"">Integrated anti-scratch sun visor, removable without using tools</p>
<p class=""mb-1"">Micro-opening system</p>
<p class=""mb-1"">Multistep visor mechanism</p>
<p class=""mb-1"">Patented Extra Quick Release System</p>
<p class=""mb-1"">Pinlock® 70 MaxVision™ Included</p>
<p class=""mb-1"">UV protective</p>
<p class=""mb-1"">Visor step for city position</p>
<div class=""accordion"" id=""accordion-MaterialCare"">
<div class=""accordion-item"">
<div id=""WEIGHT"" class=""accordion-collapse collapse show"" data-bs-parent=""#WEIGHT"">
<div class=""pb-3"">
<p class=""mb-1"">1.630 g in first shell size</p>
</div>
</div>
</div>
</div>
</div>
</div>
</div>
</div>
</div>
</div>","An AGV icon, evolving towards perfection. K3 is AGV’s full-face road helmet that takes all the characteristics of a versatile, safe helmet to outstanding levels.

It offers safety for all, at the highest levels – the shell made of high-resistance thermoplastic material, the multi-density EPS and the details such as the collarbone-protection profile and the protective visor allow K3 to obtain the strict ECE22.06 homologation. Due to the AGV Extreme Safety construction protocol, K3 meets the requirements of the most recent international standards and then some.

Its strength lies in its versatility. K3 is designed to put in its best performance in all situations. The built-in sun visor, which can be operated conveniently with gloves on, assists when it’s too bright, and doesn’t block the front ventilation when it’s in the rest position. The Pinlock® 70 MaxVision™antifog system guarantees maximum visibility even on the wettest and coldest days, when the temperature difference between the environment and the inside of the helmet could cause the visor to fog up dangerously. Not with K3. The Ultravision visor also guarantees a 190° horizontal field of vision, so you can see obstacles, the road and everything in front of you earlier and better. K3 is prepared for the installation of communication systems. The Eyewear Ready interior design allows you to comfortably wear your eyeglasses or sunglasses while riding.

Comfort boosts performance. The aerodynamic profile of the K3 is designed to achieve a dynamic weight of zero at a cruising speed of 130 km/h. It means lower weight and less strain on the neck muscles, for maximum concentration on riding. The interiors, made of 2DRY material with rapid absorption of sweat and moisture, can be customized, to personalize the fit to the full and maximize how comfortable it feels. The ventilation achieves maximum efficiency through the air vents at the front and on the chin, precise and easy to operate with gloves on.

The practical micrometric steel closing system permits quick, safe adjustment of the helmet fastening.

Thermoplastic

Wind protector

Optimized for all riding positions

Shell shape designed to maximize aerodynamic performance and to have 0 dynamic weight at 130km/h (80 mph)

Cheek pads interchangeable between all sizes

DrySpeed: instant sweat absorption

Embracing neck roll profile

Fit especially designed to allow wearing glasses

Fresh and smooth breathable fabric

No stitches in sensitive areas

Ready for generic communication system

Removable and washable interiors

Steel micrometric

3 shell sizes

Collarbone safe profile

High Resistance Thermoplastic

Multi-density EPS developed in 4 sizes

1 rear extractor

4 front vents

Adjustable air vents

190° horizontal field of view

Anti-scratch

Integrated anti-scratch sun visor, removable without using tools

Micro-opening system

Multistep visor mechanism

Patented Extra Quick Release System

Pinlock® 70 MaxVision™ Included

UV protective

Visor step for city position

1.630 g in first shell size",59000,,2026-07-26,active,AGV,5000,g,Buy AGV K3 Rivia Matt Black/White Helmet | Mile 27 Store,"An AGV icon, evolving towards perfection. K3 is AGV’s full-face road helmet that takes all the characteristics of a versatile, safe helmet to outstanding…",,Cleaned noise; brand verified,High,false,Helmets,High,"Mapped from Shopify Type ""Helmets""",agv-k3-rivia-matt-black-white-helmet-1|Size:XS|price:59000.00|compare:|weight:5000|barcode:|qty:0 | agv-k3-rivia-matt-black-white-helmet-2|Size:S|price:59000.00|compare:|weight:5000|barcode:|qty:0 | agv-k3-rivia-matt-black-white-helmet-3|Size:M|price:59000.00|compare:|weight:5000|barcode:|qty:0 | agv-k3-rivia-matt-black-white-helmet-4|Size:L|price:59000.00|compare:|weight:5000|barcode:|qty:0 | agv-k3-rivia-matt-black-white-helmet-5|Size:XL|price:59000.00|compare:|weight:5000|barcode:|qty:0 | agv-k3-rivia-matt-black-white-helmet-6|Size:XXL|price:59000.00|compare:|weight:5000|barcode:|qty:0,"agv-k3-rivia-matt-black-white-helmet-1,agv-k3-rivia-matt-black-white-helmet-2,agv-k3-rivia-matt-black-white-helmet-3,agv-k3-rivia-matt-black-white-helmet-4,agv-k3-rivia-matt-black-white-helmet-5,agv-k3-rivia-matt-black-white-helmet-6",6,https://cdn.shopify.com/s/files/1/0076/8301/4754/files/2118381004_019_1.webp?v=1761646205|pos:1|alt:AGV AGV K3 Rivia Matt Black/White Helmet – front view || https://cdn.shopify.com/s/files/1/0076/8301/4754/files/2118381004_019_2.webp?v=1761646203|pos:2|alt:AGV AGV K3 Rivia Matt Black/White Helmet – side view || https://cdn.shopify.com/s/files/1/0076/8301/4754/files/2118381004_019_5.webp?v=1761646204|pos:3|alt:AGV AGV K3 Rivia Matt Black/White Helmet – rear view || https://cdn.shopify.com/s/files/1/0076/8301/4754/files/2118381004_019_4.webp?v=1761646204|pos:4|alt:AGV AGV K3 Rivia Matt Black/White Helmet – detail view || https://cdn.shopify.com/s/files/1/0076/8301/4754/files/2118381004_019_3.webp?v=1761646203|pos:5|alt:AGV AGV K3 Rivia Matt Black/White Helmet – top view || https://cdn.shopify.com/s/files/1/0076/8301/4754/files/2118381004_019_7.webp?v=1761646204|pos:6|alt:AGV AGV K3 Rivia Matt Black/White Helmet – product view,6,AGV AGV K3 Rivia Matt Black/White Helmet – front view | AGV AGV K3 Rivia Matt Black/White Helmet – side view | AGV AGV K3 Rivia Matt Black/White Helmet – rear view | AGV AGV K3 Rivia Matt Black/White Helmet – detail view | AGV AGV K3 Rivia Matt Black/White Helmet – top view | AGV AGV K3 Rivia Matt Black/White Helmet – product view,,0,,,,,,,,,false,not_eligible,,0,false,/products/agv-k3-rivia-matt-black-white-helmet,/products/agv-k3-rivia-matt-black-white-helmet
agv-k3-space-matt-white-red-fluo-helmet,agv-k3-space-matt-white-red-fluo-helmet,AGV K3 Space Matt White/Red Fluo Helmet,AGV K3 Space Matt White/Red Fluo Helmet,agv-k3-space-matt-white-red-fluo-helmet,"An AGV icon, evolving towards perfection. K3 is AGV’s full-face road helmet that takes all the characteristics of a versatile, safe helmet to outstanding levels. Available in multiple sizes and/or colours — select your variant.","<p><b>An AGV icon, evolving towards perfection.</b><span> K3 is AGV’s full-face road helmet that takes all the characteristics of a versatile, safe helmet to outstanding levels.</span><br><br><span>It offers safety for all, at the highest levels – the shell made of</span><b><span> </span>high-resistance thermoplastic</b><span> </span><b>material</b><span>, the</span><b><span> </span>multi-density EPS<span> </span></b><span>and the details such as the</span><b><span> </span>collarbone-protection profile<span> </span></b><span>and the protective visor allow K3 to obtain the strict</span><b><span> </span>ECE22.06 homologation</b><span>. Due to the AGV Extreme Safety construction protocol, K3 meets the requirements of the most recent international standards and then some.</span><br><br><span>Its strength lies in its versatility. K3 is designed to put in its best performance in all situations. The </span><b>built-in sun visor</b><span>, which can be operated conveniently with gloves on, assists when it’s too bright, and doesn’t block the front ventilation when it’s in the rest position. The </span><b>Pinlock® 70 MaxVision™</b><span>antifog system guarantees maximum visibility even on the wettest and coldest days, when the temperature difference between the environment and the inside of the helmet could cause the visor to fog up dangerously. Not with K3. The </span><b>Ultravision visor<span> </span></b><span>also guarantees a </span><b>190° horizontal field of vision</b><span>, so you can see obstacles, the road and everything in front of you earlier and better. K3 is prepared for the installation of communication systems. The </span><b>Eyewear Ready</b><span> interior design allows you to comfortably wear your eyeglasses or sunglasses while riding.</span><br><br><span>Comfort boosts performance. </span><b>The aerodynamic profile</b><span> of the K3 is designed to achieve a </span><b>dynamic weight of zero</b><span> at a cruising speed of 130 km/h. It means lower weight and less strain on the neck muscles, for maximum concentration on riding. The interiors, made of </span><b>2DRY material with rapid absorption</b><span> of sweat and moisture, can be customized, to </span><b>personalize the fit</b><span> to the full and maximize how comfortable it feels. The ventilation achieves maximum efficiency through </span><b>the air vents at the front</b><span> and on the chin, precise and easy to operate with gloves on.</span><br><br><span>The practical </span><b>micrometric steel closing system<span> </span></b><span>permits quick, safe adjustment of the helmet fastening.</span></p>
<p><span>Thermoplastic</span></p>
<div class=""accordion-item"">
<div id=""ACCESSORIES_INCLUDED"" class=""accordion-collapse collapse show"" data-bs-parent=""#ACCESSORIES_INCLUDED"">
<div class=""pb-3"">
<p class=""mb-1"">Wind protector</p>
<p class=""mb-1"">Optimized for all riding positions</p>
<p class=""mb-1"">Shell shape designed to maximize aerodynamic performance and to have 0 dynamic weight at 130km/h (80 mph)</p>
<p class=""mb-1"">Cheek pads interchangeable between all sizes</p>
<p class=""mb-1"">DrySpeed: instant sweat absorption</p>
<p class=""mb-1"">Embracing neck roll profile</p>
<p class=""mb-1"">Fit especially designed to allow wearing glasses</p>
<p class=""mb-1"">Fresh and smooth breathable fabric</p>
<p class=""mb-1"">No stitches in sensitive areas</p>
<p class=""mb-1"">Ready for generic communication system</p>
<p class=""mb-1"">Removable and washable interiors</p>
<div class=""accordion-item"">
<div id=""RETENTION_SYSTEM"" class=""accordion-collapse collapse show"" data-bs-parent=""#RETENTION_SYSTEM"">
<div class=""pb-3"">
<p class=""mb-1"">Steel micrometric</p>
<p class=""mb-1"">3 shell sizes</p>
<p class=""mb-1"">Collarbone safe profile</p>
<p class=""mb-1"">High Resistance Thermoplastic</p>
<p class=""mb-1"">Multi-density EPS developed in 4 sizes</p>
<p class=""mb-1"">1 rear extractor</p>
<p class=""mb-1"">4 front vents</p>
<p class=""mb-1"">Adjustable air vents</p>
<p class=""mb-1"">190° horizontal field of view</p>
<p class=""mb-1"">Anti-scratch</p>
<p class=""mb-1"">Integrated anti-scratch sun visor, removable without using tools</p>
<p class=""mb-1"">Micro-opening system</p>
<p class=""mb-1"">Multistep visor mechanism</p>
<p class=""mb-1"">Patented Extra Quick Release System</p>
<p class=""mb-1"">Pinlock® 70 MaxVision™ Included</p>
<p class=""mb-1"">UV protective</p>
<p class=""mb-1"">Visor step for city position</p>
<div class=""accordion"" id=""accordion-MaterialCare"">
<div class=""accordion-item"">
<div id=""WEIGHT"" class=""accordion-collapse collapse show"" data-bs-parent=""#WEIGHT"">
<div class=""pb-3"">
<p class=""mb-1"">1.630 g in first shell size</p>
</div>
</div>
</div>
</div>
</div>
</div>
</div>
</div>
</div>
</div>","An AGV icon, evolving towards perfection. K3 is AGV’s full-face road helmet that takes all the characteristics of a versatile, safe helmet to outstanding levels.

It offers safety for all, at the highest levels – the shell made of high-resistance thermoplastic material, the multi-density EPS and the details such as the collarbone-protection profile and the protective visor allow K3 to obtain the strict ECE22.06 homologation. Due to the AGV Extreme Safety construction protocol, K3 meets the requirements of the most recent international standards and then some.

Its strength lies in its versatility. K3 is designed to put in its best performance in all situations. The built-in sun visor, which can be operated conveniently with gloves on, assists when it’s too bright, and doesn’t block the front ventilation when it’s in the rest position. The Pinlock® 70 MaxVision™antifog system guarantees maximum visibility even on the wettest and coldest days, when the temperature difference between the environment and the inside of the helmet could cause the visor to fog up dangerously. Not with K3. The Ultravision visor also guarantees a 190° horizontal field of vision, so you can see obstacles, the road and everything in front of you earlier and better. K3 is prepared for the installation of communication systems. The Eyewear Ready interior design allows you to comfortably wear your eyeglasses or sunglasses while riding.

Comfort boosts performance. The aerodynamic profile of the K3 is designed to achieve a dynamic weight of zero at a cruising speed of 130 km/h. It means lower weight and less strain on the neck muscles, for maximum concentration on riding. The interiors, made of 2DRY material with rapid absorption of sweat and moisture, can be customized, to personalize the fit to the full and maximize how comfortable it feels. The ventilation achieves maximum efficiency through the air vents at the front and on the chin, precise and easy to operate with gloves on.

The practical micrometric steel closing system permits quick, safe adjustment of the helmet fastening.

Thermoplastic

Wind protector

Optimized for all riding positions

Shell shape designed to maximize aerodynamic performance and to have 0 dynamic weight at 130km/h (80 mph)

Cheek pads interchangeable between all sizes

DrySpeed: instant sweat absorption

Embracing neck roll profile

Fit especially designed to allow wearing glasses

Fresh and smooth breathable fabric

No stitches in sensitive areas

Ready for generic communication system

Removable and washable interiors

Steel micrometric

3 shell sizes

Collarbone safe profile

High Resistance Thermoplastic

Multi-density EPS developed in 4 sizes

1 rear extractor

4 front vents

Adjustable air vents

190° horizontal field of view

Anti-scratch

Integrated anti-scratch sun visor, removable without using tools

Micro-opening system

Multistep visor mechanism

Patented Extra Quick Release System

Pinlock® 70 MaxVision™ Included

UV protective

Visor step for city position

1.630 g in first shell size",59000,,2026-07-26,active,AGV,5000,g,Buy AGV K3 Space Matt White/Red Fluo Helmet | Mile 27 Store,"An AGV icon, evolving towards perfection. K3 is AGV’s full-face road helmet that takes all the characteristics of a versatile, safe helmet to outstanding…",,Cleaned noise; brand verified,High,false,Helmets,High,"Mapped from Shopify Type ""Helmets""",agv-k3-space-matt-white-red-fluo-helmet-1|Size:XS|price:59000.00|compare:|weight:5000|barcode:|qty:0 | agv-k3-space-matt-white-red-fluo-helmet-2|Size:S|price:59000.00|compare:|weight:5000|barcode:|qty:0 | agv-k3-space-matt-white-red-fluo-helmet-3|Size:M|price:59000.00|compare:|weight:5000|barcode:|qty:0 | agv-k3-space-matt-white-red-fluo-helmet-4|Size:L|price:59000.00|compare:|weight:5000|barcode:|qty:0 | agv-k3-space-matt-white-red-fluo-helmet-5|Size:XL|price:59000.00|compare:|weight:5000|barcode:|qty:0 | agv-k3-space-matt-white-red-fluo-helmet-6|Size:XXL|price:59000.00|compare:|weight:5000|barcode:|qty:0,"agv-k3-space-matt-white-red-fluo-helmet-1,agv-k3-space-matt-white-red-fluo-helmet-2,agv-k3-space-matt-white-red-fluo-helmet-3,agv-k3-space-matt-white-red-fluo-helmet-4,agv-k3-space-matt-white-red-fluo-helmet-5,agv-k3-space-matt-white-red-fluo-helmet-6",6,https://cdn.shopify.com/s/files/1/0076/8301/4754/files/2118381004_020_1.webp?v=1761645899|pos:1|alt:AGV AGV K3 Space Matt White/Red Fluo Helmet – front view || https://cdn.shopify.com/s/files/1/0076/8301/4754/files/2118381004_020_2.webp?v=1761645899|pos:2|alt:AGV AGV K3 Space Matt White/Red Fluo Helmet – side view || https://cdn.shopify.com/s/files/1/0076/8301/4754/files/2118381004_020_5.webp?v=1761645900|pos:3|alt:AGV AGV K3 Space Matt White/Red Fluo Helmet – rear view || https://cdn.shopify.com/s/files/1/0076/8301/4754/files/2118381004_020_4.webp?v=1761645899|pos:4|alt:AGV AGV K3 Space Matt White/Red Fluo Helmet – detail view || https://cdn.shopify.com/s/files/1/0076/8301/4754/files/2118381004_020_3.webp?v=1761645899|pos:5|alt:AGV AGV K3 Space Matt White/Red Fluo Helmet – top view || https://cdn.shopify.com/s/files/1/0076/8301/4754/files/2118381004_020_7.webp?v=1761645899|pos:6|alt:AGV AGV K3 Space Matt White/Red Fluo Helmet – product view,6,AGV AGV K3 Space Matt White/Red Fluo Helmet – front view | AGV AGV K3 Space Matt White/Red Fluo Helmet – side view | AGV AGV K3 Space Matt White/Red Fluo Helmet – rear view | AGV AGV K3 Space Matt White/Red Fluo Helmet – detail view | AGV AGV K3 Space Matt White/Red Fluo Helmet – top view | AGV AGV K3 Space Matt White/Red Fluo Helmet – product view,,0,,,,,,,,,false,not_eligible,,0,false,/products/agv-k3-space-matt-white-red-fluo-helmet,/products/agv-k3-space-matt-white-red-fluo-helmet
agv-k6-s-slashcut-black-grey-red-helmet,agv-k6-s-slashcut-black-grey-red-helmet,AGV K6 S Slashcut Black/Grey/Red Helmet,AGV K6 S Slashcut Black/Grey/Red Helmet,agv-k6-s-slashcut-black-grey-red-helmet,"All the technology developed for professional MotoGP™ riders, in a helmet that’s ideal for every road use. Available in multiple sizes and/or colours — select your variant.","<p><span>All the technology developed for professional MotoGP™ riders, in a helmet that’s ideal for every road use.</span><br><br><span>K6 S is the essence of versatility, developed for maximum performance. </span><strong>Suitable for every type of riding</strong><span> and all road surfaces, it incorporates the best characteristics from the </span><strong>sport and touring worlds</strong><span> and is ideal for taking on any two-wheeled challenge, from leaning into the turns on winding roads to long-range trips, by way of everyday city rides.</span><br><br><span>Its </span><strong>carbon and aramid</strong><span> fiber shell ensures the very best protective performance in its category and makes it </span><strong>the lightest full-face road helmet in the world.</strong><span> Due to the stringent AGV Extreme Safety design protocol, K6 S passes all the tests required by the strict </span><strong>ECE22.06</strong><span> </span><strong>standard by a large margin, making the helmet<span> </span></strong><span>36% safer than the levels required by the latest road homologations.</span><br><br><span>The aerodynamic shapes developed in the wind tunnel are optimized for ideal air penetration </span><strong>in any riding position</strong><span>, making this solution perfect for riders who want the freedom to select their own riding styles, without compromise. The</span><strong><span> </span>aerodynamic spoiler</strong><span> evolves to split the air and limit buffeting at cruising speeds. The superior comfort eliminate distractions and lets you focus only on the road and obstacles, throughout the journey.</span><br><br><span>The </span><strong>premium interiors</strong><span> are waterproof and ventilated. They are designed so riders can cover endless miles in total comfort with only the road ahead to focus on. The innovative </span><strong>air vents on the forehead</strong><span> and </span><strong>chinguard</strong><span> are designed for easy adjustment </span><strong>even when wearing gloves</strong><span>, which means the rider always has the right amount of ventilation. The large, comfortable interior of the chinguard is designed to take advantage of maximum ventilation with vents open.</span></p>
<div class=""accordion-item"">
<div id=""productmaterial"" class=""accordion-collapse collapse show"" data-bs-parent=""#productmaterial"">
<div class=""pb-3"">
<p class=""mb-1"">Composite Fibre</p>
<div class=""accordion-item"">
<div id=""ACCESSORIES_INCLUDED"" class=""accordion-collapse collapse show"" data-bs-parent=""#ACCESSORIES_INCLUDED"">
<div class=""pb-3"">
<p class=""mb-1"">Wind protector</p>
<p class=""mb-1"">Integrated spoiler</p>
<p class=""mb-1"">Optimized for all riding positions</p>
<p class=""mb-1"">Shell shape designed to reduce turbulence</p>
<p class=""mb-1"">Cheek pads safety release system</p>
<p class=""mb-1"">Cheek pads: Ritmo fabric to facilitate putting on/taking off the helmet, with cheekbone area in Shalimar fabric to ensure stability at high speed</p>
<p class=""mb-1"">Crown pad: Shalimar fabric for a soft and gentle touch</p>
<p class=""mb-1"">DrySpeed: instant sweat absorption</p>
<p class=""mb-1"">Embracing neck roll profile</p>
<p class=""mb-1"">Fit especially designed to allow wearing glasses</p>
<p class=""mb-1"">Microsense: premium skin comfort</p>
<p class=""mb-1"">Neck roll: Ritmo fabric and synthetic leather with high abrasion resistance and water-resistant properties</p>
<p class=""mb-1"">Reflective inserts</p>
<p class=""mb-1"">Removable and washable interiors</p>
<p class=""mb-1"">Removable nose guard</p>
<div class=""accordion-item"">
<div id=""RETENTION_SYSTEM"" class=""accordion-collapse collapse show"" data-bs-parent=""#RETENTION_SYSTEM"">
<div class=""pb-3"">
<p class=""mb-1"">Double D</p>
<p class=""mb-1"">4 shell sizes</p>
<p class=""mb-1"">5-density EPS developed in 4 sizes</p>
<p class=""mb-1"">Carbon-Aramid fiber</p>
<p class=""mb-1"">Collarbone safe profile</p>
<p class=""mb-1"">1 wide rear extractor</p>
<p class=""mb-1"">5 front vents</p>
<p class=""mb-1"">Adjustable air vents</p>
<p class=""mb-1"">190° horizontal field of view</p>
<p class=""mb-1"">85° vertical field of view</p>
<p class=""mb-1"">Anti-scratch</p>
<p class=""mb-1"">Metal visor mechanism</p>
<p class=""mb-1"">Micro-opening system</p>
<p class=""mb-1"">Multistep visor mechanism</p>
<p class=""mb-1"">Optic class 1</p>
<p class=""mb-1"">Patented Extra Quick Release System</p>
<p class=""mb-1"">Patented visor lock system</p>
<p class=""mb-1"">Pinlock® 120XLT™ MaxVision™ Included</p>
<div class=""accordion"" id=""accordion-MaterialCare"">
<div class=""accordion-item"">
<div id=""WEIGHT"" class=""accordion-collapse collapse show"" data-bs-parent=""#WEIGHT"">
<div class=""pb-3"">
<p class=""mb-1"">1.290 g in first shell size</p>
</div>
</div>
</div>
</div>
</div>
</div>
</div>
</div>
</div>
</div>
</div>
</div>
</div>","All the technology developed for professional MotoGP™ riders, in a helmet that’s ideal for every road use.

K6 S is the essence of versatility, developed for maximum performance. Suitable for every type of riding and all road surfaces, it incorporates the best characteristics from the sport and touring worlds and is ideal for taking on any two-wheeled challenge, from leaning into the turns on winding roads to long-range trips, by way of everyday city rides.

Its carbon and aramid fiber shell ensures the very best protective performance in its category and makes it the lightest full-face road helmet in the world. Due to the stringent AGV Extreme Safety design protocol, K6 S passes all the tests required by the strict ECE22.06 standard by a large margin, making the helmet 36% safer than the levels required by the latest road homologations.

The aerodynamic shapes developed in the wind tunnel are optimized for ideal air penetration in any riding position, making this solution perfect for riders who want the freedom to select their own riding styles, without compromise. The aerodynamic spoiler evolves to split the air and limit buffeting at cruising speeds. The superior comfort eliminate distractions and lets you focus only on the road and obstacles, throughout the journey.

The premium interiors are waterproof and ventilated. They are designed so riders can cover endless miles in total comfort with only the road ahead to focus on. The innovative air vents on the forehead and chinguard are designed for easy adjustment even when wearing gloves, which means the rider always has the right amount of ventilation. The large, comfortable interior of the chinguard is designed to take advantage of maximum ventilation with vents open.

Composite Fibre

Wind protector

Integrated spoiler

Optimized for all riding positions

Shell shape designed to reduce turbulence

Cheek pads safety release system

Cheek pads: Ritmo fabric to facilitate putting on/taking off the helmet, with cheekbone area in Shalimar fabric to ensure stability at high speed

Crown pad: Shalimar fabric for a soft and gentle touch

DrySpeed: instant sweat absorption

Embracing neck roll profile

Fit especially designed to allow wearing glasses

Microsense: premium skin comfort

Neck roll: Ritmo fabric and synthetic leather with high abrasion resistance and water-resistant properties

Reflective inserts

Removable and washable interiors

Removable nose guard

Double D

4 shell sizes

5-density EPS developed in 4 sizes

Carbon-Aramid fiber

Collarbone safe profile

1 wide rear extractor

5 front vents

Adjustable air vents

190° horizontal field of view

85° vertical field of view

Anti-scratch

Metal visor mechanism

Micro-opening system

Multistep visor mechanism

Optic class 1

Patented Extra Quick Release System

Patented visor lock system

Pinlock® 120XLT™ MaxVision™ Included

1.290 g in first shell size",117000,,2026-07-26,active,AGV,5000,g,Buy AGV K6 S Slashcut Black/Grey/Red Helmet | Mile 27 Store,"All the technology developed for professional MotoGP™ riders, in a helmet that’s ideal for every road use.",,Cleaned noise; brand verified,High,false,Helmets,High,"Mapped from Shopify Type ""Helmets""",agv-k6-s-slashcut-black-grey-red-helmet-1|Size:XS|price:117000.00|compare:|weight:5000|barcode:|qty:0 | agv-k6-s-slashcut-black-grey-red-helmet-2|Size:S|price:117000.00|compare:|weight:5000|barcode:|qty:0 | agv-k6-s-slashcut-black-grey-red-helmet-3|Size:M|price:117000.00|compare:|weight:5000|barcode:|qty:0 | agv-k6-s-slashcut-black-grey-red-helmet-4|Size:L|price:117000.00|compare:|weight:5000|barcode:|qty:0 | agv-k6-s-slashcut-black-grey-red-helmet-5|Size:XL|price:117000.00|compare:|weight:5000|barcode:|qty:0 | agv-k6-s-slashcut-black-grey-red-helmet-6|Size:XXL|price:117000.00|compare:|weight:5000|barcode:|qty:0,"agv-k6-s-slashcut-black-grey-red-helmet-1,agv-k6-s-slashcut-black-grey-red-helmet-2,agv-k6-s-slashcut-black-grey-red-helmet-3,agv-k6-s-slashcut-black-grey-red-helmet-4,agv-k6-s-slashcut-black-grey-red-helmet-5,agv-k6-s-slashcut-black-grey-red-helmet-6",6,https://cdn.shopify.com/s/files/1/0076/8301/4754/files/2118395002_014_1.webp?v=1761566916|pos:1|alt:AGV AGV K6 S Slashcut Black/Grey/Red Helmet – front view || https://cdn.shopify.com/s/files/1/0076/8301/4754/files/2118395002_014_2.webp?v=1761566916|pos:2|alt:AGV AGV K6 S Slashcut Black/Grey/Red Helmet – side view || https://cdn.shopify.com/s/files/1/0076/8301/4754/files/2118395002_014_5.webp?v=1761566917|pos:3|alt:AGV AGV K6 S Slashcut Black/Grey/Red Helmet – rear view || https://cdn.shopify.com/s/files/1/0076/8301/4754/files/2118395002_014_4.webp?v=1761566917|pos:4|alt:AGV AGV K6 S Slashcut Black/Grey/Red Helmet – detail view || https://cdn.shopify.com/s/files/1/0076/8301/4754/files/2118395002_014_3.webp?v=1761566917|pos:5|alt:AGV AGV K6 S Slashcut Black/Grey/Red Helmet – top view || https://cdn.shopify.com/s/files/1/0076/8301/4754/files/2118395002_014_7.webp?v=1761566917|pos:6|alt:AGV AGV K6 S Slashcut Black/Grey/Red Helmet – product view,6,AGV AGV K6 S Slashcut Black/Grey/Red Helmet – front view | AGV AGV K6 S Slashcut Black/Grey/Red Helmet – side view | AGV AGV K6 S Slashcut Black/Grey/Red Helmet – rear view | AGV AGV K6 S Slashcut Black/Grey/Red Helmet – detail view | AGV AGV K6 S Slashcut Black/Grey/Red Helmet – top view | AGV AGV K6 S Slashcut Black/Grey/Red Helmet – product view,,0,,,,,,,,,false,not_eligible,,0,false,/products/agv-k6-s-slashcut-black-grey-red-helmet,/products/agv-k6-s-slashcut-black-grey-red-helmet
agv-k6-s-slashcut-black-blue-red-helmet,agv-k6-s-slashcut-black-blue-red-helmet,AGV K6 S Slashcut Black/Blue/Red Helmet,AGV K6 S Slashcut Black/Blue/Red Helmet,agv-k6-s-slashcut-black-blue-red-helmet,"All the technology developed for professional MotoGP™ riders, in a helmet that’s ideal for every road use. Available in multiple sizes and/or colours — select your variant.","<p><span>All the technology developed for professional MotoGP™ riders, in a helmet that’s ideal for every road use.</span><br><br><span>K6 S is the essence of versatility, developed for maximum performance. </span><strong>Suitable for every type of riding</strong><span> and all road surfaces, it incorporates the best characteristics from the </span><strong>sport and touring worlds</strong><span> and is ideal for taking on any two-wheeled challenge, from leaning into the turns on winding roads to long-range trips, by way of everyday city rides.</span><br><br><span>Its </span><strong>carbon and aramid</strong><span> fiber shell ensures the very best protective performance in its category and makes it </span><strong>the lightest full-face road helmet in the world.</strong><span> Due to the stringent AGV Extreme Safety design protocol, K6 S passes all the tests required by the strict </span><strong>ECE22.06</strong><span> </span><strong>standard by a large margin, making the helmet<span> </span></strong><span>36% safer than the levels required by the latest road homologations.</span><br><br><span>The aerodynamic shapes developed in the wind tunnel are optimized for ideal air penetration </span><strong>in any riding position</strong><span>, making this solution perfect for riders who want the freedom to select their own riding styles, without compromise. The</span><strong><span> </span>aerodynamic spoiler</strong><span> evolves to split the air and limit buffeting at cruising speeds. The superior comfort eliminate distractions and lets you focus only on the road and obstacles, throughout the journey.</span><br><br><span>The </span><strong>premium interiors</strong><span> are waterproof and ventilated. They are designed so riders can cover endless miles in total comfort with only the road ahead to focus on. The innovative </span><strong>air vents on the forehead</strong><span> and </span><strong>chinguard</strong><span> are designed for easy adjustment </span><strong>even when wearing gloves</strong><span>, which means the rider always has the right amount of ventilation. The large, comfortable interior of the chinguard is designed to take advantage of maximum ventilation with vents open.</span></p>
<div class=""accordion-item"">
<div id=""productmaterial"" class=""accordion-collapse collapse show"" data-bs-parent=""#productmaterial"">
<div class=""pb-3"">
<p class=""mb-1"">Composite Fibre</p>
<div class=""accordion-item"">
<div id=""ACCESSORIES_INCLUDED"" class=""accordion-collapse collapse show"" data-bs-parent=""#ACCESSORIES_INCLUDED"">
<div class=""pb-3"">
<p class=""mb-1"">Wind protector</p>
<p class=""mb-1"">Integrated spoiler</p>
<p class=""mb-1"">Optimized for all riding positions</p>
<p class=""mb-1"">Shell shape designed to reduce turbulence</p>
<p class=""mb-1"">Cheek pads safety release system</p>
<p class=""mb-1"">Cheek pads: Ritmo fabric to facilitate putting on/taking off the helmet, with cheekbone area in Shalimar fabric to ensure stability at high speed</p>
<p class=""mb-1"">Crown pad: Shalimar fabric for a soft and gentle touch</p>
<p class=""mb-1"">DrySpeed: instant sweat absorption</p>
<p class=""mb-1"">Embracing neck roll profile</p>
<p class=""mb-1"">Fit especially designed to allow wearing glasses</p>
<p class=""mb-1"">Microsense: premium skin comfort</p>
<p class=""mb-1"">Neck roll: Ritmo fabric and synthetic leather with high abrasion resistance and water-resistant properties</p>
<p class=""mb-1"">Reflective inserts</p>
<p class=""mb-1"">Removable and washable interiors</p>
<p class=""mb-1"">Removable nose guard</p>
<div class=""accordion-item"">
<div id=""RETENTION_SYSTEM"" class=""accordion-collapse collapse show"" data-bs-parent=""#RETENTION_SYSTEM"">
<div class=""pb-3"">
<p class=""mb-1"">Double D</p>
<p class=""mb-1"">4 shell sizes</p>
<p class=""mb-1"">5-density EPS developed in 4 sizes</p>
<p class=""mb-1"">Carbon-Aramid fiber</p>
<p class=""mb-1"">Collarbone safe profile</p>
<p class=""mb-1"">1 wide rear extractor</p>
<p class=""mb-1"">5 front vents</p>
<p class=""mb-1"">Adjustable air vents</p>
<p class=""mb-1"">190° horizontal field of view</p>
<p class=""mb-1"">85° vertical field of view</p>
<p class=""mb-1"">Anti-scratch</p>
<p class=""mb-1"">Metal visor mechanism</p>
<p class=""mb-1"">Micro-opening system</p>
<p class=""mb-1"">Multistep visor mechanism</p>
<p class=""mb-1"">Optic class 1</p>
<p class=""mb-1"">Patented Extra Quick Release System</p>
<p class=""mb-1"">Patented visor lock system</p>
<p class=""mb-1"">Pinlock® 120XLT™ MaxVision™ Included</p>
<div class=""accordion"" id=""accordion-MaterialCare"">
<div class=""accordion-item"">
<div id=""WEIGHT"" class=""accordion-collapse collapse show"" data-bs-parent=""#WEIGHT"">
<div class=""pb-3"">
<p class=""mb-1"">1.290 g in first shell size</p>
</div>
</div>
</div>
</div>
</div>
</div>
</div>
</div>
</div>
</div>
</div>
</div>
</div>","All the technology developed for professional MotoGP™ riders, in a helmet that’s ideal for every road use.

K6 S is the essence of versatility, developed for maximum performance. Suitable for every type of riding and all road surfaces, it incorporates the best characteristics from the sport and touring worlds and is ideal for taking on any two-wheeled challenge, from leaning into the turns on winding roads to long-range trips, by way of everyday city rides.

Its carbon and aramid fiber shell ensures the very best protective performance in its category and makes it the lightest full-face road helmet in the world. Due to the stringent AGV Extreme Safety design protocol, K6 S passes all the tests required by the strict ECE22.06 standard by a large margin, making the helmet 36% safer than the levels required by the latest road homologations.

The aerodynamic shapes developed in the wind tunnel are optimized for ideal air penetration in any riding position, making this solution perfect for riders who want the freedom to select their own riding styles, without compromise. The aerodynamic spoiler evolves to split the air and limit buffeting at cruising speeds. The superior comfort eliminate distractions and lets you focus only on the road and obstacles, throughout the journey.

The premium interiors are waterproof and ventilated. They are designed so riders can cover endless miles in total comfort with only the road ahead to focus on. The innovative air vents on the forehead and chinguard are designed for easy adjustment even when wearing gloves, which means the rider always has the right amount of ventilation. The large, comfortable interior of the chinguard is designed to take advantage of maximum ventilation with vents open.

Composite Fibre

Wind protector

Integrated spoiler

Optimized for all riding positions

Shell shape designed to reduce turbulence

Cheek pads safety release system

Cheek pads: Ritmo fabric to facilitate putting on/taking off the helmet, with cheekbone area in Shalimar fabric to ensure stability at high speed

Crown pad: Shalimar fabric for a soft and gentle touch

DrySpeed: instant sweat absorption

Embracing neck roll profile

Fit especially designed to allow wearing glasses

Microsense: premium skin comfort

Neck roll: Ritmo fabric and synthetic leather with high abrasion resistance and water-resistant properties

Reflective inserts

Removable and washable interiors

Removable nose guard

Double D

4 shell sizes

5-density EPS developed in 4 sizes

Carbon-Aramid fiber

Collarbone safe profile

1 wide rear extractor

5 front vents

Adjustable air vents

190° horizontal field of view

85° vertical field of view

Anti-scratch

Metal visor mechanism

Micro-opening system

Multistep visor mechanism

Optic class 1

Patented Extra Quick Release System

Patented visor lock system

Pinlock® 120XLT™ MaxVision™ Included

1.290 g in first shell size",117000,,2026-07-26,active,AGV,5000,g,Buy AGV K6 S Slashcut Black/Blue/Red Helmet | Mile 27 Store,"All the technology developed for professional MotoGP™ riders, in a helmet that’s ideal for every road use.",,Cleaned noise; brand verified,High,false,Helmets,High,"Mapped from Shopify Type ""Helmets""",agv-k6-s-slashcut-black-blue-red-helmet-1|Size:XS|price:117000.00|compare:|weight:5000|barcode:|qty:0 | agv-k6-s-slashcut-black-blue-red-helmet-2|Size:S|price:117000.00|compare:|weight:5000|barcode:|qty:0 | agv-k6-s-slashcut-black-blue-red-helmet-3|Size:M|price:117000.00|compare:|weight:5000|barcode:|qty:0 | agv-k6-s-slashcut-black-blue-red-helmet-4|Size:L|price:117000.00|compare:|weight:5000|barcode:|qty:0 | agv-k6-s-slashcut-black-blue-red-helmet-5|Size:XL|price:117000.00|compare:|weight:5000|barcode:|qty:0 | agv-k6-s-slashcut-black-blue-red-helmet-6|Size:XXL|price:117000.00|compare:|weight:5000|barcode:|qty:0,"agv-k6-s-slashcut-black-blue-red-helmet-1,agv-k6-s-slashcut-black-blue-red-helmet-2,agv-k6-s-slashcut-black-blue-red-helmet-3,agv-k6-s-slashcut-black-blue-red-helmet-4,agv-k6-s-slashcut-black-blue-red-helmet-5,agv-k6-s-slashcut-black-blue-red-helmet-6",6,https://cdn.shopify.com/s/files/1/0076/8301/4754/files/2118395002_015_1.webp?v=1761566677|pos:1|alt:AGV AGV K6 S Slashcut Black/Blue/Red Helmet – front view || https://cdn.shopify.com/s/files/1/0076/8301/4754/files/2118395002_015_2.webp?v=1761566677|pos:2|alt:AGV AGV K6 S Slashcut Black/Blue/Red Helmet – side view || https://cdn.shopify.com/s/files/1/0076/8301/4754/files/2118395002_015_5.webp?v=1761566677|pos:3|alt:AGV AGV K6 S Slashcut Black/Blue/Red Helmet – rear view || https://cdn.shopify.com/s/files/1/0076/8301/4754/files/2118395002_015_4.webp?v=1761566677|pos:4|alt:AGV AGV K6 S Slashcut Black/Blue/Red Helmet – detail view || https://cdn.shopify.com/s/files/1/0076/8301/4754/files/2118395002_015_3.webp?v=1761566677|pos:5|alt:AGV AGV K6 S Slashcut Black/Blue/Red Helmet – top view || https://cdn.shopify.com/s/files/1/0076/8301/4754/files/2118395002_015_7.webp?v=1761566677|pos:6|alt:AGV AGV K6 S Slashcut Black/Blue/Red Helmet – product view,6,AGV AGV K6 S Slashcut Black/Blue/Red Helmet – front view | AGV AGV K6 S Slashcut Black/Blue/Red Helmet – side view | AGV AGV K6 S Slashcut Black/Blue/Red Helmet – rear view | AGV AGV K6 S Slashcut Black/Blue/Red Helmet – detail view | AGV AGV K6 S Slashcut Black/Blue/Red Helmet – top view | AGV AGV K6 S Slashcut Black/Blue/Red Helmet – product view,,0,,,,,,,,,false,not_eligible,,0,false,/products/agv-k6-s-slashcut-black-blue-red-helmet,/products/agv-k6-s-slashcut-black-blue-red-helmet
agv-k6-s-sic58-helmet,agv-k6-s-sic58-helmet,AGV K6 S SIC58 Helmet,AGV K6 S SIC58 Helmet,agv-k6-s-sic58-helmet,"All the technology developed for professional MotoGP™ riders, in a helmet that’s ideal for every road use. Available in multiple sizes and/or colours — select your variant.","<p><span>All the technology developed for professional MotoGP™ riders, in a helmet that’s ideal for every road use.</span><br><br><span>K6 S is the essence of versatility, developed for maximum performance. </span><strong>Suitable for every type of riding</strong><span> and all road surfaces, it incorporates the best characteristics from the </span><strong>sport and touring worlds</strong><span> and is ideal for taking on any two-wheeled challenge, from leaning into the turns on winding roads to long-range trips, by way of everyday city rides.</span><br><br><span>Its </span><strong>carbon and aramid</strong><span> fiber shell ensures the very best protective performance in its category and makes it </span><strong>the lightest full-face road helmet in the world.</strong><span> Due to the stringent AGV Extreme Safety design protocol, K6 S passes all the tests required by the strict </span><strong>ECE22.06</strong><span> </span><strong>standard by a large margin, making the helmet<span> </span></strong><span>36% safer than the levels required by the latest road homologations.</span><br><br><span>The aerodynamic shapes developed in the wind tunnel are optimized for ideal air penetration </span><strong>in any riding position</strong><span>, making this solution perfect for riders who want the freedom to select their own riding styles, without compromise. The</span><strong><span> </span>aerodynamic spoiler</strong><span> evolves to split the air and limit buffeting at cruising speeds. The superior comfort eliminate distractions and lets you focus only on the road and obstacles, throughout the journey.</span><br><br><span>The </span><strong>premium interiors</strong><span> are waterproof and ventilated. They are designed so riders can cover endless miles in total comfort with only the road ahead to focus on. The innovative </span><strong>air vents on the forehead</strong><span> and </span><strong>chinguard</strong><span> are designed for easy adjustment </span><strong>even when wearing gloves</strong><span>, which means the rider always has the right amount of ventilation. The large, comfortable interior of the chinguard is designed to take advantage of maximum ventilation with vents open.</span></p>
<div class=""accordion-item"">
<div id=""productmaterial"" class=""accordion-collapse collapse show"" data-bs-parent=""#productmaterial"">
<div class=""pb-3"">
<p class=""mb-1"">Composite Fibre</p>
<div class=""accordion-item"">
<div id=""ACCESSORIES_INCLUDED"" class=""accordion-collapse collapse show"" data-bs-parent=""#ACCESSORIES_INCLUDED"">
<div class=""pb-3"">
<p class=""mb-1"">Wind protector</p>
<p class=""mb-1"">Integrated spoiler</p>
<p class=""mb-1"">Optimized for all riding positions</p>
<p class=""mb-1"">Shell shape designed to reduce turbulence</p>
<p class=""mb-1"">Cheek pads safety release system</p>
<p class=""mb-1"">Cheek pads: Ritmo fabric to facilitate putting on/taking off the helmet, with cheekbone area in Shalimar fabric to ensure stability at high speed</p>
<p class=""mb-1"">Crown pad: Shalimar fabric for a soft and gentle touch</p>
<p class=""mb-1"">DrySpeed: instant sweat absorption</p>
<p class=""mb-1"">Embracing neck roll profile</p>
<p class=""mb-1"">Fit especially designed to allow wearing glasses</p>
<p class=""mb-1"">Microsense: premium skin comfort</p>
<p class=""mb-1"">Neck roll: Ritmo fabric and synthetic leather with high abrasion resistance and water-resistant properties</p>
<p class=""mb-1"">Reflective inserts</p>
<p class=""mb-1"">Removable and washable interiors</p>
<p class=""mb-1"">Removable nose guard</p>
<div class=""accordion-item"">
<div id=""RETENTION_SYSTEM"" class=""accordion-collapse collapse show"" data-bs-parent=""#RETENTION_SYSTEM"">
<div class=""pb-3"">
<p class=""mb-1"">Double D</p>
<p class=""mb-1"">4 shell sizes</p>
<p class=""mb-1"">5-density EPS developed in 4 sizes</p>
<p class=""mb-1"">Carbon-Aramid fiber</p>
<p class=""mb-1"">Collarbone safe profile</p>
<p class=""mb-1"">1 wide rear extractor</p>
<p class=""mb-1"">5 front vents</p>
<p class=""mb-1"">Adjustable air vents</p>
<p class=""mb-1"">190° horizontal field of view</p>
<p class=""mb-1"">85° vertical field of view</p>
<p class=""mb-1"">Anti-scratch</p>
<p class=""mb-1"">Metal visor mechanism</p>
<p class=""mb-1"">Micro-opening system</p>
<p class=""mb-1"">Multistep visor mechanism</p>
<p class=""mb-1"">Optic class 1</p>
<p class=""mb-1"">Patented Extra Quick Release System</p>
<p class=""mb-1"">Patented visor lock system</p>
<p class=""mb-1"">Pinlock® 120XLT™ MaxVision™ Included</p>
<div class=""accordion"" id=""accordion-MaterialCare"">
<div class=""accordion-item"">
<div id=""WEIGHT"" class=""accordion-collapse collapse show"" data-bs-parent=""#WEIGHT"">
<div class=""pb-3"">
<p class=""mb-1"">1.290 g in first shell size</p>
</div>
</div>
</div>
</div>
</div>
</div>
</div>
</div>
</div>
</div>
</div>
</div>
</div>","All the technology developed for professional MotoGP™ riders, in a helmet that’s ideal for every road use.

K6 S is the essence of versatility, developed for maximum performance. Suitable for every type of riding and all road surfaces, it incorporates the best characteristics from the sport and touring worlds and is ideal for taking on any two-wheeled challenge, from leaning into the turns on winding roads to long-range trips, by way of everyday city rides.

Its carbon and aramid fiber shell ensures the very best protective performance in its category and makes it the lightest full-face road helmet in the world. Due to the stringent AGV Extreme Safety design protocol, K6 S passes all the tests required by the strict ECE22.06 standard by a large margin, making the helmet 36% safer than the levels required by the latest road homologations.

The aerodynamic shapes developed in the wind tunnel are optimized for ideal air penetration in any riding position, making this solution perfect for riders who want the freedom to select their own riding styles, without compromise. The aerodynamic spoiler evolves to split the air and limit buffeting at cruising speeds. The superior comfort eliminate distractions and lets you focus only on the road and obstacles, throughout the journey.

The premium interiors are waterproof and ventilated. They are designed so riders can cover endless miles in total comfort with only the road ahead to focus on. The innovative air vents on the forehead and chinguard are designed for easy adjustment even when wearing gloves, which means the rider always has the right amount of ventilation. The large, comfortable interior of the chinguard is designed to take advantage of maximum ventilation with vents open.

Composite Fibre

Wind protector

Integrated spoiler

Optimized for all riding positions

Shell shape designed to reduce turbulence

Cheek pads safety release system

Cheek pads: Ritmo fabric to facilitate putting on/taking off the helmet, with cheekbone area in Shalimar fabric to ensure stability at high speed

Crown pad: Shalimar fabric for a soft and gentle touch

DrySpeed: instant sweat absorption

Embracing neck roll profile

Fit especially designed to allow wearing glasses

Microsense: premium skin comfort

Neck roll: Ritmo fabric and synthetic leather with high abrasion resistance and water-resistant properties

Reflective inserts

Removable and washable interiors

Removable nose guard

Double D

4 shell sizes

5-density EPS developed in 4 sizes

Carbon-Aramid fiber

Collarbone safe profile

1 wide rear extractor

5 front vents

Adjustable air vents

190° horizontal field of view

85° vertical field of view

Anti-scratch

Metal visor mechanism

Micro-opening system

Multistep visor mechanism

Optic class 1

Patented Extra Quick Release System

Patented visor lock system

Pinlock® 120XLT™ MaxVision™ Included

1.290 g in first shell size",120000,,2026-07-26,active,AGV,5000,g,Buy AGV K6 S SIC58 Helmet | Mile 27 Store,"All the technology developed for professional MotoGP™ riders, in a helmet that’s ideal for every road use.",,Cleaned noise; brand verified,High,false,Helmets,High,"Mapped from Shopify Type ""Helmets""",agv-k6-s-sic58-helmet-1|Size:XS|price:120000.00|compare:|weight:5000|barcode:|qty:0 | agv-k6-s-sic58-helmet-2|Size:S|price:120000.00|compare:|weight:5000|barcode:|qty:0 | agv-k6-s-sic58-helmet-3|Size:M|price:120000.00|compare:|weight:5000|barcode:|qty:0 | agv-k6-s-sic58-helmet-4|Size:L|price:120000.00|compare:|weight:5000|barcode:|qty:0 | agv-k6-s-sic58-helmet-5|Size:XL|price:120000.00|compare:|weight:5000|barcode:|qty:0 | agv-k6-s-sic58-helmet-6|Size:XXL|price:120000.00|compare:|weight:5000|barcode:|qty:0,"agv-k6-s-sic58-helmet-1,agv-k6-s-sic58-helmet-2,agv-k6-s-sic58-helmet-3,agv-k6-s-sic58-helmet-4,agv-k6-s-sic58-helmet-5,agv-k6-s-sic58-helmet-6",6,https://cdn.shopify.com/s/files/1/0076/8301/4754/files/2118395002_004_1.webp?v=1761566424|pos:1|alt:AGV AGV K6 S SIC58 Helmet – front view || https://cdn.shopify.com/s/files/1/0076/8301/4754/files/2118395002_004_2.webp?v=1761566429|pos:2|alt:AGV AGV K6 S SIC58 Helmet – side view || https://cdn.shopify.com/s/files/1/0076/8301/4754/files/2118395002_004_5.webp?v=1761566428|pos:3|alt:AGV AGV K6 S SIC58 Helmet – rear view || https://cdn.shopify.com/s/files/1/0076/8301/4754/files/2118395002_004_4.webp?v=1761566428|pos:4|alt:AGV AGV K6 S SIC58 Helmet – detail view || https://cdn.shopify.com/s/files/1/0076/8301/4754/files/2118395002_004_3.webp?v=1761566424|pos:5|alt:AGV AGV K6 S SIC58 Helmet – top view || https://cdn.shopify.com/s/files/1/0076/8301/4754/files/2118395002_004_7.webp?v=1761566424|pos:6|alt:AGV AGV K6 S SIC58 Helmet – product view,6,AGV AGV K6 S SIC58 Helmet – front view | AGV AGV K6 S SIC58 Helmet – side view | AGV AGV K6 S SIC58 Helmet – rear view | AGV AGV K6 S SIC58 Helmet – detail view | AGV AGV K6 S SIC58 Helmet – top view | AGV AGV K6 S SIC58 Helmet – product view,,0,,,,,,,,,false,not_eligible,,0,false,/products/agv-k6-s-sic58-helmet,/products/agv-k6-s-sic58-helmet
agv-k6-s-ultrasonic-matt-black-grey-helmet,agv-k6-s-ultrasonic-matt-black-grey-helmet,AGV K6 S Ultrasonic Matt Black/Grey Helmet,AGV K6 S Ultrasonic Matt Black/Grey Helmet,agv-k6-s-ultrasonic-matt-black-grey-helmet,"All the technology developed for professional MotoGP™ riders, in a helmet that’s ideal for every road use. Available in multiple sizes and/or colours — select your variant.","<p><span>All the technology developed for professional MotoGP™ riders, in a helmet that’s ideal for every road use.</span><br><br><span>K6 S is the essence of versatility, developed for maximum performance. </span><strong>Suitable for every type of riding</strong><span> and all road surfaces, it incorporates the best characteristics from the </span><strong>sport and touring worlds</strong><span> and is ideal for taking on any two-wheeled challenge, from leaning into the turns on winding roads to long-range trips, by way of everyday city rides.</span><br><br><span>Its </span><strong>carbon and aramid</strong><span> fiber shell ensures the very best protective performance in its category and makes it </span><strong>the lightest full-face road helmet in the world.</strong><span> Due to the stringent AGV Extreme Safety design protocol, K6 S passes all the tests required by the strict </span><strong>ECE22.06</strong><span> </span><strong>standard by a large margin, making the helmet<span> </span></strong><span>36% safer than the levels required by the latest road homologations.</span><br><br><span>The aerodynamic shapes developed in the wind tunnel are optimized for ideal air penetration </span><strong>in any riding position</strong><span>, making this solution perfect for riders who want the freedom to select their own riding styles, without compromise. The</span><strong><span> </span>aerodynamic spoiler</strong><span> evolves to split the air and limit buffeting at cruising speeds. The superior comfort eliminate distractions and lets you focus only on the road and obstacles, throughout the journey.</span><br><br><span>The </span><strong>premium interiors</strong><span> are waterproof and ventilated. They are designed so riders can cover endless miles in total comfort with only the road ahead to focus on. The innovative </span><strong>air vents on the forehead</strong><span> and </span><strong>chinguard</strong><span> are designed for easy adjustment </span><strong>even when wearing gloves</strong><span>, which means the rider always has the right amount of ventilation. The large, comfortable interior of the chinguard is designed to take advantage of maximum ventilation with vents open.</span></p>
<div class=""accordion-item"">
<div id=""productmaterial"" class=""accordion-collapse collapse show"" data-bs-parent=""#productmaterial"">
<div class=""pb-3"">
<p class=""mb-1"">Composite Fibre</p>
<div class=""accordion-item"">
<div id=""ACCESSORIES_INCLUDED"" class=""accordion-collapse collapse show"" data-bs-parent=""#ACCESSORIES_INCLUDED"">
<div class=""pb-3"">
<p class=""mb-1"">Wind protector</p>
<p class=""mb-1"">Integrated spoiler</p>
<p class=""mb-1"">Optimized for all riding positions</p>
<p class=""mb-1"">Shell shape designed to reduce turbulence</p>
<p class=""mb-1"">Cheek pads safety release system</p>
<p class=""mb-1"">Cheek pads: Ritmo fabric to facilitate putting on/taking off the helmet, with cheekbone area in Shalimar fabric to ensure stability at high speed</p>
<p class=""mb-1"">Crown pad: Shalimar fabric for a soft and gentle touch</p>
<p class=""mb-1"">DrySpeed: instant sweat absorption</p>
<p class=""mb-1"">Embracing neck roll profile</p>
<p class=""mb-1"">Fit especially designed to allow wearing glasses</p>
<p class=""mb-1"">Microsense: premium skin comfort</p>
<p class=""mb-1"">Neck roll: Ritmo fabric and synthetic leather with high abrasion resistance and water-resistant properties</p>
<p class=""mb-1"">Reflective inserts</p>
<p class=""mb-1"">Removable and washable interiors</p>
<p class=""mb-1"">Removable nose guard</p>
<div class=""accordion-item"">
<div id=""RETENTION_SYSTEM"" class=""accordion-collapse collapse show"" data-bs-parent=""#RETENTION_SYSTEM"">
<div class=""pb-3"">
<p class=""mb-1"">Double D</p>
<p class=""mb-1"">4 shell sizes</p>
<p class=""mb-1"">5-density EPS developed in 4 sizes</p>
<p class=""mb-1"">Carbon-Aramid fiber</p>
<p class=""mb-1"">Collarbone safe profile</p>
<p class=""mb-1"">1 wide rear extractor</p>
<p class=""mb-1"">5 front vents</p>
<p class=""mb-1"">Adjustable air vents</p>
<p class=""mb-1"">190° horizontal field of view</p>
<p class=""mb-1"">85° vertical field of view</p>
<p class=""mb-1"">Anti-scratch</p>
<p class=""mb-1"">Metal visor mechanism</p>
<p class=""mb-1"">Micro-opening system</p>
<p class=""mb-1"">Multistep visor mechanism</p>
<p class=""mb-1"">Optic class 1</p>
<p class=""mb-1"">Patented Extra Quick Release System</p>
<p class=""mb-1"">Patented visor lock system</p>
<p class=""mb-1"">Pinlock® 120XLT™ MaxVision™ Included</p>
<div class=""accordion"" id=""accordion-MaterialCare"">
<div class=""accordion-item"">
<div id=""WEIGHT"" class=""accordion-collapse collapse show"" data-bs-parent=""#WEIGHT"">
<div class=""pb-3"">
<p class=""mb-1"">1.290 g in first shell size</p>
</div>
</div>
</div>
</div>
</div>
</div>
</div>
</div>
</div>
</div>
</div>
</div>
</div>","All the technology developed for professional MotoGP™ riders, in a helmet that’s ideal for every road use.

K6 S is the essence of versatility, developed for maximum performance. Suitable for every type of riding and all road surfaces, it incorporates the best characteristics from the sport and touring worlds and is ideal for taking on any two-wheeled challenge, from leaning into the turns on winding roads to long-range trips, by way of everyday city rides.

Its carbon and aramid fiber shell ensures the very best protective performance in its category and makes it the lightest full-face road helmet in the world. Due to the stringent AGV Extreme Safety design protocol, K6 S passes all the tests required by the strict ECE22.06 standard by a large margin, making the helmet 36% safer than the levels required by the latest road homologations.

The aerodynamic shapes developed in the wind tunnel are optimized for ideal air penetration in any riding position, making this solution perfect for riders who want the freedom to select their own riding styles, without compromise. The aerodynamic spoiler evolves to split the air and limit buffeting at cruising speeds. The superior comfort eliminate distractions and lets you focus only on the road and obstacles, throughout the journey.

The premium interiors are waterproof and ventilated. They are designed so riders can cover endless miles in total comfort with only the road ahead to focus on. The innovative air vents on the forehead and chinguard are designed for easy adjustment even when wearing gloves, which means the rider always has the right amount of ventilation. The large, comfortable interior of the chinguard is designed to take advantage of maximum ventilation with vents open.

Composite Fibre

Wind protector

Integrated spoiler

Optimized for all riding positions

Shell shape designed to reduce turbulence

Cheek pads safety release system

Cheek pads: Ritmo fabric to facilitate putting on/taking off the helmet, with cheekbone area in Shalimar fabric to ensure stability at high speed

Crown pad: Shalimar fabric for a soft and gentle touch

DrySpeed: instant sweat absorption

Embracing neck roll profile

Fit especially designed to allow wearing glasses

Microsense: premium skin comfort

Neck roll: Ritmo fabric and synthetic leather with high abrasion resistance and water-resistant properties

Reflective inserts

Removable and washable interiors

Removable nose guard

Double D

4 shell sizes

5-density EPS developed in 4 sizes

Carbon-Aramid fiber

Collarbone safe profile

1 wide rear extractor

5 front vents

Adjustable air vents

190° horizontal field of view

85° vertical field of view

Anti-scratch

Metal visor mechanism

Micro-opening system

Multistep visor mechanism

Optic class 1

Patented Extra Quick Release System

Patented visor lock system

Pinlock® 120XLT™ MaxVision™ Included

1.290 g in first shell size",117000,,2026-07-26,active,AGV,5000,g,Buy AGV K6 S Ultrasonic Matt Black/Grey Helmet | Mile 27 Store,"All the technology developed for professional MotoGP™ riders, in a helmet that’s ideal for every road use.",,Cleaned noise; brand verified,High,false,Helmets,High,"Mapped from Shopify Type ""Helmets""",agv-k6-s-ultrasonic-matt-black-grey-helmet-1|Size:XS|price:117000.00|compare:|weight:5000|barcode:|qty:0 | agv-k6-s-ultrasonic-matt-black-grey-helmet-2|Size:S|price:117000.00|compare:|weight:5000|barcode:|qty:0 | agv-k6-s-ultrasonic-matt-black-grey-helmet-3|Size:M|price:117000.00|compare:|weight:5000|barcode:|qty:0 | agv-k6-s-ultrasonic-matt-black-grey-helmet-4|Size:L|price:117000.00|compare:|weight:5000|barcode:|qty:0 | agv-k6-s-ultrasonic-matt-black-grey-helmet-5|Size:XL|price:117000.00|compare:|weight:5000|barcode:|qty:0 | agv-k6-s-ultrasonic-matt-black-grey-helmet-6|Size:XXL|price:117000.00|compare:|weight:5000|barcode:|qty:0,"agv-k6-s-ultrasonic-matt-black-grey-helmet-1,agv-k6-s-ultrasonic-matt-black-grey-helmet-2,agv-k6-s-ultrasonic-matt-black-grey-helmet-3,agv-k6-s-ultrasonic-matt-black-grey-helmet-4,agv-k6-s-ultrasonic-matt-black-grey-helmet-5,agv-k6-s-ultrasonic-matt-black-grey-helmet-6",6,https://cdn.shopify.com/s/files/1/0076/8301/4754/files/2118395002_021_1.webp?v=1761562435|pos:1|alt:AGV AGV K6 S Ultrasonic Matt Black/Grey Helmet – front view || https://cdn.shopify.com/s/files/1/0076/8301/4754/files/2118395002_021_2.webp?v=1761562435|pos:2|alt:AGV AGV K6 S Ultrasonic Matt Black/Grey Helmet – side view || https://cdn.shopify.com/s/files/1/0076/8301/4754/files/2118395002_021_5.webp?v=1761562435|pos:3|alt:AGV AGV K6 S Ultrasonic Matt Black/Grey Helmet – rear view || https://cdn.shopify.com/s/files/1/0076/8301/4754/files/2118395002_021_4.webp?v=1761562436|pos:4|alt:AGV AGV K6 S Ultrasonic Matt Black/Grey Helmet – detail view || https://cdn.shopify.com/s/files/1/0076/8301/4754/files/2118395002_021_3.webp?v=1761562435|pos:5|alt:AGV AGV K6 S Ultrasonic Matt Black/Grey Helmet – top view || https://cdn.shopify.com/s/files/1/0076/8301/4754/files/2118395002_021_7.webp?v=1761562436|pos:6|alt:AGV AGV K6 S Ultrasonic Matt Black/Grey Helmet – product view,6,AGV AGV K6 S Ultrasonic Matt Black/Grey Helmet – front view | AGV AGV K6 S Ultrasonic Matt Black/Grey Helmet – side view | AGV AGV K6 S Ultrasonic Matt Black/Grey Helmet – rear view | AGV AGV K6 S Ultrasonic Matt Black/Grey Helmet – detail view | AGV AGV K6 S Ultrasonic Matt Black/Grey Helmet – top view | AGV AGV K6 S Ultrasonic Matt Black/Grey Helmet – product view,,0,,,,,,,,,false,not_eligible,,0,false,/products/agv-k6-s-ultrasonic-matt-black-grey-helmet,/products/agv-k6-s-ultrasonic-matt-black-grey-helmet
agv-k6-s-enhance-matt-grey-yellow-fluo-helmet,agv-k6-s-enhance-matt-grey-yellow-fluo-helmet,AGV K6 S Enhance Matt Grey/Yellow Fluo Helmet,AGV K6 S Enhance Matt Grey/Yellow Fluo Helmet,agv-k6-s-enhance-matt-grey-yellow-fluo-helmet,"All the technology developed for professional MotoGP™ riders, in a helmet that’s ideal for every road use. Available in multiple sizes and/or colours — select your variant.","<p><span>All the technology developed for professional MotoGP™ riders, in a helmet that’s ideal for every road use.</span><br><br><span>K6 S is the essence of versatility, developed for maximum performance. </span><strong>Suitable for every type of riding</strong><span> and all road surfaces, it incorporates the best characteristics from the </span><strong>sport and touring worlds</strong><span> and is ideal for taking on any two-wheeled challenge, from leaning into the turns on winding roads to long-range trips, by way of everyday city rides.</span><br><br><span>Its </span><strong>carbon and aramid</strong><span> fiber shell ensures the very best protective performance in its category and makes it </span><strong>the lightest full-face road helmet in the world.</strong><span> Due to the stringent AGV Extreme Safety design protocol, K6 S passes all the tests required by the strict </span><strong>ECE22.06</strong><span> </span><strong>standard by a large margin, making the helmet<span> </span></strong><span>36% safer than the levels required by the latest road homologations.</span><br><br><span>The aerodynamic shapes developed in the wind tunnel are optimized for ideal air penetration </span><strong>in any riding position</strong><span>, making this solution perfect for riders who want the freedom to select their own riding styles, without compromise. The</span><strong><span> </span>aerodynamic spoiler</strong><span> evolves to split the air and limit buffeting at cruising speeds. The superior comfort eliminate distractions and lets you focus only on the road and obstacles, throughout the journey.</span><br><br><span>The </span><strong>premium interiors</strong><span> are waterproof and ventilated. They are designed so riders can cover endless miles in total comfort with only the road ahead to focus on. The innovative </span><strong>air vents on the forehead</strong><span> and </span><strong>chinguard</strong><span> are designed for easy adjustment </span><strong>even when wearing gloves</strong><span>, which means the rider always has the right amount of ventilation. The large, comfortable interior of the chinguard is designed to take advantage of maximum ventilation with vents open.</span></p>
<div class=""accordion-item"">
<div id=""productmaterial"" class=""accordion-collapse collapse show"" data-bs-parent=""#productmaterial"">
<div class=""pb-3"">
<p class=""mb-1"">Composite Fibre</p>
<div class=""accordion-item"">
<div id=""ACCESSORIES_INCLUDED"" class=""accordion-collapse collapse show"" data-bs-parent=""#ACCESSORIES_INCLUDED"">
<div class=""pb-3"">
<p class=""mb-1"">Wind protector</p>
<p class=""mb-1"">Integrated spoiler</p>
<p class=""mb-1"">Optimized for all riding positions</p>
<p class=""mb-1"">Shell shape designed to reduce turbulence</p>
<p class=""mb-1"">Cheek pads safety release system</p>
<p class=""mb-1"">Cheek pads: Ritmo fabric to facilitate putting on/taking off the helmet, with cheekbone area in Shalimar fabric to ensure stability at high speed</p>
<p class=""mb-1"">Crown pad: Shalimar fabric for a soft and gentle touch</p>
<p class=""mb-1"">DrySpeed: instant sweat absorption</p>
<p class=""mb-1"">Embracing neck roll profile</p>
<p class=""mb-1"">Fit especially designed to allow wearing glasses</p>
<p class=""mb-1"">Microsense: premium skin comfort</p>
<p class=""mb-1"">Neck roll: Ritmo fabric and synthetic leather with high abrasion resistance and water-resistant properties</p>
<p class=""mb-1"">Reflective inserts</p>
<p class=""mb-1"">Removable and washable interiors</p>
<p class=""mb-1"">Removable nose guard</p>
<div class=""accordion-item"">
<div id=""RETENTION_SYSTEM"" class=""accordion-collapse collapse show"" data-bs-parent=""#RETENTION_SYSTEM"">
<div class=""pb-3"">
<p class=""mb-1"">Double D</p>
<p class=""mb-1"">4 shell sizes</p>
<p class=""mb-1"">5-density EPS developed in 4 sizes</p>
<p class=""mb-1"">Carbon-Aramid fiber</p>
<p class=""mb-1"">Collarbone safe profile</p>
<p class=""mb-1"">1 wide rear extractor</p>
<p class=""mb-1"">5 front vents</p>
<p class=""mb-1"">Adjustable air vents</p>
<p class=""mb-1"">190° horizontal field of view</p>
<p class=""mb-1"">85° vertical field of view</p>
<p class=""mb-1"">Anti-scratch</p>
<p class=""mb-1"">Metal visor mechanism</p>
<p class=""mb-1"">Micro-opening system</p>
<p class=""mb-1"">Multistep visor mechanism</p>
<p class=""mb-1"">Optic class 1</p>
<p class=""mb-1"">Patented Extra Quick Release System</p>
<p class=""mb-1"">Patented visor lock system</p>
<p class=""mb-1"">Pinlock® 120XLT™ MaxVision™ Included</p>
<div class=""accordion"" id=""accordion-MaterialCare"">
<div class=""accordion-item"">
<div id=""WEIGHT"" class=""accordion-collapse collapse show"" data-bs-parent=""#WEIGHT"">
<div class=""pb-3"">
<p class=""mb-1"">1.290 g in first shell size</p>
</div>
</div>
</div>
</div>
</div>
</div>
</div>
</div>
</div>
</div>
</div>
</div>
</div>","All the technology developed for professional MotoGP™ riders, in a helmet that’s ideal for every road use.

K6 S is the essence of versatility, developed for maximum performance. Suitable for every type of riding and all road surfaces, it incorporates the best characteristics from the sport and touring worlds and is ideal for taking on any two-wheeled challenge, from leaning into the turns on winding roads to long-range trips, by way of everyday city rides.

Its carbon and aramid fiber shell ensures the very best protective performance in its category and makes it the lightest full-face road helmet in the world. Due to the stringent AGV Extreme Safety design protocol, K6 S passes all the tests required by the strict ECE22.06 standard by a large margin, making the helmet 36% safer than the levels required by the latest road homologations.

The aerodynamic shapes developed in the wind tunnel are optimized for ideal air penetration in any riding position, making this solution perfect for riders who want the freedom to select their own riding styles, without compromise. The aerodynamic spoiler evolves to split the air and limit buffeting at cruising speeds. The superior comfort eliminate distractions and lets you focus only on the road and obstacles, throughout the journey.

The premium interiors are waterproof and ventilated. They are designed so riders can cover endless miles in total comfort with only the road ahead to focus on. The innovative air vents on the forehead and chinguard are designed for easy adjustment even when wearing gloves, which means the rider always has the right amount of ventilation. The large, comfortable interior of the chinguard is designed to take advantage of maximum ventilation with vents open.

Composite Fibre

Wind protector

Integrated spoiler

Optimized for all riding positions

Shell shape designed to reduce turbulence

Cheek pads safety release system

Cheek pads: Ritmo fabric to facilitate putting on/taking off the helmet, with cheekbone area in Shalimar fabric to ensure stability at high speed

Crown pad: Shalimar fabric for a soft and gentle touch

DrySpeed: instant sweat absorption

Embracing neck roll profile

Fit especially designed to allow wearing glasses

Microsense: premium skin comfort

Neck roll: Ritmo fabric and synthetic leather with high abrasion resistance and water-resistant properties

Reflective inserts

Removable and washable interiors

Removable nose guard

Double D

4 shell sizes

5-density EPS developed in 4 sizes

Carbon-Aramid fiber

Collarbone safe profile

1 wide rear extractor

5 front vents

Adjustable air vents

190° horizontal field of view

85° vertical field of view

Anti-scratch

Metal visor mechanism

Micro-opening system

Multistep visor mechanism

Optic class 1

Patented Extra Quick Release System

Patented visor lock system

Pinlock® 120XLT™ MaxVision™ Included

1.290 g in first shell size",117000,,2026-07-26,active,AGV,5000,g,Buy AGV K6 S Enhance Matt Grey/Yellow Fluo Helmet | Mile 27 Store,"All the technology developed for professional MotoGP™ riders, in a helmet that’s ideal for every road use.",,Cleaned noise; brand verified,High,false,Helmets,High,"Mapped from Shopify Type ""Helmets""",agv-k6-s-enhance-matt-grey-yellow-fluo-helmet-1|Size:XS|price:117000.00|compare:|weight:5000|barcode:|qty:0 | agv-k6-s-enhance-matt-grey-yellow-fluo-helmet-2|Size:S|price:117000.00|compare:|weight:5000|barcode:|qty:0 | agv-k6-s-enhance-matt-grey-yellow-fluo-helmet-3|Size:M|price:117000.00|compare:|weight:5000|barcode:|qty:0 | agv-k6-s-enhance-matt-grey-yellow-fluo-helmet-4|Size:L|price:117000.00|compare:|weight:5000|barcode:|qty:0 | agv-k6-s-enhance-matt-grey-yellow-fluo-helmet-5|Size:XL|price:117000.00|compare:|weight:5000|barcode:|qty:0 | agv-k6-s-enhance-matt-grey-yellow-fluo-helmet-6|Size:XXL|price:117000.00|compare:|weight:5000|barcode:|qty:0,"agv-k6-s-enhance-matt-grey-yellow-fluo-helmet-1,agv-k6-s-enhance-matt-grey-yellow-fluo-helmet-2,agv-k6-s-enhance-matt-grey-yellow-fluo-helmet-3,agv-k6-s-enhance-matt-grey-yellow-fluo-helmet-4,agv-k6-s-enhance-matt-grey-yellow-fluo-helmet-5,agv-k6-s-enhance-matt-grey-yellow-fluo-helmet-6",6,https://cdn.shopify.com/s/files/1/0076/8301/4754/files/2118395002_022_1.webp?v=1761561652|pos:1|alt:AGV AGV K6 S Enhance Matt Grey/Yellow Fluo Helmet – front view || https://cdn.shopify.com/s/files/1/0076/8301/4754/files/2118395002_022_2.webp?v=1761561653|pos:2|alt:AGV AGV K6 S Enhance Matt Grey/Yellow Fluo Helmet – side view || https://cdn.shopify.com/s/files/1/0076/8301/4754/files/2118395002_022_5.webp?v=1761561652|pos:3|alt:AGV AGV K6 S Enhance Matt Grey/Yellow Fluo Helmet – rear view || https://cdn.shopify.com/s/files/1/0076/8301/4754/files/2118395002_022_4.webp?v=1761561652|pos:4|alt:AGV AGV K6 S Enhance Matt Grey/Yellow Fluo Helmet – detail view || https://cdn.shopify.com/s/files/1/0076/8301/4754/files/2118395002_022_3.webp?v=1761561653|pos:5|alt:AGV AGV K6 S Enhance Matt Grey/Yellow Fluo Helmet – top view || https://cdn.shopify.com/s/files/1/0076/8301/4754/files/2118395002_022_7.webp?v=1761561652|pos:6|alt:AGV AGV K6 S Enhance Matt Grey/Yellow Fluo Helmet – product view,6,AGV AGV K6 S Enhance Matt Grey/Yellow Fluo Helmet – front view | AGV AGV K6 S Enhance Matt Grey/Yellow Fluo Helmet – side view | AGV AGV K6 S Enhance Matt Grey/Yellow Fluo Helmet – rear view | AGV AGV K6 S Enhance Matt Grey/Yellow Fluo Helmet – detail view | AGV AGV K6 S Enhance Matt Grey/Yellow Fluo Helmet – top view | AGV AGV K6 S Enhance Matt Grey/Yellow Fluo Helmet – product view,,0,,,,,,,,,false,not_eligible,,0,false,/products/agv-k6-s-enhance-matt-grey-yellow-fluo-helmet,/products/agv-k6-s-enhance-matt-grey-yellow-fluo-helmet
agv-k6-s-reeval-white-red-grey-helmet,agv-k6-s-reeval-white-red-grey-helmet,AGV K6 S Reeval White/Red/Grey Helmet,AGV K6 S Reeval White/Red/Grey Helmet,agv-k6-s-reeval-white-red-grey-helmet,"All the technology developed for professional MotoGP™ riders, in a helmet that’s ideal for every road use. Available in multiple sizes and/or colours — select your variant.","<p><span>All the technology developed for professional MotoGP™ riders, in a helmet that’s ideal for every road use.</span><br><br><span>K6 S is the essence of versatility, developed for maximum performance. </span><strong>Suitable for every type of riding</strong><span> and all road surfaces, it incorporates the best characteristics from the </span><strong>sport and touring worlds</strong><span> and is ideal for taking on any two-wheeled challenge, from leaning into the turns on winding roads to long-range trips, by way of everyday city rides.</span><br><br><span>Its </span><strong>carbon and aramid</strong><span> fiber shell ensures the very best protective performance in its category and makes it </span><strong>the lightest full-face road helmet in the world.</strong><span> Due to the stringent AGV Extreme Safety design protocol, K6 S passes all the tests required by the strict </span><strong>ECE22.06</strong><span> </span><strong>standard by a large margin, making the helmet<span> </span></strong><span>36% safer than the levels required by the latest road homologations.</span><br><br><span>The aerodynamic shapes developed in the wind tunnel are optimized for ideal air penetration </span><strong>in any riding position</strong><span>, making this solution perfect for riders who want the freedom to select their own riding styles, without compromise. The</span><strong><span> </span>aerodynamic spoiler</strong><span> evolves to split the air and limit buffeting at cruising speeds. The superior comfort eliminate distractions and lets you focus only on the road and obstacles, throughout the journey.</span><br><br><span>The </span><strong>premium interiors</strong><span> are waterproof and ventilated. They are designed so riders can cover endless miles in total comfort with only the road ahead to focus on. The innovative </span><strong>air vents on the forehead</strong><span> and </span><strong>chinguard</strong><span> are designed for easy adjustment </span><strong>even when wearing gloves</strong><span>, which means the rider always has the right amount of ventilation. The large, comfortable interior of the chinguard is designed to take advantage of maximum ventilation with vents open.</span></p>
<div class=""accordion-item"">
<div id=""productmaterial"" class=""accordion-collapse collapse show"" data-bs-parent=""#productmaterial"">
<div class=""pb-3"">
<p class=""mb-1"">Composite Fibre</p>
<div class=""accordion-item"">
<div id=""ACCESSORIES_INCLUDED"" class=""accordion-collapse collapse show"" data-bs-parent=""#ACCESSORIES_INCLUDED"">
<div class=""pb-3"">
<p class=""mb-1"">Wind protector</p>
<p class=""mb-1"">Integrated spoiler</p>
<p class=""mb-1"">Optimized for all riding positions</p>
<p class=""mb-1"">Shell shape designed to reduce turbulence</p>
<p class=""mb-1"">Cheek pads safety release system</p>
<p class=""mb-1"">Cheek pads: Ritmo fabric to facilitate putting on/taking off the helmet, with cheekbone area in Shalimar fabric to ensure stability at high speed</p>
<p class=""mb-1"">Crown pad: Shalimar fabric for a soft and gentle touch</p>
<p class=""mb-1"">DrySpeed: instant sweat absorption</p>
<p class=""mb-1"">Embracing neck roll profile</p>
<p class=""mb-1"">Fit especially designed to allow wearing glasses</p>
<p class=""mb-1"">Microsense: premium skin comfort</p>
<p class=""mb-1"">Neck roll: Ritmo fabric and synthetic leather with high abrasion resistance and water-resistant properties</p>
<p class=""mb-1"">Reflective inserts</p>
<p class=""mb-1"">Removable and washable interiors</p>
<p class=""mb-1"">Removable nose guard</p>
<div class=""accordion-item"">
<div id=""RETENTION_SYSTEM"" class=""accordion-collapse collapse show"" data-bs-parent=""#RETENTION_SYSTEM"">
<div class=""pb-3"">
<p class=""mb-1"">Double D</p>
<p class=""mb-1"">4 shell sizes</p>
<p class=""mb-1"">5-density EPS developed in 4 sizes</p>
<p class=""mb-1"">Carbon-Aramid fiber</p>
<p class=""mb-1"">Collarbone safe profile</p>
<p class=""mb-1"">1 wide rear extractor</p>
<p class=""mb-1"">5 front vents</p>
<p class=""mb-1"">Adjustable air vents</p>
<p class=""mb-1"">190° horizontal field of view</p>
<p class=""mb-1"">85° vertical field of view</p>
<p class=""mb-1"">Anti-scratch</p>
<p class=""mb-1"">Metal visor mechanism</p>
<p class=""mb-1"">Micro-opening system</p>
<p class=""mb-1"">Multistep visor mechanism</p>
<p class=""mb-1"">Optic class 1</p>
<p class=""mb-1"">Patented Extra Quick Release System</p>
<p class=""mb-1"">Patented visor lock system</p>
<p class=""mb-1"">Pinlock® 120XLT™ MaxVision™ Included</p>
<div class=""accordion"" id=""accordion-MaterialCare"">
<div class=""accordion-item"">
<div id=""WEIGHT"" class=""accordion-collapse collapse show"" data-bs-parent=""#WEIGHT"">
<div class=""pb-3"">
<p class=""mb-1"">1.290 g in first shell size</p>
</div>
</div>
</div>
</div>
</div>
</div>
</div>
</div>
</div>
</div>
</div>
</div>
</div>","All the technology developed for professional MotoGP™ riders, in a helmet that’s ideal for every road use.

K6 S is the essence of versatility, developed for maximum performance. Suitable for every type of riding and all road surfaces, it incorporates the best characteristics from the sport and touring worlds and is ideal for taking on any two-wheeled challenge, from leaning into the turns on winding roads to long-range trips, by way of everyday city rides.

Its carbon and aramid fiber shell ensures the very best protective performance in its category and makes it the lightest full-face road helmet in the world. Due to the stringent AGV Extreme Safety design protocol, K6 S passes all the tests required by the strict ECE22.06 standard by a large margin, making the helmet 36% safer than the levels required by the latest road homologations.

The aerodynamic shapes developed in the wind tunnel are optimized for ideal air penetration in any riding position, making this solution perfect for riders who want the freedom to select their own riding styles, without compromise. The aerodynamic spoiler evolves to split the air and limit buffeting at cruising speeds. The superior comfort eliminate distractions and lets you focus only on the road and obstacles, throughout the journey.

The premium interiors are waterproof and ventilated. They are designed so riders can cover endless miles in total comfort with only the road ahead to focus on. The innovative air vents on the forehead and chinguard are designed for easy adjustment even when wearing gloves, which means the rider always has the right amount of ventilation. The large, comfortable interior of the chinguard is designed to take advantage of maximum ventilation with vents open.

Composite Fibre

Wind protector

Integrated spoiler

Optimized for all riding positions

Shell shape designed to reduce turbulence

Cheek pads safety release system

Cheek pads: Ritmo fabric to facilitate putting on/taking off the helmet, with cheekbone area in Shalimar fabric to ensure stability at high speed

Crown pad: Shalimar fabric for a soft and gentle touch

DrySpeed: instant sweat absorption

Embracing neck roll profile

Fit especially designed to allow wearing glasses

Microsense: premium skin comfort

Neck roll: Ritmo fabric and synthetic leather with high abrasion resistance and water-resistant properties

Reflective inserts

Removable and washable interiors

Removable nose guard

Double D

4 shell sizes

5-density EPS developed in 4 sizes

Carbon-Aramid fiber

Collarbone safe profile

1 wide rear extractor

5 front vents

Adjustable air vents

190° horizontal field of view

85° vertical field of view

Anti-scratch

Metal visor mechanism

Micro-opening system

Multistep visor mechanism

Optic class 1

Patented Extra Quick Release System

Patented visor lock system

Pinlock® 120XLT™ MaxVision™ Included

1.290 g in first shell size",117000,,2026-07-26,active,AGV,5000,g,Buy AGV K6 S Reeval White/Red/Grey Helmet | Mile 27 Store,"All the technology developed for professional MotoGP™ riders, in a helmet that’s ideal for every road use.",,Cleaned noise; brand verified,High,false,Helmets,High,"Mapped from Shopify Type ""Helmets""",agv-k6-s-reeval-white-red-grey-helmet-1|Size:XS|price:117000.00|compare:|weight:5000|barcode:|qty:0 | agv-k6-s-reeval-white-red-grey-helmet-2|Size:S|price:117000.00|compare:|weight:5000|barcode:|qty:0 | agv-k6-s-reeval-white-red-grey-helmet-3|Size:M|price:117000.00|compare:|weight:5000|barcode:|qty:0 | agv-k6-s-reeval-white-red-grey-helmet-4|Size:L|price:117000.00|compare:|weight:5000|barcode:|qty:0 | agv-k6-s-reeval-white-red-grey-helmet-5|Size:XL|price:117000.00|compare:|weight:5000|barcode:|qty:0 | agv-k6-s-reeval-white-red-grey-helmet-6|Size:XXL|price:117000.00|compare:|weight:5000|barcode:|qty:0,"agv-k6-s-reeval-white-red-grey-helmet-1,agv-k6-s-reeval-white-red-grey-helmet-2,agv-k6-s-reeval-white-red-grey-helmet-3,agv-k6-s-reeval-white-red-grey-helmet-4,agv-k6-s-reeval-white-red-grey-helmet-5,agv-k6-s-reeval-white-red-grey-helmet-6",6,https://cdn.shopify.com/s/files/1/0076/8301/4754/files/2118395002_023_1.webp?v=1761561193|pos:1|alt:AGV AGV K6 S Reeval White/Red/Grey Helmet – front view || https://cdn.shopify.com/s/files/1/0076/8301/4754/files/2118395002_023_2.webp?v=1761561194|pos:2|alt:AGV AGV K6 S Reeval White/Red/Grey Helmet – side view || https://cdn.shopify.com/s/files/1/0076/8301/4754/files/2118395002_023_5.webp?v=1761561193|pos:3|alt:AGV AGV K6 S Reeval White/Red/Grey Helmet – rear view || https://cdn.shopify.com/s/files/1/0076/8301/4754/files/2118395002_023_4.webp?v=1761561194|pos:4|alt:AGV AGV K6 S Reeval White/Red/Grey Helmet – detail view || https://cdn.shopify.com/s/files/1/0076/8301/4754/files/2118395002_023_3.webp?v=1761561193|pos:5|alt:AGV AGV K6 S Reeval White/Red/Grey Helmet – top view || https://cdn.shopify.com/s/files/1/0076/8301/4754/files/2118395002_023_7.webp?v=1761561193|pos:6|alt:AGV AGV K6 S Reeval White/Red/Grey Helmet – product view,6,AGV AGV K6 S Reeval White/Red/Grey Helmet – front view | AGV AGV K6 S Reeval White/Red/Grey Helmet – side view | AGV AGV K6 S Reeval White/Red/Grey Helmet – rear view | AGV AGV K6 S Reeval White/Red/Grey Helmet – detail view | AGV AGV K6 S Reeval White/Red/Grey Helmet – top view | AGV AGV K6 S Reeval White/Red/Grey Helmet – product view,,0,,,,,,,,,false,not_eligible,,0,false,/products/agv-k6-s-reeval-white-red-grey-helmet,/products/agv-k6-s-reeval-white-red-grey-helmet
agv-k6-s-white-helmet,agv-k6-s-white-helmet,AGV K6 S White Helmet,AGV K6 S White Helmet,agv-k6-s-white-helmet,"All the technology developed for professional MotoGP™ riders, in a helmet that’s ideal for every road use. Available in multiple sizes and/or colours — select your variant.","<p><span>All the technology developed for professional MotoGP™ riders, in a helmet that’s ideal for every road use.</span><br><br><span>K6 S is the essence of versatility, developed for maximum performance. </span><strong>Suitable for every type of riding</strong><span> and all road surfaces, it incorporates the best characteristics from the </span><strong>sport and touring worlds</strong><span> and is ideal for taking on any two-wheeled challenge, from leaning into the turns on winding roads to long-range trips, by way of everyday city rides.</span><br><br><span>Its </span><strong>carbon and aramid</strong><span> fiber shell ensures the very best protective performance in its category and makes it </span><strong>the lightest full-face road helmet in the world.</strong><span> Due to the stringent AGV Extreme Safety design protocol, K6 S passes all the tests required by the strict </span><strong>ECE22.06</strong><span> </span><strong>standard by a large margin, making the helmet<span> </span></strong><span>36% safer than the levels required by the latest road homologations.</span><br><br><span>The aerodynamic shapes developed in the wind tunnel are optimized for ideal air penetration </span><strong>in any riding position</strong><span>, making this solution perfect for riders who want the freedom to select their own riding styles, without compromise. The</span><strong><span> </span>aerodynamic spoiler</strong><span> evolves to split the air and limit buffeting at cruising speeds. The superior comfort eliminate distractions and lets you focus only on the road and obstacles, throughout the journey.</span><br><br><span>The </span><strong>premium interiors</strong><span> are waterproof and ventilated. They are designed so riders can cover endless miles in total comfort with only the road ahead to focus on. The innovative </span><strong>air vents on the forehead</strong><span> and </span><strong>chinguard</strong><span> are designed for easy adjustment </span><strong>even when wearing gloves</strong><span>, which means the rider always has the right amount of ventilation. The large, comfortable interior of the chinguard is designed to take advantage of maximum ventilation with vents open.</span></p>
<div class=""accordion-item"">
<div id=""productmaterial"" class=""accordion-collapse collapse show"" data-bs-parent=""#productmaterial"">
<div class=""pb-3"">
<p class=""mb-1"">Composite Fibre</p>
<div class=""accordion-item"">
<div id=""ACCESSORIES_INCLUDED"" class=""accordion-collapse collapse show"" data-bs-parent=""#ACCESSORIES_INCLUDED"">
<div class=""pb-3"">
<p class=""mb-1"">Wind protector</p>
<p class=""mb-1"">Integrated spoiler</p>
<p class=""mb-1"">Optimized for all riding positions</p>
<p class=""mb-1"">Shell shape designed to reduce turbulence</p>
<p class=""mb-1"">Cheek pads safety release system</p>
<p class=""mb-1"">Cheek pads: Ritmo fabric to facilitate putting on/taking off the helmet, with cheekbone area in Shalimar fabric to ensure stability at high speed</p>
<p class=""mb-1"">Crown pad: Shalimar fabric for a soft and gentle touch</p>
<p class=""mb-1"">DrySpeed: instant sweat absorption</p>
<p class=""mb-1"">Embracing neck roll profile</p>
<p class=""mb-1"">Fit especially designed to allow wearing glasses</p>
<p class=""mb-1"">Microsense: premium skin comfort</p>
<p class=""mb-1"">Neck roll: Ritmo fabric and synthetic leather with high abrasion resistance and water-resistant properties</p>
<p class=""mb-1"">Reflective inserts</p>
<p class=""mb-1"">Removable and washable interiors</p>
<p class=""mb-1"">Removable nose guard</p>
<div class=""accordion-item"">
<div id=""RETENTION_SYSTEM"" class=""accordion-collapse collapse show"" data-bs-parent=""#RETENTION_SYSTEM"">
<div class=""pb-3"">
<p class=""mb-1"">Double D</p>
<p class=""mb-1"">4 shell sizes</p>
<p class=""mb-1"">5-density EPS developed in 4 sizes</p>
<p class=""mb-1"">Carbon-Aramid fiber</p>
<p class=""mb-1"">Collarbone safe profile</p>
<p class=""mb-1"">1 wide rear extractor</p>
<p class=""mb-1"">5 front vents</p>
<p class=""mb-1"">Adjustable air vents</p>
<p class=""mb-1"">190° horizontal field of view</p>
<p class=""mb-1"">85° vertical field of view</p>
<p class=""mb-1"">Anti-scratch</p>
<p class=""mb-1"">Metal visor mechanism</p>
<p class=""mb-1"">Micro-opening system</p>
<p class=""mb-1"">Multistep visor mechanism</p>
<p class=""mb-1"">Optic class 1</p>
<p class=""mb-1"">Patented Extra Quick Release System</p>
<p class=""mb-1"">Patented visor lock system</p>
<p class=""mb-1"">Pinlock® 120XLT™ MaxVision™ Included</p>
<div class=""accordion"" id=""accordion-MaterialCare"">
<div class=""accordion-item"">
<div id=""WEIGHT"" class=""accordion-collapse collapse show"" data-bs-parent=""#WEIGHT"">
<div class=""pb-3"">
<p class=""mb-1"">1.290 g in first shell size</p>
</div>
</div>
</div>
</div>
</div>
</div>
</div>
</div>
</div>
</div>
</div>
</div>
</div>
<div class=""accordion-item""><br></div>
<p> </p>","All the technology developed for professional MotoGP™ riders, in a helmet that’s ideal for every road use.

K6 S is the essence of versatility, developed for maximum performance. Suitable for every type of riding and all road surfaces, it incorporates the best characteristics from the sport and touring worlds and is ideal for taking on any two-wheeled challenge, from leaning into the turns on winding roads to long-range trips, by way of everyday city rides.

Its carbon and aramid fiber shell ensures the very best protective performance in its category and makes it the lightest full-face road helmet in the world. Due to the stringent AGV Extreme Safety design protocol, K6 S passes all the tests required by the strict ECE22.06 standard by a large margin, making the helmet 36% safer than the levels required by the latest road homologations.

The aerodynamic shapes developed in the wind tunnel are optimized for ideal air penetration in any riding position, making this solution perfect for riders who want the freedom to select their own riding styles, without compromise. The aerodynamic spoiler evolves to split the air and limit buffeting at cruising speeds. The superior comfort eliminate distractions and lets you focus only on the road and obstacles, throughout the journey.

The premium interiors are waterproof and ventilated. They are designed so riders can cover endless miles in total comfort with only the road ahead to focus on. The innovative air vents on the forehead and chinguard are designed for easy adjustment even when wearing gloves, which means the rider always has the right amount of ventilation. The large, comfortable interior of the chinguard is designed to take advantage of maximum ventilation with vents open.

Composite Fibre

Wind protector

Integrated spoiler

Optimized for all riding positions

Shell shape designed to reduce turbulence

Cheek pads safety release system

Cheek pads: Ritmo fabric to facilitate putting on/taking off the helmet, with cheekbone area in Shalimar fabric to ensure stability at high speed

Crown pad: Shalimar fabric for a soft and gentle touch

DrySpeed: instant sweat absorption

Embracing neck roll profile

Fit especially designed to allow wearing glasses

Microsense: premium skin comfort

Neck roll: Ritmo fabric and synthetic leather with high abrasion resistance and water-resistant properties

Reflective inserts

Removable and washable interiors

Removable nose guard

Double D

4 shell sizes

5-density EPS developed in 4 sizes

Carbon-Aramid fiber

Collarbone safe profile

1 wide rear extractor

5 front vents

Adjustable air vents

190° horizontal field of view

85° vertical field of view

Anti-scratch

Metal visor mechanism

Micro-opening system

Multistep visor mechanism

Optic class 1

Patented Extra Quick Release System

Patented visor lock system

Pinlock® 120XLT™ MaxVision™ Included

1.290 g in first shell size",100000,,2026-07-26,active,AGV,5000,g,Buy AGV K6 S White Helmet | Mile 27 Store,"All the technology developed for professional MotoGP™ riders, in a helmet that’s ideal for every road use.",,Cleaned noise; brand verified,High,false,Helmets,High,"Mapped from Shopify Type ""Helmets""",agv-k6-s-white-helmet-1|Size:XS|price:100000.00|compare:|weight:5000|barcode:|qty:0 | agv-k6-s-white-helmet-2|Size:S|price:100000.00|compare:|weight:5000|barcode:|qty:0 | agv-k6-s-white-helmet-3|Size:M|price:100000.00|compare:|weight:5000|barcode:|qty:0 | agv-k6-s-white-helmet-4|Size:L|price:100000.00|compare:|weight:5000|barcode:|qty:0 | agv-k6-s-white-helmet-5|Size:XL|price:100000.00|compare:|weight:5000|barcode:|qty:0 | agv-k6-s-white-helmet-6|Size:XXL|price:100000.00|compare:|weight:5000|barcode:|qty:0,"agv-k6-s-white-helmet-1,agv-k6-s-white-helmet-2,agv-k6-s-white-helmet-3,agv-k6-s-white-helmet-4,agv-k6-s-white-helmet-5,agv-k6-s-white-helmet-6",6,https://cdn.shopify.com/s/files/1/0076/8301/4754/files/2118395002_010_1.webp?v=1761560565|pos:1|alt:AGV AGV K6 S White Helmet – front view || https://cdn.shopify.com/s/files/1/0076/8301/4754/files/2118395002_010_2.webp?v=1761560565|pos:2|alt:AGV AGV K6 S White Helmet – side view || https://cdn.shopify.com/s/files/1/0076/8301/4754/files/2118395002_010_5.webp?v=1761560565|pos:3|alt:AGV AGV K6 S White Helmet – rear view || https://cdn.shopify.com/s/files/1/0076/8301/4754/files/2118395002_010_4.webp?v=1761560566|pos:4|alt:AGV AGV K6 S White Helmet – detail view || https://cdn.shopify.com/s/files/1/0076/8301/4754/files/2118395002_010_3.webp?v=1761560566|pos:5|alt:AGV AGV K6 S White Helmet – top view || https://cdn.shopify.com/s/files/1/0076/8301/4754/files/2118395002_010_7.webp?v=1761560565|pos:6|alt:AGV AGV K6 S White Helmet – product view,6,AGV AGV K6 S White Helmet – front view | AGV AGV K6 S White Helmet – side view | AGV AGV K6 S White Helmet – rear view | AGV AGV K6 S White Helmet – detail view | AGV AGV K6 S White Helmet – top view | AGV AGV K6 S White Helmet – product view,,0,,,,,,,,,false,not_eligible,,0,false,/products/agv-k6-s-white-helmet,/products/agv-k6-s-white-helmet
agv-k6-s-nardo-grey-helmet,agv-k6-s-nardo-grey-helmet,AGV K6 S Nardo Grey Helmet,AGV K6 S Nardo Grey Helmet,agv-k6-s-nardo-grey-helmet,"All the technology developed for professional MotoGP™ riders, in a helmet that’s ideal for every road use. Available in multiple sizes and/or colours — select your variant.","<p><span>All the technology developed for professional MotoGP™ riders, in a helmet that’s ideal for every road use.</span><br><br><span>K6 S is the essence of versatility, developed for maximum performance. </span><strong>Suitable for every type of riding</strong><span> and all road surfaces, it incorporates the best characteristics from the </span><strong>sport and touring worlds</strong><span> and is ideal for taking on any two-wheeled challenge, from leaning into the turns on winding roads to long-range trips, by way of everyday city rides.</span><br><br><span>Its </span><strong>carbon and aramid</strong><span> fiber shell ensures the very best protective performance in its category and makes it </span><strong>the lightest full-face road helmet in the world.</strong><span> Due to the stringent AGV Extreme Safety design protocol, K6 S passes all the tests required by the strict </span><strong>ECE22.06</strong><span> </span><strong>standard by a large margin, making the helmet<span> </span></strong><span>36% safer than the levels required by the latest road homologations.</span><br><br><span>The aerodynamic shapes developed in the wind tunnel are optimized for ideal air penetration </span><strong>in any riding position</strong><span>, making this solution perfect for riders who want the freedom to select their own riding styles, without compromise. The</span><strong><span> </span>aerodynamic spoiler</strong><span> evolves to split the air and limit buffeting at cruising speeds. The superior comfort eliminate distractions and lets you focus only on the road and obstacles, throughout the journey.</span><br><br><span>The </span><strong>premium interiors</strong><span> are waterproof and ventilated. They are designed so riders can cover endless miles in total comfort with only the road ahead to focus on. The innovative </span><strong>air vents on the forehead</strong><span> and </span><strong>chinguard</strong><span> are designed for easy adjustment </span><strong>even when wearing gloves</strong><span>, which means the rider always has the right amount of ventilation. The large, comfortable interior of the chinguard is designed to take advantage of maximum ventilation with vents open.</span></p>
<div class=""accordion-item"">
<div id=""productmaterial"" class=""accordion-collapse collapse show"" data-bs-parent=""#productmaterial"">
<div class=""pb-3"">
<p class=""mb-1"">Composite Fibre</p>
<div class=""accordion-item"">
<div id=""ACCESSORIES_INCLUDED"" class=""accordion-collapse collapse show"" data-bs-parent=""#ACCESSORIES_INCLUDED"">
<div class=""pb-3"">
<p class=""mb-1"">Wind protector</p>
<p class=""mb-1"">Integrated spoiler</p>
<p class=""mb-1"">Optimized for all riding positions</p>
<p class=""mb-1"">Shell shape designed to reduce turbulence</p>
<p class=""mb-1"">Cheek pads safety release system</p>
<p class=""mb-1"">Cheek pads: Ritmo fabric to facilitate putting on/taking off the helmet, with cheekbone area in Shalimar fabric to ensure stability at high speed</p>
<p class=""mb-1"">Crown pad: Shalimar fabric for a soft and gentle touch</p>
<p class=""mb-1"">DrySpeed: instant sweat absorption</p>
<p class=""mb-1"">Embracing neck roll profile</p>
<p class=""mb-1"">Fit especially designed to allow wearing glasses</p>
<p class=""mb-1"">Microsense: premium skin comfort</p>
<p class=""mb-1"">Neck roll: Ritmo fabric and synthetic leather with high abrasion resistance and water-resistant properties</p>
<p class=""mb-1"">Reflective inserts</p>
<p class=""mb-1"">Removable and washable interiors</p>
<p class=""mb-1"">Removable nose guard</p>
<div class=""accordion-item"">
<div id=""RETENTION_SYSTEM"" class=""accordion-collapse collapse show"" data-bs-parent=""#RETENTION_SYSTEM"">
<div class=""pb-3"">
<p class=""mb-1"">Double D</p>
<p class=""mb-1"">4 shell sizes</p>
<p class=""mb-1"">5-density EPS developed in 4 sizes</p>
<p class=""mb-1"">Carbon-Aramid fiber</p>
<p class=""mb-1"">Collarbone safe profile</p>
<p class=""mb-1"">1 wide rear extractor</p>
<p class=""mb-1"">5 front vents</p>
<p class=""mb-1"">Adjustable air vents</p>
<p class=""mb-1"">190° horizontal field of view</p>
<p class=""mb-1"">85° vertical field of view</p>
<p class=""mb-1"">Anti-scratch</p>
<p class=""mb-1"">Metal visor mechanism</p>
<p class=""mb-1"">Micro-opening system</p>
<p class=""mb-1"">Multistep visor mechanism</p>
<p class=""mb-1"">Optic class 1</p>
<p class=""mb-1"">Patented Extra Quick Release System</p>
<p class=""mb-1"">Patented visor lock system</p>
<p class=""mb-1"">Pinlock® 120XLT™ MaxVision™ Included</p>
<div class=""accordion"" id=""accordion-MaterialCare"">
<div class=""accordion-item"">
<div id=""WEIGHT"" class=""accordion-collapse collapse show"" data-bs-parent=""#WEIGHT"">
<div class=""pb-3"">
<p class=""mb-1"">1.290 g in first shell size</p>
</div>
</div>
</div>
</div>
</div>
</div>
</div>
</div>
</div>
</div>
</div>
</div>
</div>","All the technology developed for professional MotoGP™ riders, in a helmet that’s ideal for every road use.

K6 S is the essence of versatility, developed for maximum performance. Suitable for every type of riding and all road surfaces, it incorporates the best characteristics from the sport and touring worlds and is ideal for taking on any two-wheeled challenge, from leaning into the turns on winding roads to long-range trips, by way of everyday city rides.

Its carbon and aramid fiber shell ensures the very best protective performance in its category and makes it the lightest full-face road helmet in the world. Due to the stringent AGV Extreme Safety design protocol, K6 S passes all the tests required by the strict ECE22.06 standard by a large margin, making the helmet 36% safer than the levels required by the latest road homologations.

The aerodynamic shapes developed in the wind tunnel are optimized for ideal air penetration in any riding position, making this solution perfect for riders who want the freedom to select their own riding styles, without compromise. The aerodynamic spoiler evolves to split the air and limit buffeting at cruising speeds. The superior comfort eliminate distractions and lets you focus only on the road and obstacles, throughout the journey.

The premium interiors are waterproof and ventilated. They are designed so riders can cover endless miles in total comfort with only the road ahead to focus on. The innovative air vents on the forehead and chinguard are designed for easy adjustment even when wearing gloves, which means the rider always has the right amount of ventilation. The large, comfortable interior of the chinguard is designed to take advantage of maximum ventilation with vents open.

Composite Fibre

Wind protector

Integrated spoiler

Optimized for all riding positions

Shell shape designed to reduce turbulence

Cheek pads safety release system

Cheek pads: Ritmo fabric to facilitate putting on/taking off the helmet, with cheekbone area in Shalimar fabric to ensure stability at high speed

Crown pad: Shalimar fabric for a soft and gentle touch

DrySpeed: instant sweat absorption

Embracing neck roll profile

Fit especially designed to allow wearing glasses

Microsense: premium skin comfort

Neck roll: Ritmo fabric and synthetic leather with high abrasion resistance and water-resistant properties

Reflective inserts

Removable and washable interiors

Removable nose guard

Double D

4 shell sizes

5-density EPS developed in 4 sizes

Carbon-Aramid fiber

Collarbone safe profile

1 wide rear extractor

5 front vents

Adjustable air vents

190° horizontal field of view

85° vertical field of view

Anti-scratch

Metal visor mechanism

Micro-opening system

Multistep visor mechanism

Optic class 1

Patented Extra Quick Release System

Patented visor lock system

Pinlock® 120XLT™ MaxVision™ Included

1.290 g in first shell size",100000,,2026-07-26,active,AGV,5000,g,Buy AGV K6 S Nardo Grey Helmet | Mile 27 Store,"All the technology developed for professional MotoGP™ riders, in a helmet that’s ideal for every road use.",,Cleaned noise; brand verified,High,false,Helmets,High,"Mapped from Shopify Type ""Helmets""",agv-k6-s-nardo-grey-helmet-1|Size:XS|price:100000.00|compare:|weight:5000|barcode:|qty:0 | agv-k6-s-nardo-grey-helmet-2|Size:S|price:100000.00|compare:|weight:5000|barcode:|qty:0 | agv-k6-s-nardo-grey-helmet-3|Size:M|price:100000.00|compare:|weight:5000|barcode:|qty:0 | agv-k6-s-nardo-grey-helmet-4|Size:L|price:100000.00|compare:|weight:5000|barcode:|qty:0 | agv-k6-s-nardo-grey-helmet-5|Size:XL|price:100000.00|compare:|weight:5000|barcode:|qty:0 | agv-k6-s-nardo-grey-helmet-6|Size:XXL|price:100000.00|compare:|weight:5000|barcode:|qty:0,"agv-k6-s-nardo-grey-helmet-1,agv-k6-s-nardo-grey-helmet-2,agv-k6-s-nardo-grey-helmet-3,agv-k6-s-nardo-grey-helmet-4,agv-k6-s-nardo-grey-helmet-5,agv-k6-s-nardo-grey-helmet-6",6,https://cdn.shopify.com/s/files/1/0076/8301/4754/files/2118395002_012_1.webp?v=1761559785|pos:1|alt:AGV AGV K6 S Nardo Grey Helmet – front view || https://cdn.shopify.com/s/files/1/0076/8301/4754/files/2118395002_012_2.webp?v=1761559786|pos:2|alt:AGV AGV K6 S Nardo Grey Helmet – side view || https://cdn.shopify.com/s/files/1/0076/8301/4754/files/2118395002_012_5.webp?v=1761559785|pos:3|alt:AGV AGV K6 S Nardo Grey Helmet – rear view || https://cdn.shopify.com/s/files/1/0076/8301/4754/files/2118395002_012_4.webp?v=1761559785|pos:4|alt:AGV AGV K6 S Nardo Grey Helmet – detail view || https://cdn.shopify.com/s/files/1/0076/8301/4754/files/2118395002_012_3.webp?v=1761559785|pos:5|alt:AGV AGV K6 S Nardo Grey Helmet – top view || https://cdn.shopify.com/s/files/1/0076/8301/4754/files/2118395002_012_7.webp?v=1761559786|pos:6|alt:AGV AGV K6 S Nardo Grey Helmet – product view,6,AGV AGV K6 S Nardo Grey Helmet – front view | AGV AGV K6 S Nardo Grey Helmet – side view | AGV AGV K6 S Nardo Grey Helmet – rear view | AGV AGV K6 S Nardo Grey Helmet – detail view | AGV AGV K6 S Nardo Grey Helmet – top view | AGV AGV K6 S Nardo Grey Helmet – product view,,0,,,,,,,,,false,not_eligible,,0,false,/products/agv-k6-s-nardo-grey-helmet,/products/agv-k6-s-nardo-grey-helmet
agv-k6-s-matt-black-helmet,agv-k6-s-matt-black-helmet,AGV K6 S Matt Black Helmet,AGV K6 S Matt Black Helmet,agv-k6-s-matt-black-helmet,"All the technology developed for professional MotoGP™ riders, in a helmet that’s ideal for every road use. Available in multiple sizes and/or colours — select your variant.","<p><span>All the technology developed for professional MotoGP™ riders, in a helmet that’s ideal for every road use.</span><br><br><span>K6 S is the essence of versatility, developed for maximum performance. </span><strong>Suitable for every type of riding</strong><span> and all road surfaces, it incorporates the best characteristics from the </span><strong>sport and touring worlds</strong><span> and is ideal for taking on any two-wheeled challenge, from leaning into the turns on winding roads to long-range trips, by way of everyday city rides.</span><br><br><span>Its </span><strong>carbon and aramid</strong><span> fiber shell ensures the very best protective performance in its category and makes it </span><strong>the lightest full-face road helmet in the world.</strong><span> Due to the stringent AGV Extreme Safety design protocol, K6 S passes all the tests required by the strict </span><strong>ECE22.06</strong><span> </span><strong>standard by a large margin, making the helmet<span> </span></strong><span>36% safer than the levels required by the latest road homologations.</span><br><br><span>The aerodynamic shapes developed in the wind tunnel are optimized for ideal air penetration </span><strong>in any riding position</strong><span>, making this solution perfect for riders who want the freedom to select their own riding styles, without compromise. The</span><strong><span> </span>aerodynamic spoiler</strong><span> evolves to split the air and limit buffeting at cruising speeds. The superior comfort eliminate distractions and lets you focus only on the road and obstacles, throughout the journey.</span><br><br><span>The </span><strong>premium interiors</strong><span> are waterproof and ventilated. They are designed so riders can cover endless miles in total comfort with only the road ahead to focus on. The innovative </span><strong>air vents on the forehead</strong><span> and </span><strong>chinguard</strong><span> are designed for easy adjustment </span><strong>even when wearing gloves</strong><span>, which means the rider always has the right amount of ventilation. The large, comfortable interior of the chinguard is designed to take advantage of maximum ventilation with vents open.</span></p>
<div class=""accordion-item"">
<div id=""productmaterial"" class=""accordion-collapse collapse show"" data-bs-parent=""#productmaterial"">
<div class=""pb-3"">
<p class=""mb-1"">Composite Fibre</p>
<div class=""accordion-item"">
<div id=""ACCESSORIES_INCLUDED"" class=""accordion-collapse collapse show"" data-bs-parent=""#ACCESSORIES_INCLUDED"">
<div class=""pb-3"">
<p class=""mb-1"">Wind protector</p>
<p class=""mb-1"">Integrated spoiler</p>
<p class=""mb-1"">Optimized for all riding positions</p>
<p class=""mb-1"">Shell shape designed to reduce turbulence</p>
<p class=""mb-1"">Cheek pads safety release system</p>
<p class=""mb-1"">Cheek pads: Ritmo fabric to facilitate putting on/taking off the helmet, with cheekbone area in Shalimar fabric to ensure stability at high speed</p>
<p class=""mb-1"">Crown pad: Shalimar fabric for a soft and gentle touch</p>
<p class=""mb-1"">DrySpeed: instant sweat absorption</p>
<p class=""mb-1"">Embracing neck roll profile</p>
<p class=""mb-1"">Fit especially designed to allow wearing glasses</p>
<p class=""mb-1"">Microsense: premium skin comfort</p>
<p class=""mb-1"">Neck roll: Ritmo fabric and synthetic leather with high abrasion resistance and water-resistant properties</p>
<p class=""mb-1"">Reflective inserts</p>
<p class=""mb-1"">Removable and washable interiors</p>
<p class=""mb-1"">Removable nose guard</p>
<div class=""accordion-item"">
<div id=""RETENTION_SYSTEM"" class=""accordion-collapse collapse show"" data-bs-parent=""#RETENTION_SYSTEM"">
<div class=""pb-3"">
<p class=""mb-1"">Double D</p>
<p class=""mb-1"">4 shell sizes</p>
<p class=""mb-1"">5-density EPS developed in 4 sizes</p>
<p class=""mb-1"">Carbon-Aramid fiber</p>
<p class=""mb-1"">Collarbone safe profile</p>
<p class=""mb-1"">1 wide rear extractor</p>
<p class=""mb-1"">5 front vents</p>
<p class=""mb-1"">Adjustable air vents</p>
<p class=""mb-1"">190° horizontal field of view</p>
<p class=""mb-1"">85° vertical field of view</p>
<p class=""mb-1"">Anti-scratch</p>
<p class=""mb-1"">Metal visor mechanism</p>
<p class=""mb-1"">Micro-opening system</p>
<p class=""mb-1"">Multistep visor mechanism</p>
<p class=""mb-1"">Optic class 1</p>
<p class=""mb-1"">Patented Extra Quick Release System</p>
<p class=""mb-1"">Patented visor lock system</p>
<p class=""mb-1"">Pinlock® 120XLT™ MaxVision™ Included</p>
<div class=""accordion"" id=""accordion-MaterialCare"">
<div class=""accordion-item"">
<div id=""WEIGHT"" class=""accordion-collapse collapse show"" data-bs-parent=""#WEIGHT"">
<div class=""pb-3"">
<p class=""mb-1"">1.290 g in first shell size</p>
</div>
</div>
</div>
</div>
</div>
</div>
</div>
</div>
</div>
</div>
</div>
</div>
</div>","All the technology developed for professional MotoGP™ riders, in a helmet that’s ideal for every road use.

K6 S is the essence of versatility, developed for maximum performance. Suitable for every type of riding and all road surfaces, it incorporates the best characteristics from the sport and touring worlds and is ideal for taking on any two-wheeled challenge, from leaning into the turns on winding roads to long-range trips, by way of everyday city rides.

Its carbon and aramid fiber shell ensures the very best protective performance in its category and makes it the lightest full-face road helmet in the world. Due to the stringent AGV Extreme Safety design protocol, K6 S passes all the tests required by the strict ECE22.06 standard by a large margin, making the helmet 36% safer than the levels required by the latest road homologations.

The aerodynamic shapes developed in the wind tunnel are optimized for ideal air penetration in any riding position, making this solution perfect for riders who want the freedom to select their own riding styles, without compromise. The aerodynamic spoiler evolves to split the air and limit buffeting at cruising speeds. The superior comfort eliminate distractions and lets you focus only on the road and obstacles, throughout the journey.

The premium interiors are waterproof and ventilated. They are designed so riders can cover endless miles in total comfort with only the road ahead to focus on. The innovative air vents on the forehead and chinguard are designed for easy adjustment even when wearing gloves, which means the rider always has the right amount of ventilation. The large, comfortable interior of the chinguard is designed to take advantage of maximum ventilation with vents open.

Composite Fibre

Wind protector

Integrated spoiler

Optimized for all riding positions

Shell shape designed to reduce turbulence

Cheek pads safety release system

Cheek pads: Ritmo fabric to facilitate putting on/taking off the helmet, with cheekbone area in Shalimar fabric to ensure stability at high speed

Crown pad: Shalimar fabric for a soft and gentle touch

DrySpeed: instant sweat absorption

Embracing neck roll profile

Fit especially designed to allow wearing glasses

Microsense: premium skin comfort

Neck roll: Ritmo fabric and synthetic leather with high abrasion resistance and water-resistant properties

Reflective inserts

Removable and washable interiors

Removable nose guard

Double D

4 shell sizes

5-density EPS developed in 4 sizes

Carbon-Aramid fiber

Collarbone safe profile

1 wide rear extractor

5 front vents

Adjustable air vents

190° horizontal field of view

85° vertical field of view

Anti-scratch

Metal visor mechanism

Micro-opening system

Multistep visor mechanism

Optic class 1

Patented Extra Quick Release System

Patented visor lock system

Pinlock® 120XLT™ MaxVision™ Included

1.290 g in first shell size",100000,,2026-07-26,active,AGV,5000,g,Buy AGV K6 S Matt Black Helmet | Mile 27 Store,"All the technology developed for professional MotoGP™ riders, in a helmet that’s ideal for every road use.",,Cleaned noise; brand verified,High,false,Helmets,High,"Mapped from Shopify Type ""Helmets""",agv-k6-s-matt-black-helmet-1|Size:XS|price:100000.00|compare:|weight:5000|barcode:|qty:0 | agv-k6-s-matt-black-helmet-2|Size:S|price:100000.00|compare:|weight:5000|barcode:|qty:0 | agv-k6-s-matt-black-helmet-3|Size:M|price:100000.00|compare:|weight:5000|barcode:|qty:0 | agv-k6-s-matt-black-helmet-4|Size:L|price:100000.00|compare:|weight:5000|barcode:|qty:0 | agv-k6-s-matt-black-helmet-5|Size:XL|price:100000.00|compare:|weight:5000|barcode:|qty:0 | agv-k6-s-matt-black-helmet-6|Size:XXL|price:100000.00|compare:|weight:5000|barcode:|qty:0,"agv-k6-s-matt-black-helmet-1,agv-k6-s-matt-black-helmet-2,agv-k6-s-matt-black-helmet-3,agv-k6-s-matt-black-helmet-4,agv-k6-s-matt-black-helmet-5,agv-k6-s-matt-black-helmet-6",6,https://cdn.shopify.com/s/files/1/0076/8301/4754/files/2118395002_011_1.webp?v=1761559481|pos:1|alt:AGV AGV K6 S Matt Black Helmet – front view || https://cdn.shopify.com/s/files/1/0076/8301/4754/files/2118395002_011_2.webp?v=1761559481|pos:2|alt:AGV AGV K6 S Matt Black Helmet – side view || https://cdn.shopify.com/s/files/1/0076/8301/4754/files/2118395002_011_5.webp?v=1761559481|pos:3|alt:AGV AGV K6 S Matt Black Helmet – rear view || https://cdn.shopify.com/s/files/1/0076/8301/4754/files/2118395002_011_3.webp?v=1761559481|pos:4|alt:AGV AGV K6 S Matt Black Helmet – detail view || https://cdn.shopify.com/s/files/1/0076/8301/4754/files/2118395002_011_4.webp?v=1761559481|pos:5|alt:AGV AGV K6 S Matt Black Helmet – top view || https://cdn.shopify.com/s/files/1/0076/8301/4754/files/2118395002_011_7.webp?v=1761559481|pos:6|alt:AGV AGV K6 S Matt Black Helmet – product view,6,AGV AGV K6 S Matt Black Helmet – front view | AGV AGV K6 S Matt Black Helmet – side view | AGV AGV K6 S Matt Black Helmet – rear view | AGV AGV K6 S Matt Black Helmet – detail view | AGV AGV K6 S Matt Black Helmet – top view | AGV AGV K6 S Matt Black Helmet – product view,,0,,,,,,,,,false,not_eligible,,0,false,/products/agv-k6-s-matt-black-helmet,/products/agv-k6-s-matt-black-helmet
agv-k6-s-karve-matt-black-white-red-helmet,agv-k6-s-karve-matt-black-white-red-helmet,AGV K6 S Karve Matt Black/White/Red Helmet,AGV K6 S Karve Matt Black/White/Red Helmet,agv-k6-s-karve-matt-black-white-red-helmet,Optimized for all riding positions Available in multiple sizes and/or colours — select your variant.,"<div class=""accordion-item"">
<div id=""productmaterial"" class=""accordion-collapse collapse show"" data-bs-parent=""#productmaterial"">
<div class=""pb-3"">
<p class=""mb-1"">Composite Fibre</p>
<div class=""accordion-item"">
<div id=""ACCESSORIES_INCLUDED"" class=""accordion-collapse collapse show"" data-bs-parent=""#ACCESSORIES_INCLUDED"">
<div class=""pb-3"">
<p class=""mb-1"">Wind protector</p>
<p class=""mb-1"">Integrated spoiler</p>
<p class=""mb-1"">Optimized for all riding positions</p>
<p class=""mb-1"">Shell shape designed to reduce turbulence</p>
<p class=""mb-1"">Cheek pads safety release system</p>
<p class=""mb-1"">Cheek pads: Ritmo fabric to facilitate putting on/taking off the helmet, with cheekbone area in Shalimar fabric to ensure stability at high speed</p>
<p class=""mb-1"">Crown pad: Shalimar fabric for a soft and gentle touch</p>
<p class=""mb-1"">DrySpeed: instant sweat absorption</p>
<p class=""mb-1"">Embracing neck roll profile</p>
<p class=""mb-1"">Fit especially designed to allow wearing glasses</p>
<p class=""mb-1"">Microsense: premium skin comfort</p>
<p class=""mb-1"">Neck roll: Ritmo fabric and synthetic leather with high abrasion resistance and water-resistant properties</p>
<p class=""mb-1"">Reflective inserts</p>
<p class=""mb-1"">Removable and washable interiors</p>
<p class=""mb-1"">Removable nose guard</p>
<div class=""accordion-item"">
<div id=""RETENTION_SYSTEM"" class=""accordion-collapse collapse show"" data-bs-parent=""#RETENTION_SYSTEM"">
<div class=""pb-3"">
<p class=""mb-1"">Double D</p>
<p class=""mb-1"">4 shell sizes</p>
<p class=""mb-1"">5-density EPS developed in 4 sizes</p>
<p class=""mb-1"">Carbon-Aramid fiber</p>
<p class=""mb-1"">Collarbone safe profile</p>
<p class=""mb-1"">1 wide rear extractor</p>
<p class=""mb-1"">5 front vents</p>
<p class=""mb-1"">Adjustable air vents</p>
<p class=""mb-1"">190° horizontal field of view</p>
<p class=""mb-1"">85° vertical field of view</p>
<p class=""mb-1"">Anti-scratch</p>
<p class=""mb-1"">Metal visor mechanism</p>
<p class=""mb-1"">Micro-opening system</p>
<p class=""mb-1"">Multistep visor mechanism</p>
<p class=""mb-1"">Optic class 1</p>
<p class=""mb-1"">Patented Extra Quick Release System</p>
<p class=""mb-1"">Patented visor lock system</p>
<p class=""mb-1"">Pinlock® 120XLT™ MaxVision™ Included</p>
<div class=""accordion"" id=""accordion-MaterialCare"">
<div class=""accordion-item"">
<div id=""WEIGHT"" class=""accordion-collapse collapse show"" data-bs-parent=""#WEIGHT"">
<div class=""pb-3"">
<p class=""mb-1"">1.290 g in first shell size</p>
</div>
</div>
</div>
</div>
</div>
</div>
</div>
</div>
</div>
</div>
</div>
</div>
</div>","Composite Fibre

Wind protector

Integrated spoiler

Optimized for all riding positions

Shell shape designed to reduce turbulence

Cheek pads safety release system

Cheek pads: Ritmo fabric to facilitate putting on/taking off the helmet, with cheekbone area in Shalimar fabric to ensure stability at high speed

Crown pad: Shalimar fabric for a soft and gentle touch

DrySpeed: instant sweat absorption

Embracing neck roll profile

Fit especially designed to allow wearing glasses

Microsense: premium skin comfort

Neck roll: Ritmo fabric and synthetic leather with high abrasion resistance and water-resistant properties

Reflective inserts

Removable and washable interiors

Removable nose guard

Double D

4 shell sizes

5-density EPS developed in 4 sizes

Carbon-Aramid fiber

Collarbone safe profile

1 wide rear extractor

5 front vents

Adjustable air vents

190° horizontal field of view

85° vertical field of view

Anti-scratch

Metal visor mechanism

Micro-opening system

Multistep visor mechanism

Optic class 1

Patented Extra Quick Release System

Patented visor lock system

Pinlock® 120XLT™ MaxVision™ Included

1.290 g in first shell size",117000,,2026-07-26,active,AGV,5000,g,Buy AGV K6 S Karve Matt Black/White/Red Helmet | Mile 27 Store,Optimized for all riding positions,,Cleaned noise; brand verified,High,false,Helmets,High,"Mapped from Shopify Type ""Helmets""",agv-k6-s-karve-matt-black-white-red-helmet-1|Size:XS|price:117000.00|compare:|weight:5000|barcode:|qty:0 | agv-k6-s-karve-matt-black-white-red-helmet-2|Size:S|price:117000.00|compare:|weight:5000|barcode:|qty:0 | agv-k6-s-karve-matt-black-white-red-helmet-3|Size:M|price:117000.00|compare:|weight:5000|barcode:|qty:0 | agv-k6-s-karve-matt-black-white-red-helmet-4|Size:L|price:117000.00|compare:|weight:5000|barcode:|qty:0 | agv-k6-s-karve-matt-black-white-red-helmet-5|Size:XL|price:117000.00|compare:|weight:5000|barcode:|qty:0 | agv-k6-s-karve-matt-black-white-red-helmet-6|Size:XXL|price:117000.00|compare:|weight:5000|barcode:|qty:0,"agv-k6-s-karve-matt-black-white-red-helmet-1,agv-k6-s-karve-matt-black-white-red-helmet-2,agv-k6-s-karve-matt-black-white-red-helmet-3,agv-k6-s-karve-matt-black-white-red-helmet-4,agv-k6-s-karve-matt-black-white-red-helmet-5,agv-k6-s-karve-matt-black-white-red-helmet-6",6,https://cdn.shopify.com/s/files/1/0076/8301/4754/files/2118395002_025_1.webp?v=1761559202|pos:1|alt:AGV AGV K6 S Karve Matt Black/White/Red Helmet – front view || https://cdn.shopify.com/s/files/1/0076/8301/4754/files/2118395002_025_2.webp?v=1761559203|pos:2|alt:AGV AGV K6 S Karve Matt Black/White/Red Helmet – side view || https://cdn.shopify.com/s/files/1/0076/8301/4754/files/2118395002_025_5.webp?v=1761559203|pos:3|alt:AGV AGV K6 S Karve Matt Black/White/Red Helmet – rear view || https://cdn.shopify.com/s/files/1/0076/8301/4754/files/2118395002_025_4.webp?v=1761559201|pos:4|alt:AGV AGV K6 S Karve Matt Black/White/Red Helmet – detail view || https://cdn.shopify.com/s/files/1/0076/8301/4754/files/2118395002_025_3.webp?v=1761559201|pos:5|alt:AGV AGV K6 S Karve Matt Black/White/Red Helmet – top view || https://cdn.shopify.com/s/files/1/0076/8301/4754/files/2118395002_025_7.webp?v=1761559201|pos:6|alt:AGV AGV K6 S Karve Matt Black/White/Red Helmet – product view,6,AGV AGV K6 S Karve Matt Black/White/Red Helmet – front view | AGV AGV K6 S Karve Matt Black/White/Red Helmet – side view | AGV AGV K6 S Karve Matt Black/White/Red Helmet – rear view | AGV AGV K6 S Karve Matt Black/White/Red Helmet – detail view | AGV AGV K6 S Karve Matt Black/White/Red Helmet – top view | AGV AGV K6 S Karve Matt Black/White/Red Helmet – product view,,0,,,,,,,,,false,not_eligible,,0,false,/products/agv-k6-s-karve-matt-black-white-red-helmet,/products/agv-k6-s-karve-matt-black-white-red-helmet
agv-k6-s-erazer-black-red-yellow-fluo-helmet,agv-k6-s-erazer-black-red-yellow-fluo-helmet,AGV K6 S Erazer Black/Red/Yellow Fluo Helmet,AGV K6 S Erazer Black/Red/Yellow Fluo Helmet,agv-k6-s-erazer-black-red-yellow-fluo-helmet,Optimized for all riding positions Available in multiple sizes and/or colours — select your variant.,"<div class=""accordion-item"">
<div id=""productmaterial"" class=""accordion-collapse collapse show"" data-bs-parent=""#productmaterial"">
<div class=""pb-3"">
<p class=""mb-1"">Composite Fibre</p>
<div class=""accordion-item"">
<div id=""ACCESSORIES_INCLUDED"" class=""accordion-collapse collapse show"" data-bs-parent=""#ACCESSORIES_INCLUDED"">
<div class=""pb-3"">
<p class=""mb-1"">Wind protector</p>
<p class=""mb-1"">Integrated spoiler</p>
<p class=""mb-1"">Optimized for all riding positions</p>
<p class=""mb-1"">Shell shape designed to reduce turbulence</p>
<p class=""mb-1"">Cheek pads safety release system</p>
<p class=""mb-1"">Cheek pads: Ritmo fabric to facilitate putting on/taking off the helmet, with cheekbone area in Shalimar fabric to ensure stability at high speed</p>
<p class=""mb-1"">Crown pad: Shalimar fabric for a soft and gentle touch</p>
<p class=""mb-1"">DrySpeed: instant sweat absorption</p>
<p class=""mb-1"">Embracing neck roll profile</p>
<p class=""mb-1"">Fit especially designed to allow wearing glasses</p>
<p class=""mb-1"">Microsense: premium skin comfort</p>
<p class=""mb-1"">Neck roll: Ritmo fabric and synthetic leather with high abrasion resistance and water-resistant properties</p>
<p class=""mb-1"">Reflective inserts</p>
<p class=""mb-1"">Removable and washable interiors</p>
<p class=""mb-1"">Removable nose guard</p>
<div class=""accordion-item"">
<div id=""RETENTION_SYSTEM"" class=""accordion-collapse collapse show"" data-bs-parent=""#RETENTION_SYSTEM"">
<div class=""pb-3"">
<p class=""mb-1"">Double D</p>
<p class=""mb-1"">4 shell sizes</p>
<p class=""mb-1"">5-density EPS developed in 4 sizes</p>
<p class=""mb-1"">Carbon-Aramid fiber</p>
<p class=""mb-1"">Collarbone safe profile</p>
<p class=""mb-1"">1 wide rear extractor</p>
<p class=""mb-1"">5 front vents</p>
<p class=""mb-1"">Adjustable air vents</p>
<p class=""mb-1"">190° horizontal field of view</p>
<p class=""mb-1"">85° vertical field of view</p>
<p class=""mb-1"">Anti-scratch</p>
<p class=""mb-1"">Metal visor mechanism</p>
<p class=""mb-1"">Micro-opening system</p>
<p class=""mb-1"">Multistep visor mechanism</p>
<p class=""mb-1"">Optic class 1</p>
<p class=""mb-1"">Patented Extra Quick Release System</p>
<p class=""mb-1"">Patented visor lock system</p>
<p class=""mb-1"">Pinlock® 120XLT™ MaxVision™ Included</p>
<div class=""accordion"" id=""accordion-MaterialCare"">
<div class=""accordion-item"">
<div id=""WEIGHT"" class=""accordion-collapse collapse show"" data-bs-parent=""#WEIGHT"">
<div class=""pb-3"">
<p class=""mb-1"">1.290 g in first shell size</p>
</div>
</div>
</div>
</div>
</div>
</div>
</div>
</div>
</div>
</div>
</div>
</div>
</div>","Composite Fibre

Wind protector

Integrated spoiler

Optimized for all riding positions

Shell shape designed to reduce turbulence

Cheek pads safety release system

Cheek pads: Ritmo fabric to facilitate putting on/taking off the helmet, with cheekbone area in Shalimar fabric to ensure stability at high speed

Crown pad: Shalimar fabric for a soft and gentle touch

DrySpeed: instant sweat absorption

Embracing neck roll profile

Fit especially designed to allow wearing glasses

Microsense: premium skin comfort

Neck roll: Ritmo fabric and synthetic leather with high abrasion resistance and water-resistant properties

Reflective inserts

Removable and washable interiors

Removable nose guard

Double D

4 shell sizes

5-density EPS developed in 4 sizes

Carbon-Aramid fiber

Collarbone safe profile

1 wide rear extractor

5 front vents

Adjustable air vents

190° horizontal field of view

85° vertical field of view

Anti-scratch

Metal visor mechanism

Micro-opening system

Multistep visor mechanism

Optic class 1

Patented Extra Quick Release System

Patented visor lock system

Pinlock® 120XLT™ MaxVision™ Included

1.290 g in first shell size",117000,,2026-07-26,active,AGV,5000,g,Buy AGV K6 S Erazer Black/Red/Yellow Fluo Helmet | Mile 27 Store,Optimized for all riding positions,,Cleaned noise; brand verified,High,false,Helmets,High,"Mapped from Shopify Type ""Helmets""",agv-k6-s-erazer-black-red-yellow-fluo-helmet-1|Size:XS|price:117000.00|compare:|weight:5000|barcode:|qty:0 | agv-k6-s-erazer-black-red-yellow-fluo-helmet-2|Size:S|price:117000.00|compare:|weight:5000|barcode:|qty:0 | agv-k6-s-erazer-black-red-yellow-fluo-helmet-3|Size:M|price:117000.00|compare:|weight:5000|barcode:|qty:0 | agv-k6-s-erazer-black-red-yellow-fluo-helmet-4|Size:L|price:117000.00|compare:|weight:5000|barcode:|qty:0 | agv-k6-s-erazer-black-red-yellow-fluo-helmet-5|Size:XL|price:117000.00|compare:|weight:5000|barcode:|qty:0 | agv-k6-s-erazer-black-red-yellow-fluo-helmet-6|Size:XXL|price:117000.00|compare:|weight:5000|barcode:|qty:0,"agv-k6-s-erazer-black-red-yellow-fluo-helmet-1,agv-k6-s-erazer-black-red-yellow-fluo-helmet-2,agv-k6-s-erazer-black-red-yellow-fluo-helmet-3,agv-k6-s-erazer-black-red-yellow-fluo-helmet-4,agv-k6-s-erazer-black-red-yellow-fluo-helmet-5,agv-k6-s-erazer-black-red-yellow-fluo-helmet-6",6,https://cdn.shopify.com/s/files/1/0076/8301/4754/files/2118395002_026_1.webp?v=1761558278|pos:1|alt:AGV AGV K6 S Erazer Black/Red/Yellow Fluo Helmet – front view || https://cdn.shopify.com/s/files/1/0076/8301/4754/files/2118395002_026_2.webp?v=1761558278|pos:2|alt:AGV AGV K6 S Erazer Black/Red/Yellow Fluo Helmet – side view || https://cdn.shopify.com/s/files/1/0076/8301/4754/files/2118395002_026_5.webp?v=1761558278|pos:3|alt:AGV AGV K6 S Erazer Black/Red/Yellow Fluo Helmet – rear view || https://cdn.shopify.com/s/files/1/0076/8301/4754/files/2118395002_026_4.webp?v=1761558278|pos:4|alt:AGV AGV K6 S Erazer Black/Red/Yellow Fluo Helmet – detail view || https://cdn.shopify.com/s/files/1/0076/8301/4754/files/2118395002_026_3.webp?v=1761558278|pos:5|alt:AGV AGV K6 S Erazer Black/Red/Yellow Fluo Helmet – top view || https://cdn.shopify.com/s/files/1/0076/8301/4754/files/2118395002_026_7.webp?v=1761558278|pos:6|alt:AGV AGV K6 S Erazer Black/Red/Yellow Fluo Helmet – product view,6,AGV AGV K6 S Erazer Black/Red/Yellow Fluo Helmet – front view | AGV AGV K6 S Erazer Black/Red/Yellow Fluo Helmet – side view | AGV AGV K6 S Erazer Black/Red/Yellow Fluo Helmet – rear view | AGV AGV K6 S Erazer Black/Red/Yellow Fluo Helmet – detail view | AGV AGV K6 S Erazer Black/Red/Yellow Fluo Helmet – top view | AGV AGV K6 S Erazer Black/Red/Yellow Fluo Helmet – product view,,0,,,,,,,,,false,not_eligible,,0,false,/products/agv-k6-s-erazer-black-red-yellow-fluo-helmet,/products/agv-k6-s-erazer-black-red-yellow-fluo-helmet
agv-k6-s-black-helmet,agv-k6-s-black-helmet,AGV K6 S Black Helmet,AGV K6 S Black Helmet,agv-k6-s-black-helmet,"All the technology developed for professional MotoGP™ riders, in a helmet that’s ideal for every road use. Available in multiple sizes and/or colours — select your variant.","<p><span>All the technology developed for professional MotoGP™ riders, in a helmet that’s ideal for every road use.</span><br><br><span>K6 S is the essence of versatility, developed for maximum performance. </span><strong>Suitable for every type of riding</strong><span> and all road surfaces, it incorporates the best characteristics from the </span><strong>sport and touring worlds</strong><span> and is ideal for taking on any two-wheeled challenge, from leaning into the turns on winding roads to long-range trips, by way of everyday city rides.</span><br><br><span>Its </span><strong>carbon and aramid</strong><span> fiber shell ensures the very best protective performance in its category and makes it </span><strong>the lightest full-face road helmet in the world.</strong><span> Due to the stringent AGV Extreme Safety design protocol, K6 S passes all the tests required by the strict </span><strong>ECE22.06</strong><span> </span><strong>standard by a large margin, making the helmet<span> </span></strong><span>36% safer than the levels required by the latest road homologations.</span><br><br><span>The aerodynamic shapes developed in the wind tunnel are optimized for ideal air penetration </span><strong>in any riding position</strong><span>, making this solution perfect for riders who want the freedom to select their own riding styles, without compromise. The</span><strong><span> </span>aerodynamic spoiler</strong><span> evolves to split the air and limit buffeting at cruising speeds. The superior comfort eliminate distractions and lets you focus only on the road and obstacles, throughout the journey.</span><br><br><span>The </span><strong>premium interiors</strong><span> are waterproof and ventilated. They are designed so riders can cover endless miles in total comfort with only the road ahead to focus on. The innovative </span><strong>air vents on the forehead</strong><span> and </span><strong>chinguard</strong><span> are designed for easy adjustment </span><strong>even when wearing gloves</strong><span>, which means the rider always has the right amount of ventilation. The large, comfortable interior of the chinguard is designed to take advantage of maximum ventilation with vents open.</span></p>
<div class=""accordion-item"">
<div id=""productmaterial"" class=""accordion-collapse collapse show"" data-bs-parent=""#productmaterial"">
<div class=""pb-3"">
<p class=""mb-1"">Composite Fibre</p>
<div class=""accordion-item"">
<div id=""ACCESSORIES_INCLUDED"" class=""accordion-collapse collapse show"" data-bs-parent=""#ACCESSORIES_INCLUDED"">
<div class=""pb-3"">
<p class=""mb-1"">Wind protector</p>
<p class=""mb-1"">Integrated spoiler</p>
<p class=""mb-1"">Optimized for all riding positions</p>
<p class=""mb-1"">Shell shape designed to reduce turbulence</p>
<p class=""mb-1"">Cheek pads safety release system</p>
<p class=""mb-1"">Cheek pads: Ritmo fabric to facilitate putting on/taking off the helmet, with cheekbone area in Shalimar fabric to ensure stability at high speed</p>
<p class=""mb-1"">Crown pad: Shalimar fabric for a soft and gentle touch</p>
<p class=""mb-1"">DrySpeed: instant sweat absorption</p>
<p class=""mb-1"">Embracing neck roll profile</p>
<p class=""mb-1"">Fit especially designed to allow wearing glasses</p>
<p class=""mb-1"">Microsense: premium skin comfort</p>
<p class=""mb-1"">Neck roll: Ritmo fabric and synthetic leather with high abrasion resistance and water-resistant properties</p>
<p class=""mb-1"">Reflective inserts</p>
<p class=""mb-1"">Removable and washable interiors</p>
<p class=""mb-1"">Removable nose guard</p>
<div class=""accordion-item"">
<div id=""RETENTION_SYSTEM"" class=""accordion-collapse collapse show"" data-bs-parent=""#RETENTION_SYSTEM"">
<div class=""pb-3"">
<p class=""mb-1"">Double D</p>
<p class=""mb-1"">4 shell sizes</p>
<p class=""mb-1"">5-density EPS developed in 4 sizes</p>
<p class=""mb-1"">Carbon-Aramid fiber</p>
<p class=""mb-1"">Collarbone safe profile</p>
<p class=""mb-1"">1 wide rear extractor</p>
<p class=""mb-1"">5 front vents</p>
<p class=""mb-1"">Adjustable air vents</p>
<p class=""mb-1"">190° horizontal field of view</p>
<p class=""mb-1"">85° vertical field of view</p>
<p class=""mb-1"">Anti-scratch</p>
<p class=""mb-1"">Metal visor mechanism</p>
<p class=""mb-1"">Micro-opening system</p>
<p class=""mb-1"">Multistep visor mechanism</p>
<p class=""mb-1"">Optic class 1</p>
<p class=""mb-1"">Patented Extra Quick Release System</p>
<p class=""mb-1"">Patented visor lock system</p>
<p class=""mb-1"">Pinlock® 120XLT™ MaxVision™ Included</p>
<div class=""accordion"" id=""accordion-MaterialCare"">
<div class=""accordion-item"">
<div id=""WEIGHT"" class=""accordion-collapse collapse show"" data-bs-parent=""#WEIGHT"">
<div class=""pb-3"">
<p class=""mb-1"">1.290 g in first shell size</p>
</div>
</div>
</div>
</div>
</div>
</div>
</div>
</div>
</div>
</div>
</div>
</div>
</div>","All the technology developed for professional MotoGP™ riders, in a helmet that’s ideal for every road use.

K6 S is the essence of versatility, developed for maximum performance. Suitable for every type of riding and all road surfaces, it incorporates the best characteristics from the sport and touring worlds and is ideal for taking on any two-wheeled challenge, from leaning into the turns on winding roads to long-range trips, by way of everyday city rides.

Its carbon and aramid fiber shell ensures the very best protective performance in its category and makes it the lightest full-face road helmet in the world. Due to the stringent AGV Extreme Safety design protocol, K6 S passes all the tests required by the strict ECE22.06 standard by a large margin, making the helmet 36% safer than the levels required by the latest road homologations.

The aerodynamic shapes developed in the wind tunnel are optimized for ideal air penetration in any riding position, making this solution perfect for riders who want the freedom to select their own riding styles, without compromise. The aerodynamic spoiler evolves to split the air and limit buffeting at cruising speeds. The superior comfort eliminate distractions and lets you focus only on the road and obstacles, throughout the journey.

The premium interiors are waterproof and ventilated. They are designed so riders can cover endless miles in total comfort with only the road ahead to focus on. The innovative air vents on the forehead and chinguard are designed for easy adjustment even when wearing gloves, which means the rider always has the right amount of ventilation. The large, comfortable interior of the chinguard is designed to take advantage of maximum ventilation with vents open.

Composite Fibre

Wind protector

Integrated spoiler

Optimized for all riding positions

Shell shape designed to reduce turbulence

Cheek pads safety release system

Cheek pads: Ritmo fabric to facilitate putting on/taking off the helmet, with cheekbone area in Shalimar fabric to ensure stability at high speed

Crown pad: Shalimar fabric for a soft and gentle touch

DrySpeed: instant sweat absorption

Embracing neck roll profile

Fit especially designed to allow wearing glasses

Microsense: premium skin comfort

Neck roll: Ritmo fabric and synthetic leather with high abrasion resistance and water-resistant properties

Reflective inserts

Removable and washable interiors

Removable nose guard

Double D

4 shell sizes

5-density EPS developed in 4 sizes

Carbon-Aramid fiber

Collarbone safe profile

1 wide rear extractor

5 front vents

Adjustable air vents

190° horizontal field of view

85° vertical field of view

Anti-scratch

Metal visor mechanism

Micro-opening system

Multistep visor mechanism

Optic class 1

Patented Extra Quick Release System

Patented visor lock system

Pinlock® 120XLT™ MaxVision™ Included

1.290 g in first shell size",100000,,2026-07-26,active,AGV,5000,g,Buy AGV K6 S Black Helmet | Mile 27 Store,"All the technology developed for professional MotoGP™ riders, in a helmet that’s ideal for every road use.",,Cleaned noise; brand verified,High,false,Helmets,High,"Mapped from Shopify Type ""Helmets""",agv-k6-s-black-helmet-1|Size:XS|price:100000.00|compare:|weight:5000|barcode:|qty:0 | agv-k6-s-black-helmet-2|Size:S|price:100000.00|compare:|weight:5000|barcode:|qty:0 | agv-k6-s-black-helmet-3|Size:M|price:100000.00|compare:|weight:5000|barcode:|qty:0 | agv-k6-s-black-helmet-4|Size:L|price:100000.00|compare:|weight:5000|barcode:|qty:0 | agv-k6-s-black-helmet-5|Size:XL|price:100000.00|compare:|weight:5000|barcode:|qty:0 | agv-k6-s-black-helmet-6|Size:XXL|price:100000.00|compare:|weight:5000|barcode:|qty:0,"agv-k6-s-black-helmet-1,agv-k6-s-black-helmet-2,agv-k6-s-black-helmet-3,agv-k6-s-black-helmet-4,agv-k6-s-black-helmet-5,agv-k6-s-black-helmet-6",6,https://cdn.shopify.com/s/files/1/0076/8301/4754/files/2118395002_009_1.webp?v=1761306046|pos:1|alt:AGV AGV K6 S Black Helmet – front view || https://cdn.shopify.com/s/files/1/0076/8301/4754/files/2118395002_009_2.webp?v=1761306046|pos:2|alt:AGV AGV K6 S Black Helmet – side view || https://cdn.shopify.com/s/files/1/0076/8301/4754/files/2118395002_009_5.webp?v=1761306046|pos:3|alt:AGV AGV K6 S Black Helmet – rear view || https://cdn.shopify.com/s/files/1/0076/8301/4754/files/2118395002_009_4.webp?v=1761306046|pos:4|alt:AGV AGV K6 S Black Helmet – detail view || https://cdn.shopify.com/s/files/1/0076/8301/4754/files/2118395002_009_3.webp?v=1761306046|pos:5|alt:AGV AGV K6 S Black Helmet – top view || https://cdn.shopify.com/s/files/1/0076/8301/4754/files/2118395002_009_7.webp?v=1761306046|pos:6|alt:AGV AGV K6 S Black Helmet – product view,6,AGV AGV K6 S Black Helmet – front view | AGV AGV K6 S Black Helmet – side view | AGV AGV K6 S Black Helmet – rear view | AGV AGV K6 S Black Helmet – detail view | AGV AGV K6 S Black Helmet – top view | AGV AGV K6 S Black Helmet – product view,,0,,,,,,,,,false,not_eligible,,0,false,/products/agv-k6-s-black-helmet,/products/agv-k6-s-black-helmet
agv-k6-s-karve-matt-black-grey-red-helmet,agv-k6-s-karve-matt-black-grey-red-helmet,AGV K6 S Karve Matt Black/Grey/Red Helmet,AGV K6 S Karve Matt Black/Grey/Red Helmet,agv-k6-s-karve-matt-black-grey-red-helmet,Optimized for all riding positions Available in multiple sizes and/or colours — select your variant.,"<div class=""accordion-item"">
<div id=""productmaterial"" class=""accordion-collapse collapse show"" data-bs-parent=""#productmaterial"">
<div class=""pb-3"">
<p class=""mb-1"">Composite Fibre</p>
<div class=""accordion-item"">
<div id=""ACCESSORIES_INCLUDED"" class=""accordion-collapse collapse show"" data-bs-parent=""#ACCESSORIES_INCLUDED"">
<div class=""pb-3"">
<p class=""mb-1"">Wind protector</p>
<p class=""mb-1"">Integrated spoiler</p>
<p class=""mb-1"">Optimized for all riding positions</p>
<p class=""mb-1"">Shell shape designed to reduce turbulence</p>
<p class=""mb-1"">Cheek pads safety release system</p>
<p class=""mb-1"">Cheek pads: Ritmo fabric to facilitate putting on/taking off the helmet, with cheekbone area in Shalimar fabric to ensure stability at high speed</p>
<p class=""mb-1"">Crown pad: Shalimar fabric for a soft and gentle touch</p>
<p class=""mb-1"">DrySpeed: instant sweat absorption</p>
<p class=""mb-1"">Embracing neck roll profile</p>
<p class=""mb-1"">Fit especially designed to allow wearing glasses</p>
<p class=""mb-1"">Microsense: premium skin comfort</p>
<p class=""mb-1"">Neck roll: Ritmo fabric and synthetic leather with high abrasion resistance and water-resistant properties</p>
<p class=""mb-1"">Reflective inserts</p>
<p class=""mb-1"">Removable and washable interiors</p>
<p class=""mb-1"">Removable nose guard</p>
<div class=""accordion-item"">
<div id=""RETENTION_SYSTEM"" class=""accordion-collapse collapse show"" data-bs-parent=""#RETENTION_SYSTEM"">
<div class=""pb-3"">
<p class=""mb-1"">Double D</p>
<p class=""mb-1"">4 shell sizes</p>
<p class=""mb-1"">5-density EPS developed in 4 sizes</p>
<p class=""mb-1"">Carbon-Aramid fiber</p>
<p class=""mb-1"">Collarbone safe profile</p>
<p class=""mb-1"">1 wide rear extractor</p>
<p class=""mb-1"">5 front vents</p>
<p class=""mb-1"">Adjustable air vents</p>
<p class=""mb-1"">190° horizontal field of view</p>
<p class=""mb-1"">85° vertical field of view</p>
<p class=""mb-1"">Anti-scratch</p>
<p class=""mb-1"">Metal visor mechanism</p>
<p class=""mb-1"">Micro-opening system</p>
<p class=""mb-1"">Multistep visor mechanism</p>
<p class=""mb-1"">Optic class 1</p>
<p class=""mb-1"">Patented Extra Quick Release System</p>
<p class=""mb-1"">Patented visor lock system</p>
<p class=""mb-1"">Pinlock® 120XLT™ MaxVision™ Included</p>
<div class=""accordion"" id=""accordion-MaterialCare"">
<div class=""accordion-item"">
<div id=""WEIGHT"" class=""accordion-collapse collapse show"" data-bs-parent=""#WEIGHT"">
<div class=""pb-3"">
<p class=""mb-1"">1.290 g in first shell size</p>
</div>
</div>
</div>
</div>
</div>
</div>
</div>
</div>
</div>
</div>
</div>
</div>
</div>","Composite Fibre

Wind protector

Integrated spoiler

Optimized for all riding positions

Shell shape designed to reduce turbulence

Cheek pads safety release system

Cheek pads: Ritmo fabric to facilitate putting on/taking off the helmet, with cheekbone area in Shalimar fabric to ensure stability at high speed

Crown pad: Shalimar fabric for a soft and gentle touch

DrySpeed: instant sweat absorption

Embracing neck roll profile

Fit especially designed to allow wearing glasses

Microsense: premium skin comfort

Neck roll: Ritmo fabric and synthetic leather with high abrasion resistance and water-resistant properties

Reflective inserts

Removable and washable interiors

Removable nose guard

Double D

4 shell sizes

5-density EPS developed in 4 sizes

Carbon-Aramid fiber

Collarbone safe profile

1 wide rear extractor

5 front vents

Adjustable air vents

190° horizontal field of view

85° vertical field of view

Anti-scratch

Metal visor mechanism

Micro-opening system

Multistep visor mechanism

Optic class 1

Patented Extra Quick Release System

Patented visor lock system

Pinlock® 120XLT™ MaxVision™ Included

1.290 g in first shell size",117000,,2026-07-26,active,AGV,5000,g,Buy AGV K6 S Karve Matt Black/Grey/Red Helmet | Mile 27 Store,Optimized for all riding positions,,Cleaned noise; brand verified,High,false,Helmets,High,"Mapped from Shopify Type ""Helmets""",agv-k6-s-karve-matt-black-grey-red-helmet-1|Size:XS|price:117000.00|compare:|weight:5000|barcode:|qty:0 | agv-k6-s-karve-matt-black-grey-red-helmet-2|Size:S|price:117000.00|compare:|weight:5000|barcode:|qty:0 | agv-k6-s-karve-matt-black-grey-red-helmet-3|Size:M|price:117000.00|compare:|weight:5000|barcode:|qty:0 | agv-k6-s-karve-matt-black-grey-red-helmet-4|Size:L|price:117000.00|compare:|weight:5000|barcode:|qty:0 | agv-k6-s-karve-matt-black-grey-red-helmet-5|Size:XL|price:117000.00|compare:|weight:5000|barcode:|qty:0 | agv-k6-s-karve-matt-black-grey-red-helmet-6|Size:XXL|price:117000.00|compare:|weight:5000|barcode:|qty:0,"agv-k6-s-karve-matt-black-grey-red-helmet-1,agv-k6-s-karve-matt-black-grey-red-helmet-2,agv-k6-s-karve-matt-black-grey-red-helmet-3,agv-k6-s-karve-matt-black-grey-red-helmet-4,agv-k6-s-karve-matt-black-grey-red-helmet-5,agv-k6-s-karve-matt-black-grey-red-helmet-6",6,https://cdn.shopify.com/s/files/1/0076/8301/4754/files/2118395002_024_1.webp?v=1761302533|pos:1|alt:AGV AGV K6 S Karve Matt Black/Grey/Red Helmet – front view || https://cdn.shopify.com/s/files/1/0076/8301/4754/files/2118395002_024_2.webp?v=1761302533|pos:2|alt:AGV AGV K6 S Karve Matt Black/Grey/Red Helmet – side view || https://cdn.shopify.com/s/files/1/0076/8301/4754/files/2118395002_024_5.webp?v=1761302533|pos:3|alt:AGV AGV K6 S Karve Matt Black/Grey/Red Helmet – rear view || https://cdn.shopify.com/s/files/1/0076/8301/4754/files/2118395002_024_4.webp?v=1761302532|pos:4|alt:AGV AGV K6 S Karve Matt Black/Grey/Red Helmet – detail view || https://cdn.shopify.com/s/files/1/0076/8301/4754/files/2118395002_024_3.webp?v=1761302533|pos:5|alt:AGV AGV K6 S Karve Matt Black/Grey/Red Helmet – top view || https://cdn.shopify.com/s/files/1/0076/8301/4754/files/2118395002_024_7.webp?v=1761302532|pos:6|alt:AGV AGV K6 S Karve Matt Black/Grey/Red Helmet – product view,6,AGV AGV K6 S Karve Matt Black/Grey/Red Helmet – front view | AGV AGV K6 S Karve Matt Black/Grey/Red Helmet – side view | AGV AGV K6 S Karve Matt Black/Grey/Red Helmet – rear view | AGV AGV K6 S Karve Matt Black/Grey/Red Helmet – detail view | AGV AGV K6 S Karve Matt Black/Grey/Red Helmet – top view | AGV AGV K6 S Karve Matt Black/Grey/Red Helmet – product view,,0,,,,,,,,,false,not_eligible,,0,false,/products/agv-k6-s-karve-matt-black-grey-red-helmet,/products/agv-k6-s-karve-matt-black-grey-red-helmet
agv-k6-s-bezzecchi-2024-helmet,agv-k6-s-bezzecchi-2024-helmet,AGV K6 S Bezzecchi 2024 Helmet,AGV K6 S Bezzecchi 2024 Helmet,agv-k6-s-bezzecchi-2024-helmet,"All the technology developed for professional MotoGP™ riders, in a helmet that’s ideal for every road use. Available in multiple sizes and/or colours — select your variant.","<p><span>All the technology developed for professional MotoGP™ riders, in a helmet that’s ideal for every road use.</span><br><br><span>K6 S is the essence of versatility, developed for maximum performance. </span><strong>Suitable for every type of riding</strong><span> and all road surfaces, it incorporates the best characteristics from the </span><strong>sport and touring worlds</strong><span> and is ideal for taking on any two-wheeled challenge, from leaning into the turns on winding roads to long-range trips, by way of everyday city rides.</span><br><br><span>Its </span><strong>carbon and aramid</strong><span> fiber shell ensures the very best protective performance in its category and makes it </span><strong>the lightest full-face road helmet in the world.</strong><span> Due to the stringent AGV Extreme Safety design protocol, K6 S passes all the tests required by the strict </span><strong>ECE22.06</strong><span> </span><strong>standard by a large margin, making the helmet<span> </span></strong><span>36% safer than the levels required by the latest road homologations.</span><br><br><span>The aerodynamic shapes developed in the wind tunnel are optimized for ideal air penetration </span><strong>in any riding position</strong><span>, making this solution perfect for riders who want the freedom to select their own riding styles, without compromise. The</span><strong><span> </span>aerodynamic spoiler</strong><span> evolves to split the air and limit buffeting at cruising speeds. The superior comfort eliminate distractions and lets you focus only on the road and obstacles, throughout the journey.</span><br><br><span>The </span><strong>premium interiors</strong><span> are waterproof and ventilated. They are designed so riders can cover endless miles in total comfort with only the road ahead to focus on. The innovative </span><strong>air vents on the forehead</strong><span> and </span><strong>chinguard</strong><span> are designed for easy adjustment </span><strong>even when wearing gloves</strong><span>, which means the rider always has the right amount of ventilation. The large, comfortable interior of the chinguard is designed to take advantage of maximum ventilation with vents open.</span></p>
<div class=""accordion-item"">
<div id=""productmaterial"" class=""accordion-collapse collapse show"" data-bs-parent=""#productmaterial"">
<div class=""pb-3"">
<p class=""mb-1"">Composite Fibre</p>
<div class=""accordion-item"">
<div id=""ACCESSORIES_INCLUDED"" class=""accordion-collapse collapse show"" data-bs-parent=""#ACCESSORIES_INCLUDED"">
<div class=""pb-3"">
<p class=""mb-1"">Wind protector</p>
<p class=""mb-1"">Integrated spoiler</p>
<p class=""mb-1"">Optimized for all riding positions</p>
<p class=""mb-1"">Shell shape designed to reduce turbulence</p>
<p class=""mb-1"">Cheek pads safety release system</p>
<p class=""mb-1"">Cheek pads: Ritmo fabric to facilitate putting on/taking off the helmet, with cheekbone area in Shalimar fabric to ensure stability at high speed</p>
<p class=""mb-1"">Crown pad: Shalimar fabric for a soft and gentle touch</p>
<p class=""mb-1"">DrySpeed: instant sweat absorption</p>
<p class=""mb-1"">Embracing neck roll profile</p>
<p class=""mb-1"">Fit especially designed to allow wearing glasses</p>
<p class=""mb-1"">Microsense: premium skin comfort</p>
<p class=""mb-1"">Neck roll: Ritmo fabric and synthetic leather with high abrasion resistance and water-resistant properties</p>
<p class=""mb-1"">Reflective inserts</p>
<p class=""mb-1"">Removable and washable interiors</p>
<p class=""mb-1"">Removable nose guard</p>
<div class=""accordion-item"">
<div id=""RETENTION_SYSTEM"" class=""accordion-collapse collapse show"" data-bs-parent=""#RETENTION_SYSTEM"">
<div class=""pb-3"">
<p class=""mb-1"">Double D</p>
<p class=""mb-1"">4 shell sizes</p>
<p class=""mb-1"">5-density EPS developed in 4 sizes</p>
<p class=""mb-1"">Carbon-Aramid fiber</p>
<p class=""mb-1"">Collarbone safe profile</p>
<p class=""mb-1"">1 wide rear extractor</p>
<p class=""mb-1"">5 front vents</p>
<p class=""mb-1"">Adjustable air vents</p>
<p class=""mb-1"">190° horizontal field of view</p>
<p class=""mb-1"">85° vertical field of view</p>
<p class=""mb-1"">Anti-scratch</p>
<p class=""mb-1"">Metal visor mechanism</p>
<p class=""mb-1"">Micro-opening system</p>
<p class=""mb-1"">Multistep visor mechanism</p>
<p class=""mb-1"">Optic class 1</p>
<p class=""mb-1"">Patented Extra Quick Release System</p>
<p class=""mb-1"">Patented visor lock system</p>
<p class=""mb-1"">Pinlock® 120XLT™ MaxVision™ Included</p>
<div class=""accordion"" id=""accordion-MaterialCare"">
<div class=""accordion-item"">
<div id=""WEIGHT"" class=""accordion-collapse collapse show"" data-bs-parent=""#WEIGHT"">
<div class=""pb-3"">
<p class=""mb-1"">1.290 g in first shell size</p>
</div>
</div>
</div>
</div>
</div>
</div>
</div>
</div>
</div>
</div>
</div>
</div>
</div>","All the technology developed for professional MotoGP™ riders, in a helmet that’s ideal for every road use.

K6 S is the essence of versatility, developed for maximum performance. Suitable for every type of riding and all road surfaces, it incorporates the best characteristics from the sport and touring worlds and is ideal for taking on any two-wheeled challenge, from leaning into the turns on winding roads to long-range trips, by way of everyday city rides.

Its carbon and aramid fiber shell ensures the very best protective performance in its category and makes it the lightest full-face road helmet in the world. Due to the stringent AGV Extreme Safety design protocol, K6 S passes all the tests required by the strict ECE22.06 standard by a large margin, making the helmet 36% safer than the levels required by the latest road homologations.

The aerodynamic shapes developed in the wind tunnel are optimized for ideal air penetration in any riding position, making this solution perfect for riders who want the freedom to select their own riding styles, without compromise. The aerodynamic spoiler evolves to split the air and limit buffeting at cruising speeds. The superior comfort eliminate distractions and lets you focus only on the road and obstacles, throughout the journey.

The premium interiors are waterproof and ventilated. They are designed so riders can cover endless miles in total comfort with only the road ahead to focus on. The innovative air vents on the forehead and chinguard are designed for easy adjustment even when wearing gloves, which means the rider always has the right amount of ventilation. The large, comfortable interior of the chinguard is designed to take advantage of maximum ventilation with vents open.

Composite Fibre

Wind protector

Integrated spoiler

Optimized for all riding positions

Shell shape designed to reduce turbulence

Cheek pads safety release system

Cheek pads: Ritmo fabric to facilitate putting on/taking off the helmet, with cheekbone area in Shalimar fabric to ensure stability at high speed

Crown pad: Shalimar fabric for a soft and gentle touch

DrySpeed: instant sweat absorption

Embracing neck roll profile

Fit especially designed to allow wearing glasses

Microsense: premium skin comfort

Neck roll: Ritmo fabric and synthetic leather with high abrasion resistance and water-resistant properties

Reflective inserts

Removable and washable interiors

Removable nose guard

Double D

4 shell sizes

5-density EPS developed in 4 sizes

Carbon-Aramid fiber

Collarbone safe profile

1 wide rear extractor

5 front vents

Adjustable air vents

190° horizontal field of view

85° vertical field of view

Anti-scratch

Metal visor mechanism

Micro-opening system

Multistep visor mechanism

Optic class 1

Patented Extra Quick Release System

Patented visor lock system

Pinlock® 120XLT™ MaxVision™ Included

1.290 g in first shell size",120000,,2026-07-26,active,AGV,5000,g,Buy AGV K6 S Bezzecchi 2024 Helmet | Mile 27 Store,"All the technology developed for professional MotoGP™ riders, in a helmet that’s ideal for every road use.",,Cleaned noise; brand verified,High,false,Helmets,High,"Mapped from Shopify Type ""Helmets""",agv-k6-s-bezzecchi-2024-helmet-1|Size:XS|price:120000.00|compare:|weight:5000|barcode:|qty:0 | agv-k6-s-bezzecchi-2024-helmet-2|Size:S|price:120000.00|compare:|weight:5000|barcode:|qty:0 | agv-k6-s-bezzecchi-2024-helmet-3|Size:M|price:120000.00|compare:|weight:5000|barcode:|qty:0 | agv-k6-s-bezzecchi-2024-helmet-4|Size:L|price:120000.00|compare:|weight:5000|barcode:|qty:0 | agv-k6-s-bezzecchi-2024-helmet-5|Size:XL|price:120000.00|compare:|weight:5000|barcode:|qty:0 | agv-k6-s-bezzecchi-2024-helmet-6|Size:XXL|price:120000.00|compare:|weight:5000|barcode:|qty:0,"agv-k6-s-bezzecchi-2024-helmet-1,agv-k6-s-bezzecchi-2024-helmet-2,agv-k6-s-bezzecchi-2024-helmet-3,agv-k6-s-bezzecchi-2024-helmet-4,agv-k6-s-bezzecchi-2024-helmet-5,agv-k6-s-bezzecchi-2024-helmet-6",6,https://cdn.shopify.com/s/files/1/0076/8301/4754/files/2118395002_027_1.webp?v=1761302101|pos:1|alt:AGV AGV K6 S Bezzecchi 2024 Helmet – front view || https://cdn.shopify.com/s/files/1/0076/8301/4754/files/2118395002_027_2.webp?v=1761302102|pos:2|alt:AGV AGV K6 S Bezzecchi 2024 Helmet – side view || https://cdn.shopify.com/s/files/1/0076/8301/4754/files/2118395002_027_4.webp?v=1761302104|pos:3|alt:AGV AGV K6 S Bezzecchi 2024 Helmet – rear view || https://cdn.shopify.com/s/files/1/0076/8301/4754/files/2118395002_027_3.webp?v=1761302102|pos:4|alt:AGV AGV K6 S Bezzecchi 2024 Helmet – detail view || https://cdn.shopify.com/s/files/1/0076/8301/4754/files/2118395002_027_7.webp?v=1761302101|pos:5|alt:AGV AGV K6 S Bezzecchi 2024 Helmet – top view,5,AGV AGV K6 S Bezzecchi 2024 Helmet – front view | AGV AGV K6 S Bezzecchi 2024 Helmet – side view | AGV AGV K6 S Bezzecchi 2024 Helmet – rear view | AGV AGV K6 S Bezzecchi 2024 Helmet – detail view | AGV AGV K6 S Bezzecchi 2024 Helmet – top view,,0,,,,,,,,,false,not_eligible,,0,false,/products/agv-k6-s-bezzecchi-2024-helmet,/products/agv-k6-s-bezzecchi-2024-helmet
agv-k1-s-fastlap-black-purple-pink-helmet,agv-k1-s-fastlap-black-purple-pink-helmet,AGV K1 S Fastlap Black/Purple/Pink Helmet,AGV K1 S Fastlap Black/Purple/Pink Helmet,agv-k1-s-fastlap-black-purple-pink-helmet,"Racing spirit, for overcoming everyday challenges. Available in multiple sizes and/or colours — select your variant.","<p><b>Racing spirit, for overcoming everyday challenges.</b><span></span><br><br><span>K1 S is the road helmet that comes out of AGV’s experience in MotoGP™, suitable for a range of uses on any route.</span><br><br><span>The aerodynamic shape of its shell made of </span><b>high-resistance thermoplastic material,</b><span> the </span><b>front air vents</b><span> developed through racing experience and the new </span><b>Aero Spoiler</b><span> designed in the wind tunnel maximize performance and </span><b>provide stability even at high speeds</b><span> in sports riding.</span><br><br><span>The </span><b>Ultravision scratch-resistant panoramic visor</b><span> offers a wider lateral and vertical view, for total control of the surrounding environment. Uncompromising comfort, due to the </span><b>soft, removable and washable Dry-Comfort interior</b><span>.</span><br><br><span>The </span><b>AGV Extreme Safety</b><span> construction protocol means that K1 S meets the requirements of the stringent </span><b>ECE22.06 standard</b><span> and then some.</span><br><br><span>AGV K1 S is prepared for the installation of communication systems.</span></p>
<p><span>Thermoplastic</span></p>
<div class=""accordion-item"">
<div id=""AERODYNAMICS"" class=""accordion-collapse collapse show"" data-bs-parent=""#AERODYNAMICS"">
<div class=""pb-3"">
<p class=""mb-1"">Integrated spoiler</p>
<p class=""mb-1"">Dry-Comfort fabric</p>
<p class=""mb-1"">Fit especially designed to allow wearing glasses</p>
<p class=""mb-1"">Ready for generic communication system</p>
<p class=""mb-1"">Removable and washable interiors</p>
<p class=""mb-1"">Removable nose guard</p>
<p class=""mb-1"">Removable wind protector</p>
<div class=""accordion-item"">
<div id=""RETENTION_SYSTEM"" class=""accordion-collapse collapse show"" data-bs-parent=""#RETENTION_SYSTEM"">
<div class=""pb-3"">
<p class=""mb-1"">Double D</p>
<p class=""mb-1"">2 shell sizes</p>
<p class=""mb-1"">4-density EPS developed in 4 sizes</p>
<p class=""mb-1"">Collarbone safe profile</p>
<p class=""mb-1"">High Resistance Thermoplastic</p>
<p class=""mb-1"">2 rear extractors</p>
<p class=""mb-1"">5 front vents</p>
<p class=""mb-1"">Adjustable air vents</p>
<p class=""mb-1"">190° horizontal field of view</p>
<p class=""mb-1"">Anti-scratch</p>
<p class=""mb-1"">Micro-opening system</p>
<p class=""mb-1"">Multistep visor mechanism</p>
<p class=""mb-1"">Patented Extra Quick Release System</p>
<p class=""mb-1"">Pinlock® 70 MaxVision™ Prepared</p>
<div class=""accordion"" id=""accordion-MaterialCare"">
<div class=""accordion-item"">
<div id=""WEIGHT"" class=""accordion-collapse collapse show"" data-bs-parent=""#WEIGHT"">
<div class=""pb-3"">
<p class=""mb-1"">1.580 g in first shell size</p>
</div>
</div>
</div>
</div>
</div>
</div>
</div>
</div>
</div>
</div>","Racing spirit, for overcoming everyday challenges.

K1 S is the road helmet that comes out of AGV’s experience in MotoGP™, suitable for a range of uses on any route.

The aerodynamic shape of its shell made of high-resistance thermoplastic material, the front air vents developed through racing experience and the new Aero Spoiler designed in the wind tunnel maximize performance and provide stability even at high speeds in sports riding.

The Ultravision scratch-resistant panoramic visor offers a wider lateral and vertical view, for total control of the surrounding environment. Uncompromising comfort, due to the soft, removable and washable Dry-Comfort interior.

The AGV Extreme Safety construction protocol means that K1 S meets the requirements of the stringent ECE22.06 standard and then some.

AGV K1 S is prepared for the installation of communication systems.

Thermoplastic

Integrated spoiler

Dry-Comfort fabric

Fit especially designed to allow wearing glasses

Ready for generic communication system

Removable and washable interiors

Removable nose guard

Removable wind protector

Double D

2 shell sizes

4-density EPS developed in 4 sizes

Collarbone safe profile

High Resistance Thermoplastic

2 rear extractors

5 front vents

Adjustable air vents

190° horizontal field of view

Anti-scratch

Micro-opening system

Multistep visor mechanism

Patented Extra Quick Release System

Pinlock® 70 MaxVision™ Prepared

1.580 g in first shell size",46000,,2026-07-26,active,AGV,5000,g,Buy AGV K1 S Fastlap Black/Purple/Pink Helmet | Mile 27 Store,"Racing spirit, for overcoming everyday challenges.",,Cleaned noise; brand verified,High,false,Helmets,High,"Mapped from Shopify Type ""Helmets""",agv-k1-s-fastlap-black-purple-pink-helmet-1|Size:XS|price:46000.00|compare:|weight:5000|barcode:|qty:0 | agv-k1-s-fastlap-black-purple-pink-helmet-2|Size:S|price:46000.00|compare:|weight:5000|barcode:|qty:0 | agv-k1-s-fastlap-black-purple-pink-helmet-3|Size:M|price:46000.00|compare:|weight:5000|barcode:|qty:0 | agv-k1-s-fastlap-black-purple-pink-helmet-4|Size:L|price:46000.00|compare:|weight:5000|barcode:|qty:0 | agv-k1-s-fastlap-black-purple-pink-helmet-5|Size:XL|price:46000.00|compare:|weight:5000|barcode:|qty:0 | agv-k1-s-fastlap-black-purple-pink-helmet-6|Size:XXL|price:46000.00|compare:|weight:5000|barcode:|qty:0,"agv-k1-s-fastlap-black-purple-pink-helmet-1,agv-k1-s-fastlap-black-purple-pink-helmet-2,agv-k1-s-fastlap-black-purple-pink-helmet-3,agv-k1-s-fastlap-black-purple-pink-helmet-4,agv-k1-s-fastlap-black-purple-pink-helmet-5,agv-k1-s-fastlap-black-purple-pink-helmet-6",6,https://cdn.shopify.com/s/files/1/0076/8301/4754/files/2118394003_065_1.webp?v=1761298007|pos:1|alt:AGV AGV K1 S Fastlap Black/Purple/Pink Helmet – front view || https://cdn.shopify.com/s/files/1/0076/8301/4754/files/2118394003_065_2.webp?v=1761298007|pos:2|alt:AGV AGV K1 S Fastlap Black/Purple/Pink Helmet – side view || https://cdn.shopify.com/s/files/1/0076/8301/4754/files/2118394003_065_5.webp?v=1761298007|pos:3|alt:AGV AGV K1 S Fastlap Black/Purple/Pink Helmet – rear view || https://cdn.shopify.com/s/files/1/0076/8301/4754/files/2118394003_065_4.webp?v=1761298007|pos:4|alt:AGV AGV K1 S Fastlap Black/Purple/Pink Helmet – detail view || https://cdn.shopify.com/s/files/1/0076/8301/4754/files/2118394003_065_3.webp?v=1761298007|pos:5|alt:AGV AGV K1 S Fastlap Black/Purple/Pink Helmet – top view || https://cdn.shopify.com/s/files/1/0076/8301/4754/files/2118394003_065_7.webp?v=1761298007|pos:6|alt:AGV AGV K1 S Fastlap Black/Purple/Pink Helmet – product view,6,AGV AGV K1 S Fastlap Black/Purple/Pink Helmet – front view | AGV AGV K1 S Fastlap Black/Purple/Pink Helmet – side view | AGV AGV K1 S Fastlap Black/Purple/Pink Helmet – rear view | AGV AGV K1 S Fastlap Black/Purple/Pink Helmet – detail view | AGV AGV K1 S Fastlap Black/Purple/Pink Helmet – top view | AGV AGV K1 S Fastlap Black/Purple/Pink Helmet – product view,,0,,,,,,,,,false,not_eligible,,0,false,/products/agv-k1-s-fastlap-black-purple-pink-helmet,/products/agv-k1-s-fastlap-black-purple-pink-helmet
agv-k1-s-fastlap-black-grey-red-helmet,agv-k1-s-fastlap-black-grey-red-helmet,AGV K1 S Fastlap Black/Grey/Red Helmet,AGV K1 S Fastlap Black/Grey/Red Helmet,agv-k1-s-fastlap-black-grey-red-helmet,"Racing spirit, for overcoming everyday challenges. Available in multiple sizes and/or colours — select your variant.","<p><b>Racing spirit, for overcoming everyday challenges.</b><span></span><br><br><span>K1 S is the road helmet that comes out of AGV’s experience in MotoGP™, suitable for a range of uses on any route.</span><br><br><span>The aerodynamic shape of its shell made of </span><b>high-resistance thermoplastic material,</b><span> the </span><b>front air vents</b><span> developed through racing experience and the new </span><b>Aero Spoiler</b><span> designed in the wind tunnel maximize performance and </span><b>provide stability even at high speeds</b><span> in sports riding.</span><br><br><span>The </span><b>Ultravision scratch-resistant panoramic visor</b><span> offers a wider lateral and vertical view, for total control of the surrounding environment. Uncompromising comfort, due to the </span><b>soft, removable and washable Dry-Comfort interior</b><span>.</span><br><br><span>The </span><b>AGV Extreme Safety</b><span> construction protocol means that K1 S meets the requirements of the stringent </span><b>ECE22.06 standard</b><span> and then some.</span><br><br><span>AGV K1 S is prepared for the installation of communication systems.</span></p>
<p><span>Thermoplastic</span></p>
<div class=""accordion-item"">
<div id=""AERODYNAMICS"" class=""accordion-collapse collapse show"" data-bs-parent=""#AERODYNAMICS"">
<div class=""pb-3"">
<p class=""mb-1"">Integrated spoiler</p>
<p class=""mb-1"">Dry-Comfort fabric</p>
<p class=""mb-1"">Fit especially designed to allow wearing glasses</p>
<p class=""mb-1"">Ready for generic communication system</p>
<p class=""mb-1"">Removable and washable interiors</p>
<p class=""mb-1"">Removable nose guard</p>
<p class=""mb-1"">Removable wind protector</p>
<div class=""accordion-item"">
<div id=""RETENTION_SYSTEM"" class=""accordion-collapse collapse show"" data-bs-parent=""#RETENTION_SYSTEM"">
<div class=""pb-3"">
<p class=""mb-1"">Double D</p>
<p class=""mb-1"">2 shell sizes</p>
<p class=""mb-1"">4-density EPS developed in 4 sizes</p>
<p class=""mb-1"">Collarbone safe profile</p>
<p class=""mb-1"">High Resistance Thermoplastic</p>
<p class=""mb-1"">2 rear extractors</p>
<p class=""mb-1"">5 front vents</p>
<p class=""mb-1"">Adjustable air vents</p>
<p class=""mb-1"">190° horizontal field of view</p>
<p class=""mb-1"">Anti-scratch</p>
<p class=""mb-1"">Micro-opening system</p>
<p class=""mb-1"">Multistep visor mechanism</p>
<p class=""mb-1"">Patented Extra Quick Release System</p>
<p class=""mb-1"">Pinlock® 70 MaxVision™ Prepared</p>
<div class=""accordion"" id=""accordion-MaterialCare"">
<div class=""accordion-item"">
<div id=""WEIGHT"" class=""accordion-collapse collapse show"" data-bs-parent=""#WEIGHT"">
<div class=""pb-3"">
<p class=""mb-1"">1.580 g in first shell size</p>
</div>
</div>
</div>
</div>
</div>
</div>
</div>
</div>
</div>
</div>","Racing spirit, for overcoming everyday challenges.

K1 S is the road helmet that comes out of AGV’s experience in MotoGP™, suitable for a range of uses on any route.

The aerodynamic shape of its shell made of high-resistance thermoplastic material, the front air vents developed through racing experience and the new Aero Spoiler designed in the wind tunnel maximize performance and provide stability even at high speeds in sports riding.

The Ultravision scratch-resistant panoramic visor offers a wider lateral and vertical view, for total control of the surrounding environment. Uncompromising comfort, due to the soft, removable and washable Dry-Comfort interior.

The AGV Extreme Safety construction protocol means that K1 S meets the requirements of the stringent ECE22.06 standard and then some.

AGV K1 S is prepared for the installation of communication systems.

Thermoplastic

Integrated spoiler

Dry-Comfort fabric

Fit especially designed to allow wearing glasses

Ready for generic communication system

Removable and washable interiors

Removable nose guard

Removable wind protector

Double D

2 shell sizes

4-density EPS developed in 4 sizes

Collarbone safe profile

High Resistance Thermoplastic

2 rear extractors

5 front vents

Adjustable air vents

190° horizontal field of view

Anti-scratch

Micro-opening system

Multistep visor mechanism

Patented Extra Quick Release System

Pinlock® 70 MaxVision™ Prepared

1.580 g in first shell size",46000,,2026-07-26,active,AGV,5000,g,Buy AGV K1 S Fastlap Black/Grey/Red Helmet | Mile 27 Store,"Racing spirit, for overcoming everyday challenges.",,Cleaned noise; brand verified,High,false,Helmets,High,"Mapped from Shopify Type ""Helmets""",agv-k1-s-fastlap-black-grey-red-helmet-1|Size:XS|price:46000.00|compare:|weight:5000|barcode:|qty:0 | agv-k1-s-fastlap-black-grey-red-helmet-2|Size:S|price:46000.00|compare:|weight:5000|barcode:|qty:0 | agv-k1-s-fastlap-black-grey-red-helmet-3|Size:M|price:46000.00|compare:|weight:5000|barcode:|qty:0 | agv-k1-s-fastlap-black-grey-red-helmet-4|Size:L|price:46000.00|compare:|weight:5000|barcode:|qty:0 | agv-k1-s-fastlap-black-grey-red-helmet-5|Size:XL|price:46000.00|compare:|weight:5000|barcode:|qty:0 | agv-k1-s-fastlap-black-grey-red-helmet-6|Size:XXL|price:46000.00|compare:|weight:5000|barcode:|qty:0,"agv-k1-s-fastlap-black-grey-red-helmet-1,agv-k1-s-fastlap-black-grey-red-helmet-2,agv-k1-s-fastlap-black-grey-red-helmet-3,agv-k1-s-fastlap-black-grey-red-helmet-4,agv-k1-s-fastlap-black-grey-red-helmet-5,agv-k1-s-fastlap-black-grey-red-helmet-6",6,https://cdn.shopify.com/s/files/1/0076/8301/4754/files/2118394003_064_1.webp?v=1761297733|pos:1|alt:AGV AGV K1 S Fastlap Black/Grey/Red Helmet – front view || https://cdn.shopify.com/s/files/1/0076/8301/4754/files/2118394003_064_2.webp?v=1761297733|pos:2|alt:AGV AGV K1 S Fastlap Black/Grey/Red Helmet – side view || https://cdn.shopify.com/s/files/1/0076/8301/4754/files/2118394003_064_5.webp?v=1761297733|pos:3|alt:AGV AGV K1 S Fastlap Black/Grey/Red Helmet – rear view || https://cdn.shopify.com/s/files/1/0076/8301/4754/files/2118394003_064_4.webp?v=1761297733|pos:4|alt:AGV AGV K1 S Fastlap Black/Grey/Red Helmet – detail view || https://cdn.shopify.com/s/files/1/0076/8301/4754/files/2118394003_064_3.webp?v=1761297733|pos:5|alt:AGV AGV K1 S Fastlap Black/Grey/Red Helmet – top view || https://cdn.shopify.com/s/files/1/0076/8301/4754/files/2118394003_064_7.webp?v=1761297733|pos:6|alt:AGV AGV K1 S Fastlap Black/Grey/Red Helmet – product view,6,AGV AGV K1 S Fastlap Black/Grey/Red Helmet – front view | AGV AGV K1 S Fastlap Black/Grey/Red Helmet – side view | AGV AGV K1 S Fastlap Black/Grey/Red Helmet – rear view | AGV AGV K1 S Fastlap Black/Grey/Red Helmet – detail view | AGV AGV K1 S Fastlap Black/Grey/Red Helmet – top view | AGV AGV K1 S Fastlap Black/Grey/Red Helmet – product view,,0,,,,,,,,,false,not_eligible,,0,false,/products/agv-k1-s-fastlap-black-grey-red-helmet,/products/agv-k1-s-fastlap-black-grey-red-helmet
agv-k1-s-soleluna-2017-helmet,agv-k1-s-soleluna-2017-helmet,AGV K1 S Soleluna 2017 Helmet,AGV K1 S Soleluna 2017 Helmet,agv-k1-s-soleluna-2017-helmet,"Racing spirit, for overcoming everyday challenges. Available in multiple sizes and/or colours — select your variant.","<p><b>Racing spirit, for overcoming everyday challenges.</b><span></span><br><br><span>K1 S is the road helmet that comes out of AGV’s experience in MotoGP™, suitable for a range of uses on any route.</span><br><br><span>The aerodynamic shape of its shell made of </span><b>high-resistance thermoplastic material,</b><span> the </span><b>front air vents</b><span> developed through racing experience and the new </span><b>Aero Spoiler</b><span> designed in the wind tunnel maximize performance and </span><b>provide stability even at high speeds</b><span> in sports riding.</span><br><br><span>The </span><b>Ultravision scratch-resistant panoramic visor</b><span> offers a wider lateral and vertical view, for total control of the surrounding environment. Uncompromising comfort, due to the </span><b>soft, removable and washable Dry-Comfort interior</b><span>.</span><br><br><span>The </span><b>AGV Extreme Safety</b><span> construction protocol means that K1 S meets the requirements of the stringent </span><b>ECE22.06 standard</b><span> and then some.</span><br><br><span>AGV K1 S is prepared for the installation of communication systems.</span></p>
<p><span>Thermoplastic</span></p>
<div class=""accordion-item"">
<div id=""AERODYNAMICS"" class=""accordion-collapse collapse show"" data-bs-parent=""#AERODYNAMICS"">
<div class=""pb-3"">
<p class=""mb-1"">Integrated spoiler</p>
<p class=""mb-1"">Dry-Comfort fabric</p>
<p class=""mb-1"">Fit especially designed to allow wearing glasses</p>
<p class=""mb-1"">Ready for generic communication system</p>
<p class=""mb-1"">Removable and washable interiors</p>
<p class=""mb-1"">Removable nose guard</p>
<p class=""mb-1"">Removable wind protector</p>
<div class=""accordion-item"">
<div id=""RETENTION_SYSTEM"" class=""accordion-collapse collapse show"" data-bs-parent=""#RETENTION_SYSTEM"">
<div class=""pb-3"">
<p class=""mb-1"">Double D</p>
<p class=""mb-1"">2 shell sizes</p>
<p class=""mb-1"">4-density EPS developed in 4 sizes</p>
<p class=""mb-1"">Collarbone safe profile</p>
<p class=""mb-1"">High Resistance Thermoplastic</p>
<p class=""mb-1"">2 rear extractors</p>
<p class=""mb-1"">5 front vents</p>
<p class=""mb-1"">Adjustable air vents</p>
<p class=""mb-1"">190° horizontal field of view</p>
<p class=""mb-1"">Anti-scratch</p>
<p class=""mb-1"">Micro-opening system</p>
<p class=""mb-1"">Multistep visor mechanism</p>
<p class=""mb-1"">Patented Extra Quick Release System</p>
<p class=""mb-1"">Pinlock® 70 MaxVision™ Prepared</p>
<div class=""accordion"" id=""accordion-MaterialCare"">
<div class=""accordion-item"">
<div id=""WEIGHT"" class=""accordion-collapse collapse show"" data-bs-parent=""#WEIGHT"">
<div class=""pb-3"">
<p class=""mb-1"">1.580 g in first shell size</p>
</div>
</div>
</div>
</div>
</div>
</div>
</div>
</div>
</div>
</div>","Racing spirit, for overcoming everyday challenges.

K1 S is the road helmet that comes out of AGV’s experience in MotoGP™, suitable for a range of uses on any route.

The aerodynamic shape of its shell made of high-resistance thermoplastic material, the front air vents developed through racing experience and the new Aero Spoiler designed in the wind tunnel maximize performance and provide stability even at high speeds in sports riding.

The Ultravision scratch-resistant panoramic visor offers a wider lateral and vertical view, for total control of the surrounding environment. Uncompromising comfort, due to the soft, removable and washable Dry-Comfort interior.

The AGV Extreme Safety construction protocol means that K1 S meets the requirements of the stringent ECE22.06 standard and then some.

AGV K1 S is prepared for the installation of communication systems.

Thermoplastic

Integrated spoiler

Dry-Comfort fabric

Fit especially designed to allow wearing glasses

Ready for generic communication system

Removable and washable interiors

Removable nose guard

Removable wind protector

Double D

2 shell sizes

4-density EPS developed in 4 sizes

Collarbone safe profile

High Resistance Thermoplastic

2 rear extractors

5 front vents

Adjustable air vents

190° horizontal field of view

Anti-scratch

Micro-opening system

Multistep visor mechanism

Patented Extra Quick Release System

Pinlock® 70 MaxVision™ Prepared

1.580 g in first shell size",53000,,2026-07-26,active,AGV,5000,g,Buy AGV K1 S Soleluna 2017 Helmet | Mile 27 Store,"Racing spirit, for overcoming everyday challenges.",,Cleaned noise; brand verified,High,false,Helmets,High,"Mapped from Shopify Type ""Helmets""",agv-k1-s-soleluna-2017-helmet-1|Size:XS|price:53000.00|compare:|weight:5000|barcode:|qty:0 | agv-k1-s-soleluna-2017-helmet-2|Size:S|price:53000.00|compare:|weight:5000|barcode:|qty:0 | agv-k1-s-soleluna-2017-helmet-3|Size:M|price:53000.00|compare:|weight:5000|barcode:|qty:0 | agv-k1-s-soleluna-2017-helmet-4|Size:L|price:53000.00|compare:|weight:5000|barcode:|qty:0 | agv-k1-s-soleluna-2017-helmet-5|Size:XL|price:53000.00|compare:|weight:5000|barcode:|qty:0 | agv-k1-s-soleluna-2017-helmet-6|Size:XXL|price:53000.00|compare:|weight:5000|barcode:|qty:0,"agv-k1-s-soleluna-2017-helmet-1,agv-k1-s-soleluna-2017-helmet-2,agv-k1-s-soleluna-2017-helmet-3,agv-k1-s-soleluna-2017-helmet-4,agv-k1-s-soleluna-2017-helmet-5,agv-k1-s-soleluna-2017-helmet-6",6,https://cdn.shopify.com/s/files/1/0076/8301/4754/files/2118394003_015_1.webp?v=1761297167|pos:1|alt:AGV AGV K1 S Soleluna 2017 Helmet – front view || https://cdn.shopify.com/s/files/1/0076/8301/4754/files/2118394003_015_2.webp?v=1761297167|pos:2|alt:AGV AGV K1 S Soleluna 2017 Helmet – side view || https://cdn.shopify.com/s/files/1/0076/8301/4754/files/2118394003_015_5.webp?v=1761297167|pos:3|alt:AGV AGV K1 S Soleluna 2017 Helmet – rear view || https://cdn.shopify.com/s/files/1/0076/8301/4754/files/2118394003_015_4.webp?v=1761297167|pos:4|alt:AGV AGV K1 S Soleluna 2017 Helmet – detail view || https://cdn.shopify.com/s/files/1/0076/8301/4754/files/2118394003_015_3.webp?v=1761297167|pos:5|alt:AGV AGV K1 S Soleluna 2017 Helmet – top view || https://cdn.shopify.com/s/files/1/0076/8301/4754/files/2118394003_015_7.webp?v=1761297167|pos:6|alt:AGV AGV K1 S Soleluna 2017 Helmet – product view,6,AGV AGV K1 S Soleluna 2017 Helmet – front view | AGV AGV K1 S Soleluna 2017 Helmet – side view | AGV AGV K1 S Soleluna 2017 Helmet – rear view | AGV AGV K1 S Soleluna 2017 Helmet – detail view | AGV AGV K1 S Soleluna 2017 Helmet – top view | AGV AGV K1 S Soleluna 2017 Helmet – product view,,0,,,,,,,,,false,not_eligible,,0,false,/products/agv-k1-s-soleluna-2017-helmet,/products/agv-k1-s-soleluna-2017-helmet
agv-k1-s-rossi-winter-test-2017-helmet,agv-k1-s-rossi-winter-test-2017-helmet,AGV K1 S Rossi Winter Test 2017 Helmet,AGV K1 S Rossi Winter Test 2017 Helmet,agv-k1-s-rossi-winter-test-2017-helmet,"Racing spirit, for overcoming everyday challenges. Available in multiple sizes and/or colours — select your variant.","<p><b>Racing spirit, for overcoming everyday challenges.</b><span></span><br><br><span>K1 S is the road helmet that comes out of AGV’s experience in MotoGP™, suitable for a range of uses on any route.</span><br><br><span>The aerodynamic shape of its shell made of </span><b>high-resistance thermoplastic material,</b><span> the </span><b>front air vents</b><span> developed through racing experience and the new </span><b>Aero Spoiler</b><span> designed in the wind tunnel maximize performance and </span><b>provide stability even at high speeds</b><span> in sports riding.</span><br><br><span>The </span><b>Ultravision scratch-resistant panoramic visor</b><span> offers a wider lateral and vertical view, for total control of the surrounding environment. Uncompromising comfort, due to the </span><b>soft, removable and washable Dry-Comfort interior</b><span>.</span><br><br><span>The </span><b>AGV Extreme Safety</b><span> construction protocol means that K1 S meets the requirements of the stringent </span><b>ECE22.06 standard</b><span> and then some.</span><br><br><span>AGV K1 S is prepared for the installation of communication systems.</span></p>
<p><span>Thermoplastic</span></p>
<div class=""accordion-item"">
<div id=""AERODYNAMICS"" class=""accordion-collapse collapse show"" data-bs-parent=""#AERODYNAMICS"">
<div class=""pb-3"">
<p class=""mb-1"">Integrated spoiler</p>
<p class=""mb-1"">Dry-Comfort fabric</p>
<p class=""mb-1"">Fit especially designed to allow wearing glasses</p>
<p class=""mb-1"">Ready for generic communication system</p>
<p class=""mb-1"">Removable and washable interiors</p>
<p class=""mb-1"">Removable nose guard</p>
<p class=""mb-1"">Removable wind protector</p>
<div class=""accordion-item"">
<div id=""RETENTION_SYSTEM"" class=""accordion-collapse collapse show"" data-bs-parent=""#RETENTION_SYSTEM"">
<div class=""pb-3"">
<p class=""mb-1"">Double D</p>
<p class=""mb-1"">2 shell sizes</p>
<p class=""mb-1"">4-density EPS developed in 4 sizes</p>
<p class=""mb-1"">Collarbone safe profile</p>
<p class=""mb-1"">High Resistance Thermoplastic</p>
<p class=""mb-1"">2 rear extractors</p>
<p class=""mb-1"">5 front vents</p>
<p class=""mb-1"">Adjustable air vents</p>
<p class=""mb-1"">190° horizontal field of view</p>
<p class=""mb-1"">Anti-scratch</p>
<p class=""mb-1"">Micro-opening system</p>
<p class=""mb-1"">Multistep visor mechanism</p>
<p class=""mb-1"">Patented Extra Quick Release System</p>
<p class=""mb-1"">Pinlock® 70 MaxVision™ Prepared</p>
<div class=""accordion"" id=""accordion-MaterialCare"">
<div class=""accordion-item"">
<div id=""WEIGHT"" class=""accordion-collapse collapse show"" data-bs-parent=""#WEIGHT"">
<div class=""pb-3"">
<p class=""mb-1"">1.580 g in first shell size</p>
</div>
</div>
</div>
</div>
</div>
</div>
</div>
</div>
</div>
</div>","Racing spirit, for overcoming everyday challenges.

K1 S is the road helmet that comes out of AGV’s experience in MotoGP™, suitable for a range of uses on any route.

The aerodynamic shape of its shell made of high-resistance thermoplastic material, the front air vents developed through racing experience and the new Aero Spoiler designed in the wind tunnel maximize performance and provide stability even at high speeds in sports riding.

The Ultravision scratch-resistant panoramic visor offers a wider lateral and vertical view, for total control of the surrounding environment. Uncompromising comfort, due to the soft, removable and washable Dry-Comfort interior.

The AGV Extreme Safety construction protocol means that K1 S meets the requirements of the stringent ECE22.06 standard and then some.

AGV K1 S is prepared for the installation of communication systems.

Thermoplastic

Integrated spoiler

Dry-Comfort fabric

Fit especially designed to allow wearing glasses

Ready for generic communication system

Removable and washable interiors

Removable nose guard

Removable wind protector

Double D

2 shell sizes

4-density EPS developed in 4 sizes

Collarbone safe profile

High Resistance Thermoplastic

2 rear extractors

5 front vents

Adjustable air vents

190° horizontal field of view

Anti-scratch

Micro-opening system

Multistep visor mechanism

Patented Extra Quick Release System

Pinlock® 70 MaxVision™ Prepared

1.580 g in first shell size",50000,,2026-07-26,active,AGV,5000,g,Buy AGV K1 S Rossi Winter Test 2017 Helmet | Mile 27 Store,"Racing spirit, for overcoming everyday challenges.",,Cleaned noise; brand verified,High,false,Helmets,High,"Mapped from Shopify Type ""Helmets""",agv-k1-s-rossi-winter-test-2017-helmet-1|Size:XS|price:50000.00|compare:|weight:5000|barcode:|qty:0 | agv-k1-s-rossi-winter-test-2017-helmet-2|Size:S|price:50000.00|compare:|weight:5000|barcode:|qty:0 | agv-k1-s-rossi-winter-test-2017-helmet-3|Size:M|price:50000.00|compare:|weight:5000|barcode:|qty:0 | agv-k1-s-rossi-winter-test-2017-helmet-4|Size:L|price:50000.00|compare:|weight:5000|barcode:|qty:0 | agv-k1-s-rossi-winter-test-2017-helmet-5|Size:XL|price:50000.00|compare:|weight:5000|barcode:|qty:0 | agv-k1-s-rossi-winter-test-2017-helmet-6|Size:XXL|price:50000.00|compare:|weight:5000|barcode:|qty:0,"agv-k1-s-rossi-winter-test-2017-helmet-1,agv-k1-s-rossi-winter-test-2017-helmet-2,agv-k1-s-rossi-winter-test-2017-helmet-3,agv-k1-s-rossi-winter-test-2017-helmet-4,agv-k1-s-rossi-winter-test-2017-helmet-5,agv-k1-s-rossi-winter-test-2017-helmet-6",6,https://cdn.shopify.com/s/files/1/0076/8301/4754/files/2118394003_024_1.webp?v=1761296767|pos:1|alt:AGV AGV K1 S Rossi Winter Test 2017 Helmet – front view || https://cdn.shopify.com/s/files/1/0076/8301/4754/files/2118394003_024_2.webp?v=1761296766|pos:2|alt:AGV AGV K1 S Rossi Winter Test 2017 Helmet – side view || https://cdn.shopify.com/s/files/1/0076/8301/4754/files/2118394003_024_5.webp?v=1761296766|pos:3|alt:AGV AGV K1 S Rossi Winter Test 2017 Helmet – rear view || https://cdn.shopify.com/s/files/1/0076/8301/4754/files/2118394003_024_4.webp?v=1761296766|pos:4|alt:AGV AGV K1 S Rossi Winter Test 2017 Helmet – detail view || https://cdn.shopify.com/s/files/1/0076/8301/4754/files/2118394003_024_3.webp?v=1761296766|pos:5|alt:AGV AGV K1 S Rossi Winter Test 2017 Helmet – top view || https://cdn.shopify.com/s/files/1/0076/8301/4754/files/2118394003_024_7.webp?v=1761296766|pos:6|alt:AGV AGV K1 S Rossi Winter Test 2017 Helmet – product view,6,AGV AGV K1 S Rossi Winter Test 2017 Helmet – front view | AGV AGV K1 S Rossi Winter Test 2017 Helmet – side view | AGV AGV K1 S Rossi Winter Test 2017 Helmet – rear view | AGV AGV K1 S Rossi Winter Test 2017 Helmet – detail view | AGV AGV K1 S Rossi Winter Test 2017 Helmet – top view | AGV AGV K1 S Rossi Winter Test 2017 Helmet – product view,season:winter,1,,,,,,,,,false,not_eligible,,0,false,/products/agv-k1-s-rossi-winter-test-2017-helmet,/products/agv-k1-s-rossi-winter-test-2017-helmet
agv-k1-s-rossi-mugello-1999-helmet,agv-k1-s-rossi-mugello-1999-helmet,AGV K1 S Rossi Mugello 1999 Helmet,AGV K1 S Rossi Mugello 1999 Helmet,agv-k1-s-rossi-mugello-1999-helmet,"Racing spirit, for overcoming everyday challenges. Available in multiple sizes and/or colours — select your variant.","<p><b>Racing spirit, for overcoming everyday challenges.</b><span></span><br><br><span>K1 S is the road helmet that comes out of AGV’s experience in MotoGP™, suitable for a range of uses on any route.</span><br><br><span>The aerodynamic shape of its shell made of </span><b>high-resistance thermoplastic material,</b><span> the </span><b>front air vents</b><span> developed through racing experience and the new </span><b>Aero Spoiler</b><span> designed in the wind tunnel maximize performance and </span><b>provide stability even at high speeds</b><span> in sports riding.</span><br><br><span>The </span><b>Ultravision scratch-resistant panoramic visor</b><span> offers a wider lateral and vertical view, for total control of the surrounding environment. Uncompromising comfort, due to the </span><b>soft, removable and washable Dry-Comfort interior</b><span>.</span><br><br><span>The </span><b>AGV Extreme Safety</b><span> construction protocol means that K1 S meets the requirements of the stringent </span><b>ECE22.06 standard</b><span> and then some.</span><br><br><span>AGV K1 S is prepared for the installation of communication systems.</span></p>
<p><span>Thermoplastic</span></p>
<div class=""accordion-item"">
<div id=""AERODYNAMICS"" class=""accordion-collapse collapse show"" data-bs-parent=""#AERODYNAMICS"">
<div class=""pb-3"">
<p class=""mb-1"">Integrated spoiler</p>
<p class=""mb-1"">Dry-Comfort fabric</p>
<p class=""mb-1"">Fit especially designed to allow wearing glasses</p>
<p class=""mb-1"">Ready for generic communication system</p>
<p class=""mb-1"">Removable and washable interiors</p>
<p class=""mb-1"">Removable nose guard</p>
<p class=""mb-1"">Removable wind protector</p>
<div class=""accordion-item"">
<div id=""RETENTION_SYSTEM"" class=""accordion-collapse collapse show"" data-bs-parent=""#RETENTION_SYSTEM"">
<div class=""pb-3"">
<p class=""mb-1"">Double D</p>
<p class=""mb-1"">2 shell sizes</p>
<p class=""mb-1"">4-density EPS developed in 4 sizes</p>
<p class=""mb-1"">Collarbone safe profile</p>
<p class=""mb-1"">High Resistance Thermoplastic</p>
<p class=""mb-1"">2 rear extractors</p>
<p class=""mb-1"">5 front vents</p>
<p class=""mb-1"">Adjustable air vents</p>
<p class=""mb-1"">190° horizontal field of view</p>
<p class=""mb-1"">Anti-scratch</p>
<p class=""mb-1"">Micro-opening system</p>
<p class=""mb-1"">Multistep visor mechanism</p>
<p class=""mb-1"">Patented Extra Quick Release System</p>
<p class=""mb-1"">Pinlock® 70 MaxVision™ Prepared</p>
<div class=""accordion"" id=""accordion-MaterialCare"">
<div class=""accordion-item"">
<div id=""WEIGHT"" class=""accordion-collapse collapse show"" data-bs-parent=""#WEIGHT"">
<div class=""pb-3"">
<p class=""mb-1"">1.580 g in first shell size</p>
</div>
</div>
</div>
</div>
</div>
</div>
</div>
</div>
</div>
</div>","Racing spirit, for overcoming everyday challenges.

K1 S is the road helmet that comes out of AGV’s experience in MotoGP™, suitable for a range of uses on any route.

The aerodynamic shape of its shell made of high-resistance thermoplastic material, the front air vents developed through racing experience and the new Aero Spoiler designed in the wind tunnel maximize performance and provide stability even at high speeds in sports riding.

The Ultravision scratch-resistant panoramic visor offers a wider lateral and vertical view, for total control of the surrounding environment. Uncompromising comfort, due to the soft, removable and washable Dry-Comfort interior.

The AGV Extreme Safety construction protocol means that K1 S meets the requirements of the stringent ECE22.06 standard and then some.

AGV K1 S is prepared for the installation of communication systems.

Thermoplastic

Integrated spoiler

Dry-Comfort fabric

Fit especially designed to allow wearing glasses

Ready for generic communication system

Removable and washable interiors

Removable nose guard

Removable wind protector

Double D

2 shell sizes

4-density EPS developed in 4 sizes

Collarbone safe profile

High Resistance Thermoplastic

2 rear extractors

5 front vents

Adjustable air vents

190° horizontal field of view

Anti-scratch

Micro-opening system

Multistep visor mechanism

Patented Extra Quick Release System

Pinlock® 70 MaxVision™ Prepared

1.580 g in first shell size",53000,,2026-07-26,active,AGV,5000,g,Buy AGV K1 S Rossi Mugello 1999 Helmet | Mile 27 Store,"Racing spirit, for overcoming everyday challenges.",,Cleaned noise; brand verified,High,false,Helmets,High,"Mapped from Shopify Type ""Helmets""",agv-k1-s-rossi-mugello-1999-helmet-1|Size:XS|price:53000.00|compare:|weight:5000|barcode:|qty:0 | agv-k1-s-rossi-mugello-1999-helmet-2|Size:S|price:53000.00|compare:|weight:5000|barcode:|qty:0 | agv-k1-s-rossi-mugello-1999-helmet-3|Size:M|price:53000.00|compare:|weight:5000|barcode:|qty:0 | agv-k1-s-rossi-mugello-1999-helmet-4|Size:L|price:53000.00|compare:|weight:5000|barcode:|qty:0 | agv-k1-s-rossi-mugello-1999-helmet-5|Size:XL|price:53000.00|compare:|weight:5000|barcode:|qty:0 | agv-k1-s-rossi-mugello-1999-helmet-6|Size:XXL|price:53000.00|compare:|weight:5000|barcode:|qty:0,"agv-k1-s-rossi-mugello-1999-helmet-1,agv-k1-s-rossi-mugello-1999-helmet-2,agv-k1-s-rossi-mugello-1999-helmet-3,agv-k1-s-rossi-mugello-1999-helmet-4,agv-k1-s-rossi-mugello-1999-helmet-5,agv-k1-s-rossi-mugello-1999-helmet-6",6,https://cdn.shopify.com/s/files/1/0076/8301/4754/files/2118394003_041_1.webp?v=1761296479|pos:1|alt:AGV AGV K1 S Rossi Mugello 1999 Helmet – front view || https://cdn.shopify.com/s/files/1/0076/8301/4754/files/2118394003_041_2.webp?v=1761296479|pos:2|alt:AGV AGV K1 S Rossi Mugello 1999 Helmet – side view || https://cdn.shopify.com/s/files/1/0076/8301/4754/files/2118394003_041_5.webp?v=1761296479|pos:3|alt:AGV AGV K1 S Rossi Mugello 1999 Helmet – rear view || https://cdn.shopify.com/s/files/1/0076/8301/4754/files/2118394003_041_4.webp?v=1761296479|pos:4|alt:AGV AGV K1 S Rossi Mugello 1999 Helmet – detail view || https://cdn.shopify.com/s/files/1/0076/8301/4754/files/2118394003_041_3.webp?v=1761296479|pos:5|alt:AGV AGV K1 S Rossi Mugello 1999 Helmet – top view || https://cdn.shopify.com/s/files/1/0076/8301/4754/files/2118394003_041_7.webp?v=1761296479|pos:6|alt:AGV AGV K1 S Rossi Mugello 1999 Helmet – product view,6,AGV AGV K1 S Rossi Mugello 1999 Helmet – front view | AGV AGV K1 S Rossi Mugello 1999 Helmet – side view | AGV AGV K1 S Rossi Mugello 1999 Helmet – rear view | AGV AGV K1 S Rossi Mugello 1999 Helmet – detail view | AGV AGV K1 S Rossi Mugello 1999 Helmet – top view | AGV AGV K1 S Rossi Mugello 1999 Helmet – product view,,0,,,,,,,,,false,not_eligible,,0,false,/products/agv-k1-s-rossi-mugello-1999-helmet,/products/agv-k1-s-rossi-mugello-1999-helmet
agv-k1-s-limit-46-helmet,agv-k1-s-limit-46-helmet,AGV K1 S Limit 46 Helmet,AGV K1 S Limit 46 Helmet,agv-k1-s-limit-46-helmet,"Racing spirit, for overcoming everyday challenges. Available in multiple sizes and/or colours — select your variant.","<p><b>Racing spirit, for overcoming everyday challenges.</b><span></span><br><br><span>K1 S is the road helmet that comes out of AGV’s experience in MotoGP™, suitable for a range of uses on any route.</span><br><br><span>The aerodynamic shape of its shell made of </span><b>high-resistance thermoplastic material,</b><span> the </span><b>front air vents</b><span> developed through racing experience and the new </span><b>Aero Spoiler</b><span> designed in the wind tunnel maximize performance and </span><b>provide stability even at high speeds</b><span> in sports riding.</span><br><br><span>The </span><b>Ultravision scratch-resistant panoramic visor</b><span> offers a wider lateral and vertical view, for total control of the surrounding environment. Uncompromising comfort, due to the </span><b>soft, removable and washable Dry-Comfort interior</b><span>.</span><br><br><span>The </span><b>AGV Extreme Safety</b><span> construction protocol means that K1 S meets the requirements of the stringent </span><b>ECE22.06 standard</b><span> and then some.</span><br><br><span>AGV K1 S is prepared for the installation of communication systems.</span></p>
<p><span>Thermoplastic</span></p>
<div class=""accordion-item"">
<div id=""AERODYNAMICS"" class=""accordion-collapse collapse show"" data-bs-parent=""#AERODYNAMICS"">
<div class=""pb-3"">
<p class=""mb-1"">Integrated spoiler</p>
<p class=""mb-1"">Dry-Comfort fabric</p>
<p class=""mb-1"">Fit especially designed to allow wearing glasses</p>
<p class=""mb-1"">Ready for generic communication system</p>
<p class=""mb-1"">Removable and washable interiors</p>
<p class=""mb-1"">Removable nose guard</p>
<p class=""mb-1"">Removable wind protector</p>
<div class=""accordion-item"">
<div id=""RETENTION_SYSTEM"" class=""accordion-collapse collapse show"" data-bs-parent=""#RETENTION_SYSTEM"">
<div class=""pb-3"">
<p class=""mb-1"">Double D</p>
<p class=""mb-1"">2 shell sizes</p>
<p class=""mb-1"">4-density EPS developed in 4 sizes</p>
<p class=""mb-1"">Collarbone safe profile</p>
<p class=""mb-1"">High Resistance Thermoplastic</p>
<p class=""mb-1"">2 rear extractors</p>
<p class=""mb-1"">5 front vents</p>
<p class=""mb-1"">Adjustable air vents</p>
<p class=""mb-1"">190° horizontal field of view</p>
<p class=""mb-1"">Anti-scratch</p>
<p class=""mb-1"">Micro-opening system</p>
<p class=""mb-1"">Multistep visor mechanism</p>
<p class=""mb-1"">Patented Extra Quick Release System</p>
<p class=""mb-1"">Pinlock® 70 MaxVision™ Prepared</p>
<div class=""accordion"" id=""accordion-MaterialCare"">
<div class=""accordion-item"">
<div id=""WEIGHT"" class=""accordion-collapse collapse show"" data-bs-parent=""#WEIGHT"">
<div class=""pb-3"">
<p class=""mb-1"">1.580 g in first shell size</p>
</div>
</div>
</div>
</div>
</div>
</div>
</div>
</div>
</div>
</div>","Racing spirit, for overcoming everyday challenges.

K1 S is the road helmet that comes out of AGV’s experience in MotoGP™, suitable for a range of uses on any route.

The aerodynamic shape of its shell made of high-resistance thermoplastic material, the front air vents developed through racing experience and the new Aero Spoiler designed in the wind tunnel maximize performance and provide stability even at high speeds in sports riding.

The Ultravision scratch-resistant panoramic visor offers a wider lateral and vertical view, for total control of the surrounding environment. Uncompromising comfort, due to the soft, removable and washable Dry-Comfort interior.

The AGV Extreme Safety construction protocol means that K1 S meets the requirements of the stringent ECE22.06 standard and then some.

AGV K1 S is prepared for the installation of communication systems.

Thermoplastic

Integrated spoiler

Dry-Comfort fabric

Fit especially designed to allow wearing glasses

Ready for generic communication system

Removable and washable interiors

Removable nose guard

Removable wind protector

Double D

2 shell sizes

4-density EPS developed in 4 sizes

Collarbone safe profile

High Resistance Thermoplastic

2 rear extractors

5 front vents

Adjustable air vents

190° horizontal field of view

Anti-scratch

Micro-opening system

Multistep visor mechanism

Patented Extra Quick Release System

Pinlock® 70 MaxVision™ Prepared

1.580 g in first shell size",53000,,2026-07-26,active,AGV,5000,g,Buy AGV K1 S Limit 46 Helmet | Mile 27 Store,"Racing spirit, for overcoming everyday challenges.",,Cleaned noise; brand verified,High,false,Helmets,High,"Mapped from Shopify Type ""Helmets""",agv-k1-s-limit-46-helmet-1|Size:XS|price:53000.00|compare:|weight:5000|barcode:|qty:0 | agv-k1-s-limit-46-helmet-2|Size:S|price:53000.00|compare:|weight:5000|barcode:|qty:0 | agv-k1-s-limit-46-helmet-3|Size:M|price:53000.00|compare:|weight:5000|barcode:|qty:0 | agv-k1-s-limit-46-helmet-4|Size:L|price:53000.00|compare:|weight:5000|barcode:|qty:0 | agv-k1-s-limit-46-helmet-5|Size:XL|price:53000.00|compare:|weight:5000|barcode:|qty:0 | agv-k1-s-limit-46-helmet-6|Size:XXL|price:53000.00|compare:|weight:5000|barcode:|qty:0,"agv-k1-s-limit-46-helmet-1,agv-k1-s-limit-46-helmet-2,agv-k1-s-limit-46-helmet-3,agv-k1-s-limit-46-helmet-4,agv-k1-s-limit-46-helmet-5,agv-k1-s-limit-46-helmet-6",6,https://cdn.shopify.com/s/files/1/0076/8301/4754/files/2118394003_017_1.webp?v=1761295798|pos:1|alt:AGV AGV K1 S Limit 46 Helmet – front view || https://cdn.shopify.com/s/files/1/0076/8301/4754/files/2118394003_017_2.webp?v=1761295798|pos:2|alt:AGV AGV K1 S Limit 46 Helmet – side view || https://cdn.shopify.com/s/files/1/0076/8301/4754/files/2118394003_017_5.webp?v=1761295798|pos:3|alt:AGV AGV K1 S Limit 46 Helmet – rear view || https://cdn.shopify.com/s/files/1/0076/8301/4754/files/2118394003_017_4.webp?v=1761295799|pos:4|alt:AGV AGV K1 S Limit 46 Helmet – detail view || https://cdn.shopify.com/s/files/1/0076/8301/4754/files/2118394003_017_3.webp?v=1761295798|pos:5|alt:AGV AGV K1 S Limit 46 Helmet – top view || https://cdn.shopify.com/s/files/1/0076/8301/4754/files/2118394003_017_7.webp?v=1761295798|pos:6|alt:AGV AGV K1 S Limit 46 Helmet – product view,6,AGV AGV K1 S Limit 46 Helmet – front view | AGV AGV K1 S Limit 46 Helmet – side view | AGV AGV K1 S Limit 46 Helmet – rear view | AGV AGV K1 S Limit 46 Helmet – detail view | AGV AGV K1 S Limit 46 Helmet – top view | AGV AGV K1 S Limit 46 Helmet – product view,,0,,,,,,,,,false,not_eligible,,0,false,/products/agv-k1-s-limit-46-helmet,/products/agv-k1-s-limit-46-helmet
agv-k1-s-fastlap-black-red-blue-helmet,agv-k1-s-fastlap-black-red-blue-helmet,AGV K1 S Fastlap Black/Red/Blue Helmet,AGV K1 S Fastlap Black/Red/Blue Helmet,agv-k1-s-fastlap-black-red-blue-helmet,"Racing spirit, for overcoming everyday challenges. Available in multiple sizes and/or colours — select your variant.","<p><b>Racing spirit, for overcoming everyday challenges.</b><span></span><br><br><span>K1 S is the road helmet that comes out of AGV’s experience in MotoGP™, suitable for a range of uses on any route.</span><br><br><span>The aerodynamic shape of its shell made of </span><b>high-resistance thermoplastic material,</b><span> the </span><b>front air vents</b><span> developed through racing experience and the new </span><b>Aero Spoiler</b><span> designed in the wind tunnel maximize performance and </span><b>provide stability even at high speeds</b><span> in sports riding.</span><br><br><span>The </span><b>Ultravision scratch-resistant panoramic visor</b><span> offers a wider lateral and vertical view, for total control of the surrounding environment. Uncompromising comfort, due to the </span><b>soft, removable and washable Dry-Comfort interior</b><span>.</span><br><br><span>The </span><b>AGV Extreme Safety</b><span> construction protocol means that K1 S meets the requirements of the stringent </span><b>ECE22.06 standard</b><span> and then some.</span><br><br><span>AGV K1 S is prepared for the installation of communication systems.</span></p>
<p><span>Thermoplastic</span></p>
<div class=""accordion-item"">
<div id=""AERODYNAMICS"" class=""accordion-collapse collapse show"" data-bs-parent=""#AERODYNAMICS"">
<div class=""pb-3"">
<p class=""mb-1"">Integrated spoiler</p>
<p class=""mb-1"">Dry-Comfort fabric</p>
<p class=""mb-1"">Fit especially designed to allow wearing glasses</p>
<p class=""mb-1"">Ready for generic communication system</p>
<p class=""mb-1"">Removable and washable interiors</p>
<p class=""mb-1"">Removable nose guard</p>
<p class=""mb-1"">Removable wind protector</p>
<div class=""accordion-item"">
<div id=""RETENTION_SYSTEM"" class=""accordion-collapse collapse show"" data-bs-parent=""#RETENTION_SYSTEM"">
<div class=""pb-3"">
<p class=""mb-1"">Double D</p>
<p class=""mb-1"">2 shell sizes</p>
<p class=""mb-1"">4-density EPS developed in 4 sizes</p>
<p class=""mb-1"">Collarbone safe profile</p>
<p class=""mb-1"">High Resistance Thermoplastic</p>
<p class=""mb-1"">2 rear extractors</p>
<p class=""mb-1"">5 front vents</p>
<p class=""mb-1"">Adjustable air vents</p>
<p class=""mb-1"">190° horizontal field of view</p>
<p class=""mb-1"">Anti-scratch</p>
<p class=""mb-1"">Micro-opening system</p>
<p class=""mb-1"">Multistep visor mechanism</p>
<p class=""mb-1"">Patented Extra Quick Release System</p>
<p class=""mb-1"">Pinlock® 70 MaxVision™ Prepared</p>
<div class=""accordion"" id=""accordion-MaterialCare"">
<div class=""accordion-item"">
<div id=""WEIGHT"" class=""accordion-collapse collapse show"" data-bs-parent=""#WEIGHT"">
<div class=""pb-3"">
<p class=""mb-1"">1.580 g in first shell size</p>
</div>
</div>
</div>
</div>
</div>
</div>
</div>
</div>
</div>
</div>","Racing spirit, for overcoming everyday challenges.

K1 S is the road helmet that comes out of AGV’s experience in MotoGP™, suitable for a range of uses on any route.

The aerodynamic shape of its shell made of high-resistance thermoplastic material, the front air vents developed through racing experience and the new Aero Spoiler designed in the wind tunnel maximize performance and provide stability even at high speeds in sports riding.

The Ultravision scratch-resistant panoramic visor offers a wider lateral and vertical view, for total control of the surrounding environment. Uncompromising comfort, due to the soft, removable and washable Dry-Comfort interior.

The AGV Extreme Safety construction protocol means that K1 S meets the requirements of the stringent ECE22.06 standard and then some.

AGV K1 S is prepared for the installation of communication systems.

Thermoplastic

Integrated spoiler

Dry-Comfort fabric

Fit especially designed to allow wearing glasses

Ready for generic communication system

Removable and washable interiors

Removable nose guard

Removable wind protector

Double D

2 shell sizes

4-density EPS developed in 4 sizes

Collarbone safe profile

High Resistance Thermoplastic

2 rear extractors

5 front vents

Adjustable air vents

190° horizontal field of view

Anti-scratch

Micro-opening system

Multistep visor mechanism

Patented Extra Quick Release System

Pinlock® 70 MaxVision™ Prepared

1.580 g in first shell size",46000,,2026-07-26,active,AGV,5000,g,Buy AGV K1 S Fastlap Black/Red/Blue Helmet | Mile 27 Store,"Racing spirit, for overcoming everyday challenges.",,Cleaned noise; brand verified,High,false,Helmets,High,"Mapped from Shopify Type ""Helmets""",agv-k1-s-fastlap-black-red-blue-helmet-1|Size:XS|price:46000.00|compare:|weight:5000|barcode:|qty:0 | agv-k1-s-fastlap-black-red-blue-helmet-2|Size:S|price:46000.00|compare:|weight:5000|barcode:|qty:0 | agv-k1-s-fastlap-black-red-blue-helmet-3|Size:M|price:46000.00|compare:|weight:5000|barcode:|qty:0 | agv-k1-s-fastlap-black-red-blue-helmet-4|Size:L|price:46000.00|compare:|weight:5000|barcode:|qty:0 | agv-k1-s-fastlap-black-red-blue-helmet-5|Size:XL|price:46000.00|compare:|weight:5000|barcode:|qty:0 | agv-k1-s-fastlap-black-red-blue-helmet-6|Size:XXL|price:46000.00|compare:|weight:5000|barcode:|qty:0,"agv-k1-s-fastlap-black-red-blue-helmet-1,agv-k1-s-fastlap-black-red-blue-helmet-2,agv-k1-s-fastlap-black-red-blue-helmet-3,agv-k1-s-fastlap-black-red-blue-helmet-4,agv-k1-s-fastlap-black-red-blue-helmet-5,agv-k1-s-fastlap-black-red-blue-helmet-6",6,https://cdn.shopify.com/s/files/1/0076/8301/4754/files/2118394003_066_1.webp?v=1761295517|pos:1|alt:AGV AGV K1 S Fastlap Black/Red/Blue Helmet – front view || https://cdn.shopify.com/s/files/1/0076/8301/4754/files/2118394003_066_2.webp?v=1761295518|pos:2|alt:AGV AGV K1 S Fastlap Black/Red/Blue Helmet – side view || https://cdn.shopify.com/s/files/1/0076/8301/4754/files/2118394003_066_5.webp?v=1761295517|pos:3|alt:AGV AGV K1 S Fastlap Black/Red/Blue Helmet – rear view || https://cdn.shopify.com/s/files/1/0076/8301/4754/files/2118394003_066_4.webp?v=1761295517|pos:4|alt:AGV AGV K1 S Fastlap Black/Red/Blue Helmet – detail view || https://cdn.shopify.com/s/files/1/0076/8301/4754/files/2118394003_066_3.webp?v=1761295517|pos:5|alt:AGV AGV K1 S Fastlap Black/Red/Blue Helmet – top view || https://cdn.shopify.com/s/files/1/0076/8301/4754/files/2118394003_066_7.webp?v=1761295517|pos:6|alt:AGV AGV K1 S Fastlap Black/Red/Blue Helmet – product view,6,AGV AGV K1 S Fastlap Black/Red/Blue Helmet – front view | AGV AGV K1 S Fastlap Black/Red/Blue Helmet – side view | AGV AGV K1 S Fastlap Black/Red/Blue Helmet – rear view | AGV AGV K1 S Fastlap Black/Red/Blue Helmet – detail view | AGV AGV K1 S Fastlap Black/Red/Blue Helmet – top view | AGV AGV K1 S Fastlap Black/Red/Blue Helmet – product view,,0,,,,,,,,,false,not_eligible,,0,false,/products/agv-k1-s-fastlap-black-red-blue-helmet,/products/agv-k1-s-fastlap-black-red-blue-helmet
agv-k1-s-grazie-vale-helmet,agv-k1-s-grazie-vale-helmet,AGV K1 S Grazie Vale Helmet,AGV K1 S Grazie Vale Helmet,agv-k1-s-grazie-vale-helmet,"Racing spirit, for overcoming everyday challenges. Available in multiple sizes and/or colours — select your variant.","<p><b>Racing spirit, for overcoming everyday challenges.</b><span></span><br><br><span>K1 S is the road helmet that comes out of AGV’s experience in MotoGP™, suitable for a range of uses on any route.</span><br><br><span>The aerodynamic shape of its shell made of </span><b>high-resistance thermoplastic material,</b><span> the </span><b>front air vents</b><span> developed through racing experience and the new </span><b>Aero Spoiler</b><span> designed in the wind tunnel maximize performance and </span><b>provide stability even at high speeds</b><span> in sports riding.</span><br><br><span>The </span><b>Ultravision scratch-resistant panoramic visor</b><span> offers a wider lateral and vertical view, for total control of the surrounding environment. Uncompromising comfort, due to the </span><b>soft, removable and washable Dry-Comfort interior</b><span>.</span><br><br><span>The </span><b>AGV Extreme Safety</b><span> construction protocol means that K1 S meets the requirements of the stringent </span><b>ECE22.06 standard</b><span> and then some.</span><br><br><span>AGV K1 S is prepared for the installation of communication systems.</span></p>
<p><span>Thermoplastic</span></p>
<div class=""accordion-item"">
<div id=""AERODYNAMICS"" class=""accordion-collapse collapse show"" data-bs-parent=""#AERODYNAMICS"">
<div class=""pb-3"">
<p class=""mb-1"">Integrated spoiler</p>
<p class=""mb-1"">Dry-Comfort fabric</p>
<p class=""mb-1"">Fit especially designed to allow wearing glasses</p>
<p class=""mb-1"">Ready for generic communication system</p>
<p class=""mb-1"">Removable and washable interiors</p>
<p class=""mb-1"">Removable nose guard</p>
<p class=""mb-1"">Removable wind protector</p>
<div class=""accordion-item"">
<div id=""RETENTION_SYSTEM"" class=""accordion-collapse collapse show"" data-bs-parent=""#RETENTION_SYSTEM"">
<div class=""pb-3"">
<p class=""mb-1"">Double D</p>
<p class=""mb-1"">2 shell sizes</p>
<p class=""mb-1"">4-density EPS developed in 4 sizes</p>
<p class=""mb-1"">Collarbone safe profile</p>
<p class=""mb-1"">High Resistance Thermoplastic</p>
<p class=""mb-1"">2 rear extractors</p>
<p class=""mb-1"">5 front vents</p>
<p class=""mb-1"">Adjustable air vents</p>
<p class=""mb-1"">190° horizontal field of view</p>
<p class=""mb-1"">Anti-scratch</p>
<p class=""mb-1"">Micro-opening system</p>
<p class=""mb-1"">Multistep visor mechanism</p>
<p class=""mb-1"">Patented Extra Quick Release System</p>
<p class=""mb-1"">Pinlock® 70 MaxVision™ Prepared</p>
<div class=""accordion"" id=""accordion-MaterialCare"">
<div class=""accordion-item"">
<div id=""WEIGHT"" class=""accordion-collapse collapse show"" data-bs-parent=""#WEIGHT"">
<div class=""pb-3"">
<p class=""mb-1"">1.580 g in first shell size</p>
</div>
</div>
</div>
</div>
</div>
</div>
</div>
</div>
</div>
</div>","Racing spirit, for overcoming everyday challenges.

K1 S is the road helmet that comes out of AGV’s experience in MotoGP™, suitable for a range of uses on any route.

The aerodynamic shape of its shell made of high-resistance thermoplastic material, the front air vents developed through racing experience and the new Aero Spoiler designed in the wind tunnel maximize performance and provide stability even at high speeds in sports riding.

The Ultravision scratch-resistant panoramic visor offers a wider lateral and vertical view, for total control of the surrounding environment. Uncompromising comfort, due to the soft, removable and washable Dry-Comfort interior.

The AGV Extreme Safety construction protocol means that K1 S meets the requirements of the stringent ECE22.06 standard and then some.

AGV K1 S is prepared for the installation of communication systems.

Thermoplastic

Integrated spoiler

Dry-Comfort fabric

Fit especially designed to allow wearing glasses

Ready for generic communication system

Removable and washable interiors

Removable nose guard

Removable wind protector

Double D

2 shell sizes

4-density EPS developed in 4 sizes

Collarbone safe profile

High Resistance Thermoplastic

2 rear extractors

5 front vents

Adjustable air vents

190° horizontal field of view

Anti-scratch

Micro-opening system

Multistep visor mechanism

Patented Extra Quick Release System

Pinlock® 70 MaxVision™ Prepared

1.580 g in first shell size",53000,,2026-07-26,active,AGV,5000,g,Buy AGV K1 S Grazie Vale Helmet | Mile 27 Store,"Racing spirit, for overcoming everyday challenges.",,Cleaned noise; brand verified,High,false,Helmets,High,"Mapped from Shopify Type ""Helmets""",agv-k1-s-grazie-vale-helmet-1|Size:XS|price:53000.00|compare:|weight:5000|barcode:|qty:0 | agv-k1-s-grazie-vale-helmet-2|Size:S|price:53000.00|compare:|weight:5000|barcode:|qty:0 | agv-k1-s-grazie-vale-helmet-3|Size:M|price:53000.00|compare:|weight:5000|barcode:|qty:0 | agv-k1-s-grazie-vale-helmet-4|Size:L|price:53000.00|compare:|weight:5000|barcode:|qty:0 | agv-k1-s-grazie-vale-helmet-5|Size:XL|price:53000.00|compare:|weight:5000|barcode:|qty:0 | agv-k1-s-grazie-vale-helmet-6|Size:XXL|price:53000.00|compare:|weight:5000|barcode:|qty:0,"agv-k1-s-grazie-vale-helmet-1,agv-k1-s-grazie-vale-helmet-2,agv-k1-s-grazie-vale-helmet-3,agv-k1-s-grazie-vale-helmet-4,agv-k1-s-grazie-vale-helmet-5,agv-k1-s-grazie-vale-helmet-6",6,https://cdn.shopify.com/s/files/1/0076/8301/4754/files/2118394003_018_2.webp?v=1761295099|pos:1|alt:AGV AGV K1 S Grazie Vale Helmet – front view || https://cdn.shopify.com/s/files/1/0076/8301/4754/files/2118394003_018_5.webp?v=1761295099|pos:2|alt:AGV AGV K1 S Grazie Vale Helmet – side view || https://cdn.shopify.com/s/files/1/0076/8301/4754/files/2118394003_018_4.webp?v=1761295099|pos:3|alt:AGV AGV K1 S Grazie Vale Helmet – rear view || https://cdn.shopify.com/s/files/1/0076/8301/4754/files/2118394003_018_3.webp?v=1761295099|pos:4|alt:AGV AGV K1 S Grazie Vale Helmet – detail view || https://cdn.shopify.com/s/files/1/0076/8301/4754/files/2118394003_018_7.webp?v=1761295099|pos:5|alt:AGV AGV K1 S Grazie Vale Helmet – top view,5,AGV AGV K1 S Grazie Vale Helmet – front view | AGV AGV K1 S Grazie Vale Helmet – side view | AGV AGV K1 S Grazie Vale Helmet – rear view | AGV AGV K1 S Grazie Vale Helmet – detail view | AGV AGV K1 S Grazie Vale Helmet – top view,,0,,,,,,,,,false,not_eligible,,0,false,/products/agv-k1-s-grazie-vale-helmet,/products/agv-k1-s-grazie-vale-helmet
agv-k1-s-pulse-46-helmet,agv-k1-s-pulse-46-helmet,AGV K1 S Pulse 46 Helmet,AGV K1 S Pulse 46 Helmet,agv-k1-s-pulse-46-helmet,"Racing spirit, for overcoming everyday challenges. Available in multiple sizes and/or colours — select your variant.","<p><b>Racing spirit, for overcoming everyday challenges.</b><span></span><br><br><span>K1 S is the road helmet that comes out of AGV’s experience in MotoGP™, suitable for a range of uses on any route.</span><br><br><span>The aerodynamic shape of its shell made of </span><b>high-resistance thermoplastic material,</b><span> the </span><b>front air vents</b><span> developed through racing experience and the new </span><b>Aero Spoiler</b><span> designed in the wind tunnel maximize performance and </span><b>provide stability even at high speeds</b><span> in sports riding.</span><br><br><span>The </span><b>Ultravision scratch-resistant panoramic visor</b><span> offers a wider lateral and vertical view, for total control of the surrounding environment. Uncompromising comfort, due to the </span><b>soft, removable and washable Dry-Comfort interior</b><span>.</span><br><br><span>The </span><b>AGV Extreme Safety</b><span> construction protocol means that K1 S meets the requirements of the stringent </span><b>ECE22.06 standard</b><span> and then some.</span><br><br><span>AGV K1 S is prepared for the installation of communication systems.</span></p>
<p><span>Thermoplastic</span></p>
<div class=""accordion-item"">
<div id=""AERODYNAMICS"" class=""accordion-collapse collapse show"" data-bs-parent=""#AERODYNAMICS"">
<div class=""pb-3"">
<p class=""mb-1"">Integrated spoiler</p>
<p class=""mb-1"">Dry-Comfort fabric</p>
<p class=""mb-1"">Fit especially designed to allow wearing glasses</p>
<p class=""mb-1"">Ready for generic communication system</p>
<p class=""mb-1"">Removable and washable interiors</p>
<p class=""mb-1"">Removable nose guard</p>
<p class=""mb-1"">Removable wind protector</p>
<div class=""accordion-item"">
<div id=""RETENTION_SYSTEM"" class=""accordion-collapse collapse show"" data-bs-parent=""#RETENTION_SYSTEM"">
<div class=""pb-3"">
<p class=""mb-1"">Double D</p>
<p class=""mb-1"">2 shell sizes</p>
<p class=""mb-1"">4-density EPS developed in 4 sizes</p>
<p class=""mb-1"">Collarbone safe profile</p>
<p class=""mb-1"">High Resistance Thermoplastic</p>
<p class=""mb-1"">2 rear extractors</p>
<p class=""mb-1"">5 front vents</p>
<p class=""mb-1"">Adjustable air vents</p>
<p class=""mb-1"">190° horizontal field of view</p>
<p class=""mb-1"">Anti-scratch</p>
<p class=""mb-1"">Micro-opening system</p>
<p class=""mb-1"">Multistep visor mechanism</p>
<p class=""mb-1"">Patented Extra Quick Release System</p>
<p class=""mb-1"">Pinlock® 70 MaxVision™ Prepared</p>
<p class=""mb-1""><span>1.580 g in first shell size</span></p>
</div>
</div>
</div>
</div>
</div>
</div>","Racing spirit, for overcoming everyday challenges.

K1 S is the road helmet that comes out of AGV’s experience in MotoGP™, suitable for a range of uses on any route.

The aerodynamic shape of its shell made of high-resistance thermoplastic material, the front air vents developed through racing experience and the new Aero Spoiler designed in the wind tunnel maximize performance and provide stability even at high speeds in sports riding.

The Ultravision scratch-resistant panoramic visor offers a wider lateral and vertical view, for total control of the surrounding environment. Uncompromising comfort, due to the soft, removable and washable Dry-Comfort interior.

The AGV Extreme Safety construction protocol means that K1 S meets the requirements of the stringent ECE22.06 standard and then some.

AGV K1 S is prepared for the installation of communication systems.

Thermoplastic

Integrated spoiler

Dry-Comfort fabric

Fit especially designed to allow wearing glasses

Ready for generic communication system

Removable and washable interiors

Removable nose guard

Removable wind protector

Double D

2 shell sizes

4-density EPS developed in 4 sizes

Collarbone safe profile

High Resistance Thermoplastic

2 rear extractors

5 front vents

Adjustable air vents

190° horizontal field of view

Anti-scratch

Micro-opening system

Multistep visor mechanism

Patented Extra Quick Release System

Pinlock® 70 MaxVision™ Prepared

1.580 g in first shell size",53000,,2026-07-26,active,AGV,5000,g,Buy AGV K1 S Pulse 46 Helmet | Mile 27 Store,"Racing spirit, for overcoming everyday challenges.",,Cleaned noise; brand verified,High,false,Helmets,High,"Mapped from Shopify Type ""Helmets""",agv-k1-s-pulse-46-helmet-1|Size:XS|price:53000.00|compare:|weight:5000|barcode:|qty:0 | agv-k1-s-pulse-46-helmet-2|Size:S|price:53000.00|compare:|weight:5000|barcode:|qty:0 | agv-k1-s-pulse-46-helmet-3|Size:M|price:53000.00|compare:|weight:5000|barcode:|qty:0 | agv-k1-s-pulse-46-helmet-4|Size:L|price:53000.00|compare:|weight:5000|barcode:|qty:0 | agv-k1-s-pulse-46-helmet-5|Size:XL|price:53000.00|compare:|weight:5000|barcode:|qty:0 | agv-k1-s-pulse-46-helmet-6|Size:XXL|price:53000.00|compare:|weight:5000|barcode:|qty:0,"agv-k1-s-pulse-46-helmet-1,agv-k1-s-pulse-46-helmet-2,agv-k1-s-pulse-46-helmet-3,agv-k1-s-pulse-46-helmet-4,agv-k1-s-pulse-46-helmet-5,agv-k1-s-pulse-46-helmet-6",6,https://cdn.shopify.com/s/files/1/0076/8301/4754/files/2118394003_040_1.webp?v=1761290580|pos:1|alt:AGV AGV K1 S Pulse 46 Helmet – front view || https://cdn.shopify.com/s/files/1/0076/8301/4754/files/2118394003_040_2.webp?v=1761290579|pos:2|alt:AGV AGV K1 S Pulse 46 Helmet – side view || https://cdn.shopify.com/s/files/1/0076/8301/4754/files/2118394003_040_5.webp?v=1761290581|pos:3|alt:AGV AGV K1 S Pulse 46 Helmet – rear view || https://cdn.shopify.com/s/files/1/0076/8301/4754/files/2118394003_040_4.webp?v=1761290579|pos:4|alt:AGV AGV K1 S Pulse 46 Helmet – detail view || https://cdn.shopify.com/s/files/1/0076/8301/4754/files/2118394003_040_3.webp?v=1761290579|pos:5|alt:AGV AGV K1 S Pulse 46 Helmet – top view || https://cdn.shopify.com/s/files/1/0076/8301/4754/files/2118394003_040_7.webp?v=1761290579|pos:6|alt:AGV AGV K1 S Pulse 46 Helmet – product view,6,AGV AGV K1 S Pulse 46 Helmet – front view | AGV AGV K1 S Pulse 46 Helmet – side view | AGV AGV K1 S Pulse 46 Helmet – rear view | AGV AGV K1 S Pulse 46 Helmet – detail view | AGV AGV K1 S Pulse 46 Helmet – top view | AGV AGV K1 S Pulse 46 Helmet – product view,,0,,,,,,,,,false,not_eligible,,0,false,/products/agv-k1-s-pulse-46-helmet,/products/agv-k1-s-pulse-46-helmet
agv-k1-s-white-helmet,agv-k1-s-white-helmet,AGV K1 S White Helmet,AGV K1 S White Helmet,agv-k1-s-white-helmet,"K1 S is the road helmet that comes out of AGV’s experience in MotoGP™, suitable for a range of uses on any route. Available in multiple sizes and/or colours — select your variant.","<p><span>K1 S is the road helmet that comes out of AGV’s experience in MotoGP™, suitable for a range of uses on any route.</span><br><br><span>The aerodynamic shape of its shell made of </span><b>high-resistance thermoplastic material,</b><span> the </span><b>front air vents</b><span> developed through racing experience and the new </span><b>Aero Spoiler</b><span> designed in the wind tunnel maximize performance and </span><b>provide stability even at high speeds</b><span> in sports riding.</span><br><br><span>The </span><b>Ultravision scratch-resistant panoramic visor</b><span> offers a wider lateral and vertical view, for total control of the surrounding environment. Uncompromising comfort, due to the </span><b>soft, removable and washable Dry-Comfort interior</b><span>.</span><br><br><span>The </span><b>AGV Extreme Safety</b><span> construction protocol means that K1 S meets the requirements of the stringent </span><b>ECE22.06 standard</b><span> and then some.</span><br><br><span>AGV K1 S is prepared for the installation of communication systems.</span></p>
<p><span>Thermoplastic</span></p>
<div class=""accordion-item"">
<div id=""AERODYNAMICS"" class=""accordion-collapse collapse show"" data-bs-parent=""#AERODYNAMICS"">
<div class=""pb-3"">
<p class=""mb-1"">Integrated spoiler</p>
<p class=""mb-1"">Dry-Comfort fabric</p>
<p class=""mb-1"">Fit especially designed to allow wearing glasses</p>
<p class=""mb-1"">Ready for generic communication system</p>
<p class=""mb-1"">Removable and washable interiors</p>
<p class=""mb-1"">Removable nose guard</p>
<p class=""mb-1"">Removable wind protector</p>
<div class=""accordion-item"">
<div id=""RETENTION_SYSTEM"" class=""accordion-collapse collapse show"" data-bs-parent=""#RETENTION_SYSTEM"">
<div class=""pb-3"">
<p class=""mb-1"">Double D</p>
<p class=""mb-1"">2 shell sizes</p>
<p class=""mb-1"">4-density EPS developed in 4 sizes</p>
<p class=""mb-1"">Collarbone safe profile</p>
<p class=""mb-1"">High Resistance Thermoplastic</p>
<p class=""mb-1"">2 rear extractors</p>
<p class=""mb-1"">5 front vents</p>
<p class=""mb-1"">Adjustable air vents</p>
<p class=""mb-1"">190° horizontal field of view</p>
<p class=""mb-1"">Anti-scratch</p>
<p class=""mb-1"">Micro-opening system</p>
<p class=""mb-1"">Multistep visor mechanism</p>
<p class=""mb-1"">Patented Extra Quick Release System</p>
<p class=""mb-1"">Pinlock® 70 MaxVision™ Prepared</p>
<div class=""accordion"" id=""accordion-MaterialCare"">
<div class=""accordion-item"">
<div id=""WEIGHT"" class=""accordion-collapse collapse show"" data-bs-parent=""#WEIGHT"">
<div class=""pb-3"">
<p class=""mb-1"">1.580 g in first shell size</p>
</div>
</div>
</div>
</div>
</div>
</div>
</div>
</div>
</div>
</div>","K1 S is the road helmet that comes out of AGV’s experience in MotoGP™, suitable for a range of uses on any route.

The aerodynamic shape of its shell made of high-resistance thermoplastic material, the front air vents developed through racing experience and the new Aero Spoiler designed in the wind tunnel maximize performance and provide stability even at high speeds in sports riding.

The Ultravision scratch-resistant panoramic visor offers a wider lateral and vertical view, for total control of the surrounding environment. Uncompromising comfort, due to the soft, removable and washable Dry-Comfort interior.

The AGV Extreme Safety construction protocol means that K1 S meets the requirements of the stringent ECE22.06 standard and then some.

AGV K1 S is prepared for the installation of communication systems.

Thermoplastic

Integrated spoiler

Dry-Comfort fabric

Fit especially designed to allow wearing glasses

Ready for generic communication system

Removable and washable interiors

Removable nose guard

Removable wind protector

Double D

2 shell sizes

4-density EPS developed in 4 sizes

Collarbone safe profile

High Resistance Thermoplastic

2 rear extractors

5 front vents

Adjustable air vents

190° horizontal field of view

Anti-scratch

Micro-opening system

Multistep visor mechanism

Patented Extra Quick Release System

Pinlock® 70 MaxVision™ Prepared

1.580 g in first shell size",40000,,2026-07-26,active,AGV,5000,g,Buy AGV K1 S White Helmet | Mile 27 Store,"K1 S is the road helmet that comes out of AGV’s experience in MotoGP™, suitable for a range of uses on any route.",,Cleaned noise; brand verified,High,false,Helmets,High,"Mapped from Shopify Type ""Helmets""",agv-k1-s-white-helmet-1|Size:XS|price:40000.00|compare:|weight:5000|barcode:|qty:0 | agv-k1-s-white-helmet-2|Size:S|price:40000.00|compare:|weight:5000|barcode:|qty:0 | agv-k1-s-white-helmet-3|Size:M|price:40000.00|compare:|weight:5000|barcode:|qty:0 | agv-k1-s-white-helmet-4|Size:L|price:40000.00|compare:|weight:5000|barcode:|qty:0 | agv-k1-s-white-helmet-5|Size:XL|price:40000.00|compare:|weight:5000|barcode:|qty:0 | agv-k1-s-white-helmet-6|Size:XXL|price:40000.00|compare:|weight:5000|barcode:|qty:0,"agv-k1-s-white-helmet-1,agv-k1-s-white-helmet-2,agv-k1-s-white-helmet-3,agv-k1-s-white-helmet-4,agv-k1-s-white-helmet-5,agv-k1-s-white-helmet-6",6,https://cdn.shopify.com/s/files/1/0076/8301/4754/files/2118394003_028_1.webp?v=1761289038|pos:1|alt:AGV AGV K1 S White Helmet – front view || https://cdn.shopify.com/s/files/1/0076/8301/4754/files/2118394003_028_2.webp?v=1761289038|pos:2|alt:AGV AGV K1 S White Helmet – side view || https://cdn.shopify.com/s/files/1/0076/8301/4754/files/2118394003_028_5.webp?v=1761289038|pos:3|alt:AGV AGV K1 S White Helmet – rear view || https://cdn.shopify.com/s/files/1/0076/8301/4754/files/2118394003_028_4.webp?v=1761289038|pos:4|alt:AGV AGV K1 S White Helmet – detail view || https://cdn.shopify.com/s/files/1/0076/8301/4754/files/2118394003_028_3.webp?v=1761289038|pos:5|alt:AGV AGV K1 S White Helmet – top view || https://cdn.shopify.com/s/files/1/0076/8301/4754/files/2118394003_028_7.webp?v=1761289038|pos:6|alt:AGV AGV K1 S White Helmet – product view,6,AGV AGV K1 S White Helmet – front view | AGV AGV K1 S White Helmet – side view | AGV AGV K1 S White Helmet – rear view | AGV AGV K1 S White Helmet – detail view | AGV AGV K1 S White Helmet – top view | AGV AGV K1 S White Helmet – product view,,0,,,,,,,,,false,not_eligible,,0,false,/products/agv-k1-s-white-helmet,/products/agv-k1-s-white-helmet
agv-k1-s-lion-black-red-white-helmet,agv-k1-s-lion-black-red-white-helmet,AGV K1 S Lion Black/Red/White Helmet,AGV K1 S Lion Black/Red/White Helmet,agv-k1-s-lion-black-red-white-helmet,"Racing spirit, for overcoming everyday challenges. Available in multiple sizes and/or colours — select your variant.","<p><b>Racing spirit, for overcoming everyday challenges.</b><span></span><br><br><span>K1 S is the road helmet that comes out of AGV’s experience in MotoGP™, suitable for a range of uses on any route.</span><br><br><span>The aerodynamic shape of its shell made of </span><b>high-resistance thermoplastic material,</b><span> the </span><b>front air vents</b><span> developed through racing experience and the new </span><b>Aero Spoiler</b><span> designed in the wind tunnel maximize performance and </span><b>provide stability even at high speeds</b><span> in sports riding.</span><br><br><span>The </span><b>Ultravision scratch-resistant panoramic visor</b><span> offers a wider lateral and vertical view, for total control of the surrounding environment. Uncompromising comfort, due to the </span><b>soft, removable and washable Dry-Comfort interior</b><span>.</span><br><br><span>The </span><b>AGV Extreme Safety</b><span> construction protocol means that K1 S meets the requirements of the stringent </span><b>ECE22.06 standard</b><span> and then some.</span><br><br><span>AGV K1 S is prepared for the installation of communication systems.</span></p>
<p><span>Thermoplastic</span></p>
<div class=""accordion-item"">
<div id=""AERODYNAMICS"" class=""accordion-collapse collapse show"" data-bs-parent=""#AERODYNAMICS"">
<div class=""pb-3"">
<p class=""mb-1"">Integrated spoiler</p>
<p class=""mb-1"">Dry-Comfort fabric</p>
<p class=""mb-1"">Fit especially designed to allow wearing glasses</p>
<p class=""mb-1"">Ready for generic communication system</p>
<p class=""mb-1"">Removable and washable interiors</p>
<p class=""mb-1"">Removable nose guard</p>
<p class=""mb-1"">Removable wind protector</p>
<div class=""accordion-item"">
<div id=""RETENTION_SYSTEM"" class=""accordion-collapse collapse show"" data-bs-parent=""#RETENTION_SYSTEM"">
<div class=""pb-3"">
<p class=""mb-1"">Double D</p>
<p class=""mb-1"">2 shell sizes</p>
<p class=""mb-1"">4-density EPS developed in 4 sizes</p>
<p class=""mb-1"">Collarbone safe profile</p>
<p class=""mb-1"">High Resistance Thermoplastic</p>
<p class=""mb-1"">2 rear extractors</p>
<p class=""mb-1"">5 front vents</p>
<p class=""mb-1"">Adjustable air vents</p>
<p class=""mb-1"">190° horizontal field of view</p>
<p class=""mb-1"">Anti-scratch</p>
<p class=""mb-1"">Micro-opening system</p>
<p class=""mb-1"">Multistep visor mechanism</p>
<p class=""mb-1"">Patented Extra Quick Release System</p>
<p class=""mb-1"">Pinlock® 70 MaxVision™ Prepared</p>
<div class=""accordion"" id=""accordion-MaterialCare"">
<div class=""accordion-item"">
<div id=""WEIGHT"" class=""accordion-collapse collapse show"" data-bs-parent=""#WEIGHT"">
<div class=""pb-3"">
<p class=""mb-1"">1.580 g in first shell size</p>
</div>
</div>
</div>
</div>
</div>
</div>
</div>
</div>
</div>
</div>","Racing spirit, for overcoming everyday challenges.

K1 S is the road helmet that comes out of AGV’s experience in MotoGP™, suitable for a range of uses on any route.

The aerodynamic shape of its shell made of high-resistance thermoplastic material, the front air vents developed through racing experience and the new Aero Spoiler designed in the wind tunnel maximize performance and provide stability even at high speeds in sports riding.

The Ultravision scratch-resistant panoramic visor offers a wider lateral and vertical view, for total control of the surrounding environment. Uncompromising comfort, due to the soft, removable and washable Dry-Comfort interior.

The AGV Extreme Safety construction protocol means that K1 S meets the requirements of the stringent ECE22.06 standard and then some.

AGV K1 S is prepared for the installation of communication systems.

Thermoplastic

Integrated spoiler

Dry-Comfort fabric

Fit especially designed to allow wearing glasses

Ready for generic communication system

Removable and washable interiors

Removable nose guard

Removable wind protector

Double D

2 shell sizes

4-density EPS developed in 4 sizes

Collarbone safe profile

High Resistance Thermoplastic

2 rear extractors

5 front vents

Adjustable air vents

190° horizontal field of view

Anti-scratch

Micro-opening system

Multistep visor mechanism

Patented Extra Quick Release System

Pinlock® 70 MaxVision™ Prepared

1.580 g in first shell size",46000,,2026-07-26,active,AGV,5000,g,Buy AGV K1 S Lion Black/Red/White Helmet | Mile 27 Store,"Racing spirit, for overcoming everyday challenges.",,Cleaned noise; brand verified,High,false,Helmets,High,"Mapped from Shopify Type ""Helmets""",agv-k1-s-lion-black-red-white-helmet-1|Size:XS|price:46000.00|compare:|weight:5000|barcode:|qty:0 | agv-k1-s-lion-black-red-white-helmet-2|Size:S|price:46000.00|compare:|weight:5000|barcode:|qty:0 | agv-k1-s-lion-black-red-white-helmet-3|Size:M|price:46000.00|compare:|weight:5000|barcode:|qty:0 | agv-k1-s-lion-black-red-white-helmet-4|Size:L|price:46000.00|compare:|weight:5000|barcode:|qty:0 | agv-k1-s-lion-black-red-white-helmet-5|Size:XL|price:46000.00|compare:|weight:5000|barcode:|qty:0 | agv-k1-s-lion-black-red-white-helmet-6|Size:XXL|price:46000.00|compare:|weight:5000|barcode:|qty:0,"agv-k1-s-lion-black-red-white-helmet-1,agv-k1-s-lion-black-red-white-helmet-2,agv-k1-s-lion-black-red-white-helmet-3,agv-k1-s-lion-black-red-white-helmet-4,agv-k1-s-lion-black-red-white-helmet-5,agv-k1-s-lion-black-red-white-helmet-6",6,https://cdn.shopify.com/s/files/1/0076/8301/4754/files/2118394003_035_1.webp?v=1761288666|pos:1|alt:AGV AGV K1 S Lion Black/Red/White Helmet – front view || https://cdn.shopify.com/s/files/1/0076/8301/4754/files/2118394003_035_2.webp?v=1761288665|pos:2|alt:AGV AGV K1 S Lion Black/Red/White Helmet – side view || https://cdn.shopify.com/s/files/1/0076/8301/4754/files/2118394003_035_5.webp?v=1761288665|pos:3|alt:AGV AGV K1 S Lion Black/Red/White Helmet – rear view || https://cdn.shopify.com/s/files/1/0076/8301/4754/files/2118394003_035_4.webp?v=1761288666|pos:4|alt:AGV AGV K1 S Lion Black/Red/White Helmet – detail view || https://cdn.shopify.com/s/files/1/0076/8301/4754/files/2118394003_035_3.webp?v=1761288666|pos:5|alt:AGV AGV K1 S Lion Black/Red/White Helmet – top view || https://cdn.shopify.com/s/files/1/0076/8301/4754/files/2118394003_035_7.webp?v=1761288665|pos:6|alt:AGV AGV K1 S Lion Black/Red/White Helmet – product view,6,AGV AGV K1 S Lion Black/Red/White Helmet – front view | AGV AGV K1 S Lion Black/Red/White Helmet – side view | AGV AGV K1 S Lion Black/Red/White Helmet – rear view | AGV AGV K1 S Lion Black/Red/White Helmet – detail view | AGV AGV K1 S Lion Black/Red/White Helmet – top view | AGV AGV K1 S Lion Black/Red/White Helmet – product view,,0,,,,,,,,,false,not_eligible,,0,false,/products/agv-k1-s-lion-black-red-white-helmet,/products/agv-k1-s-lion-black-red-white-helmet
agv-k1-s-soleluna-2018-helmet,agv-k1-s-soleluna-2018-helmet,AGV K1 S Soleluna 2018 Helmet,AGV K1 S Soleluna 2018 Helmet,agv-k1-s-soleluna-2018-helmet,"Racing spirit, for overcoming everyday challenges. Available in multiple sizes and/or colours — select your variant.","<p><b>Racing spirit, for overcoming everyday challenges.</b><span></span><br><br><span>K1 S is the road helmet that comes out of AGV’s experience in MotoGP™, suitable for a range of uses on any route.</span><br><br><span>The aerodynamic shape of its shell made of </span><b>high-resistance thermoplastic material,</b><span> the </span><b>front air vents</b><span> developed through racing experience and the new </span><b>Aero Spoiler</b><span> designed in the wind tunnel maximize performance and </span><b>provide stability even at high speeds</b><span> in sports riding.</span><br><br><span>The </span><b>Ultravision scratch-resistant panoramic visor</b><span> offers a wider lateral and vertical view, for total control of the surrounding environment. Uncompromising comfort, due to the </span><b>soft, removable and washable Dry-Comfort interior</b><span>.</span><br><br><span>The </span><b>AGV Extreme Safety</b><span> construction protocol means that K1 S meets the requirements of the stringent </span><b>ECE22.06 standard</b><span> and then some.</span><br><br><span>AGV K1 S is prepared for the installation of communication systems.</span></p>
<p><span>Thermoplastic</span></p>
<div class=""accordion-item"">
<div id=""AERODYNAMICS"" class=""accordion-collapse collapse show"" data-bs-parent=""#AERODYNAMICS"">
<div class=""pb-3"">
<p class=""mb-1"">Integrated spoiler</p>
<p class=""mb-1"">Dry-Comfort fabric</p>
<p class=""mb-1"">Fit especially designed to allow wearing glasses</p>
<p class=""mb-1"">Ready for generic communication system</p>
<p class=""mb-1"">Removable and washable interiors</p>
<p class=""mb-1"">Removable nose guard</p>
<p class=""mb-1"">Removable wind protector</p>
<div class=""accordion-item"">
<div id=""RETENTION_SYSTEM"" class=""accordion-collapse collapse show"" data-bs-parent=""#RETENTION_SYSTEM"">
<div class=""pb-3"">
<p class=""mb-1"">Double D</p>
<p class=""mb-1"">2 shell sizes</p>
<p class=""mb-1"">4-density EPS developed in 4 sizes</p>
<p class=""mb-1"">Collarbone safe profile</p>
<p class=""mb-1"">High Resistance Thermoplastic</p>
<p class=""mb-1"">2 rear extractors</p>
<p class=""mb-1"">5 front vents</p>
<p class=""mb-1"">Adjustable air vents</p>
<p class=""mb-1"">190° horizontal field of view</p>
<p class=""mb-1"">Anti-scratch</p>
<p class=""mb-1"">Micro-opening system</p>
<p class=""mb-1"">Multistep visor mechanism</p>
<p class=""mb-1"">Patented Extra Quick Release System</p>
<p class=""mb-1"">Pinlock® 70 MaxVision™ Prepared</p>
<div class=""accordion"" id=""accordion-MaterialCare"">
<div class=""accordion-item"">
<div id=""WEIGHT"" class=""accordion-collapse collapse show"" data-bs-parent=""#WEIGHT"">
<div class=""pb-3"">
<p class=""mb-1"">1.580 g in first shell size</p>
</div>
</div>
</div>
</div>
</div>
</div>
</div>
</div>
</div>
</div>","Racing spirit, for overcoming everyday challenges.

K1 S is the road helmet that comes out of AGV’s experience in MotoGP™, suitable for a range of uses on any route.

The aerodynamic shape of its shell made of high-resistance thermoplastic material, the front air vents developed through racing experience and the new Aero Spoiler designed in the wind tunnel maximize performance and provide stability even at high speeds in sports riding.

The Ultravision scratch-resistant panoramic visor offers a wider lateral and vertical view, for total control of the surrounding environment. Uncompromising comfort, due to the soft, removable and washable Dry-Comfort interior.

The AGV Extreme Safety construction protocol means that K1 S meets the requirements of the stringent ECE22.06 standard and then some.

AGV K1 S is prepared for the installation of communication systems.

Thermoplastic

Integrated spoiler

Dry-Comfort fabric

Fit especially designed to allow wearing glasses

Ready for generic communication system

Removable and washable interiors

Removable nose guard

Removable wind protector

Double D

2 shell sizes

4-density EPS developed in 4 sizes

Collarbone safe profile

High Resistance Thermoplastic

2 rear extractors

5 front vents

Adjustable air vents

190° horizontal field of view

Anti-scratch

Micro-opening system

Multistep visor mechanism

Patented Extra Quick Release System

Pinlock® 70 MaxVision™ Prepared

1.580 g in first shell size",53000,,2026-07-26,active,AGV,5000,g,Buy AGV K1 S Soleluna 2018 Helmet | Mile 27 Store,"Racing spirit, for overcoming everyday challenges.",,Cleaned noise; brand verified,High,false,Helmets,High,"Mapped from Shopify Type ""Helmets""",agv-k1-s-soleluna-2018-helmet-1|Size:XS|price:53000.00|compare:|weight:5000|barcode:|qty:0 | agv-k1-s-soleluna-2018-helmet-2|Size:S|price:53000.00|compare:|weight:5000|barcode:|qty:0 | agv-k1-s-soleluna-2018-helmet-3|Size:M|price:53000.00|compare:|weight:5000|barcode:|qty:0 | agv-k1-s-soleluna-2018-helmet-4|Size:L|price:53000.00|compare:|weight:5000|barcode:|qty:0 | agv-k1-s-soleluna-2018-helmet-5|Size:XL|price:53000.00|compare:|weight:5000|barcode:|qty:0 | agv-k1-s-soleluna-2018-helmet-6|Size:XXL|price:53000.00|compare:|weight:5000|barcode:|qty:0,"agv-k1-s-soleluna-2018-helmet-1,agv-k1-s-soleluna-2018-helmet-2,agv-k1-s-soleluna-2018-helmet-3,agv-k1-s-soleluna-2018-helmet-4,agv-k1-s-soleluna-2018-helmet-5,agv-k1-s-soleluna-2018-helmet-6",6,https://cdn.shopify.com/s/files/1/0076/8301/4754/files/2118394003_019_1.webp?v=1761216783|pos:1|alt:AGV AGV K1 S Soleluna 2018 Helmet – front view || https://cdn.shopify.com/s/files/1/0076/8301/4754/files/2118394003_019_2.webp?v=1761216783|pos:2|alt:AGV AGV K1 S Soleluna 2018 Helmet – side view || https://cdn.shopify.com/s/files/1/0076/8301/4754/files/2118394003_019_5.webp?v=1761216783|pos:3|alt:AGV AGV K1 S Soleluna 2018 Helmet – rear view || https://cdn.shopify.com/s/files/1/0076/8301/4754/files/2118394003_019_4.webp?v=1761216783|pos:4|alt:AGV AGV K1 S Soleluna 2018 Helmet – detail view || https://cdn.shopify.com/s/files/1/0076/8301/4754/files/2118394003_019_3.webp?v=1761216783|pos:5|alt:AGV AGV K1 S Soleluna 2018 Helmet – top view || https://cdn.shopify.com/s/files/1/0076/8301/4754/files/2118394003_019_7.webp?v=1761216783|pos:6|alt:AGV AGV K1 S Soleluna 2018 Helmet – product view,6,AGV AGV K1 S Soleluna 2018 Helmet – front view | AGV AGV K1 S Soleluna 2018 Helmet – side view | AGV AGV K1 S Soleluna 2018 Helmet – rear view | AGV AGV K1 S Soleluna 2018 Helmet – detail view | AGV AGV K1 S Soleluna 2018 Helmet – top view | AGV AGV K1 S Soleluna 2018 Helmet – product view,,0,,,,,,,,,false,not_eligible,,0,false,/products/agv-k1-s-soleluna-2018-helmet,/products/agv-k1-s-soleluna-2018-helmet
agv-k1-s-dreamtime-helmet,agv-k1-s-dreamtime-helmet,AGV K1 S Dreamtime Helmet,AGV K1 S Dreamtime Helmet,agv-k1-s-dreamtime-helmet,"Racing spirit, for overcoming everyday challenges. Available in multiple sizes and/or colours — select your variant.","<p><b>Racing spirit, for overcoming everyday challenges.</b><span></span><br><br><span>K1 S is the road helmet that comes out of AGV’s experience in MotoGP™, suitable for a range of uses on any route.</span><br><br><span>The aerodynamic shape of its shell made of </span><b>high-resistance thermoplastic material,</b><span> the </span><b>front air vents</b><span> developed through racing experience and the new </span><b>Aero Spoiler</b><span> designed in the wind tunnel maximize performance and </span><b>provide stability even at high speeds</b><span> in sports riding.</span><br><br><span>The </span><b>Ultravision scratch-resistant panoramic visor</b><span> offers a wider lateral and vertical view, for total control of the surrounding environment. Uncompromising comfort, due to the </span><b>soft, removable and washable Dry-Comfort interior</b><span>.</span><br><br><span>The </span><b>AGV Extreme Safety</b><span> construction protocol means that K1 S meets the requirements of the stringent </span><b>ECE22.06 standard</b><span> and then some.</span><br><br><span>AGV K1 S is prepared for the installation of communication systems.</span></p>
<p><span>Thermoplastic</span></p>
<div class=""accordion-item"">
<div id=""AERODYNAMICS"" class=""accordion-collapse collapse show"" data-bs-parent=""#AERODYNAMICS"">
<div class=""pb-3"">
<p class=""mb-1"">Integrated spoiler</p>
<p class=""mb-1"">Dry-Comfort fabric</p>
<p class=""mb-1"">Fit especially designed to allow wearing glasses</p>
<p class=""mb-1"">Ready for generic communication system</p>
<p class=""mb-1"">Removable and washable interiors</p>
<p class=""mb-1"">Removable nose guard</p>
<p class=""mb-1"">Removable wind protector</p>
<div class=""accordion-item"">
<div id=""RETENTION_SYSTEM"" class=""accordion-collapse collapse show"" data-bs-parent=""#RETENTION_SYSTEM"">
<div class=""pb-3"">
<p class=""mb-1"">Double D</p>
<p class=""mb-1"">2 shell sizes</p>
<p class=""mb-1"">4-density EPS developed in 4 sizes</p>
<p class=""mb-1"">Collarbone safe profile</p>
<p class=""mb-1"">High Resistance Thermoplastic</p>
<p class=""mb-1"">2 rear extractors</p>
<p class=""mb-1"">5 front vents</p>
<p class=""mb-1"">Adjustable air vents</p>
<p class=""mb-1"">190° horizontal field of view</p>
<p class=""mb-1"">Anti-scratch</p>
<p class=""mb-1"">Micro-opening system</p>
<p class=""mb-1"">Multistep visor mechanism</p>
<p class=""mb-1"">Patented Extra Quick Release System</p>
<p class=""mb-1"">Pinlock® 70 MaxVision™ Prepared</p>
<div class=""accordion"" id=""accordion-MaterialCare"">
<div class=""accordion-item"">
<div id=""WEIGHT"" class=""accordion-collapse collapse show"" data-bs-parent=""#WEIGHT"">
<div class=""pb-3"">
<p class=""mb-1"">1.580 g in first shell size</p>
</div>
</div>
</div>
</div>
</div>
</div>
</div>
</div>
</div>
</div>","Racing spirit, for overcoming everyday challenges.

K1 S is the road helmet that comes out of AGV’s experience in MotoGP™, suitable for a range of uses on any route.

The aerodynamic shape of its shell made of high-resistance thermoplastic material, the front air vents developed through racing experience and the new Aero Spoiler designed in the wind tunnel maximize performance and provide stability even at high speeds in sports riding.

The Ultravision scratch-resistant panoramic visor offers a wider lateral and vertical view, for total control of the surrounding environment. Uncompromising comfort, due to the soft, removable and washable Dry-Comfort interior.

The AGV Extreme Safety construction protocol means that K1 S meets the requirements of the stringent ECE22.06 standard and then some.

AGV K1 S is prepared for the installation of communication systems.

Thermoplastic

Integrated spoiler

Dry-Comfort fabric

Fit especially designed to allow wearing glasses

Ready for generic communication system

Removable and washable interiors

Removable nose guard

Removable wind protector

Double D

2 shell sizes

4-density EPS developed in 4 sizes

Collarbone safe profile

High Resistance Thermoplastic

2 rear extractors

5 front vents

Adjustable air vents

190° horizontal field of view

Anti-scratch

Micro-opening system

Multistep visor mechanism

Patented Extra Quick Release System

Pinlock® 70 MaxVision™ Prepared

1.580 g in first shell size",53000,,2026-07-26,active,AGV,5000,g,Buy AGV K1 S Dreamtime Helmet | Mile 27 Store,"Racing spirit, for overcoming everyday challenges.",,Cleaned noise; brand verified,High,false,Helmets,High,"Mapped from Shopify Type ""Helmets""",agv-k1-s-dreamtime-helmet-1|Size:XS|price:53000.00|compare:|weight:5000|barcode:|qty:0 | agv-k1-s-dreamtime-helmet-2|Size:S|price:53000.00|compare:|weight:5000|barcode:|qty:0 | agv-k1-s-dreamtime-helmet-3|Size:M|price:53000.00|compare:|weight:5000|barcode:|qty:0 | agv-k1-s-dreamtime-helmet-4|Size:L|price:53000.00|compare:|weight:5000|barcode:|qty:0 | agv-k1-s-dreamtime-helmet-5|Size:XL|price:53000.00|compare:|weight:5000|barcode:|qty:0 | agv-k1-s-dreamtime-helmet-6|Size:XXL|price:53000.00|compare:|weight:5000|barcode:|qty:0,"agv-k1-s-dreamtime-helmet-1,agv-k1-s-dreamtime-helmet-2,agv-k1-s-dreamtime-helmet-3,agv-k1-s-dreamtime-helmet-4,agv-k1-s-dreamtime-helmet-5,agv-k1-s-dreamtime-helmet-6",6,https://cdn.shopify.com/s/files/1/0076/8301/4754/files/2118394003_012_1.webp?v=1761215951|pos:1|alt:AGV AGV K1 S Dreamtime Helmet – front view || https://cdn.shopify.com/s/files/1/0076/8301/4754/files/2118394003_012_2.webp?v=1761215951|pos:2|alt:AGV AGV K1 S Dreamtime Helmet – side view || https://cdn.shopify.com/s/files/1/0076/8301/4754/files/2118394003_012_5.webp?v=1761215951|pos:3|alt:AGV AGV K1 S Dreamtime Helmet – rear view || https://cdn.shopify.com/s/files/1/0076/8301/4754/files/2118394003_012_4.webp?v=1761215951|pos:4|alt:AGV AGV K1 S Dreamtime Helmet – detail view || https://cdn.shopify.com/s/files/1/0076/8301/4754/files/2118394003_012_3.webp?v=1761215951|pos:5|alt:AGV AGV K1 S Dreamtime Helmet – top view || https://cdn.shopify.com/s/files/1/0076/8301/4754/files/2118394003_012_7.webp?v=1761215951|pos:6|alt:AGV AGV K1 S Dreamtime Helmet – product view,6,AGV AGV K1 S Dreamtime Helmet – front view | AGV AGV K1 S Dreamtime Helmet – side view | AGV AGV K1 S Dreamtime Helmet – rear view | AGV AGV K1 S Dreamtime Helmet – detail view | AGV AGV K1 S Dreamtime Helmet – top view | AGV AGV K1 S Dreamtime Helmet – product view,,0,,,,,,,,,false,not_eligible,,0,false,/products/agv-k1-s-dreamtime-helmet,/products/agv-k1-s-dreamtime-helmet
agv-k1-s-rossi-winter-test-2020-helmet,agv-k1-s-rossi-winter-test-2020-helmet,AGV K1 S Rossi Winter Test 2020 Helmet,AGV K1 S Rossi Winter Test 2020 Helmet,agv-k1-s-rossi-winter-test-2020-helmet,"Racing spirit, for overcoming everyday challenges. Available in multiple sizes and/or colours — select your variant.","<p><b>Racing spirit, for overcoming everyday challenges.</b><span></span><br><br><span>K1 S is the road helmet that comes out of AGV’s experience in MotoGP™, suitable for a range of uses on any route.</span><br><br><span>The aerodynamic shape of its shell made of </span><b>high-resistance thermoplastic material,</b><span> the </span><b>front air vents</b><span> developed through racing experience and the new </span><b>Aero Spoiler</b><span> designed in the wind tunnel maximize performance and </span><b>provide stability even at high speeds</b><span> in sports riding.</span><br><br><span>The </span><b>Ultravision scratch-resistant panoramic visor</b><span> offers a wider lateral and vertical view, for total control of the surrounding environment. Uncompromising comfort, due to the </span><b>soft, removable and washable Dry-Comfort interior</b><span>.</span><br><br><span>The </span><b>AGV Extreme Safety</b><span> construction protocol means that K1 S meets the requirements of the stringent </span><b>ECE22.06 standard</b><span> and then some.</span><br><br><span>AGV K1 S is prepared for the installation of communication systems.</span></p>
<p><span>Thermoplastic</span></p>
<div class=""accordion-item"">
<div id=""AERODYNAMICS"" class=""accordion-collapse collapse show"" data-bs-parent=""#AERODYNAMICS"">
<div class=""pb-3"">
<p class=""mb-1"">Integrated spoiler</p>
<p class=""mb-1"">Dry-Comfort fabric</p>
<p class=""mb-1"">Fit especially designed to allow wearing glasses</p>
<p class=""mb-1"">Ready for generic communication system</p>
<p class=""mb-1"">Removable and washable interiors</p>
<p class=""mb-1"">Removable nose guard</p>
<p class=""mb-1"">Removable wind protector</p>
<div class=""accordion-item"">
<div id=""RETENTION_SYSTEM"" class=""accordion-collapse collapse show"" data-bs-parent=""#RETENTION_SYSTEM"">
<div class=""pb-3"">
<p class=""mb-1"">Double D</p>
<p class=""mb-1"">2 shell sizes</p>
<p class=""mb-1"">4-density EPS developed in 4 sizes</p>
<p class=""mb-1"">Collarbone safe profile</p>
<p class=""mb-1"">High Resistance Thermoplastic</p>
<p class=""mb-1"">2 rear extractors</p>
<p class=""mb-1"">5 front vents</p>
<p class=""mb-1"">Adjustable air vents</p>
<p class=""mb-1"">190° horizontal field of view</p>
<p class=""mb-1"">Anti-scratch</p>
<p class=""mb-1"">Micro-opening system</p>
<p class=""mb-1"">Multistep visor mechanism</p>
<p class=""mb-1"">Patented Extra Quick Release System</p>
<p class=""mb-1"">Pinlock® 70 MaxVision™ Prepared</p>
<div class=""accordion"" id=""accordion-MaterialCare"">
<div class=""accordion-item"">
<div id=""WEIGHT"" class=""accordion-collapse collapse show"" data-bs-parent=""#WEIGHT"">
<div class=""pb-3"">
<p class=""mb-1"">1.580 g in first shell size</p>
</div>
</div>
</div>
</div>
</div>
</div>
</div>
</div>
</div>
</div>","Racing spirit, for overcoming everyday challenges.

K1 S is the road helmet that comes out of AGV’s experience in MotoGP™, suitable for a range of uses on any route.

The aerodynamic shape of its shell made of high-resistance thermoplastic material, the front air vents developed through racing experience and the new Aero Spoiler designed in the wind tunnel maximize performance and provide stability even at high speeds in sports riding.

The Ultravision scratch-resistant panoramic visor offers a wider lateral and vertical view, for total control of the surrounding environment. Uncompromising comfort, due to the soft, removable and washable Dry-Comfort interior.

The AGV Extreme Safety construction protocol means that K1 S meets the requirements of the stringent ECE22.06 standard and then some.

AGV K1 S is prepared for the installation of communication systems.

Thermoplastic

Integrated spoiler

Dry-Comfort fabric

Fit especially designed to allow wearing glasses

Ready for generic communication system

Removable and washable interiors

Removable nose guard

Removable wind protector

Double D

2 shell sizes

4-density EPS developed in 4 sizes

Collarbone safe profile

High Resistance Thermoplastic

2 rear extractors

5 front vents

Adjustable air vents

190° horizontal field of view

Anti-scratch

Micro-opening system

Multistep visor mechanism

Patented Extra Quick Release System

Pinlock® 70 MaxVision™ Prepared

1.580 g in first shell size",53000,,2026-07-26,active,AGV,5000,g,Buy AGV K1 S Rossi Winter Test 2020 Helmet | Mile 27 Store,"Racing spirit, for overcoming everyday challenges.",,Cleaned noise; brand verified,High,false,Helmets,High,"Mapped from Shopify Type ""Helmets""",agv-k1-s-rossi-winter-test-2020-helmet-1|Size:XS|price:53000.00|compare:|weight:5000|barcode:|qty:0 | agv-k1-s-rossi-winter-test-2020-helmet-2|Size:S|price:53000.00|compare:|weight:5000|barcode:|qty:0 | agv-k1-s-rossi-winter-test-2020-helmet-3|Size:M|price:53000.00|compare:|weight:5000|barcode:|qty:0 | agv-k1-s-rossi-winter-test-2020-helmet-4|Size:L|price:53000.00|compare:|weight:5000|barcode:|qty:0 | agv-k1-s-rossi-winter-test-2020-helmet-5|Size:XL|price:53000.00|compare:|weight:5000|barcode:|qty:0 | agv-k1-s-rossi-winter-test-2020-helmet-6|Size:XXL|price:53000.00|compare:|weight:5000|barcode:|qty:0,"agv-k1-s-rossi-winter-test-2020-helmet-1,agv-k1-s-rossi-winter-test-2020-helmet-2,agv-k1-s-rossi-winter-test-2020-helmet-3,agv-k1-s-rossi-winter-test-2020-helmet-4,agv-k1-s-rossi-winter-test-2020-helmet-5,agv-k1-s-rossi-winter-test-2020-helmet-6",6,https://cdn.shopify.com/s/files/1/0076/8301/4754/files/2118394003_067_1.webp?v=1761214623|pos:1|alt:AGV AGV K1 S Rossi Winter Test 2020 Helmet – front view || https://cdn.shopify.com/s/files/1/0076/8301/4754/files/2118394003_067_2.webp?v=1761214623|pos:2|alt:AGV AGV K1 S Rossi Winter Test 2020 Helmet – side view || https://cdn.shopify.com/s/files/1/0076/8301/4754/files/2118394003_067_5.webp?v=1761214623|pos:3|alt:AGV AGV K1 S Rossi Winter Test 2020 Helmet – rear view || https://cdn.shopify.com/s/files/1/0076/8301/4754/files/2118394003_067_4.webp?v=1761214623|pos:4|alt:AGV AGV K1 S Rossi Winter Test 2020 Helmet – detail view || https://cdn.shopify.com/s/files/1/0076/8301/4754/files/2118394003_067_3.webp?v=1761214622|pos:5|alt:AGV AGV K1 S Rossi Winter Test 2020 Helmet – top view || https://cdn.shopify.com/s/files/1/0076/8301/4754/files/2118394003_067_7.webp?v=1761214623|pos:6|alt:AGV AGV K1 S Rossi Winter Test 2020 Helmet – product view,6,AGV AGV K1 S Rossi Winter Test 2020 Helmet – front view | AGV AGV K1 S Rossi Winter Test 2020 Helmet – side view | AGV AGV K1 S Rossi Winter Test 2020 Helmet – rear view | AGV AGV K1 S Rossi Winter Test 2020 Helmet – detail view | AGV AGV K1 S Rossi Winter Test 2020 Helmet – top view | AGV AGV K1 S Rossi Winter Test 2020 Helmet – product view,season:winter,1,,,,,,,,,false,not_eligible,,0,false,/products/agv-k1-s-rossi-winter-test-2020-helmet,/products/agv-k1-s-rossi-winter-test-2020-helmet
agv-k1-s-lyzard-matt-black-grey-red-helmet,agv-k1-s-lyzard-matt-black-grey-red-helmet,AGV K1 S Lyzard Matt Black/Grey/Red Helmet,AGV K1 S Lyzard Matt Black/Grey/Red Helmet,agv-k1-s-lyzard-matt-black-grey-red-helmet,"Racing spirit, for overcoming everyday challenges. Available in multiple sizes and/or colours — select your variant.","<p><b>Racing spirit, for overcoming everyday challenges.</b><span></span><br><br><span>K1 S is the road helmet that comes out of AGV’s experience in MotoGP™, suitable for a range of uses on any route.</span><br><br><span>The aerodynamic shape of its shell made of </span><b>high-resistance thermoplastic material,</b><span> the </span><b>front air vents</b><span> developed through racing experience and the new </span><b>Aero Spoiler</b><span> designed in the wind tunnel maximize performance and </span><b>provide stability even at high speeds</b><span> in sports riding.</span><br><br><span>The </span><b>Ultravision scratch-resistant panoramic visor</b><span> offers a wider lateral and vertical view, for total control of the surrounding environment. Uncompromising comfort, due to the </span><b>soft, removable and washable Dry-Comfort interior</b><span>.</span><br><br><span>The </span><b>AGV Extreme Safety</b><span> construction protocol means that K1 S meets the requirements of the stringent </span><b>ECE22.06 standard</b><span> and then some.</span><br><br><span>AGV K1 S is prepared for the installation of communication systems.</span></p>
<p><span>Thermoplastic</span></p>
<div class=""accordion-item"">
<div id=""AERODYNAMICS"" class=""accordion-collapse collapse show"" data-bs-parent=""#AERODYNAMICS"">
<div class=""pb-3"">
<p class=""mb-1"">Integrated spoiler</p>
<p class=""mb-1"">Dry-Comfort fabric</p>
<p class=""mb-1"">Fit especially designed to allow wearing glasses</p>
<p class=""mb-1"">Ready for generic communication system</p>
<p class=""mb-1"">Removable and washable interiors</p>
<p class=""mb-1"">Removable nose guard</p>
<p class=""mb-1"">Removable wind protector</p>
<div class=""accordion-item"">
<div id=""RETENTION_SYSTEM"" class=""accordion-collapse collapse show"" data-bs-parent=""#RETENTION_SYSTEM"">
<div class=""pb-3"">
<p class=""mb-1"">Double D</p>
<p class=""mb-1"">2 shell sizes</p>
<p class=""mb-1"">4-density EPS developed in 4 sizes</p>
<p class=""mb-1"">Collarbone safe profile</p>
<p class=""mb-1"">High Resistance Thermoplastic</p>
<p class=""mb-1"">2 rear extractors</p>
<p class=""mb-1"">5 front vents</p>
<p class=""mb-1"">Adjustable air vents</p>
<p class=""mb-1"">190° horizontal field of view</p>
<p class=""mb-1"">Anti-scratch</p>
<p class=""mb-1"">Micro-opening system</p>
<p class=""mb-1"">Multistep visor mechanism</p>
<p class=""mb-1"">Patented Extra Quick Release System</p>
<p class=""mb-1"">Pinlock® 70 MaxVision™ Prepared</p>
<div class=""accordion"" id=""accordion-MaterialCare"">
<div class=""accordion-item"">
<div id=""WEIGHT"" class=""accordion-collapse collapse show"" data-bs-parent=""#WEIGHT"">
<div class=""pb-3"">
<p class=""mb-1"">1.580 g in first shell size</p>
</div>
</div>
</div>
</div>
</div>
</div>
</div>
</div>
</div>
</div>","Racing spirit, for overcoming everyday challenges.

K1 S is the road helmet that comes out of AGV’s experience in MotoGP™, suitable for a range of uses on any route.

The aerodynamic shape of its shell made of high-resistance thermoplastic material, the front air vents developed through racing experience and the new Aero Spoiler designed in the wind tunnel maximize performance and provide stability even at high speeds in sports riding.

The Ultravision scratch-resistant panoramic visor offers a wider lateral and vertical view, for total control of the surrounding environment. Uncompromising comfort, due to the soft, removable and washable Dry-Comfort interior.

The AGV Extreme Safety construction protocol means that K1 S meets the requirements of the stringent ECE22.06 standard and then some.

AGV K1 S is prepared for the installation of communication systems.

Thermoplastic

Integrated spoiler

Dry-Comfort fabric

Fit especially designed to allow wearing glasses

Ready for generic communication system

Removable and washable interiors

Removable nose guard

Removable wind protector

Double D

2 shell sizes

4-density EPS developed in 4 sizes

Collarbone safe profile

High Resistance Thermoplastic

2 rear extractors

5 front vents

Adjustable air vents

190° horizontal field of view

Anti-scratch

Micro-opening system

Multistep visor mechanism

Patented Extra Quick Release System

Pinlock® 70 MaxVision™ Prepared

1.580 g in first shell size",46000,,2026-07-26,active,AGV,5000,g,Buy AGV K1 S Lyzard Matt Black/Grey/Red Helmet | Mile 27 Store,"Racing spirit, for overcoming everyday challenges.",,Cleaned noise; brand verified,High,false,Helmets,High,"Mapped from Shopify Type ""Helmets""",agv-k1-s-lyzard-matt-black-grey-red-helmet-1|Size:XS|price:46000.00|compare:|weight:5000|barcode:|qty:0 | agv-k1-s-lyzard-matt-black-grey-red-helmet-2|Size:S|price:46000.00|compare:|weight:5000|barcode:|qty:0 | agv-k1-s-lyzard-matt-black-grey-red-helmet-3|Size:M|price:46000.00|compare:|weight:5000|barcode:|qty:0 | agv-k1-s-lyzard-matt-black-grey-red-helmet-4|Size:L|price:46000.00|compare:|weight:5000|barcode:|qty:0 | agv-k1-s-lyzard-matt-black-grey-red-helmet-5|Size:XL|price:46000.00|compare:|weight:5000|barcode:|qty:0 | agv-k1-s-lyzard-matt-black-grey-red-helmet-6|Size:XXL|price:46000.00|compare:|weight:5000|barcode:|qty:0,"agv-k1-s-lyzard-matt-black-grey-red-helmet-1,agv-k1-s-lyzard-matt-black-grey-red-helmet-2,agv-k1-s-lyzard-matt-black-grey-red-helmet-3,agv-k1-s-lyzard-matt-black-grey-red-helmet-4,agv-k1-s-lyzard-matt-black-grey-red-helmet-5,agv-k1-s-lyzard-matt-black-grey-red-helmet-6",6,https://cdn.shopify.com/s/files/1/0076/8301/4754/files/2118394003_044_1.webp?v=1761212810|pos:1|alt:AGV AGV K1 S Lyzard Matt Black/Grey/Red Helmet – front view || https://cdn.shopify.com/s/files/1/0076/8301/4754/files/2118394003_044_2.webp?v=1761212811|pos:2|alt:AGV AGV K1 S Lyzard Matt Black/Grey/Red Helmet – side view || https://cdn.shopify.com/s/files/1/0076/8301/4754/files/2118394003_044_5.webp?v=1761212810|pos:3|alt:AGV AGV K1 S Lyzard Matt Black/Grey/Red Helmet – rear view || https://cdn.shopify.com/s/files/1/0076/8301/4754/files/2118394003_044_4.webp?v=1761212810|pos:4|alt:AGV AGV K1 S Lyzard Matt Black/Grey/Red Helmet – detail view || https://cdn.shopify.com/s/files/1/0076/8301/4754/files/2118394003_044_3.webp?v=1761212810|pos:5|alt:AGV AGV K1 S Lyzard Matt Black/Grey/Red Helmet – top view || https://cdn.shopify.com/s/files/1/0076/8301/4754/files/2118394003_044_7.webp?v=1761212810|pos:6|alt:AGV AGV K1 S Lyzard Matt Black/Grey/Red Helmet – product view,6,AGV AGV K1 S Lyzard Matt Black/Grey/Red Helmet – front view | AGV AGV K1 S Lyzard Matt Black/Grey/Red Helmet – side view | AGV AGV K1 S Lyzard Matt Black/Grey/Red Helmet – rear view | AGV AGV K1 S Lyzard Matt Black/Grey/Red Helmet – detail view | AGV AGV K1 S Lyzard Matt Black/Grey/Red Helmet – top view | AGV AGV K1 S Lyzard Matt Black/Grey/Red Helmet – product view,,0,,,,,,,,,false,not_eligible,,0,false,/products/agv-k1-s-lyzard-matt-black-grey-red-helmet,/products/agv-k1-s-lyzard-matt-black-grey-red-helmet
agv-k1-s-bezzecchi-2023-helmet,agv-k1-s-bezzecchi-2023-helmet,AGV K1 S Bezzecchi 2023 Helmet,AGV K1 S Bezzecchi 2023 Helmet,agv-k1-s-bezzecchi-2023-helmet,"Racing spirit, for overcoming everyday challenges. Available in multiple sizes and/or colours — select your variant.","<p><b>Racing spirit, for overcoming everyday challenges.</b><span></span><br><br><span>K1 S is the road helmet that comes out of AGV’s experience in MotoGP™, suitable for a range of uses on any route.</span><br><br><span>The aerodynamic shape of its shell made of </span><b>high-resistance thermoplastic material,</b><span> the </span><b>front air vents</b><span> developed through racing experience and the new </span><b>Aero Spoiler</b><span> designed in the wind tunnel maximize performance and </span><b>provide stability even at high speeds</b><span> in sports riding.</span><br><br><span>The </span><b>Ultravision scratch-resistant panoramic visor</b><span> offers a wider lateral and vertical view, for total control of the surrounding environment. Uncompromising comfort, due to the </span><b>soft, removable and washable Dry-Comfort interior</b><span>.</span><br><br><span>The </span><b>AGV Extreme Safety</b><span> construction protocol means that K1 S meets the requirements of the stringent </span><b>ECE22.06 standard</b><span> and then some.</span><br><br><span>AGV K1 S is prepared for the installation of communication systems.</span></p>
<p><span>Thermoplastic</span></p>
<div class=""accordion-item"">
<div id=""AERODYNAMICS"" class=""accordion-collapse collapse show"" data-bs-parent=""#AERODYNAMICS"">
<div class=""pb-3"">
<p class=""mb-1"">Integrated spoiler</p>
<p class=""mb-1"">Dry-Comfort fabric</p>
<p class=""mb-1"">Fit especially designed to allow wearing glasses</p>
<p class=""mb-1"">Ready for generic communication system</p>
<p class=""mb-1"">Removable and washable interiors</p>
<p class=""mb-1"">Removable nose guard</p>
<p class=""mb-1"">Removable wind protector</p>
<div class=""accordion-item"">
<div id=""RETENTION_SYSTEM"" class=""accordion-collapse collapse show"" data-bs-parent=""#RETENTION_SYSTEM"">
<div class=""pb-3"">
<p class=""mb-1"">Double D</p>
<p class=""mb-1"">2 shell sizes</p>
<p class=""mb-1"">4-density EPS developed in 4 sizes</p>
<p class=""mb-1"">Collarbone safe profile</p>
<p class=""mb-1"">High Resistance Thermoplastic</p>
<p class=""mb-1"">2 rear extractors</p>
<p class=""mb-1"">5 front vents</p>
<p class=""mb-1"">Adjustable air vents</p>
<p class=""mb-1"">190° horizontal field of view</p>
<p class=""mb-1"">Anti-scratch</p>
<p class=""mb-1"">Micro-opening system</p>
<p class=""mb-1"">Multistep visor mechanism</p>
<p class=""mb-1"">Patented Extra Quick Release System</p>
<p class=""mb-1"">Pinlock® 70 MaxVision™ Prepared</p>
<div class=""accordion"" id=""accordion-MaterialCare"">
<div class=""accordion-item"">
<div id=""WEIGHT"" class=""accordion-collapse collapse show"" data-bs-parent=""#WEIGHT"">
<div class=""pb-3"">
<p class=""mb-1"">1.580 g in first shell size</p>
</div>
</div>
</div>
</div>
</div>
</div>
</div>
</div>
</div>
</div>","Racing spirit, for overcoming everyday challenges.

K1 S is the road helmet that comes out of AGV’s experience in MotoGP™, suitable for a range of uses on any route.

The aerodynamic shape of its shell made of high-resistance thermoplastic material, the front air vents developed through racing experience and the new Aero Spoiler designed in the wind tunnel maximize performance and provide stability even at high speeds in sports riding.

The Ultravision scratch-resistant panoramic visor offers a wider lateral and vertical view, for total control of the surrounding environment. Uncompromising comfort, due to the soft, removable and washable Dry-Comfort interior.

The AGV Extreme Safety construction protocol means that K1 S meets the requirements of the stringent ECE22.06 standard and then some.

AGV K1 S is prepared for the installation of communication systems.

Thermoplastic

Integrated spoiler

Dry-Comfort fabric

Fit especially designed to allow wearing glasses

Ready for generic communication system

Removable and washable interiors

Removable nose guard

Removable wind protector

Double D

2 shell sizes

4-density EPS developed in 4 sizes

Collarbone safe profile

High Resistance Thermoplastic

2 rear extractors

5 front vents

Adjustable air vents

190° horizontal field of view

Anti-scratch

Micro-opening system

Multistep visor mechanism

Patented Extra Quick Release System

Pinlock® 70 MaxVision™ Prepared

1.580 g in first shell size",53000,,2026-07-26,active,AGV,5000,g,Buy AGV K1 S Bezzecchi 2023 Helmet | Mile 27 Store,"Racing spirit, for overcoming everyday challenges.",,Cleaned noise; brand verified,High,false,Helmets,High,"Mapped from Shopify Type ""Helmets""",agv-k1-s-bezzecchi-2023-helmet-1|Size:XS|price:53000.00|compare:|weight:5000|barcode:|qty:0 | agv-k1-s-bezzecchi-2023-helmet-2|Size:S|price:53000.00|compare:|weight:5000|barcode:|qty:0 | agv-k1-s-bezzecchi-2023-helmet-3|Size:M|price:53000.00|compare:|weight:5000|barcode:|qty:0 | agv-k1-s-bezzecchi-2023-helmet-4|Size:L|price:53000.00|compare:|weight:5000|barcode:|qty:0 | agv-k1-s-bezzecchi-2023-helmet-5|Size:XL|price:53000.00|compare:|weight:5000|barcode:|qty:0 | agv-k1-s-bezzecchi-2023-helmet-6|Size:XXL|price:53000.00|compare:|weight:5000|barcode:|qty:0,"agv-k1-s-bezzecchi-2023-helmet-1,agv-k1-s-bezzecchi-2023-helmet-2,agv-k1-s-bezzecchi-2023-helmet-3,agv-k1-s-bezzecchi-2023-helmet-4,agv-k1-s-bezzecchi-2023-helmet-5,agv-k1-s-bezzecchi-2023-helmet-6",6,https://cdn.shopify.com/s/files/1/0076/8301/4754/files/2118394003_039_1.webp?v=1761211808|pos:1|alt:AGV AGV K1 S Bezzecchi 2023 Helmet – front view || https://cdn.shopify.com/s/files/1/0076/8301/4754/files/2118394003_039_2.webp?v=1761211808|pos:2|alt:AGV AGV K1 S Bezzecchi 2023 Helmet – side view || https://cdn.shopify.com/s/files/1/0076/8301/4754/files/2118394003_039_5.webp?v=1761211808|pos:3|alt:AGV AGV K1 S Bezzecchi 2023 Helmet – rear view || https://cdn.shopify.com/s/files/1/0076/8301/4754/files/2118394003_039_4.webp?v=1761211808|pos:4|alt:AGV AGV K1 S Bezzecchi 2023 Helmet – detail view || https://cdn.shopify.com/s/files/1/0076/8301/4754/files/2118394003_039_3.webp?v=1761211808|pos:5|alt:AGV AGV K1 S Bezzecchi 2023 Helmet – top view || https://cdn.shopify.com/s/files/1/0076/8301/4754/files/2118394003_039_7.webp?v=1761211808|pos:6|alt:AGV AGV K1 S Bezzecchi 2023 Helmet – product view,6,AGV AGV K1 S Bezzecchi 2023 Helmet – front view | AGV AGV K1 S Bezzecchi 2023 Helmet – side view | AGV AGV K1 S Bezzecchi 2023 Helmet – rear view | AGV AGV K1 S Bezzecchi 2023 Helmet – detail view | AGV AGV K1 S Bezzecchi 2023 Helmet – top view | AGV AGV K1 S Bezzecchi 2023 Helmet – product view,,0,,,,,,,,,false,not_eligible,,0,false,/products/agv-k1-s-bezzecchi-2023-helmet,/products/agv-k1-s-bezzecchi-2023-helmet
agv-k1-s-us-flag-matt-black-red-blue-helmet,agv-k1-s-us-flag-matt-black-red-blue-helmet,AGV K1 S US Flag Matt Black/Red/Blue Helmet,AGV K1 S US Flag Matt Black/Red/Blue Helmet,agv-k1-s-us-flag-matt-black-red-blue-helmet,"Racing spirit, for overcoming everyday challenges. Available in multiple sizes and/or colours — select your variant.","<p><b>Racing spirit, for overcoming everyday challenges.</b><span></span><br><br><span>K1 S is the road helmet that comes out of AGV’s experience in MotoGP™, suitable for a range of uses on any route.</span><br><br><span>The aerodynamic shape of its shell made of </span><b>high-resistance thermoplastic material,</b><span> the </span><b>front air vents</b><span> developed through racing experience and the new </span><b>Aero Spoiler</b><span> designed in the wind tunnel maximize performance and </span><b>provide stability even at high speeds</b><span> in sports riding.</span><br><br><span>The </span><b>Ultravision scratch-resistant panoramic visor</b><span> offers a wider lateral and vertical view, for total control of the surrounding environment. Uncompromising comfort, due to the </span><b>soft, removable and washable Dry-Comfort interior</b><span>.</span><br><br><span>The </span><b>AGV Extreme Safety</b><span> construction protocol means that K1 S meets the requirements of the stringent </span><b>ECE22.06 standard</b><span> and then some.</span><br><br><span>AGV K1 S is prepared for the installation of communication systems.</span></p>
<div class=""accordion-item"">
<div id=""productmaterial"" class=""accordion-collapse collapse show"" data-bs-parent=""#productmaterial"">
<div class=""pb-3"">
<p class=""mb-1"">Thermoplastic</p>
<div class=""accordion-item"">
<div id=""AERODYNAMICS"" class=""accordion-collapse collapse show"" data-bs-parent=""#AERODYNAMICS"">
<div class=""pb-3"">
<p class=""mb-1"">Integrated spoiler</p>
<p class=""mb-1"">Dry-Comfort fabric</p>
<p class=""mb-1"">Fit especially designed to allow wearing glasses</p>
<p class=""mb-1"">Ready for generic communication system</p>
<p class=""mb-1"">Removable and washable interiors</p>
<p class=""mb-1"">Removable nose guard</p>
<p class=""mb-1"">Removable wind protector</p>
<div class=""accordion-item"">
<div id=""RETENTION_SYSTEM"" class=""accordion-collapse collapse show"" data-bs-parent=""#RETENTION_SYSTEM"">
<div class=""pb-3"">
<p class=""mb-1"">Double D</p>
<p class=""mb-1"">2 shell sizes</p>
<p class=""mb-1"">4-density EPS developed in 4 sizes</p>
<p class=""mb-1"">Collarbone safe profile</p>
<p class=""mb-1"">High Resistance Thermoplastic</p>
<p class=""mb-1"">2 rear extractors</p>
<p class=""mb-1"">5 front vents</p>
<p class=""mb-1"">Adjustable air vents</p>
<p class=""mb-1"">190° horizontal field of view</p>
<p class=""mb-1"">Anti-scratch</p>
<p class=""mb-1"">Micro-opening system</p>
<p class=""mb-1"">Multistep visor mechanism</p>
<p class=""mb-1"">Patented Extra Quick Release System</p>
<p class=""mb-1"">Pinlock® 70 MaxVision™ Prepared</p>
<div class=""accordion"" id=""accordion-MaterialCare"">
<div class=""accordion-item"">
<div id=""WEIGHT"" class=""accordion-collapse collapse show"" data-bs-parent=""#WEIGHT"">
<div class=""pb-3"">
<p class=""mb-1"">1.580 g in first shell size</p>
</div>
</div>
</div>
</div>
</div>
</div>
</div>
</div>
</div>
</div>
</div>
</div>
</div>","Racing spirit, for overcoming everyday challenges.

K1 S is the road helmet that comes out of AGV’s experience in MotoGP™, suitable for a range of uses on any route.

The aerodynamic shape of its shell made of high-resistance thermoplastic material, the front air vents developed through racing experience and the new Aero Spoiler designed in the wind tunnel maximize performance and provide stability even at high speeds in sports riding.

The Ultravision scratch-resistant panoramic visor offers a wider lateral and vertical view, for total control of the surrounding environment. Uncompromising comfort, due to the soft, removable and washable Dry-Comfort interior.

The AGV Extreme Safety construction protocol means that K1 S meets the requirements of the stringent ECE22.06 standard and then some.

AGV K1 S is prepared for the installation of communication systems.

Thermoplastic

Integrated spoiler

Dry-Comfort fabric

Fit especially designed to allow wearing glasses

Ready for generic communication system

Removable and washable interiors

Removable nose guard

Removable wind protector

Double D

2 shell sizes

4-density EPS developed in 4 sizes

Collarbone safe profile

High Resistance Thermoplastic

2 rear extractors

5 front vents

Adjustable air vents

190° horizontal field of view

Anti-scratch

Micro-opening system

Multistep visor mechanism

Patented Extra Quick Release System

Pinlock® 70 MaxVision™ Prepared

1.580 g in first shell size",53000,,2026-07-26,active,AGV,5000,g,Buy AGV K1 S US Flag Matt Black/Red/Blue Helmet | Mile 27 Store,"Racing spirit, for overcoming everyday challenges.",,Cleaned noise; brand verified,High,false,Helmets,High,"Mapped from Shopify Type ""Helmets""",agv-k1-s-us-flag-matt-black-red-blue-helmet-1|Size:XS|price:53000.00|compare:|weight:5000|barcode:|qty:0 | agv-k1-s-us-flag-matt-black-red-blue-helmet-2|Size:S|price:53000.00|compare:|weight:5000|barcode:|qty:0 | agv-k1-s-us-flag-matt-black-red-blue-helmet-3|Size:M|price:53000.00|compare:|weight:5000|barcode:|qty:0 | agv-k1-s-us-flag-matt-black-red-blue-helmet-4|Size:L|price:53000.00|compare:|weight:5000|barcode:|qty:0 | agv-k1-s-us-flag-matt-black-red-blue-helmet-5|Size:XL|price:53000.00|compare:|weight:5000|barcode:|qty:0 | agv-k1-s-us-flag-matt-black-red-blue-helmet-6|Size:XXL|price:53000.00|compare:|weight:5000|barcode:|qty:0,"agv-k1-s-us-flag-matt-black-red-blue-helmet-1,agv-k1-s-us-flag-matt-black-red-blue-helmet-2,agv-k1-s-us-flag-matt-black-red-blue-helmet-3,agv-k1-s-us-flag-matt-black-red-blue-helmet-4,agv-k1-s-us-flag-matt-black-red-blue-helmet-5,agv-k1-s-us-flag-matt-black-red-blue-helmet-6",6,https://cdn.shopify.com/s/files/1/0076/8301/4754/files/2118394003_068_1.webp?v=1761211350|pos:1|alt:AGV AGV K1 S US Flag Matt Black/Red/Blue Helmet – front view || https://cdn.shopify.com/s/files/1/0076/8301/4754/files/2118394003_068_2.webp?v=1761211350|pos:2|alt:AGV AGV K1 S US Flag Matt Black/Red/Blue Helmet – side view || https://cdn.shopify.com/s/files/1/0076/8301/4754/files/2118394003_068_5.webp?v=1761211350|pos:3|alt:AGV AGV K1 S US Flag Matt Black/Red/Blue Helmet – rear view || https://cdn.shopify.com/s/files/1/0076/8301/4754/files/2118394003_068_4.webp?v=1761211350|pos:4|alt:AGV AGV K1 S US Flag Matt Black/Red/Blue Helmet – detail view || https://cdn.shopify.com/s/files/1/0076/8301/4754/files/2118394003_068_3.webp?v=1761211350|pos:5|alt:AGV AGV K1 S US Flag Matt Black/Red/Blue Helmet – top view || https://cdn.shopify.com/s/files/1/0076/8301/4754/files/2118394003_068_7.webp?v=1761211350|pos:6|alt:AGV AGV K1 S US Flag Matt Black/Red/Blue Helmet – product view,6,AGV AGV K1 S US Flag Matt Black/Red/Blue Helmet – front view | AGV AGV K1 S US Flag Matt Black/Red/Blue Helmet – side view | AGV AGV K1 S US Flag Matt Black/Red/Blue Helmet – rear view | AGV AGV K1 S US Flag Matt Black/Red/Blue Helmet – detail view | AGV AGV K1 S US Flag Matt Black/Red/Blue Helmet – top view | AGV AGV K1 S US Flag Matt Black/Red/Blue Helmet – product view,,0,,,,,,,,,false,not_eligible,,0,false,/products/agv-k1-s-us-flag-matt-black-red-blue-helmet,/products/agv-k1-s-us-flag-matt-black-red-blue-helmet
agv-pista-gp-rr-performante-carbon-lime-helmet,agv-pista-gp-rr-performante-carbon-lime-helmet,AGV Pista GP RR Performante Carbon/Lime Helmet,AGV Pista GP RR Performante Carbon/Lime Helmet,agv-pista-gp-rr-performante-carbon-lime-helmet,The helmet created for MotoGP™ is now available to every rider. Available in multiple sizes and/or colours — select your variant.,"<p><strong>The helmet created for MotoGP™ is now available to every rider.</strong><br><br><strong>Pista GP RR</strong><span> is an exact replica of the AGV helmet </span><strong>used in races by world champions.</strong><span> It has therefore received the new</span><strong><span> </span></strong><span>FIM homologation, which certifies the highest possible level of protection, even against any dangerous twisting of the head. Due to the exclusive</span><strong><span> </span>AGV Extreme Safety<span> </span></strong><span>design protocol</span><strong>, Pista GP RR already exceeds the requirements of the strict ECE22.06 homologation.</strong><br><br><span>Every detail is designed to ensure ultimate performance. The </span><strong>Extreme Carbon</strong><span> shell in</span><strong><span> </span>100% carbon fiber guarantees<span> </span></strong><span>extraordinary lightness, which makes it effortless to wear. Its shapes and </span><strong>metal air vents</strong><span> are studied in the wind tunnel and tested by AGV athletes in order to ensure the best aerodynamic penetration and the greatest stability at high speeds, also due to the innovative profile of the rear </span><strong>PRO Spoiler</strong><span>. Boasting 5 mm thickness</span><strong>, the<span> </span></strong><span>optical class</span><strong><span> </span></strong><span>1</span><strong><span> </span></strong><span>Ultravision visor</span><strong><span> </span>is an integral part of the protector that allows<span> </span></strong><span>190° panoramic vision, </span><strong>and 85° vertical vision.</strong><span> This means the rider sees the track, adversaries, and obstacles more clearly, before anyone else, even in racing position tucked into the frame.</span><br><br><span>The exclusive </span><strong>360° Adaptive Fit</strong><span> system allows for complete customization of the interior, giving the rider the possibility to </span><strong>select the ideal thickness</strong><span> for the upper part of the head, nape, and cheeks. This essential level of comfort leaves the rider free to concentrate on nothing but their goal.</span><br><br><span>Every detail is designed with winning in mind.</span><br><br><strong>The Perfection of Obsession.</strong></p>
<div class=""accordion-item"">
<div id=""productmaterial"" class=""accordion-collapse collapse show"" data-bs-parent=""#productmaterial"">
<div class=""pb-3"">
<p class=""mb-1"">Carbon Fibre</p>
<p class=""mb-1"">Hydration system</p>
<p class=""mb-1"">Interiors customization kit: top crown pad, rear crown pad, cheek pads</p>
<p class=""mb-1"">Tear-off kit</p>
<p class=""mb-1"">Vents covers</p>
<p class=""mb-1"">Detachable PRO Spoiler</p>
<p class=""mb-1"">Race suit fitment</p>
<p class=""mb-1"">2Dry: instant sweat absorption</p>
<p class=""mb-1"">360° Adaptive fit</p>
<p class=""mb-1"">3-piece adaptable crown pad fit</p>
<p class=""mb-1"">Cheek pads safety release system</p>
<p class=""mb-1"">Cheek pads: Shalimar fabric for soft and stable fit even at high speed</p>
<p class=""mb-1"">Crown pad: elastic and breathable microfiber</p>
<p class=""mb-1"">Embracing neck roll profile</p>
<p class=""mb-1"">Microsense: premium skin comfort</p>
<p class=""mb-1"">Neck roll: breathable fabric with elastic and waterproof inserts</p>
<p class=""mb-1"">No stitches in sensitive areas</p>
<p class=""mb-1"">Removable and washable interiors</p>
<p class=""mb-1"">Removable nose guard</p>
<p class=""mb-1"">Removable wind protector</p>
<div class=""accordion-item"">
<div id=""RETENTION_SYSTEM"" class=""accordion-collapse collapse show"" data-bs-parent=""#RETENTION_SYSTEM"">
<div class=""pb-3"">
<p class=""mb-1"">Titanium Double D</p>
<p class=""mb-1"">100% Carbon fiber</p>
<p class=""mb-1"">4 shell sizes</p>
<p class=""mb-1"">5-density EPS developed in 4 sizes</p>
<p class=""mb-1"">Collarbone safe profile</p>
<p class=""mb-1"">Shell and EPS structure designed to minimize rotational accelerations (FIM homologated)</p>
<p class=""mb-1"">2 rear extractors</p>
<p class=""mb-1"">5 front vents</p>
<p class=""mb-1"">Metal air vents and extractors</p>
<p class=""mb-1"">190° horizontal field of view</p>
<p class=""mb-1"">5mm thickness</p>
<p class=""mb-1"">85° vertical field of view</p>
<p class=""mb-1"">Anti-scratch</p>
<p class=""mb-1"">Metal visor mechanism</p>
<p class=""mb-1"">Micro-opening system</p>
<p class=""mb-1"">Optic class 1</p>
<p class=""mb-1"">Patented Extra Quick Release System</p>
<p class=""mb-1"">Patented visor lock system</p>
<p class=""mb-1"">Pinlock® 120XLT™ MaxVision™ Included</p>
<div class=""accordion"" id=""accordion-MaterialCare"">
<div class=""accordion-item"">
<div id=""WEIGHT"" class=""accordion-collapse collapse show"" data-bs-parent=""#WEIGHT"">
<div class=""pb-3"">
<p class=""mb-1"">1.450 g in first shell size</p>
</div>
</div>
</div>
</div>
</div>
</div>
</div>
</div>
</div>
</div>","The helmet created for MotoGP™ is now available to every rider.

Pista GP RR is an exact replica of the AGV helmet used in races by world champions. It has therefore received the new FIM homologation, which certifies the highest possible level of protection, even against any dangerous twisting of the head. Due to the exclusive AGV Extreme Safety design protocol, Pista GP RR already exceeds the requirements of the strict ECE22.06 homologation.

Every detail is designed to ensure ultimate performance. The Extreme Carbon shell in 100% carbon fiber guarantees extraordinary lightness, which makes it effortless to wear. Its shapes and metal air vents are studied in the wind tunnel and tested by AGV athletes in order to ensure the best aerodynamic penetration and the greatest stability at high speeds, also due to the innovative profile of the rear PRO Spoiler. Boasting 5 mm thickness, the optical class 1 Ultravision visor is an integral part of the protector that allows 190° panoramic vision, and 85° vertical vision. This means the rider sees the track, adversaries, and obstacles more clearly, before anyone else, even in racing position tucked into the frame.

The exclusive 360° Adaptive Fit system allows for complete customization of the interior, giving the rider the possibility to select the ideal thickness for the upper part of the head, nape, and cheeks. This essential level of comfort leaves the rider free to concentrate on nothing but their goal.

Every detail is designed with winning in mind.

The Perfection of Obsession.

Carbon Fibre

Hydration system

Interiors customization kit: top crown pad, rear crown pad, cheek pads

Tear-off kit

Vents covers

Detachable PRO Spoiler

Race suit fitment

2Dry: instant sweat absorption

360° Adaptive fit

3-piece adaptable crown pad fit

Cheek pads safety release system

Cheek pads: Shalimar fabric for soft and stable fit even at high speed

Crown pad: elastic and breathable microfiber

Embracing neck roll profile

Microsense: premium skin comfort

Neck roll: breathable fabric with elastic and waterproof inserts

No stitches in sensitive areas

Removable and washable interiors

Removable nose guard

Removable wind protector

Titanium Double D

100% Carbon fiber

4 shell sizes

5-density EPS developed in 4 sizes

Collarbone safe profile

Shell and EPS structure designed to minimize rotational accelerations (FIM homologated)

2 rear extractors

5 front vents

Metal air vents and extractors

190° horizontal field of view

5mm thickness

85° vertical field of view

Anti-scratch

Metal visor mechanism

Micro-opening system

Optic class 1

Patented Extra Quick Release System

Patented visor lock system

Pinlock® 120XLT™ MaxVision™ Included

1.450 g in first shell size",180000,,2026-07-26,active,AGV,5000,g,AGV Pista GP RR Performante Carbon/Lime Helmet | Mile 27 Store,The helmet created for MotoGP™ is now available to every rider.,,Cleaned noise; brand verified,High,false,Helmets,High,"Mapped from Shopify Type ""Helmets""",agv-pista-gp-rr-performante-carbon-lime-helmet-1|Size:XS|price:180000.00|compare:|weight:5000|barcode:|qty:0 | agv-pista-gp-rr-performante-carbon-lime-helmet-2|Size:S|price:180000.00|compare:|weight:5000|barcode:|qty:0 | agv-pista-gp-rr-performante-carbon-lime-helmet-3|Size:M|price:180000.00|compare:|weight:5000|barcode:|qty:0 | agv-pista-gp-rr-performante-carbon-lime-helmet-4|Size:L|price:180000.00|compare:|weight:5000|barcode:|qty:0 | agv-pista-gp-rr-performante-carbon-lime-helmet-5|Size:XL|price:180000.00|compare:|weight:5000|barcode:|qty:0 | agv-pista-gp-rr-performante-carbon-lime-helmet-6|Size:XXL|price:180000.00|compare:|weight:5000|barcode:|qty:0,"agv-pista-gp-rr-performante-carbon-lime-helmet-1,agv-pista-gp-rr-performante-carbon-lime-helmet-2,agv-pista-gp-rr-performante-carbon-lime-helmet-3,agv-pista-gp-rr-performante-carbon-lime-helmet-4,agv-pista-gp-rr-performante-carbon-lime-helmet-5,agv-pista-gp-rr-performante-carbon-lime-helmet-6",6,https://cdn.shopify.com/s/files/1/0076/8301/4754/files/2118356002_018_1.webp?v=1761210660|pos:1|alt:AGV AGV Pista GP RR Performante Carbon/Lime Helmet – front view || https://cdn.shopify.com/s/files/1/0076/8301/4754/files/2118356002_018_2.webp?v=1761210660|pos:2|alt:AGV AGV Pista GP RR Performante Carbon/Lime Helmet – side view || https://cdn.shopify.com/s/files/1/0076/8301/4754/files/2118356002_018_5.webp?v=1761210660|pos:3|alt:AGV AGV Pista GP RR Performante Carbon/Lime Helmet – rear view || https://cdn.shopify.com/s/files/1/0076/8301/4754/files/2118356002_018_4.webp?v=1761210660|pos:4|alt:AGV AGV Pista GP RR Performante Carbon/Lime Helmet – detail view || https://cdn.shopify.com/s/files/1/0076/8301/4754/files/2118356002_018_3.webp?v=1761210660|pos:5|alt:AGV AGV Pista GP RR Performante Carbon/Lime Helmet – top view || https://cdn.shopify.com/s/files/1/0076/8301/4754/files/2118356002_018_7.webp?v=1761210660|pos:6|alt:AGV AGV Pista GP RR Performante Carbon/Lime Helmet – product view,6,AGV AGV Pista GP RR Performante Carbon/Lime Helmet – front view | AGV AGV Pista GP RR Performante Carbon/Lime Helmet – side view | AGV AGV Pista GP RR Performante Carbon/Lime Helmet – rear view | AGV AGV Pista GP RR Performante Carbon/Lime Helmet – detail view | AGV AGV Pista GP RR Performante Carbon/Lime Helmet – top view | AGV AGV Pista GP RR Performante Carbon/Lime Helmet – product view,,0,,,,,,,,,false,not_eligible,,0,false,/products/agv-pista-gp-rr-performante-carbon-lime-helmet,/products/agv-pista-gp-rr-performante-carbon-lime-helmet
agv-pista-gp-rr-performante-carbon-red-helmet,agv-pista-gp-rr-performante-carbon-red-helmet,AGV Pista GP RR Performante Carbon/Red Helmet,AGV Pista GP RR Performante Carbon/Red Helmet,agv-pista-gp-rr-performante-carbon-red-helmet,The helmet created for MotoGP™ is now available to every rider. Available in multiple sizes and/or colours — select your variant.,"<p><strong>The helmet created for MotoGP™ is now available to every rider.</strong><br><br><strong>Pista GP RR</strong><span> is an exact replica of the AGV helmet </span><strong>used in races by world champions.</strong><span> It has therefore received the new</span><strong><span> </span></strong><span>FIM homologation, which certifies the highest possible level of protection, even against any dangerous twisting of the head. Due to the exclusive</span><strong><span> </span>AGV Extreme Safety<span> </span></strong><span>design protocol</span><strong>, Pista GP RR already exceeds the requirements of the strict ECE22.06 homologation.</strong><br><br><span>Every detail is designed to ensure ultimate performance. The </span><strong>Extreme Carbon</strong><span> shell in</span><strong><span> </span>100% carbon fiber guarantees<span> </span></strong><span>extraordinary lightness, which makes it effortless to wear. Its shapes and </span><strong>metal air vents</strong><span> are studied in the wind tunnel and tested by AGV athletes in order to ensure the best aerodynamic penetration and the greatest stability at high speeds, also due to the innovative profile of the rear </span><strong>PRO Spoiler</strong><span>. Boasting 5 mm thickness</span><strong>, the<span> </span></strong><span>optical class</span><strong><span> </span></strong><span>1</span><strong><span> </span></strong><span>Ultravision visor</span><strong><span> </span>is an integral part of the protector that allows<span> </span></strong><span>190° panoramic vision, </span><strong>and 85° vertical vision.</strong><span> This means the rider sees the track, adversaries, and obstacles more clearly, before anyone else, even in racing position tucked into the frame.</span><br><br><span>The exclusive </span><strong>360° Adaptive Fit</strong><span> system allows for complete customization of the interior, giving the rider the possibility to </span><strong>select the ideal thickness</strong><span> for the upper part of the head, nape, and cheeks. This essential level of comfort leaves the rider free to concentrate on nothing but their goal.</span><br><br><span>Every detail is designed with winning in mind.</span><br><br><strong>The Perfection of Obsession.</strong></p>
<div class=""accordion-item"">
<div id=""productmaterial"" class=""accordion-collapse collapse show"" data-bs-parent=""#productmaterial"">
<div class=""pb-3"">
<p class=""mb-1"">Carbon Fibre</p>
<p class=""mb-1"">Hydration system</p>
<p class=""mb-1"">Interiors customization kit: top crown pad, rear crown pad, cheek pads</p>
<p class=""mb-1"">Tear-off kit</p>
<p class=""mb-1"">Vents covers</p>
<p class=""mb-1"">Detachable PRO Spoiler</p>
<p class=""mb-1"">Race suit fitment</p>
<p class=""mb-1"">2Dry: instant sweat absorption</p>
<p class=""mb-1"">360° Adaptive fit</p>
<p class=""mb-1"">3-piece adaptable crown pad fit</p>
<p class=""mb-1"">Cheek pads safety release system</p>
<p class=""mb-1"">Cheek pads: Shalimar fabric for soft and stable fit even at high speed</p>
<p class=""mb-1"">Crown pad: elastic and breathable microfiber</p>
<p class=""mb-1"">Embracing neck roll profile</p>
<p class=""mb-1"">Microsense: premium skin comfort</p>
<p class=""mb-1"">Neck roll: breathable fabric with elastic and waterproof inserts</p>
<p class=""mb-1"">No stitches in sensitive areas</p>
<p class=""mb-1"">Removable and washable interiors</p>
<p class=""mb-1"">Removable nose guard</p>
<p class=""mb-1"">Removable wind protector</p>
<div class=""accordion-item"">
<div id=""RETENTION_SYSTEM"" class=""accordion-collapse collapse show"" data-bs-parent=""#RETENTION_SYSTEM"">
<div class=""pb-3"">
<p class=""mb-1"">Titanium Double D</p>
<p class=""mb-1"">100% Carbon fiber</p>
<p class=""mb-1"">4 shell sizes</p>
<p class=""mb-1"">5-density EPS developed in 4 sizes</p>
<p class=""mb-1"">Collarbone safe profile</p>
<p class=""mb-1"">Shell and EPS structure designed to minimize rotational accelerations (FIM homologated)</p>
<p class=""mb-1"">2 rear extractors</p>
<p class=""mb-1"">5 front vents</p>
<p class=""mb-1"">Metal air vents and extractors</p>
<p class=""mb-1"">190° horizontal field of view</p>
<p class=""mb-1"">5mm thickness</p>
<p class=""mb-1"">85° vertical field of view</p>
<p class=""mb-1"">Anti-scratch</p>
<p class=""mb-1"">Metal visor mechanism</p>
<p class=""mb-1"">Micro-opening system</p>
<p class=""mb-1"">Optic class 1</p>
<p class=""mb-1"">Patented Extra Quick Release System</p>
<p class=""mb-1"">Patented visor lock system</p>
<p class=""mb-1"">Pinlock® 120XLT™ MaxVision™ Included</p>
<div class=""accordion"" id=""accordion-MaterialCare"">
<div class=""accordion-item"">
<div id=""WEIGHT"" class=""accordion-collapse collapse show"" data-bs-parent=""#WEIGHT"">
<div class=""pb-3"">
<p class=""mb-1"">1.450 g in first shell size</p>
</div>
</div>
</div>
</div>
</div>
</div>
</div>
</div>
</div>
</div>","The helmet created for MotoGP™ is now available to every rider.

Pista GP RR is an exact replica of the AGV helmet used in races by world champions. It has therefore received the new FIM homologation, which certifies the highest possible level of protection, even against any dangerous twisting of the head. Due to the exclusive AGV Extreme Safety design protocol, Pista GP RR already exceeds the requirements of the strict ECE22.06 homologation.

Every detail is designed to ensure ultimate performance. The Extreme Carbon shell in 100% carbon fiber guarantees extraordinary lightness, which makes it effortless to wear. Its shapes and metal air vents are studied in the wind tunnel and tested by AGV athletes in order to ensure the best aerodynamic penetration and the greatest stability at high speeds, also due to the innovative profile of the rear PRO Spoiler. Boasting 5 mm thickness, the optical class 1 Ultravision visor is an integral part of the protector that allows 190° panoramic vision, and 85° vertical vision. This means the rider sees the track, adversaries, and obstacles more clearly, before anyone else, even in racing position tucked into the frame.

The exclusive 360° Adaptive Fit system allows for complete customization of the interior, giving the rider the possibility to select the ideal thickness for the upper part of the head, nape, and cheeks. This essential level of comfort leaves the rider free to concentrate on nothing but their goal.

Every detail is designed with winning in mind.

The Perfection of Obsession.

Carbon Fibre

Hydration system

Interiors customization kit: top crown pad, rear crown pad, cheek pads

Tear-off kit

Vents covers

Detachable PRO Spoiler

Race suit fitment

2Dry: instant sweat absorption

360° Adaptive fit

3-piece adaptable crown pad fit

Cheek pads safety release system

Cheek pads: Shalimar fabric for soft and stable fit even at high speed

Crown pad: elastic and breathable microfiber

Embracing neck roll profile

Microsense: premium skin comfort

Neck roll: breathable fabric with elastic and waterproof inserts

No stitches in sensitive areas

Removable and washable interiors

Removable nose guard

Removable wind protector

Titanium Double D

100% Carbon fiber

4 shell sizes

5-density EPS developed in 4 sizes

Collarbone safe profile

Shell and EPS structure designed to minimize rotational accelerations (FIM homologated)

2 rear extractors

5 front vents

Metal air vents and extractors

190° horizontal field of view

5mm thickness

85° vertical field of view

Anti-scratch

Metal visor mechanism

Micro-opening system

Optic class 1

Patented Extra Quick Release System

Patented visor lock system

Pinlock® 120XLT™ MaxVision™ Included

1.450 g in first shell size",180000,,2026-07-26,active,AGV,5000,g,Buy AGV Pista GP RR Performante Carbon/Red Helmet | Mile 27 Store,The helmet created for MotoGP™ is now available to every rider.,,Cleaned noise; brand verified,High,false,Helmets,High,"Mapped from Shopify Type ""Helmets""",agv-pista-gp-rr-performante-carbon-red-helmet-1|Size:XS|price:180000.00|compare:|weight:5000|barcode:|qty:0 | agv-pista-gp-rr-performante-carbon-red-helmet-2|Size:S|price:180000.00|compare:|weight:5000|barcode:|qty:0 | agv-pista-gp-rr-performante-carbon-red-helmet-3|Size:M|price:180000.00|compare:|weight:5000|barcode:|qty:0 | agv-pista-gp-rr-performante-carbon-red-helmet-4|Size:L|price:180000.00|compare:|weight:5000|barcode:|qty:0 | agv-pista-gp-rr-performante-carbon-red-helmet-5|Size:XL|price:180000.00|compare:|weight:5000|barcode:|qty:0 | agv-pista-gp-rr-performante-carbon-red-helmet-6|Size:XXL|price:180000.00|compare:|weight:5000|barcode:|qty:0,"agv-pista-gp-rr-performante-carbon-red-helmet-1,agv-pista-gp-rr-performante-carbon-red-helmet-2,agv-pista-gp-rr-performante-carbon-red-helmet-3,agv-pista-gp-rr-performante-carbon-red-helmet-4,agv-pista-gp-rr-performante-carbon-red-helmet-5,agv-pista-gp-rr-performante-carbon-red-helmet-6",6,https://cdn.shopify.com/s/files/1/0076/8301/4754/files/2118356002_017_1.webp?v=1761209405|pos:1|alt:AGV AGV Pista GP RR Performante Carbon/Red Helmet – front view || https://cdn.shopify.com/s/files/1/0076/8301/4754/files/2118356002_017_2.webp?v=1761209405|pos:2|alt:AGV AGV Pista GP RR Performante Carbon/Red Helmet – side view || https://cdn.shopify.com/s/files/1/0076/8301/4754/files/2118356002_017_5.webp?v=1761209405|pos:3|alt:AGV AGV Pista GP RR Performante Carbon/Red Helmet – rear view || https://cdn.shopify.com/s/files/1/0076/8301/4754/files/2118356002_017_4.webp?v=1761209405|pos:4|alt:AGV AGV Pista GP RR Performante Carbon/Red Helmet – detail view || https://cdn.shopify.com/s/files/1/0076/8301/4754/files/2118356002_017_3.webp?v=1761209405|pos:5|alt:AGV AGV Pista GP RR Performante Carbon/Red Helmet – top view || https://cdn.shopify.com/s/files/1/0076/8301/4754/files/2118356002_017_7.webp?v=1761209405|pos:6|alt:AGV AGV Pista GP RR Performante Carbon/Red Helmet – product view,6,AGV AGV Pista GP RR Performante Carbon/Red Helmet – front view | AGV AGV Pista GP RR Performante Carbon/Red Helmet – side view | AGV AGV Pista GP RR Performante Carbon/Red Helmet – rear view | AGV AGV Pista GP RR Performante Carbon/Red Helmet – detail view | AGV AGV Pista GP RR Performante Carbon/Red Helmet – top view | AGV AGV Pista GP RR Performante Carbon/Red Helmet – product view,,0,,,,,,,,,false,not_eligible,,0,false,/products/agv-pista-gp-rr-performante-carbon-red-helmet,/products/agv-pista-gp-rr-performante-carbon-red-helmet
agv-pista-gp-rr-intrepido-matt-carbon-blk-red-helmet,agv-pista-gp-rr-intrepido-matt-carbon-blk-red-helmet,AGV Pista GP RR Intrepido Matt Carbon/Blk/Red Helmet,AGV Pista GP RR Intrepido Matt Carbon/Blk/Red Helmet,agv-pista-gp-rr-intrepido-matt-carbon-blk-red-helmet,The helmet created for MotoGP™ is now available to every rider. Available in multiple sizes and/or colours — select your variant.,"<p><strong>The helmet created for MotoGP™ is now available to every rider.</strong><br><br><strong>Pista GP RR</strong><span> is an exact replica of the AGV helmet </span><strong>used in races by world champions.</strong><span> It has therefore received the new</span><strong><span> </span></strong><span>FIM homologation, which certifies the highest possible level of protection, even against any dangerous twisting of the head. Due to the exclusive</span><strong><span> </span>AGV Extreme Safety<span> </span></strong><span>design protocol</span><strong>, Pista GP RR already exceeds the requirements of the strict ECE22.06 homologation.</strong><br><br><span>Every detail is designed to ensure ultimate performance. The </span><strong>Extreme Carbon</strong><span> shell in</span><strong><span> </span>100% carbon fiber guarantees<span> </span></strong><span>extraordinary lightness, which makes it effortless to wear. Its shapes and </span><strong>metal air vents</strong><span> are studied in the wind tunnel and tested by AGV athletes in order to ensure the best aerodynamic penetration and the greatest stability at high speeds, also due to the innovative profile of the rear </span><strong>PRO Spoiler</strong><span>. Boasting 5 mm thickness</span><strong>, the<span> </span></strong><span>optical class</span><strong><span> </span></strong><span>1</span><strong><span> </span></strong><span>Ultravision visor</span><strong><span> </span>is an integral part of the protector that allows<span> </span></strong><span>190° panoramic vision, </span><strong>and 85° vertical vision.</strong><span> This means the rider sees the track, adversaries, and obstacles more clearly, before anyone else, even in racing position tucked into the frame.</span><br><br><span>The exclusive </span><strong>360° Adaptive Fit</strong><span> system allows for complete customization of the interior, giving the rider the possibility to </span><strong>select the ideal thickness</strong><span> for the upper part of the head, nape, and cheeks. This essential level of comfort leaves the rider free to concentrate on nothing but their goal.</span><br><br><span>Every detail is designed with winning in mind.</span><br><br><strong>The Perfection of Obsession.</strong></p>
<div class=""accordion-item"">
<div id=""productmaterial"" class=""accordion-collapse collapse show"" data-bs-parent=""#productmaterial"">
<div class=""pb-3"">
<p class=""mb-1"">Carbon Fibre</p>
<p class=""mb-1"">Hydration system</p>
<p class=""mb-1"">Interiors customization kit: top crown pad, rear crown pad, cheek pads</p>
<p class=""mb-1"">Tear-off kit</p>
<p class=""mb-1"">Vents covers</p>
<p class=""mb-1"">Detachable PRO Spoiler</p>
<p class=""mb-1"">Race suit fitment</p>
<p class=""mb-1"">2Dry: instant sweat absorption</p>
<p class=""mb-1"">360° Adaptive fit</p>
<p class=""mb-1"">3-piece adaptable crown pad fit</p>
<p class=""mb-1"">Cheek pads safety release system</p>
<p class=""mb-1"">Cheek pads: Shalimar fabric for soft and stable fit even at high speed</p>
<p class=""mb-1"">Crown pad: elastic and breathable microfiber</p>
<p class=""mb-1"">Embracing neck roll profile</p>
<p class=""mb-1"">Microsense: premium skin comfort</p>
<p class=""mb-1"">Neck roll: breathable fabric with elastic and waterproof inserts</p>
<p class=""mb-1"">No stitches in sensitive areas</p>
<p class=""mb-1"">Removable and washable interiors</p>
<p class=""mb-1"">Removable nose guard</p>
<p class=""mb-1"">Removable wind protector</p>
<div class=""accordion-item"">
<div id=""RETENTION_SYSTEM"" class=""accordion-collapse collapse show"" data-bs-parent=""#RETENTION_SYSTEM"">
<div class=""pb-3"">
<p class=""mb-1"">Titanium Double D</p>
<p class=""mb-1"">100% Carbon fiber</p>
<p class=""mb-1"">4 shell sizes</p>
<p class=""mb-1"">5-density EPS developed in 4 sizes</p>
<p class=""mb-1"">Collarbone safe profile</p>
<p class=""mb-1"">Shell and EPS structure designed to minimize rotational accelerations (FIM homologated)</p>
<p class=""mb-1"">2 rear extractors</p>
<p class=""mb-1"">5 front vents</p>
<p class=""mb-1"">Metal air vents and extractors</p>
<p class=""mb-1"">190° horizontal field of view</p>
<p class=""mb-1"">5mm thickness</p>
<p class=""mb-1"">85° vertical field of view</p>
<p class=""mb-1"">Anti-scratch</p>
<p class=""mb-1"">Metal visor mechanism</p>
<p class=""mb-1"">Micro-opening system</p>
<p class=""mb-1"">Optic class 1</p>
<p class=""mb-1"">Patented Extra Quick Release System</p>
<p class=""mb-1"">Patented visor lock system</p>
<p class=""mb-1"">Pinlock® 120XLT™ MaxVision™ Included</p>
<div class=""accordion"" id=""accordion-MaterialCare"">
<div class=""accordion-item"">
<div id=""WEIGHT"" class=""accordion-collapse collapse show"" data-bs-parent=""#WEIGHT"">
<div class=""pb-3"">
<p class=""mb-1"">1.450 g in first shell size</p>
</div>
</div>
</div>
</div>
</div>
</div>
</div>
</div>
</div>
</div>","The helmet created for MotoGP™ is now available to every rider.

Pista GP RR is an exact replica of the AGV helmet used in races by world champions. It has therefore received the new FIM homologation, which certifies the highest possible level of protection, even against any dangerous twisting of the head. Due to the exclusive AGV Extreme Safety design protocol, Pista GP RR already exceeds the requirements of the strict ECE22.06 homologation.

Every detail is designed to ensure ultimate performance. The Extreme Carbon shell in 100% carbon fiber guarantees extraordinary lightness, which makes it effortless to wear. Its shapes and metal air vents are studied in the wind tunnel and tested by AGV athletes in order to ensure the best aerodynamic penetration and the greatest stability at high speeds, also due to the innovative profile of the rear PRO Spoiler. Boasting 5 mm thickness, the optical class 1 Ultravision visor is an integral part of the protector that allows 190° panoramic vision, and 85° vertical vision. This means the rider sees the track, adversaries, and obstacles more clearly, before anyone else, even in racing position tucked into the frame.

The exclusive 360° Adaptive Fit system allows for complete customization of the interior, giving the rider the possibility to select the ideal thickness for the upper part of the head, nape, and cheeks. This essential level of comfort leaves the rider free to concentrate on nothing but their goal.

Every detail is designed with winning in mind.

The Perfection of Obsession.

Carbon Fibre

Hydration system

Interiors customization kit: top crown pad, rear crown pad, cheek pads

Tear-off kit

Vents covers

Detachable PRO Spoiler

Race suit fitment

2Dry: instant sweat absorption

360° Adaptive fit

3-piece adaptable crown pad fit

Cheek pads safety release system

Cheek pads: Shalimar fabric for soft and stable fit even at high speed

Crown pad: elastic and breathable microfiber

Embracing neck roll profile

Microsense: premium skin comfort

Neck roll: breathable fabric with elastic and waterproof inserts

No stitches in sensitive areas

Removable and washable interiors

Removable nose guard

Removable wind protector

Titanium Double D

100% Carbon fiber

4 shell sizes

5-density EPS developed in 4 sizes

Collarbone safe profile

Shell and EPS structure designed to minimize rotational accelerations (FIM homologated)

2 rear extractors

5 front vents

Metal air vents and extractors

190° horizontal field of view

5mm thickness

85° vertical field of view

Anti-scratch

Metal visor mechanism

Micro-opening system

Optic class 1

Patented Extra Quick Release System

Patented visor lock system

Pinlock® 120XLT™ MaxVision™ Included

1.450 g in first shell size",180000,,2026-07-26,active,AGV,5000,g,AGV Pista GP RR Intrepido Matt Carbon/Blk/Red Helmet | Mile 27…,The helmet created for MotoGP™ is now available to every rider.,,Cleaned noise; brand verified,High,false,Helmets,High,"Mapped from Shopify Type ""Helmets""",agv-pista-gp-rr-intrepido-matt-carbon-blk-red-helmet-1|Size:XS|price:180000.00|compare:|weight:5000|barcode:|qty:0 | agv-pista-gp-rr-intrepido-matt-carbon-blk-red-helmet-2|Size:S|price:180000.00|compare:|weight:5000|barcode:|qty:0 | agv-pista-gp-rr-intrepido-matt-carbon-blk-red-helmet-3|Size:M|price:180000.00|compare:|weight:5000|barcode:|qty:0 | agv-pista-gp-rr-intrepido-matt-carbon-blk-red-helmet-4|Size:L|price:180000.00|compare:|weight:5000|barcode:|qty:0 | agv-pista-gp-rr-intrepido-matt-carbon-blk-red-helmet-5|Size:XL|price:180000.00|compare:|weight:5000|barcode:|qty:0 | agv-pista-gp-rr-intrepido-matt-carbon-blk-red-helmet-6|Size:XXL|price:180000.00|compare:|weight:5000|barcode:|qty:0,"agv-pista-gp-rr-intrepido-matt-carbon-blk-red-helmet-1,agv-pista-gp-rr-intrepido-matt-carbon-blk-red-helmet-2,agv-pista-gp-rr-intrepido-matt-carbon-blk-red-helmet-3,agv-pista-gp-rr-intrepido-matt-carbon-blk-red-helmet-4,agv-pista-gp-rr-intrepido-matt-carbon-blk-red-helmet-5,agv-pista-gp-rr-intrepido-matt-carbon-blk-red-helmet-6",6,https://cdn.shopify.com/s/files/1/0076/8301/4754/files/2118356002_019_1.webp?v=1761208931|pos:1|alt:AGV AGV Pista GP RR Intrepido Matt Carbon/Blk/Red Helmet – front view || https://cdn.shopify.com/s/files/1/0076/8301/4754/files/2118356002_019_2.webp?v=1761208931|pos:2|alt:AGV AGV Pista GP RR Intrepido Matt Carbon/Blk/Red Helmet – side view || https://cdn.shopify.com/s/files/1/0076/8301/4754/files/2118356002_019_5.webp?v=1761208931|pos:3|alt:AGV AGV Pista GP RR Intrepido Matt Carbon/Blk/Red Helmet – rear view || https://cdn.shopify.com/s/files/1/0076/8301/4754/files/2118356002_019_4.webp?v=1761208931|pos:4|alt:AGV AGV Pista GP RR Intrepido Matt Carbon/Blk/Red Helmet – detail view || https://cdn.shopify.com/s/files/1/0076/8301/4754/files/2118356002_019_3.webp?v=1761208930|pos:5|alt:AGV AGV Pista GP RR Intrepido Matt Carbon/Blk/Red Helmet – top view || https://cdn.shopify.com/s/files/1/0076/8301/4754/files/2118356002_019_7.webp?v=1761208931|pos:6|alt:AGV AGV Pista GP RR Intrepido Matt Carbon/Blk/Red Helmet – product view,6,AGV AGV Pista GP RR Intrepido Matt Carbon/Blk/Red Helmet – front view | AGV AGV Pista GP RR Intrepido Matt Carbon/Blk/Red Helmet – side view | AGV AGV Pista GP RR Intrepido Matt Carbon/Blk/Red Helmet – rear view | AGV AGV Pista GP RR Intrepido Matt Carbon/Blk/Red Helmet – detail view | AGV AGV Pista GP RR Intrepido Matt Carbon/Blk/Red Helmet – top view | AGV AGV Pista GP RR Intrepido Matt Carbon/Blk/Red Helmet – product view,,0,,,,,,,,,false,not_eligible,,0,false,/products/agv-pista-gp-rr-intrepido-matt-carbon-blk-red-helmet,/products/agv-pista-gp-rr-intrepido-matt-carbon-blk-red-helmet
agv-pista-gp-rr-soleluna-2023-helmet,agv-pista-gp-rr-soleluna-2023-helmet,AGV Pista GP RR Soleluna 2023 Helmet,AGV Pista GP RR Soleluna 2023 Helmet,agv-pista-gp-rr-soleluna-2023-helmet,"The PISTA GP RR SOLELUNA 2023 features the iconic Valentino Rossi livery in its exclusive 2023 version, in a limited edition. Available in multiple sizes and/or colours — select your variant.","<p><span>The </span><strong>PISTA GP RR SOLELUNA 2023</strong><span> features the iconic Valentino Rossi livery in its exclusive 2023 version, in a limited edition.</span><br><br><span>Pista GP RR is an exact replica of the AGV helmet used by champions in the World Championship. It has therefore received the new </span><strong>FIM homologation<span> </span></strong><span>, which certifies the highest possible level of protection, even against any dangerous twisting of the head.</span><br><br><span>Every detail is designed to ensure ultimate performance. The Extreme Carbon shell in </span><strong>100% carbon fiber<span> </span></strong><span>guarantees extraordinary lightness, which makes it effortless to wear. Its shapes and </span><strong>metal air<span> </span></strong><span>vents are studied in the wind tunnel and tested by AGV athletes in order to ensure the best aerodynamic penetration and the greatest stability at high speeds, also due to the innovative profile of the rear </span><strong>PRO Spoiler<span> </span></strong><span>.</span><br><br><span>Boasting 5 mm thickness, the </span><strong>optical class 1<span> </span></strong><span>Ultravision visor is an integral part of the protector that allows 190° panoramic vision. This means the rider sees the track, adversaries, and obstacles more clearly, before anyone else.</span><br><br><span>The exclusive </span><strong>360° Adaptive Fit<span> </span></strong><span>system allows for complete customization of the interior, giving the rider the possibility to select the ideal thickness for the upper part of the head, nape, and cheeks. This essential level of comfort leaves the rider free to concentrate on nothing but their goal.</span><br><br><span>Every detail is designed with winning in mind.</span><br><br><b>The Perfection of Obsession.</b></p>
<div class=""accordion-item"">
<div id=""productmaterial"" class=""accordion-collapse collapse show"" data-bs-parent=""#productmaterial"">
<div class=""pb-3"">
<p class=""mb-1"">Carbon Fibre</p>
<p class=""mb-1"">Hydration system</p>
<p class=""mb-1"">Interiors customization kit: top crown pad, rear crown pad, cheek pads</p>
<p class=""mb-1"">Tear-off kit</p>
<p class=""mb-1"">Vents covers</p>
<p class=""mb-1"">Detachable PRO Spoiler</p>
<p class=""mb-1"">Race suit fitment</p>
<p class=""mb-1"">2Dry: instant sweat absorption</p>
<p class=""mb-1"">360° Adaptive fit</p>
<p class=""mb-1"">3-piece adaptable crown pad fit</p>
<p class=""mb-1"">Cheek pads safety release system</p>
<p class=""mb-1"">Cheek pads: Shalimar fabric for soft and stable fit even at high speed</p>
<p class=""mb-1"">Crown pad: elastic and breathable microfiber</p>
<p class=""mb-1"">Embracing neck roll profile</p>
<p class=""mb-1"">Microsense: premium skin comfort</p>
<p class=""mb-1"">Neck roll: breathable fabric with elastic and waterproof inserts</p>
<p class=""mb-1"">No stitches in sensitive areas</p>
<p class=""mb-1"">Removable and washable interiors</p>
<p class=""mb-1"">Removable nose guard</p>
<p class=""mb-1"">Removable wind protector</p>
<div class=""accordion-item"">
<div id=""RETENTION_SYSTEM"" class=""accordion-collapse collapse show"" data-bs-parent=""#RETENTION_SYSTEM"">
<div class=""pb-3"">
<p class=""mb-1"">Titanium Double D</p>
<p class=""mb-1"">100% Carbon fiber</p>
<p class=""mb-1"">4 shell sizes</p>
<p class=""mb-1"">5-density EPS developed in 4 sizes</p>
<p class=""mb-1"">Collarbone safe profile</p>
<p class=""mb-1"">Shell and EPS structure designed to minimize rotational accelerations (FIM homologated)</p>
<p class=""mb-1"">2 rear extractors</p>
<p class=""mb-1"">5 front vents</p>
<p class=""mb-1"">Metal air vents and extractors</p>
<p class=""mb-1"">190° horizontal field of view</p>
<p class=""mb-1"">5mm thickness</p>
<p class=""mb-1"">85° vertical field of view</p>
<p class=""mb-1"">Anti-scratch</p>
<p class=""mb-1"">Metal visor mechanism</p>
<p class=""mb-1"">Micro-opening system</p>
<p class=""mb-1"">Optic class 1</p>
<p class=""mb-1"">Patented Extra Quick Release System</p>
<p class=""mb-1"">Patented visor lock system</p>
<p class=""mb-1"">Pinlock® 120XLT™ MaxVision™ Included</p>
<div class=""accordion"" id=""accordion-MaterialCare"">
<div class=""accordion-item"">
<div id=""WEIGHT"" class=""accordion-collapse collapse show"" data-bs-parent=""#WEIGHT"">
<div class=""pb-3"">
<p class=""mb-1"">1.450 g in first shell size</p>
</div>
</div>
</div>
</div>
</div>
</div>
</div>
</div>
</div>
</div>","The PISTA GP RR SOLELUNA 2023 features the iconic Valentino Rossi livery in its exclusive 2023 version, in a limited edition.

Pista GP RR is an exact replica of the AGV helmet used by champions in the World Championship. It has therefore received the new FIM homologation , which certifies the highest possible level of protection, even against any dangerous twisting of the head.

Every detail is designed to ensure ultimate performance. The Extreme Carbon shell in 100% carbon fiber guarantees extraordinary lightness, which makes it effortless to wear. Its shapes and metal air vents are studied in the wind tunnel and tested by AGV athletes in order to ensure the best aerodynamic penetration and the greatest stability at high speeds, also due to the innovative profile of the rear PRO Spoiler .

Boasting 5 mm thickness, the optical class 1 Ultravision visor is an integral part of the protector that allows 190° panoramic vision. This means the rider sees the track, adversaries, and obstacles more clearly, before anyone else.

The exclusive 360° Adaptive Fit system allows for complete customization of the interior, giving the rider the possibility to select the ideal thickness for the upper part of the head, nape, and cheeks. This essential level of comfort leaves the rider free to concentrate on nothing but their goal.

Every detail is designed with winning in mind.

The Perfection of Obsession.

Carbon Fibre

Hydration system

Interiors customization kit: top crown pad, rear crown pad, cheek pads

Tear-off kit

Vents covers

Detachable PRO Spoiler

Race suit fitment

2Dry: instant sweat absorption

360° Adaptive fit

3-piece adaptable crown pad fit

Cheek pads safety release system

Cheek pads: Shalimar fabric for soft and stable fit even at high speed

Crown pad: elastic and breathable microfiber

Embracing neck roll profile

Microsense: premium skin comfort

Neck roll: breathable fabric with elastic and waterproof inserts

No stitches in sensitive areas

Removable and washable interiors

Removable nose guard

Removable wind protector

Titanium Double D

100% Carbon fiber

4 shell sizes

5-density EPS developed in 4 sizes

Collarbone safe profile

Shell and EPS structure designed to minimize rotational accelerations (FIM homologated)

2 rear extractors

5 front vents

Metal air vents and extractors

190° horizontal field of view

5mm thickness

85° vertical field of view

Anti-scratch

Metal visor mechanism

Micro-opening system

Optic class 1

Patented Extra Quick Release System

Patented visor lock system

Pinlock® 120XLT™ MaxVision™ Included

1.450 g in first shell size",190000,,2026-07-26,active,AGV,5000,g,Buy AGV Pista GP RR Soleluna 2023 Helmet | Mile 27 Store,"The PISTA GP RR SOLELUNA 2023 features the iconic Valentino Rossi livery in its exclusive 2023 version, in a limited edition.",,Cleaned noise; brand verified,High,false,Helmets,High,"Mapped from Shopify Type ""Helmets""",agv-pista-gp-rr-soleluna-2023-helmet-1|Size:XS|price:190000.00|compare:|weight:5000|barcode:|qty:0 | agv-pista-gp-rr-soleluna-2023-helmet-2|Size:S|price:190000.00|compare:|weight:5000|barcode:|qty:0 | agv-pista-gp-rr-soleluna-2023-helmet-3|Size:M|price:190000.00|compare:|weight:5000|barcode:|qty:0 | agv-pista-gp-rr-soleluna-2023-helmet-4|Size:L|price:190000.00|compare:|weight:5000|barcode:|qty:0 | agv-pista-gp-rr-soleluna-2023-helmet-5|Size:XL|price:190000.00|compare:|weight:5000|barcode:|qty:0 | agv-pista-gp-rr-soleluna-2023-helmet-6|Size:XXL|price:190000.00|compare:|weight:5000|barcode:|qty:0,"agv-pista-gp-rr-soleluna-2023-helmet-1,agv-pista-gp-rr-soleluna-2023-helmet-2,agv-pista-gp-rr-soleluna-2023-helmet-3,agv-pista-gp-rr-soleluna-2023-helmet-4,agv-pista-gp-rr-soleluna-2023-helmet-5,agv-pista-gp-rr-soleluna-2023-helmet-6",6,https://cdn.shopify.com/s/files/1/0076/8301/4754/files/2118356002_027_1.webp?v=1761208441|pos:1|alt:AGV AGV Pista GP RR Soleluna 2023 Helmet – front view || https://cdn.shopify.com/s/files/1/0076/8301/4754/files/2118356002_027_2.webp?v=1761208441|pos:2|alt:AGV AGV Pista GP RR Soleluna 2023 Helmet – side view || https://cdn.shopify.com/s/files/1/0076/8301/4754/files/2118356002_027_5.webp?v=1761208442|pos:3|alt:AGV AGV Pista GP RR Soleluna 2023 Helmet – rear view || https://cdn.shopify.com/s/files/1/0076/8301/4754/files/2118356002_027_4.webp?v=1761208441|pos:4|alt:AGV AGV Pista GP RR Soleluna 2023 Helmet – detail view || https://cdn.shopify.com/s/files/1/0076/8301/4754/files/2118356002_027_3.webp?v=1761208441|pos:5|alt:AGV AGV Pista GP RR Soleluna 2023 Helmet – top view || https://cdn.shopify.com/s/files/1/0076/8301/4754/files/2118356002_027_7.webp?v=1761208442|pos:6|alt:AGV AGV Pista GP RR Soleluna 2023 Helmet – product view,6,AGV AGV Pista GP RR Soleluna 2023 Helmet – front view | AGV AGV Pista GP RR Soleluna 2023 Helmet – side view | AGV AGV Pista GP RR Soleluna 2023 Helmet – rear view | AGV AGV Pista GP RR Soleluna 2023 Helmet – detail view | AGV AGV Pista GP RR Soleluna 2023 Helmet – top view | AGV AGV Pista GP RR Soleluna 2023 Helmet – product view,,0,,,,,,,,,false,not_eligible,,0,false,/products/agv-pista-gp-rr-soleluna-2023-helmet,/products/agv-pista-gp-rr-soleluna-2023-helmet
agv-pista-gp-rr-mono-matt-carbon-helmet,agv-pista-gp-rr-mono-matt-carbon-helmet,AGV Pista GP RR Mono Matt Carbon Helmet,AGV Pista GP RR Mono Matt Carbon Helmet,agv-pista-gp-rr-mono-matt-carbon-helmet,The helmet created for MotoGP™ is now available to every rider. Available in multiple sizes and/or colours — select your variant.,"<p><strong>The helmet created for MotoGP™ is now available to every rider.</strong><br><br><strong>Pista GP RR</strong><span> is an exact replica of the AGV helmet </span><strong>used in races by world champions.</strong><span> It has therefore received the new</span><strong><span> </span></strong><span>FIM homologation, which certifies the highest possible level of protection, even against any dangerous twisting of the head. Due to the exclusive</span><strong><span> </span>AGV Extreme Safety<span> </span></strong><span>design protocol</span><strong>, Pista GP RR already exceeds the requirements of the strict ECE22.06 homologation.</strong><br><br><span>Every detail is designed to ensure ultimate performance. The </span><strong>Extreme Carbon</strong><span> shell in</span><strong><span> </span>100% carbon fiber guarantees<span> </span></strong><span>extraordinary lightness, which makes it effortless to wear. Its shapes and </span><strong>metal air vents</strong><span> are studied in the wind tunnel and tested by AGV athletes in order to ensure the best aerodynamic penetration and the greatest stability at high speeds, also due to the innovative profile of the rear </span><strong>PRO Spoiler</strong><span>. Boasting 5 mm thickness</span><strong>, the<span> </span></strong><span>optical class</span><strong><span> </span></strong><span>1</span><strong><span> </span></strong><span>Ultravision visor</span><strong><span> </span>is an integral part of the protector that allows<span> </span></strong><span>190° panoramic vision, </span><strong>and 85° vertical vision.</strong><span> This means the rider sees the track, adversaries, and obstacles more clearly, before anyone else, even in racing position tucked into the frame.</span><br><br><span>The exclusive </span><strong>360° Adaptive Fit</strong><span> system allows for complete customization of the interior, giving the rider the possibility to </span><strong>select the ideal thickness</strong><span> for the upper part of the head, nape, and cheeks. This essential level of comfort leaves the rider free to concentrate on nothing but their goal.</span><br><br><span>Every detail is designed with winning in mind.</span><br><br><strong>The Perfection of Obsession.</strong></p>
<div class=""accordion-item"">
<div id=""productmaterial"" class=""accordion-collapse collapse show"" data-bs-parent=""#productmaterial"">
<div class=""pb-3"">
<p class=""mb-1"">Carbon Fibre</p>
<p class=""mb-1"">Hydration system</p>
<p class=""mb-1"">Interiors customization kit: top crown pad, rear crown pad, cheek pads</p>
<p class=""mb-1"">Tear-off kit</p>
<p class=""mb-1"">Vents covers</p>
<p class=""mb-1"">Detachable PRO Spoiler</p>
<p class=""mb-1"">Race suit fitment</p>
<p class=""mb-1"">2Dry: instant sweat absorption</p>
<p class=""mb-1"">360° Adaptive fit</p>
<p class=""mb-1"">3-piece adaptable crown pad fit</p>
<p class=""mb-1"">Cheek pads safety release system</p>
<p class=""mb-1"">Cheek pads: Shalimar fabric for soft and stable fit even at high speed</p>
<p class=""mb-1"">Crown pad: elastic and breathable microfiber</p>
<p class=""mb-1"">Embracing neck roll profile</p>
<p class=""mb-1"">Microsense: premium skin comfort</p>
<p class=""mb-1"">Neck roll: breathable fabric with elastic and waterproof inserts</p>
<p class=""mb-1"">No stitches in sensitive areas</p>
<p class=""mb-1"">Removable and washable interiors</p>
<p class=""mb-1"">Removable nose guard</p>
<p class=""mb-1"">Removable wind protector</p>
<div class=""accordion-item"">
<div id=""RETENTION_SYSTEM"" class=""accordion-collapse collapse show"" data-bs-parent=""#RETENTION_SYSTEM"">
<div class=""pb-3"">
<p class=""mb-1"">Titanium Double D</p>
<p class=""mb-1"">100% Carbon fiber</p>
<p class=""mb-1"">4 shell sizes</p>
<p class=""mb-1"">5-density EPS developed in 4 sizes</p>
<p class=""mb-1"">Collarbone safe profile</p>
<p class=""mb-1"">Shell and EPS structure designed to minimize rotational accelerations (FIM homologated)</p>
<p class=""mb-1"">2 rear extractors</p>
<p class=""mb-1"">5 front vents</p>
<p class=""mb-1"">Metal air vents and extractors</p>
<p class=""mb-1"">190° horizontal field of view</p>
<p class=""mb-1"">5mm thickness</p>
<p class=""mb-1"">85° vertical field of view</p>
<p class=""mb-1"">Anti-scratch</p>
<p class=""mb-1"">Metal visor mechanism</p>
<p class=""mb-1"">Micro-opening system</p>
<p class=""mb-1"">Optic class 1</p>
<p class=""mb-1"">Patented Extra Quick Release System</p>
<p class=""mb-1"">Patented visor lock system</p>
<p class=""mb-1"">Pinlock® 120XLT™ MaxVision™ Included</p>
<div class=""accordion"" id=""accordion-MaterialCare"">
<div class=""accordion-item"">
<div id=""WEIGHT"" class=""accordion-collapse collapse show"" data-bs-parent=""#WEIGHT"">
<div class=""pb-3"">
<p class=""mb-1"">1.450 g in first shell size</p>
</div>
</div>
</div>
</div>
</div>
</div>
</div>
</div>
</div>
</div>","The helmet created for MotoGP™ is now available to every rider.

Pista GP RR is an exact replica of the AGV helmet used in races by world champions. It has therefore received the new FIM homologation, which certifies the highest possible level of protection, even against any dangerous twisting of the head. Due to the exclusive AGV Extreme Safety design protocol, Pista GP RR already exceeds the requirements of the strict ECE22.06 homologation.

Every detail is designed to ensure ultimate performance. The Extreme Carbon shell in 100% carbon fiber guarantees extraordinary lightness, which makes it effortless to wear. Its shapes and metal air vents are studied in the wind tunnel and tested by AGV athletes in order to ensure the best aerodynamic penetration and the greatest stability at high speeds, also due to the innovative profile of the rear PRO Spoiler. Boasting 5 mm thickness, the optical class 1 Ultravision visor is an integral part of the protector that allows 190° panoramic vision, and 85° vertical vision. This means the rider sees the track, adversaries, and obstacles more clearly, before anyone else, even in racing position tucked into the frame.

The exclusive 360° Adaptive Fit system allows for complete customization of the interior, giving the rider the possibility to select the ideal thickness for the upper part of the head, nape, and cheeks. This essential level of comfort leaves the rider free to concentrate on nothing but their goal.

Every detail is designed with winning in mind.

The Perfection of Obsession.

Carbon Fibre

Hydration system

Interiors customization kit: top crown pad, rear crown pad, cheek pads

Tear-off kit

Vents covers

Detachable PRO Spoiler

Race suit fitment

2Dry: instant sweat absorption

360° Adaptive fit

3-piece adaptable crown pad fit

Cheek pads safety release system

Cheek pads: Shalimar fabric for soft and stable fit even at high speed

Crown pad: elastic and breathable microfiber

Embracing neck roll profile

Microsense: premium skin comfort

Neck roll: breathable fabric with elastic and waterproof inserts

No stitches in sensitive areas

Removable and washable interiors

Removable nose guard

Removable wind protector

Titanium Double D

100% Carbon fiber

4 shell sizes

5-density EPS developed in 4 sizes

Collarbone safe profile

Shell and EPS structure designed to minimize rotational accelerations (FIM homologated)

2 rear extractors

5 front vents

Metal air vents and extractors

190° horizontal field of view

5mm thickness

85° vertical field of view

Anti-scratch

Metal visor mechanism

Micro-opening system

Optic class 1

Patented Extra Quick Release System

Patented visor lock system

Pinlock® 120XLT™ MaxVision™ Included

1.450 g in first shell size",180000,,2026-07-26,active,AGV,5000,g,Buy AGV Pista GP RR Mono Matt Carbon Helmet | Mile 27 Store,The helmet created for MotoGP™ is now available to every rider.,,Cleaned noise; brand verified,High,false,Helmets,High,"Mapped from Shopify Type ""Helmets""",agv-pista-gp-rr-mono-matt-carbon-helmet-1|Size:XS|price:180000.00|compare:|weight:5000|barcode:|qty:0 | agv-pista-gp-rr-mono-matt-carbon-helmet-2|Size:S|price:180000.00|compare:|weight:5000|barcode:|qty:0 | agv-pista-gp-rr-mono-matt-carbon-helmet-3|Size:M|price:180000.00|compare:|weight:5000|barcode:|qty:0 | agv-pista-gp-rr-mono-matt-carbon-helmet-4|Size:L|price:180000.00|compare:|weight:5000|barcode:|qty:0 | agv-pista-gp-rr-mono-matt-carbon-helmet-5|Size:XL|price:180000.00|compare:|weight:5000|barcode:|qty:0 | agv-pista-gp-rr-mono-matt-carbon-helmet-6|Size:XXL|price:180000.00|compare:|weight:5000|barcode:|qty:0,"agv-pista-gp-rr-mono-matt-carbon-helmet-1,agv-pista-gp-rr-mono-matt-carbon-helmet-2,agv-pista-gp-rr-mono-matt-carbon-helmet-3,agv-pista-gp-rr-mono-matt-carbon-helmet-4,agv-pista-gp-rr-mono-matt-carbon-helmet-5,agv-pista-gp-rr-mono-matt-carbon-helmet-6",6,https://cdn.shopify.com/s/files/1/0076/8301/4754/files/2118356002_007_1.webp?v=1761203414|pos:1|alt:AGV AGV Pista GP RR Mono Matt Carbon Helmet – front view || https://cdn.shopify.com/s/files/1/0076/8301/4754/files/2118356002_007_2.webp?v=1761203414|pos:2|alt:AGV AGV Pista GP RR Mono Matt Carbon Helmet – side view || https://cdn.shopify.com/s/files/1/0076/8301/4754/files/2118356002_007_5.webp?v=1761203414|pos:3|alt:AGV AGV Pista GP RR Mono Matt Carbon Helmet – rear view || https://cdn.shopify.com/s/files/1/0076/8301/4754/files/2118356002_007_4.webp?v=1761203414|pos:4|alt:AGV AGV Pista GP RR Mono Matt Carbon Helmet – detail view || https://cdn.shopify.com/s/files/1/0076/8301/4754/files/2118356002_007_3.webp?v=1761203414|pos:5|alt:AGV AGV Pista GP RR Mono Matt Carbon Helmet – top view || https://cdn.shopify.com/s/files/1/0076/8301/4754/files/2118356002_007_7.webp?v=1761203414|pos:6|alt:AGV AGV Pista GP RR Mono Matt Carbon Helmet – product view,6,AGV AGV Pista GP RR Mono Matt Carbon Helmet – front view | AGV AGV Pista GP RR Mono Matt Carbon Helmet – side view | AGV AGV Pista GP RR Mono Matt Carbon Helmet – rear view | AGV AGV Pista GP RR Mono Matt Carbon Helmet – detail view | AGV AGV Pista GP RR Mono Matt Carbon Helmet – top view | AGV AGV Pista GP RR Mono Matt Carbon Helmet – product view,,0,,,,,,,,,false,not_eligible,,0,false,/products/agv-pista-gp-rr-mono-matt-carbon-helmet,/products/agv-pista-gp-rr-mono-matt-carbon-helmet
agv-pista-gp-rr-catalunya-2008-helmet,agv-pista-gp-rr-catalunya-2008-helmet,AGV Pista GP RR Catalunya 2008 Helmet,AGV Pista GP RR Catalunya 2008 Helmet,agv-pista-gp-rr-catalunya-2008-helmet,"The final graphics in the special “Vale’s Helmets” project replicate the ones the Doctor used in the 2008 Catalunya Grand Prix, in a hard-fought, exciting… Available in multiple sizes and/or colours — select your variant.","<p><span>The final graphics in the special “Vale’s Helmets” project replicate the ones the Doctor used in the 2008 Catalunya Grand Prix, in a hard-fought, exciting race. Called “</span><strong>Football</strong><span>” due to its classic white-hexagon, black-pentagon pattern, Valentino wore this helmet for the first time on the second race day at the Catalan GP, as a </span><strong>good luck charm and dedication to the Azzurri in the 2008 Euro Football Championship</strong><span>. The professional rider’s soccer-themed tribute is completed by the suit, created especially for the occasion, inspired by the kit of the Italian national soccer team with white shorts and socks combined with the iconic blue soccer jersey.</span><br><br><span>Pista GP RR is an exact replica of the AGV helmet used by champions in the World Championship. It has therefore received the new </span><strong>FIM homologation<span> </span></strong><span>, which certifies the highest possible level of protection, even against any dangerous twisting of the head.</span><br><br><span>Every detail is designed to ensure ultimate performance. The Extreme Carbon shell in </span><strong>100% carbon fiber<span> </span></strong><span>guarantees extraordinary lightness, which makes it effortless to wear. Its shapes and </span><strong>metal air<span> </span></strong><span>vents are studied in the wind tunnel and tested by AGV athletes in order to ensure the best aerodynamic penetration and the greatest stability at high speeds, also due to the innovative profile of the rear </span><strong>PRO Spoiler<span> </span></strong><span>.</span><br><br><span>Boasting 5 mm thickness, the </span><strong>optical class 1<span> </span></strong><span>Ultravision visor is an integral part of the protector that allows 190° panoramic vision. This means the rider sees the track, adversaries, and obstacles more clearly, before anyone else.</span><br><br><span>The exclusive </span><strong>360° Adaptive Fit<span> </span></strong><span>system allows for complete customization of the interior, giving the rider the possibility to select the ideal thickness for the upper part of the head, nape, and cheeks. This essential level of comfort leaves the rider free to concentrate on nothing but their goal.</span><br><br><span>Every detail is designed with winning in mind.</span><br><br><b>The Perfection of Obsession.</b></p>
<div class=""accordion-item"">
<div id=""productmaterial"" class=""accordion-collapse collapse show"" data-bs-parent=""#productmaterial"">
<div class=""pb-3"">
<p class=""mb-1"">Carbon Fibre</p>
<p class=""mb-1"">Hydration system</p>
<p class=""mb-1"">Interiors customization kit: top crown pad, rear crown pad, cheek pads</p>
<p class=""mb-1"">Tear-off kit</p>
<p class=""mb-1"">Vents covers</p>
<p class=""mb-1"">Detachable PRO Spoiler</p>
<p class=""mb-1"">Race suit fitment</p>
<p class=""mb-1"">2Dry: instant sweat absorption</p>
<p class=""mb-1"">360° Adaptive fit</p>
<p class=""mb-1"">3-piece adaptable crown pad fit</p>
<p class=""mb-1"">Cheek pads safety release system</p>
<p class=""mb-1"">Cheek pads: Shalimar fabric for soft and stable fit even at high speed</p>
<p class=""mb-1"">Crown pad: elastic and breathable microfiber</p>
<p class=""mb-1"">Embracing neck roll profile</p>
<p class=""mb-1"">Microsense: premium skin comfort</p>
<p class=""mb-1"">Neck roll: breathable fabric with elastic and waterproof inserts</p>
<p class=""mb-1"">No stitches in sensitive areas</p>
<p class=""mb-1"">Removable and washable interiors</p>
<p class=""mb-1"">Removable nose guard</p>
<p class=""mb-1"">Removable wind protector</p>
<div class=""accordion-item"">
<div id=""RETENTION_SYSTEM"" class=""accordion-collapse collapse show"" data-bs-parent=""#RETENTION_SYSTEM"">
<div class=""pb-3"">
<p class=""mb-1"">Titanium Double D</p>
<p class=""mb-1"">100% Carbon fiber</p>
<p class=""mb-1"">4 shell sizes</p>
<p class=""mb-1"">5-density EPS developed in 4 sizes</p>
<p class=""mb-1"">Collarbone safe profile</p>
<p class=""mb-1"">Shell and EPS structure designed to minimize rotational accelerations (FIM homologated)</p>
<p class=""mb-1"">2 rear extractors</p>
<p class=""mb-1"">5 front vents</p>
<p class=""mb-1"">Metal air vents and extractors</p>
<p class=""mb-1"">190° horizontal field of view</p>
<p class=""mb-1"">5mm thickness</p>
<p class=""mb-1"">85° vertical field of view</p>
<p class=""mb-1"">Anti-scratch</p>
<p class=""mb-1"">Metal visor mechanism</p>
<p class=""mb-1"">Micro-opening system</p>
<p class=""mb-1"">Optic class 1</p>
<p class=""mb-1"">Patented Extra Quick Release System</p>
<p class=""mb-1"">Patented visor lock system</p>
<p class=""mb-1"">Pinlock® 120XLT™ MaxVision™ Included</p>
<div class=""accordion"" id=""accordion-MaterialCare"">
<div class=""accordion-item"">
<div id=""WEIGHT"" class=""accordion-collapse collapse show"" data-bs-parent=""#WEIGHT"">
<div class=""pb-3"">
<p class=""mb-1"">1.450 g in first shell size</p>
</div>
</div>
</div>
</div>
</div>
</div>
</div>
</div>
</div>
</div>","The final graphics in the special “Vale’s Helmets” project replicate the ones the Doctor used in the 2008 Catalunya Grand Prix, in a hard-fought, exciting race. Called “Football” due to its classic white-hexagon, black-pentagon pattern, Valentino wore this helmet for the first time on the second race day at the Catalan GP, as a good luck charm and dedication to the Azzurri in the 2008 Euro Football Championship. The professional rider’s soccer-themed tribute is completed by the suit, created especially for the occasion, inspired by the kit of the Italian national soccer team with white shorts and socks combined with the iconic blue soccer jersey.

Pista GP RR is an exact replica of the AGV helmet used by champions in the World Championship. It has therefore received the new FIM homologation , which certifies the highest possible level of protection, even against any dangerous twisting of the head.

Every detail is designed to ensure ultimate performance. The Extreme Carbon shell in 100% carbon fiber guarantees extraordinary lightness, which makes it effortless to wear. Its shapes and metal air vents are studied in the wind tunnel and tested by AGV athletes in order to ensure the best aerodynamic penetration and the greatest stability at high speeds, also due to the innovative profile of the rear PRO Spoiler .

Boasting 5 mm thickness, the optical class 1 Ultravision visor is an integral part of the protector that allows 190° panoramic vision. This means the rider sees the track, adversaries, and obstacles more clearly, before anyone else.

The exclusive 360° Adaptive Fit system allows for complete customization of the interior, giving the rider the possibility to select the ideal thickness for the upper part of the head, nape, and cheeks. This essential level of comfort leaves the rider free to concentrate on nothing but their goal.

Every detail is designed with winning in mind.

The Perfection of Obsession.

Carbon Fibre

Hydration system

Interiors customization kit: top crown pad, rear crown pad, cheek pads

Tear-off kit

Vents covers

Detachable PRO Spoiler

Race suit fitment

2Dry: instant sweat absorption

360° Adaptive fit

3-piece adaptable crown pad fit

Cheek pads safety release system

Cheek pads: Shalimar fabric for soft and stable fit even at high speed

Crown pad: elastic and breathable microfiber

Embracing neck roll profile

Microsense: premium skin comfort

Neck roll: breathable fabric with elastic and waterproof inserts

No stitches in sensitive areas

Removable and washable interiors

Removable nose guard

Removable wind protector

Titanium Double D

100% Carbon fiber

4 shell sizes

5-density EPS developed in 4 sizes

Collarbone safe profile

Shell and EPS structure designed to minimize rotational accelerations (FIM homologated)

2 rear extractors

5 front vents

Metal air vents and extractors

190° horizontal field of view

5mm thickness

85° vertical field of view

Anti-scratch

Metal visor mechanism

Micro-opening system

Optic class 1

Patented Extra Quick Release System

Patented visor lock system

Pinlock® 120XLT™ MaxVision™ Included

1.450 g in first shell size",190000,,2026-07-26,active,AGV,5000,g,Buy AGV Pista GP RR Catalunya 2008 Helmet | Mile 27 Store,"The final graphics in the special “Vale’s Helmets” project replicate the ones the Doctor used in the 2008 Catalunya Grand Prix, in a hard-fought, exciting…",,Cleaned noise; brand verified,High,false,Helmets,High,"Mapped from Shopify Type ""Helmets""",agv-pista-gp-rr-catalunya-2008-helmet-1|Size:XS|price:190000.00|compare:|weight:5000|barcode:|qty:0 | agv-pista-gp-rr-catalunya-2008-helmet-2|Size:S|price:190000.00|compare:|weight:5000|barcode:|qty:0 | agv-pista-gp-rr-catalunya-2008-helmet-3|Size:M|price:190000.00|compare:|weight:5000|barcode:|qty:0 | agv-pista-gp-rr-catalunya-2008-helmet-4|Size:L|price:190000.00|compare:|weight:5000|barcode:|qty:0 | agv-pista-gp-rr-catalunya-2008-helmet-5|Size:XL|price:190000.00|compare:|weight:5000|barcode:|qty:0 | agv-pista-gp-rr-catalunya-2008-helmet-6|Size:XXL|price:190000.00|compare:|weight:5000|barcode:|qty:0,"agv-pista-gp-rr-catalunya-2008-helmet-1,agv-pista-gp-rr-catalunya-2008-helmet-2,agv-pista-gp-rr-catalunya-2008-helmet-3,agv-pista-gp-rr-catalunya-2008-helmet-4,agv-pista-gp-rr-catalunya-2008-helmet-5,agv-pista-gp-rr-catalunya-2008-helmet-6",6,https://cdn.shopify.com/s/files/1/0076/8301/4754/files/2118356002_026_1.webp?v=1761202198|pos:1|alt:AGV AGV Pista GP RR Catalunya 2008 Helmet – front view || https://cdn.shopify.com/s/files/1/0076/8301/4754/files/2118356002_026_2.webp?v=1761202198|pos:2|alt:AGV AGV Pista GP RR Catalunya 2008 Helmet – side view || https://cdn.shopify.com/s/files/1/0076/8301/4754/files/2118356002_026_5.webp?v=1761202198|pos:3|alt:AGV AGV Pista GP RR Catalunya 2008 Helmet – rear view || https://cdn.shopify.com/s/files/1/0076/8301/4754/files/2118356002_026_4.webp?v=1761202198|pos:4|alt:AGV AGV Pista GP RR Catalunya 2008 Helmet – detail view || https://cdn.shopify.com/s/files/1/0076/8301/4754/files/2118356002_026_3.webp?v=1761202198|pos:5|alt:AGV AGV Pista GP RR Catalunya 2008 Helmet – top view || https://cdn.shopify.com/s/files/1/0076/8301/4754/files/2118356002_026_7.webp?v=1761202198|pos:6|alt:AGV AGV Pista GP RR Catalunya 2008 Helmet – product view,6,AGV AGV Pista GP RR Catalunya 2008 Helmet – front view | AGV AGV Pista GP RR Catalunya 2008 Helmet – side view | AGV AGV Pista GP RR Catalunya 2008 Helmet – rear view | AGV AGV Pista GP RR Catalunya 2008 Helmet – detail view | AGV AGV Pista GP RR Catalunya 2008 Helmet – top view | AGV AGV Pista GP RR Catalunya 2008 Helmet – product view,,0,,,,,,,,,false,not_eligible,,0,false,/products/agv-pista-gp-rr-catalunya-2008-helmet,/products/agv-pista-gp-rr-catalunya-2008-helmet
agv-pista-gp-rr-mono-red-carbon-helmet,agv-pista-gp-rr-mono-red-carbon-helmet,AGV Pista GP RR Mono Red Carbon Helmet,AGV Pista GP RR Mono Red Carbon Helmet,agv-pista-gp-rr-mono-red-carbon-helmet,The helmet created for MotoGP™ is now available to every rider. Available in multiple sizes and/or colours — select your variant.,"<p><strong>The helmet created for MotoGP™ is now available to every rider.</strong><br><br><strong>Pista GP RR</strong><span> is an exact replica of the AGV helmet </span><strong>used in races by world champions.</strong><span> It has therefore received the new</span><strong><span> </span></strong><span>FIM homologation, which certifies the highest possible level of protection, even against any dangerous twisting of the head. Due to the exclusive</span><strong><span> </span>AGV Extreme Safety<span> </span></strong><span>design protocol</span><strong>, Pista GP RR already exceeds the requirements of the strict ECE22.06 homologation.</strong><br><br><span>Every detail is designed to ensure ultimate performance. The </span><strong>Extreme Carbon</strong><span> shell in</span><strong><span> </span>100% carbon fiber guarantees<span> </span></strong><span>extraordinary lightness, which makes it effortless to wear. Its shapes and </span><strong>metal air vents</strong><span> are studied in the wind tunnel and tested by AGV athletes in order to ensure the best aerodynamic penetration and the greatest stability at high speeds, also due to the innovative profile of the rear </span><strong>PRO Spoiler</strong><span>. Boasting 5 mm thickness</span><strong>, the<span> </span></strong><span>optical class</span><strong><span> </span></strong><span>1</span><strong><span> </span></strong><span>Ultravision visor</span><strong><span> </span>is an integral part of the protector that allows<span> </span></strong><span>190° panoramic vision, </span><strong>and 85° vertical vision.</strong><span> This means the rider sees the track, adversaries, and obstacles more clearly, before anyone else, even in racing position tucked into the frame.</span><br><br><span>The exclusive </span><strong>360° Adaptive Fit</strong><span> system allows for complete customization of the interior, giving the rider the possibility to </span><strong>select the ideal thickness</strong><span> for the upper part of the head, nape, and cheeks. This essential level of comfort leaves the rider free to concentrate on nothing but their goal.</span><br><br><span>Every detail is designed with winning in mind.</span><br><br><strong>The Perfection of Obsession.</strong></p>
<p>Carbon Fibre</p>
<p class=""mb-1"">Hydration system</p>
<p class=""mb-1"">Interiors customization kit: top crown pad, rear crown pad, cheek pads</p>
<p class=""mb-1"">Smoke visor (Only for ""I caschi di Vale"", PISTA GP RR - IRIDIUM CARBON, RED CARBON, ITALIA CARBONIO FORGIATO)</p>
<p class=""mb-1"">Tear-off kit</p>
<p class=""mb-1"">Vents covers</p>
<p class=""mb-1"">Detachable PRO Spoiler</p>
<p class=""mb-1"">Race suit fitment</p>
<p class=""mb-1"">2Dry: instant sweat absorption</p>
<p class=""mb-1"">360° Adaptive fit</p>
<p class=""mb-1"">3-piece adaptable crown pad fit</p>
<p class=""mb-1"">Cheek pads safety release system</p>
<p class=""mb-1"">Cheek pads: Shalimar fabric for soft and stable fit even at high speed</p>
<p class=""mb-1"">Crown pad: elastic and breathable microfiber</p>
<p class=""mb-1"">Embracing neck roll profile</p>
<p class=""mb-1"">Microsense: premium skin comfort</p>
<p class=""mb-1"">Neck roll: breathable fabric with elastic and waterproof inserts</p>
<p class=""mb-1"">No stitches in sensitive areas</p>
<p class=""mb-1"">Removable and washable interiors</p>
<p class=""mb-1"">Removable nose guard</p>
<p class=""mb-1"">Removable wind protector</p>
<p class=""mb-1""><span>Titanium Double D</span></p>
<p class=""mb-1"">100% Carbon fiber</p>
<p class=""mb-1"">4 shell sizes</p>
<p class=""mb-1"">5-density EPS developed in 4 sizes</p>
<p class=""mb-1"">Collarbone safe profile</p>
<p class=""mb-1"">Shell and EPS structure designed to minimize rotational accelerations (FIM homologated)</p>
<p class=""mb-1"">2 rear extractors</p>
<p class=""mb-1"">5 front vents</p>
<p class=""mb-1"">Metal air vents and extractors</p>
<p class=""mb-1"">100% Max Vision Pinlock (120) included</p>
<p class=""mb-1"">190° horizontal field of view</p>
<p class=""mb-1"">5mm thickness</p>
<p class=""mb-1"">85° vertical field of view</p>
<p class=""mb-1"">Anti-scratch</p>
<p class=""mb-1"">Metal visor mechanism</p>
<p class=""mb-1"">Micro-opening system</p>
<p class=""mb-1"">Optic class 1</p>
<p class=""mb-1"">Patented Extra Quick Release System</p>
<p class=""mb-1"">Patented visor lock system</p>
<div class=""accordion"" id=""accordion-MaterialCare"">
<div class=""accordion-item"">
<div id=""WEIGHT"" class=""accordion-collapse collapse show"" data-bs-parent=""#WEIGHT"">
<div class=""pb-3"">
<p class=""mb-1"">1.450 g in first shell size</p>
</div>
</div>
</div>
</div>","The helmet created for MotoGP™ is now available to every rider.

Pista GP RR is an exact replica of the AGV helmet used in races by world champions. It has therefore received the new FIM homologation, which certifies the highest possible level of protection, even against any dangerous twisting of the head. Due to the exclusive AGV Extreme Safety design protocol, Pista GP RR already exceeds the requirements of the strict ECE22.06 homologation.

Every detail is designed to ensure ultimate performance. The Extreme Carbon shell in 100% carbon fiber guarantees extraordinary lightness, which makes it effortless to wear. Its shapes and metal air vents are studied in the wind tunnel and tested by AGV athletes in order to ensure the best aerodynamic penetration and the greatest stability at high speeds, also due to the innovative profile of the rear PRO Spoiler. Boasting 5 mm thickness, the optical class 1 Ultravision visor is an integral part of the protector that allows 190° panoramic vision, and 85° vertical vision. This means the rider sees the track, adversaries, and obstacles more clearly, before anyone else, even in racing position tucked into the frame.

The exclusive 360° Adaptive Fit system allows for complete customization of the interior, giving the rider the possibility to select the ideal thickness for the upper part of the head, nape, and cheeks. This essential level of comfort leaves the rider free to concentrate on nothing but their goal.

Every detail is designed with winning in mind.

The Perfection of Obsession.

Carbon Fibre

Hydration system

Interiors customization kit: top crown pad, rear crown pad, cheek pads

Smoke visor (Only for ""I caschi di Vale"", PISTA GP RR - IRIDIUM CARBON, RED CARBON, ITALIA CARBONIO FORGIATO)

Tear-off kit

Vents covers

Detachable PRO Spoiler

Race suit fitment

2Dry: instant sweat absorption

360° Adaptive fit

3-piece adaptable crown pad fit

Cheek pads safety release system

Cheek pads: Shalimar fabric for soft and stable fit even at high speed

Crown pad: elastic and breathable microfiber

Embracing neck roll profile

Microsense: premium skin comfort

Neck roll: breathable fabric with elastic and waterproof inserts

No stitches in sensitive areas

Removable and washable interiors

Removable nose guard

Removable wind protector

Titanium Double D

100% Carbon fiber

4 shell sizes

5-density EPS developed in 4 sizes

Collarbone safe profile

Shell and EPS structure designed to minimize rotational accelerations (FIM homologated)

2 rear extractors

5 front vents

Metal air vents and extractors

100% Max Vision Pinlock (120) included

190° horizontal field of view

5mm thickness

85° vertical field of view

Anti-scratch

Metal visor mechanism

Micro-opening system

Optic class 1

Patented Extra Quick Release System

Patented visor lock system

1.450 g in first shell size",180000,,2026-07-26,active,AGV,5000,g,Buy AGV Pista GP RR Mono Red Carbon Helmet | Mile 27 Store,The helmet created for MotoGP™ is now available to every rider.,,Cleaned noise; brand verified,High,false,Helmets,High,"Mapped from Shopify Type ""Helmets""",agv-pista-gp-rr-mono-red-carbon-helmet-1|Size:XS|price:180000.00|compare:|weight:5000|barcode:|qty:0 | agv-pista-gp-rr-mono-red-carbon-helmet-2|Size:S|price:180000.00|compare:|weight:5000|barcode:|qty:0 | agv-pista-gp-rr-mono-red-carbon-helmet-3|Size:M|price:180000.00|compare:|weight:5000|barcode:|qty:0 | agv-pista-gp-rr-mono-red-carbon-helmet-4|Size:L|price:180000.00|compare:|weight:5000|barcode:|qty:0 | agv-pista-gp-rr-mono-red-carbon-helmet-5|Size:XL|price:180000.00|compare:|weight:5000|barcode:|qty:0 | agv-pista-gp-rr-mono-red-carbon-helmet-6|Size:XXL|price:180000.00|compare:|weight:5000|barcode:|qty:0,"agv-pista-gp-rr-mono-red-carbon-helmet-1,agv-pista-gp-rr-mono-red-carbon-helmet-2,agv-pista-gp-rr-mono-red-carbon-helmet-3,agv-pista-gp-rr-mono-red-carbon-helmet-4,agv-pista-gp-rr-mono-red-carbon-helmet-5,agv-pista-gp-rr-mono-red-carbon-helmet-6",6,https://cdn.shopify.com/s/files/1/0076/8301/4754/files/2118356002_011_1.webp?v=1761201826|pos:1|alt:AGV AGV Pista GP RR Mono Red Carbon Helmet – front view || https://cdn.shopify.com/s/files/1/0076/8301/4754/files/2118356002_011_2.webp?v=1761201826|pos:2|alt:AGV AGV Pista GP RR Mono Red Carbon Helmet – side view || https://cdn.shopify.com/s/files/1/0076/8301/4754/files/2118356002_011_5.webp?v=1761201826|pos:3|alt:AGV AGV Pista GP RR Mono Red Carbon Helmet – rear view || https://cdn.shopify.com/s/files/1/0076/8301/4754/files/2118356002_011_4.webp?v=1761201826|pos:4|alt:AGV AGV Pista GP RR Mono Red Carbon Helmet – detail view || https://cdn.shopify.com/s/files/1/0076/8301/4754/files/2118356002_011_3.webp?v=1761201826|pos:5|alt:AGV AGV Pista GP RR Mono Red Carbon Helmet – top view || https://cdn.shopify.com/s/files/1/0076/8301/4754/files/2118356002_011_7.webp?v=1761201826|pos:6|alt:AGV AGV Pista GP RR Mono Red Carbon Helmet – product view,6,AGV AGV Pista GP RR Mono Red Carbon Helmet – front view | AGV AGV Pista GP RR Mono Red Carbon Helmet – side view | AGV AGV Pista GP RR Mono Red Carbon Helmet – rear view | AGV AGV Pista GP RR Mono Red Carbon Helmet – detail view | AGV AGV Pista GP RR Mono Red Carbon Helmet – top view | AGV AGV Pista GP RR Mono Red Carbon Helmet – product view,,0,,,,,,,,,false,not_eligible,,0,false,/products/agv-pista-gp-rr-mono-red-carbon-helmet,/products/agv-pista-gp-rr-mono-red-carbon-helmet
agv-pista-gp-rr-acqua-helmet,agv-pista-gp-rr-acqua-helmet,AGV Pista GP RR Acqua Helmet,AGV Pista GP RR Acqua Helmet,agv-pista-gp-rr-acqua-helmet,A limited edition that blends technical excellence and aesthetic research in a design inspired by the most powerful and elusive element in nature – water.… Available in multiple sizes and/or colours — select your variant.,"<p><span>A limited edition that blends technical excellence and aesthetic research in a design inspired by the most powerful and elusive element in nature – water. The graphics are distinguished by their </span><strong>intense color combination –sea green metallic gold</strong><span>, creating a play of depth, reflections and brilliance that lends the helmet movement and visual dynamism.</span><br><br><span>Pista GP RR is an exact replica of the AGV helmet used by champions in the World Championship. It has therefore received the new </span><strong>FIM homologation</strong><span>, which certifies the highest possible level of protection, even against any dangerous twisting of the head.</span><br><br><span>Every detail is conceived to ensure ultimate performance. The Extreme Carbon shell in </span><strong>100% carbon fiber</strong><span> guarantees extraordinary lightness, which makes it effortless to wear. Its shapes and </span><strong>metal air vents</strong><span> are studied in the wind tunnel and tested by AGV professional riders in order to ensure the best aerodynamic penetration and the greatest stability at high speeds, also due to the innovative profile of the rear PRO Spoiler.</span><br><br><span>Boasting 5 mm thickness, the </span><strong>optical class 1</strong><span> Ultravision visor is an integral part of the protector that allows 190° panoramic vision. This means the rider sees the track, adversaries, and obstacles more clearly, before anyone else.</span><br><br><span>The exclusive </span><strong>360° Adaptive Fit</strong><span> system allows for complete customization of the interior, giving the rider the possibility to select the ideal thickness for the upper part of the head, nape, and cheeks. This essential level of comfort leaves the rider free to concentrate on nothing but their goal.</span><br><br><span>Every detail is designed with winning in mind.</span><br><br><span>The Perfection of Obsession.</span></p>
<p><span>Carbon Fibre</span></p>
<p class=""mb-1"">Hydration system</p>
<p class=""mb-1"">Interiors customization kit: top crown pad, rear crown pad, cheek pads</p>
<p class=""mb-1"">Tear-off kit</p>
<p class=""mb-1"">Vents covers</p>
<p class=""mb-1"">Detachable PRO Spoiler</p>
<p class=""mb-1"">Race suit fitment</p>
<p class=""mb-1"">2Dry: instant sweat absorption</p>
<p class=""mb-1"">360° Adaptive fit</p>
<p class=""mb-1"">3-piece adaptable crown pad fit</p>
<p class=""mb-1"">Cheek pads safety release system</p>
<p class=""mb-1"">Cheek pads: Shalimar fabric for soft and stable fit even at high speed</p>
<p class=""mb-1"">Crown pad: elastic and breathable microfiber</p>
<p class=""mb-1"">Embracing neck roll profile</p>
<p class=""mb-1"">Microsense: premium skin comfort</p>
<p class=""mb-1"">Neck roll: breathable fabric with elastic and waterproof inserts</p>
<p class=""mb-1"">No stitches in sensitive areas</p>
<p class=""mb-1"">Removable and washable interiors</p>
<p class=""mb-1"">Removable nose guard</p>
<p class=""mb-1"">Removable wind protector</p>
<p class=""mb-1""><span>Titanium Double D</span></p>
<p class=""mb-1"">100% Carbon fiber</p>
<p class=""mb-1"">4 shell sizes</p>
<p class=""mb-1"">5-density EPS developed in 4 sizes</p>
<p class=""mb-1"">Collarbone safe profile</p>
<p class=""mb-1"">Shell and EPS structure designed to minimize rotational accelerations (FIM homologated)</p>
<p class=""mb-1"">2 rear extractors</p>
<p class=""mb-1"">5 front vents</p>
<p class=""mb-1"">Metal air vents and extractors</p>
<p class=""mb-1"">190° horizontal field of view</p>
<p class=""mb-1"">5mm thickness</p>
<p class=""mb-1"">85° vertical field of view</p>
<p class=""mb-1"">Anti-scratch</p>
<p class=""mb-1"">Metal visor mechanism</p>
<p class=""mb-1"">Micro-opening system</p>
<p class=""mb-1"">Optic class 1</p>
<p class=""mb-1"">Patented Extra Quick Release System</p>
<p class=""mb-1"">Patented visor lock system</p>
<p class=""mb-1"">Pinlock® 120XLT™ MaxVision™ Included</p>
<p class=""mb-1""><span>1.450 g in first shell size</span></p>","A limited edition that blends technical excellence and aesthetic research in a design inspired by the most powerful and elusive element in nature – water. The graphics are distinguished by their intense color combination –sea green metallic gold, creating a play of depth, reflections and brilliance that lends the helmet movement and visual dynamism.

Pista GP RR is an exact replica of the AGV helmet used by champions in the World Championship. It has therefore received the new FIM homologation, which certifies the highest possible level of protection, even against any dangerous twisting of the head.

Every detail is conceived to ensure ultimate performance. The Extreme Carbon shell in 100% carbon fiber guarantees extraordinary lightness, which makes it effortless to wear. Its shapes and metal air vents are studied in the wind tunnel and tested by AGV professional riders in order to ensure the best aerodynamic penetration and the greatest stability at high speeds, also due to the innovative profile of the rear PRO Spoiler.

Boasting 5 mm thickness, the optical class 1 Ultravision visor is an integral part of the protector that allows 190° panoramic vision. This means the rider sees the track, adversaries, and obstacles more clearly, before anyone else.

The exclusive 360° Adaptive Fit system allows for complete customization of the interior, giving the rider the possibility to select the ideal thickness for the upper part of the head, nape, and cheeks. This essential level of comfort leaves the rider free to concentrate on nothing but their goal.

Every detail is designed with winning in mind.

The Perfection of Obsession.

Carbon Fibre

Hydration system

Interiors customization kit: top crown pad, rear crown pad, cheek pads

Tear-off kit

Vents covers

Detachable PRO Spoiler

Race suit fitment

2Dry: instant sweat absorption

360° Adaptive fit

3-piece adaptable crown pad fit

Cheek pads safety release system

Cheek pads: Shalimar fabric for soft and stable fit even at high speed

Crown pad: elastic and breathable microfiber

Embracing neck roll profile

Microsense: premium skin comfort

Neck roll: breathable fabric with elastic and waterproof inserts

No stitches in sensitive areas

Removable and washable interiors

Removable nose guard

Removable wind protector

Titanium Double D

100% Carbon fiber

4 shell sizes

5-density EPS developed in 4 sizes

Collarbone safe profile

Shell and EPS structure designed to minimize rotational accelerations (FIM homologated)

2 rear extractors

5 front vents

Metal air vents and extractors

190° horizontal field of view

5mm thickness

85° vertical field of view

Anti-scratch

Metal visor mechanism

Micro-opening system

Optic class 1

Patented Extra Quick Release System

Patented visor lock system

Pinlock® 120XLT™ MaxVision™ Included

1.450 g in first shell size",190000,,2026-07-26,active,AGV,5000,g,Buy AGV Pista GP RR Acqua Helmet | Mile 27 Store,A limited edition that blends technical excellence and aesthetic research in a design inspired by the most powerful and elusive element in nature – water.…,,Cleaned noise; brand verified,High,false,Helmets,High,"Mapped from Shopify Type ""Helmets""",agv-pista-gp-rr-acqua-helmet-1|Size:XS|price:190000.00|compare:|weight:5000|barcode:|qty:0 | agv-pista-gp-rr-acqua-helmet-2|Size:S|price:190000.00|compare:|weight:5000|barcode:|qty:0 | agv-pista-gp-rr-acqua-helmet-3|Size:M|price:190000.00|compare:|weight:5000|barcode:|qty:0 | agv-pista-gp-rr-acqua-helmet-4|Size:L|price:190000.00|compare:|weight:5000|barcode:|qty:0 | agv-pista-gp-rr-acqua-helmet-5|Size:XL|price:190000.00|compare:|weight:5000|barcode:|qty:0 | agv-pista-gp-rr-acqua-helmet-6|Size:XXL|price:190000.00|compare:|weight:5000|barcode:|qty:0,"agv-pista-gp-rr-acqua-helmet-1,agv-pista-gp-rr-acqua-helmet-2,agv-pista-gp-rr-acqua-helmet-3,agv-pista-gp-rr-acqua-helmet-4,agv-pista-gp-rr-acqua-helmet-5,agv-pista-gp-rr-acqua-helmet-6",6,https://cdn.shopify.com/s/files/1/0076/8301/4754/files/2118356002_041_1.webp?v=1761201326|pos:1|alt:AGV AGV Pista GP RR Acqua Helmet – front view || https://cdn.shopify.com/s/files/1/0076/8301/4754/files/2118356002_041_2.webp?v=1761201326|pos:2|alt:AGV AGV Pista GP RR Acqua Helmet – side view || https://cdn.shopify.com/s/files/1/0076/8301/4754/files/2118356002_041_4.webp?v=1761201326|pos:3|alt:AGV AGV Pista GP RR Acqua Helmet – rear view || https://cdn.shopify.com/s/files/1/0076/8301/4754/files/2118356002_041_3.webp?v=1761201326|pos:4|alt:AGV AGV Pista GP RR Acqua Helmet – detail view || https://cdn.shopify.com/s/files/1/0076/8301/4754/files/2118356002_041_5.webp?v=1761201326|pos:5|alt:AGV AGV Pista GP RR Acqua Helmet – top view || https://cdn.shopify.com/s/files/1/0076/8301/4754/files/2118356002_041_7.webp?v=1761201326|pos:6|alt:AGV AGV Pista GP RR Acqua Helmet – product view,6,AGV AGV Pista GP RR Acqua Helmet – front view | AGV AGV Pista GP RR Acqua Helmet – side view | AGV AGV Pista GP RR Acqua Helmet – rear view | AGV AGV Pista GP RR Acqua Helmet – detail view | AGV AGV Pista GP RR Acqua Helmet – top view | AGV AGV Pista GP RR Acqua Helmet – product view,,0,,,,,,,,,false,not_eligible,,0,false,/products/agv-pista-gp-rr-acqua-helmet,/products/agv-pista-gp-rr-acqua-helmet
agv-pista-gp-rr-soleluna-2021-helmet,agv-pista-gp-rr-soleluna-2021-helmet,AGV Pista GP RR Soleluna 2021 Helmet,AGV Pista GP RR Soleluna 2021 Helmet,agv-pista-gp-rr-soleluna-2021-helmet,The helmet created for MotoGP™ is now available to every rider. Available in multiple sizes and/or colours — select your variant.,"<p><strong>The helmet created for MotoGP™ is now available to every rider.</strong><br><br><strong>Pista GP RR</strong><span> is an exact replica of the AGV helmet </span><strong>used in races by world champions.</strong><span> It has therefore received the new</span><strong><span> </span></strong><span>FIM homologation, which certifies the highest possible level of protection, even against any dangerous twisting of the head. Due to the exclusive</span><strong><span> </span>AGV Extreme Safety<span> </span></strong><span>design protocol</span><strong>, Pista GP RR already exceeds the requirements of the strict ECE22.06 homologation.</strong><br><br><span>Every detail is designed to ensure ultimate performance. The </span><strong>Extreme Carbon</strong><span> shell in</span><strong><span> </span>100% carbon fiber guarantees<span> </span></strong><span>extraordinary lightness, which makes it effortless to wear. Its shapes and </span><strong>metal air vents</strong><span> are studied in the wind tunnel and tested by AGV athletes in order to ensure the best aerodynamic penetration and the greatest stability at high speeds, also due to the innovative profile of the rear </span><strong>PRO Spoiler</strong><span>. Boasting 5 mm thickness</span><strong>, the<span> </span></strong><span>optical class</span><strong><span> </span></strong><span>1</span><strong><span> </span></strong><span>Ultravision visor</span><strong><span> </span>is an integral part of the protector that allows<span> </span></strong><span>190° panoramic vision, </span><strong>and 85° vertical vision.</strong><span> This means the rider sees the track, adversaries, and obstacles more clearly, before anyone else, even in racing position tucked into the frame.</span><br><br><span>The exclusive </span><strong>360° Adaptive Fit</strong><span> system allows for complete customization of the interior, giving the rider the possibility to </span><strong>select the ideal thickness</strong><span> for the upper part of the head, nape, and cheeks. This essential level of comfort leaves the rider free to concentrate on nothing but their goal.</span><br><br><span>Every detail is designed with winning in mind.</span><br><br><strong>The Perfection of Obsession.</strong></p>
<p><strong><span>Carbon Fibre</span></strong></p>
<p class=""mb-1"">Hydration system</p>
<p class=""mb-1"">Interiors customization kit: top crown pad, rear crown pad, cheek pads</p>
<p class=""mb-1"">Tear-off kit</p>
<p class=""mb-1"">Vents covers</p>
<p class=""mb-1"">Detachable PRO Spoiler</p>
<p class=""mb-1"">Race suit fitment</p>
<p class=""mb-1"">2Dry: instant sweat absorption</p>
<p class=""mb-1"">360° Adaptive fit</p>
<p class=""mb-1"">3-piece adaptable crown pad fit</p>
<p class=""mb-1"">Cheek pads safety release system</p>
<p class=""mb-1"">Cheek pads: Shalimar fabric for soft and stable fit even at high speed</p>
<p class=""mb-1"">Crown pad: elastic and breathable microfiber</p>
<p class=""mb-1"">Embracing neck roll profile</p>
<p class=""mb-1"">Microsense: premium skin comfort</p>
<p class=""mb-1"">Neck roll: breathable fabric with elastic and waterproof inserts</p>
<p class=""mb-1"">No stitches in sensitive areas</p>
<p class=""mb-1"">Removable and washable interiors</p>
<p class=""mb-1"">Removable nose guard</p>
<p class=""mb-1"">Removable wind protector</p>
<p class=""mb-1""><span>Titanium Double D</span></p>
<p class=""mb-1"">100% Carbon fiber</p>
<p class=""mb-1"">4 shell sizes</p>
<p class=""mb-1"">5-density EPS developed in 4 sizes</p>
<p class=""mb-1"">Collarbone safe profile</p>
<p class=""mb-1"">Shell and EPS structure designed to minimize rotational accelerations (FIM homologated)</p>
<p class=""mb-1"">2 rear extractors</p>
<p class=""mb-1"">5 front vents</p>
<p class=""mb-1"">Metal air vents and extractors</p>
<p class=""mb-1"">190° horizontal field of view</p>
<p class=""mb-1"">5mm thickness</p>
<p class=""mb-1"">85° vertical field of view</p>
<p class=""mb-1"">Anti-scratch</p>
<p class=""mb-1"">Metal visor mechanism</p>
<p class=""mb-1"">Micro-opening system</p>
<p class=""mb-1"">Optic class 1</p>
<p class=""mb-1"">Patented Extra Quick Release System</p>
<p class=""mb-1"">Patented visor lock system</p>
<p class=""mb-1"">Pinlock® 120XLT™ MaxVision™ Included</p>
<p class=""mb-1""><span>1.450 g in first shell size</span></p>","The helmet created for MotoGP™ is now available to every rider.

Pista GP RR is an exact replica of the AGV helmet used in races by world champions. It has therefore received the new FIM homologation, which certifies the highest possible level of protection, even against any dangerous twisting of the head. Due to the exclusive AGV Extreme Safety design protocol, Pista GP RR already exceeds the requirements of the strict ECE22.06 homologation.

Every detail is designed to ensure ultimate performance. The Extreme Carbon shell in 100% carbon fiber guarantees extraordinary lightness, which makes it effortless to wear. Its shapes and metal air vents are studied in the wind tunnel and tested by AGV athletes in order to ensure the best aerodynamic penetration and the greatest stability at high speeds, also due to the innovative profile of the rear PRO Spoiler. Boasting 5 mm thickness, the optical class 1 Ultravision visor is an integral part of the protector that allows 190° panoramic vision, and 85° vertical vision. This means the rider sees the track, adversaries, and obstacles more clearly, before anyone else, even in racing position tucked into the frame.

The exclusive 360° Adaptive Fit system allows for complete customization of the interior, giving the rider the possibility to select the ideal thickness for the upper part of the head, nape, and cheeks. This essential level of comfort leaves the rider free to concentrate on nothing but their goal.

Every detail is designed with winning in mind.

The Perfection of Obsession.

Carbon Fibre

Hydration system

Interiors customization kit: top crown pad, rear crown pad, cheek pads

Tear-off kit

Vents covers

Detachable PRO Spoiler

Race suit fitment

2Dry: instant sweat absorption

360° Adaptive fit

3-piece adaptable crown pad fit

Cheek pads safety release system

Cheek pads: Shalimar fabric for soft and stable fit even at high speed

Crown pad: elastic and breathable microfiber

Embracing neck roll profile

Microsense: premium skin comfort

Neck roll: breathable fabric with elastic and waterproof inserts

No stitches in sensitive areas

Removable and washable interiors

Removable nose guard

Removable wind protector

Titanium Double D

100% Carbon fiber

4 shell sizes

5-density EPS developed in 4 sizes

Collarbone safe profile

Shell and EPS structure designed to minimize rotational accelerations (FIM homologated)

2 rear extractors

5 front vents

Metal air vents and extractors

190° horizontal field of view

5mm thickness

85° vertical field of view

Anti-scratch

Metal visor mechanism

Micro-opening system

Optic class 1

Patented Extra Quick Release System

Patented visor lock system

Pinlock® 120XLT™ MaxVision™ Included

1.450 g in first shell size",190000,,2026-07-26,active,AGV,5000,g,Buy AGV Pista GP RR Soleluna 2021 Helmet | Mile 27 Store,The helmet created for MotoGP™ is now available to every rider.,,Cleaned noise; brand verified,High,false,Helmets,High,"Mapped from Shopify Type ""Helmets""",agv-pista-gp-rr-soleluna-2021-helmet-1|Size:XS|price:190000.00|compare:|weight:5000|barcode:|qty:0 | agv-pista-gp-rr-soleluna-2021-helmet-2|Size:S|price:190000.00|compare:|weight:5000|barcode:|qty:0 | agv-pista-gp-rr-soleluna-2021-helmet-3|Size:M|price:190000.00|compare:|weight:5000|barcode:|qty:0 | agv-pista-gp-rr-soleluna-2021-helmet-4|Size:L|price:190000.00|compare:|weight:5000|barcode:|qty:0 | agv-pista-gp-rr-soleluna-2021-helmet-5|Size:XL|price:190000.00|compare:|weight:5000|barcode:|qty:0 | agv-pista-gp-rr-soleluna-2021-helmet-6|Size:XXL|price:190000.00|compare:|weight:5000|barcode:|qty:0,"agv-pista-gp-rr-soleluna-2021-helmet-1,agv-pista-gp-rr-soleluna-2021-helmet-2,agv-pista-gp-rr-soleluna-2021-helmet-3,agv-pista-gp-rr-soleluna-2021-helmet-4,agv-pista-gp-rr-soleluna-2021-helmet-5,agv-pista-gp-rr-soleluna-2021-helmet-6",6,https://cdn.shopify.com/s/files/1/0076/8301/4754/files/2118356002_010_1.webp?v=1759470086|pos:1|alt:AGV AGV Pista GP RR Soleluna 2021 Helmet – front view || https://cdn.shopify.com/s/files/1/0076/8301/4754/files/2118356002_010_2.webp?v=1759470086|pos:2|alt:AGV AGV Pista GP RR Soleluna 2021 Helmet – side view || https://cdn.shopify.com/s/files/1/0076/8301/4754/files/2118356002_010_4.webp?v=1759470086|pos:3|alt:AGV AGV Pista GP RR Soleluna 2021 Helmet – rear view || https://cdn.shopify.com/s/files/1/0076/8301/4754/files/2118356002_010_3.webp?v=1759470087|pos:4|alt:AGV AGV Pista GP RR Soleluna 2021 Helmet – detail view || https://cdn.shopify.com/s/files/1/0076/8301/4754/files/2118356002_010_5.webp?v=1759470086|pos:5|alt:AGV AGV Pista GP RR Soleluna 2021 Helmet – top view,5,AGV AGV Pista GP RR Soleluna 2021 Helmet – front view | AGV AGV Pista GP RR Soleluna 2021 Helmet – side view | AGV AGV Pista GP RR Soleluna 2021 Helmet – rear view | AGV AGV Pista GP RR Soleluna 2021 Helmet – detail view | AGV AGV Pista GP RR Soleluna 2021 Helmet – top view,,0,,,,,,,,,false,not_eligible,,0,false,/products/agv-pista-gp-rr-soleluna-2021-helmet,/products/agv-pista-gp-rr-soleluna-2021-helmet
agv-pista-gp-rr-mono-iridium-carbon-helmet,agv-pista-gp-rr-mono-iridium-carbon-helmet,AGV Pista GP RR Mono Iridium Carbon Helmet,AGV Pista GP RR Mono Iridium Carbon Helmet,agv-pista-gp-rr-mono-iridium-carbon-helmet,The helmet created for MotoGP™ is now available to every rider. Available in multiple sizes and/or colours — select your variant.,"<p><b>The helmet created for MotoGP™ is now available to every rider.</b><br><br><b>Pista GP RR</b><span> is an exact replica of the AGV helmet </span><b>used in races by world champions.</b><span> It has therefore received the new</span><b><span> </span>FIM homologation</b><span>, which certifies the highest possible level of protection, even against any dangerous twisting of the head. Due to the exclusive</span><b><span> </span>AGV Extreme Safety<span> </span></b><span>design protocol</span><b>,<span> </span></b><span>Pista GP RR already exceeds the requirements of the strict </span><b>ECE22.06 homologation.</b><br><br><span>Every detail is designed to ensure ultimate performance. The </span><b>Extreme Carbon</b><span> shell in</span><b><span> </span></b><span>100% carbon fiber guarantees</span><b><span> </span>extraordinary lightness</b><span>, which makes it effortless to wear. Its shapes and </span><b>metal air vents</b><span> are studied in the wind tunnel and tested by AGV athletes in order to ensure the best aerodynamic penetration and the greatest stability at high speeds, also due to the innovative profile of the rear </span><b>PRO Spoiler</b><span>. Boasting </span><b>5 mm thickness</b><span>,</span><b><span> </span></b><span>the</span><b><span> </span>Optical Class 1 Ultravision visor<span> </span></b><span>is an integral part of the protector that allows </span><b>190° panoramic vision</b><span>, and </span><b>85° vertical vision.</b><span> This means the rider sees the track, adversaries, and obstacles more clearly, before anyone else, even in racing position tucked into the frame.</span><br><br><span>The exclusive </span><b>360° Adaptive Fit</b><span> system allows for complete customization of the interior, giving the rider the possibility to </span><b>select the ideal thickness</b><span> for the upper part of the head, nape, and cheeks. This essential level of comfort leaves the rider free to concentrate on nothing but their goal.</span><br><br><span>Every detail is designed with winning in mind.</span><br><br><b>The Perfection of Obsession.</b></p>
<p><b><span>Carbon Fibre</span></b></p>
<p class=""mb-1"">Hydration system</p>
<p class=""mb-1"">Interiors customization kit: top crown pad, rear crown pad, cheek pads</p>
<p class=""mb-1"">Smoke visor (Only for ""I caschi di Vale"", PISTA GP RR - IRIDIUM CARBON, RED CARBON, ITALIA CARBONIO FORGIATO)</p>
<p class=""mb-1"">Tear-off kit</p>
<p class=""mb-1"">Vents covers</p>
<p class=""mb-1"">Detachable PRO Spoiler</p>
<p class=""mb-1"">Race suit fitment</p>
<p class=""mb-1"">2Dry: instant sweat absorption</p>
<p class=""mb-1"">360° Adaptive fit</p>
<p class=""mb-1"">3-piece adaptable crown pad fit</p>
<p class=""mb-1"">Cheek pads safety release system</p>
<p class=""mb-1"">Cheek pads: Shalimar fabric for soft and stable fit even at high speed</p>
<p class=""mb-1"">Crown pad: elastic and breathable microfiber</p>
<p class=""mb-1"">Embracing neck roll profile</p>
<p class=""mb-1"">Microsense: premium skin comfort</p>
<p class=""mb-1"">Neck roll: breathable fabric with elastic and waterproof inserts</p>
<p class=""mb-1"">No stitches in sensitive areas</p>
<p class=""mb-1"">Removable and washable interiors</p>
<p class=""mb-1"">Removable nose guard</p>
<p class=""mb-1"">Removable wind protector</p>
<p class=""mb-1""><span>Titanium Double D</span></p>
<p class=""mb-1"">100% Carbon fiber</p>
<p class=""mb-1"">4 shell sizes</p>
<p class=""mb-1"">5-density EPS developed in 4 sizes</p>
<p class=""mb-1"">Collarbone safe profile</p>
<p class=""mb-1"">Shell and EPS structure designed to minimize rotational accelerations (FIM homologated)</p>
<p class=""mb-1"">2 rear extractors</p>
<p class=""mb-1"">5 front vents</p>
<p class=""mb-1"">Metal air vents and extractors</p>
<p class=""mb-1"">190° horizontal field of view</p>
<p class=""mb-1"">5mm thickness</p>
<p class=""mb-1"">85° vertical field of view</p>
<p class=""mb-1"">Anti-scratch</p>
<p class=""mb-1"">Metal visor mechanism</p>
<p class=""mb-1"">Micro-opening system</p>
<p class=""mb-1"">Optic class 1</p>
<p class=""mb-1"">Patented Extra Quick Release System</p>
<p class=""mb-1"">Patented visor lock system</p>
<p class=""mb-1"">Pinlock® 120XLT™ MaxVision™ Included</p>
<p class=""mb-1""><span>1.450 g in first shell size</span></p>","The helmet created for MotoGP™ is now available to every rider.

Pista GP RR is an exact replica of the AGV helmet used in races by world champions. It has therefore received the new FIM homologation, which certifies the highest possible level of protection, even against any dangerous twisting of the head. Due to the exclusive AGV Extreme Safety design protocol, Pista GP RR already exceeds the requirements of the strict ECE22.06 homologation.

Every detail is designed to ensure ultimate performance. The Extreme Carbon shell in 100% carbon fiber guarantees extraordinary lightness, which makes it effortless to wear. Its shapes and metal air vents are studied in the wind tunnel and tested by AGV athletes in order to ensure the best aerodynamic penetration and the greatest stability at high speeds, also due to the innovative profile of the rear PRO Spoiler. Boasting 5 mm thickness, the Optical Class 1 Ultravision visor is an integral part of the protector that allows 190° panoramic vision, and 85° vertical vision. This means the rider sees the track, adversaries, and obstacles more clearly, before anyone else, even in racing position tucked into the frame.

The exclusive 360° Adaptive Fit system allows for complete customization of the interior, giving the rider the possibility to select the ideal thickness for the upper part of the head, nape, and cheeks. This essential level of comfort leaves the rider free to concentrate on nothing but their goal.

Every detail is designed with winning in mind.

The Perfection of Obsession.

Carbon Fibre

Hydration system

Interiors customization kit: top crown pad, rear crown pad, cheek pads

Smoke visor (Only for ""I caschi di Vale"", PISTA GP RR - IRIDIUM CARBON, RED CARBON, ITALIA CARBONIO FORGIATO)

Tear-off kit

Vents covers

Detachable PRO Spoiler

Race suit fitment

2Dry: instant sweat absorption

360° Adaptive fit

3-piece adaptable crown pad fit

Cheek pads safety release system

Cheek pads: Shalimar fabric for soft and stable fit even at high speed

Crown pad: elastic and breathable microfiber

Embracing neck roll profile

Microsense: premium skin comfort

Neck roll: breathable fabric with elastic and waterproof inserts

No stitches in sensitive areas

Removable and washable interiors

Removable nose guard

Removable wind protector

Titanium Double D

100% Carbon fiber

4 shell sizes

5-density EPS developed in 4 sizes

Collarbone safe profile

Shell and EPS structure designed to minimize rotational accelerations (FIM homologated)

2 rear extractors

5 front vents

Metal air vents and extractors

190° horizontal field of view

5mm thickness

85° vertical field of view

Anti-scratch

Metal visor mechanism

Micro-opening system

Optic class 1

Patented Extra Quick Release System

Patented visor lock system

Pinlock® 120XLT™ MaxVision™ Included

1.450 g in first shell size",180000,,2026-07-26,active,AGV,5000,g,Buy AGV Pista GP RR Mono Iridium Carbon Helmet | Mile 27 Store,The helmet created for MotoGP™ is now available to every rider.,,Cleaned noise; brand verified,High,false,Helmets,High,"Mapped from Shopify Type ""Helmets""",agv-pista-gp-rr-mono-iridium-carbon-helmet-1|Size:XS|price:180000.00|compare:|weight:5000|barcode:|qty:0 | agv-pista-gp-rr-mono-iridium-carbon-helmet-2|Size:S|price:180000.00|compare:|weight:5000|barcode:|qty:0 | agv-pista-gp-rr-mono-iridium-carbon-helmet-3|Size:M|price:180000.00|compare:|weight:5000|barcode:|qty:0 | agv-pista-gp-rr-mono-iridium-carbon-helmet-4|Size:L|price:180000.00|compare:|weight:5000|barcode:|qty:0 | agv-pista-gp-rr-mono-iridium-carbon-helmet-5|Size:XL|price:180000.00|compare:|weight:5000|barcode:|qty:0 | agv-pista-gp-rr-mono-iridium-carbon-helmet-6|Size:XXL|price:180000.00|compare:|weight:5000|barcode:|qty:0,"agv-pista-gp-rr-mono-iridium-carbon-helmet-1,agv-pista-gp-rr-mono-iridium-carbon-helmet-2,agv-pista-gp-rr-mono-iridium-carbon-helmet-3,agv-pista-gp-rr-mono-iridium-carbon-helmet-4,agv-pista-gp-rr-mono-iridium-carbon-helmet-5,agv-pista-gp-rr-mono-iridium-carbon-helmet-6",6,https://cdn.shopify.com/s/files/1/0076/8301/4754/files/2118356002_012_1.webp?v=1757573716|pos:1|alt:AGV AGV Pista GP RR Mono Iridium Carbon Helmet – front view || https://cdn.shopify.com/s/files/1/0076/8301/4754/files/2118356002_012_4.webp?v=1757573715|pos:2|alt:AGV AGV Pista GP RR Mono Iridium Carbon Helmet – side view || https://cdn.shopify.com/s/files/1/0076/8301/4754/files/2118356002_012_2.webp?v=1757573715|pos:3|alt:AGV AGV Pista GP RR Mono Iridium Carbon Helmet – rear view || https://cdn.shopify.com/s/files/1/0076/8301/4754/files/2118356002_012_5.webp?v=1757573715|pos:4|alt:AGV AGV Pista GP RR Mono Iridium Carbon Helmet – detail view || https://cdn.shopify.com/s/files/1/0076/8301/4754/files/2118356002_012_7.webp?v=1757573715|pos:5|alt:AGV AGV Pista GP RR Mono Iridium Carbon Helmet – top view,5,AGV AGV Pista GP RR Mono Iridium Carbon Helmet – front view | AGV AGV Pista GP RR Mono Iridium Carbon Helmet – side view | AGV AGV Pista GP RR Mono Iridium Carbon Helmet – rear view | AGV AGV Pista GP RR Mono Iridium Carbon Helmet – detail view | AGV AGV Pista GP RR Mono Iridium Carbon Helmet – top view,,0,,,,,,,,,false,not_eligible,,0,false,/products/agv-pista-gp-rr-mono-iridium-carbon-helmet,/products/agv-pista-gp-rr-mono-iridium-carbon-helmet
agv-k1-s-helmet-matte-black,agv-k1-s-helmet-matte-black,AGV K1 S Helmet - Matte Black,AGV K1 S Helmet - Matte Black,agv-k1-s-helmet-matte-black,"Racing spirit, for overcoming everyday challenges. Available in multiple sizes and/or colours — select your variant.","<p><b>Racing spirit, for overcoming everyday challenges.</b><span></span><br><br><span>K1 S is the road helmet that comes out of AGV’s experience in MotoGP™, suitable for a range of uses on any route.</span><br><br><span>The aerodynamic shape of its shell made of </span><b>high-resistance thermoplastic material,</b><span> the </span><b>front air vents</b><span> developed through racing experience and the new </span><b>Aero Spoiler</b><span> designed in the wind tunnel maximize performance and </span><b>provide stability even at high speeds</b><span> in sports riding.</span><br><br><span>The </span><b>Ultravision scratch-resistant panoramic visor</b><span> offers a wider lateral and vertical view, for total control of the surrounding environment. Uncompromising comfort, due to the </span><b>soft, removable and washable Dry-Comfort interior</b><span>.</span><br><br><span>The </span><b>AGV Extreme Safety</b><span> construction protocol means that K1 S meets the requirements of the stringent </span><b>ECE22.06 standard</b><span> and then some.</span><br><br><span>AGV K1 S is prepared for the installation of communication systems.</span></p>
<p><span>Thermoplastic</span></p>
<div class=""accordion-item"">
<div id=""AERODYNAMICS"" class=""accordion-collapse collapse show"" data-bs-parent=""#AERODYNAMICS"">
<div class=""pb-3"">
<p class=""mb-1"">Integrated spoiler</p>
<p class=""mb-1"">Dry-Comfort fabric</p>
<p class=""mb-1"">Fit especially designed to allow wearing glasses</p>
<p class=""mb-1"">Ready for generic communication system</p>
<p class=""mb-1"">Removable and washable interiors</p>
<p class=""mb-1"">Removable nose guard</p>
<p class=""mb-1"">Removable wind protector</p>
<div class=""accordion-item"">
<div id=""RETENTION_SYSTEM"" class=""accordion-collapse collapse show"" data-bs-parent=""#RETENTION_SYSTEM"">
<div class=""pb-3"">
<p class=""mb-1"">Double D</p>
<p class=""mb-1"">2 shell sizes</p>
<p class=""mb-1"">4-density EPS developed in 4 sizes</p>
<p class=""mb-1"">Collarbone safe profile</p>
<p class=""mb-1"">High Resistance Thermoplastic</p>
<p class=""mb-1"">2 rear extractors</p>
<p class=""mb-1"">5 front vents</p>
<p class=""mb-1"">Adjustable air vents</p>
<p class=""mb-1"">190° horizontal field of view</p>
<p class=""mb-1"">Anti-scratch</p>
<p class=""mb-1"">Micro-opening system</p>
<p class=""mb-1"">Multistep visor mechanism</p>
<p class=""mb-1"">Patented Extra Quick Release System</p>
<p class=""mb-1"">Pinlock® 70 MaxVision™ Prepared</p>
<div class=""accordion"" id=""accordion-MaterialCare"">
<div class=""accordion-item"">
<div id=""WEIGHT"" class=""accordion-collapse collapse show"" data-bs-parent=""#WEIGHT"">
<div class=""pb-3"">
<p class=""mb-1"">1.580 g in first shell size</p>
</div>
</div>
</div>
</div>
</div>
</div>
</div>
</div>
</div>
</div>","Racing spirit, for overcoming everyday challenges.

K1 S is the road helmet that comes out of AGV’s experience in MotoGP™, suitable for a range of uses on any route.

The aerodynamic shape of its shell made of high-resistance thermoplastic material, the front air vents developed through racing experience and the new Aero Spoiler designed in the wind tunnel maximize performance and provide stability even at high speeds in sports riding.

The Ultravision scratch-resistant panoramic visor offers a wider lateral and vertical view, for total control of the surrounding environment. Uncompromising comfort, due to the soft, removable and washable Dry-Comfort interior.

The AGV Extreme Safety construction protocol means that K1 S meets the requirements of the stringent ECE22.06 standard and then some.

AGV K1 S is prepared for the installation of communication systems.

Thermoplastic

Integrated spoiler

Dry-Comfort fabric

Fit especially designed to allow wearing glasses

Ready for generic communication system

Removable and washable interiors

Removable nose guard

Removable wind protector

Double D

2 shell sizes

4-density EPS developed in 4 sizes

Collarbone safe profile

High Resistance Thermoplastic

2 rear extractors

5 front vents

Adjustable air vents

190° horizontal field of view

Anti-scratch

Micro-opening system

Multistep visor mechanism

Patented Extra Quick Release System

Pinlock® 70 MaxVision™ Prepared

1.580 g in first shell size",40000,,2026-07-26,active,AGV,5000,g,Buy AGV K1 S Helmet - Matte Black | Mile 27 Store,"Racing spirit, for overcoming everyday challenges.",,Cleaned noise; brand verified,High,false,Helmets,High,"Mapped from Shopify Type ""Helmets""",agv-k1-s-helmet-matte-black-1|Size:XS|price:40000.00|compare:|weight:5000|barcode:|qty:0 | agv-k1-s-helmet-matte-black-2|Size:S|price:40000.00|compare:|weight:5000|barcode:|qty:0 | agv-k1-s-helmet-matte-black-3|Size:M|price:40000.00|compare:|weight:5000|barcode:|qty:0 | agv-k1-s-helmet-matte-black-4|Size:L|price:40000.00|compare:|weight:5000|barcode:|qty:0 | agv-k1-s-helmet-matte-black-5|Size:XL|price:40000.00|compare:|weight:5000|barcode:|qty:0 | agv-k1-s-helmet-matte-black-6|Size:XXL|price:40000.00|compare:|weight:5000|barcode:|qty:0,"agv-k1-s-helmet-matte-black-1,agv-k1-s-helmet-matte-black-2,agv-k1-s-helmet-matte-black-3,agv-k1-s-helmet-matte-black-4,agv-k1-s-helmet-matte-black-5,agv-k1-s-helmet-matte-black-6",6,https://cdn.shopify.com/s/files/1/0076/8301/4754/files/2118394003_029_1_f3df0ea5-bd2e-48e3-9c13-bf4294d5efdf.webp?v=1755513166|pos:1|alt:AGV AGV K1 S Helmet - Matte Black – front view || https://cdn.shopify.com/s/files/1/0076/8301/4754/files/2118394003_029_2_28ee1342-928a-4096-b77a-fc0c198509e5.webp?v=1755513166|pos:2|alt:AGV AGV K1 S Helmet - Matte Black – side view || https://cdn.shopify.com/s/files/1/0076/8301/4754/files/2118394003_029_4_5ad0b768-2873-4a58-a761-730d91369453.webp?v=1755513166|pos:3|alt:AGV AGV K1 S Helmet - Matte Black – rear view || https://cdn.shopify.com/s/files/1/0076/8301/4754/files/2118394003_029_3_c6fe3566-58c7-4d2f-afe5-3ae9faebf37e.webp?v=1755513166|pos:4|alt:AGV AGV K1 S Helmet - Matte Black – detail view || https://cdn.shopify.com/s/files/1/0076/8301/4754/files/2118394003_029_5_c2b03a93-71b9-4415-801b-876974f62dcf.webp?v=1755513166|pos:5|alt:AGV AGV K1 S Helmet - Matte Black – top view,5,AGV AGV K1 S Helmet - Matte Black – front view | AGV AGV K1 S Helmet - Matte Black – side view | AGV AGV K1 S Helmet - Matte Black – rear view | AGV AGV K1 S Helmet - Matte Black – detail view | AGV AGV K1 S Helmet - Matte Black – top view,,0,,,,,,,,,false,not_eligible,,0,false,/products/agv-k1-s-helmet-matte-black,/products/agv-k1-s-helmet-matte-black
agv-k1-s-helmet-gloss-black,agv-k1-s-helmet-gloss-black,AGV K1 S Helmet - Gloss Black,AGV K1 S Helmet - Gloss Black,agv-k1-s-helmet-gloss-black,"Racing spirit, for overcoming everyday challenges. Available in multiple sizes and/or colours — select your variant.","<p><b>Racing spirit, for overcoming everyday challenges.</b><span></span><br><br><span>K1 S is the road helmet that comes out of AGV’s experience in MotoGP™, suitable for a range of uses on any route.</span><br><br><span>The aerodynamic shape of its shell made of </span><b>high-resistance thermoplastic material,</b><span> the </span><b>front air vents</b><span> developed through racing experience and the new </span><b>Aero Spoiler</b><span> designed in the wind tunnel maximize performance and </span><b>provide stability even at high speeds</b><span> in sports riding.</span><br><br><span>The </span><b>Ultravision scratch-resistant panoramic visor</b><span> offers a wider lateral and vertical view, for total control of the surrounding environment. Uncompromising comfort, due to the </span><b>soft, removable and washable Dry-Comfort interior</b><span>.</span><br><br><span>The </span><b>AGV Extreme Safety</b><span> construction protocol means that K1 S meets the requirements of the stringent </span><b>ECE22.06 standard</b><span> and then some.</span><br><br><span>AGV K1 S is prepared for the installation of communication systems.</span></p>
<p><span>Thermoplastic</span></p>
<div class=""accordion-item"">
<div id=""AERODYNAMICS"" class=""accordion-collapse collapse show"" data-bs-parent=""#AERODYNAMICS"">
<div class=""pb-3"">
<p class=""mb-1"">Integrated spoiler</p>
<p class=""mb-1"">Dry-Comfort fabric</p>
<p class=""mb-1"">Fit especially designed to allow wearing glasses</p>
<p class=""mb-1"">Ready for generic communication system</p>
<p class=""mb-1"">Removable and washable interiors</p>
<p class=""mb-1"">Removable nose guard</p>
<p class=""mb-1"">Removable wind protector</p>
<div class=""accordion-item"">
<div id=""RETENTION_SYSTEM"" class=""accordion-collapse collapse show"" data-bs-parent=""#RETENTION_SYSTEM"">
<div class=""pb-3"">
<p class=""mb-1"">Double D</p>
<p class=""mb-1"">2 shell sizes</p>
<p class=""mb-1"">4-density EPS developed in 4 sizes</p>
<p class=""mb-1"">Collarbone safe profile</p>
<p class=""mb-1"">High Resistance Thermoplastic</p>
<p class=""mb-1"">2 rear extractors</p>
<p class=""mb-1"">5 front vents</p>
<p class=""mb-1"">Adjustable air vents</p>
<p class=""mb-1"">190° horizontal field of view</p>
<p class=""mb-1"">Anti-scratch</p>
<p class=""mb-1"">Micro-opening system</p>
<p class=""mb-1"">Multistep visor mechanism</p>
<p class=""mb-1"">Patented Extra Quick Release System</p>
<p class=""mb-1"">Pinlock® 70 MaxVision™ Prepared</p>
<div class=""accordion"" id=""accordion-MaterialCare"">
<div class=""accordion-item"">
<div id=""WEIGHT"" class=""accordion-collapse collapse show"" data-bs-parent=""#WEIGHT"">
<div class=""pb-3"">
<p class=""mb-1"">1.580 g in first shell size</p>
</div>
</div>
</div>
</div>
</div>
</div>
</div>
</div>
</div>
</div>","Racing spirit, for overcoming everyday challenges.

K1 S is the road helmet that comes out of AGV’s experience in MotoGP™, suitable for a range of uses on any route.

The aerodynamic shape of its shell made of high-resistance thermoplastic material, the front air vents developed through racing experience and the new Aero Spoiler designed in the wind tunnel maximize performance and provide stability even at high speeds in sports riding.

The Ultravision scratch-resistant panoramic visor offers a wider lateral and vertical view, for total control of the surrounding environment. Uncompromising comfort, due to the soft, removable and washable Dry-Comfort interior.

The AGV Extreme Safety construction protocol means that K1 S meets the requirements of the stringent ECE22.06 standard and then some.

AGV K1 S is prepared for the installation of communication systems.

Thermoplastic

Integrated spoiler

Dry-Comfort fabric

Fit especially designed to allow wearing glasses

Ready for generic communication system

Removable and washable interiors

Removable nose guard

Removable wind protector

Double D

2 shell sizes

4-density EPS developed in 4 sizes

Collarbone safe profile

High Resistance Thermoplastic

2 rear extractors

5 front vents

Adjustable air vents

190° horizontal field of view

Anti-scratch

Micro-opening system

Multistep visor mechanism

Patented Extra Quick Release System

Pinlock® 70 MaxVision™ Prepared

1.580 g in first shell size",40000,,2026-07-26,active,AGV,5000,g,Buy AGV K1 S Helmet - Gloss Black | Mile 27 Store,"Racing spirit, for overcoming everyday challenges.",,Cleaned noise; brand verified,High,false,Helmets,High,"Mapped from Shopify Type ""Helmets""",agv-k1-s-helmet-gloss-black-1|Size:XS|price:40000.00|compare:|weight:5000|barcode:|qty:0 | agv-k1-s-helmet-gloss-black-2|Size:S|price:40000.00|compare:|weight:5000|barcode:|qty:0 | agv-k1-s-helmet-gloss-black-3|Size:M|price:40000.00|compare:|weight:5000|barcode:|qty:0 | agv-k1-s-helmet-gloss-black-4|Size:L|price:40000.00|compare:|weight:5000|barcode:|qty:0 | agv-k1-s-helmet-gloss-black-5|Size:XL|price:40000.00|compare:|weight:5000|barcode:|qty:0 | agv-k1-s-helmet-gloss-black-6|Size:XXL|price:40000.00|compare:|weight:5000|barcode:|qty:0,"agv-k1-s-helmet-gloss-black-1,agv-k1-s-helmet-gloss-black-2,agv-k1-s-helmet-gloss-black-3,agv-k1-s-helmet-gloss-black-4,agv-k1-s-helmet-gloss-black-5,agv-k1-s-helmet-gloss-black-6",6,https://cdn.shopify.com/s/files/1/0076/8301/4754/files/2118394003_027_1.webp?v=1753941947|pos:1|alt:AGV AGV K1 S Helmet - Gloss Black – front view || https://cdn.shopify.com/s/files/1/0076/8301/4754/files/2118394003_027_4.webp?v=1753941947|pos:2|alt:AGV AGV K1 S Helmet - Gloss Black – side view || https://cdn.shopify.com/s/files/1/0076/8301/4754/files/2118394003_027_3.webp?v=1753941947|pos:3|alt:AGV AGV K1 S Helmet - Gloss Black – rear view || https://cdn.shopify.com/s/files/1/0076/8301/4754/files/2118394003_027_2.webp?v=1753941947|pos:4|alt:AGV AGV K1 S Helmet - Gloss Black – detail view || https://cdn.shopify.com/s/files/1/0076/8301/4754/files/2118394003_027_7.webp?v=1753941947|pos:5|alt:AGV AGV K1 S Helmet - Gloss Black – top view || https://cdn.shopify.com/s/files/1/0076/8301/4754/files/2118394003_027_5.webp?v=1753941947|pos:6|alt:AGV AGV K1 S Helmet - Gloss Black – product view,6,AGV AGV K1 S Helmet - Gloss Black – front view | AGV AGV K1 S Helmet - Gloss Black – side view | AGV AGV K1 S Helmet - Gloss Black – rear view | AGV AGV K1 S Helmet - Gloss Black – detail view | AGV AGV K1 S Helmet - Gloss Black – top view | AGV AGV K1 S Helmet - Gloss Black – product view,,0,,,,,,,,,false,not_eligible,,0,false,/products/agv-k1-s-helmet-gloss-black,/products/agv-k1-s-helmet-gloss-black
agv-pista-gp-rr-mono-glossy-carbon-helmet,agv-pista-gp-rr-mono-glossy-carbon-helmet,AGV Pista GP RR Mono Glossy Carbon Helmet,AGV Pista GP RR Mono Glossy Carbon Helmet,agv-pista-gp-rr-mono-glossy-carbon-helmet,The helmet created for MotoGP™ is now available to every rider. Available in multiple sizes and/or colours — select your variant.,"<p><b>The helmet created for MotoGP™ is now available to every rider.</b><br><br><b>Pista GP RR</b><span> is an exact replica of the AGV helmet </span><b>used in races by world champions.</b><span> It has therefore received the new</span><b><span> </span>FIM homologation</b><span>, which certifies the highest possible level of protection, even against any dangerous twisting of the head. Due to the exclusive</span><b><span> </span>AGV Extreme Safety<span> </span></b><span>design protocol</span><b>,<span> </span></b><span>Pista GP RR already exceeds the requirements of the strict </span><b>ECE22.06 homologation.</b><br><br><span>Every detail is designed to ensure ultimate performance. The </span><b>Extreme Carbon</b><span> shell in</span><b><span> </span></b><span>100% carbon fiber guarantees</span><b><span> </span>extraordinary lightness</b><span>, which makes it effortless to wear. Its shapes and </span><b>metal air vents</b><span> are studied in the wind tunnel and tested by AGV athletes in order to ensure the best aerodynamic penetration and the greatest stability at high speeds, also due to the innovative profile of the rear </span><b>PRO Spoiler</b><span>. Boasting </span><b>5 mm thickness</b><span>,</span><b><span> </span></b><span>the</span><b><span> </span>Optical Class 1 Ultravision visor<span> </span></b><span>is an integral part of the protector that allows </span><b>190° panoramic vision</b><span>, and </span><b>85° vertical vision.</b><span> This means the rider sees the track, adversaries, and obstacles more clearly, before anyone else, even in racing position tucked into the frame.</span><br><br><span>The exclusive </span><b>360° Adaptive Fit</b><span> system allows for complete customization of the interior, giving the rider the possibility to </span><b>select the ideal thickness</b><span> for the upper part of the head, nape, and cheeks. This essential level of comfort leaves the rider free to concentrate on nothing but their goal.</span><br><br><span>Every detail is designed with winning in mind.</span><br><br><b>The Perfection of Obsession.</b></p>
<div class=""accordion-item"">
<div data-bs-parent=""#productmaterial"" class=""accordion-collapse collapse show"" id=""productmaterial"">
<div class=""pb-3"">
<p class=""mb-1"">Carbon Fibre</p>
<p class=""mb-1"">Hydration system</p>
<p class=""mb-1"">Interiors customization kit: top crown pad, rear crown pad, cheek pads</p>
<p class=""mb-1"">Tear-off kit</p>
<p class=""mb-1"">Vents covers</p>
<p class=""mb-1"">Detachable PRO Spoiler</p>
<p class=""mb-1"">Race suit fitment</p>
<p class=""mb-1"">2Dry: instant sweat absorption</p>
<p class=""mb-1"">360° Adaptive fit</p>
<p class=""mb-1"">3-piece adaptable crown pad fit</p>
<p class=""mb-1"">Cheek pads safety release system</p>
<p class=""mb-1"">Cheek pads: Shalimar fabric for soft and stable fit even at high speed</p>
<p class=""mb-1"">Crown pad: elastic and breathable microfiber</p>
<p class=""mb-1"">Embracing neck roll profile</p>
<p class=""mb-1"">Microsense: premium skin comfort</p>
<p class=""mb-1"">Neck roll: breathable fabric with elastic and waterproof inserts</p>
<p class=""mb-1"">No stitches in sensitive areas</p>
<p class=""mb-1"">Removable and washable interiors</p>
<p class=""mb-1"">Removable nose guard</p>
<p class=""mb-1"">Removable wind protector</p>
<p class=""mb-1""><span>Titanium Double D</span></p>
<p class=""mb-1"">100% Carbon fiber</p>
<p class=""mb-1"">4 shell sizes</p>
<p class=""mb-1"">5-density EPS developed in 4 sizes</p>
<p class=""mb-1"">Collarbone safe profile</p>
<p class=""mb-1"">Shell and EPS structure designed to minimize rotational accelerations (FIM homologated)</p>
<p class=""mb-1"">2 rear extractors</p>
<p class=""mb-1"">5 front vents</p>
<p class=""mb-1"">Metal air vents and extractors</p>
<p class=""mb-1"">190° horizontal field of view</p>
<p class=""mb-1"">5mm thickness</p>
<p class=""mb-1"">85° vertical field of view</p>
<p class=""mb-1"">Anti-scratch</p>
<p class=""mb-1"">Metal visor mechanism</p>
<p class=""mb-1"">Micro-opening system</p>
<p class=""mb-1"">Optic class 1</p>
<p class=""mb-1"">Patented Extra Quick Release System</p>
<p class=""mb-1"">Patented visor lock system</p>
<p class=""mb-1"">Pinlock® 120XLT™ MaxVision™ Included</p>
<p class=""mb-1""><span>1.450 g in first shell size</span></p>
</div>
</div>
</div>","The helmet created for MotoGP™ is now available to every rider.

Pista GP RR is an exact replica of the AGV helmet used in races by world champions. It has therefore received the new FIM homologation, which certifies the highest possible level of protection, even against any dangerous twisting of the head. Due to the exclusive AGV Extreme Safety design protocol, Pista GP RR already exceeds the requirements of the strict ECE22.06 homologation.

Every detail is designed to ensure ultimate performance. The Extreme Carbon shell in 100% carbon fiber guarantees extraordinary lightness, which makes it effortless to wear. Its shapes and metal air vents are studied in the wind tunnel and tested by AGV athletes in order to ensure the best aerodynamic penetration and the greatest stability at high speeds, also due to the innovative profile of the rear PRO Spoiler. Boasting 5 mm thickness, the Optical Class 1 Ultravision visor is an integral part of the protector that allows 190° panoramic vision, and 85° vertical vision. This means the rider sees the track, adversaries, and obstacles more clearly, before anyone else, even in racing position tucked into the frame.

The exclusive 360° Adaptive Fit system allows for complete customization of the interior, giving the rider the possibility to select the ideal thickness for the upper part of the head, nape, and cheeks. This essential level of comfort leaves the rider free to concentrate on nothing but their goal.

Every detail is designed with winning in mind.

The Perfection of Obsession.

Carbon Fibre

Hydration system

Interiors customization kit: top crown pad, rear crown pad, cheek pads

Tear-off kit

Vents covers

Detachable PRO Spoiler

Race suit fitment

2Dry: instant sweat absorption

360° Adaptive fit

3-piece adaptable crown pad fit

Cheek pads safety release system

Cheek pads: Shalimar fabric for soft and stable fit even at high speed

Crown pad: elastic and breathable microfiber

Embracing neck roll profile

Microsense: premium skin comfort

Neck roll: breathable fabric with elastic and waterproof inserts

No stitches in sensitive areas

Removable and washable interiors

Removable nose guard

Removable wind protector

Titanium Double D

100% Carbon fiber

4 shell sizes

5-density EPS developed in 4 sizes

Collarbone safe profile

Shell and EPS structure designed to minimize rotational accelerations (FIM homologated)

2 rear extractors

5 front vents

Metal air vents and extractors

190° horizontal field of view

5mm thickness

85° vertical field of view

Anti-scratch

Metal visor mechanism

Micro-opening system

Optic class 1

Patented Extra Quick Release System

Patented visor lock system

Pinlock® 120XLT™ MaxVision™ Included

1.450 g in first shell size",180000,,2026-07-26,active,AGV,5000,g,Buy AGV Pista GP RR Mono Glossy Carbon Helmet | Mile 27 Store,The helmet created for MotoGP™ is now available to every rider.,,Cleaned noise; brand verified,High,false,Helmets,High,"Mapped from Shopify Type ""Helmets""",agv-pista-gp-rr-mono-glossy-carbon-helmet-1|Size:XS|price:180000.00|compare:|weight:5000|barcode:|qty:0 | agv-pista-gp-rr-mono-glossy-carbon-helmet-2|Size:S|price:180000.00|compare:|weight:5000|barcode:|qty:0 | agv-pista-gp-rr-mono-glossy-carbon-helmet-3|Size:M|price:180000.00|compare:|weight:5000|barcode:|qty:0 | agv-pista-gp-rr-mono-glossy-carbon-helmet-4|Size:L|price:180000.00|compare:|weight:5000|barcode:|qty:0 | agv-pista-gp-rr-mono-glossy-carbon-helmet-5|Size:XL|price:180000.00|compare:|weight:5000|barcode:|qty:0 | agv-pista-gp-rr-mono-glossy-carbon-helmet-6|Size:XXL|price:180000.00|compare:|weight:5000|barcode:|qty:0,"agv-pista-gp-rr-mono-glossy-carbon-helmet-1,agv-pista-gp-rr-mono-glossy-carbon-helmet-2,agv-pista-gp-rr-mono-glossy-carbon-helmet-3,agv-pista-gp-rr-mono-glossy-carbon-helmet-4,agv-pista-gp-rr-mono-glossy-carbon-helmet-5,agv-pista-gp-rr-mono-glossy-carbon-helmet-6",6,https://cdn.shopify.com/s/files/1/0076/8301/4754/files/2118356002_008_1.webp?v=1753778545|pos:1|alt:AGV AGV Pista GP RR Mono Glossy Carbon Helmet – front view || https://cdn.shopify.com/s/files/1/0076/8301/4754/files/2118356002_008_4.webp?v=1753778545|pos:2|alt:AGV AGV Pista GP RR Mono Glossy Carbon Helmet – side view || https://cdn.shopify.com/s/files/1/0076/8301/4754/files/2118356002_008_3.webp?v=1753778545|pos:3|alt:AGV AGV Pista GP RR Mono Glossy Carbon Helmet – rear view || https://cdn.shopify.com/s/files/1/0076/8301/4754/files/2118356002_008_2.webp?v=1753778545|pos:4|alt:AGV AGV Pista GP RR Mono Glossy Carbon Helmet – detail view || https://cdn.shopify.com/s/files/1/0076/8301/4754/files/2118356002_008_7.webp?v=1753778545|pos:5|alt:AGV AGV Pista GP RR Mono Glossy Carbon Helmet – top view || https://cdn.shopify.com/s/files/1/0076/8301/4754/files/2118356002_008_5.webp?v=1753778545|pos:6|alt:AGV AGV Pista GP RR Mono Glossy Carbon Helmet – product view,6,AGV AGV Pista GP RR Mono Glossy Carbon Helmet – front view | AGV AGV Pista GP RR Mono Glossy Carbon Helmet – side view | AGV AGV Pista GP RR Mono Glossy Carbon Helmet – rear view | AGV AGV Pista GP RR Mono Glossy Carbon Helmet – detail view | AGV AGV Pista GP RR Mono Glossy Carbon Helmet – top view | AGV AGV Pista GP RR Mono Glossy Carbon Helmet – product view,,0,,,,,,,,,false,not_eligible,,0,false,/products/agv-pista-gp-rr-mono-glossy-carbon-helmet,/products/agv-pista-gp-rr-mono-glossy-carbon-helmet
agv-k1-s-lap-matt-black-grey-red-helmet,agv-k1-s-lap-matt-black-grey-red-helmet,AGV K1 S Lap Matt Black/Grey/Red Helmet,AGV K1 S Lap Matt Black/Grey/Red Helmet,agv-k1-s-lap-matt-black-grey-red-helmet,"Racing spirit, for overcoming everyday challenges. Available in multiple sizes and/or colours — select your variant.","<p><b>Racing spirit, for overcoming everyday challenges.</b><span></span><br><br><span>K1 S is the road helmet that comes out of AGV’s experience in MotoGP™, suitable for a range of uses on any route.</span><br><br><span>The aerodynamic shape of its shell made of </span><b>high-resistance thermoplastic material,</b><span> the </span><b>front air vents</b><span> developed through racing experience and the new </span><b>Aero Spoiler</b><span> designed in the wind tunnel maximize performance and </span><b>provide stability even at high speeds</b><span> in sports riding.</span><br><br><span>The </span><b>Ultravision scratch-resistant panoramic visor</b><span> offers a wider lateral and vertical view, for total control of the surrounding environment. Uncompromising comfort, due to the </span><b>soft, removable and washable Dry-Comfort interior</b><span>.</span><br><br><span>The </span><b>AGV Extreme Safety</b><span> construction protocol means that K1 S meets the requirements of the stringent </span><b>ECE22.06 standard</b><span> and then some.</span><br><br><span>AGV K1 S is prepared for the installation of communication systems.</span></p>
<div data-bs-parent=""#productmaterial"" class=""accordion-collapse collapse show"" id=""productmaterial"">
<div class=""pb-3"">
<p class=""mb-1"">Thermoplastic</p>
<div class=""accordion-item"">
<div id=""AERODYNAMICS"" class=""accordion-collapse collapse show"" data-bs-parent=""#AERODYNAMICS"">
<div class=""pb-3"">
<p class=""mb-1"">Integrated spoiler</p>
<p class=""mb-1"">Dry-Comfort fabric</p>
<p class=""mb-1"">Fit especially designed to allow wearing glasses</p>
<p class=""mb-1"">Ready for generic communication system</p>
<p class=""mb-1"">Removable and washable interiors</p>
<p class=""mb-1"">Removable nose guard</p>
<p class=""mb-1"">Removable wind protector</p>
<div class=""accordion-item"">
<div id=""RETENTION_SYSTEM"" class=""accordion-collapse collapse show"" data-bs-parent=""#RETENTION_SYSTEM"">
<div class=""pb-3"">
<p class=""mb-1"">Double D</p>
<p class=""mb-1"">2 shell sizes</p>
<p class=""mb-1"">4-density EPS developed in 4 sizes</p>
<p class=""mb-1"">Collarbone safe profile</p>
<p class=""mb-1"">High Resistance Thermoplastic</p>
<p class=""mb-1"">2 rear extractors</p>
<p class=""mb-1"">5 front vents</p>
<p class=""mb-1"">Adjustable air vents</p>
<div id=""VISOR"" class=""accordion-collapse collapse show"" data-bs-parent=""#VISOR"">
<div class=""pb-3"">
<p class=""mb-1"">190° horizontal field of view</p>
<p class=""mb-1"">Anti-scratch</p>
<p class=""mb-1"">Micro-opening system</p>
<p class=""mb-1"">Multistep visor mechanism</p>
<p class=""mb-1"">Patented Extra Quick Release System</p>
<p class=""mb-1"">Pinlock® 70 MaxVision™ Prepared</p>
</div>
</div>
</div>
</div>
</div>
</div>
</div>
</div>
<div class=""accordion-item"">
<div class=""accordion"" id=""accordion-MaterialCare"">
<div class=""accordion-item"">
<div id=""WEIGHT"" class=""accordion-collapse collapse show"" data-bs-parent=""#WEIGHT"">
<div class=""pb-3"">
<p class=""mb-1"">1.580 g in first shell size</p>
</div>
</div>
</div>
</div>
</div>
</div>
</div>","Racing spirit, for overcoming everyday challenges.

K1 S is the road helmet that comes out of AGV’s experience in MotoGP™, suitable for a range of uses on any route.

The aerodynamic shape of its shell made of high-resistance thermoplastic material, the front air vents developed through racing experience and the new Aero Spoiler designed in the wind tunnel maximize performance and provide stability even at high speeds in sports riding.

The Ultravision scratch-resistant panoramic visor offers a wider lateral and vertical view, for total control of the surrounding environment. Uncompromising comfort, due to the soft, removable and washable Dry-Comfort interior.

The AGV Extreme Safety construction protocol means that K1 S meets the requirements of the stringent ECE22.06 standard and then some.

AGV K1 S is prepared for the installation of communication systems.

Thermoplastic

Integrated spoiler

Dry-Comfort fabric

Fit especially designed to allow wearing glasses

Ready for generic communication system

Removable and washable interiors

Removable nose guard

Removable wind protector

Double D

2 shell sizes

4-density EPS developed in 4 sizes

Collarbone safe profile

High Resistance Thermoplastic

2 rear extractors

5 front vents

Adjustable air vents

190° horizontal field of view

Anti-scratch

Micro-opening system

Multistep visor mechanism

Patented Extra Quick Release System

Pinlock® 70 MaxVision™ Prepared

1.580 g in first shell size",46000,,2026-07-26,active,AGV,5000,g,Buy AGV K1 S Lap Matt Black/Grey/Red Helmet | Mile 27 Store,"Racing spirit, for overcoming everyday challenges.",,Cleaned noise; brand verified,High,false,Helmets,High,"Mapped from Shopify Type ""Helmets""",agv-k1-s-lap-matt-black-grey-red-helmet-1|Size:XS|price:46000.00|compare:|weight:5000|barcode:|qty:0 | agv-k1-s-lap-matt-black-grey-red-helmet-2|Size:S|price:46000.00|compare:|weight:5000|barcode:|qty:0 | agv-k1-s-lap-matt-black-grey-red-helmet-3|Size:M|price:46000.00|compare:|weight:5000|barcode:|qty:0 | agv-k1-s-lap-matt-black-grey-red-helmet-4|Size:L|price:46000.00|compare:|weight:5000|barcode:|qty:0 | agv-k1-s-lap-matt-black-grey-red-helmet-5|Size:XL|price:46000.00|compare:|weight:5000|barcode:|qty:0 | agv-k1-s-lap-matt-black-grey-red-helmet-6|Size:XXL|price:46000.00|compare:|weight:5000|barcode:|qty:0,"agv-k1-s-lap-matt-black-grey-red-helmet-1,agv-k1-s-lap-matt-black-grey-red-helmet-2,agv-k1-s-lap-matt-black-grey-red-helmet-3,agv-k1-s-lap-matt-black-grey-red-helmet-4,agv-k1-s-lap-matt-black-grey-red-helmet-5,agv-k1-s-lap-matt-black-grey-red-helmet-6",6,https://cdn.shopify.com/s/files/1/0076/8301/4754/files/2118394003_034_1.webp?v=1753768424|pos:1|alt:AGV AGV K1 S Lap Matt Black/Grey/Red Helmet – front view || https://cdn.shopify.com/s/files/1/0076/8301/4754/files/2118394003_034_4.webp?v=1753768424|pos:2|alt:AGV AGV K1 S Lap Matt Black/Grey/Red Helmet – side view || https://cdn.shopify.com/s/files/1/0076/8301/4754/files/2118394003_034_3.webp?v=1753768424|pos:3|alt:AGV AGV K1 S Lap Matt Black/Grey/Red Helmet – rear view || https://cdn.shopify.com/s/files/1/0076/8301/4754/files/2118394003_034_2.webp?v=1753768424|pos:4|alt:AGV AGV K1 S Lap Matt Black/Grey/Red Helmet – detail view || https://cdn.shopify.com/s/files/1/0076/8301/4754/files/2118394003_034_8.webp?v=1753768424|pos:5|alt:AGV AGV K1 S Lap Matt Black/Grey/Red Helmet – top view || https://cdn.shopify.com/s/files/1/0076/8301/4754/files/2118394003_034_7.webp?v=1753768424|pos:6|alt:AGV AGV K1 S Lap Matt Black/Grey/Red Helmet – product view || https://cdn.shopify.com/s/files/1/0076/8301/4754/files/2118394003_034_5.webp?v=1753768424|pos:7|alt:AGV AGV K1 S Lap Matt Black/Grey/Red Helmet – product view,7,AGV AGV K1 S Lap Matt Black/Grey/Red Helmet – front view | AGV AGV K1 S Lap Matt Black/Grey/Red Helmet – side view | AGV AGV K1 S Lap Matt Black/Grey/Red Helmet – rear view | AGV AGV K1 S Lap Matt Black/Grey/Red Helmet – detail view | AGV AGV K1 S Lap Matt Black/Grey/Red Helmet – top view | AGV AGV K1 S Lap Matt Black/Grey/Red Helmet – product view,,0,,,,,,,,,false,not_eligible,,0,false,/products/agv-k1-s-lap-matt-black-grey-red-helmet,/products/agv-k1-s-lap-matt-black-grey-red-helmet
agv-k3-rossi-winter-test-2019-helmet,agv-k3-rossi-winter-test-2019-helmet,AGV K3 Rossi Winter Test 2019 Helmet,AGV K3 Rossi Winter Test 2019 Helmet,agv-k3-rossi-winter-test-2019-helmet,"An AGV icon, evolving towards perfection. K3 is AGV’s full-face road helmet that takes all the characteristics of a versatile, safe helmet to outstanding levels. Available in multiple sizes and/or colours — select your variant.","<p><b>An AGV icon, evolving towards perfection.</b><span> K3 is AGV’s full-face road helmet that takes all the characteristics of a versatile, safe helmet to outstanding levels.</span><br><br><span>It offers safety for all, at the highest levels – the shell made of</span><b><span> </span>high-resistance thermoplastic</b><span> </span><b>material</b><span>, the</span><b><span> </span>multi-density EPS<span> </span></b><span>and the details such as the</span><b><span> </span>collarbone-protection profile<span> </span></b><span>and the protective visor allow K3 to obtain the strict</span><b><span> </span>ECE22.06 homologation</b><span>. Due to the AGV Extreme Safety construction protocol, K3 meets the requirements of the most recent international standards and then some.</span><br><br><span>Its strength lies in its versatility. K3 is designed to put in its best performance in all situations. The </span><b>built-in sun visor</b><span>, which can be operated conveniently with gloves on, assists when it’s too bright, and doesn’t block the front ventilation when it’s in the rest position. The </span><b>Pinlock</b><span> </span><b>Max Vision<span> </span></b><span>antifog system guarantees maximum visibility even on the wettest and coldest days, when the temperature difference between the environment and the inside of the helmet could cause the visor to fog up dangerously. Not with K3. The </span><b>Ultravision visor<span> </span></b><span>also guarantees a </span><b>190° horizontal field of vision</b><span>, so you can see obstacles, the road and everything in front of you earlier and better. K3 is prepared for the installation of communication systems. The </span><b>Eyewear Ready</b><span> interior design allows you to comfortably wear your eyeglasses or sunglasses while riding.</span><br><br><span>Comfort boosts performance. </span><b>The aerodynamic profile</b><span> of the K3 is designed to achieve a </span><b>dynamic weight of zero</b><span> at a cruising speed of 130 km/h. It means lower weight and less strain on the neck muscles, for maximum concentration on riding. The interiors, made of </span><b>2DRY material with rapid absorption</b><span> of sweat and moisture, can be customized, to </span><b>personalize the fit</b><span> to the full and maximize how comfortable it feels. The ventilation achieves maximum efficiency through </span><b>the air vents at the front</b><span> and on the chin, precise and easy to operate with gloves on.</span><br><br><span>The practical </span><b>micrometric steel closing system<span> </span></b><span>permits quick, safe adjustment of the helmet fastening.</span></p>
<p><span>Thermoplastic</span></p>
<div class=""accordion-item"">
<div id=""ACCESSORIES_INCLUDED"" class=""accordion-collapse collapse show"" data-bs-parent=""#ACCESSORIES_INCLUDED"">
<div class=""pb-3"">
<p class=""mb-1"">Wind protector</p>
<p class=""mb-1"">Optimized for all riding positions</p>
<p class=""mb-1"">Shell shape designed to maximize aerodynamic performance and to have 0 dynamic weight at 130km/h (80 mph)</p>
<p class=""mb-1"">Cheek pads interchangeable between all sizes</p>
<p class=""mb-1"">DrySpeed: instant sweat absorption</p>
<p class=""mb-1"">Embracing neck roll profile</p>
<p class=""mb-1"">Fit especially designed to allow wearing glasses</p>
<p class=""mb-1"">Fresh and smooth breathable fabric</p>
<p class=""mb-1"">No stitches in sensitive areas</p>
<p class=""mb-1"">Ready for generic communication system</p>
<p class=""mb-1"">Removable and washable interiors</p>
<div class=""accordion-item"">
<div id=""RETENTION_SYSTEM"" class=""accordion-collapse collapse show"" data-bs-parent=""#RETENTION_SYSTEM"">
<div class=""pb-3"">
<p class=""mb-1"">Steel micrometric</p>
<p class=""mb-1"">3 shell sizes</p>
<p class=""mb-1"">Collarbone safe profile</p>
<p class=""mb-1"">High Resistance Thermoplastic</p>
<p class=""mb-1"">Multi-density EPS developed in 4 sizes</p>
<p class=""mb-1"">1 rear extractor</p>
<p class=""mb-1"">4 front vents</p>
<p class=""mb-1"">Adjustable air vents</p>
<p class=""mb-1"">190° horizontal field of view</p>
<p class=""mb-1"">Anti-scratch</p>
<p class=""mb-1"">Integrated anti-scratch sun visor, removable without using tools</p>
<p class=""mb-1"">Micro-opening system</p>
<p class=""mb-1"">Multistep visor mechanism</p>
<p class=""mb-1"">Patented Extra Quick Release System</p>
<p class=""mb-1"">Pinlock® 70 MaxVision™ Included</p>
<p class=""mb-1"">UV protective</p>
<p class=""mb-1"">Visor step for city position</p>
<div class=""accordion"" id=""accordion-MaterialCare"">
<div class=""accordion-item"">
<div id=""WEIGHT"" class=""accordion-collapse collapse show"" data-bs-parent=""#WEIGHT"">
<div class=""pb-3"">
<p class=""mb-1"">1.630 g in first shell size</p>
</div>
</div>
</div>
</div>
</div>
</div>
</div>
</div>
</div>
</div>","An AGV icon, evolving towards perfection. K3 is AGV’s full-face road helmet that takes all the characteristics of a versatile, safe helmet to outstanding levels.

It offers safety for all, at the highest levels – the shell made of high-resistance thermoplastic material, the multi-density EPS and the details such as the collarbone-protection profile and the protective visor allow K3 to obtain the strict ECE22.06 homologation. Due to the AGV Extreme Safety construction protocol, K3 meets the requirements of the most recent international standards and then some.

Its strength lies in its versatility. K3 is designed to put in its best performance in all situations. The built-in sun visor, which can be operated conveniently with gloves on, assists when it’s too bright, and doesn’t block the front ventilation when it’s in the rest position. The Pinlock Max Vision antifog system guarantees maximum visibility even on the wettest and coldest days, when the temperature difference between the environment and the inside of the helmet could cause the visor to fog up dangerously. Not with K3. The Ultravision visor also guarantees a 190° horizontal field of vision, so you can see obstacles, the road and everything in front of you earlier and better. K3 is prepared for the installation of communication systems. The Eyewear Ready interior design allows you to comfortably wear your eyeglasses or sunglasses while riding.

Comfort boosts performance. The aerodynamic profile of the K3 is designed to achieve a dynamic weight of zero at a cruising speed of 130 km/h. It means lower weight and less strain on the neck muscles, for maximum concentration on riding. The interiors, made of 2DRY material with rapid absorption of sweat and moisture, can be customized, to personalize the fit to the full and maximize how comfortable it feels. The ventilation achieves maximum efficiency through the air vents at the front and on the chin, precise and easy to operate with gloves on.

The practical micrometric steel closing system permits quick, safe adjustment of the helmet fastening.

Thermoplastic

Wind protector

Optimized for all riding positions

Shell shape designed to maximize aerodynamic performance and to have 0 dynamic weight at 130km/h (80 mph)

Cheek pads interchangeable between all sizes

DrySpeed: instant sweat absorption

Embracing neck roll profile

Fit especially designed to allow wearing glasses

Fresh and smooth breathable fabric

No stitches in sensitive areas

Ready for generic communication system

Removable and washable interiors

Steel micrometric

3 shell sizes

Collarbone safe profile

High Resistance Thermoplastic

Multi-density EPS developed in 4 sizes

1 rear extractor

4 front vents

Adjustable air vents

190° horizontal field of view

Anti-scratch

Integrated anti-scratch sun visor, removable without using tools

Micro-opening system

Multistep visor mechanism

Patented Extra Quick Release System

Pinlock® 70 MaxVision™ Included

UV protective

Visor step for city position

1.630 g in first shell size",63000,,2026-07-26,active,AGV,5000,g,Buy AGV K3 Rossi Winter Test 2019 Helmet | Mile 27 Store,"An AGV icon, evolving towards perfection. K3 is AGV’s full-face road helmet that takes all the characteristics of a versatile, safe helmet to outstanding…",,Cleaned noise; brand verified,High,false,Helmets,High,"Mapped from Shopify Type ""Helmets""",agv-k3-rossi-winter-test-2019-helmet-1|Size:S|price:63000.00|compare:|weight:5000|barcode:|qty:0 | agv-k3-rossi-winter-test-2019-helmet-2|Size:M|price:63000.00|compare:|weight:5000|barcode:|qty:0 | agv-k3-rossi-winter-test-2019-helmet-3|Size:L|price:63000.00|compare:|weight:5000|barcode:|qty:0 | agv-k3-rossi-winter-test-2019-helmet-4|Size:XL|price:63000.00|compare:|weight:5000|barcode:|qty:0 | agv-k3-rossi-winter-test-2019-helmet-5|Size:XXL|price:63000.00|compare:|weight:5000|barcode:|qty:0,"agv-k3-rossi-winter-test-2019-helmet-1,agv-k3-rossi-winter-test-2019-helmet-2,agv-k3-rossi-winter-test-2019-helmet-3,agv-k3-rossi-winter-test-2019-helmet-4,agv-k3-rossi-winter-test-2019-helmet-5",5,https://cdn.shopify.com/s/files/1/0076/8301/4754/files/2118381004_003_1.webp?v=1750918926|pos:1|alt:AGV AGV K3 Rossi Winter Test 2019 Helmet – front view || https://cdn.shopify.com/s/files/1/0076/8301/4754/files/2118381004_003_2.webp?v=1750918926|pos:2|alt:AGV AGV K3 Rossi Winter Test 2019 Helmet – side view || https://cdn.shopify.com/s/files/1/0076/8301/4754/files/2118381004_003_5.webp?v=1750918926|pos:3|alt:AGV AGV K3 Rossi Winter Test 2019 Helmet – rear view || https://cdn.shopify.com/s/files/1/0076/8301/4754/files/2118381004_003_4.webp?v=1750918926|pos:4|alt:AGV AGV K3 Rossi Winter Test 2019 Helmet – detail view || https://cdn.shopify.com/s/files/1/0076/8301/4754/files/2118381004_003_3.webp?v=1750918926|pos:5|alt:AGV AGV K3 Rossi Winter Test 2019 Helmet – top view,5,AGV AGV K3 Rossi Winter Test 2019 Helmet – front view | AGV AGV K3 Rossi Winter Test 2019 Helmet – side view | AGV AGV K3 Rossi Winter Test 2019 Helmet – rear view | AGV AGV K3 Rossi Winter Test 2019 Helmet – detail view | AGV AGV K3 Rossi Winter Test 2019 Helmet – top view,season:winter,1,,,,,,,,,false,not_eligible,,0,false,/products/agv-k3-rossi-winter-test-2019-helmet,/products/agv-k3-rossi-winter-test-2019-helmet
agv-pista-gp-rr-italia-carbonio-forgiato-helmet,agv-pista-gp-rr-italia-carbonio-forgiato-helmet,AGV Pista GP RR Italia Carbonio Forgiato Helmet,AGV Pista GP RR Italia Carbonio Forgiato Helmet,agv-pista-gp-rr-italia-carbonio-forgiato-helmet,The helmet created for MotoGP™ is now available to every rider. Available in multiple sizes and/or colours — select your variant.,"<p><strong>The helmet created for MotoGP™ is now available to every rider.</strong><br><br><strong>Pista GP RR</strong><span> is an exact replica of the AGV helmet </span><strong>used in races by world champions.</strong><span> It has therefore received the new</span><strong><span> </span></strong><span>FIM homologation, which certifies the highest possible level of protection, even against any dangerous twisting of the head. Due to the exclusive</span><strong><span> </span>AGV Extreme Safety<span> </span></strong><span>design protocol</span><strong>, Pista GP RR already exceeds the requirements of the strict ECE22.06 homologation.</strong><br><br><span>Every detail is designed to ensure ultimate performance. The </span><strong>Extreme Carbon</strong><span> shell in</span><strong><span> </span>100% carbon fiber guarantees<span> </span></strong><span>extraordinary lightness, which makes it effortless to wear. Its shapes and </span><strong>metal air vents</strong><span> are studied in the wind tunnel and tested by AGV athletes in order to ensure the best aerodynamic penetration and the greatest stability at high speeds, also due to the innovative profile of the rear </span><strong>PRO Spoiler</strong><span>. Boasting 5 mm thickness</span><strong>, the<span> </span></strong><span>optical class</span><strong><span> </span></strong><span>1</span><strong><span> </span></strong><span>Ultravision visor</span><strong><span> </span>is an integral part of the protector that allows<span> </span></strong><span>190° panoramic vision, </span><strong>and 85° vertical vision.</strong><span> This means the rider sees the track, adversaries, and obstacles more clearly, before anyone else, even in racing position tucked into the frame.</span><br><br><span>The exclusive </span><strong>360° Adaptive Fit</strong><span> system allows for complete customization of the interior, giving the rider the possibility to </span><strong>select the ideal thickness</strong><span> for the upper part of the head, nape, and cheeks. This essential level of comfort leaves the rider free to concentrate on nothing but their goal.</span><br><br><span>Every detail is designed with winning in mind.</span></p>
<p><span><button class=""accordion-button fw-semibold"" type=""button"" data-bs-toggle=""collapse"" data-bs-target=""#productmaterial"" aria-expanded=""true"" aria-controls=""productmaterial"">Product Material</button></span></p>
<div id=""productmaterial"" class=""accordion-collapse collapse show"" data-bs-parent=""#productmaterial"">
<div class=""pb-3"">
<p class=""mb-1"">Carbon Fibre</p>
<p class=""mb-1""><button class=""accordion-button fw-semibold"" type=""button"" data-bs-toggle=""collapse"" data-bs-target=""#ACCESSORIES_INCLUDED"" aria-expanded=""true"" aria-controls=""ACCESSORIES_INCLUDED"">Accessories included</button></p>
<div id=""ACCESSORIES_INCLUDED"" class=""accordion-collapse collapse show"" data-bs-parent=""#ACCESSORIES_INCLUDED"">
<div class=""pb-3"">
<p class=""mb-1"">Hydration system</p>
<p class=""mb-1"">Interiors customization kit: top crown pad, rear crown pad, cheek pads</p>
<p class=""mb-1"">Smoke visor (Only for ""I caschi di Vale"", PISTA GP RR - IRIDIUM CARBON, RED CARBON, ITALIA CARBONIO FORGIATO)</p>
<p class=""mb-1"">Tear-off kit</p>
<p class=""mb-1"">Vents covers</p>
<p class=""mb-1""><button class=""accordion-button fw-semibold"" type=""button"" data-bs-toggle=""collapse"" data-bs-target=""#AERODYNAMICS"" aria-expanded=""true"" aria-controls=""AERODYNAMICS"">Aerodynamics</button></p>
<div id=""AERODYNAMICS"" class=""accordion-collapse collapse show"" data-bs-parent=""#AERODYNAMICS"">
<div class=""pb-3"">
<p class=""mb-1"">Detachable PRO Spoiler</p>
<p class=""mb-1"">Race suit fitment</p>
<p class=""mb-1""><button class=""accordion-button fw-semibold"" type=""button"" data-bs-toggle=""collapse"" data-bs-target=""#INTERIORS"" aria-expanded=""true"" aria-controls=""INTERIORS"">Interiors</button></p>
<div id=""INTERIORS"" class=""accordion-collapse collapse show"" data-bs-parent=""#INTERIORS"">
<div class=""pb-3"">
<p class=""mb-1"">2Dry: instant sweat absorption</p>
<p class=""mb-1"">360° Adaptive fit</p>
<p class=""mb-1"">3-piece adaptable crown pad fit</p>
<p class=""mb-1"">Cheek pads safety release system</p>
<p class=""mb-1"">Cheek pads: Shalimar fabric for soft and stable fit even at high speed</p>
<p class=""mb-1"">Crown pad: elastic and breathable microfiber</p>
<p class=""mb-1"">Embracing neck roll profile</p>
<p class=""mb-1"">Microsense: premium skin comfort</p>
<p class=""mb-1"">Neck roll: breathable fabric with elastic and waterproof inserts</p>
<p class=""mb-1"">No stitches in sensitive areas</p>
<p class=""mb-1"">Removable and washable interiors</p>
<p class=""mb-1"">Removable nose guard</p>
<p class=""mb-1"">Removable wind protector</p>
<p class=""mb-1""><button class=""accordion-button fw-semibold"" type=""button"" data-bs-toggle=""collapse"" data-bs-target=""#SHELL"" aria-expanded=""true"" aria-controls=""SHELL"">Shell</button></p>
<div id=""SHELL"" class=""accordion-collapse collapse show"" data-bs-parent=""#SHELL"">
<div class=""pb-3"">
<p class=""mb-1"">100% Carbon fiber</p>
<p class=""mb-1"">4 shell sizes</p>
<p class=""mb-1"">5-density EPS developed in 4 sizes</p>
<p class=""mb-1"">Collarbone safe profile</p>
<p class=""mb-1"">Shell and EPS structure designed to minimize rotational accelerations (FIM homologated)</p>
<p class=""mb-1""><button class=""accordion-button fw-semibold"" type=""button"" data-bs-toggle=""collapse"" data-bs-target=""#VENTILATION"" aria-expanded=""true"" aria-controls=""VENTILATION"">Ventilation</button></p>
<div id=""VENTILATION"" class=""accordion-collapse collapse show"" data-bs-parent=""#VENTILATION"">
<div class=""pb-3"">
<p class=""mb-1"">2 rear extractors</p>
<p class=""mb-1"">5 front vents</p>
<p class=""mb-1"">Metal air vents and extractors</p>
<p class=""mb-1""><button class=""accordion-button fw-semibold"" type=""button"" data-bs-toggle=""collapse"" data-bs-target=""#VISOR"" aria-expanded=""true"" aria-controls=""VISOR"">Visor</button></p>
<div id=""VISOR"" class=""accordion-collapse collapse show"" data-bs-parent=""#VISOR"">
<div class=""pb-3"">
<p class=""mb-1"">100% Max Vision Pinlock (120) included</p>
<p class=""mb-1"">190° horizontal field of view</p>
<p class=""mb-1"">5mm thickness</p>
<p class=""mb-1"">85° vertical field of view</p>
<p class=""mb-1"">Anti-scratch</p>
<p class=""mb-1"">Metal visor mechanism</p>
<p class=""mb-1"">Micro-opening system</p>
<p class=""mb-1"">Optic class 1</p>
<p class=""mb-1"">Patented Extra Quick Release System</p>
<p class=""mb-1"">Patented visor lock system</p>
<p class=""mb-1""><button class=""accordion-button fw-semibold"" type=""button"" data-bs-toggle=""collapse"" data-bs-target=""#WEIGHT"" aria-expanded=""true"" aria-controls=""WEIGHT"">Weight</button></p>
<div id=""WEIGHT"" class=""accordion-collapse collapse show"" data-bs-parent=""#WEIGHT"">
<div class=""pb-3"">
<p class=""mb-1"">1.450 g in first shell size</p>
</div>
</div>
</div>
</div>
</div>
</div>
</div>
</div>
</div>
</div>
</div>
</div>
</div>
</div>
</div>
</div>","The helmet created for MotoGP™ is now available to every rider.

Pista GP RR is an exact replica of the AGV helmet used in races by world champions. It has therefore received the new FIM homologation, which certifies the highest possible level of protection, even against any dangerous twisting of the head. Due to the exclusive AGV Extreme Safety design protocol, Pista GP RR already exceeds the requirements of the strict ECE22.06 homologation.

Every detail is designed to ensure ultimate performance. The Extreme Carbon shell in 100% carbon fiber guarantees extraordinary lightness, which makes it effortless to wear. Its shapes and metal air vents are studied in the wind tunnel and tested by AGV athletes in order to ensure the best aerodynamic penetration and the greatest stability at high speeds, also due to the innovative profile of the rear PRO Spoiler. Boasting 5 mm thickness, the optical class 1 Ultravision visor is an integral part of the protector that allows 190° panoramic vision, and 85° vertical vision. This means the rider sees the track, adversaries, and obstacles more clearly, before anyone else, even in racing position tucked into the frame.

The exclusive 360° Adaptive Fit system allows for complete customization of the interior, giving the rider the possibility to select the ideal thickness for the upper part of the head, nape, and cheeks. This essential level of comfort leaves the rider free to concentrate on nothing but their goal.

Every detail is designed with winning in mind.

Product Material

Carbon Fibre

Accessories included

Hydration system

Interiors customization kit: top crown pad, rear crown pad, cheek pads

Smoke visor (Only for ""I caschi di Vale"", PISTA GP RR - IRIDIUM CARBON, RED CARBON, ITALIA CARBONIO FORGIATO)

Tear-off kit

Vents covers

Aerodynamics

Detachable PRO Spoiler

Race suit fitment

Interiors

2Dry: instant sweat absorption

360° Adaptive fit

3-piece adaptable crown pad fit

Cheek pads safety release system

Cheek pads: Shalimar fabric for soft and stable fit even at high speed

Crown pad: elastic and breathable microfiber

Embracing neck roll profile

Microsense: premium skin comfort

Neck roll: breathable fabric with elastic and waterproof inserts

No stitches in sensitive areas

Removable and washable interiors

Removable nose guard

Removable wind protector

Shell

100% Carbon fiber

4 shell sizes

5-density EPS developed in 4 sizes

Collarbone safe profile

Shell and EPS structure designed to minimize rotational accelerations (FIM homologated)

Ventilation

2 rear extractors

5 front vents

Metal air vents and extractors

Visor

100% Max Vision Pinlock (120) included

190° horizontal field of view

5mm thickness

85° vertical field of view

Anti-scratch

Metal visor mechanism

Micro-opening system

Optic class 1

Patented Extra Quick Release System

Patented visor lock system

Weight

1.450 g in first shell size",190000,,2026-07-26,active,AGV,5000,g,AGV Pista GP RR Italia Carbonio Forgiato Helmet | Mile 27 Store,The helmet created for MotoGP™ is now available to every rider.,,Cleaned noise; brand verified,High,false,Helmets,High,"Mapped from Shopify Type ""Helmets""",agv-pista-gp-rr-italia-carbonio-forgiato-helmet-1|Size:XS|price:190000.00|compare:|weight:5000|barcode:|qty:0 | agv-pista-gp-rr-italia-carbonio-forgiato-helmet-2|Size:S|price:190000.00|compare:|weight:5000|barcode:|qty:0 | agv-pista-gp-rr-italia-carbonio-forgiato-helmet-3|Size:M|price:190000.00|compare:|weight:5000|barcode:|qty:0 | agv-pista-gp-rr-italia-carbonio-forgiato-helmet-4|Size:L|price:190000.00|compare:|weight:5000|barcode:|qty:0 | agv-pista-gp-rr-italia-carbonio-forgiato-helmet-5|Size:XL|price:190000.00|compare:|weight:5000|barcode:|qty:0 | agv-pista-gp-rr-italia-carbonio-forgiato-helmet-6|Size:XXL|price:190000.00|compare:|weight:5000|barcode:|qty:0,"agv-pista-gp-rr-italia-carbonio-forgiato-helmet-1,agv-pista-gp-rr-italia-carbonio-forgiato-helmet-2,agv-pista-gp-rr-italia-carbonio-forgiato-helmet-3,agv-pista-gp-rr-italia-carbonio-forgiato-helmet-4,agv-pista-gp-rr-italia-carbonio-forgiato-helmet-5,agv-pista-gp-rr-italia-carbonio-forgiato-helmet-6",6,https://cdn.shopify.com/s/files/1/0076/8301/4754/files/2118356002_003_1.webp?v=1747205125|pos:1|alt:AGV AGV Pista GP RR Italia Carbonio Forgiato Helmet – front view || https://cdn.shopify.com/s/files/1/0076/8301/4754/files/2118356002_003_3.webp?v=1747205125|pos:2|alt:AGV AGV Pista GP RR Italia Carbonio Forgiato Helmet – side view || https://cdn.shopify.com/s/files/1/0076/8301/4754/files/2118356002_003_4.webp?v=1747205125|pos:3|alt:AGV AGV Pista GP RR Italia Carbonio Forgiato Helmet – rear view || https://cdn.shopify.com/s/files/1/0076/8301/4754/files/2118356002_003_8.webp?v=1747205125|pos:4|alt:AGV AGV Pista GP RR Italia Carbonio Forgiato Helmet – detail view || https://cdn.shopify.com/s/files/1/0076/8301/4754/files/2118356002_003_9.webp?v=1747205125|pos:5|alt:AGV AGV Pista GP RR Italia Carbonio Forgiato Helmet – top view || https://cdn.shopify.com/s/files/1/0076/8301/4754/files/2118356002_003_7.webp?v=1747205125|pos:6|alt:AGV AGV Pista GP RR Italia Carbonio Forgiato Helmet – product view || https://cdn.shopify.com/s/files/1/0076/8301/4754/files/2118356002_003_2.webp?v=1747205125|pos:7|alt:AGV AGV Pista GP RR Italia Carbonio Forgiato Helmet – product view,7,AGV AGV Pista GP RR Italia Carbonio Forgiato Helmet – front view | AGV AGV Pista GP RR Italia Carbonio Forgiato Helmet – side view | AGV AGV Pista GP RR Italia Carbonio Forgiato Helmet – rear view | AGV AGV Pista GP RR Italia Carbonio Forgiato Helmet – detail view | AGV AGV Pista GP RR Italia Carbonio Forgiato Helmet – top view | AGV AGV Pista GP RR Italia Carbonio Forgiato Helmet – product view,,0,,,,,,,,,false,not_eligible,,0,false,/products/agv-pista-gp-rr-italia-carbonio-forgiato-helmet,/products/agv-pista-gp-rr-italia-carbonio-forgiato-helmet
agv-pista-gp-rr-mono-white-helmet,agv-pista-gp-rr-mono-white-helmet,AGV Pista GP RR Mono White Helmet,AGV Pista GP RR Mono White Helmet,agv-pista-gp-rr-mono-white-helmet,The helmet created for MotoGP™ is now available to every rider. Pista GP RR is an exact replica of the AGV helmet used in races… Available in multiple sizes and/or colours — select your variant.,"<p><b>The helmet created for MotoGP™ is now available to every rider.<span> </span></b><span></span><b>Pista GP RR</b><span> is an exact replica of the AGV helmet </span><b>used in races by world champions.</b><span> It has therefore received the new</span><b><span> </span>FIM homologation</b><span>, which certifies the highest possible level of protection, even against any dangerous twisting of the head. Due to the exclusive</span><b><span> </span>AGV Extreme Safety<span> </span></b><span>design protocol</span><b>,<span> </span></b><span>Pista GP RR already exceeds the requirements of the strict </span><b>ECE22.06 homologation.<span> </span></b><span>Every detail is designed to ensure ultimate performance. The </span><b>Extreme Carbon</b><span> shell in</span><b><span> </span></b><span>100% carbon fiber guarantees</span><b><span> </span>extraordinary lightness</b><span>, which makes it effortless to wear. Its shapes and </span><b>metal air vents</b><span> are studied in the wind tunnel and tested by AGV athletes in order to ensure the best aerodynamic penetration and the greatest stability at high speeds, also due to the innovative profile of the rear </span><b>PRO Spoiler</b><span>. Boasting </span><b>5 mm thickness</b><span>,</span><b><span> </span></b><span>the</span><b><span> </span>Optical Class 1 Ultravision visor<span> </span></b><span>is an integral part of the protector that allows </span><b>190° panoramic vision</b><span>, and </span><b>85° vertical vision.</b><span> This means the rider sees the track, adversaries, and obstacles more clearly, before anyone else, even in racing position tucked into the frame. The exclusive </span><b>360° Adaptive Fit</b><span> system allows for complete customization of the interior, giving the rider the possibility to </span><b>select the ideal thickness</b><span> for the upper part of the head, nape, and cheeks. This essential level of comfort leaves the rider free to concentrate on nothing but their goal. Every detail is designed with winning in mind. </span><b>The Perfection of Obsession.</b></p>
<div class=""accordion-item"">
<div id=""productmaterial"" class=""accordion-collapse collapse show"" data-bs-parent=""#productmaterial"">
<div class=""pb-3"">
<p class=""mb-1"">Carbon Fibre</p>
<p class=""mb-1"">Hydration system</p>
<p class=""mb-1"">Interiors customization kit: top crown pad, rear crown pad, cheek pads</p>
<p class=""mb-1"">Tear-off kit</p>
<p class=""mb-1"">Vents covers</p>
<p class=""mb-1"">Detachable PRO Spoiler</p>
<p class=""mb-1"">Race suit fitment</p>
<p class=""mb-1"">2Dry: instant sweat absorption</p>
<p class=""mb-1"">360° Adaptive fit</p>
<p class=""mb-1"">3-piece adaptable crown pad fit</p>
<p class=""mb-1"">Cheek pads safety release system</p>
<p class=""mb-1"">Cheek pads: Shalimar fabric for soft and stable fit even at high speed</p>
<p class=""mb-1"">Crown pad: elastic and breathable microfiber</p>
<p class=""mb-1"">Embracing neck roll profile</p>
<p class=""mb-1"">Microsense: premium skin comfort</p>
<p class=""mb-1"">Neck roll: breathable fabric with elastic and waterproof inserts</p>
<p class=""mb-1"">No stitches in sensitive areas</p>
<p class=""mb-1"">Removable and washable interiors</p>
<p class=""mb-1"">Removable nose guard</p>
<p class=""mb-1"">Removable wind protector</p>
<div class=""accordion-item"">
<div id=""RETENTION_SYSTEM"" class=""accordion-collapse collapse show"" data-bs-parent=""#RETENTION_SYSTEM"">
<div class=""pb-3"">
<p class=""mb-1"">Titanium Double D</p>
<p class=""mb-1"">100% Carbon fiber</p>
<p class=""mb-1"">4 shell sizes</p>
<p class=""mb-1"">5-density EPS developed in 4 sizes</p>
<p class=""mb-1"">Collarbone safe profile</p>
<p class=""mb-1"">Shell and EPS structure designed to minimize rotational accelerations (FIM homologated)</p>
<p class=""mb-1"">2 rear extractors</p>
<p class=""mb-1"">5 front vents</p>
<p class=""mb-1"">Metal air vents and extractors</p>
<p class=""mb-1"">190° horizontal field of view</p>
<p class=""mb-1"">5mm thickness</p>
<p class=""mb-1"">85° vertical field of view</p>
<p class=""mb-1"">Anti-scratch</p>
<p class=""mb-1"">Metal visor mechanism</p>
<p class=""mb-1"">Micro-opening system</p>
<p class=""mb-1"">Optic class 1</p>
<p class=""mb-1"">Patented Extra Quick Release System</p>
<p class=""mb-1"">Patented visor lock system</p>
<p class=""mb-1"">Pinlock® 120XLT™ MaxVision™ Included</p>
<div class=""accordion"" id=""accordion-MaterialCare"">
<div class=""accordion-item"">
<div id=""WEIGHT"" class=""accordion-collapse collapse show"" data-bs-parent=""#WEIGHT"">
<div class=""pb-3"">
<p class=""mb-1"">1.450 g in first shell size</p>
</div>
</div>
</div>
</div>
</div>
</div>
</div>
</div>
</div>
</div>","The helmet created for MotoGP™ is now available to every rider. Pista GP RR is an exact replica of the AGV helmet used in races by world champions. It has therefore received the new FIM homologation, which certifies the highest possible level of protection, even against any dangerous twisting of the head. Due to the exclusive AGV Extreme Safety design protocol, Pista GP RR already exceeds the requirements of the strict ECE22.06 homologation. Every detail is designed to ensure ultimate performance. The Extreme Carbon shell in 100% carbon fiber guarantees extraordinary lightness, which makes it effortless to wear. Its shapes and metal air vents are studied in the wind tunnel and tested by AGV athletes in order to ensure the best aerodynamic penetration and the greatest stability at high speeds, also due to the innovative profile of the rear PRO Spoiler. Boasting 5 mm thickness, the Optical Class 1 Ultravision visor is an integral part of the protector that allows 190° panoramic vision, and 85° vertical vision. This means the rider sees the track, adversaries, and obstacles more clearly, before anyone else, even in racing position tucked into the frame. The exclusive 360° Adaptive Fit system allows for complete customization of the interior, giving the rider the possibility to select the ideal thickness for the upper part of the head, nape, and cheeks. This essential level of comfort leaves the rider free to concentrate on nothing but their goal. Every detail is designed with winning in mind. The Perfection of Obsession.

Carbon Fibre

Hydration system

Interiors customization kit: top crown pad, rear crown pad, cheek pads

Tear-off kit

Vents covers

Detachable PRO Spoiler

Race suit fitment

2Dry: instant sweat absorption

360° Adaptive fit

3-piece adaptable crown pad fit

Cheek pads safety release system

Cheek pads: Shalimar fabric for soft and stable fit even at high speed

Crown pad: elastic and breathable microfiber

Embracing neck roll profile

Microsense: premium skin comfort

Neck roll: breathable fabric with elastic and waterproof inserts

No stitches in sensitive areas

Removable and washable interiors

Removable nose guard

Removable wind protector

Titanium Double D

100% Carbon fiber

4 shell sizes

5-density EPS developed in 4 sizes

Collarbone safe profile

Shell and EPS structure designed to minimize rotational accelerations (FIM homologated)

2 rear extractors

5 front vents

Metal air vents and extractors

190° horizontal field of view

5mm thickness

85° vertical field of view

Anti-scratch

Metal visor mechanism

Micro-opening system

Optic class 1

Patented Extra Quick Release System

Patented visor lock system

Pinlock® 120XLT™ MaxVision™ Included

1.450 g in first shell size",180000,,2026-07-26,active,AGV,5000,g,Buy AGV Pista GP RR Mono White Helmet | Mile 27 Store,The helmet created for MotoGP™ is now available to every rider. Pista GP RR is an exact replica of the AGV helmet used in races…,,Cleaned noise; brand verified,High,false,Helmets,High,"Mapped from Shopify Type ""Helmets""",agv-pista-gp-rr-mono-white-helmet-1|Size:XS|price:180000.00|compare:|weight:5000|barcode:|qty:0 | agv-pista-gp-rr-mono-white-helmet-2|Size:S|price:180000.00|compare:|weight:5000|barcode:|qty:0 | agv-pista-gp-rr-mono-white-helmet-3|Size:M|price:180000.00|compare:|weight:5000|barcode:|qty:0 | agv-pista-gp-rr-mono-white-helmet-4|Size:L|price:180000.00|compare:|weight:5000|barcode:|qty:0 | agv-pista-gp-rr-mono-white-helmet-5|Size:XL|price:180000.00|compare:|weight:5000|barcode:|qty:0 | agv-pista-gp-rr-mono-white-helmet-6|Size:XXL|price:180000.00|compare:|weight:5000|barcode:|qty:0,"agv-pista-gp-rr-mono-white-helmet-1,agv-pista-gp-rr-mono-white-helmet-2,agv-pista-gp-rr-mono-white-helmet-3,agv-pista-gp-rr-mono-white-helmet-4,agv-pista-gp-rr-mono-white-helmet-5,agv-pista-gp-rr-mono-white-helmet-6",6,https://cdn.shopify.com/s/files/1/0076/8301/4754/files/2118356018_042_1.webp?v=1780379097|pos:1|alt:AGV AGV Pista GP RR Mono White Helmet – front view || https://cdn.shopify.com/s/files/1/0076/8301/4754/files/2118356018_042_2.webp?v=1780379098|pos:2|alt:AGV AGV Pista GP RR Mono White Helmet – side view || https://cdn.shopify.com/s/files/1/0076/8301/4754/files/2118356018_042_4.webp?v=1780379097|pos:3|alt:AGV AGV Pista GP RR Mono White Helmet – rear view || https://cdn.shopify.com/s/files/1/0076/8301/4754/files/2118356018_042_7.webp?v=1780379097|pos:4|alt:AGV AGV Pista GP RR Mono White Helmet – detail view || https://cdn.shopify.com/s/files/1/0076/8301/4754/files/2118356018_042_5.webp?v=1780379097|pos:5|alt:AGV AGV Pista GP RR Mono White Helmet – top view,5,AGV AGV Pista GP RR Mono White Helmet – front view | AGV AGV Pista GP RR Mono White Helmet – side view | AGV AGV Pista GP RR Mono White Helmet – rear view | AGV AGV Pista GP RR Mono White Helmet – detail view | AGV AGV Pista GP RR Mono White Helmet – top view,,0,,,,,,,,,false,not_eligible,,0,false,/products/agv-pista-gp-rr-mono-white-helmet,/products/agv-pista-gp-rr-mono-white-helmet
agv-k3-mono-matt-luna-grey-helmet,agv-k3-mono-matt-luna-grey-helmet,AGV K3 Mono Matt Luna Grey Helmet,AGV K3 Mono Matt Luna Grey Helmet,agv-k3-mono-matt-luna-grey-helmet,"An AGV icon, evolving towards perfection. K3 is AGV’s full-face road helmet that takes all the characteristics of a versatile, safe helmet to outstanding levels. Available in multiple sizes and/or colours — select your variant.","<p><b>An AGV icon, evolving towards perfection.</b><span> K3 is AGV’s full-face road helmet that takes all the characteristics of a versatile, safe helmet to outstanding levels.</span><br><br><span>It offers safety for all, at the highest levels – the shell made of</span><b><span> </span>high-resistance thermoplastic</b><span> </span><b>material</b><span>, the</span><b><span> </span>multi-density EPS<span> </span></b><span>and the details such as the</span><b><span> </span>collarbone-protection profile<span> </span></b><span>and the protective visor allow K3 to obtain the strict</span><b><span> </span>ECE22.06 homologation</b><span>. Due to the AGV Extreme Safety construction protocol, K3 meets the requirements of the most recent international standards and then some.</span><br><br><span>Its strength lies in its versatility. K3 is designed to put in its best performance in all situations. The </span><b>built-in sun visor</b><span>, which can be operated conveniently with gloves on, assists when it’s too bright, and doesn’t block the front ventilation when it’s in the rest position. The </span><b>Pinlock® 70 MaxVision™</b><span>antifog system guarantees maximum visibility even on the wettest and coldest days, when the temperature difference between the environment and the inside of the helmet could cause the visor to fog up dangerously. Not with K3. The </span><b>Ultravision visor<span> </span></b><span>also guarantees a </span><b>190° horizontal field of vision</b><span>, so you can see obstacles, the road and everything in front of you earlier and better. K3 is prepared for the installation of communication systems. The </span><b>Eyewear Ready</b><span> interior design allows you to comfortably wear your eyeglasses or sunglasses while riding.</span><br><br><span>Comfort boosts performance. </span><b>The aerodynamic profile</b><span> of the K3 is designed to achieve a </span><b>dynamic weight of zero</b><span> at a cruising speed of 130 km/h. It means lower weight and less strain on the neck muscles, for maximum concentration on riding. The interiors, made of </span><b>2DRY material with rapid absorption</b><span> of sweat and moisture, can be customized, to </span><b>personalize the fit</b><span> to the full and maximize how comfortable it feels. The ventilation achieves maximum efficiency through </span><b>the air vents at the front</b><span> and on the chin, precise and easy to operate with gloves on.</span><br><br><span>The practical </span><b>micrometric steel closing system<span> </span></b><span>permits quick, safe adjustment of the helmet fastening.</span></p>
<p><span>Thermoplastic</span></p>
<div class=""accordion-item"">
<div id=""ACCESSORIES_INCLUDED"" class=""accordion-collapse collapse show"" data-bs-parent=""#ACCESSORIES_INCLUDED"">
<div class=""pb-3"">
<p class=""mb-1"">Wind protector</p>
<p class=""mb-1"">Optimized for all riding positions</p>
<p class=""mb-1"">Shell shape designed to maximize aerodynamic performance and to have 0 dynamic weight at 130km/h (80 mph)</p>
<p class=""mb-1"">Cheek pads interchangeable between all sizes</p>
<p class=""mb-1"">DrySpeed: instant sweat absorption</p>
<p class=""mb-1"">Embracing neck roll profile</p>
<p class=""mb-1"">Fit especially designed to allow wearing glasses</p>
<p class=""mb-1"">Fresh and smooth breathable fabric</p>
<p class=""mb-1"">No stitches in sensitive areas</p>
<p class=""mb-1"">Ready for generic communication system</p>
<p class=""mb-1"">Removable and washable interiors</p>
<div class=""accordion-item"">
<div id=""RETENTION_SYSTEM"" class=""accordion-collapse collapse show"" data-bs-parent=""#RETENTION_SYSTEM"">
<div class=""pb-3"">
<p class=""mb-1"">Steel micrometric</p>
<p class=""mb-1"">3 shell sizes</p>
<p class=""mb-1"">Collarbone safe profile</p>
<p class=""mb-1"">High Resistance Thermoplastic</p>
<p class=""mb-1"">Multi-density EPS developed in 4 sizes</p>
<p class=""mb-1"">1 rear extractor</p>
<p class=""mb-1"">4 front vents</p>
<p class=""mb-1"">Adjustable air vents</p>
<p class=""mb-1"">190° horizontal field of view</p>
<p class=""mb-1"">Anti-scratch</p>
<p class=""mb-1"">Integrated anti-scratch sun visor, removable without using tools</p>
<p class=""mb-1"">Micro-opening system</p>
<p class=""mb-1"">Multistep visor mechanism</p>
<p class=""mb-1"">Patented Extra Quick Release System</p>
<p class=""mb-1"">Pinlock® 70 MaxVision™ Included</p>
<p class=""mb-1"">UV protective</p>
<p class=""mb-1"">Visor step for city position</p>
<p class=""mb-1""><span>1.630 g in first shell size</span></p>
</div>
</div>
</div>
</div>
</div>
</div>","An AGV icon, evolving towards perfection. K3 is AGV’s full-face road helmet that takes all the characteristics of a versatile, safe helmet to outstanding levels.

It offers safety for all, at the highest levels – the shell made of high-resistance thermoplastic material, the multi-density EPS and the details such as the collarbone-protection profile and the protective visor allow K3 to obtain the strict ECE22.06 homologation. Due to the AGV Extreme Safety construction protocol, K3 meets the requirements of the most recent international standards and then some.

Its strength lies in its versatility. K3 is designed to put in its best performance in all situations. The built-in sun visor, which can be operated conveniently with gloves on, assists when it’s too bright, and doesn’t block the front ventilation when it’s in the rest position. The Pinlock® 70 MaxVision™antifog system guarantees maximum visibility even on the wettest and coldest days, when the temperature difference between the environment and the inside of the helmet could cause the visor to fog up dangerously. Not with K3. The Ultravision visor also guarantees a 190° horizontal field of vision, so you can see obstacles, the road and everything in front of you earlier and better. K3 is prepared for the installation of communication systems. The Eyewear Ready interior design allows you to comfortably wear your eyeglasses or sunglasses while riding.

Comfort boosts performance. The aerodynamic profile of the K3 is designed to achieve a dynamic weight of zero at a cruising speed of 130 km/h. It means lower weight and less strain on the neck muscles, for maximum concentration on riding. The interiors, made of 2DRY material with rapid absorption of sweat and moisture, can be customized, to personalize the fit to the full and maximize how comfortable it feels. The ventilation achieves maximum efficiency through the air vents at the front and on the chin, precise and easy to operate with gloves on.

The practical micrometric steel closing system permits quick, safe adjustment of the helmet fastening.

Thermoplastic

Wind protector

Optimized for all riding positions

Shell shape designed to maximize aerodynamic performance and to have 0 dynamic weight at 130km/h (80 mph)

Cheek pads interchangeable between all sizes

DrySpeed: instant sweat absorption

Embracing neck roll profile

Fit especially designed to allow wearing glasses

Fresh and smooth breathable fabric

No stitches in sensitive areas

Ready for generic communication system

Removable and washable interiors

Steel micrometric

3 shell sizes

Collarbone safe profile

High Resistance Thermoplastic

Multi-density EPS developed in 4 sizes

1 rear extractor

4 front vents

Adjustable air vents

190° horizontal field of view

Anti-scratch

Integrated anti-scratch sun visor, removable without using tools

Micro-opening system

Multistep visor mechanism

Patented Extra Quick Release System

Pinlock® 70 MaxVision™ Included

UV protective

Visor step for city position

1.630 g in first shell size",45000,,2026-07-26,active,AGV,5000,g,Buy AGV K3 Mono Matt Luna Grey Helmet | Mile 27 Store,"An AGV icon, evolving towards perfection. K3 is AGV’s full-face road helmet that takes all the characteristics of a versatile, safe helmet to outstanding…",,Cleaned noise; brand verified,High,false,Helmets,High,"Mapped from Shopify Type ""Helmets""",agv-k3-mono-matt-luna-grey-helmet-1|Size:XS|price:45000.00|compare:|weight:5000|barcode:|qty:0 | agv-k3-mono-matt-luna-grey-helmet-2|Size:S|price:45000.00|compare:|weight:5000|barcode:|qty:0 | agv-k3-mono-matt-luna-grey-helmet-3|Size:M|price:45000.00|compare:|weight:5000|barcode:|qty:0 | agv-k3-mono-matt-luna-grey-helmet-4|Size:L|price:45000.00|compare:|weight:5000|barcode:|qty:0 | agv-k3-mono-matt-luna-grey-helmet-5|Size:XL|price:45000.00|compare:|weight:5000|barcode:|qty:0 | agv-k3-mono-matt-luna-grey-helmet-6|Size:XXL|price:45000.00|compare:|weight:5000|barcode:|qty:0,"agv-k3-mono-matt-luna-grey-helmet-1,agv-k3-mono-matt-luna-grey-helmet-2,agv-k3-mono-matt-luna-grey-helmet-3,agv-k3-mono-matt-luna-grey-helmet-4,agv-k3-mono-matt-luna-grey-helmet-5,agv-k3-mono-matt-luna-grey-helmet-6",6,https://cdn.shopify.com/s/files/1/0076/8301/4754/files/2118381004_023_1.webp?v=1778820895|pos:1|alt:AGV AGV K3 Mono Matt Luna Grey Helmet – front view || https://cdn.shopify.com/s/files/1/0076/8301/4754/files/2118381004_023_2.webp?v=1778820895|pos:2|alt:AGV AGV K3 Mono Matt Luna Grey Helmet – side view || https://cdn.shopify.com/s/files/1/0076/8301/4754/files/2118381004_023_4.webp?v=1778820895|pos:3|alt:AGV AGV K3 Mono Matt Luna Grey Helmet – rear view || https://cdn.shopify.com/s/files/1/0076/8301/4754/files/2118381004_023_7.webp?v=1778820895|pos:4|alt:AGV AGV K3 Mono Matt Luna Grey Helmet – detail view || https://cdn.shopify.com/s/files/1/0076/8301/4754/files/2118381004_023_5.webp?v=1778820895|pos:5|alt:AGV AGV K3 Mono Matt Luna Grey Helmet – top view,5,AGV AGV K3 Mono Matt Luna Grey Helmet – front view | AGV AGV K3 Mono Matt Luna Grey Helmet – side view | AGV AGV K3 Mono Matt Luna Grey Helmet – rear view | AGV AGV K3 Mono Matt Luna Grey Helmet – detail view | AGV AGV K3 Mono Matt Luna Grey Helmet – top view,,0,,,,,,,,,false,not_eligible,,0,false,/products/agv-k3-mono-matt-luna-grey-helmet,/products/agv-k3-mono-matt-luna-grey-helmet
agv-ax9-helmet-mono-glossy-carbon,agv-ax9-helmet-mono-glossy-carbon,AGV AX9 Helmet - Mono Glossy Carbon,AGV AX9 Helmet - Mono Glossy Carbon,agv-ax9-helmet-mono-glossy-carbon,"AX9 is AGV’s adventure touring helmet with an innovative structure that allows four different configurations, due to the adjustable peak and the ultra-panoramic visor, both… Available in multiple sizes and/or colours — select your variant.","<p><span>AX9 is AGV’s </span><strong>adventure touring</strong><span> helmet with an innovative structure that allows </span><strong>four different configurations</strong><span>, due to the adjustable peak and the ultra-panoramic visor, both removable.</span><br><span>From touring to off-road, this helmet is synonymous with maximum versatility and superior protection, guaranteed by the AGV Extreme Safety design protocol, which significantly exceeds all the specifications required by the stringent </span><strong>ECE22.06 standard</strong><span>.</span><br><span>It’s an extremely solid helmet, with a light shell, made of </span><strong>carbon, aramid fiber and fiberglass</strong><span>, which ensures high safety standards while reducing fatigue for motorcycle riders, to take on even the most demanding journeys without any distractions.</span><br><span>Due to the ergonomic design of the shell and the positioning of the peak, AX9 offers </span><strong>personalization of the aerodynamic experience</strong><span> and optimization of the different riding positions.</span><br><span>The </span><strong>interiors</strong><span>, characterized by </span><strong>premium quality materials</strong><span>, have a DrySpeed treatment that absorbs sweat in record time, leaving the face dry at all times for comfort that enhances riding performance.</span><br><span>The </span><strong>new fully configurable chinguard</strong><span>, improved extractors and adjustable air vents guarantee exceptional aerodynamics and ventilation, channeling the internal air flows according to the different needs of the rider.</span><br><span>Equipped with an </span><strong>Ultravision visor for a 190° horizontal and 110° vertical field of vision</strong><span>, a wide and complete view so you can keep your eyes on the road at all times, with the utmost safety. The </span><strong>Pinlock® 70 MaxVision™</strong><span> antifog system guarantees superior visibility even on the wettest and coldest days, when the temperature difference between the environment and the inside of the helmet could cause the visor to fog up dangerously.</span><br><span>AX9 is the helmet featuring complete modularity and versatility, to tackle any type of terrain in complete safety.</span></p>
<p><span>Interiors:</span></p>
<div data-bs-parent=""#INTERIORS"" class=""accordion-collapse collapse show"" id=""INTERIORS"">
<div class=""pb-3"">
<p class=""mb-1"">Cheek pads: fresh and fluid Ritmo fabric</p>
<p class=""mb-1"">Crown pad: Shalimar fabric for a soft and gentle touch</p>
<p class=""mb-1"">DrySpeed: instant sweat absorption</p>
<p class=""mb-1"">Neck roll: Shalimar fabric and perforated synthetic leather with high abrasion resistance and water-resistant properties</p>
<p class=""mb-1"">Ready for generic communication system</p>
<p class=""mb-1"">Removable and washable interiors</p>
<p class=""mb-1"">Removable wind protector</p>
<p class=""mb-1""><span>Ventilation:</span></p>
<div data-bs-parent=""#VENTILATION"" class=""accordion-collapse collapse show"" id=""VENTILATION"">
<div class=""pb-3"">
<p class=""mb-1"">2 rear extractors</p>
<p class=""mb-1"">3 front vents</p>
<p class=""mb-1"">Adjustable air vents</p>
<p class=""mb-1"">Chin guard air vent removable without tools. Max vetilation grid installed under the air vent</p>
<p class=""mb-1"">Internal deflector on the chin guard air vent</p>
</div>
</div>
<p class=""mb-1""> Visor:</p>
<p class=""mb-1"">Anti-scratch and UV-protective visor</p>
<p class=""mb-1"">Goggles ready</p>
<p class=""mb-1"">Micro-opening system</p>
<p class=""mb-1"">Multistep visor mechanism</p>
<p class=""mb-1"">Pinlock® 70 MaxVision™ Included</p>
</div>
</div>","AX9 is AGV’s adventure touring helmet with an innovative structure that allows four different configurations, due to the adjustable peak and the ultra-panoramic visor, both removable.
From touring to off-road, this helmet is synonymous with maximum versatility and superior protection, guaranteed by the AGV Extreme Safety design protocol, which significantly exceeds all the specifications required by the stringent ECE22.06 standard.
It’s an extremely solid helmet, with a light shell, made of carbon, aramid fiber and fiberglass, which ensures high safety standards while reducing fatigue for motorcycle riders, to take on even the most demanding journeys without any distractions.
Due to the ergonomic design of the shell and the positioning of the peak, AX9 offers personalization of the aerodynamic experience and optimization of the different riding positions.
The interiors, characterized by premium quality materials, have a DrySpeed treatment that absorbs sweat in record time, leaving the face dry at all times for comfort that enhances riding performance.
The new fully configurable chinguard, improved extractors and adjustable air vents guarantee exceptional aerodynamics and ventilation, channeling the internal air flows according to the different needs of the rider.
Equipped with an Ultravision visor for a 190° horizontal and 110° vertical field of vision, a wide and complete view so you can keep your eyes on the road at all times, with the utmost safety. The Pinlock® 70 MaxVision™ antifog system guarantees superior visibility even on the wettest and coldest days, when the temperature difference between the environment and the inside of the helmet could cause the visor to fog up dangerously.
AX9 is the helmet featuring complete modularity and versatility, to tackle any type of terrain in complete safety.

Interiors:

Cheek pads: fresh and fluid Ritmo fabric

Crown pad: Shalimar fabric for a soft and gentle touch

DrySpeed: instant sweat absorption

Neck roll: Shalimar fabric and perforated synthetic leather with high abrasion resistance and water-resistant properties

Ready for generic communication system

Removable and washable interiors

Removable wind protector

Ventilation:

2 rear extractors

3 front vents

Adjustable air vents

Chin guard air vent removable without tools. Max vetilation grid installed under the air vent

Internal deflector on the chin guard air vent

 Visor:

Anti-scratch and UV-protective visor

Goggles ready

Micro-opening system

Multistep visor mechanism

Pinlock® 70 MaxVision™ Included",85000,,2026-07-26,active,AGV,5000,g,Buy AGV AX9 Helmet - Mono Glossy Carbon | Mile 27 Store,"AX9 is AGV’s adventure touring helmet with an innovative structure that allows four different configurations, due to the adjustable peak and the…",,Cleaned noise; brand verified,High,false,Helmets,High,"Mapped from Shopify Type ""Helmets""",agv-ax9-helmet-mono-glossy-carbon-1|Size:XS|price:85000.00|compare:|weight:5000|barcode:|qty:0 | agv-ax9-helmet-mono-glossy-carbon-2|Size:S|price:85000.00|compare:|weight:5000|barcode:|qty:0 | agv-ax9-helmet-mono-glossy-carbon-3|Size:M|price:85000.00|compare:|weight:5000|barcode:|qty:0 | agv-ax9-helmet-mono-glossy-carbon-4|Size:L|price:85000.00|compare:|weight:5000|barcode:|qty:0 | agv-ax9-helmet-mono-glossy-carbon-5|Size:XL|price:85000.00|compare:|weight:5000|barcode:|qty:0 | agv-ax9-helmet-mono-glossy-carbon-6|Size:XXL|price:85000.00|compare:|weight:5000|barcode:|qty:0,"agv-ax9-helmet-mono-glossy-carbon-1,agv-ax9-helmet-mono-glossy-carbon-2,agv-ax9-helmet-mono-glossy-carbon-3,agv-ax9-helmet-mono-glossy-carbon-4,agv-ax9-helmet-mono-glossy-carbon-5,agv-ax9-helmet-mono-glossy-carbon-6",6,https://cdn.shopify.com/s/files/1/0076/8301/4754/files/21183B5004_001_1.webp?v=1741774777|pos:1|alt:AGV AGV AX9 Helmet - Mono Glossy Carbon – front view || https://cdn.shopify.com/s/files/1/0076/8301/4754/files/21183B5004_001_2.webp?v=1741774777|pos:2|alt:AGV AGV AX9 Helmet - Mono Glossy Carbon – side view || https://cdn.shopify.com/s/files/1/0076/8301/4754/files/21183B5004_001_4.webp?v=1741774777|pos:3|alt:AGV AGV AX9 Helmet - Mono Glossy Carbon – rear view || https://cdn.shopify.com/s/files/1/0076/8301/4754/files/21183B5004_001_8.webp?v=1741774777|pos:4|alt:AGV AGV AX9 Helmet - Mono Glossy Carbon – detail view || https://cdn.shopify.com/s/files/1/0076/8301/4754/files/21183B5004_001_6.webp?v=1741774777|pos:5|alt:AGV AGV AX9 Helmet - Mono Glossy Carbon – top view,5,AGV AGV AX9 Helmet - Mono Glossy Carbon – front view | AGV AGV AX9 Helmet - Mono Glossy Carbon – side view | AGV AGV AX9 Helmet - Mono Glossy Carbon – rear view | AGV AGV AX9 Helmet - Mono Glossy Carbon – detail view | AGV AGV AX9 Helmet - Mono Glossy Carbon – top view,,0,,,,,,,,,false,not_eligible,,0,false,/products/agv-ax9-helmet-mono-glossy-carbon,/products/agv-ax9-helmet-mono-glossy-carbon
agv-k3-mono-seta-white-helmet,agv-k3-mono-seta-white-helmet,AGV K3 Mono White Helmet,AGV K3 Mono White Helmet,agv-k3-mono-seta-white-helmet,"An AGV icon, evolving towards perfection. K3 is AGV’s full-face road helmet that takes all the characteristics of a versatile, safe helmet to outstanding levels. Available in multiple sizes and/or colours — select your variant.","<p><b>An AGV icon, evolving towards perfection.</b><span> K3 is AGV’s full-face road helmet that takes all the characteristics of a versatile, safe helmet to outstanding levels.</span><br><br><span>It offers safety for all, at the highest levels – the shell made of</span><b><span> </span>high-resistance thermoplastic</b><span> </span><b>material</b><span>, the</span><b><span> </span>multi-density EPS<span> </span></b><span>and the details such as the</span><b><span> </span>collarbone-protection profile<span> </span></b><span>and the protective visor allow K3 to obtain the strict</span><b><span> </span>ECE22.06 homologation</b><span>. Due to the AGV Extreme Safety construction protocol, K3 meets the requirements of the most recent international standards and then some.</span><br><br><span>Its strength lies in its versatility. K3 is designed to put in its best performance in all situations. The </span><b>built-in sun visor</b><span>, which can be operated conveniently with gloves on, assists when it’s too bright, and doesn’t block the front ventilation when it’s in the rest position. The </span><b>Pinlock</b><span> </span><b>Max Vision<span> </span></b><span>antifog system guarantees maximum visibility even on the wettest and coldest days, when the temperature difference between the environment and the inside of the helmet could cause the visor to fog up dangerously. Not with K3. The </span><b>Ultravision visor<span> </span></b><span>also guarantees a </span><b>190° horizontal field of vision</b><span>, so you can see obstacles, the road and everything in front of you earlier and better. K3 is prepared for the installation of communication systems. The </span><b>Eyewear Ready</b><span> interior design allows you to comfortably wear your eyeglasses or sunglasses while riding.</span><br><br><span>Comfort boosts performance. </span><b>The aerodynamic profile</b><span> of the K3 is designed to achieve a </span><b>dynamic weight of zero</b><span> at a cruising speed of 130 km/h. It means lower weight and less strain on the neck muscles, for maximum concentration on riding. The interiors, made of </span><b>2DRY material with rapid absorption</b><span> of sweat and moisture, can be customized, to </span><b>personalize the fit</b><span> to the full and maximize how comfortable it feels. The ventilation achieves maximum efficiency through </span><b>the air vents at the front</b><span> and on the chin, precise and easy to operate with gloves on.</span><br><br><span>The practical </span><b>micrometric steel closing system<span> </span></b><span>permits quick, safe adjustment of the helmet fastening.</span></p>
<p class=""mb-1"">Cheek pads interchangeable between all sizes</p>
<p class=""mb-1"">DrySpeed: instant sweat absorption</p>
<p class=""mb-1"">Embracing neck roll profile</p>
<p class=""mb-1"">Fit especially designed to allow wearing glasses</p>
<p class=""mb-1"">Fresh and smooth breathable fabric</p>
<p class=""mb-1"">No stitches in sensitive areas</p>
<p class=""mb-1"">Ready for generic communication system</p>
<p class=""mb-1"">Removable and washable interiors</p>
<p class=""mb-1"">3 shell sizes</p>
<p class=""mb-1"">Collarbone safe profile</p>
<p class=""mb-1"">High Resistance Thermoplastic</p>
<p class=""mb-1"">Multi-density EPS developed in 4 sizes</p>
<p class=""mb-1"">190° horizontal field of view</p>
<p class=""mb-1"">Anti-scratch</p>
<p class=""mb-1"">Integrated anti-scratch sun visor, removable without using tools</p>
<p class=""mb-1"">Micro-opening system</p>
<p class=""mb-1"">Multistep visor mechanism</p>
<p class=""mb-1"">Patented Extra Quick Release System</p>
<p class=""mb-1"">Pinlock® 70 MaxVision™ Included</p>
<p class=""mb-1"">UV protective</p>
<p class=""mb-1"">Visor step for city position</p>","An AGV icon, evolving towards perfection. K3 is AGV’s full-face road helmet that takes all the characteristics of a versatile, safe helmet to outstanding levels.

It offers safety for all, at the highest levels – the shell made of high-resistance thermoplastic material, the multi-density EPS and the details such as the collarbone-protection profile and the protective visor allow K3 to obtain the strict ECE22.06 homologation. Due to the AGV Extreme Safety construction protocol, K3 meets the requirements of the most recent international standards and then some.

Its strength lies in its versatility. K3 is designed to put in its best performance in all situations. The built-in sun visor, which can be operated conveniently with gloves on, assists when it’s too bright, and doesn’t block the front ventilation when it’s in the rest position. The Pinlock Max Vision antifog system guarantees maximum visibility even on the wettest and coldest days, when the temperature difference between the environment and the inside of the helmet could cause the visor to fog up dangerously. Not with K3. The Ultravision visor also guarantees a 190° horizontal field of vision, so you can see obstacles, the road and everything in front of you earlier and better. K3 is prepared for the installation of communication systems. The Eyewear Ready interior design allows you to comfortably wear your eyeglasses or sunglasses while riding.

Comfort boosts performance. The aerodynamic profile of the K3 is designed to achieve a dynamic weight of zero at a cruising speed of 130 km/h. It means lower weight and less strain on the neck muscles, for maximum concentration on riding. The interiors, made of 2DRY material with rapid absorption of sweat and moisture, can be customized, to personalize the fit to the full and maximize how comfortable it feels. The ventilation achieves maximum efficiency through the air vents at the front and on the chin, precise and easy to operate with gloves on.

The practical micrometric steel closing system permits quick, safe adjustment of the helmet fastening.

Cheek pads interchangeable between all sizes

DrySpeed: instant sweat absorption

Embracing neck roll profile

Fit especially designed to allow wearing glasses

Fresh and smooth breathable fabric

No stitches in sensitive areas

Ready for generic communication system

Removable and washable interiors

3 shell sizes

Collarbone safe profile

High Resistance Thermoplastic

Multi-density EPS developed in 4 sizes

190° horizontal field of view

Anti-scratch

Integrated anti-scratch sun visor, removable without using tools

Micro-opening system

Multistep visor mechanism

Patented Extra Quick Release System

Pinlock® 70 MaxVision™ Included

UV protective

Visor step for city position",50000,,2026-07-26,active,AGV,5000,g,Buy AGV K3 Mono White Helmet | Mile 27 Store,"An AGV icon, evolving towards perfection. K3 is AGV’s full-face road helmet that takes all the characteristics of a versatile, safe helmet to outstanding…",,Cleaned noise; brand verified,High,false,Helmets,High,"Mapped from Shopify Type ""Helmets""",agv-k3-mono-seta-white-helmet-1|Size:XS|price:50000.00|compare:|weight:5000|barcode:|qty:0 | agv-k3-mono-seta-white-helmet-2|Size:S|price:50000.00|compare:|weight:5000|barcode:|qty:0 | agv-k3-mono-seta-white-helmet-3|Size:M|price:50000.00|compare:|weight:5000|barcode:|qty:0 | agv-k3-mono-seta-white-helmet-4|Size:L|price:50000.00|compare:|weight:5000|barcode:|qty:0 | agv-k3-mono-seta-white-helmet-5|Size:XL|price:50000.00|compare:|weight:5000|barcode:|qty:0 | agv-k3-mono-seta-white-helmet-6|Size:XXL|price:50000.00|compare:|weight:5000|barcode:|qty:0,"agv-k3-mono-seta-white-helmet-1,agv-k3-mono-seta-white-helmet-2,agv-k3-mono-seta-white-helmet-3,agv-k3-mono-seta-white-helmet-4,agv-k3-mono-seta-white-helmet-5,agv-k3-mono-seta-white-helmet-6",6,https://cdn.shopify.com/s/files/1/0076/8301/4754/files/2118381004_014_1.webp?v=1741076445|pos:1|alt:AGV AGV K3 Mono White Helmet – front view || https://cdn.shopify.com/s/files/1/0076/8301/4754/files/2118381004_014_2.webp?v=1741076445|pos:2|alt:AGV AGV K3 Mono White Helmet – side view || https://cdn.shopify.com/s/files/1/0076/8301/4754/files/2118381004_014_4.webp?v=1741076445|pos:3|alt:AGV AGV K3 Mono White Helmet – rear view || https://cdn.shopify.com/s/files/1/0076/8301/4754/files/2118381004_014_7.webp?v=1741076445|pos:4|alt:AGV AGV K3 Mono White Helmet – detail view || https://cdn.shopify.com/s/files/1/0076/8301/4754/files/2118381004_014_5.webp?v=1741076445|pos:5|alt:AGV AGV K3 Mono White Helmet – top view,5,AGV AGV K3 Mono White Helmet – front view | AGV AGV K3 Mono White Helmet – side view | AGV AGV K3 Mono White Helmet – rear view | AGV AGV K3 Mono White Helmet – detail view | AGV AGV K3 Mono White Helmet – top view,,0,,,,,,,,,false,not_eligible,,0,false,/products/agv-k3-mono-seta-white-helmet,/products/agv-k3-mono-seta-white-helmet
