migration_key,source_shopify_handle,name,source_title,slug,description,source_description_html,description_plain_text,price,compare_at_price,available_on,status,brand,weight,weight_unit,meta_title,meta_description,verified_feature_summary,title_change_reason,title_confidence,requires_review,primary_taxon_path,category_confidence,category_reason,variants,variant_skus,variant_count,images,image_count,image_alt_texts,tags,tag_count,story_title,story_introduction,story_module_design,story_module_experience,story_module_feature_focus,story_module_use_case,story_module_buyer_note,story_module_closing,story_eligible,story_editorial_status,story_media_refs,story_media_count,redirect_required,redirect_from,redirect_to
grab-rail-kit-for-triumph-daytona-675r,grab-rail-kit-for-triumph-daytona-675r,Grab Rail Kit for Triumph Daytona 675R,Grab Rail Kit for Triumph Daytona 675R,grab-rail-kit-for-triumph-daytona-675r,A pair of cast and machined passenger grab rails with a black powder coat finish. These grab rails have been ergonomically tested for over 1000…,"<span data-mce-fragment=""1"">A pair of cast and machined passenger grab rails with a black powder coat finish. These grab rails have been ergonomically tested for over 1000 miles for greater passenger comfort. The kit comes complete with an injection-molded replacement undertray for clean fitment.</span>",A pair of cast and machined passenger grab rails with a black powder coat finish. These grab rails have been ergonomically tested for over 1000 miles for greater passenger comfort. The kit comes complete with an injection-molded replacement undertray for clean fitment.,38000,,2026-07-26,active,Daytona,5000,g,Buy Grab Rail Kit for Triumph Daytona 675R | Mile 27 Store,A pair of cast and machined passenger grab rails with a black powder coat finish. These grab rails have been ergonomically tested for over 1000…,,Cleaned noise; brand verified,High,false,Motorcycle Accessories,High,"Mapped from Shopify Type ""Bike Parts""",grab-rail-kit-for-triumph-daytona-675r-1|Default Title|price:38000.00|compare:|weight:5000|barcode:|qty:0,grab-rail-kit-for-triumph-daytona-675r-1,1,https://cdn.shopify.com/s/files/1/0076/8301/4754/products/GrabRailKit_A9758340.jpg?v=1662266963|pos:1|alt:Daytona Grab Rail Kit for Triumph Daytona 675R – front view,1,Daytona Grab Rail Kit for Triumph Daytona 675R – front view,,0,,,,,,,,,false,not_eligible,,0,false,/products/grab-rail-kit-for-triumph-daytona-675r,/products/grab-rail-kit-for-triumph-daytona-675r
daytona-security-evo-g3-boots,daytona-security-evo-g3-boots,Daytona Security Evo G3 Boots,Daytona Security Evo G3 Boots,daytona-security-evo-g3-boots,"Shell technology for maximum safety. • torsion-resistant aramid hard shell. • particularly shock-absorbing and adaptable padding under the shell. • 4-layer shin guard, removable. • shock-absorbing insoles in the calf and heel area. Available in multiple sizes and/or colours — select your variant.","Shell technology for maximum safety.<br><br>
<strong data-mce-fragment=""1"">Features:</strong>
<ul data-mce-fragment=""1"">
<li data-mce-fragment=""1"">torsion-resistant aramid hard shell</li>
<li data-mce-fragment=""1"">particularly shock-absorbing and adaptable padding under the shell</li>
<li data-mce-fragment=""1"">4-layer shin guard, removable</li>
<li data-mce-fragment=""1"">shock-absorbing insoles in the calf and heel area</li>
<li data-mce-fragment=""1"">riveted hinge-joint connection</li>
<li data-mce-fragment=""1"">stretch-elastic zone for mobility and highest safety requirements</li>
<li data-mce-fragment=""1"">anatomically shaped ball heel bed</li>
<li data-mce-fragment=""1"">3-fold aramid fabric in the toe area</li>
<li data-mce-fragment=""1"">sweat-absorbing complete goatskin lining</li>
<li data-mce-fragment=""1"">especially tearproof kangaroo leather</li>
<li data-mce-fragment=""1"">adhesive closure for individual calf widths</li>
<li data-mce-fragment=""1"">two plastic protectors at particularly abrasion-prone areas</li>
<li data-mce-fragment=""1"">elastic zone at the heel for better fit</li>
<li data-mce-fragment=""1"">abrasion-resistant PU-shift reinforcement left</li>
<li data-mce-fragment=""1"">non-slip special racing sole with rounded heel edges</li>
<li data-mce-fragment=""1"">replaceable sliders made of abrasion-resistant plastic</li>
<li data-mce-fragment=""1"">shaft height: approx. 33 cm</li>
<li data-mce-fragment=""1"">sizes: 36 - 48</li>
</ul>
<strong data-mce-fragment=""1"">Contents:</strong>
<ul data-mce-fragment=""1"">
<li data-mce-fragment=""1"">1 pair of Daytona motorcycle boots (inner and outer boots)</li>
</ul>","Shell technology for maximum safety.

Features:

• torsion-resistant aramid hard shell

• particularly shock-absorbing and adaptable padding under the shell

• 4-layer shin guard, removable

• shock-absorbing insoles in the calf and heel area

• riveted hinge-joint connection

• stretch-elastic zone for mobility and highest safety requirements

• anatomically shaped ball heel bed

• 3-fold aramid fabric in the toe area

• sweat-absorbing complete goatskin lining

• especially tearproof kangaroo leather

• adhesive closure for individual calf widths

• two plastic protectors at particularly abrasion-prone areas

• elastic zone at the heel for better fit

• abrasion-resistant PU-shift reinforcement left

• non-slip special racing sole with rounded heel edges

• replaceable sliders made of abrasion-resistant plastic

• shaft height: approx. 33 cm

• sizes: 36 - 48

Contents:

• 1 pair of Daytona motorcycle boots (inner and outer boots)",110000,,2026-07-26,active,Daytona,5000,g,Buy Daytona Security Evo G3 Boots | Mile 27 Store,Shell technology for maximum safety. torsion-resistant aramid hard shell. particularly shock-absorbing and adaptable padding under the shell. 4-layer shin…,"torsion-resistant aramid hard shell | particularly shock-absorbing and adaptable padding under the shell | 4-layer shin guard, removable | shock-absorbing insoles in the calf and heel area",Cleaned noise; brand verified,High,false,Riding Gear > Riding Boots,High,"Mapped from Shopify Type ""Riding Boots""",daytona-security-evo-g3-boots-1|Size:36:Colour:Black|price:110000.00|compare:|weight:5000|barcode:|qty:0 | daytona-security-evo-g3-boots-2|Size:36:Colour:Black/White/Red|price:110000.00|compare:|weight:5000|barcode:|qty:0 | daytona-security-evo-g3-boots-3|Size:36:Colour:Red/Black/White|price:110000.00|compare:|weight:5000|barcode:|qty:0 | daytona-security-evo-g3-boots-4|Size:36:Colour:Blue/White/Black|price:110000.00|compare:|weight:5000|barcode:|qty:0 | daytona-security-evo-g3-boots-5|Size:37:Colour:Black|price:110000.00|compare:|weight:5000|barcode:|qty:0 | daytona-security-evo-g3-boots-6|Size:37:Colour:Black/White/Red|price:110000.00|compare:|weight:5000|barcode:|qty:0 | daytona-security-evo-g3-boots-7|Size:37:Colour:Red/Black/White|price:110000.00|compare:|weight:5000|barcode:|qty:0 | daytona-security-evo-g3-boots-8|Size:37:Colour:Blue/White/Black|price:110000.00|compare:|weight:5000|barcode:|qty:0 | daytona-security-evo-g3-boots-9|Size:38:Colour:Black|price:110000.00|compare:|weight:5000|barcode:|qty:0 | daytona-security-evo-g3-boots-10|Size:38:Colour:Black/White/Red|price:110000.00|compare:|weight:5000|barcode:|qty:0 | daytona-security-evo-g3-boots-11|Size:38:Colour:Red/Black/White|price:110000.00|compare:|weight:5000|barcode:|qty:0 | daytona-security-evo-g3-boots-12|Size:38:Colour:Blue/White/Black|price:110000.00|compare:|weight:5000|barcode:|qty:0 | daytona-security-evo-g3-boots-13|Size:39:Colour:Black|price:110000.00|compare:|weight:5000|barcode:|qty:0 | daytona-security-evo-g3-boots-14|Size:39:Colour:Black/White/Red|price:110000.00|compare:|weight:5000|barcode:|qty:0 | daytona-security-evo-g3-boots-15|Size:39:Colour:Red/Black/White|price:110000.00|compare:|weight:5000|barcode:|qty:0 | daytona-security-evo-g3-boots-16|Size:39:Colour:Blue/White/Black|price:110000.00|compare:|weight:5000|barcode:|qty:0 | daytona-security-evo-g3-boots-17|Size:40:Colour:Black|price:110000.00|compare:|weight:5000|barcode:|qty:0 | daytona-security-evo-g3-boots-18|Size:40:Colour:Black/White/Red|price:110000.00|compare:|weight:5000|barcode:|qty:0 | daytona-security-evo-g3-boots-19|Size:40:Colour:Red/Black/White|price:110000.00|compare:|weight:5000|barcode:|qty:0 | daytona-security-evo-g3-boots-20|Size:40:Colour:Blue/White/Black|price:110000.00|compare:|weight:5000|barcode:|qty:0 | daytona-security-evo-g3-boots-21|Size:41:Colour:Black|price:110000.00|compare:|weight:5000|barcode:|qty:0 | daytona-security-evo-g3-boots-22|Size:41:Colour:Black/White/Red|price:110000.00|compare:|weight:5000|barcode:|qty:0 | daytona-security-evo-g3-boots-23|Size:41:Colour:Red/Black/White|price:110000.00|compare:|weight:5000|barcode:|qty:0 | daytona-security-evo-g3-boots-24|Size:41:Colour:Blue/White/Black|price:110000.00|compare:|weight:5000|barcode:|qty:0 | daytona-security-evo-g3-boots-25|Size:42:Colour:Black|price:110000.00|compare:|weight:5000|barcode:|qty:0 | daytona-security-evo-g3-boots-26|Size:42:Colour:Black/White/Red|price:110000.00|compare:|weight:5000|barcode:|qty:0 | daytona-security-evo-g3-boots-27|Size:42:Colour:Red/Black/White|price:110000.00|compare:|weight:5000|barcode:|qty:0 | daytona-security-evo-g3-boots-28|Size:42:Colour:Blue/White/Black|price:110000.00|compare:|weight:5000|barcode:|qty:0 | daytona-security-evo-g3-boots-29|Size:43:Colour:Black|price:110000.00|compare:|weight:5000|barcode:|qty:0 | daytona-security-evo-g3-boots-30|Size:43:Colour:Black/White/Red|price:110000.00|compare:|weight:5000|barcode:|qty:0 | daytona-security-evo-g3-boots-31|Size:43:Colour:Red/Black/White|price:110000.00|compare:|weight:5000|barcode:|qty:0 | daytona-security-evo-g3-boots-32|Size:43:Colour:Blue/White/Black|price:110000.00|compare:|weight:5000|barcode:|qty:0 | daytona-security-evo-g3-boots-33|Size:44:Colour:Black|price:110000.00|compare:|weight:5000|barcode:|qty:0 | daytona-security-evo-g3-boots-34|Size:44:Colour:Black/White/Red|price:110000.00|compare:|weight:5000|barcode:|qty:0 | daytona-security-evo-g3-boots-35|Size:44:Colour:Red/Black/White|price:110000.00|compare:|weight:5000|barcode:|qty:0 | daytona-security-evo-g3-boots-36|Size:44:Colour:Blue/White/Black|price:110000.00|compare:|weight:5000|barcode:|qty:0 | daytona-security-evo-g3-boots-37|Size:45:Colour:Black|price:110000.00|compare:|weight:5000|barcode:|qty:0 | daytona-security-evo-g3-boots-38|Size:45:Colour:Black/White/Red|price:110000.00|compare:|weight:5000|barcode:|qty:0 | daytona-security-evo-g3-boots-39|Size:45:Colour:Red/Black/White|price:110000.00|compare:|weight:5000|barcode:|qty:0 | daytona-security-evo-g3-boots-40|Size:45:Colour:Blue/White/Black|price:110000.00|compare:|weight:5000|barcode:|qty:0 | daytona-security-evo-g3-boots-41|Size:46:Colour:Black|price:110000.00|compare:|weight:5000|barcode:|qty:0 | daytona-security-evo-g3-boots-42|Size:46:Colour:Black/White/Red|price:110000.00|compare:|weight:5000|barcode:|qty:0 | daytona-security-evo-g3-boots-43|Size:46:Colour:Red/Black/White|price:110000.00|compare:|weight:5000|barcode:|qty:0 | daytona-security-evo-g3-boots-44|Size:46:Colour:Blue/White/Black|price:110000.00|compare:|weight:5000|barcode:|qty:0 | daytona-security-evo-g3-boots-45|Size:47:Colour:Black|price:110000.00|compare:|weight:5000|barcode:|qty:0 | daytona-security-evo-g3-boots-46|Size:47:Colour:Black/White/Red|price:110000.00|compare:|weight:5000|barcode:|qty:0 | daytona-security-evo-g3-boots-47|Size:47:Colour:Red/Black/White|price:110000.00|compare:|weight:5000|barcode:|qty:0 | daytona-security-evo-g3-boots-48|Size:47:Colour:Blue/White/Black|price:110000.00|compare:|weight:5000|barcode:|qty:0 | daytona-security-evo-g3-boots-49|Size:48:Colour:Black|price:110000.00|compare:|weight:5000|barcode:|qty:0 | daytona-security-evo-g3-boots-50|Size:48:Colour:Black/White/Red|price:110000.00|compare:|weight:5000|barcode:|qty:0 | daytona-security-evo-g3-boots-51|Size:48:Colour:Red/Black/White|price:110000.00|compare:|weight:5000|barcode:|qty:0 | daytona-security-evo-g3-boots-52|Size:48:Colour:Blue/White/Black|price:110000.00|compare:|weight:5000|barcode:|qty:0,"daytona-security-evo-g3-boots-1,daytona-security-evo-g3-boots-2,daytona-security-evo-g3-boots-3,daytona-security-evo-g3-boots-4,daytona-security-evo-g3-boots-5,daytona-security-evo-g3-boots-6,daytona-security-evo-g3-boots-7,daytona-security-evo-g3-boots-8,daytona-security-evo-g3-boots-9,daytona-security-evo-g3-boots-10,daytona-security-evo-g3-boots-11,daytona-security-evo-g3-boots-12,daytona-security-evo-g3-boots-13,daytona-security-evo-g3-boots-14,daytona-security-evo-g3-boots-15,daytona-security-evo-g3-boots-16,daytona-security-evo-g3-boots-17,daytona-security-evo-g3-boots-18,daytona-security-evo-g3-boots-19,daytona-security-evo-g3-boots-20,daytona-security-evo-g3-boots-21,daytona-security-evo-g3-boots-22,daytona-security-evo-g3-boots-23,daytona-security-evo-g3-boots-24,daytona-security-evo-g3-boots-25,daytona-security-evo-g3-boots-26,daytona-security-evo-g3-boots-27,daytona-security-evo-g3-boots-28,daytona-security-evo-g3-boots-29,daytona-security-evo-g3-boots-30,daytona-security-evo-g3-boots-31,daytona-security-evo-g3-boots-32,daytona-security-evo-g3-boots-33,daytona-security-evo-g3-boots-34,daytona-security-evo-g3-boots-35,daytona-security-evo-g3-boots-36,daytona-security-evo-g3-boots-37,daytona-security-evo-g3-boots-38,daytona-security-evo-g3-boots-39,daytona-security-evo-g3-boots-40,daytona-security-evo-g3-boots-41,daytona-security-evo-g3-boots-42,daytona-security-evo-g3-boots-43,daytona-security-evo-g3-boots-44,daytona-security-evo-g3-boots-45,daytona-security-evo-g3-boots-46,daytona-security-evo-g3-boots-47,daytona-security-evo-g3-boots-48,daytona-security-evo-g3-boots-49,daytona-security-evo-g3-boots-50,daytona-security-evo-g3-boots-51,daytona-security-evo-g3-boots-52",52,https://cdn.shopify.com/s/files/1/0076/8301/4754/products/Daytona_Security_Evo_G3_schwarz.jpg?v=1668675423|pos:1|alt:Daytona Daytona Security Evo G3 Boots – front view || https://cdn.shopify.com/s/files/1/0076/8301/4754/products/Daytona_Security_Evo_G3_schwarz-weiss-rot.jpg?v=1668675422|pos:2|alt:Daytona Daytona Security Evo G3 Boots – side view || https://cdn.shopify.com/s/files/1/0076/8301/4754/products/Daytona_Security_Evo_G3_rot-weiss-schwarz.jpg?v=1668675422|pos:3|alt:Daytona Daytona Security Evo G3 Boots – rear view || https://cdn.shopify.com/s/files/1/0076/8301/4754/products/Daytona_Security_Evo_G3_blau-weiss-schwarz.jpg?v=1668675423|pos:4|alt:Daytona Daytona Security Evo G3 Boots – detail view,4,Daytona Daytona Security Evo G3 Boots – front view | Daytona Daytona Security Evo G3 Boots – side view | Daytona Daytona Security Evo G3 Boots – rear view | Daytona Daytona Security Evo G3 Boots – detail view,,0,Daytona Security Evo G3 Boots,Daytona Security Evo G3 Boots. Shell technology for maximum safety.,torsion-resistant aramid hard shell. particularly shock-absorbing and adaptable padding under the shell.,particularly shock-absorbing and adaptable padding under the shell.,"4-layer shin guard, removable. shock-absorbing insoles in the calf and heel area.",,Available in multiple sizes. Check the size guide before ordering.,Daytona Security Evo G3 Boots — a riding Boot built to the specifications listed above.,true,draft,https://cdn.shopify.com/s/files/1/0076/8301/4754/products/Daytona_Security_Evo_G3_schwarz.jpg?v=1668675423|role:hero || https://cdn.shopify.com/s/files/1/0076/8301/4754/products/Daytona_Security_Evo_G3_schwarz-weiss-rot.jpg?v=1668675422|role:construction detail || https://cdn.shopify.com/s/files/1/0076/8301/4754/products/Daytona_Security_Evo_G3_rot-weiss-schwarz.jpg?v=1668675422|role:side profile,3,false,/products/daytona-security-evo-g3-boots,/products/daytona-security-evo-g3-boots
daytona-speedway-evo-sgp-boots,daytona-speedway-evo-sgp-boots,Daytona Speedway Evo SGP Boots,Daytona Speedway Evo SGP Boots,daytona-speedway-evo-sgp-boots,"The Speedway motorcycle boot with unique Daytona® 2-shell safety technology. • particularly tear-resistant and soft cowhide. • inside reinforced with Kevlar-Carbon-fabric, sealed with plastic. • shin guard, padded inside. • elastic zone on the instep for better mobility. Available in multiple sizes and/or colours — select your variant.","The Speedway motorcycle boot with unique Daytona® 2-shell safety technology.<br><br>
<strong data-mce-fragment=""1"">Features:</strong>
<ul data-mce-fragment=""1"">
<li data-mce-fragment=""1"">particularly tear-resistant and soft cowhide</li>
<li data-mce-fragment=""1"">inside reinforced with Kevlar-Carbon-fabric, sealed with plastic</li>
<li data-mce-fragment=""1"">shin guard, padded inside</li>
<li data-mce-fragment=""1"">elastic zone on the instep for better mobility</li>
<li data-mce-fragment=""1"">elastic zipper in the back, covered with leather strip and closed with velcro</li>
<li data-mce-fragment=""1"">right plastic reinforced insole with hot-dip galvanized steel inlay torsion-resistant, yet easy to roll off</li>
<li data-mce-fragment=""1"">special sole right</li>
<li data-mce-fragment=""1"">left flat sole suitable for steel shoes</li>
<li data-mce-fragment=""1"">the central safety element: the torsion-resistant aramid hard shell</li>
<li data-mce-fragment=""1"">shock-absorbing latex foam pads for calf, ankle and heel</li>
<li data-mce-fragment=""1"">load-bearing hinge-joint connection</li>
<li data-mce-fragment=""1"">stretch-elastic zone for mobility</li>
<li data-mce-fragment=""1"">sweat-absorbing soft textile lining (80% polyamide, 20% polyester) in the complete shoe</li>
<li data-mce-fragment=""1"">anatomically shaped ball heel bed and climate insole</li>
<li data-mce-fragment=""1"">shaft height: approx. 29 - 32 cm</li>
<li data-mce-fragment=""1"">sizes: 40 - 45</li>
</ul>","The Speedway motorcycle boot with unique Daytona® 2-shell safety technology.

Features:

• particularly tear-resistant and soft cowhide

• inside reinforced with Kevlar-Carbon-fabric, sealed with plastic

• shin guard, padded inside

• elastic zone on the instep for better mobility

• elastic zipper in the back, covered with leather strip and closed with velcro

• right plastic reinforced insole with hot-dip galvanized steel inlay torsion-resistant, yet easy to roll off

• special sole right

• left flat sole suitable for steel shoes

• the central safety element: the torsion-resistant aramid hard shell

• shock-absorbing latex foam pads for calf, ankle and heel

• load-bearing hinge-joint connection

• stretch-elastic zone for mobility

• sweat-absorbing soft textile lining (80% polyamide, 20% polyester) in the complete shoe

• anatomically shaped ball heel bed and climate insole

• shaft height: approx. 29 - 32 cm

• sizes: 40 - 45",90000,,2026-07-26,active,Daytona,5000,g,Buy Daytona Speedway Evo SGP Boots | Mile 27 Store,The Speedway motorcycle boot with unique Daytona® 2-shell safety technology. particularly tear-resistant and soft cowhide. inside reinforced with…,"particularly tear-resistant and soft cowhide | inside reinforced with Kevlar-Carbon-fabric, sealed with plastic | shin guard, padded inside | elastic zone on the instep for better mobility",Cleaned noise; brand verified,High,false,Riding Gear > Riding Boots,High,"Mapped from Shopify Type ""Riding Boots""",daytona-speedway-evo-sgp-boots-1|Size:40:Colour:Black/Silver/Red|price:90000.00|compare:|weight:5000|barcode:|qty:0 | daytona-speedway-evo-sgp-boots-2|Size:40:Colour:Black/White/Red|price:90000.00|compare:|weight:5000|barcode:|qty:0 | daytona-speedway-evo-sgp-boots-3|Size:40:Colour:Red/White/Black|price:90000.00|compare:|weight:5000|barcode:|qty:0 | daytona-speedway-evo-sgp-boots-4|Size:40:Colour:Blue/White/Black|price:90000.00|compare:|weight:5000|barcode:|qty:0 | daytona-speedway-evo-sgp-boots-5|Size:41:Colour:Black/Silver/Red|price:90000.00|compare:|weight:5000|barcode:|qty:0 | daytona-speedway-evo-sgp-boots-6|Size:41:Colour:Black/White/Red|price:90000.00|compare:|weight:5000|barcode:|qty:0 | daytona-speedway-evo-sgp-boots-7|Size:41:Colour:Red/White/Black|price:90000.00|compare:|weight:5000|barcode:|qty:0 | daytona-speedway-evo-sgp-boots-8|Size:41:Colour:Blue/White/Black|price:90000.00|compare:|weight:5000|barcode:|qty:0 | daytona-speedway-evo-sgp-boots-9|Size:42:Colour:Black/Silver/Red|price:90000.00|compare:|weight:5000|barcode:|qty:0 | daytona-speedway-evo-sgp-boots-10|Size:42:Colour:Black/White/Red|price:90000.00|compare:|weight:5000|barcode:|qty:0 | daytona-speedway-evo-sgp-boots-11|Size:42:Colour:Red/White/Black|price:90000.00|compare:|weight:5000|barcode:|qty:0 | daytona-speedway-evo-sgp-boots-12|Size:42:Colour:Blue/White/Black|price:90000.00|compare:|weight:5000|barcode:|qty:0 | daytona-speedway-evo-sgp-boots-13|Size:43:Colour:Black/Silver/Red|price:90000.00|compare:|weight:5000|barcode:|qty:0 | daytona-speedway-evo-sgp-boots-14|Size:43:Colour:Black/White/Red|price:90000.00|compare:|weight:5000|barcode:|qty:0 | daytona-speedway-evo-sgp-boots-15|Size:43:Colour:Red/White/Black|price:90000.00|compare:|weight:5000|barcode:|qty:0 | daytona-speedway-evo-sgp-boots-16|Size:43:Colour:Blue/White/Black|price:90000.00|compare:|weight:5000|barcode:|qty:0 | daytona-speedway-evo-sgp-boots-17|Size:44:Colour:Black/Silver/Red|price:90000.00|compare:|weight:5000|barcode:|qty:0 | daytona-speedway-evo-sgp-boots-18|Size:44:Colour:Black/White/Red|price:90000.00|compare:|weight:5000|barcode:|qty:0 | daytona-speedway-evo-sgp-boots-19|Size:44:Colour:Red/White/Black|price:90000.00|compare:|weight:5000|barcode:|qty:0 | daytona-speedway-evo-sgp-boots-20|Size:44:Colour:Blue/White/Black|price:90000.00|compare:|weight:5000|barcode:|qty:0 | daytona-speedway-evo-sgp-boots-21|Size:45:Colour:Black/Silver/Red|price:90000.00|compare:|weight:5000|barcode:|qty:0 | daytona-speedway-evo-sgp-boots-22|Size:45:Colour:Black/White/Red|price:90000.00|compare:|weight:5000|barcode:|qty:0 | daytona-speedway-evo-sgp-boots-23|Size:45:Colour:Red/White/Black|price:90000.00|compare:|weight:5000|barcode:|qty:0 | daytona-speedway-evo-sgp-boots-24|Size:45:Colour:Blue/White/Black|price:90000.00|compare:|weight:5000|barcode:|qty:0,"daytona-speedway-evo-sgp-boots-1,daytona-speedway-evo-sgp-boots-2,daytona-speedway-evo-sgp-boots-3,daytona-speedway-evo-sgp-boots-4,daytona-speedway-evo-sgp-boots-5,daytona-speedway-evo-sgp-boots-6,daytona-speedway-evo-sgp-boots-7,daytona-speedway-evo-sgp-boots-8,daytona-speedway-evo-sgp-boots-9,daytona-speedway-evo-sgp-boots-10,daytona-speedway-evo-sgp-boots-11,daytona-speedway-evo-sgp-boots-12,daytona-speedway-evo-sgp-boots-13,daytona-speedway-evo-sgp-boots-14,daytona-speedway-evo-sgp-boots-15,daytona-speedway-evo-sgp-boots-16,daytona-speedway-evo-sgp-boots-17,daytona-speedway-evo-sgp-boots-18,daytona-speedway-evo-sgp-boots-19,daytona-speedway-evo-sgp-boots-20,daytona-speedway-evo-sgp-boots-21,daytona-speedway-evo-sgp-boots-22,daytona-speedway-evo-sgp-boots-23,daytona-speedway-evo-sgp-boots-24",24,https://cdn.shopify.com/s/files/1/0076/8301/4754/products/Daytona-Speedway-Evo-SGP-y.jpg?v=1668676050|pos:1|alt:Daytona Daytona Speedway Evo SGP Boots – front view || https://cdn.shopify.com/s/files/1/0076/8301/4754/products/Daytona-Speedway-Evo-SGP-sw.jpg?v=1668676050|pos:2|alt:Daytona Daytona Speedway Evo SGP Boots – side view || https://cdn.shopify.com/s/files/1/0076/8301/4754/products/Daytona-Speedway-Evo-SGP-rw_1.jpg?v=1668676049|pos:3|alt:Daytona Daytona Speedway Evo SGP Boots – rear view || https://cdn.shopify.com/s/files/1/0076/8301/4754/products/Daytona-Speedway-Evo-SGP-bw.jpg?v=1668676050|pos:4|alt:Daytona Daytona Speedway Evo SGP Boots – detail view,4,Daytona Daytona Speedway Evo SGP Boots – front view | Daytona Daytona Speedway Evo SGP Boots – side view | Daytona Daytona Speedway Evo SGP Boots – rear view | Daytona Daytona Speedway Evo SGP Boots – detail view,,0,Daytona Speedway Evo SGP Boots,Daytona Speedway Evo SGP Boots. The Speedway motorcycle boot with unique Daytona® 2-shell safety technology.,"inside reinforced with Kevlar-Carbon-fabric, sealed with plastic.",,"particularly tear-resistant and soft cowhide. shin guard, padded inside. elastic zone on the instep for better mobility.",,Available in multiple sizes. Check the size guide before ordering.,Daytona Speedway Evo SGP Boots — a riding Boot built to the specifications listed above.,true,draft,https://cdn.shopify.com/s/files/1/0076/8301/4754/products/Daytona-Speedway-Evo-SGP-y.jpg?v=1668676050|role:hero || https://cdn.shopify.com/s/files/1/0076/8301/4754/products/Daytona-Speedway-Evo-SGP-sw.jpg?v=1668676050|role:construction detail || https://cdn.shopify.com/s/files/1/0076/8301/4754/products/Daytona-Speedway-Evo-SGP-rw_1.jpg?v=1668676049|role:side profile,3,false,/products/daytona-speedway-evo-sgp-boots,/products/daytona-speedway-evo-sgp-boots
daytona-evo-voltex-boots,daytona-evo-voltex-boots,Daytona Evo Voltex Boots,Daytona Evo Voltex Boots,daytona-evo-voltex-boots,"Safety shell technology for sports drivers. • torsion-resistant polyamide hard shell. • load-bearing hinge-joint connection. • soft textile lining (73 % polyamide, 27 % lycra). • shock-absorbing latex foam pads for calf, ankle and heel. Available in multiple sizes and/or colours — select your variant.","Safety shell technology for sports drivers.<br><br>
<strong data-mce-fragment=""1"">Features:</strong>
<ul data-mce-fragment=""1"">
<li data-mce-fragment=""1"">torsion-resistant polyamide hard shell</li>
<li data-mce-fragment=""1"">load-bearing hinge-joint connection</li>
<li data-mce-fragment=""1"">soft textile lining (73 % polyamide, 27 % lycra)</li>
<li data-mce-fragment=""1"">shock-absorbing latex foam pads for calf, ankle and heel</li>
<li data-mce-fragment=""1"">climate insole, anatomically shaped</li>
<li data-mce-fragment=""1"">especially tear-resistant, soft, hydrophobic cowhide</li>
<li data-mce-fragment=""1"">adhesive closure for individual calf widths</li>
<li data-mce-fragment=""1"">Shin guard, padded inside, removable with velcro</li>
<li data-mce-fragment=""1"">two protectors at particularly vulnerable points, covered with leather</li>
<li data-mce-fragment=""1"">elastic zone at instep and heel for better mobility</li>
<li data-mce-fragment=""1"">PU switching reinforcement</li>
<li data-mce-fragment=""1"">air Inlet</li>
<li data-mce-fragment=""1"">heel Reflector</li>
<li data-mce-fragment=""1"">insole with high-quality fibre fleece, hot-dip galvanised steel inlay and plastic reinforcement</li>
<li data-mce-fragment=""1"">non-slip special racing sole with extremely rounded carbon-look heel</li>
<li data-mce-fragment=""1"">titanium sole wear edges, replaceable</li>
<li data-mce-fragment=""1"">shaft height: approx. 32 cm</li>
<li data-mce-fragment=""1"">sizes: 36 - 49</li>
</ul>","Safety shell technology for sports drivers.

Features:

• torsion-resistant polyamide hard shell

• load-bearing hinge-joint connection

• soft textile lining (73 % polyamide, 27 % lycra)

• shock-absorbing latex foam pads for calf, ankle and heel

• climate insole, anatomically shaped

• especially tear-resistant, soft, hydrophobic cowhide

• adhesive closure for individual calf widths

• Shin guard, padded inside, removable with velcro

• two protectors at particularly vulnerable points, covered with leather

• elastic zone at instep and heel for better mobility

• PU switching reinforcement

• air Inlet

• heel Reflector

• insole with high-quality fibre fleece, hot-dip galvanised steel inlay and plastic reinforcement

• non-slip special racing sole with extremely rounded carbon-look heel

• titanium sole wear edges, replaceable

• shaft height: approx. 32 cm

• sizes: 36 - 49",85000,,2026-07-26,active,Daytona,5000,g,Buy Daytona Evo Voltex Boots | Mile 27 Store,Safety shell technology for sports drivers. torsion-resistant polyamide hard shell. load-bearing hinge-joint connection. soft textile lining (73 %…,"torsion-resistant polyamide hard shell | load-bearing hinge-joint connection | soft textile lining (73 % polyamide, 27 % lycra) | shock-absorbing latex foam pads for calf, ankle and heel",Cleaned noise; brand verified,High,false,Riding Gear > Riding Boots,High,"Mapped from Shopify Type ""Riding Boots""",daytona-evo-voltex-boots-1|Size:36:Colour:Black|price:85000.00|compare:|weight:5000|barcode:|qty:0 | daytona-evo-voltex-boots-2|Size:36:Colour:Black/Anthracite|price:85000.00|compare:|weight:5000|barcode:|qty:0 | daytona-evo-voltex-boots-3|Size:36:Colour:Black/White|price:85000.00|compare:|weight:5000|barcode:|qty:0 | daytona-evo-voltex-boots-4|Size:36:Colour:White/Black/Red|price:85000.00|compare:|weight:5000|barcode:|qty:0 | daytona-evo-voltex-boots-5|Size:36:Colour:Red/Black/White|price:85000.00|compare:|weight:5000|barcode:|qty:0 | daytona-evo-voltex-boots-6|Size:37:Colour:Black|price:85000.00|compare:|weight:5000|barcode:|qty:0 | daytona-evo-voltex-boots-7|Size:37:Colour:Black/Anthracite|price:85000.00|compare:|weight:5000|barcode:|qty:0 | daytona-evo-voltex-boots-8|Size:37:Colour:Black/White|price:85000.00|compare:|weight:5000|barcode:|qty:0 | daytona-evo-voltex-boots-9|Size:37:Colour:White/Black/Red|price:85000.00|compare:|weight:5000|barcode:|qty:0 | daytona-evo-voltex-boots-10|Size:37:Colour:Red/Black/White|price:85000.00|compare:|weight:5000|barcode:|qty:0 | daytona-evo-voltex-boots-11|Size:38:Colour:Black|price:85000.00|compare:|weight:5000|barcode:|qty:0 | daytona-evo-voltex-boots-12|Size:38:Colour:Black/Anthracite|price:85000.00|compare:|weight:5000|barcode:|qty:0 | daytona-evo-voltex-boots-13|Size:38:Colour:Black/White|price:85000.00|compare:|weight:5000|barcode:|qty:0 | daytona-evo-voltex-boots-14|Size:38:Colour:White/Black/Red|price:85000.00|compare:|weight:5000|barcode:|qty:0 | daytona-evo-voltex-boots-15|Size:38:Colour:Red/Black/White|price:85000.00|compare:|weight:5000|barcode:|qty:0 | daytona-evo-voltex-boots-16|Size:39:Colour:Black|price:85000.00|compare:|weight:5000|barcode:|qty:0 | daytona-evo-voltex-boots-17|Size:39:Colour:Black/Anthracite|price:85000.00|compare:|weight:5000|barcode:|qty:0 | daytona-evo-voltex-boots-18|Size:39:Colour:Black/White|price:85000.00|compare:|weight:5000|barcode:|qty:0 | daytona-evo-voltex-boots-19|Size:39:Colour:White/Black/Red|price:85000.00|compare:|weight:5000|barcode:|qty:0 | daytona-evo-voltex-boots-20|Size:39:Colour:Red/Black/White|price:85000.00|compare:|weight:5000|barcode:|qty:0 | daytona-evo-voltex-boots-21|Size:40:Colour:Black|price:85000.00|compare:|weight:5000|barcode:|qty:0 | daytona-evo-voltex-boots-22|Size:40:Colour:Black/Anthracite|price:85000.00|compare:|weight:5000|barcode:|qty:0 | daytona-evo-voltex-boots-23|Size:40:Colour:Black/White|price:85000.00|compare:|weight:5000|barcode:|qty:0 | daytona-evo-voltex-boots-24|Size:40:Colour:White/Black/Red|price:85000.00|compare:|weight:5000|barcode:|qty:0 | daytona-evo-voltex-boots-25|Size:40:Colour:Red/Black/White|price:85000.00|compare:|weight:5000|barcode:|qty:0 | daytona-evo-voltex-boots-26|Size:41:Colour:Black|price:85000.00|compare:|weight:5000|barcode:|qty:0 | daytona-evo-voltex-boots-27|Size:41:Colour:Black/Anthracite|price:85000.00|compare:|weight:5000|barcode:|qty:0 | daytona-evo-voltex-boots-28|Size:41:Colour:Black/White|price:85000.00|compare:|weight:5000|barcode:|qty:0 | daytona-evo-voltex-boots-29|Size:41:Colour:White/Black/Red|price:85000.00|compare:|weight:5000|barcode:|qty:0 | daytona-evo-voltex-boots-30|Size:41:Colour:Red/Black/White|price:85000.00|compare:|weight:5000|barcode:|qty:0 | daytona-evo-voltex-boots-31|Size:42:Colour:Black|price:85000.00|compare:|weight:5000|barcode:|qty:0 | daytona-evo-voltex-boots-32|Size:42:Colour:Black/Anthracite|price:85000.00|compare:|weight:5000|barcode:|qty:0 | daytona-evo-voltex-boots-33|Size:42:Colour:Black/White|price:85000.00|compare:|weight:5000|barcode:|qty:0 | daytona-evo-voltex-boots-34|Size:42:Colour:White/Black/Red|price:85000.00|compare:|weight:5000|barcode:|qty:0 | daytona-evo-voltex-boots-35|Size:42:Colour:Red/Black/White|price:85000.00|compare:|weight:5000|barcode:|qty:0 | daytona-evo-voltex-boots-36|Size:43:Colour:Black|price:85000.00|compare:|weight:5000|barcode:|qty:0 | daytona-evo-voltex-boots-37|Size:43:Colour:Black/Anthracite|price:85000.00|compare:|weight:5000|barcode:|qty:0 | daytona-evo-voltex-boots-38|Size:43:Colour:Black/White|price:85000.00|compare:|weight:5000|barcode:|qty:0 | daytona-evo-voltex-boots-39|Size:43:Colour:White/Black/Red|price:85000.00|compare:|weight:5000|barcode:|qty:0 | daytona-evo-voltex-boots-40|Size:43:Colour:Red/Black/White|price:85000.00|compare:|weight:5000|barcode:|qty:0 | daytona-evo-voltex-boots-41|Size:44:Colour:Black|price:85000.00|compare:|weight:5000|barcode:|qty:0 | daytona-evo-voltex-boots-42|Size:44:Colour:Black/Anthracite|price:85000.00|compare:|weight:5000|barcode:|qty:0 | daytona-evo-voltex-boots-43|Size:44:Colour:Black/White|price:85000.00|compare:|weight:5000|barcode:|qty:0 | daytona-evo-voltex-boots-44|Size:44:Colour:White/Black/Red|price:85000.00|compare:|weight:5000|barcode:|qty:0 | daytona-evo-voltex-boots-45|Size:44:Colour:Red/Black/White|price:85000.00|compare:|weight:5000|barcode:|qty:0 | daytona-evo-voltex-boots-46|Size:45:Colour:Black|price:85000.00|compare:|weight:5000|barcode:|qty:0 | daytona-evo-voltex-boots-47|Size:45:Colour:Black/Anthracite|price:85000.00|compare:|weight:5000|barcode:|qty:0 | daytona-evo-voltex-boots-48|Size:45:Colour:Black/White|price:85000.00|compare:|weight:5000|barcode:|qty:0 | daytona-evo-voltex-boots-49|Size:45:Colour:White/Black/Red|price:85000.00|compare:|weight:5000|barcode:|qty:0 | daytona-evo-voltex-boots-50|Size:45:Colour:Red/Black/White|price:85000.00|compare:|weight:5000|barcode:|qty:0 | daytona-evo-voltex-boots-51|Size:46:Colour:Black|price:85000.00|compare:|weight:5000|barcode:|qty:0 | daytona-evo-voltex-boots-52|Size:46:Colour:Black/Anthracite|price:85000.00|compare:|weight:5000|barcode:|qty:0 | daytona-evo-voltex-boots-53|Size:46:Colour:Black/White|price:85000.00|compare:|weight:5000|barcode:|qty:0 | daytona-evo-voltex-boots-54|Size:46:Colour:White/Black/Red|price:85000.00|compare:|weight:5000|barcode:|qty:0 | daytona-evo-voltex-boots-55|Size:46:Colour:Red/Black/White|price:85000.00|compare:|weight:5000|barcode:|qty:0 | daytona-evo-voltex-boots-56|Size:47:Colour:Black|price:85000.00|compare:|weight:5000|barcode:|qty:0 | daytona-evo-voltex-boots-57|Size:47:Colour:Black/Anthracite|price:85000.00|compare:|weight:5000|barcode:|qty:0 | daytona-evo-voltex-boots-58|Size:47:Colour:Black/White|price:85000.00|compare:|weight:5000|barcode:|qty:0 | daytona-evo-voltex-boots-59|Size:47:Colour:White/Black/Red|price:85000.00|compare:|weight:5000|barcode:|qty:0 | daytona-evo-voltex-boots-60|Size:47:Colour:Red/Black/White|price:85000.00|compare:|weight:5000|barcode:|qty:0 | daytona-evo-voltex-boots-61|Size:48:Colour:Black|price:85000.00|compare:|weight:5000|barcode:|qty:0 | daytona-evo-voltex-boots-62|Size:48:Colour:Black/Anthracite|price:85000.00|compare:|weight:5000|barcode:|qty:0 | daytona-evo-voltex-boots-63|Size:48:Colour:Black/White|price:85000.00|compare:|weight:5000|barcode:|qty:0 | daytona-evo-voltex-boots-64|Size:48:Colour:White/Black/Red|price:85000.00|compare:|weight:5000|barcode:|qty:0 | daytona-evo-voltex-boots-65|Size:48:Colour:Red/Black/White|price:85000.00|compare:|weight:5000|barcode:|qty:0 | daytona-evo-voltex-boots-66|Size:49:Colour:Black|price:85000.00|compare:|weight:5000|barcode:|qty:0 | daytona-evo-voltex-boots-67|Size:49:Colour:Black/Anthracite|price:85000.00|compare:|weight:5000|barcode:|qty:0 | daytona-evo-voltex-boots-68|Size:49:Colour:Black/White|price:85000.00|compare:|weight:5000|barcode:|qty:0 | daytona-evo-voltex-boots-69|Size:49:Colour:White/Black/Red|price:85000.00|compare:|weight:5000|barcode:|qty:0 | daytona-evo-voltex-boots-70|Size:49:Colour:Red/Black/White|price:85000.00|compare:|weight:5000|barcode:|qty:0,"daytona-evo-voltex-boots-1,daytona-evo-voltex-boots-2,daytona-evo-voltex-boots-3,daytona-evo-voltex-boots-4,daytona-evo-voltex-boots-5,daytona-evo-voltex-boots-6,daytona-evo-voltex-boots-7,daytona-evo-voltex-boots-8,daytona-evo-voltex-boots-9,daytona-evo-voltex-boots-10,daytona-evo-voltex-boots-11,daytona-evo-voltex-boots-12,daytona-evo-voltex-boots-13,daytona-evo-voltex-boots-14,daytona-evo-voltex-boots-15,daytona-evo-voltex-boots-16,daytona-evo-voltex-boots-17,daytona-evo-voltex-boots-18,daytona-evo-voltex-boots-19,daytona-evo-voltex-boots-20,daytona-evo-voltex-boots-21,daytona-evo-voltex-boots-22,daytona-evo-voltex-boots-23,daytona-evo-voltex-boots-24,daytona-evo-voltex-boots-25,daytona-evo-voltex-boots-26,daytona-evo-voltex-boots-27,daytona-evo-voltex-boots-28,daytona-evo-voltex-boots-29,daytona-evo-voltex-boots-30,daytona-evo-voltex-boots-31,daytona-evo-voltex-boots-32,daytona-evo-voltex-boots-33,daytona-evo-voltex-boots-34,daytona-evo-voltex-boots-35,daytona-evo-voltex-boots-36,daytona-evo-voltex-boots-37,daytona-evo-voltex-boots-38,daytona-evo-voltex-boots-39,daytona-evo-voltex-boots-40,daytona-evo-voltex-boots-41,daytona-evo-voltex-boots-42,daytona-evo-voltex-boots-43,daytona-evo-voltex-boots-44,daytona-evo-voltex-boots-45,daytona-evo-voltex-boots-46,daytona-evo-voltex-boots-47,daytona-evo-voltex-boots-48,daytona-evo-voltex-boots-49,daytona-evo-voltex-boots-50,daytona-evo-voltex-boots-51,daytona-evo-voltex-boots-52,daytona-evo-voltex-boots-53,daytona-evo-voltex-boots-54,daytona-evo-voltex-boots-55,daytona-evo-voltex-boots-56,daytona-evo-voltex-boots-57,daytona-evo-voltex-boots-58,daytona-evo-voltex-boots-59,daytona-evo-voltex-boots-60,daytona-evo-voltex-boots-61,daytona-evo-voltex-boots-62,daytona-evo-voltex-boots-63,daytona-evo-voltex-boots-64,daytona-evo-voltex-boots-65,daytona-evo-voltex-boots-66,daytona-evo-voltex-boots-67,daytona-evo-voltex-boots-68,daytona-evo-voltex-boots-69,daytona-evo-voltex-boots-70",70,https://cdn.shopify.com/s/files/1/0076/8301/4754/products/Daytona-Evo-Voltex-schwarz.jpg?v=1668676481|pos:1|alt:Daytona Daytona Evo Voltex Boots – front view || https://cdn.shopify.com/s/files/1/0076/8301/4754/products/Daytona-Evo-Voltex-schw-gunm.jpg?v=1668676481|pos:2|alt:Daytona Daytona Evo Voltex Boots – side view || https://cdn.shopify.com/s/files/1/0076/8301/4754/products/Daytona-Evo-Voltex-schw-weiss.jpg?v=1668676481|pos:3|alt:Daytona Daytona Evo Voltex Boots – rear view || https://cdn.shopify.com/s/files/1/0076/8301/4754/products/Daytona-Evo-Voltex-weiss-schw-rot.jpg?v=1668676481|pos:4|alt:Daytona Daytona Evo Voltex Boots – detail view || https://cdn.shopify.com/s/files/1/0076/8301/4754/products/Daytona-Evo-Voltex-rot-schw-weiss_Paar.jpg?v=1668676481|pos:5|alt:Daytona Daytona Evo Voltex Boots – top view,5,Daytona Daytona Evo Voltex Boots – front view | Daytona Daytona Evo Voltex Boots – side view | Daytona Daytona Evo Voltex Boots – rear view | Daytona Daytona Evo Voltex Boots – detail view | Daytona Daytona Evo Voltex Boots – top view,,0,Daytona Evo Voltex Boots,Daytona Evo Voltex Boots. Safety shell technology for sports drivers.,"torsion-resistant polyamide hard shell. soft textile lining (73 % polyamide, 27 % lycra).",,"load-bearing hinge-joint connection. shock-absorbing latex foam pads for calf, ankle and heel.",,Available in multiple sizes. Check the size guide before ordering.,Daytona Evo Voltex Boots — a riding Boot built to the specifications listed above.,true,draft,https://cdn.shopify.com/s/files/1/0076/8301/4754/products/Daytona-Evo-Voltex-schwarz.jpg?v=1668676481|role:hero || https://cdn.shopify.com/s/files/1/0076/8301/4754/products/Daytona-Evo-Voltex-schw-gunm.jpg?v=1668676481|role:construction detail || https://cdn.shopify.com/s/files/1/0076/8301/4754/products/Daytona-Evo-Voltex-schw-weiss.jpg?v=1668676481|role:side profile,3,false,/products/daytona-evo-voltex-boots,/products/daytona-evo-voltex-boots
daytona-evo-sports-boots,daytona-evo-sports-boots,Daytona Evo Sports Boots,Daytona Evo Sports Boots,daytona-evo-sports-boots,"Safety shell technology for sports drivers. • torsion-resistant polyamide hard shell. • load-bearing hinge-joint connection. • soft textile lining (73 % polyamide, 27 % lycra). • shock-absorbing latex foam pads for calf, ankle and heel. Available in multiple sizes and/or colours — select your variant.","Safety shell technology for sports drivers.<br><br>
<strong data-mce-fragment=""1"">Features:</strong>
<ul data-mce-fragment=""1"">
<li data-mce-fragment=""1"">torsion-resistant polyamide hard shell</li>
<li data-mce-fragment=""1"">load-bearing hinge-joint connection</li>
<li data-mce-fragment=""1"">soft textile lining (73 % polyamide, 27 % lycra)</li>
<li data-mce-fragment=""1"">shock-absorbing latex foam pads for calf, ankle and heel</li>
<li data-mce-fragment=""1"">climate insole, anatomically shaped</li>
<li data-mce-fragment=""1"">also available with waterproof GORE-TEX membrane</li>
<li data-mce-fragment=""1"">full-grain hydrophobic cowhide nappa leather</li>
<li data-mce-fragment=""1"">shin guard, padded inside, removable with velcro</li>
<li data-mce-fragment=""1"">adhesive closure for individual calf widths</li>
<li data-mce-fragment=""1"">lateral 3M Scotchlite reflector tucks</li>
<li data-mce-fragment=""1"">elastic zone at the heel for better mobility</li>
<li data-mce-fragment=""1"">abrasion-resistant PU-shift reinforcement</li>
<li data-mce-fragment=""1"">plastic-reinforced inner sole with hot-dip galvanized steel inlay, especially torsion-resistant and yet easy to roll off</li>
<li data-mce-fragment=""1"">non-slip special racing sole with rounded heel edges</li>
<li data-mce-fragment=""1"">replaceable sliders made of abrasion-resistant plastic</li>
<li data-mce-fragment=""1"">shaft height: approx. 33 cm</li>
<li data-mce-fragment=""1"">sizes: 36 - 49</li>
</ul>","Safety shell technology for sports drivers.

Features:

• torsion-resistant polyamide hard shell

• load-bearing hinge-joint connection

• soft textile lining (73 % polyamide, 27 % lycra)

• shock-absorbing latex foam pads for calf, ankle and heel

• climate insole, anatomically shaped

• also available with waterproof GORE-TEX membrane

• full-grain hydrophobic cowhide nappa leather

• shin guard, padded inside, removable with velcro

• adhesive closure for individual calf widths

• lateral 3M Scotchlite reflector tucks

• elastic zone at the heel for better mobility

• abrasion-resistant PU-shift reinforcement

• plastic-reinforced inner sole with hot-dip galvanized steel inlay, especially torsion-resistant and yet easy to roll off

• non-slip special racing sole with rounded heel edges

• replaceable sliders made of abrasion-resistant plastic

• shaft height: approx. 33 cm

• sizes: 36 - 49",82000,,2026-07-26,active,Daytona,5000,g,Buy Daytona Evo Sports Boots | Mile 27 Store,Safety shell technology for sports drivers. torsion-resistant polyamide hard shell. load-bearing hinge-joint connection. soft textile lining (73 %…,"torsion-resistant polyamide hard shell | load-bearing hinge-joint connection | soft textile lining (73 % polyamide, 27 % lycra) | shock-absorbing latex foam pads for calf, ankle and heel",Cleaned noise; brand verified,High,false,Riding Gear > Riding Boots,High,"Mapped from Shopify Type ""Riding Boots""",daytona-evo-sports-boots-1|Size:36:Colour:Black/Red|price:82000.00|compare:|weight:5000|barcode:|qty:0 | daytona-evo-sports-boots-2|Size:36:Colour:Black/Blue|price:82000.00|compare:|weight:5000|barcode:|qty:0 | daytona-evo-sports-boots-3|Size:36:Colour:Black/Gray|price:82000.00|compare:|weight:5000|barcode:|qty:0 | daytona-evo-sports-boots-4|Size:36:Colour:Black/Yellow|price:82000.00|compare:|weight:5000|barcode:|qty:0 | daytona-evo-sports-boots-5|Size:37:Colour:Black/Red|price:82000.00|compare:|weight:5000|barcode:|qty:0 | daytona-evo-sports-boots-6|Size:37:Colour:Black/Blue|price:82000.00|compare:|weight:5000|barcode:|qty:0 | daytona-evo-sports-boots-7|Size:37:Colour:Black/Gray|price:82000.00|compare:|weight:5000|barcode:|qty:0 | daytona-evo-sports-boots-8|Size:37:Colour:Black/Yellow|price:82000.00|compare:|weight:5000|barcode:|qty:0 | daytona-evo-sports-boots-9|Size:38:Colour:Black/Red|price:82000.00|compare:|weight:5000|barcode:|qty:0 | daytona-evo-sports-boots-10|Size:38:Colour:Black/Blue|price:82000.00|compare:|weight:5000|barcode:|qty:0 | daytona-evo-sports-boots-11|Size:38:Colour:Black/Gray|price:82000.00|compare:|weight:5000|barcode:|qty:0 | daytona-evo-sports-boots-12|Size:38:Colour:Black/Yellow|price:82000.00|compare:|weight:5000|barcode:|qty:0 | daytona-evo-sports-boots-13|Size:39:Colour:Black/Red|price:82000.00|compare:|weight:5000|barcode:|qty:0 | daytona-evo-sports-boots-14|Size:39:Colour:Black/Blue|price:82000.00|compare:|weight:5000|barcode:|qty:0 | daytona-evo-sports-boots-15|Size:39:Colour:Black/Gray|price:82000.00|compare:|weight:5000|barcode:|qty:0 | daytona-evo-sports-boots-16|Size:39:Colour:Black/Yellow|price:82000.00|compare:|weight:5000|barcode:|qty:0 | daytona-evo-sports-boots-17|Size:40:Colour:Black/Red|price:82000.00|compare:|weight:5000|barcode:|qty:0 | daytona-evo-sports-boots-18|Size:40:Colour:Black/Blue|price:82000.00|compare:|weight:5000|barcode:|qty:0 | daytona-evo-sports-boots-19|Size:40:Colour:Black/Gray|price:82000.00|compare:|weight:5000|barcode:|qty:0 | daytona-evo-sports-boots-20|Size:40:Colour:Black/Yellow|price:82000.00|compare:|weight:5000|barcode:|qty:0 | daytona-evo-sports-boots-21|Size:41:Colour:Black/Red|price:82000.00|compare:|weight:5000|barcode:|qty:0 | daytona-evo-sports-boots-22|Size:41:Colour:Black/Blue|price:82000.00|compare:|weight:5000|barcode:|qty:0 | daytona-evo-sports-boots-23|Size:41:Colour:Black/Gray|price:82000.00|compare:|weight:5000|barcode:|qty:0 | daytona-evo-sports-boots-24|Size:41:Colour:Black/Yellow|price:82000.00|compare:|weight:5000|barcode:|qty:0 | daytona-evo-sports-boots-25|Size:42:Colour:Black/Red|price:82000.00|compare:|weight:5000|barcode:|qty:0 | daytona-evo-sports-boots-26|Size:42:Colour:Black/Blue|price:82000.00|compare:|weight:5000|barcode:|qty:0 | daytona-evo-sports-boots-27|Size:42:Colour:Black/Gray|price:82000.00|compare:|weight:5000|barcode:|qty:0 | daytona-evo-sports-boots-28|Size:42:Colour:Black/Yellow|price:82000.00|compare:|weight:5000|barcode:|qty:0 | daytona-evo-sports-boots-29|Size:43:Colour:Black/Red|price:82000.00|compare:|weight:5000|barcode:|qty:0 | daytona-evo-sports-boots-30|Size:43:Colour:Black/Blue|price:82000.00|compare:|weight:5000|barcode:|qty:0 | daytona-evo-sports-boots-31|Size:43:Colour:Black/Gray|price:82000.00|compare:|weight:5000|barcode:|qty:0 | daytona-evo-sports-boots-32|Size:43:Colour:Black/Yellow|price:82000.00|compare:|weight:5000|barcode:|qty:0 | daytona-evo-sports-boots-33|Size:44:Colour:Black/Red|price:82000.00|compare:|weight:5000|barcode:|qty:0 | daytona-evo-sports-boots-34|Size:44:Colour:Black/Blue|price:82000.00|compare:|weight:5000|barcode:|qty:0 | daytona-evo-sports-boots-35|Size:44:Colour:Black/Gray|price:82000.00|compare:|weight:5000|barcode:|qty:0 | daytona-evo-sports-boots-36|Size:44:Colour:Black/Yellow|price:82000.00|compare:|weight:5000|barcode:|qty:0 | daytona-evo-sports-boots-37|Size:45:Colour:Black/Red|price:82000.00|compare:|weight:5000|barcode:|qty:0 | daytona-evo-sports-boots-38|Size:45:Colour:Black/Blue|price:82000.00|compare:|weight:5000|barcode:|qty:0 | daytona-evo-sports-boots-39|Size:45:Colour:Black/Gray|price:82000.00|compare:|weight:5000|barcode:|qty:0 | daytona-evo-sports-boots-40|Size:45:Colour:Black/Yellow|price:82000.00|compare:|weight:5000|barcode:|qty:0 | daytona-evo-sports-boots-41|Size:46:Colour:Black/Red|price:82000.00|compare:|weight:5000|barcode:|qty:0 | daytona-evo-sports-boots-42|Size:46:Colour:Black/Blue|price:82000.00|compare:|weight:5000|barcode:|qty:0 | daytona-evo-sports-boots-43|Size:46:Colour:Black/Gray|price:82000.00|compare:|weight:5000|barcode:|qty:0 | daytona-evo-sports-boots-44|Size:46:Colour:Black/Yellow|price:82000.00|compare:|weight:5000|barcode:|qty:0 | daytona-evo-sports-boots-45|Size:47:Colour:Black/Red|price:82000.00|compare:|weight:5000|barcode:|qty:0 | daytona-evo-sports-boots-46|Size:47:Colour:Black/Blue|price:82000.00|compare:|weight:5000|barcode:|qty:0 | daytona-evo-sports-boots-47|Size:47:Colour:Black/Gray|price:82000.00|compare:|weight:5000|barcode:|qty:0 | daytona-evo-sports-boots-48|Size:47:Colour:Black/Yellow|price:82000.00|compare:|weight:5000|barcode:|qty:0 | daytona-evo-sports-boots-49|Size:48:Colour:Black/Red|price:82000.00|compare:|weight:5000|barcode:|qty:0 | daytona-evo-sports-boots-50|Size:48:Colour:Black/Blue|price:82000.00|compare:|weight:5000|barcode:|qty:0 | daytona-evo-sports-boots-51|Size:48:Colour:Black/Gray|price:82000.00|compare:|weight:5000|barcode:|qty:0 | daytona-evo-sports-boots-52|Size:48:Colour:Black/Yellow|price:82000.00|compare:|weight:5000|barcode:|qty:0 | daytona-evo-sports-boots-53|Size:49:Colour:Black/Red|price:82000.00|compare:|weight:5000|barcode:|qty:0 | daytona-evo-sports-boots-54|Size:49:Colour:Black/Blue|price:82000.00|compare:|weight:5000|barcode:|qty:0 | daytona-evo-sports-boots-55|Size:49:Colour:Black/Gray|price:82000.00|compare:|weight:5000|barcode:|qty:0 | daytona-evo-sports-boots-56|Size:49:Colour:Black/Yellow|price:82000.00|compare:|weight:5000|barcode:|qty:0,"daytona-evo-sports-boots-1,daytona-evo-sports-boots-2,daytona-evo-sports-boots-3,daytona-evo-sports-boots-4,daytona-evo-sports-boots-5,daytona-evo-sports-boots-6,daytona-evo-sports-boots-7,daytona-evo-sports-boots-8,daytona-evo-sports-boots-9,daytona-evo-sports-boots-10,daytona-evo-sports-boots-11,daytona-evo-sports-boots-12,daytona-evo-sports-boots-13,daytona-evo-sports-boots-14,daytona-evo-sports-boots-15,daytona-evo-sports-boots-16,daytona-evo-sports-boots-17,daytona-evo-sports-boots-18,daytona-evo-sports-boots-19,daytona-evo-sports-boots-20,daytona-evo-sports-boots-21,daytona-evo-sports-boots-22,daytona-evo-sports-boots-23,daytona-evo-sports-boots-24,daytona-evo-sports-boots-25,daytona-evo-sports-boots-26,daytona-evo-sports-boots-27,daytona-evo-sports-boots-28,daytona-evo-sports-boots-29,daytona-evo-sports-boots-30,daytona-evo-sports-boots-31,daytona-evo-sports-boots-32,daytona-evo-sports-boots-33,daytona-evo-sports-boots-34,daytona-evo-sports-boots-35,daytona-evo-sports-boots-36,daytona-evo-sports-boots-37,daytona-evo-sports-boots-38,daytona-evo-sports-boots-39,daytona-evo-sports-boots-40,daytona-evo-sports-boots-41,daytona-evo-sports-boots-42,daytona-evo-sports-boots-43,daytona-evo-sports-boots-44,daytona-evo-sports-boots-45,daytona-evo-sports-boots-46,daytona-evo-sports-boots-47,daytona-evo-sports-boots-48,daytona-evo-sports-boots-49,daytona-evo-sports-boots-50,daytona-evo-sports-boots-51,daytona-evo-sports-boots-52,daytona-evo-sports-boots-53,daytona-evo-sports-boots-54,daytona-evo-sports-boots-55,daytona-evo-sports-boots-56",56,https://cdn.shopify.com/s/files/1/0076/8301/4754/products/Daytona-Evosports_rot.jpg?v=1668677102|pos:1|alt:Daytona Daytona Evo Sports Boots – front view || https://cdn.shopify.com/s/files/1/0076/8301/4754/products/Daytona-Evo-sports_blau.jpg?v=1668677102|pos:2|alt:Daytona Daytona Evo Sports Boots – side view || https://cdn.shopify.com/s/files/1/0076/8301/4754/products/Daytona-Evo-Sports_gun.jpg?v=1668677105|pos:3|alt:Daytona Daytona Evo Sports Boots – rear view || https://cdn.shopify.com/s/files/1/0076/8301/4754/products/Daytona-Evo-Sports-Yellow.jpg?v=1668677105|pos:4|alt:Daytona Daytona Evo Sports Boots – detail view,4,Daytona Daytona Evo Sports Boots – front view | Daytona Daytona Evo Sports Boots – side view | Daytona Daytona Evo Sports Boots – rear view | Daytona Daytona Evo Sports Boots – detail view,,0,Daytona Evo Sports Boots,Daytona Evo Sports Boots. Safety shell technology for sports drivers.,"torsion-resistant polyamide hard shell. soft textile lining (73 % polyamide, 27 % lycra).",,"load-bearing hinge-joint connection. shock-absorbing latex foam pads for calf, ankle and heel.",,Available in multiple sizes. Check the size guide before ordering.,Daytona Evo Sports Boots — a riding Boot built to the specifications listed above.,true,draft,https://cdn.shopify.com/s/files/1/0076/8301/4754/products/Daytona-Evosports_rot.jpg?v=1668677102|role:hero || https://cdn.shopify.com/s/files/1/0076/8301/4754/products/Daytona-Evo-sports_blau.jpg?v=1668677102|role:construction detail || https://cdn.shopify.com/s/files/1/0076/8301/4754/products/Daytona-Evo-Sports_gun.jpg?v=1668677105|role:side profile,3,false,/products/daytona-evo-sports-boots,/products/daytona-evo-sports-boots
daytona-urban-boots,daytona-urban-boots,Daytona Urban Boots,Daytona Urban Boots,daytona-urban-boots,"The classic boots for purists. • robust, water-repellent greased rustic leather. • textile lining (80% polyamide, 20% polyester). • partly leather lined. • very comfortable entrance. Available in multiple sizes and/or colours — select your variant.","The classic boots for purists.<br><br>
<strong data-mce-fragment=""1"">Features:</strong>
<ul data-mce-fragment=""1"">
<li data-mce-fragment=""1"">robust, water-repellent greased rustic leather</li>
<li data-mce-fragment=""1"">textile lining (80% polyamide, 20% polyester)</li>
<li data-mce-fragment=""1"">partly leather lined</li>
<li data-mce-fragment=""1"">very comfortable entrance</li>
<li data-mce-fragment=""1"">ankle and shin protection, anatomically shaped, padded inside with open-cell special foam</li>
<li data-mce-fragment=""1"">plastic reinforced insole with hot-dip galvanized steel inlay &gt; torsion-resistant, yet easy to roll off</li>
<li data-mce-fragment=""1"">hard-wearing profiled rubber sole with decorative seam, robust and non-slip</li>
<li data-mce-fragment=""1"">shaft height: approx. 33 cm</li>
<li data-mce-fragment=""1"">sizes: 36 - 47</li>
</ul>","The classic boots for purists.

Features:

• robust, water-repellent greased rustic leather

• textile lining (80% polyamide, 20% polyester)

• partly leather lined

• very comfortable entrance

• ankle and shin protection, anatomically shaped, padded inside with open-cell special foam

• plastic reinforced insole with hot-dip galvanized steel inlay > torsion-resistant, yet easy to roll off

• hard-wearing profiled rubber sole with decorative seam, robust and non-slip

• shaft height: approx. 33 cm

• sizes: 36 - 47",54500,,2026-07-26,active,Daytona,5000,g,Buy Daytona Urban Boots | Mile 27 Store,"The classic boots for purists. robust, water-repellent greased rustic leather. textile lining (80% polyamide, 20% polyester). partly leather lined. very…","robust, water-repellent greased rustic leather | textile lining (80% polyamide, 20% polyester) | partly leather lined | very comfortable entrance",Cleaned noise; brand verified,High,false,Riding Gear > Riding Boots,High,"Mapped from Shopify Type ""Riding Boots""",daytona-urban-boots-1|Size:36|price:54500.00|compare:|weight:5000|barcode:|qty:0 | daytona-urban-boots-2|Size:37|price:54500.00|compare:|weight:5000|barcode:|qty:0 | daytona-urban-boots-3|Size:38|price:54500.00|compare:|weight:5000|barcode:|qty:0 | daytona-urban-boots-4|Size:39|price:54500.00|compare:|weight:5000|barcode:|qty:0 | daytona-urban-boots-5|Size:40|price:54500.00|compare:|weight:5000|barcode:|qty:0 | daytona-urban-boots-6|Size:41|price:54500.00|compare:|weight:5000|barcode:|qty:0 | daytona-urban-boots-7|Size:42|price:54500.00|compare:|weight:5000|barcode:|qty:0 | daytona-urban-boots-8|Size:43|price:54500.00|compare:|weight:5000|barcode:|qty:0 | daytona-urban-boots-9|Size:44|price:54500.00|compare:|weight:5000|barcode:|qty:0 | daytona-urban-boots-10|Size:45|price:54500.00|compare:|weight:5000|barcode:|qty:0 | daytona-urban-boots-11|Size:46|price:54500.00|compare:|weight:5000|barcode:|qty:0 | daytona-urban-boots-12|Size:47|price:54500.00|compare:|weight:5000|barcode:|qty:0,"daytona-urban-boots-1,daytona-urban-boots-2,daytona-urban-boots-3,daytona-urban-boots-4,daytona-urban-boots-5,daytona-urban-boots-6,daytona-urban-boots-7,daytona-urban-boots-8,daytona-urban-boots-9,daytona-urban-boots-10,daytona-urban-boots-11,daytona-urban-boots-12",12,https://cdn.shopify.com/s/files/1/0076/8301/4754/products/Daytona_Urban_Motorradstiefel_1.jpg?v=1668678735|pos:1|alt:Daytona Daytona Urban Boots – front view,1,Daytona Daytona Urban Boots – front view,use:commuting,1,Daytona Urban Boots,Daytona Urban Boots. The classic boots for purists.,"robust, water-repellent greased rustic leather. textile lining (80% polyamide, 20% polyester). partly leather lined.",,very comfortable entrance.,,Available in multiple sizes. Check the size guide before ordering.,Daytona Urban Boots — a riding Boot built to the specifications listed above.,true,draft,https://cdn.shopify.com/s/files/1/0076/8301/4754/products/Daytona_Urban_Motorradstiefel_1.jpg?v=1668678735|role:hero,1,false,/products/daytona-urban-boots,/products/daytona-urban-boots
daytona-road-star-touring-boots,daytona-road-star-touring-boots,Daytona Road Star Touring Boots,Daytona Road Star Touring Boots,daytona-road-star-touring-boots,Touring boots with perfect fit. The mature model in the medium price category. • soft special full cowhide. • foot leather lined. • textile lining in the shaft. • large calf adjustment with adhesive fasteners. Available in multiple sizes and/or colours — select your variant.,"Touring boots with perfect fit. The mature model in the medium price category.<br><br>
<strong data-mce-fragment=""1"">Features:</strong>
<ul data-mce-fragment=""1"">
<li data-mce-fragment=""1"">soft special full cowhide</li>
<li data-mce-fragment=""1"">foot leather lined</li>
<li data-mce-fragment=""1"">textile lining in the shaft</li>
<li data-mce-fragment=""1"">large calf adjustment with adhesive fasteners</li>
<li data-mce-fragment=""1"">two zippers for comfortable and easy access</li>
<li data-mce-fragment=""1"">abrasion-resistant PU-shift reinforcement</li>
<li data-mce-fragment=""1"">climate insole, anatomically shaped</li>
<li data-mce-fragment=""1"">double-sided ankle protection and wide shin guard, padded with latex foam on the inside</li>
<li data-mce-fragment=""1"">plastic-reinforced inner sole with hot-dip galvanized steel inlay, particularly torsion-resistant and yet easy to roll off</li>
<li data-mce-fragment=""1"">3M Scotchlite heel reflector</li>
<li data-mce-fragment=""1"">soft, non-slip rubber sole</li>
<li data-mce-fragment=""1"">shaft height: approx. 29 cm</li>
</ul>","Touring boots with perfect fit. The mature model in the medium price category.

Features:

• soft special full cowhide

• foot leather lined

• textile lining in the shaft

• large calf adjustment with adhesive fasteners

• two zippers for comfortable and easy access

• abrasion-resistant PU-shift reinforcement

• climate insole, anatomically shaped

• double-sided ankle protection and wide shin guard, padded with latex foam on the inside

• plastic-reinforced inner sole with hot-dip galvanized steel inlay, particularly torsion-resistant and yet easy to roll off

• 3M Scotchlite heel reflector

• soft, non-slip rubber sole

• shaft height: approx. 29 cm",47000,,2026-07-26,active,Daytona,5000,g,Buy Daytona Road Star Touring Boots | Mile 27 Store,Touring boots with perfect fit. The mature model in the medium price category. soft special full cowhide. foot leather lined. textile lining in the shaft.…,soft special full cowhide | foot leather lined | textile lining in the shaft | large calf adjustment with adhesive fasteners,Cleaned noise; brand verified,High,false,Riding Gear > Riding Boots,High,"Mapped from Shopify Type ""Riding Boots""",daytona-road-star-touring-boots-1|Size:36|price:47000.00|compare:|weight:5000|barcode:|qty:0 | daytona-road-star-touring-boots-2|Size:37|price:47000.00|compare:|weight:5000|barcode:|qty:0 | daytona-road-star-touring-boots-3|Size:38|price:47000.00|compare:|weight:5000|barcode:|qty:0 | daytona-road-star-touring-boots-4|Size:39|price:47000.00|compare:|weight:5000|barcode:|qty:0 | daytona-road-star-touring-boots-5|Size:40|price:47000.00|compare:|weight:5000|barcode:|qty:0 | daytona-road-star-touring-boots-6|Size:41|price:47000.00|compare:|weight:5000|barcode:|qty:0 | daytona-road-star-touring-boots-7|Size:42|price:47000.00|compare:|weight:5000|barcode:|qty:0 | daytona-road-star-touring-boots-8|Size:43|price:47000.00|compare:|weight:5000|barcode:|qty:0 | daytona-road-star-touring-boots-9|Size:44|price:47000.00|compare:|weight:5000|barcode:|qty:0 | daytona-road-star-touring-boots-10|Size:45|price:47000.00|compare:|weight:5000|barcode:|qty:0 | daytona-road-star-touring-boots-11|Size:46|price:47000.00|compare:|weight:5000|barcode:|qty:0 | daytona-road-star-touring-boots-12|Size:47|price:47000.00|compare:|weight:5000|barcode:|qty:0 | daytona-road-star-touring-boots-13|Size:48|price:47000.00|compare:|weight:5000|barcode:|qty:0 | daytona-road-star-touring-boots-14|Size:49|price:47000.00|compare:|weight:5000|barcode:|qty:0,"daytona-road-star-touring-boots-1,daytona-road-star-touring-boots-2,daytona-road-star-touring-boots-3,daytona-road-star-touring-boots-4,daytona-road-star-touring-boots-5,daytona-road-star-touring-boots-6,daytona-road-star-touring-boots-7,daytona-road-star-touring-boots-8,daytona-road-star-touring-boots-9,daytona-road-star-touring-boots-10,daytona-road-star-touring-boots-11,daytona-road-star-touring-boots-12,daytona-road-star-touring-boots-13,daytona-road-star-touring-boots-14",14,https://cdn.shopify.com/s/files/1/0076/8301/4754/products/Daytona-Road-Star.jpg?v=1668679004|pos:1|alt:Daytona Daytona Road Star Touring Boots – front view,1,Daytona Daytona Road Star Touring Boots – front view,use:touring,1,Daytona Road Star Touring Boots,Daytona Road Star Touring Boots. Touring boots with perfect fit.,foot leather lined. textile lining in the shaft.,,soft special full cowhide. large calf adjustment with adhesive fasteners.,,Available in multiple sizes. Check the size guide before ordering.,Daytona Road Star Touring Boots — a riding Boot built to the specifications listed above.,true,draft,https://cdn.shopify.com/s/files/1/0076/8301/4754/products/Daytona-Road-Star.jpg?v=1668679004|role:hero,1,false,/products/daytona-road-star-touring-boots,/products/daytona-road-star-touring-boots
daytona-speed-master-gp-ii-gp-boots,daytona-speed-master-gp-ii-gp-boots,Daytona Speed Master GP II GP Boots,Daytona Speed Master GP II GP Boots,daytona-speed-master-gp-ii-gp-boots,"The special boot for speedway, sand and grass track racing. With 2 zippers for even more comfortable entry. • full cow hide. • completely lined with fine leather. • 2 zippers on the back, covered with nylon fastener. • robust ankle and shin protection. Available in multiple sizes and/or colours — select your variant.","The special boot for speedway, sand and grass track racing. With 2 zippers for even more comfortable entry.<br><br>
<strong data-mce-fragment=""1"">Features:</strong>
<ul data-mce-fragment=""1"">
<li data-mce-fragment=""1"">full cow hide</li>
<li data-mce-fragment=""1"">completely lined with fine leather</li>
<li data-mce-fragment=""1"">2 zippers on the back, covered with nylon fastener</li>
<li data-mce-fragment=""1"">robust ankle and shin protection</li>
<li data-mce-fragment=""1"">latex ankle pads on both sides</li>
<li data-mce-fragment=""1"">right plastic reinforced insole with hot-dip galvanized steel inlay &gt; torsion-resistant, yet easy to roll off</li>
<li data-mce-fragment=""1"">climate insole, anatomically shaped</li>
<li data-mce-fragment=""1"">special sole right</li>
<li data-mce-fragment=""1"">left flat sole suitable for steel shoes</li>
<li data-mce-fragment=""1"">paragraph length variable</li>
<li data-mce-fragment=""1"">shaft height: approx. 34 cm</li>
</ul>","The special boot for speedway, sand and grass track racing. With 2 zippers for even more comfortable entry.

Features:

• full cow hide

• completely lined with fine leather

• 2 zippers on the back, covered with nylon fastener

• robust ankle and shin protection

• latex ankle pads on both sides

• right plastic reinforced insole with hot-dip galvanized steel inlay > torsion-resistant, yet easy to roll off

• climate insole, anatomically shaped

• special sole right

• left flat sole suitable for steel shoes

• paragraph length variable

• shaft height: approx. 34 cm",45500,,2026-07-26,active,Daytona,5000,g,Buy Daytona Speed Master GP II GP Boots | Mile 27 Store,"The special boot for speedway, sand and grass track racing. With 2 zippers for even more comfortable entry. full cow hide. completely lined with fine…","full cow hide | completely lined with fine leather | 2 zippers on the back, covered with nylon fastener | robust ankle and shin protection",Cleaned noise; brand verified,High,false,Riding Gear > Riding Boots,High,"Mapped from Shopify Type ""Riding Boots""",daytona-speed-master-gp-ii-gp-boots-1|Size:38:Colour:Black/Red|price:45500.00|compare:|weight:5000|barcode:|qty:0 | daytona-speed-master-gp-ii-gp-boots-2|Size:38:Colour:White/Blue|price:45500.00|compare:|weight:5000|barcode:|qty:0 | daytona-speed-master-gp-ii-gp-boots-3|Size:38:Colour:White/Red|price:45500.00|compare:|weight:5000|barcode:|qty:0 | daytona-speed-master-gp-ii-gp-boots-4|Size:38:Colour:White/Black|price:45500.00|compare:|weight:5000|barcode:|qty:0 | daytona-speed-master-gp-ii-gp-boots-5|Size:38:Colour:Red/Blue|price:45500.00|compare:|weight:5000|barcode:|qty:0 | daytona-speed-master-gp-ii-gp-boots-6|Size:38:Colour:Blue/Red|price:45500.00|compare:|weight:5000|barcode:|qty:0 | daytona-speed-master-gp-ii-gp-boots-7|Size:39:Colour:Black/Red|price:45500.00|compare:|weight:5000|barcode:|qty:0 | daytona-speed-master-gp-ii-gp-boots-8|Size:39:Colour:White/Blue|price:45500.00|compare:|weight:5000|barcode:|qty:0 | daytona-speed-master-gp-ii-gp-boots-9|Size:39:Colour:White/Red|price:45500.00|compare:|weight:5000|barcode:|qty:0 | daytona-speed-master-gp-ii-gp-boots-10|Size:39:Colour:White/Black|price:45500.00|compare:|weight:5000|barcode:|qty:0 | daytona-speed-master-gp-ii-gp-boots-11|Size:39:Colour:Red/Blue|price:45500.00|compare:|weight:5000|barcode:|qty:0 | daytona-speed-master-gp-ii-gp-boots-12|Size:39:Colour:Blue/Red|price:45500.00|compare:|weight:5000|barcode:|qty:0 | daytona-speed-master-gp-ii-gp-boots-13|Size:40:Colour:Black/Red|price:45500.00|compare:|weight:5000|barcode:|qty:0 | daytona-speed-master-gp-ii-gp-boots-14|Size:40:Colour:White/Blue|price:45500.00|compare:|weight:5000|barcode:|qty:0 | daytona-speed-master-gp-ii-gp-boots-15|Size:40:Colour:White/Red|price:45500.00|compare:|weight:5000|barcode:|qty:0 | daytona-speed-master-gp-ii-gp-boots-16|Size:40:Colour:White/Black|price:45500.00|compare:|weight:5000|barcode:|qty:0 | daytona-speed-master-gp-ii-gp-boots-17|Size:40:Colour:Red/Blue|price:45500.00|compare:|weight:5000|barcode:|qty:0 | daytona-speed-master-gp-ii-gp-boots-18|Size:40:Colour:Blue/Red|price:45500.00|compare:|weight:5000|barcode:|qty:0 | daytona-speed-master-gp-ii-gp-boots-19|Size:41:Colour:Black/Red|price:45500.00|compare:|weight:5000|barcode:|qty:0 | daytona-speed-master-gp-ii-gp-boots-20|Size:41:Colour:White/Blue|price:45500.00|compare:|weight:5000|barcode:|qty:0 | daytona-speed-master-gp-ii-gp-boots-21|Size:41:Colour:White/Red|price:45500.00|compare:|weight:5000|barcode:|qty:0 | daytona-speed-master-gp-ii-gp-boots-22|Size:41:Colour:White/Black|price:45500.00|compare:|weight:5000|barcode:|qty:0 | daytona-speed-master-gp-ii-gp-boots-23|Size:41:Colour:Red/Blue|price:45500.00|compare:|weight:5000|barcode:|qty:0 | daytona-speed-master-gp-ii-gp-boots-24|Size:41:Colour:Blue/Red|price:45500.00|compare:|weight:5000|barcode:|qty:0 | daytona-speed-master-gp-ii-gp-boots-25|Size:42:Colour:Black/Red|price:45500.00|compare:|weight:5000|barcode:|qty:0 | daytona-speed-master-gp-ii-gp-boots-26|Size:42:Colour:White/Blue|price:45500.00|compare:|weight:5000|barcode:|qty:0 | daytona-speed-master-gp-ii-gp-boots-27|Size:42:Colour:White/Red|price:45500.00|compare:|weight:5000|barcode:|qty:0 | daytona-speed-master-gp-ii-gp-boots-28|Size:42:Colour:White/Black|price:45500.00|compare:|weight:5000|barcode:|qty:0 | daytona-speed-master-gp-ii-gp-boots-29|Size:42:Colour:Red/Blue|price:45500.00|compare:|weight:5000|barcode:|qty:0 | daytona-speed-master-gp-ii-gp-boots-30|Size:42:Colour:Blue/Red|price:45500.00|compare:|weight:5000|barcode:|qty:0 | daytona-speed-master-gp-ii-gp-boots-31|Size:43:Colour:Black/Red|price:45500.00|compare:|weight:5000|barcode:|qty:0 | daytona-speed-master-gp-ii-gp-boots-32|Size:43:Colour:White/Blue|price:45500.00|compare:|weight:5000|barcode:|qty:0 | daytona-speed-master-gp-ii-gp-boots-33|Size:43:Colour:White/Red|price:45500.00|compare:|weight:5000|barcode:|qty:0 | daytona-speed-master-gp-ii-gp-boots-34|Size:43:Colour:White/Black|price:45500.00|compare:|weight:5000|barcode:|qty:0 | daytona-speed-master-gp-ii-gp-boots-35|Size:43:Colour:Red/Blue|price:45500.00|compare:|weight:5000|barcode:|qty:0 | daytona-speed-master-gp-ii-gp-boots-36|Size:43:Colour:Blue/Red|price:45500.00|compare:|weight:5000|barcode:|qty:0 | daytona-speed-master-gp-ii-gp-boots-37|Size:44:Colour:Black/Red|price:45500.00|compare:|weight:5000|barcode:|qty:0 | daytona-speed-master-gp-ii-gp-boots-38|Size:44:Colour:White/Blue|price:45500.00|compare:|weight:5000|barcode:|qty:0 | daytona-speed-master-gp-ii-gp-boots-39|Size:44:Colour:White/Red|price:45500.00|compare:|weight:5000|barcode:|qty:0 | daytona-speed-master-gp-ii-gp-boots-40|Size:44:Colour:White/Black|price:45500.00|compare:|weight:5000|barcode:|qty:0 | daytona-speed-master-gp-ii-gp-boots-41|Size:44:Colour:Red/Blue|price:45500.00|compare:|weight:5000|barcode:|qty:0 | daytona-speed-master-gp-ii-gp-boots-42|Size:44:Colour:Blue/Red|price:45500.00|compare:|weight:5000|barcode:|qty:0 | daytona-speed-master-gp-ii-gp-boots-43|Size:45:Colour:Black/Red|price:45500.00|compare:|weight:5000|barcode:|qty:0 | daytona-speed-master-gp-ii-gp-boots-44|Size:45:Colour:White/Blue|price:45500.00|compare:|weight:5000|barcode:|qty:0 | daytona-speed-master-gp-ii-gp-boots-45|Size:45:Colour:White/Red|price:45500.00|compare:|weight:5000|barcode:|qty:0 | daytona-speed-master-gp-ii-gp-boots-46|Size:45:Colour:White/Black|price:45500.00|compare:|weight:5000|barcode:|qty:0 | daytona-speed-master-gp-ii-gp-boots-47|Size:45:Colour:Red/Blue|price:45500.00|compare:|weight:5000|barcode:|qty:0 | daytona-speed-master-gp-ii-gp-boots-48|Size:45:Colour:Blue/Red|price:45500.00|compare:|weight:5000|barcode:|qty:0 | daytona-speed-master-gp-ii-gp-boots-49|Size:46:Colour:Black/Red|price:45500.00|compare:|weight:5000|barcode:|qty:0 | daytona-speed-master-gp-ii-gp-boots-50|Size:46:Colour:White/Blue|price:45500.00|compare:|weight:5000|barcode:|qty:0 | daytona-speed-master-gp-ii-gp-boots-51|Size:46:Colour:White/Red|price:45500.00|compare:|weight:5000|barcode:|qty:0 | daytona-speed-master-gp-ii-gp-boots-52|Size:46:Colour:White/Black|price:45500.00|compare:|weight:5000|barcode:|qty:0 | daytona-speed-master-gp-ii-gp-boots-53|Size:46:Colour:Red/Blue|price:45500.00|compare:|weight:5000|barcode:|qty:0 | daytona-speed-master-gp-ii-gp-boots-54|Size:46:Colour:Blue/Red|price:45500.00|compare:|weight:5000|barcode:|qty:0 | daytona-speed-master-gp-ii-gp-boots-55|Size:47:Colour:Black/Red|price:45500.00|compare:|weight:5000|barcode:|qty:0 | daytona-speed-master-gp-ii-gp-boots-56|Size:47:Colour:White/Blue|price:45500.00|compare:|weight:5000|barcode:|qty:0 | daytona-speed-master-gp-ii-gp-boots-57|Size:47:Colour:White/Red|price:45500.00|compare:|weight:5000|barcode:|qty:0 | daytona-speed-master-gp-ii-gp-boots-58|Size:47:Colour:White/Black|price:45500.00|compare:|weight:5000|barcode:|qty:0 | daytona-speed-master-gp-ii-gp-boots-59|Size:47:Colour:Red/Blue|price:45500.00|compare:|weight:5000|barcode:|qty:0 | daytona-speed-master-gp-ii-gp-boots-60|Size:47:Colour:Blue/Red|price:45500.00|compare:|weight:5000|barcode:|qty:0,"daytona-speed-master-gp-ii-gp-boots-1,daytona-speed-master-gp-ii-gp-boots-2,daytona-speed-master-gp-ii-gp-boots-3,daytona-speed-master-gp-ii-gp-boots-4,daytona-speed-master-gp-ii-gp-boots-5,daytona-speed-master-gp-ii-gp-boots-6,daytona-speed-master-gp-ii-gp-boots-7,daytona-speed-master-gp-ii-gp-boots-8,daytona-speed-master-gp-ii-gp-boots-9,daytona-speed-master-gp-ii-gp-boots-10,daytona-speed-master-gp-ii-gp-boots-11,daytona-speed-master-gp-ii-gp-boots-12,daytona-speed-master-gp-ii-gp-boots-13,daytona-speed-master-gp-ii-gp-boots-14,daytona-speed-master-gp-ii-gp-boots-15,daytona-speed-master-gp-ii-gp-boots-16,daytona-speed-master-gp-ii-gp-boots-17,daytona-speed-master-gp-ii-gp-boots-18,daytona-speed-master-gp-ii-gp-boots-19,daytona-speed-master-gp-ii-gp-boots-20,daytona-speed-master-gp-ii-gp-boots-21,daytona-speed-master-gp-ii-gp-boots-22,daytona-speed-master-gp-ii-gp-boots-23,daytona-speed-master-gp-ii-gp-boots-24,daytona-speed-master-gp-ii-gp-boots-25,daytona-speed-master-gp-ii-gp-boots-26,daytona-speed-master-gp-ii-gp-boots-27,daytona-speed-master-gp-ii-gp-boots-28,daytona-speed-master-gp-ii-gp-boots-29,daytona-speed-master-gp-ii-gp-boots-30,daytona-speed-master-gp-ii-gp-boots-31,daytona-speed-master-gp-ii-gp-boots-32,daytona-speed-master-gp-ii-gp-boots-33,daytona-speed-master-gp-ii-gp-boots-34,daytona-speed-master-gp-ii-gp-boots-35,daytona-speed-master-gp-ii-gp-boots-36,daytona-speed-master-gp-ii-gp-boots-37,daytona-speed-master-gp-ii-gp-boots-38,daytona-speed-master-gp-ii-gp-boots-39,daytona-speed-master-gp-ii-gp-boots-40,daytona-speed-master-gp-ii-gp-boots-41,daytona-speed-master-gp-ii-gp-boots-42,daytona-speed-master-gp-ii-gp-boots-43,daytona-speed-master-gp-ii-gp-boots-44,daytona-speed-master-gp-ii-gp-boots-45,daytona-speed-master-gp-ii-gp-boots-46,daytona-speed-master-gp-ii-gp-boots-47,daytona-speed-master-gp-ii-gp-boots-48,daytona-speed-master-gp-ii-gp-boots-49,daytona-speed-master-gp-ii-gp-boots-50,daytona-speed-master-gp-ii-gp-boots-51,daytona-speed-master-gp-ii-gp-boots-52,daytona-speed-master-gp-ii-gp-boots-53,daytona-speed-master-gp-ii-gp-boots-54,daytona-speed-master-gp-ii-gp-boots-55,daytona-speed-master-gp-ii-gp-boots-56,daytona-speed-master-gp-ii-gp-boots-57,daytona-speed-master-gp-ii-gp-boots-58,daytona-speed-master-gp-ii-gp-boots-59,daytona-speed-master-gp-ii-gp-boots-60",60,https://cdn.shopify.com/s/files/1/0076/8301/4754/products/Daytona-Speed_MasterII-GP-a_1.jpg?v=1668679468|pos:1|alt:Daytona Daytona Speed Master GP II GP Boots – front view || https://cdn.shopify.com/s/files/1/0076/8301/4754/products/Daytona-Speed_MasterII-GP-b.jpg?v=1668679467|pos:2|alt:Daytona Daytona Speed Master GP II GP Boots – side view || https://cdn.shopify.com/s/files/1/0076/8301/4754/products/Daytona-Speed_MasterII-GP-e.jpg?v=1668679471|pos:3|alt:Daytona Daytona Speed Master GP II GP Boots – rear view || https://cdn.shopify.com/s/files/1/0076/8301/4754/products/Daytona-Speed_MasterII-GP-s.jpg?v=1668679467|pos:4|alt:Daytona Daytona Speed Master GP II GP Boots – detail view || https://cdn.shopify.com/s/files/1/0076/8301/4754/products/Daytona-Speed_MasterII-GP-d.jpg?v=1668679468|pos:5|alt:Daytona Daytona Speed Master GP II GP Boots – top view || https://cdn.shopify.com/s/files/1/0076/8301/4754/products/Daytona-Speed_MasterII-GP-r.jpg?v=1668679471|pos:6|alt:Daytona Daytona Speed Master GP II GP Boots – product view,6,Daytona Daytona Speed Master GP II GP Boots – front view | Daytona Daytona Speed Master GP II GP Boots – side view | Daytona Daytona Speed Master GP II GP Boots – rear view | Daytona Daytona Speed Master GP II GP Boots – detail view | Daytona Daytona Speed Master GP II GP Boots – top view | Daytona Daytona Speed Master GP II GP Boots – product view,,0,Daytona Speed Master GP II GP Boots,"Daytona Speed Master GP II GP Boots. The special boot for speedway, sand and grass track racing.","completely lined with fine leather. 2 zippers on the back, covered with nylon fastener.",,full cow hide. robust ankle and shin protection.,,Available in multiple sizes. Check the size guide before ordering.,Daytona Speed Master GP II GP Boots — a riding Boot built to the specifications listed above.,true,draft,https://cdn.shopify.com/s/files/1/0076/8301/4754/products/Daytona-Speed_MasterII-GP-a_1.jpg?v=1668679468|role:hero || https://cdn.shopify.com/s/files/1/0076/8301/4754/products/Daytona-Speed_MasterII-GP-b.jpg?v=1668679467|role:construction detail || https://cdn.shopify.com/s/files/1/0076/8301/4754/products/Daytona-Speed_MasterII-GP-e.jpg?v=1668679471|role:side profile,3,false,/products/daytona-speed-master-gp-ii-gp-boots,/products/daytona-speed-master-gp-ii-gp-boots
daytona-classic-oldtimer-boots,daytona-classic-oldtimer-boots,Daytona Classic Oldtimer Boots,Daytona Classic Oldtimer Boots,daytona-classic-oldtimer-boots,"A classic boot of the 60's, design and equipment like in the good old days. • cow hide. • completely leather lined. • rear metal zipper. • two buckle closures. Available in multiple sizes and/or colours — select your variant.","A classic boot of the 60's, design and equipment like in the good old days.<br><br>
<strong data-mce-fragment=""1"">Features:</strong>
<ul data-mce-fragment=""1"">
<li data-mce-fragment=""1"">cow hide</li>
<li data-mce-fragment=""1"">completely leather lined</li>
<li data-mce-fragment=""1"">rear metal zipper</li>
<li data-mce-fragment=""1"">two buckle closures</li>
<li data-mce-fragment=""1"">switching reinforcement made of leather</li>
<li data-mce-fragment=""1"">climate insole, anatomically shaped</li>
<li data-mce-fragment=""1"">insole with hot-dip galvanized steel inlay, especially torsion-resistant, yet easy to roll off</li>
<li data-mce-fragment=""1"">soft rubber sole</li>
<li data-mce-fragment=""1"">shaft height: approx. 33 cm</li>
<li data-mce-fragment=""1"">sizes: 39 - 47</li>
</ul>","A classic boot of the 60's, design and equipment like in the good old days.

Features:

• cow hide

• completely leather lined

• rear metal zipper

• two buckle closures

• switching reinforcement made of leather

• climate insole, anatomically shaped

• insole with hot-dip galvanized steel inlay, especially torsion-resistant, yet easy to roll off

• soft rubber sole

• shaft height: approx. 33 cm

• sizes: 39 - 47",40500,,2026-07-26,active,Daytona,5000,g,Buy Daytona Classic Oldtimer Boots | Mile 27 Store,"A classic boot of the 60's, design and equipment like in the good old days. cow hide. completely leather lined. rear metal zipper. two buckle closures.",cow hide | completely leather lined | rear metal zipper | two buckle closures,Cleaned noise; brand verified,High,false,Riding Gear > Riding Boots,High,"Mapped from Shopify Type ""Riding Boots""",daytona-classic-oldtimer-boots-1|Size:39|price:40500.00|compare:|weight:5000|barcode:|qty:0 | daytona-classic-oldtimer-boots-2|Size:40|price:40500.00|compare:|weight:5000|barcode:|qty:0 | daytona-classic-oldtimer-boots-3|Size:41|price:40500.00|compare:|weight:5000|barcode:|qty:0 | daytona-classic-oldtimer-boots-4|Size:42|price:40500.00|compare:|weight:5000|barcode:|qty:0 | daytona-classic-oldtimer-boots-5|Size:43|price:40500.00|compare:|weight:5000|barcode:|qty:0 | daytona-classic-oldtimer-boots-6|Size:44|price:40500.00|compare:|weight:5000|barcode:|qty:0 | daytona-classic-oldtimer-boots-7|Size:45|price:40500.00|compare:|weight:5000|barcode:|qty:0 | daytona-classic-oldtimer-boots-8|Size:46|price:40500.00|compare:|weight:5000|barcode:|qty:0 | daytona-classic-oldtimer-boots-9|Size:47|price:40500.00|compare:|weight:5000|barcode:|qty:0,"daytona-classic-oldtimer-boots-1,daytona-classic-oldtimer-boots-2,daytona-classic-oldtimer-boots-3,daytona-classic-oldtimer-boots-4,daytona-classic-oldtimer-boots-5,daytona-classic-oldtimer-boots-6,daytona-classic-oldtimer-boots-7,daytona-classic-oldtimer-boots-8,daytona-classic-oldtimer-boots-9",9,https://cdn.shopify.com/s/files/1/0076/8301/4754/products/Daytona-Classic-Oldtimer.jpg?v=1668679787|pos:1|alt:Daytona Daytona Classic Oldtimer Boots – front view,1,Daytona Daytona Classic Oldtimer Boots – front view,,0,Daytona Classic Oldtimer Boots,"Daytona Classic Oldtimer Boots. A classic boot of the 60's, design and equipment like in the good old days.",completely leather lined.,,cow hide. rear metal zipper. two buckle closures.,,Available in multiple sizes. Check the size guide before ordering.,Daytona Classic Oldtimer Boots — a riding Boot built to the specifications listed above.,true,draft,https://cdn.shopify.com/s/files/1/0076/8301/4754/products/Daytona-Classic-Oldtimer.jpg?v=1668679787|role:hero,1,false,/products/daytona-classic-oldtimer-boots,/products/daytona-classic-oldtimer-boots
daytona-flash-boots,daytona-flash-boots,Daytona Flash Boots,Daytona Flash Boots,daytona-flash-boots,The inexpensive beginner with high shaft. • soft cowhide. • foot leather lined. • textile lining in the shaft. • zipper covered with leather splashproof. Available in multiple sizes and/or colours — select your variant.,"The inexpensive beginner with high shaft.<br><br>
<strong data-mce-fragment=""1"">Features:</strong>
<ul data-mce-fragment=""1"">
<li data-mce-fragment=""1"">soft cowhide</li>
<li data-mce-fragment=""1"">foot leather lined</li>
<li data-mce-fragment=""1"">textile lining in the shaft</li>
<li data-mce-fragment=""1"">zipper covered with leather splashproof</li>
<li data-mce-fragment=""1"">adhesive closure for individual calf widths</li>
<li data-mce-fragment=""1"">abrasion-resistant PU-shift reinforcement</li>
<li data-mce-fragment=""1"">highly elastic zones at instep and heel</li>
<li data-mce-fragment=""1"">climate insole, anatomically shaped</li>
<li data-mce-fragment=""1"">shin guard, padded inside</li>
<li data-mce-fragment=""1"">ankle protection on both sides, padded inside with latex foam</li>
<li data-mce-fragment=""1"">plastic-reinforced inner sole with hot-dip galvanized steel inlay, particularly torsion-resistant and yet easy to roll</li>
<li data-mce-fragment=""1"">3M Scotchlite heel reflector</li>
<li data-mce-fragment=""1"">soft, non-slip rubber sole</li>
<li data-mce-fragment=""1"">shaft height: approx. 34 cm</li>
</ul>","The inexpensive beginner with high shaft.

Features:

• soft cowhide

• foot leather lined

• textile lining in the shaft

• zipper covered with leather splashproof

• adhesive closure for individual calf widths

• abrasion-resistant PU-shift reinforcement

• highly elastic zones at instep and heel

• climate insole, anatomically shaped

• shin guard, padded inside

• ankle protection on both sides, padded inside with latex foam

• plastic-reinforced inner sole with hot-dip galvanized steel inlay, particularly torsion-resistant and yet easy to roll

• 3M Scotchlite heel reflector

• soft, non-slip rubber sole

• shaft height: approx. 34 cm",35500,,2026-07-26,active,Daytona,5000,g,Buy Daytona Flash Boots | Mile 27 Store,The inexpensive beginner with high shaft. soft cowhide. foot leather lined. textile lining in the shaft. zipper covered with leather splashproof.,soft cowhide | foot leather lined | textile lining in the shaft | zipper covered with leather splashproof,Cleaned noise; brand verified,High,false,Riding Gear > Riding Boots,High,"Mapped from Shopify Type ""Riding Boots""",daytona-flash-boots-1|Size:36|price:35500.00|compare:|weight:5000|barcode:|qty:0 | daytona-flash-boots-2|Size:37|price:35500.00|compare:|weight:5000|barcode:|qty:0 | daytona-flash-boots-3|Size:38|price:35500.00|compare:|weight:5000|barcode:|qty:0 | daytona-flash-boots-4|Size:39|price:35500.00|compare:|weight:5000|barcode:|qty:0 | daytona-flash-boots-5|Size:40|price:35500.00|compare:|weight:5000|barcode:|qty:0 | daytona-flash-boots-6|Size:41|price:35500.00|compare:|weight:5000|barcode:|qty:0 | daytona-flash-boots-7|Size:42|price:35500.00|compare:|weight:5000|barcode:|qty:0 | daytona-flash-boots-8|Size:43|price:35500.00|compare:|weight:5000|barcode:|qty:0 | daytona-flash-boots-9|Size:44|price:35500.00|compare:|weight:5000|barcode:|qty:0 | daytona-flash-boots-10|Size:45|price:35500.00|compare:|weight:5000|barcode:|qty:0 | daytona-flash-boots-11|Size:46|price:35500.00|compare:|weight:5000|barcode:|qty:0 | daytona-flash-boots-12|Size:47|price:35500.00|compare:|weight:5000|barcode:|qty:0 | daytona-flash-boots-13|Size:48|price:35500.00|compare:|weight:5000|barcode:|qty:0 | daytona-flash-boots-14|Size:49|price:35500.00|compare:|weight:5000|barcode:|qty:0,"daytona-flash-boots-1,daytona-flash-boots-2,daytona-flash-boots-3,daytona-flash-boots-4,daytona-flash-boots-5,daytona-flash-boots-6,daytona-flash-boots-7,daytona-flash-boots-8,daytona-flash-boots-9,daytona-flash-boots-10,daytona-flash-boots-11,daytona-flash-boots-12,daytona-flash-boots-13,daytona-flash-boots-14",14,https://cdn.shopify.com/s/files/1/0076/8301/4754/products/Daytona-flash.jpg?v=1668680310|pos:1|alt:Daytona Daytona Flash Boots – front view,1,Daytona Daytona Flash Boots – front view,,0,Daytona Flash Boots,Daytona Flash Boots. The inexpensive beginner with high shaft.,foot leather lined. textile lining in the shaft. zipper covered with leather splashproof.,,soft cowhide.,,Available in multiple sizes. Check the size guide before ordering.,Daytona Flash Boots — a riding Boot built to the specifications listed above.,true,draft,https://cdn.shopify.com/s/files/1/0076/8301/4754/products/Daytona-flash.jpg?v=1668680310|role:hero,1,false,/products/daytona-flash-boots,/products/daytona-flash-boots
daytona-ac-pro-boots,daytona-ac-pro-boots,Daytona AC Pro Boots,Daytona AC Pro Boots,daytona-ac-pro-boots,"The sneaker boot made entirely of leather. • material mix of smooth leather and nubuck leather, partly perforated. • laces plus velcro cover. • elastic, pleasantly soft shaft edge. • textile lining (100 % polyester). Available in multiple sizes and/or colours — select your variant.","The sneaker boot made entirely of leather.<br><br>
<strong data-mce-fragment=""1"">Features:</strong>
<ul data-mce-fragment=""1"">
<li data-mce-fragment=""1"">material mix of smooth leather and nubuck leather, partly perforated</li>
<li data-mce-fragment=""1"">laces plus velcro cover</li>
<li data-mce-fragment=""1"">elastic, pleasantly soft shaft edge</li>
<li data-mce-fragment=""1"">textile lining (100 % polyester)</li>
<li data-mce-fragment=""1"">tightening aid for easy access</li>
<li data-mce-fragment=""1"">climate insole, anatomically shaped</li>
<li data-mce-fragment=""1"">bilateral knuckle protection</li>
<li data-mce-fragment=""1"">at the ankle inside padded with open-cell special foam</li>
<li data-mce-fragment=""1"">abrasion-resistant PU-shift reinforcement</li>
<li data-mce-fragment=""1"">thanks to plastic reinforced inner sole with hot-dip galvanized steel inlay, particularly torsion-resistant and yet easy to roll</li>
<li data-mce-fragment=""1"">non-slip rubber sports sole in carbon look</li>
<li data-mce-fragment=""1"">titanium slider, replaceable</li>
<li data-mce-fragment=""1"">shaft height: approx. 13 cm</li>
<li data-mce-fragment=""1"">sizes: 36 - 49</li>
</ul>
<h3>ADDITIONAL PRODUCT INFORMATION</h3>
<div data-mce-fragment=""1"">
<table class=""UserAttributes"" data-mce-fragment=""1"">
<tbody data-mce-fragment=""1"">
<tr data-mce-fragment=""1"">
<td class=""AttributeLabel VerticalAlignMiddle"" data-mce-fragment=""1"">Material</td>
<td class=""AttributeContent"" data-mce-fragment=""1"">Leather</td>
</tr>
</tbody>
</table>
</div>","The sneaker boot made entirely of leather.

Features:

• material mix of smooth leather and nubuck leather, partly perforated

• laces plus velcro cover

• elastic, pleasantly soft shaft edge

• textile lining (100 % polyester)

• tightening aid for easy access

• climate insole, anatomically shaped

• bilateral knuckle protection

• at the ankle inside padded with open-cell special foam

• abrasion-resistant PU-shift reinforcement

• thanks to plastic reinforced inner sole with hot-dip galvanized steel inlay, particularly torsion-resistant and yet easy to roll

• non-slip rubber sports sole in carbon look

• titanium slider, replaceable

• shaft height: approx. 13 cm

• sizes: 36 - 49

ADDITIONAL PRODUCT INFORMATION

Material | 
Leather |",34500,,2026-07-26,active,Daytona,5000,g,Buy Daytona AC Pro Boots | Mile 27 Store,"The sneaker boot made entirely of leather. material mix of smooth leather and nubuck leather, partly perforated. laces plus velcro cover. elastic,…","material mix of smooth leather and nubuck leather, partly perforated | laces plus velcro cover | elastic, pleasantly soft shaft edge | textile lining (100 % polyester)",Cleaned noise; brand verified,High,false,Riding Gear > Riding Boots,High,"Mapped from Shopify Type ""Riding Boots""",daytona-ac-pro-boots-1|Size:36|price:34500.00|compare:|weight:5000|barcode:|qty:0 | daytona-ac-pro-boots-2|Size:37|price:34500.00|compare:|weight:5000|barcode:|qty:0 | daytona-ac-pro-boots-3|Size:38|price:34500.00|compare:|weight:5000|barcode:|qty:0 | daytona-ac-pro-boots-4|Size:39|price:34500.00|compare:|weight:5000|barcode:|qty:0 | daytona-ac-pro-boots-5|Size:40|price:34500.00|compare:|weight:5000|barcode:|qty:0 | daytona-ac-pro-boots-6|Size:41|price:34500.00|compare:|weight:5000|barcode:|qty:0 | daytona-ac-pro-boots-7|Size:42|price:34500.00|compare:|weight:5000|barcode:|qty:0 | daytona-ac-pro-boots-8|Size:43|price:34500.00|compare:|weight:5000|barcode:|qty:0 | daytona-ac-pro-boots-9|Size:44|price:34500.00|compare:|weight:5000|barcode:|qty:0 | daytona-ac-pro-boots-10|Size:45|price:34500.00|compare:|weight:5000|barcode:|qty:0 | daytona-ac-pro-boots-11|Size:46|price:34500.00|compare:|weight:5000|barcode:|qty:0 | daytona-ac-pro-boots-12|Size:47|price:34500.00|compare:|weight:5000|barcode:|qty:0 | daytona-ac-pro-boots-13|Size:48|price:34500.00|compare:|weight:5000|barcode:|qty:0 | daytona-ac-pro-boots-14|Size:49|price:34500.00|compare:|weight:5000|barcode:|qty:0,"daytona-ac-pro-boots-1,daytona-ac-pro-boots-2,daytona-ac-pro-boots-3,daytona-ac-pro-boots-4,daytona-ac-pro-boots-5,daytona-ac-pro-boots-6,daytona-ac-pro-boots-7,daytona-ac-pro-boots-8,daytona-ac-pro-boots-9,daytona-ac-pro-boots-10,daytona-ac-pro-boots-11,daytona-ac-pro-boots-12,daytona-ac-pro-boots-13,daytona-ac-pro-boots-14",14,https://cdn.shopify.com/s/files/1/0076/8301/4754/products/AC-Pro-re_1.jpg?v=1668680737|pos:1|alt:Daytona Daytona AC Pro Boots – front view || https://cdn.shopify.com/s/files/1/0076/8301/4754/products/AC-Pro-li_1.jpg?v=1668680736|pos:2|alt:Daytona Daytona AC Pro Boots – side view,2,Daytona Daytona AC Pro Boots – front view | Daytona Daytona AC Pro Boots – side view,,0,Daytona AC Pro Boots,Daytona AC Pro Boots. The sneaker boot made entirely of leather.,"material mix of smooth leather and nubuck leather, partly perforated. textile lining (100 % polyester).",,"laces plus velcro cover. elastic, pleasantly soft shaft edge.",,Available in multiple sizes. Check the size guide before ordering.,Daytona AC Pro Boots — a riding Boot built to the specifications listed above.,true,draft,https://cdn.shopify.com/s/files/1/0076/8301/4754/products/AC-Pro-re_1.jpg?v=1668680737|role:hero || https://cdn.shopify.com/s/files/1/0076/8301/4754/products/AC-Pro-li_1.jpg?v=1668680736|role:construction detail,2,false,/products/daytona-ac-pro-boots,/products/daytona-ac-pro-boots
daytona-winner-boots,daytona-winner-boots,Daytona Winner Boots,Daytona Winner Boots,daytona-winner-boots,The Daytona Winner are sports boots with practical safety features. • full-grain calf nappa leather. • completely lined with fine leather. • large calf adjustment with adhesive closure. • soft-fitted cuff. Available in multiple sizes and/or colours — select your variant.,"The Daytona Winner are sports boots with practical safety features.<br><br>
<strong data-mce-fragment=""1"">Features:</strong>
<ul data-mce-fragment=""1"">
<li data-mce-fragment=""1"">full-grain calf nappa leather</li>
<li data-mce-fragment=""1"">completely lined with fine leather</li>
<li data-mce-fragment=""1"">large calf adjustment with adhesive closure</li>
<li data-mce-fragment=""1"">soft-fitted cuff</li>
<li data-mce-fragment=""1"">abrasion-resistant PU-shift reinforcement</li>
<li data-mce-fragment=""1"">climate insole, anatomically shaped</li>
<li data-mce-fragment=""1"">anatomically shaped ankle and shin protection</li>
<li data-mce-fragment=""1"">latex padding on ankle, instep and shin</li>
<li data-mce-fragment=""1"">plastic reinforced insole with hot-dip galvanized steel inlay &gt; torsion-resistant, yet easy to roll off</li>
<li data-mce-fragment=""1"">aramid intermediate layer in toe and ball area</li>
<li data-mce-fragment=""1"">non-slip special racing sole with extremely rounded heel edges</li>
<li data-mce-fragment=""1"">replaceable sliders made of highly abrasion-resistant plastic</li>
<li data-mce-fragment=""1"">shaft height: approx. 31 cm</li>
</ul>","The Daytona Winner are sports boots with practical safety features.

Features:

• full-grain calf nappa leather

• completely lined with fine leather

• large calf adjustment with adhesive closure

• soft-fitted cuff

• abrasion-resistant PU-shift reinforcement

• climate insole, anatomically shaped

• anatomically shaped ankle and shin protection

• latex padding on ankle, instep and shin

• plastic reinforced insole with hot-dip galvanized steel inlay > torsion-resistant, yet easy to roll off

• aramid intermediate layer in toe and ball area

• non-slip special racing sole with extremely rounded heel edges

• replaceable sliders made of highly abrasion-resistant plastic

• shaft height: approx. 31 cm",47500,,2026-07-26,active,Daytona,5000,g,Buy Daytona Winner Boots | Mile 27 Store,The Daytona Winner are sports boots with practical safety features. full-grain calf nappa leather. completely lined with fine leather. large calf…,full-grain calf nappa leather | completely lined with fine leather | large calf adjustment with adhesive closure | soft-fitted cuff,Cleaned noise; brand verified,High,false,Riding Gear > Riding Boots,High,"Mapped from Shopify Type ""Riding Boots""",daytona-winner-boots-1|Size:36:Colour:Black|price:47500.00|compare:|weight:5000|barcode:|qty:0 | daytona-winner-boots-2|Size:36:Colour:Red|price:47500.00|compare:|weight:5000|barcode:|qty:0 | daytona-winner-boots-3|Size:36:Colour:Blue|price:47500.00|compare:|weight:5000|barcode:|qty:0 | daytona-winner-boots-4|Size:37:Colour:Black|price:47500.00|compare:|weight:5000|barcode:|qty:0 | daytona-winner-boots-5|Size:37:Colour:Red|price:47500.00|compare:|weight:5000|barcode:|qty:0 | daytona-winner-boots-6|Size:37:Colour:Blue|price:47500.00|compare:|weight:5000|barcode:|qty:0 | daytona-winner-boots-7|Size:38:Colour:Black|price:47500.00|compare:|weight:5000|barcode:|qty:0 | daytona-winner-boots-8|Size:38:Colour:Red|price:47500.00|compare:|weight:5000|barcode:|qty:0 | daytona-winner-boots-9|Size:38:Colour:Blue|price:47500.00|compare:|weight:5000|barcode:|qty:0 | daytona-winner-boots-10|Size:39:Colour:Black|price:47500.00|compare:|weight:5000|barcode:|qty:0 | daytona-winner-boots-11|Size:39:Colour:Red|price:47500.00|compare:|weight:5000|barcode:|qty:0 | daytona-winner-boots-12|Size:39:Colour:Blue|price:47500.00|compare:|weight:5000|barcode:|qty:0 | daytona-winner-boots-13|Size:40:Colour:Black|price:47500.00|compare:|weight:5000|barcode:|qty:0 | daytona-winner-boots-14|Size:40:Colour:Red|price:47500.00|compare:|weight:5000|barcode:|qty:0 | daytona-winner-boots-15|Size:40:Colour:Blue|price:47500.00|compare:|weight:5000|barcode:|qty:0 | daytona-winner-boots-16|Size:41:Colour:Black|price:47500.00|compare:|weight:5000|barcode:|qty:0 | daytona-winner-boots-17|Size:41:Colour:Red|price:47500.00|compare:|weight:5000|barcode:|qty:0 | daytona-winner-boots-18|Size:41:Colour:Blue|price:47500.00|compare:|weight:5000|barcode:|qty:0 | daytona-winner-boots-19|Size:42:Colour:Black|price:47500.00|compare:|weight:5000|barcode:|qty:0 | daytona-winner-boots-20|Size:42:Colour:Red|price:47500.00|compare:|weight:5000|barcode:|qty:0 | daytona-winner-boots-21|Size:42:Colour:Blue|price:47500.00|compare:|weight:5000|barcode:|qty:0 | daytona-winner-boots-22|Size:43:Colour:Black|price:47500.00|compare:|weight:5000|barcode:|qty:0 | daytona-winner-boots-23|Size:43:Colour:Red|price:47500.00|compare:|weight:5000|barcode:|qty:0 | daytona-winner-boots-24|Size:43:Colour:Blue|price:47500.00|compare:|weight:5000|barcode:|qty:0 | daytona-winner-boots-25|Size:44:Colour:Black|price:47500.00|compare:|weight:5000|barcode:|qty:0 | daytona-winner-boots-26|Size:44:Colour:Red|price:47500.00|compare:|weight:5000|barcode:|qty:0 | daytona-winner-boots-27|Size:44:Colour:Blue|price:47500.00|compare:|weight:5000|barcode:|qty:0 | daytona-winner-boots-28|Size:45:Colour:Black|price:47500.00|compare:|weight:5000|barcode:|qty:0 | daytona-winner-boots-29|Size:45:Colour:Red|price:47500.00|compare:|weight:5000|barcode:|qty:0 | daytona-winner-boots-30|Size:45:Colour:Blue|price:47500.00|compare:|weight:5000|barcode:|qty:0 | daytona-winner-boots-31|Size:46:Colour:Black|price:47500.00|compare:|weight:5000|barcode:|qty:0 | daytona-winner-boots-32|Size:46:Colour:Red|price:47500.00|compare:|weight:5000|barcode:|qty:0 | daytona-winner-boots-33|Size:46:Colour:Blue|price:47500.00|compare:|weight:5000|barcode:|qty:0 | daytona-winner-boots-34|Size:47:Colour:Black|price:47500.00|compare:|weight:5000|barcode:|qty:0 | daytona-winner-boots-35|Size:47:Colour:Red|price:47500.00|compare:|weight:5000|barcode:|qty:0 | daytona-winner-boots-36|Size:47:Colour:Blue|price:47500.00|compare:|weight:5000|barcode:|qty:0 | daytona-winner-boots-37|Size:48:Colour:Black|price:47500.00|compare:|weight:5000|barcode:|qty:0 | daytona-winner-boots-38|Size:48:Colour:Red|price:47500.00|compare:|weight:5000|barcode:|qty:0 | daytona-winner-boots-39|Size:48:Colour:Blue|price:47500.00|compare:|weight:5000|barcode:|qty:0 | daytona-winner-boots-40|Size:49:Colour:Black|price:47500.00|compare:|weight:5000|barcode:|qty:0 | daytona-winner-boots-41|Size:49:Colour:Red|price:47500.00|compare:|weight:5000|barcode:|qty:0 | daytona-winner-boots-42|Size:49:Colour:Blue|price:47500.00|compare:|weight:5000|barcode:|qty:0,"daytona-winner-boots-1,daytona-winner-boots-2,daytona-winner-boots-3,daytona-winner-boots-4,daytona-winner-boots-5,daytona-winner-boots-6,daytona-winner-boots-7,daytona-winner-boots-8,daytona-winner-boots-9,daytona-winner-boots-10,daytona-winner-boots-11,daytona-winner-boots-12,daytona-winner-boots-13,daytona-winner-boots-14,daytona-winner-boots-15,daytona-winner-boots-16,daytona-winner-boots-17,daytona-winner-boots-18,daytona-winner-boots-19,daytona-winner-boots-20,daytona-winner-boots-21,daytona-winner-boots-22,daytona-winner-boots-23,daytona-winner-boots-24,daytona-winner-boots-25,daytona-winner-boots-26,daytona-winner-boots-27,daytona-winner-boots-28,daytona-winner-boots-29,daytona-winner-boots-30,daytona-winner-boots-31,daytona-winner-boots-32,daytona-winner-boots-33,daytona-winner-boots-34,daytona-winner-boots-35,daytona-winner-boots-36,daytona-winner-boots-37,daytona-winner-boots-38,daytona-winner-boots-39,daytona-winner-boots-40,daytona-winner-boots-41,daytona-winner-boots-42",42,https://cdn.shopify.com/s/files/1/0076/8301/4754/products/Daytona-Winner-Stiefel.jpg?v=1668683084|pos:1|alt:Daytona Daytona Winner Boots – front view || https://cdn.shopify.com/s/files/1/0076/8301/4754/products/Daytona-Winner-Stiefel-3.jpg?v=1668683084|pos:2|alt:Daytona Daytona Winner Boots – side view || https://cdn.shopify.com/s/files/1/0076/8301/4754/products/Daytona-Winner-Stiefel-2_1.jpg?v=1668683084|pos:3|alt:Daytona Daytona Winner Boots – rear view,3,Daytona Daytona Winner Boots – front view | Daytona Daytona Winner Boots – side view | Daytona Daytona Winner Boots – rear view,,0,Daytona Winner Boots,Daytona Winner Boots. The Daytona Winner are sports boots with practical safety features.,full-grain calf nappa leather. completely lined with fine leather.,,large calf adjustment with adhesive closure. soft-fitted cuff.,,Available in multiple sizes. Check the size guide before ordering.,Daytona Winner Boots — a riding Boot built to the specifications listed above.,true,draft,https://cdn.shopify.com/s/files/1/0076/8301/4754/products/Daytona-Winner-Stiefel.jpg?v=1668683084|role:hero || https://cdn.shopify.com/s/files/1/0076/8301/4754/products/Daytona-Winner-Stiefel-3.jpg?v=1668683084|role:construction detail || https://cdn.shopify.com/s/files/1/0076/8301/4754/products/Daytona-Winner-Stiefel-2_1.jpg?v=1668683084|role:side profile,3,false,/products/daytona-winner-boots,/products/daytona-winner-boots
daytona-toper-boots,daytona-toper-boots,Daytona Toper Boots,Daytona Toper Boots,daytona-toper-boots,Touring boots with good safety features at a fair price. • cow hide. • leather in the forefoot area. • no chafing due to padding. • lateral zipper outside. Available in multiple sizes and/or colours — select your variant.,"Touring boots with good safety features at a fair price.<br><br>
<strong data-mce-fragment=""1"">Features:</strong>
<ul data-mce-fragment=""1"">
<li data-mce-fragment=""1"">cow hide</li>
<li data-mce-fragment=""1"">leather in the forefoot area</li>
<li data-mce-fragment=""1"">no chafing due to padding</li>
<li data-mce-fragment=""1"">lateral zipper outside</li>
<li data-mce-fragment=""1"">adjustment with velcro fastener</li>
<li data-mce-fragment=""1"">highly elastic zones at instep and heel</li>
<li data-mce-fragment=""1"">foot shape climatic insole, anatomically shaped</li>
<li data-mce-fragment=""1"">soft rubber sole</li>
<li data-mce-fragment=""1"">shinbone reinforcement made of plastic</li>
<li data-mce-fragment=""1"">switching amplification</li>
<li data-mce-fragment=""1"">shaft height: approx. 29 cm</li>
</ul>","Touring boots with good safety features at a fair price.

Features:

• cow hide

• leather in the forefoot area

• no chafing due to padding

• lateral zipper outside

• adjustment with velcro fastener

• highly elastic zones at instep and heel

• foot shape climatic insole, anatomically shaped

• soft rubber sole

• shinbone reinforcement made of plastic

• switching amplification

• shaft height: approx. 29 cm",31500,,2026-07-26,active,Daytona,5000,g,Buy Daytona Toper Boots | Mile 27 Store,Touring boots with good safety features at a fair price. cow hide. leather in the forefoot area. no chafing due to padding. lateral zipper outside.,cow hide | leather in the forefoot area | no chafing due to padding | lateral zipper outside,Cleaned noise; brand verified,High,false,Riding Gear > Riding Boots,High,"Mapped from Shopify Type ""Riding Boots""",daytona-toper-boots-1|Size:36|price:31500.00|compare:|weight:5000|barcode:|qty:0 | daytona-toper-boots-2|Size:37|price:31500.00|compare:|weight:5000|barcode:|qty:0 | daytona-toper-boots-3|Size:38|price:31500.00|compare:|weight:5000|barcode:|qty:0 | daytona-toper-boots-4|Size:39|price:31500.00|compare:|weight:5000|barcode:|qty:0 | daytona-toper-boots-5|Size:40|price:31500.00|compare:|weight:5000|barcode:|qty:0 | daytona-toper-boots-6|Size:41|price:31500.00|compare:|weight:5000|barcode:|qty:0 | daytona-toper-boots-7|Size:42|price:31500.00|compare:|weight:5000|barcode:|qty:0 | daytona-toper-boots-8|Size:43|price:31500.00|compare:|weight:5000|barcode:|qty:0 | daytona-toper-boots-9|Size:44|price:31500.00|compare:|weight:5000|barcode:|qty:0 | daytona-toper-boots-10|Size:45|price:31500.00|compare:|weight:5000|barcode:|qty:0 | daytona-toper-boots-11|Size:46|price:31500.00|compare:|weight:5000|barcode:|qty:0 | daytona-toper-boots-12|Size:47|price:31500.00|compare:|weight:5000|barcode:|qty:0 | daytona-toper-boots-13|Size:48|price:31500.00|compare:|weight:5000|barcode:|qty:0 | daytona-toper-boots-14|Size:49|price:31500.00|compare:|weight:5000|barcode:|qty:0,"daytona-toper-boots-1,daytona-toper-boots-2,daytona-toper-boots-3,daytona-toper-boots-4,daytona-toper-boots-5,daytona-toper-boots-6,daytona-toper-boots-7,daytona-toper-boots-8,daytona-toper-boots-9,daytona-toper-boots-10,daytona-toper-boots-11,daytona-toper-boots-12,daytona-toper-boots-13,daytona-toper-boots-14",14,https://cdn.shopify.com/s/files/1/0076/8301/4754/products/Daytona-Toper.jpg?v=1668684391|pos:1|alt:Daytona Daytona Toper Boots – front view,1,Daytona Daytona Toper Boots – front view,,0,Daytona Toper Boots,Daytona Toper Boots. Touring boots with good safety features at a fair price.,leather in the forefoot area.,no chafing due to padding.,cow hide. lateral zipper outside.,,Available in multiple sizes. Check the size guide before ordering.,Daytona Toper Boots — a riding Boot built to the specifications listed above.,true,draft,https://cdn.shopify.com/s/files/1/0076/8301/4754/products/Daytona-Toper.jpg?v=1668684391|role:hero,1,false,/products/daytona-toper-boots,/products/daytona-toper-boots
daytona-shorty-shoes,daytona-shorty-shoes,Daytona Shorty Shoes,Daytona Shorty Shoes,daytona-shorty-shoes,"The short boot with excellent value for money, especially cool and airy. • material mix of full-grain cowhide and perforated leather for a pleasant climate with high wearing comfort at high temperatures. • textile lining (100 % polyamide). • velcro fasteners for quick and easy access. • soft padded shaft edge. Available in multiple sizes and/or colours — select your variant.","The short boot with excellent value for money, especially cool and airy.<br><br>
<strong data-mce-fragment=""1"">Features:</strong>
<ul data-mce-fragment=""1"">
<li data-mce-fragment=""1"">material mix of full-grain cowhide and perforated leather for a pleasant climate with high wearing comfort at high temperatures</li>
<li data-mce-fragment=""1"">textile lining (100 % polyamide)</li>
<li data-mce-fragment=""1"">velcro fasteners for quick and easy access</li>
<li data-mce-fragment=""1"">soft padded shaft edge</li>
<li data-mce-fragment=""1"">abrasion-resistant PU-shift reinforcement</li>
<li data-mce-fragment=""1"">climate insole, anatomically shaped</li>
<li data-mce-fragment=""1"">ankle protection on both sides, padded inside with latex foam</li>
<li data-mce-fragment=""1"">plastic-reinforced inner sole with hot-dip galvanized steel inlay, particularly torsion-resistant and yet easy to roll</li>
<li data-mce-fragment=""1"">non-slip rubber sole with tyre tread</li>
<li data-mce-fragment=""1"">shaft height: approx. 22 cm</li>
</ul>","The short boot with excellent value for money, especially cool and airy.

Features:

• material mix of full-grain cowhide and perforated leather for a pleasant climate with high wearing comfort at high temperatures

• textile lining (100 % polyamide)

• velcro fasteners for quick and easy access

• soft padded shaft edge

• abrasion-resistant PU-shift reinforcement

• climate insole, anatomically shaped

• ankle protection on both sides, padded inside with latex foam

• plastic-reinforced inner sole with hot-dip galvanized steel inlay, particularly torsion-resistant and yet easy to roll

• non-slip rubber sole with tyre tread

• shaft height: approx. 22 cm",31000,,2026-07-26,active,Daytona,5000,g,Buy Daytona Shorty Shoes | Mile 27 Store,"The short boot with excellent value for money, especially cool and airy. material mix of full-grain cowhide and perforated leather for a pleasant climate…",material mix of full-grain cowhide and perforated leather for a pleasant climate with high wearing comfort at high temperatures | textile lining (100 % polyamide) | velcro fasteners for quick and easy access | soft padded shaft edge,Cleaned noise; brand verified,High,false,Riding Gear > Riding Boots,High,"Mapped from Shopify Type ""Riding Boots""",daytona-shorty-shoes-1|Size:34|price:31000.00|compare:|weight:5000|barcode:|qty:0 | daytona-shorty-shoes-2|Size:35|price:31000.00|compare:|weight:5000|barcode:|qty:0 | daytona-shorty-shoes-3|Size:36|price:31000.00|compare:|weight:5000|barcode:|qty:0 | daytona-shorty-shoes-4|Size:37|price:31000.00|compare:|weight:5000|barcode:|qty:0 | daytona-shorty-shoes-5|Size:38|price:31000.00|compare:|weight:5000|barcode:|qty:0 | daytona-shorty-shoes-6|Size:39|price:31000.00|compare:|weight:5000|barcode:|qty:0 | daytona-shorty-shoes-7|Size:40|price:31000.00|compare:|weight:5000|barcode:|qty:0 | daytona-shorty-shoes-8|Size:41|price:31000.00|compare:|weight:5000|barcode:|qty:0 | daytona-shorty-shoes-9|Size:42|price:31000.00|compare:|weight:5000|barcode:|qty:0 | daytona-shorty-shoes-10|Size:43|price:31000.00|compare:|weight:5000|barcode:|qty:0 | daytona-shorty-shoes-11|Size:44|price:31000.00|compare:|weight:5000|barcode:|qty:0 | daytona-shorty-shoes-12|Size:45|price:31000.00|compare:|weight:5000|barcode:|qty:0 | daytona-shorty-shoes-13|Size:46|price:31000.00|compare:|weight:5000|barcode:|qty:0 | daytona-shorty-shoes-14|Size:47|price:31000.00|compare:|weight:5000|barcode:|qty:0 | daytona-shorty-shoes-15|Size:48|price:31000.00|compare:|weight:5000|barcode:|qty:0 | daytona-shorty-shoes-16|Size:49|price:31000.00|compare:|weight:5000|barcode:|qty:0,"daytona-shorty-shoes-1,daytona-shorty-shoes-2,daytona-shorty-shoes-3,daytona-shorty-shoes-4,daytona-shorty-shoes-5,daytona-shorty-shoes-6,daytona-shorty-shoes-7,daytona-shorty-shoes-8,daytona-shorty-shoes-9,daytona-shorty-shoes-10,daytona-shorty-shoes-11,daytona-shorty-shoes-12,daytona-shorty-shoes-13,daytona-shorty-shoes-14,daytona-shorty-shoes-15,daytona-shorty-shoes-16",16,https://cdn.shopify.com/s/files/1/0076/8301/4754/products/Daytona-Shorty-RE.jpg?v=1668686399|pos:1|alt:Daytona Daytona Shorty Shoes – front view,1,Daytona Daytona Shorty Shoes – front view,,0,Daytona Shorty Shoes,"Daytona Shorty Shoes. The short boot with excellent value for money, especially cool and airy.",material mix of full-grain cowhide and perforated leather for a pleasant climate with high wearing comfort at high temperatures. textile lining (100 % polyamide).,material mix of full-grain cowhide and perforated leather for a pleasant climate with high wearing comfort at high temperatures.,velcro fasteners for quick and easy access. soft padded shaft edge.,,Available in multiple sizes. Check the size guide before ordering.,Daytona Shorty Shoes — a riding Boot built to the specifications listed above.,true,draft,https://cdn.shopify.com/s/files/1/0076/8301/4754/products/Daytona-Shorty-RE.jpg?v=1668686399|role:hero,1,false,/products/daytona-shorty-shoes,/products/daytona-shorty-shoes
daytona-ac4-wd-shoes,daytona-ac4-wd-shoes,Daytona AC4 WD Shoes,Daytona AC4 WD Shoes,daytona-ac4-wd-shoes,"The especially light sneaker boot made of textile-leather-mix. An airy alternative for the short distance. • material mix of nubuck leather, textile and microvelour. • elastic, pleasantly soft shaft edge. • textile lining (100 % polyester). • lacing with quick release fastener. Available in multiple sizes and/or colours — select your variant.","The especially light sneaker boot made of textile-leather-mix. An airy alternative for the short distance.<br><br>
<strong data-mce-fragment=""1"">Features:</strong>
<ul data-mce-fragment=""1"">
<li data-mce-fragment=""1"">material mix of nubuck leather, textile and microvelour</li>
<li data-mce-fragment=""1"">elastic, pleasantly soft shaft edge</li>
<li data-mce-fragment=""1"">textile lining (100 % polyester)</li>
<li data-mce-fragment=""1"">lacing with quick release fastener</li>
<li data-mce-fragment=""1"">tightening aid for easy access</li>
<li data-mce-fragment=""1"">climate insole, anatomically shaped</li>
<li data-mce-fragment=""1"">bilateral knuckle protection</li>
<li data-mce-fragment=""1"">at the ankle inside padded with open-cell special foam</li>
<li data-mce-fragment=""1"">abrasion-resistant PU-shift reinforcement</li>
<li data-mce-fragment=""1"">thanks to plastic reinforced inner sole with hot-dip galvanized steel inlay, particularly torsion-resistant and yet easy to roll</li>
<li data-mce-fragment=""1"">non-slip wedge rubber sole with PU midsole</li>
<li data-mce-fragment=""1"">shaft height: approx. 13 cm</li>
</ul>","The especially light sneaker boot made of textile-leather-mix. An airy alternative for the short distance.

Features:

• material mix of nubuck leather, textile and microvelour

• elastic, pleasantly soft shaft edge

• textile lining (100 % polyester)

• lacing with quick release fastener

• tightening aid for easy access

• climate insole, anatomically shaped

• bilateral knuckle protection

• at the ankle inside padded with open-cell special foam

• abrasion-resistant PU-shift reinforcement

• thanks to plastic reinforced inner sole with hot-dip galvanized steel inlay, particularly torsion-resistant and yet easy to roll

• non-slip wedge rubber sole with PU midsole

• shaft height: approx. 13 cm",30000,,2026-07-26,active,Daytona,5000,g,Buy Daytona AC4 WD Shoes | Mile 27 Store,"The especially light sneaker boot made of textile-leather-mix. An airy alternative for the short distance. material mix of nubuck leather, textile and…","material mix of nubuck leather, textile and microvelour | elastic, pleasantly soft shaft edge | textile lining (100 % polyester) | lacing with quick release fastener",Cleaned noise; brand verified,High,false,Riding Gear > Riding Boots,High,"Mapped from Shopify Type ""Riding Boots""",daytona-ac4-wd-shoes-1|Size:36:Colour:Black|price:30000.00|compare:|weight:5000|barcode:|qty:0 | daytona-ac4-wd-shoes-2|Size:36:Colour:Black/White|price:30000.00|compare:|weight:5000|barcode:|qty:0 | daytona-ac4-wd-shoes-3|Size:36:Colour:Red|price:30000.00|compare:|weight:5000|barcode:|qty:0 | daytona-ac4-wd-shoes-4|Size:36:Colour:Blue|price:30000.00|compare:|weight:5000|barcode:|qty:0 | daytona-ac4-wd-shoes-5|Size:36:Colour:Green|price:30000.00|compare:|weight:5000|barcode:|qty:0 | daytona-ac4-wd-shoes-6|Size:37:Colour:Black|price:30000.00|compare:|weight:5000|barcode:|qty:0 | daytona-ac4-wd-shoes-7|Size:37:Colour:Black/White|price:30000.00|compare:|weight:5000|barcode:|qty:0 | daytona-ac4-wd-shoes-8|Size:37:Colour:Red|price:30000.00|compare:|weight:5000|barcode:|qty:0 | daytona-ac4-wd-shoes-9|Size:37:Colour:Blue|price:30000.00|compare:|weight:5000|barcode:|qty:0 | daytona-ac4-wd-shoes-10|Size:37:Colour:Green|price:30000.00|compare:|weight:5000|barcode:|qty:0 | daytona-ac4-wd-shoes-11|Size:38:Colour:Black|price:30000.00|compare:|weight:5000|barcode:|qty:0 | daytona-ac4-wd-shoes-12|Size:38:Colour:Black/White|price:30000.00|compare:|weight:5000|barcode:|qty:0 | daytona-ac4-wd-shoes-13|Size:38:Colour:Red|price:30000.00|compare:|weight:5000|barcode:|qty:0 | daytona-ac4-wd-shoes-14|Size:38:Colour:Blue|price:30000.00|compare:|weight:5000|barcode:|qty:0 | daytona-ac4-wd-shoes-15|Size:38:Colour:Green|price:30000.00|compare:|weight:5000|barcode:|qty:0 | daytona-ac4-wd-shoes-16|Size:39:Colour:Black|price:30000.00|compare:|weight:5000|barcode:|qty:0 | daytona-ac4-wd-shoes-17|Size:39:Colour:Black/White|price:30000.00|compare:|weight:5000|barcode:|qty:0 | daytona-ac4-wd-shoes-18|Size:39:Colour:Red|price:30000.00|compare:|weight:5000|barcode:|qty:0 | daytona-ac4-wd-shoes-19|Size:39:Colour:Blue|price:30000.00|compare:|weight:5000|barcode:|qty:0 | daytona-ac4-wd-shoes-20|Size:39:Colour:Green|price:30000.00|compare:|weight:5000|barcode:|qty:0 | daytona-ac4-wd-shoes-21|Size:40:Colour:Black|price:30000.00|compare:|weight:5000|barcode:|qty:0 | daytona-ac4-wd-shoes-22|Size:40:Colour:Black/White|price:30000.00|compare:|weight:5000|barcode:|qty:0 | daytona-ac4-wd-shoes-23|Size:40:Colour:Red|price:30000.00|compare:|weight:5000|barcode:|qty:0 | daytona-ac4-wd-shoes-24|Size:40:Colour:Blue|price:30000.00|compare:|weight:5000|barcode:|qty:0 | daytona-ac4-wd-shoes-25|Size:40:Colour:Green|price:30000.00|compare:|weight:5000|barcode:|qty:0 | daytona-ac4-wd-shoes-26|Size:41:Colour:Black|price:30000.00|compare:|weight:5000|barcode:|qty:0 | daytona-ac4-wd-shoes-27|Size:41:Colour:Black/White|price:30000.00|compare:|weight:5000|barcode:|qty:0 | daytona-ac4-wd-shoes-28|Size:41:Colour:Red|price:30000.00|compare:|weight:5000|barcode:|qty:0 | daytona-ac4-wd-shoes-29|Size:41:Colour:Blue|price:30000.00|compare:|weight:5000|barcode:|qty:0 | daytona-ac4-wd-shoes-30|Size:41:Colour:Green|price:30000.00|compare:|weight:5000|barcode:|qty:0 | daytona-ac4-wd-shoes-31|Size:42:Colour:Black|price:30000.00|compare:|weight:5000|barcode:|qty:0 | daytona-ac4-wd-shoes-32|Size:42:Colour:Black/White|price:30000.00|compare:|weight:5000|barcode:|qty:0 | daytona-ac4-wd-shoes-33|Size:42:Colour:Red|price:30000.00|compare:|weight:5000|barcode:|qty:0 | daytona-ac4-wd-shoes-34|Size:42:Colour:Blue|price:30000.00|compare:|weight:5000|barcode:|qty:0 | daytona-ac4-wd-shoes-35|Size:42:Colour:Green|price:30000.00|compare:|weight:5000|barcode:|qty:0 | daytona-ac4-wd-shoes-36|Size:43:Colour:Black|price:30000.00|compare:|weight:5000|barcode:|qty:0 | daytona-ac4-wd-shoes-37|Size:43:Colour:Black/White|price:30000.00|compare:|weight:5000|barcode:|qty:0 | daytona-ac4-wd-shoes-38|Size:43:Colour:Red|price:30000.00|compare:|weight:5000|barcode:|qty:0 | daytona-ac4-wd-shoes-39|Size:43:Colour:Blue|price:30000.00|compare:|weight:5000|barcode:|qty:0 | daytona-ac4-wd-shoes-40|Size:43:Colour:Green|price:30000.00|compare:|weight:5000|barcode:|qty:0 | daytona-ac4-wd-shoes-41|Size:44:Colour:Black|price:30000.00|compare:|weight:5000|barcode:|qty:0 | daytona-ac4-wd-shoes-42|Size:44:Colour:Black/White|price:30000.00|compare:|weight:5000|barcode:|qty:0 | daytona-ac4-wd-shoes-43|Size:44:Colour:Red|price:30000.00|compare:|weight:5000|barcode:|qty:0 | daytona-ac4-wd-shoes-44|Size:44:Colour:Blue|price:30000.00|compare:|weight:5000|barcode:|qty:0 | daytona-ac4-wd-shoes-45|Size:44:Colour:Green|price:30000.00|compare:|weight:5000|barcode:|qty:0 | daytona-ac4-wd-shoes-46|Size:45:Colour:Black|price:30000.00|compare:|weight:5000|barcode:|qty:0 | daytona-ac4-wd-shoes-47|Size:45:Colour:Black/White|price:30000.00|compare:|weight:5000|barcode:|qty:0 | daytona-ac4-wd-shoes-48|Size:45:Colour:Red|price:30000.00|compare:|weight:5000|barcode:|qty:0 | daytona-ac4-wd-shoes-49|Size:45:Colour:Blue|price:30000.00|compare:|weight:5000|barcode:|qty:0 | daytona-ac4-wd-shoes-50|Size:45:Colour:Green|price:30000.00|compare:|weight:5000|barcode:|qty:0 | daytona-ac4-wd-shoes-51|Size:46:Colour:Black|price:30000.00|compare:|weight:5000|barcode:|qty:0 | daytona-ac4-wd-shoes-52|Size:46:Colour:Black/White|price:30000.00|compare:|weight:5000|barcode:|qty:0 | daytona-ac4-wd-shoes-53|Size:46:Colour:Red|price:30000.00|compare:|weight:5000|barcode:|qty:0 | daytona-ac4-wd-shoes-54|Size:46:Colour:Blue|price:30000.00|compare:|weight:5000|barcode:|qty:0 | daytona-ac4-wd-shoes-55|Size:46:Colour:Green|price:30000.00|compare:|weight:5000|barcode:|qty:0 | daytona-ac4-wd-shoes-56|Size:47:Colour:Black|price:30000.00|compare:|weight:5000|barcode:|qty:0 | daytona-ac4-wd-shoes-57|Size:47:Colour:Black/White|price:30000.00|compare:|weight:5000|barcode:|qty:0 | daytona-ac4-wd-shoes-58|Size:47:Colour:Red|price:30000.00|compare:|weight:5000|barcode:|qty:0 | daytona-ac4-wd-shoes-59|Size:47:Colour:Blue|price:30000.00|compare:|weight:5000|barcode:|qty:0 | daytona-ac4-wd-shoes-60|Size:47:Colour:Green|price:30000.00|compare:|weight:5000|barcode:|qty:0 | daytona-ac4-wd-shoes-61|Size:48:Colour:Black|price:30000.00|compare:|weight:5000|barcode:|qty:0 | daytona-ac4-wd-shoes-62|Size:48:Colour:Black/White|price:30000.00|compare:|weight:5000|barcode:|qty:0 | daytona-ac4-wd-shoes-63|Size:48:Colour:Red|price:30000.00|compare:|weight:5000|barcode:|qty:0 | daytona-ac4-wd-shoes-64|Size:48:Colour:Blue|price:30000.00|compare:|weight:5000|barcode:|qty:0 | daytona-ac4-wd-shoes-65|Size:48:Colour:Green|price:30000.00|compare:|weight:5000|barcode:|qty:0 | daytona-ac4-wd-shoes-66|Size:49:Colour:Black|price:30000.00|compare:|weight:5000|barcode:|qty:0 | daytona-ac4-wd-shoes-67|Size:49:Colour:Black/White|price:30000.00|compare:|weight:5000|barcode:|qty:0 | daytona-ac4-wd-shoes-68|Size:49:Colour:Red|price:30000.00|compare:|weight:5000|barcode:|qty:0 | daytona-ac4-wd-shoes-69|Size:49:Colour:Blue|price:30000.00|compare:|weight:5000|barcode:|qty:0 | daytona-ac4-wd-shoes-70|Size:49:Colour:Green|price:30000.00|compare:|weight:5000|barcode:|qty:0,"daytona-ac4-wd-shoes-1,daytona-ac4-wd-shoes-2,daytona-ac4-wd-shoes-3,daytona-ac4-wd-shoes-4,daytona-ac4-wd-shoes-5,daytona-ac4-wd-shoes-6,daytona-ac4-wd-shoes-7,daytona-ac4-wd-shoes-8,daytona-ac4-wd-shoes-9,daytona-ac4-wd-shoes-10,daytona-ac4-wd-shoes-11,daytona-ac4-wd-shoes-12,daytona-ac4-wd-shoes-13,daytona-ac4-wd-shoes-14,daytona-ac4-wd-shoes-15,daytona-ac4-wd-shoes-16,daytona-ac4-wd-shoes-17,daytona-ac4-wd-shoes-18,daytona-ac4-wd-shoes-19,daytona-ac4-wd-shoes-20,daytona-ac4-wd-shoes-21,daytona-ac4-wd-shoes-22,daytona-ac4-wd-shoes-23,daytona-ac4-wd-shoes-24,daytona-ac4-wd-shoes-25,daytona-ac4-wd-shoes-26,daytona-ac4-wd-shoes-27,daytona-ac4-wd-shoes-28,daytona-ac4-wd-shoes-29,daytona-ac4-wd-shoes-30,daytona-ac4-wd-shoes-31,daytona-ac4-wd-shoes-32,daytona-ac4-wd-shoes-33,daytona-ac4-wd-shoes-34,daytona-ac4-wd-shoes-35,daytona-ac4-wd-shoes-36,daytona-ac4-wd-shoes-37,daytona-ac4-wd-shoes-38,daytona-ac4-wd-shoes-39,daytona-ac4-wd-shoes-40,daytona-ac4-wd-shoes-41,daytona-ac4-wd-shoes-42,daytona-ac4-wd-shoes-43,daytona-ac4-wd-shoes-44,daytona-ac4-wd-shoes-45,daytona-ac4-wd-shoes-46,daytona-ac4-wd-shoes-47,daytona-ac4-wd-shoes-48,daytona-ac4-wd-shoes-49,daytona-ac4-wd-shoes-50,daytona-ac4-wd-shoes-51,daytona-ac4-wd-shoes-52,daytona-ac4-wd-shoes-53,daytona-ac4-wd-shoes-54,daytona-ac4-wd-shoes-55,daytona-ac4-wd-shoes-56,daytona-ac4-wd-shoes-57,daytona-ac4-wd-shoes-58,daytona-ac4-wd-shoes-59,daytona-ac4-wd-shoes-60,daytona-ac4-wd-shoes-61,daytona-ac4-wd-shoes-62,daytona-ac4-wd-shoes-63,daytona-ac4-wd-shoes-64,daytona-ac4-wd-shoes-65,daytona-ac4-wd-shoes-66,daytona-ac4-wd-shoes-67,daytona-ac4-wd-shoes-68,daytona-ac4-wd-shoes-69,daytona-ac4-wd-shoes-70",70,https://cdn.shopify.com/s/files/1/0076/8301/4754/products/Daytona-AC4-Schwarz.jpg?v=1668686841|pos:1|alt:Daytona Daytona AC4 WD Shoes – front view || https://cdn.shopify.com/s/files/1/0076/8301/4754/products/daytona-AC4-Schwarz-w.jpg?v=1668686841|pos:2|alt:Daytona Daytona AC4 WD Shoes – side view || https://cdn.shopify.com/s/files/1/0076/8301/4754/products/daytona-AC4-Rot.jpg?v=1668686841|pos:3|alt:Daytona Daytona AC4 WD Shoes – rear view || https://cdn.shopify.com/s/files/1/0076/8301/4754/products/Daytona-AC4-Blau.jpg?v=1668686845|pos:4|alt:Daytona Daytona AC4 WD Shoes – detail view || https://cdn.shopify.com/s/files/1/0076/8301/4754/products/daytona-AC4-Gruen.jpg?v=1668686841|pos:5|alt:Daytona Daytona AC4 WD Shoes – top view,5,Daytona Daytona AC4 WD Shoes – front view | Daytona Daytona AC4 WD Shoes – side view | Daytona Daytona AC4 WD Shoes – rear view | Daytona Daytona AC4 WD Shoes – detail view | Daytona Daytona AC4 WD Shoes – top view,,0,Daytona AC4 WD Shoes,Daytona AC4 WD Shoes. The especially light sneaker boot made of textile-leather-mix.,"material mix of nubuck leather, textile and microvelour. textile lining (100 % polyester).",,"elastic, pleasantly soft shaft edge. lacing with quick release fastener.",,Available in multiple sizes. Check the size guide before ordering.,Daytona AC4 WD Shoes — a riding Boot built to the specifications listed above.,true,draft,https://cdn.shopify.com/s/files/1/0076/8301/4754/products/Daytona-AC4-Schwarz.jpg?v=1668686841|role:hero || https://cdn.shopify.com/s/files/1/0076/8301/4754/products/daytona-AC4-Schwarz-w.jpg?v=1668686841|role:construction detail || https://cdn.shopify.com/s/files/1/0076/8301/4754/products/daytona-AC4-Rot.jpg?v=1668686841|role:side profile,3,false,/products/daytona-ac4-wd-shoes,/products/daytona-ac4-wd-shoes
daytona-evo-sports-gtx-waterproof-boots,daytona-evo-sports-gtx-waterproof-boots,Daytona Evo-Sports GTX Waterproof Boots,Daytona Evo-Sports GTX Waterproof Boots,daytona-evo-sports-gtx-waterproof-boots,"Safety shell technology for sports drivers. Waterproof and breathable. Only from Daytona®. • torsion-resistant polyamide hard shell. • waterproof and breathable due to Gore-Tex More-Season membrane (80% polyamide, 20% polyester). • load-bearing hinge-joint connection. • shock-absorbing latex foam pads for calf, ankle and heel. Available in multiple sizes and/or colours — select your variant.","Safety shell technology for sports drivers. Waterproof and breathable. Only from Daytona®.<br><br>
<strong data-mce-fragment=""1"">Features:</strong>
<ul data-mce-fragment=""1"">
<li data-mce-fragment=""1"">torsion-resistant polyamide hard shell</li>
<li data-mce-fragment=""1"">waterproof and breathable due to Gore-Tex More-Season membrane (80% polyamide, 20% polyester)</li>
<li data-mce-fragment=""1"">load-bearing hinge-joint connection</li>
<li data-mce-fragment=""1"">shock-absorbing latex foam pads for calf, ankle and heel</li>
<li data-mce-fragment=""1"">anatomically shaped ball heel</li>
<li data-mce-fragment=""1"">full-grain hydrophobic cowhide nappa leather</li>
<li data-mce-fragment=""1"">shin guard, padded inside, removable with velcro</li>
<li data-mce-fragment=""1"">adhesive closure for individual calf widths</li>
<li data-mce-fragment=""1"">lateral 3M Scotchlite reflector piping</li>
<li data-mce-fragment=""1"">elastic zone at the heel for better mobility</li>
<li data-mce-fragment=""1"">abrasion-resistant PU-shift reinforcement</li>
<li data-mce-fragment=""1"">plastic-reinforced inner sole with hot-dip galvanized steel inlay, particularly torsion-resistant and yet easy to roll off</li>
<li data-mce-fragment=""1"">non-slip special racing sole with rounded heel edges</li>
<li data-mce-fragment=""1"">replaceable sliders made of abrasion-resistant plastic</li>
<li data-mce-fragment=""1"">shaft height: approx. 33 cm</li>
</ul>","Safety shell technology for sports drivers. Waterproof and breathable. Only from Daytona®.

Features:

• torsion-resistant polyamide hard shell

• waterproof and breathable due to Gore-Tex More-Season membrane (80% polyamide, 20% polyester)

• load-bearing hinge-joint connection

• shock-absorbing latex foam pads for calf, ankle and heel

• anatomically shaped ball heel

• full-grain hydrophobic cowhide nappa leather

• shin guard, padded inside, removable with velcro

• adhesive closure for individual calf widths

• lateral 3M Scotchlite reflector piping

• elastic zone at the heel for better mobility

• abrasion-resistant PU-shift reinforcement

• plastic-reinforced inner sole with hot-dip galvanized steel inlay, particularly torsion-resistant and yet easy to roll off

• non-slip special racing sole with rounded heel edges

• replaceable sliders made of abrasion-resistant plastic

• shaft height: approx. 33 cm",95000,,2026-07-26,active,Daytona,5000,g,Buy Daytona Evo-Sports GTX Waterproof Boots | Mile 27 Store,Safety shell technology for sports drivers. Waterproof and breathable. Only from Daytona®. torsion-resistant polyamide hard shell. waterproof and…,"torsion-resistant polyamide hard shell | waterproof and breathable due to Gore-Tex More-Season membrane (80% polyamide, 20% polyester) | load-bearing hinge-joint connection | shock-absorbing latex foam pads for calf, ankle and heel",Cleaned noise; brand verified,High,false,Riding Gear > Riding Boots,High,"Mapped from Shopify Type ""Riding Boots""",daytona-evo-sports-gtx-waterproof-boots-1|Size:37:Colour:Black/Red|price:95000.00|compare:|weight:5000|barcode:|qty:0 | daytona-evo-sports-gtx-waterproof-boots-2|Size:37:Colour:Black/Blue|price:95000.00|compare:|weight:5000|barcode:|qty:0 | daytona-evo-sports-gtx-waterproof-boots-3|Size:37:Colour:Black/Gray|price:95000.00|compare:|weight:5000|barcode:|qty:0 | daytona-evo-sports-gtx-waterproof-boots-4|Size:37:Colour:Black/Yellow|price:95000.00|compare:|weight:5000|barcode:|qty:0 | daytona-evo-sports-gtx-waterproof-boots-5|Size:38:Colour:Black/Red|price:95000.00|compare:|weight:5000|barcode:|qty:0 | daytona-evo-sports-gtx-waterproof-boots-6|Size:38:Colour:Black/Blue|price:95000.00|compare:|weight:5000|barcode:|qty:0 | daytona-evo-sports-gtx-waterproof-boots-7|Size:38:Colour:Black/Gray|price:95000.00|compare:|weight:5000|barcode:|qty:0 | daytona-evo-sports-gtx-waterproof-boots-8|Size:38:Colour:Black/Yellow|price:95000.00|compare:|weight:5000|barcode:|qty:0 | daytona-evo-sports-gtx-waterproof-boots-9|Size:39:Colour:Black/Red|price:95000.00|compare:|weight:5000|barcode:|qty:0 | daytona-evo-sports-gtx-waterproof-boots-10|Size:39:Colour:Black/Blue|price:95000.00|compare:|weight:5000|barcode:|qty:0 | daytona-evo-sports-gtx-waterproof-boots-11|Size:39:Colour:Black/Gray|price:95000.00|compare:|weight:5000|barcode:|qty:0 | daytona-evo-sports-gtx-waterproof-boots-12|Size:39:Colour:Black/Yellow|price:95000.00|compare:|weight:5000|barcode:|qty:0 | daytona-evo-sports-gtx-waterproof-boots-13|Size:40:Colour:Black/Red|price:95000.00|compare:|weight:5000|barcode:|qty:0 | daytona-evo-sports-gtx-waterproof-boots-14|Size:40:Colour:Black/Blue|price:95000.00|compare:|weight:5000|barcode:|qty:0 | daytona-evo-sports-gtx-waterproof-boots-15|Size:40:Colour:Black/Gray|price:95000.00|compare:|weight:5000|barcode:|qty:0 | daytona-evo-sports-gtx-waterproof-boots-16|Size:40:Colour:Black/Yellow|price:95000.00|compare:|weight:5000|barcode:|qty:0 | daytona-evo-sports-gtx-waterproof-boots-17|Size:41:Colour:Black/Red|price:95000.00|compare:|weight:5000|barcode:|qty:0 | daytona-evo-sports-gtx-waterproof-boots-18|Size:41:Colour:Black/Blue|price:95000.00|compare:|weight:5000|barcode:|qty:0 | daytona-evo-sports-gtx-waterproof-boots-19|Size:41:Colour:Black/Gray|price:95000.00|compare:|weight:5000|barcode:|qty:0 | daytona-evo-sports-gtx-waterproof-boots-20|Size:41:Colour:Black/Yellow|price:95000.00|compare:|weight:5000|barcode:|qty:0 | daytona-evo-sports-gtx-waterproof-boots-21|Size:42:Colour:Black/Red|price:95000.00|compare:|weight:5000|barcode:|qty:0 | daytona-evo-sports-gtx-waterproof-boots-22|Size:42:Colour:Black/Blue|price:95000.00|compare:|weight:5000|barcode:|qty:0 | daytona-evo-sports-gtx-waterproof-boots-23|Size:42:Colour:Black/Gray|price:95000.00|compare:|weight:5000|barcode:|qty:0 | daytona-evo-sports-gtx-waterproof-boots-24|Size:42:Colour:Black/Yellow|price:95000.00|compare:|weight:5000|barcode:|qty:0 | daytona-evo-sports-gtx-waterproof-boots-25|Size:43:Colour:Black/Red|price:95000.00|compare:|weight:5000|barcode:|qty:0 | daytona-evo-sports-gtx-waterproof-boots-26|Size:43:Colour:Black/Blue|price:95000.00|compare:|weight:5000|barcode:|qty:0 | daytona-evo-sports-gtx-waterproof-boots-27|Size:43:Colour:Black/Gray|price:95000.00|compare:|weight:5000|barcode:|qty:0 | daytona-evo-sports-gtx-waterproof-boots-28|Size:43:Colour:Black/Yellow|price:95000.00|compare:|weight:5000|barcode:|qty:0 | daytona-evo-sports-gtx-waterproof-boots-29|Size:44:Colour:Black/Red|price:95000.00|compare:|weight:5000|barcode:|qty:0 | daytona-evo-sports-gtx-waterproof-boots-30|Size:44:Colour:Black/Blue|price:95000.00|compare:|weight:5000|barcode:|qty:0 | daytona-evo-sports-gtx-waterproof-boots-31|Size:44:Colour:Black/Gray|price:95000.00|compare:|weight:5000|barcode:|qty:0 | daytona-evo-sports-gtx-waterproof-boots-32|Size:44:Colour:Black/Yellow|price:95000.00|compare:|weight:5000|barcode:|qty:0 | daytona-evo-sports-gtx-waterproof-boots-33|Size:45:Colour:Black/Red|price:95000.00|compare:|weight:5000|barcode:|qty:0 | daytona-evo-sports-gtx-waterproof-boots-34|Size:45:Colour:Black/Blue|price:95000.00|compare:|weight:5000|barcode:|qty:0 | daytona-evo-sports-gtx-waterproof-boots-35|Size:45:Colour:Black/Gray|price:95000.00|compare:|weight:5000|barcode:|qty:0 | daytona-evo-sports-gtx-waterproof-boots-36|Size:45:Colour:Black/Yellow|price:95000.00|compare:|weight:5000|barcode:|qty:0 | daytona-evo-sports-gtx-waterproof-boots-37|Size:46:Colour:Black/Red|price:95000.00|compare:|weight:5000|barcode:|qty:0 | daytona-evo-sports-gtx-waterproof-boots-38|Size:46:Colour:Black/Blue|price:95000.00|compare:|weight:5000|barcode:|qty:0 | daytona-evo-sports-gtx-waterproof-boots-39|Size:46:Colour:Black/Gray|price:95000.00|compare:|weight:5000|barcode:|qty:0 | daytona-evo-sports-gtx-waterproof-boots-40|Size:46:Colour:Black/Yellow|price:95000.00|compare:|weight:5000|barcode:|qty:0 | daytona-evo-sports-gtx-waterproof-boots-41|Size:47:Colour:Black/Red|price:95000.00|compare:|weight:5000|barcode:|qty:0 | daytona-evo-sports-gtx-waterproof-boots-42|Size:47:Colour:Black/Blue|price:95000.00|compare:|weight:5000|barcode:|qty:0 | daytona-evo-sports-gtx-waterproof-boots-43|Size:47:Colour:Black/Gray|price:95000.00|compare:|weight:5000|barcode:|qty:0 | daytona-evo-sports-gtx-waterproof-boots-44|Size:47:Colour:Black/Yellow|price:95000.00|compare:|weight:5000|barcode:|qty:0 | daytona-evo-sports-gtx-waterproof-boots-45|Size:48:Colour:Black/Red|price:95000.00|compare:|weight:5000|barcode:|qty:0 | daytona-evo-sports-gtx-waterproof-boots-46|Size:48:Colour:Black/Blue|price:95000.00|compare:|weight:5000|barcode:|qty:0 | daytona-evo-sports-gtx-waterproof-boots-47|Size:48:Colour:Black/Gray|price:95000.00|compare:|weight:5000|barcode:|qty:0 | daytona-evo-sports-gtx-waterproof-boots-48|Size:48:Colour:Black/Yellow|price:95000.00|compare:|weight:5000|barcode:|qty:0 | daytona-evo-sports-gtx-waterproof-boots-49|Size:49:Colour:Black/Red|price:95000.00|compare:|weight:5000|barcode:|qty:0 | daytona-evo-sports-gtx-waterproof-boots-50|Size:49:Colour:Black/Blue|price:95000.00|compare:|weight:5000|barcode:|qty:0 | daytona-evo-sports-gtx-waterproof-boots-51|Size:49:Colour:Black/Gray|price:95000.00|compare:|weight:5000|barcode:|qty:0 | daytona-evo-sports-gtx-waterproof-boots-52|Size:49:Colour:Black/Yellow|price:95000.00|compare:|weight:5000|barcode:|qty:0,"daytona-evo-sports-gtx-waterproof-boots-1,daytona-evo-sports-gtx-waterproof-boots-2,daytona-evo-sports-gtx-waterproof-boots-3,daytona-evo-sports-gtx-waterproof-boots-4,daytona-evo-sports-gtx-waterproof-boots-5,daytona-evo-sports-gtx-waterproof-boots-6,daytona-evo-sports-gtx-waterproof-boots-7,daytona-evo-sports-gtx-waterproof-boots-8,daytona-evo-sports-gtx-waterproof-boots-9,daytona-evo-sports-gtx-waterproof-boots-10,daytona-evo-sports-gtx-waterproof-boots-11,daytona-evo-sports-gtx-waterproof-boots-12,daytona-evo-sports-gtx-waterproof-boots-13,daytona-evo-sports-gtx-waterproof-boots-14,daytona-evo-sports-gtx-waterproof-boots-15,daytona-evo-sports-gtx-waterproof-boots-16,daytona-evo-sports-gtx-waterproof-boots-17,daytona-evo-sports-gtx-waterproof-boots-18,daytona-evo-sports-gtx-waterproof-boots-19,daytona-evo-sports-gtx-waterproof-boots-20,daytona-evo-sports-gtx-waterproof-boots-21,daytona-evo-sports-gtx-waterproof-boots-22,daytona-evo-sports-gtx-waterproof-boots-23,daytona-evo-sports-gtx-waterproof-boots-24,daytona-evo-sports-gtx-waterproof-boots-25,daytona-evo-sports-gtx-waterproof-boots-26,daytona-evo-sports-gtx-waterproof-boots-27,daytona-evo-sports-gtx-waterproof-boots-28,daytona-evo-sports-gtx-waterproof-boots-29,daytona-evo-sports-gtx-waterproof-boots-30,daytona-evo-sports-gtx-waterproof-boots-31,daytona-evo-sports-gtx-waterproof-boots-32,daytona-evo-sports-gtx-waterproof-boots-33,daytona-evo-sports-gtx-waterproof-boots-34,daytona-evo-sports-gtx-waterproof-boots-35,daytona-evo-sports-gtx-waterproof-boots-36,daytona-evo-sports-gtx-waterproof-boots-37,daytona-evo-sports-gtx-waterproof-boots-38,daytona-evo-sports-gtx-waterproof-boots-39,daytona-evo-sports-gtx-waterproof-boots-40,daytona-evo-sports-gtx-waterproof-boots-41,daytona-evo-sports-gtx-waterproof-boots-42,daytona-evo-sports-gtx-waterproof-boots-43,daytona-evo-sports-gtx-waterproof-boots-44,daytona-evo-sports-gtx-waterproof-boots-45,daytona-evo-sports-gtx-waterproof-boots-46,daytona-evo-sports-gtx-waterproof-boots-47,daytona-evo-sports-gtx-waterproof-boots-48,daytona-evo-sports-gtx-waterproof-boots-49,daytona-evo-sports-gtx-waterproof-boots-50,daytona-evo-sports-gtx-waterproof-boots-51,daytona-evo-sports-gtx-waterproof-boots-52",52,https://cdn.shopify.com/s/files/1/0076/8301/4754/products/daytona-Evo-sports_rot.jpg?v=1668688189|pos:1|alt:Daytona Daytona Evo-Sports GTX Waterproof Boots – front view || https://cdn.shopify.com/s/files/1/0076/8301/4754/products/daytona-Evo-sports_blau_a30d9542-6a00-4faa-995e-732d4e4d5c42.jpg?v=1668688189|pos:2|alt:Daytona Daytona Evo-Sports GTX Waterproof Boots – side view || https://cdn.shopify.com/s/files/1/0076/8301/4754/products/daytona-Evo-Sports-GTX_gun.jpg?v=1668688190|pos:3|alt:Daytona Daytona Evo-Sports GTX Waterproof Boots – rear view || https://cdn.shopify.com/s/files/1/0076/8301/4754/products/daytona-Evo-sports-y.jpg?v=1668688192|pos:4|alt:Daytona Daytona Evo-Sports GTX Waterproof Boots – detail view,4,Daytona Daytona Evo-Sports GTX Waterproof Boots – front view | Daytona Daytona Evo-Sports GTX Waterproof Boots – side view | Daytona Daytona Evo-Sports GTX Waterproof Boots – rear view | Daytona Daytona Evo-Sports GTX Waterproof Boots – detail view,feature:waterproof,1,Daytona Evo-Sports GTX Waterproof Boots,Daytona Evo-Sports GTX Waterproof Boots. Safety shell technology for sports drivers.,torsion-resistant polyamide hard shell.,,"waterproof and breathable due to Gore-Tex More-Season membrane (80% polyamide, 20% polyester). load-bearing hinge-joint connection. shock-absorbing latex foam pads for calf, ankle and heel.",,Available in multiple sizes. Check the size guide before ordering.,Daytona Evo-Sports GTX Waterproof Boots — a riding Boot built to the specifications listed above.,true,draft,https://cdn.shopify.com/s/files/1/0076/8301/4754/products/daytona-Evo-sports_rot.jpg?v=1668688189|role:hero || https://cdn.shopify.com/s/files/1/0076/8301/4754/products/daytona-Evo-sports_blau_a30d9542-6a00-4faa-995e-732d4e4d5c42.jpg?v=1668688189|role:construction detail || https://cdn.shopify.com/s/files/1/0076/8301/4754/products/daytona-Evo-Sports-GTX_gun.jpg?v=1668688190|role:side profile,3,false,/products/daytona-evo-sports-gtx-waterproof-boots,/products/daytona-evo-sports-gtx-waterproof-boots
daytona-evo-voltex-gtx-waterproof-boots,daytona-evo-voltex-gtx-waterproof-boots,Daytona Evo Voltex GTX Waterproof Boots,Daytona Evo Voltex GTX Waterproof Boots,daytona-evo-voltex-gtx-waterproof-boots,"Safety shell technology for sports drivers. Waterproof and breathable. Only from Daytona®. • torsion-resistant polyamide hard shell. • waterproof and breathable due to Gore-Tex More-Season membrane (80% polyamide, 20% polyester). • load-bearing hinge-joint connection. • shock-absorbing latex foam pads for calf, ankle and heel. Available in multiple sizes and/or colours — select your variant.","Safety shell technology for sports drivers. Waterproof and breathable. Only from Daytona®.<br><br>
<strong data-mce-fragment=""1"">Features:</strong>
<ul data-mce-fragment=""1"">
<li data-mce-fragment=""1"">torsion-resistant polyamide hard shell</li>
<li data-mce-fragment=""1"">waterproof and breathable due to Gore-Tex More-Season membrane (80% polyamide, 20% polyester)</li>
<li data-mce-fragment=""1"">load-bearing hinge-joint connection</li>
<li data-mce-fragment=""1"">shock-absorbing latex foam pads for calf, ankle and heel</li>
<li data-mce-fragment=""1"">anatomically shaped ball heel</li>
<li data-mce-fragment=""1"">especially tear-resistant, soft, hydrophobic cowhide</li>
<li data-mce-fragment=""1"">adhesive closure for individual calf widths</li>
<li data-mce-fragment=""1"">shin guard, padded inside, removable with velcro</li>
<li data-mce-fragment=""1"">two protectors at particularly vulnerable points, covered with leather</li>
<li data-mce-fragment=""1"">elastic zone at instep and heel for better mobility</li>
<li data-mce-fragment=""1"">PU switching reinforcement</li>
<li data-mce-fragment=""1"">air Inlet</li>
<li data-mce-fragment=""1"">heel Reflector</li>
<li data-mce-fragment=""1"">insole with high-quality fibre fleece, hot-dip galvanised steel inlay and plastic reinforcement</li>
<li data-mce-fragment=""1"">non-slip special racing sole with extremely rounded carbon-look heel</li>
<li data-mce-fragment=""1"">titanium sole wear edges, replaceable</li>
<li data-mce-fragment=""1"">shaft height: approx. 32 cm</li>
</ul>","Safety shell technology for sports drivers. Waterproof and breathable. Only from Daytona®.

Features:

• torsion-resistant polyamide hard shell

• waterproof and breathable due to Gore-Tex More-Season membrane (80% polyamide, 20% polyester)

• load-bearing hinge-joint connection

• shock-absorbing latex foam pads for calf, ankle and heel

• anatomically shaped ball heel

• especially tear-resistant, soft, hydrophobic cowhide

• adhesive closure for individual calf widths

• shin guard, padded inside, removable with velcro

• two protectors at particularly vulnerable points, covered with leather

• elastic zone at instep and heel for better mobility

• PU switching reinforcement

• air Inlet

• heel Reflector

• insole with high-quality fibre fleece, hot-dip galvanised steel inlay and plastic reinforcement

• non-slip special racing sole with extremely rounded carbon-look heel

• titanium sole wear edges, replaceable

• shaft height: approx. 32 cm",98000,,2026-07-26,active,Daytona,5000,g,Buy Daytona Evo Voltex GTX Waterproof Boots | Mile 27 Store,Safety shell technology for sports drivers. Waterproof and breathable. Only from Daytona®. torsion-resistant polyamide hard shell. waterproof and…,"torsion-resistant polyamide hard shell | waterproof and breathable due to Gore-Tex More-Season membrane (80% polyamide, 20% polyester) | load-bearing hinge-joint connection | shock-absorbing latex foam pads for calf, ankle and heel",Cleaned noise; brand verified,High,false,Riding Gear > Riding Boots,High,"Mapped from Shopify Type ""Riding Boots""",daytona-evo-voltex-gtx-waterproof-boots-1|Size:36:Colour:Black|price:98000.00|compare:|weight:5000|barcode:|qty:0 | daytona-evo-voltex-gtx-waterproof-boots-2|Size:36:Colour:Black/Anthracite|price:98000.00|compare:|weight:5000|barcode:|qty:0 | daytona-evo-voltex-gtx-waterproof-boots-3|Size:36:Colour:Black/White|price:98000.00|compare:|weight:5000|barcode:|qty:0 | daytona-evo-voltex-gtx-waterproof-boots-4|Size:36:Colour:White/Black/Red|price:98000.00|compare:|weight:5000|barcode:|qty:0 | daytona-evo-voltex-gtx-waterproof-boots-5|Size:36:Colour:Red/Black/White|price:98000.00|compare:|weight:5000|barcode:|qty:0 | daytona-evo-voltex-gtx-waterproof-boots-6|Size:37:Colour:Black|price:98000.00|compare:|weight:5000|barcode:|qty:0 | daytona-evo-voltex-gtx-waterproof-boots-7|Size:37:Colour:Black/Anthracite|price:98000.00|compare:|weight:5000|barcode:|qty:0 | daytona-evo-voltex-gtx-waterproof-boots-8|Size:37:Colour:Black/White|price:98000.00|compare:|weight:5000|barcode:|qty:0 | daytona-evo-voltex-gtx-waterproof-boots-9|Size:37:Colour:White/Black/Red|price:98000.00|compare:|weight:5000|barcode:|qty:0 | daytona-evo-voltex-gtx-waterproof-boots-10|Size:37:Colour:Red/Black/White|price:98000.00|compare:|weight:5000|barcode:|qty:0 | daytona-evo-voltex-gtx-waterproof-boots-11|Size:38:Colour:Black|price:98000.00|compare:|weight:5000|barcode:|qty:0 | daytona-evo-voltex-gtx-waterproof-boots-12|Size:38:Colour:Black/Anthracite|price:98000.00|compare:|weight:5000|barcode:|qty:0 | daytona-evo-voltex-gtx-waterproof-boots-13|Size:38:Colour:Black/White|price:98000.00|compare:|weight:5000|barcode:|qty:0 | daytona-evo-voltex-gtx-waterproof-boots-14|Size:38:Colour:White/Black/Red|price:98000.00|compare:|weight:5000|barcode:|qty:0 | daytona-evo-voltex-gtx-waterproof-boots-15|Size:38:Colour:Red/Black/White|price:98000.00|compare:|weight:5000|barcode:|qty:0 | daytona-evo-voltex-gtx-waterproof-boots-16|Size:39:Colour:Black|price:98000.00|compare:|weight:5000|barcode:|qty:0 | daytona-evo-voltex-gtx-waterproof-boots-17|Size:39:Colour:Black/Anthracite|price:98000.00|compare:|weight:5000|barcode:|qty:0 | daytona-evo-voltex-gtx-waterproof-boots-18|Size:39:Colour:Black/White|price:98000.00|compare:|weight:5000|barcode:|qty:0 | daytona-evo-voltex-gtx-waterproof-boots-19|Size:39:Colour:White/Black/Red|price:98000.00|compare:|weight:5000|barcode:|qty:0 | daytona-evo-voltex-gtx-waterproof-boots-20|Size:39:Colour:Red/Black/White|price:98000.00|compare:|weight:5000|barcode:|qty:0 | daytona-evo-voltex-gtx-waterproof-boots-21|Size:40:Colour:Black|price:98000.00|compare:|weight:5000|barcode:|qty:0 | daytona-evo-voltex-gtx-waterproof-boots-22|Size:40:Colour:Black/Anthracite|price:98000.00|compare:|weight:5000|barcode:|qty:0 | daytona-evo-voltex-gtx-waterproof-boots-23|Size:40:Colour:Black/White|price:98000.00|compare:|weight:5000|barcode:|qty:0 | daytona-evo-voltex-gtx-waterproof-boots-24|Size:40:Colour:White/Black/Red|price:98000.00|compare:|weight:5000|barcode:|qty:0 | daytona-evo-voltex-gtx-waterproof-boots-25|Size:40:Colour:Red/Black/White|price:98000.00|compare:|weight:5000|barcode:|qty:0 | daytona-evo-voltex-gtx-waterproof-boots-26|Size:41:Colour:Black|price:98000.00|compare:|weight:5000|barcode:|qty:0 | daytona-evo-voltex-gtx-waterproof-boots-27|Size:41:Colour:Black/Anthracite|price:98000.00|compare:|weight:5000|barcode:|qty:0 | daytona-evo-voltex-gtx-waterproof-boots-28|Size:41:Colour:Black/White|price:98000.00|compare:|weight:5000|barcode:|qty:0 | daytona-evo-voltex-gtx-waterproof-boots-29|Size:41:Colour:White/Black/Red|price:98000.00|compare:|weight:5000|barcode:|qty:0 | daytona-evo-voltex-gtx-waterproof-boots-30|Size:41:Colour:Red/Black/White|price:98000.00|compare:|weight:5000|barcode:|qty:0 | daytona-evo-voltex-gtx-waterproof-boots-31|Size:42:Colour:Black|price:98000.00|compare:|weight:5000|barcode:|qty:0 | daytona-evo-voltex-gtx-waterproof-boots-32|Size:42:Colour:Black/Anthracite|price:98000.00|compare:|weight:5000|barcode:|qty:0 | daytona-evo-voltex-gtx-waterproof-boots-33|Size:42:Colour:Black/White|price:98000.00|compare:|weight:5000|barcode:|qty:0 | daytona-evo-voltex-gtx-waterproof-boots-34|Size:42:Colour:White/Black/Red|price:98000.00|compare:|weight:5000|barcode:|qty:0 | daytona-evo-voltex-gtx-waterproof-boots-35|Size:42:Colour:Red/Black/White|price:98000.00|compare:|weight:5000|barcode:|qty:0 | daytona-evo-voltex-gtx-waterproof-boots-36|Size:43:Colour:Black|price:98000.00|compare:|weight:5000|barcode:|qty:0 | daytona-evo-voltex-gtx-waterproof-boots-37|Size:43:Colour:Black/Anthracite|price:98000.00|compare:|weight:5000|barcode:|qty:0 | daytona-evo-voltex-gtx-waterproof-boots-38|Size:43:Colour:Black/White|price:98000.00|compare:|weight:5000|barcode:|qty:0 | daytona-evo-voltex-gtx-waterproof-boots-39|Size:43:Colour:White/Black/Red|price:98000.00|compare:|weight:5000|barcode:|qty:0 | daytona-evo-voltex-gtx-waterproof-boots-40|Size:43:Colour:Red/Black/White|price:98000.00|compare:|weight:5000|barcode:|qty:0 | daytona-evo-voltex-gtx-waterproof-boots-41|Size:44:Colour:Black|price:98000.00|compare:|weight:5000|barcode:|qty:0 | daytona-evo-voltex-gtx-waterproof-boots-42|Size:44:Colour:Black/Anthracite|price:98000.00|compare:|weight:5000|barcode:|qty:0 | daytona-evo-voltex-gtx-waterproof-boots-43|Size:44:Colour:Black/White|price:98000.00|compare:|weight:5000|barcode:|qty:0 | daytona-evo-voltex-gtx-waterproof-boots-44|Size:44:Colour:White/Black/Red|price:98000.00|compare:|weight:5000|barcode:|qty:0 | daytona-evo-voltex-gtx-waterproof-boots-45|Size:44:Colour:Red/Black/White|price:98000.00|compare:|weight:5000|barcode:|qty:0 | daytona-evo-voltex-gtx-waterproof-boots-46|Size:45:Colour:Black|price:98000.00|compare:|weight:5000|barcode:|qty:0 | daytona-evo-voltex-gtx-waterproof-boots-47|Size:45:Colour:Black/Anthracite|price:98000.00|compare:|weight:5000|barcode:|qty:0 | daytona-evo-voltex-gtx-waterproof-boots-48|Size:45:Colour:Black/White|price:98000.00|compare:|weight:5000|barcode:|qty:0 | daytona-evo-voltex-gtx-waterproof-boots-49|Size:45:Colour:White/Black/Red|price:98000.00|compare:|weight:5000|barcode:|qty:0 | daytona-evo-voltex-gtx-waterproof-boots-50|Size:45:Colour:Red/Black/White|price:98000.00|compare:|weight:5000|barcode:|qty:0 | daytona-evo-voltex-gtx-waterproof-boots-51|Size:46:Colour:Black|price:98000.00|compare:|weight:5000|barcode:|qty:0 | daytona-evo-voltex-gtx-waterproof-boots-52|Size:46:Colour:Black/Anthracite|price:98000.00|compare:|weight:5000|barcode:|qty:0 | daytona-evo-voltex-gtx-waterproof-boots-53|Size:46:Colour:Black/White|price:98000.00|compare:|weight:5000|barcode:|qty:0 | daytona-evo-voltex-gtx-waterproof-boots-54|Size:46:Colour:White/Black/Red|price:98000.00|compare:|weight:5000|barcode:|qty:0 | daytona-evo-voltex-gtx-waterproof-boots-55|Size:46:Colour:Red/Black/White|price:98000.00|compare:|weight:5000|barcode:|qty:0 | daytona-evo-voltex-gtx-waterproof-boots-56|Size:47:Colour:Black|price:98000.00|compare:|weight:5000|barcode:|qty:0 | daytona-evo-voltex-gtx-waterproof-boots-57|Size:47:Colour:Black/Anthracite|price:98000.00|compare:|weight:5000|barcode:|qty:0 | daytona-evo-voltex-gtx-waterproof-boots-58|Size:47:Colour:Black/White|price:98000.00|compare:|weight:5000|barcode:|qty:0 | daytona-evo-voltex-gtx-waterproof-boots-59|Size:47:Colour:White/Black/Red|price:98000.00|compare:|weight:5000|barcode:|qty:0 | daytona-evo-voltex-gtx-waterproof-boots-60|Size:47:Colour:Red/Black/White|price:98000.00|compare:|weight:5000|barcode:|qty:0 | daytona-evo-voltex-gtx-waterproof-boots-61|Size:48:Colour:Black|price:98000.00|compare:|weight:5000|barcode:|qty:0 | daytona-evo-voltex-gtx-waterproof-boots-62|Size:48:Colour:Black/Anthracite|price:98000.00|compare:|weight:5000|barcode:|qty:0 | daytona-evo-voltex-gtx-waterproof-boots-63|Size:48:Colour:Black/White|price:98000.00|compare:|weight:5000|barcode:|qty:0 | daytona-evo-voltex-gtx-waterproof-boots-64|Size:48:Colour:White/Black/Red|price:98000.00|compare:|weight:5000|barcode:|qty:0 | daytona-evo-voltex-gtx-waterproof-boots-65|Size:48:Colour:Red/Black/White|price:98000.00|compare:|weight:5000|barcode:|qty:0 | daytona-evo-voltex-gtx-waterproof-boots-66|Size:49:Colour:Black|price:98000.00|compare:|weight:5000|barcode:|qty:0 | daytona-evo-voltex-gtx-waterproof-boots-67|Size:49:Colour:Black/Anthracite|price:98000.00|compare:|weight:5000|barcode:|qty:0 | daytona-evo-voltex-gtx-waterproof-boots-68|Size:49:Colour:Black/White|price:98000.00|compare:|weight:5000|barcode:|qty:0 | daytona-evo-voltex-gtx-waterproof-boots-69|Size:49:Colour:White/Black/Red|price:98000.00|compare:|weight:5000|barcode:|qty:0 | daytona-evo-voltex-gtx-waterproof-boots-70|Size:49:Colour:Red/Black/White|price:98000.00|compare:|weight:5000|barcode:|qty:0,"daytona-evo-voltex-gtx-waterproof-boots-1,daytona-evo-voltex-gtx-waterproof-boots-2,daytona-evo-voltex-gtx-waterproof-boots-3,daytona-evo-voltex-gtx-waterproof-boots-4,daytona-evo-voltex-gtx-waterproof-boots-5,daytona-evo-voltex-gtx-waterproof-boots-6,daytona-evo-voltex-gtx-waterproof-boots-7,daytona-evo-voltex-gtx-waterproof-boots-8,daytona-evo-voltex-gtx-waterproof-boots-9,daytona-evo-voltex-gtx-waterproof-boots-10,daytona-evo-voltex-gtx-waterproof-boots-11,daytona-evo-voltex-gtx-waterproof-boots-12,daytona-evo-voltex-gtx-waterproof-boots-13,daytona-evo-voltex-gtx-waterproof-boots-14,daytona-evo-voltex-gtx-waterproof-boots-15,daytona-evo-voltex-gtx-waterproof-boots-16,daytona-evo-voltex-gtx-waterproof-boots-17,daytona-evo-voltex-gtx-waterproof-boots-18,daytona-evo-voltex-gtx-waterproof-boots-19,daytona-evo-voltex-gtx-waterproof-boots-20,daytona-evo-voltex-gtx-waterproof-boots-21,daytona-evo-voltex-gtx-waterproof-boots-22,daytona-evo-voltex-gtx-waterproof-boots-23,daytona-evo-voltex-gtx-waterproof-boots-24,daytona-evo-voltex-gtx-waterproof-boots-25,daytona-evo-voltex-gtx-waterproof-boots-26,daytona-evo-voltex-gtx-waterproof-boots-27,daytona-evo-voltex-gtx-waterproof-boots-28,daytona-evo-voltex-gtx-waterproof-boots-29,daytona-evo-voltex-gtx-waterproof-boots-30,daytona-evo-voltex-gtx-waterproof-boots-31,daytona-evo-voltex-gtx-waterproof-boots-32,daytona-evo-voltex-gtx-waterproof-boots-33,daytona-evo-voltex-gtx-waterproof-boots-34,daytona-evo-voltex-gtx-waterproof-boots-35,daytona-evo-voltex-gtx-waterproof-boots-36,daytona-evo-voltex-gtx-waterproof-boots-37,daytona-evo-voltex-gtx-waterproof-boots-38,daytona-evo-voltex-gtx-waterproof-boots-39,daytona-evo-voltex-gtx-waterproof-boots-40,daytona-evo-voltex-gtx-waterproof-boots-41,daytona-evo-voltex-gtx-waterproof-boots-42,daytona-evo-voltex-gtx-waterproof-boots-43,daytona-evo-voltex-gtx-waterproof-boots-44,daytona-evo-voltex-gtx-waterproof-boots-45,daytona-evo-voltex-gtx-waterproof-boots-46,daytona-evo-voltex-gtx-waterproof-boots-47,daytona-evo-voltex-gtx-waterproof-boots-48,daytona-evo-voltex-gtx-waterproof-boots-49,daytona-evo-voltex-gtx-waterproof-boots-50,daytona-evo-voltex-gtx-waterproof-boots-51,daytona-evo-voltex-gtx-waterproof-boots-52,daytona-evo-voltex-gtx-waterproof-boots-53,daytona-evo-voltex-gtx-waterproof-boots-54,daytona-evo-voltex-gtx-waterproof-boots-55,daytona-evo-voltex-gtx-waterproof-boots-56,daytona-evo-voltex-gtx-waterproof-boots-57,daytona-evo-voltex-gtx-waterproof-boots-58,daytona-evo-voltex-gtx-waterproof-boots-59,daytona-evo-voltex-gtx-waterproof-boots-60,daytona-evo-voltex-gtx-waterproof-boots-61,daytona-evo-voltex-gtx-waterproof-boots-62,daytona-evo-voltex-gtx-waterproof-boots-63,daytona-evo-voltex-gtx-waterproof-boots-64,daytona-evo-voltex-gtx-waterproof-boots-65,daytona-evo-voltex-gtx-waterproof-boots-66,daytona-evo-voltex-gtx-waterproof-boots-67,daytona-evo-voltex-gtx-waterproof-boots-68,daytona-evo-voltex-gtx-waterproof-boots-69,daytona-evo-voltex-gtx-waterproof-boots-70",70,https://cdn.shopify.com/s/files/1/0076/8301/4754/products/Daytona-Evo-Voltex-schwarz_516a5d9d-42df-4457-a8dd-dfe9c35b8d06.jpg?v=1668688569|pos:1|alt:Daytona Daytona Evo Voltex GTX Waterproof Boots – front view || https://cdn.shopify.com/s/files/1/0076/8301/4754/products/Daytona-Evo-Voltex-schw-gunm_60c4e768-e1ae-44d8-901e-67473294990d.jpg?v=1668688569|pos:2|alt:Daytona Daytona Evo Voltex GTX Waterproof Boots – side view || https://cdn.shopify.com/s/files/1/0076/8301/4754/products/Daytona-Evo-Voltex-schw-weiss_55fd7fec-4532-490f-8e2c-0fbf9278a2d9.jpg?v=1668688573|pos:3|alt:Daytona Daytona Evo Voltex GTX Waterproof Boots – rear view || https://cdn.shopify.com/s/files/1/0076/8301/4754/products/Daytona-Evo-Voltex-weiss-schw-rot_62de5866-fd7c-4e13-a889-d6b302153ec9.jpg?v=1668688570|pos:4|alt:Daytona Daytona Evo Voltex GTX Waterproof Boots – detail view || https://cdn.shopify.com/s/files/1/0076/8301/4754/products/Daytona-Evo-Voltex-rot-schw-weiss_Paar_bb3af923-5d15-4290-b2e1-ed56aa98c47a.jpg?v=1668688570|pos:5|alt:Daytona Daytona Evo Voltex GTX Waterproof Boots – top view,5,Daytona Daytona Evo Voltex GTX Waterproof Boots – front view | Daytona Daytona Evo Voltex GTX Waterproof Boots – side view | Daytona Daytona Evo Voltex GTX Waterproof Boots – rear view | Daytona Daytona Evo Voltex GTX Waterproof Boots – detail view | Daytona Daytona Evo Voltex GTX Waterproof Boots – top view,feature:waterproof,1,Daytona Evo Voltex GTX Waterproof Boots,Daytona Evo Voltex GTX Waterproof Boots. Safety shell technology for sports drivers.,torsion-resistant polyamide hard shell.,,"waterproof and breathable due to Gore-Tex More-Season membrane (80% polyamide, 20% polyester). load-bearing hinge-joint connection. shock-absorbing latex foam pads for calf, ankle and heel.",,Available in multiple sizes. Check the size guide before ordering.,Daytona Evo Voltex GTX Waterproof Boots — a riding Boot built to the specifications listed above.,true,draft,https://cdn.shopify.com/s/files/1/0076/8301/4754/products/Daytona-Evo-Voltex-schwarz_516a5d9d-42df-4457-a8dd-dfe9c35b8d06.jpg?v=1668688569|role:hero || https://cdn.shopify.com/s/files/1/0076/8301/4754/products/Daytona-Evo-Voltex-schw-gunm_60c4e768-e1ae-44d8-901e-67473294990d.jpg?v=1668688569|role:construction detail || https://cdn.shopify.com/s/files/1/0076/8301/4754/products/Daytona-Evo-Voltex-schw-weiss_55fd7fec-4532-490f-8e2c-0fbf9278a2d9.jpg?v=1668688573|role:side profile,3,false,/products/daytona-evo-voltex-gtx-waterproof-boots,/products/daytona-evo-voltex-gtx-waterproof-boots
daytona-transtourman-gtx-waterproof-boots,daytona-transtourman-gtx-waterproof-boots,Daytona TransTourMan GTX Waterproof Boots,Daytona TransTourMan GTX Waterproof Boots,daytona-transtourman-gtx-waterproof-boots,"Travel enduro boots with cross genes. • strong special full cowhide, water-repellent greased. • waterproof and breathable due to Gore-Tex Duratherm membrane (80% polyamide, 20% polyester). • PU foam midsole. • climate insole, anatomically shaped. Available in multiple sizes and/or colours — select your variant.","Travel enduro boots with cross genes.<br><br>
<strong data-mce-fragment=""1"">Features:</strong>
<ul data-mce-fragment=""1"">
<li data-mce-fragment=""1"">strong special full cowhide, water-repellent greased</li>
<li data-mce-fragment=""1"">waterproof and breathable due to Gore-Tex Duratherm membrane (80% polyamide, 20% polyester)</li>
<li data-mce-fragment=""1"">PU foam midsole</li>
<li data-mce-fragment=""1"">climate insole, anatomically shaped</li>
<li data-mce-fragment=""1"">splash-proof shaft edge</li>
<li data-mce-fragment=""1"">padded shaft ends keep dirt and splash water away</li>
<li data-mce-fragment=""1"">large-surface plastic switching reinforcement</li>
<li data-mce-fragment=""1"">adjustable closure buckle</li>
<li data-mce-fragment=""1"">elastic insert and velcro adjustment along the zipper</li>
<li data-mce-fragment=""1"">plastic-reinforced inner sole with hot-dip galvanized steel inlay, particularly torsion-resistant and yet easy to roll</li>
<li data-mce-fragment=""1"">plastic heel</li>
<li data-mce-fragment=""1"">massive shin protector</li>
<li data-mce-fragment=""1"">inner side protection for ankle and calf, nubuck applications reinforced with plastic</li>
<li data-mce-fragment=""1"">non-slip, robust special Enduro sole with replaceable footrest wear part</li>
<li data-mce-fragment=""1"">shaft height: approx. 35 cm</li>
</ul>","Travel enduro boots with cross genes.

Features:

• strong special full cowhide, water-repellent greased

• waterproof and breathable due to Gore-Tex Duratherm membrane (80% polyamide, 20% polyester)

• PU foam midsole

• climate insole, anatomically shaped

• splash-proof shaft edge

• padded shaft ends keep dirt and splash water away

• large-surface plastic switching reinforcement

• adjustable closure buckle

• elastic insert and velcro adjustment along the zipper

• plastic-reinforced inner sole with hot-dip galvanized steel inlay, particularly torsion-resistant and yet easy to roll

• plastic heel

• massive shin protector

• inner side protection for ankle and calf, nubuck applications reinforced with plastic

• non-slip, robust special Enduro sole with replaceable footrest wear part

• shaft height: approx. 35 cm",79500,,2026-07-26,active,Daytona,5000,g,Buy Daytona TransTourMan GTX Waterproof Boots | Mile 27 Store,"Travel enduro boots with cross genes. strong special full cowhide, water-repellent greased. waterproof and breathable due to Gore-Tex Duratherm membrane…","strong special full cowhide, water-repellent greased | waterproof and breathable due to Gore-Tex Duratherm membrane (80% polyamide, 20% polyester) | PU foam midsole | climate insole, anatomically shaped",Cleaned noise; brand verified,High,false,Riding Gear > Riding Boots,High,"Mapped from Shopify Type ""Riding Boots""",daytona-transtourman-gtx-waterproof-boots-1|Size:38|price:79500.00|compare:|weight:5000|barcode:|qty:0 | daytona-transtourman-gtx-waterproof-boots-2|Size:39|price:79500.00|compare:|weight:5000|barcode:|qty:0 | daytona-transtourman-gtx-waterproof-boots-3|Size:40|price:79500.00|compare:|weight:5000|barcode:|qty:0 | daytona-transtourman-gtx-waterproof-boots-4|Size:41|price:79500.00|compare:|weight:5000|barcode:|qty:0 | daytona-transtourman-gtx-waterproof-boots-5|Size:42|price:79500.00|compare:|weight:5000|barcode:|qty:0 | daytona-transtourman-gtx-waterproof-boots-6|Size:43|price:79500.00|compare:|weight:5000|barcode:|qty:0 | daytona-transtourman-gtx-waterproof-boots-7|Size:44|price:79500.00|compare:|weight:5000|barcode:|qty:0 | daytona-transtourman-gtx-waterproof-boots-8|Size:45|price:79500.00|compare:|weight:5000|barcode:|qty:0 | daytona-transtourman-gtx-waterproof-boots-9|Size:46|price:79500.00|compare:|weight:5000|barcode:|qty:0 | daytona-transtourman-gtx-waterproof-boots-10|Size:47|price:79500.00|compare:|weight:5000|barcode:|qty:0 | daytona-transtourman-gtx-waterproof-boots-11|Size:48|price:79500.00|compare:|weight:5000|barcode:|qty:0 | daytona-transtourman-gtx-waterproof-boots-12|Size:49|price:79500.00|compare:|weight:5000|barcode:|qty:0,"daytona-transtourman-gtx-waterproof-boots-1,daytona-transtourman-gtx-waterproof-boots-2,daytona-transtourman-gtx-waterproof-boots-3,daytona-transtourman-gtx-waterproof-boots-4,daytona-transtourman-gtx-waterproof-boots-5,daytona-transtourman-gtx-waterproof-boots-6,daytona-transtourman-gtx-waterproof-boots-7,daytona-transtourman-gtx-waterproof-boots-8,daytona-transtourman-gtx-waterproof-boots-9,daytona-transtourman-gtx-waterproof-boots-10,daytona-transtourman-gtx-waterproof-boots-11,daytona-transtourman-gtx-waterproof-boots-12",12,https://cdn.shopify.com/s/files/1/0076/8301/4754/products/Daytona_TransTourMenGTX.jpg?v=1668689284|pos:1|alt:Daytona Daytona TransTourMan GTX Waterproof Boots – front view,1,Daytona Daytona TransTourMan GTX Waterproof Boots – front view,feature:waterproof,1,Daytona TransTourMan GTX Waterproof Boots,Daytona TransTourMan GTX Waterproof Boots. Travel enduro boots with cross genes.,,,"strong special full cowhide, water-repellent greased. waterproof and breathable due to Gore-Tex Duratherm membrane (80% polyamide, 20% polyester). PU foam midsole. climate insole, anatomically shaped.",,Available in multiple sizes. Check the size guide before ordering.,Daytona TransTourMan GTX Waterproof Boots — a riding Boot built to the specifications listed above.,true,draft,https://cdn.shopify.com/s/files/1/0076/8301/4754/products/Daytona_TransTourMenGTX.jpg?v=1668689284|role:hero,1,false,/products/daytona-transtourman-gtx-waterproof-boots,/products/daytona-transtourman-gtx-waterproof-boots
daytona-big-travel-gtx-waterproof-boots,daytona-big-travel-gtx-waterproof-boots,Daytona Big Travel GTX Waterproof Boots,Daytona Big Travel GTX Waterproof Boots,daytona-big-travel-gtx-waterproof-boots,"The mature touring boot with full equipment. High price level, but worth every cent. • strong, water-repellent greased special full-grain cowhide. • waterproof and breathable due to Gore-Tex Duratherm membrane (80% polyamide, 20% polyester). • large adhesive fasteners for individual calf widths. • double cuff. Available in multiple sizes and/or colours — select your variant.","The mature touring boot with full equipment. High price level, but worth every cent.<br><br>
<strong data-mce-fragment=""1"">Features:</strong>
<ul data-mce-fragment=""1"">
<li data-mce-fragment=""1"">strong, water-repellent greased special full-grain cowhide</li>
<li data-mce-fragment=""1"">waterproof and breathable due to Gore-Tex Duratherm membrane (80% polyamide, 20% polyester)</li>
<li data-mce-fragment=""1"">large adhesive fasteners for individual calf widths</li>
<li data-mce-fragment=""1"">double cuff</li>
<li data-mce-fragment=""1"">splash-proof shaft edge</li>
<li data-mce-fragment=""1"">two zippers for easy access, covered with leather</li>
<li data-mce-fragment=""1"">abrasion-resistant PU-shift reinforcement</li>
<li data-mce-fragment=""1"">PU foam midsole</li>
<li data-mce-fragment=""1"">climate insole, anatomically shaped</li>
<li data-mce-fragment=""1"">robust ankle protection, padded inside with open-cell special foam</li>
<li data-mce-fragment=""1"">Shin guard, padded inside with latex foam</li>
<li data-mce-fragment=""1"">plastic-reinforced inner sole with hot-dip galvanized steel inlay, particularly torsion-resistant and yet easy to roll off</li>
<li data-mce-fragment=""1"">3M Scotchlite heel reflector</li>
<li data-mce-fragment=""1"">non-slip, robust special touring sole</li>
<li data-mce-fragment=""1"">shaft height: approx. 34 cm</li>
</ul>","The mature touring boot with full equipment. High price level, but worth every cent.

Features:

• strong, water-repellent greased special full-grain cowhide

• waterproof and breathable due to Gore-Tex Duratherm membrane (80% polyamide, 20% polyester)

• large adhesive fasteners for individual calf widths

• double cuff

• splash-proof shaft edge

• two zippers for easy access, covered with leather

• abrasion-resistant PU-shift reinforcement

• PU foam midsole

• climate insole, anatomically shaped

• robust ankle protection, padded inside with open-cell special foam

• Shin guard, padded inside with latex foam

• plastic-reinforced inner sole with hot-dip galvanized steel inlay, particularly torsion-resistant and yet easy to roll off

• 3M Scotchlite heel reflector

• non-slip, robust special touring sole

• shaft height: approx. 34 cm",67500,,2026-07-26,active,Daytona,5000,g,Buy Daytona Big Travel GTX Waterproof Boots | Mile 27 Store,"The mature touring boot with full equipment. High price level, but worth every cent. strong, water-repellent greased special full-grain cowhide.…","strong, water-repellent greased special full-grain cowhide | waterproof and breathable due to Gore-Tex Duratherm membrane (80% polyamide, 20% polyester) | large adhesive fasteners for individual calf widths | double cuff",Cleaned noise; brand verified,High,false,Riding Gear > Riding Boots,High,"Mapped from Shopify Type ""Riding Boots""",daytona-big-travel-gtx-waterproof-boots-1|Size:44|price:67500.00|compare:|weight:5000|barcode:|qty:0 | daytona-big-travel-gtx-waterproof-boots-2|Size:45|price:67500.00|compare:|weight:5000|barcode:|qty:0 | daytona-big-travel-gtx-waterproof-boots-3|Size:46|price:67500.00|compare:|weight:5000|barcode:|qty:0 | daytona-big-travel-gtx-waterproof-boots-4|Size:47|price:67500.00|compare:|weight:5000|barcode:|qty:0 | daytona-big-travel-gtx-waterproof-boots-5|Size:48|price:67500.00|compare:|weight:5000|barcode:|qty:0 | daytona-big-travel-gtx-waterproof-boots-6|Size:49|price:67500.00|compare:|weight:5000|barcode:|qty:0 | daytona-big-travel-gtx-waterproof-boots-7|Size:50|price:67500.00|compare:|weight:5000|barcode:|qty:0 | daytona-big-travel-gtx-waterproof-boots-8|Size:51|price:67500.00|compare:|weight:5000|barcode:|qty:0,"daytona-big-travel-gtx-waterproof-boots-1,daytona-big-travel-gtx-waterproof-boots-2,daytona-big-travel-gtx-waterproof-boots-3,daytona-big-travel-gtx-waterproof-boots-4,daytona-big-travel-gtx-waterproof-boots-5,daytona-big-travel-gtx-waterproof-boots-6,daytona-big-travel-gtx-waterproof-boots-7,daytona-big-travel-gtx-waterproof-boots-8",8,https://cdn.shopify.com/s/files/1/0076/8301/4754/products/daytona-big-travel-gtx.jpg?v=1668760724|pos:1|alt:Daytona Daytona Big Travel GTX Waterproof Boots – front view,1,Daytona Daytona Big Travel GTX Waterproof Boots – front view,feature:waterproof,1,Daytona Big Travel GTX Waterproof Boots,Daytona Big Travel GTX Waterproof Boots. The mature touring boot with full equipment.,,,"strong, water-repellent greased special full-grain cowhide. waterproof and breathable due to Gore-Tex Duratherm membrane (80% polyamide, 20% polyester). large adhesive fasteners for individual calf widths. double cuff.",,Available in multiple sizes. Check the size guide before ordering.,Daytona Big Travel GTX Waterproof Boots — a riding Boot built to the specifications listed above.,true,draft,https://cdn.shopify.com/s/files/1/0076/8301/4754/products/daytona-big-travel-gtx.jpg?v=1668760724|role:hero,1,false,/products/daytona-big-travel-gtx-waterproof-boots,/products/daytona-big-travel-gtx-waterproof-boots
daytona-trans-open-gtx-waterproof-boots,daytona-trans-open-gtx-waterproof-boots,Daytona Trans Open GTX Waterproof Boots,Daytona Trans Open GTX Waterproof Boots,daytona-trans-open-gtx-waterproof-boots,"Enduro and touring boots made of strong leather. Comfortable and light with maximum protection. • 8 mm thick, water-repellent greased special full-grain cowhide. • waterproof and breathable due to Gore-Tex Duratherm membrane (80% polyamide, 20% polyester). • large calf adjustment with adhesive fasteners. • two long zippers for easy access, completely covered with leather. Available in multiple sizes and/or colours — select your variant.","Enduro and touring boots made of strong leather. Comfortable and light with maximum protection.<br><br>
<strong data-mce-fragment=""1"">Features:</strong>
<ul data-mce-fragment=""1"">
<li data-mce-fragment=""1"">2.8 mm thick, water-repellent greased special full-grain cowhide</li>
<li data-mce-fragment=""1"">waterproof and breathable due to Gore-Tex Duratherm membrane (80% polyamide, 20% polyester)</li>
<li data-mce-fragment=""1"">large calf adjustment with adhesive fasteners</li>
<li data-mce-fragment=""1"">two long zippers for easy access, completely covered with leather</li>
<li data-mce-fragment=""1"">double cuff</li>
<li data-mce-fragment=""1"">splash-proof leather shaft edge</li>
<li data-mce-fragment=""1"">abrasion-resistant PU-shift reinforcement</li>
<li data-mce-fragment=""1"">PU foam midsole</li>
<li data-mce-fragment=""1"">climate insole, anatomically shaped</li>
<li data-mce-fragment=""1"">robust ankle and large-area shin protection made of impact-resistant plastic, padded inside with open-cell special foam</li>
<li data-mce-fragment=""1"">large-surface latex foam pads</li>
<li data-mce-fragment=""1"">plastic-reinforced inner sole with hot-dip galvanized steel inlay, particularly torsion-resistant and yet easy to roll</li>
<li data-mce-fragment=""1"">non-slip, robust special Enduro sole with metal fittings</li>
<li data-mce-fragment=""1"">shaft height: approx. 34 cm</li>
</ul>","Enduro and touring boots made of strong leather. Comfortable and light with maximum protection.

Features:

• 2.8 mm thick, water-repellent greased special full-grain cowhide

• waterproof and breathable due to Gore-Tex Duratherm membrane (80% polyamide, 20% polyester)

• large calf adjustment with adhesive fasteners

• two long zippers for easy access, completely covered with leather

• double cuff

• splash-proof leather shaft edge

• abrasion-resistant PU-shift reinforcement

• PU foam midsole

• climate insole, anatomically shaped

• robust ankle and large-area shin protection made of impact-resistant plastic, padded inside with open-cell special foam

• large-surface latex foam pads

• plastic-reinforced inner sole with hot-dip galvanized steel inlay, particularly torsion-resistant and yet easy to roll

• non-slip, robust special Enduro sole with metal fittings

• shaft height: approx. 34 cm",67500,,2026-07-26,active,Daytona,5000,g,Buy Daytona Trans Open GTX Waterproof Boots | Mile 27 Store,"Enduro and touring boots made of strong leather. Comfortable and light with maximum protection. 8 mm thick, water-repellent greased special full-grain…","8 mm thick, water-repellent greased special full-grain cowhide | waterproof and breathable due to Gore-Tex Duratherm membrane (80% polyamide, 20% polyester) | large calf adjustment with adhesive fasteners | two long zippers for easy access, completely covered with leather",Cleaned noise; brand verified,High,false,Riding Gear > Riding Boots,High,"Mapped from Shopify Type ""Riding Boots""",daytona-trans-open-gtx-waterproof-boots-1|Size:38|price:67500.00|compare:|weight:5000|barcode:|qty:0 | daytona-trans-open-gtx-waterproof-boots-2|Size:39|price:67500.00|compare:|weight:5000|barcode:|qty:0 | daytona-trans-open-gtx-waterproof-boots-3|Size:40|price:67500.00|compare:|weight:5000|barcode:|qty:0 | daytona-trans-open-gtx-waterproof-boots-4|Size:41|price:67500.00|compare:|weight:5000|barcode:|qty:0 | daytona-trans-open-gtx-waterproof-boots-5|Size:42|price:67500.00|compare:|weight:5000|barcode:|qty:0 | daytona-trans-open-gtx-waterproof-boots-6|Size:43|price:67500.00|compare:|weight:5000|barcode:|qty:0 | daytona-trans-open-gtx-waterproof-boots-7|Size:44|price:67500.00|compare:|weight:5000|barcode:|qty:0 | daytona-trans-open-gtx-waterproof-boots-8|Size:45|price:67500.00|compare:|weight:5000|barcode:|qty:0 | daytona-trans-open-gtx-waterproof-boots-9|Size:46|price:67500.00|compare:|weight:5000|barcode:|qty:0 | daytona-trans-open-gtx-waterproof-boots-10|Size:47|price:67500.00|compare:|weight:5000|barcode:|qty:0 | daytona-trans-open-gtx-waterproof-boots-11|Size:48|price:67500.00|compare:|weight:5000|barcode:|qty:0 | daytona-trans-open-gtx-waterproof-boots-12|Size:49|price:67500.00|compare:|weight:5000|barcode:|qty:0,"daytona-trans-open-gtx-waterproof-boots-1,daytona-trans-open-gtx-waterproof-boots-2,daytona-trans-open-gtx-waterproof-boots-3,daytona-trans-open-gtx-waterproof-boots-4,daytona-trans-open-gtx-waterproof-boots-5,daytona-trans-open-gtx-waterproof-boots-6,daytona-trans-open-gtx-waterproof-boots-7,daytona-trans-open-gtx-waterproof-boots-8,daytona-trans-open-gtx-waterproof-boots-9,daytona-trans-open-gtx-waterproof-boots-10,daytona-trans-open-gtx-waterproof-boots-11,daytona-trans-open-gtx-waterproof-boots-12",12,https://cdn.shopify.com/s/files/1/0076/8301/4754/products/daytona-trans-open-gtx.jpg?v=1668761014|pos:1|alt:Daytona Daytona Trans Open GTX Waterproof Boots – front view,1,Daytona Daytona Trans Open GTX Waterproof Boots – front view,feature:waterproof,1,Daytona Trans Open GTX Waterproof Boots,Daytona Trans Open GTX Waterproof Boots. Enduro and touring boots made of strong leather.,"two long zippers for easy access, completely covered with leather.",,"8 mm thick, water-repellent greased special full-grain cowhide. waterproof and breathable due to Gore-Tex Duratherm membrane (80% polyamide, 20% polyester). large calf adjustment with adhesive fasteners.",,Available in multiple sizes. Check the size guide before ordering.,Daytona Trans Open GTX Waterproof Boots — a riding Boot built to the specifications listed above.,true,draft,https://cdn.shopify.com/s/files/1/0076/8301/4754/products/daytona-trans-open-gtx.jpg?v=1668761014|role:hero,1,false,/products/daytona-trans-open-gtx-waterproof-boots,/products/daytona-trans-open-gtx-waterproof-boots
daytona-traveller-gtx-waterproof-boots,daytona-traveller-gtx-waterproof-boots,Daytona Traveller GTX Waterproof Boots,Daytona Traveller GTX Waterproof Boots,daytona-traveller-gtx-waterproof-boots,"Touring boots with easy entry. • strong, water-repellent greased special full-grain cowhide. • waterproof and breathable due to Gore-Tex Duratherm membrane (80% polyamide, 20% polyester). • large calf adjustment with adhesive fasteners. • two long zippers for easy access. Available in multiple sizes and/or colours — select your variant.","Touring boots with easy entry.<br><br>
<strong data-mce-fragment=""1"">Features:</strong>
<ul data-mce-fragment=""1"">
<li data-mce-fragment=""1"">strong, water-repellent greased special full-grain cowhide</li>
<li data-mce-fragment=""1"">waterproof and breathable due to Gore-Tex Duratherm membrane (80% polyamide, 20% polyester)</li>
<li data-mce-fragment=""1"">large calf adjustment with adhesive fasteners</li>
<li data-mce-fragment=""1"">two long zippers for easy access</li>
<li data-mce-fragment=""1"">double cuff</li>
<li data-mce-fragment=""1"">splash-proof shaft edge</li>
<li data-mce-fragment=""1"">abrasion-resistant PU-shift reinforcement</li>
<li data-mce-fragment=""1"">PU foam midsole</li>
<li data-mce-fragment=""1"">climate insole, anatomically shaped</li>
<li data-mce-fragment=""1"">Knuckle protection, padded inside with open-cell special foam</li>
<li data-mce-fragment=""1"">Shin guard, padded inside with latex foam</li>
<li data-mce-fragment=""1"">plastic-reinforced inner sole with hot-dip galvanized steel inlay, particularly torsion-resistant and yet easy to roll</li>
<li data-mce-fragment=""1"">3M Scotchlite heel reflector</li>
<li data-mce-fragment=""1"">non-slip, robust special touring sole</li>
<li data-mce-fragment=""1"">shaft height: approx. 34 cm</li>
</ul>","Touring boots with easy entry.

Features:

• strong, water-repellent greased special full-grain cowhide

• waterproof and breathable due to Gore-Tex Duratherm membrane (80% polyamide, 20% polyester)

• large calf adjustment with adhesive fasteners

• two long zippers for easy access

• double cuff

• splash-proof shaft edge

• abrasion-resistant PU-shift reinforcement

• PU foam midsole

• climate insole, anatomically shaped

• Knuckle protection, padded inside with open-cell special foam

• Shin guard, padded inside with latex foam

• plastic-reinforced inner sole with hot-dip galvanized steel inlay, particularly torsion-resistant and yet easy to roll

• 3M Scotchlite heel reflector

• non-slip, robust special touring sole

• shaft height: approx. 34 cm",64500,,2026-07-26,active,Daytona,5000,g,Buy Daytona Traveller GTX Waterproof Boots | Mile 27 Store,"Touring boots with easy entry. strong, water-repellent greased special full-grain cowhide. waterproof and breathable due to Gore-Tex Duratherm membrane…","strong, water-repellent greased special full-grain cowhide | waterproof and breathable due to Gore-Tex Duratherm membrane (80% polyamide, 20% polyester) | large calf adjustment with adhesive fasteners | two long zippers for easy access",Cleaned noise; brand verified,High,false,Riding Gear > Riding Boots,High,"Mapped from Shopify Type ""Riding Boots""",daytona-traveller-gtx-waterproof-boots-1|Size:36|price:64500.00|compare:|weight:5000|barcode:|qty:0 | daytona-traveller-gtx-waterproof-boots-2|Size:37|price:64500.00|compare:|weight:5000|barcode:|qty:0 | daytona-traveller-gtx-waterproof-boots-3|Size:38|price:64500.00|compare:|weight:5000|barcode:|qty:0 | daytona-traveller-gtx-waterproof-boots-4|Size:39|price:64500.00|compare:|weight:5000|barcode:|qty:0 | daytona-traveller-gtx-waterproof-boots-5|Size:40|price:64500.00|compare:|weight:5000|barcode:|qty:0 | daytona-traveller-gtx-waterproof-boots-6|Size:41|price:64500.00|compare:|weight:5000|barcode:|qty:0 | daytona-traveller-gtx-waterproof-boots-7|Size:42|price:64500.00|compare:|weight:5000|barcode:|qty:0 | daytona-traveller-gtx-waterproof-boots-8|Size:43|price:64500.00|compare:|weight:5000|barcode:|qty:0 | daytona-traveller-gtx-waterproof-boots-9|Size:44|price:64500.00|compare:|weight:5000|barcode:|qty:0 | daytona-traveller-gtx-waterproof-boots-10|Size:45|price:64500.00|compare:|weight:5000|barcode:|qty:0 | daytona-traveller-gtx-waterproof-boots-11|Size:46|price:64500.00|compare:|weight:5000|barcode:|qty:0 | daytona-traveller-gtx-waterproof-boots-12|Size:47|price:64500.00|compare:|weight:5000|barcode:|qty:0 | daytona-traveller-gtx-waterproof-boots-13|Size:48|price:64500.00|compare:|weight:5000|barcode:|qty:0 | daytona-traveller-gtx-waterproof-boots-14|Size:49|price:64500.00|compare:|weight:5000|barcode:|qty:0 | daytona-traveller-gtx-waterproof-boots-15|Size:50|price:64500.00|compare:|weight:5000|barcode:|qty:0 | daytona-traveller-gtx-waterproof-boots-16|Size:51|price:64500.00|compare:|weight:5000|barcode:|qty:0,"daytona-traveller-gtx-waterproof-boots-1,daytona-traveller-gtx-waterproof-boots-2,daytona-traveller-gtx-waterproof-boots-3,daytona-traveller-gtx-waterproof-boots-4,daytona-traveller-gtx-waterproof-boots-5,daytona-traveller-gtx-waterproof-boots-6,daytona-traveller-gtx-waterproof-boots-7,daytona-traveller-gtx-waterproof-boots-8,daytona-traveller-gtx-waterproof-boots-9,daytona-traveller-gtx-waterproof-boots-10,daytona-traveller-gtx-waterproof-boots-11,daytona-traveller-gtx-waterproof-boots-12,daytona-traveller-gtx-waterproof-boots-13,daytona-traveller-gtx-waterproof-boots-14,daytona-traveller-gtx-waterproof-boots-15,daytona-traveller-gtx-waterproof-boots-16",16,https://cdn.shopify.com/s/files/1/0076/8301/4754/products/daytona-traveller-gtx.jpg?v=1668761401|pos:1|alt:Daytona Daytona Traveller GTX Waterproof Boots – front view,1,Daytona Daytona Traveller GTX Waterproof Boots – front view,feature:waterproof,1,Daytona Traveller GTX Waterproof Boots,Daytona Traveller GTX Waterproof Boots. Touring boots with easy entry.,,,"strong, water-repellent greased special full-grain cowhide. waterproof and breathable due to Gore-Tex Duratherm membrane (80% polyamide, 20% polyester). large calf adjustment with adhesive fasteners. two long zippers for easy access.",,Available in multiple sizes. Check the size guide before ordering.,Daytona Traveller GTX Waterproof Boots — a riding Boot built to the specifications listed above.,true,draft,https://cdn.shopify.com/s/files/1/0076/8301/4754/products/daytona-traveller-gtx.jpg?v=1668761401|role:hero,1,false,/products/daytona-traveller-gtx-waterproof-boots,/products/daytona-traveller-gtx-waterproof-boots
daytona-travel-star-gtx-waterproof-boots,daytona-travel-star-gtx-waterproof-boots,Daytona Travel Star GTX Waterproof Boots,Daytona Travel Star GTX Waterproof Boots,daytona-travel-star-gtx-waterproof-boots,"The mature touring boot with full equipment. High price level, but worth every cent. • strong, water-repellent greased special full-grain cowhide. • waterproof and breathable due to Gore-Tex Duratherm membrane (80% polyamide, 20% polyester). • large adhesive fasteners for individual calf widths. • double cuff. Available in multiple sizes and/or colours — select your variant.","The mature touring boot with full equipment. High price level, but worth every cent.<br><br>
<strong data-mce-fragment=""1"">Features:</strong>
<ul data-mce-fragment=""1"">
<li data-mce-fragment=""1"">strong, water-repellent greased special full-grain cowhide</li>
<li data-mce-fragment=""1"">waterproof and breathable due to Gore-Tex Duratherm membrane (80% polyamide, 20% polyester)</li>
<li data-mce-fragment=""1"">large adhesive fasteners for individual calf widths</li>
<li data-mce-fragment=""1"">double cuff</li>
<li data-mce-fragment=""1"">splash-proof shaft edge</li>
<li data-mce-fragment=""1"">two zippers for easy access, covered with leather</li>
<li data-mce-fragment=""1"">abrasion-resistant PU-shift reinforcement</li>
<li data-mce-fragment=""1"">PU foam midsole</li>
<li data-mce-fragment=""1"">climate insole, anatomically shaped</li>
<li data-mce-fragment=""1"">robust ankle protection, padded inside with open-cell special foam</li>
<li data-mce-fragment=""1"">Shin guard, padded inside with latex foam</li>
<li data-mce-fragment=""1"">plastic-reinforced inner sole with hot-dip galvanized steel inlay, particularly torsion-resistant and yet easy to roll off</li>
<li data-mce-fragment=""1"">3M Scotchlite heel reflector</li>
<li data-mce-fragment=""1"">non-slip, robust special touring sole</li>
<li data-mce-fragment=""1"">shaft height: ca.32 cm</li>
</ul>","The mature touring boot with full equipment. High price level, but worth every cent.

Features:

• strong, water-repellent greased special full-grain cowhide

• waterproof and breathable due to Gore-Tex Duratherm membrane (80% polyamide, 20% polyester)

• large adhesive fasteners for individual calf widths

• double cuff

• splash-proof shaft edge

• two zippers for easy access, covered with leather

• abrasion-resistant PU-shift reinforcement

• PU foam midsole

• climate insole, anatomically shaped

• robust ankle protection, padded inside with open-cell special foam

• Shin guard, padded inside with latex foam

• plastic-reinforced inner sole with hot-dip galvanized steel inlay, particularly torsion-resistant and yet easy to roll off

• 3M Scotchlite heel reflector

• non-slip, robust special touring sole

• shaft height: ca.32 cm",64500,,2026-07-26,active,Daytona,5000,g,Buy Daytona Travel Star GTX Waterproof Boots | Mile 27 Store,"The mature touring boot with full equipment. High price level, but worth every cent. strong, water-repellent greased special full-grain cowhide.…","strong, water-repellent greased special full-grain cowhide | waterproof and breathable due to Gore-Tex Duratherm membrane (80% polyamide, 20% polyester) | large adhesive fasteners for individual calf widths | double cuff",Cleaned noise; brand verified,High,false,Riding Gear > Riding Boots,High,"Mapped from Shopify Type ""Riding Boots""",daytona-travel-star-gtx-waterproof-boots-1|Size:38|price:64500.00|compare:|weight:5000|barcode:|qty:0 | daytona-travel-star-gtx-waterproof-boots-2|Size:39|price:64500.00|compare:|weight:5000|barcode:|qty:0 | daytona-travel-star-gtx-waterproof-boots-3|Size:40|price:64500.00|compare:|weight:5000|barcode:|qty:0 | daytona-travel-star-gtx-waterproof-boots-4|Size:41|price:64500.00|compare:|weight:5000|barcode:|qty:0 | daytona-travel-star-gtx-waterproof-boots-5|Size:42|price:64500.00|compare:|weight:5000|barcode:|qty:0 | daytona-travel-star-gtx-waterproof-boots-6|Size:43|price:64500.00|compare:|weight:5000|barcode:|qty:0 | daytona-travel-star-gtx-waterproof-boots-7|Size:44|price:64500.00|compare:|weight:5000|barcode:|qty:0 | daytona-travel-star-gtx-waterproof-boots-8|Size:45|price:64500.00|compare:|weight:5000|barcode:|qty:0 | daytona-travel-star-gtx-waterproof-boots-9|Size:46|price:64500.00|compare:|weight:5000|barcode:|qty:0 | daytona-travel-star-gtx-waterproof-boots-10|Size:47|price:64500.00|compare:|weight:5000|barcode:|qty:0,"daytona-travel-star-gtx-waterproof-boots-1,daytona-travel-star-gtx-waterproof-boots-2,daytona-travel-star-gtx-waterproof-boots-3,daytona-travel-star-gtx-waterproof-boots-4,daytona-travel-star-gtx-waterproof-boots-5,daytona-travel-star-gtx-waterproof-boots-6,daytona-travel-star-gtx-waterproof-boots-7,daytona-travel-star-gtx-waterproof-boots-8,daytona-travel-star-gtx-waterproof-boots-9,daytona-travel-star-gtx-waterproof-boots-10",10,https://cdn.shopify.com/s/files/1/0076/8301/4754/products/TravelStar_gtxa.jpg?v=1668761616|pos:1|alt:Daytona Daytona Travel Star GTX Waterproof Boots – front view,1,Daytona Daytona Travel Star GTX Waterproof Boots – front view,feature:waterproof,1,Daytona Travel Star GTX Waterproof Boots,Daytona Travel Star GTX Waterproof Boots. The mature touring boot with full equipment.,,,"strong, water-repellent greased special full-grain cowhide. waterproof and breathable due to Gore-Tex Duratherm membrane (80% polyamide, 20% polyester). large adhesive fasteners for individual calf widths. double cuff.",,Available in multiple sizes. Check the size guide before ordering.,Daytona Travel Star GTX Waterproof Boots — a riding Boot built to the specifications listed above.,true,draft,https://cdn.shopify.com/s/files/1/0076/8301/4754/products/TravelStar_gtxa.jpg?v=1668761616|role:hero,1,false,/products/daytona-travel-star-gtx-waterproof-boots,/products/daytona-travel-star-gtx-waterproof-boots
daytona-m-star-gtx-waterproof-boots,daytona-m-star-gtx-waterproof-boots,Daytona M-Star GTX Waterproof Boots,Daytona M-Star GTX Waterproof Boots,daytona-m-star-gtx-waterproof-boots,The men's boot for 6 cm higher stand and better support. • approx. 6 cm heel height. • cork sole elevation with leather cover. • double cuff. • soft rim. Available in multiple sizes and/or colours — select your variant.,"The men's boot for 6 cm higher stand and better support.<br><br>
<strong data-mce-fragment=""1"">Features:</strong>
<ul data-mce-fragment=""1"">
<li data-mce-fragment=""1"">approx. 6 cm heel height</li>
<li data-mce-fragment=""1"">cork sole elevation with leather cover</li>
<li data-mce-fragment=""1"">double cuff</li>
<li data-mce-fragment=""1"">soft rim</li>
<li data-mce-fragment=""1"">elastic, soft instep insert</li>
<li data-mce-fragment=""1"">strong, water-repellent greased special full-grain cowhide</li>
<li data-mce-fragment=""1"">waterproof and breathable due to GORE-TEX Duratherm membrane (80% polyamide, 20% polyester)</li>
<li data-mce-fragment=""1"">adhesive fasteners for individual calf widths</li>
<li data-mce-fragment=""1"">splash-proof shaft edge</li>
<li data-mce-fragment=""1"">zippers outside and inside, covered with leather</li>
<li data-mce-fragment=""1"">durable PU-shift reinforcement</li>
<li data-mce-fragment=""1"">PU foam midsole</li>
<li data-mce-fragment=""1"">robust ankle protection, padded inside with open-cell special foam</li>
<li data-mce-fragment=""1"">shin guard, padded inside with latex foam</li>
<li data-mce-fragment=""1"">plastic-reinforced inner sole with hot-dip galvanized steel inlay, particularly torsion-resistant and yet easy to roll off</li>
<li data-mce-fragment=""1"">3M Scotchlite heel reflector</li>
<li data-mce-fragment=""1"">non-slip touring sole</li>
<li data-mce-fragment=""1"">shaft height: approx. 30 cm</li>
</ul>","The men's boot for 6 cm higher stand and better support.

Features:

• approx. 6 cm heel height

• cork sole elevation with leather cover

• double cuff

• soft rim

• elastic, soft instep insert

• strong, water-repellent greased special full-grain cowhide

• waterproof and breathable due to GORE-TEX Duratherm membrane (80% polyamide, 20% polyester)

• adhesive fasteners for individual calf widths

• splash-proof shaft edge

• zippers outside and inside, covered with leather

• durable PU-shift reinforcement

• PU foam midsole

• robust ankle protection, padded inside with open-cell special foam

• shin guard, padded inside with latex foam

• plastic-reinforced inner sole with hot-dip galvanized steel inlay, particularly torsion-resistant and yet easy to roll off

• 3M Scotchlite heel reflector

• non-slip touring sole

• shaft height: approx. 30 cm",63000,,2026-07-26,active,Daytona,5000,g,Buy Daytona M-Star GTX Waterproof Boots | Mile 27 Store,The men's boot for 6 cm higher stand and better support. approx. 6 cm heel height. cork sole elevation with leather cover. double cuff. soft rim.,approx. 6 cm heel height | cork sole elevation with leather cover | double cuff | soft rim,Cleaned noise; brand verified,High,false,Riding Gear > Riding Boots,High,"Mapped from Shopify Type ""Riding Boots""",daytona-m-star-gtx-waterproof-boots-1|Size:40|price:63000.00|compare:|weight:5000|barcode:|qty:0 | daytona-m-star-gtx-waterproof-boots-2|Size:41|price:63000.00|compare:|weight:5000|barcode:|qty:0 | daytona-m-star-gtx-waterproof-boots-3|Size:42|price:63000.00|compare:|weight:5000|barcode:|qty:0 | daytona-m-star-gtx-waterproof-boots-4|Size:43|price:63000.00|compare:|weight:5000|barcode:|qty:0,"daytona-m-star-gtx-waterproof-boots-1,daytona-m-star-gtx-waterproof-boots-2,daytona-m-star-gtx-waterproof-boots-3,daytona-m-star-gtx-waterproof-boots-4",4,https://cdn.shopify.com/s/files/1/0076/8301/4754/products/MStarGTX-re.jpg?v=1668762112|pos:1|alt:Daytona Daytona M-Star GTX Waterproof Boots – front view,1,Daytona Daytona M-Star GTX Waterproof Boots – front view,feature:waterproof,1,Daytona M-Star GTX Waterproof Boots,Daytona M-Star GTX Waterproof Boots. The men's boot for 6 cm higher stand and better support.,cork sole elevation with leather cover.,,approx. 6 cm heel height. double cuff. soft rim.,,Available in multiple sizes. Check the size guide before ordering.,Daytona M-Star GTX Waterproof Boots — a riding Boot built to the specifications listed above.,true,draft,https://cdn.shopify.com/s/files/1/0076/8301/4754/products/MStarGTX-re.jpg?v=1668762112|role:hero,1,false,/products/daytona-m-star-gtx-waterproof-boots,/products/daytona-m-star-gtx-waterproof-boots
daytona-strive-gtx-waterproof-boots,daytona-strive-gtx-waterproof-boots,Daytona Strive GTX Waterproof Boots,Daytona Strive GTX Waterproof Boots,daytona-strive-gtx-waterproof-boots,"The sport boots with extensive safety features. • soft, hydrophobic cowhide. • waterproof and breathable due to Gore-Tex More-Season membrane (80% polyamide, 20% polyester). • elastic and pleasantly soft shaft edge. • Elastic zone at instep and heel for better mobility. Available in multiple sizes and/or colours — select your variant.","The sport boots with extensive safety features.<br><br>
<strong data-mce-fragment=""1"">Features:</strong>
<ul data-mce-fragment=""1"">
<li data-mce-fragment=""1"">soft, hydrophobic cowhide</li>
<li data-mce-fragment=""1"">waterproof and breathable due to Gore-Tex More-Season membrane (80% polyamide, 20% polyester)</li>
<li data-mce-fragment=""1"">elastic and pleasantly soft shaft edge</li>
<li data-mce-fragment=""1"">Elastic zone at instep and heel for better mobility</li>
<li data-mce-fragment=""1"">durable PU-shift reinforcement</li>
<li data-mce-fragment=""1"">knuckle protection on both sides, padded with open-cell special foam on the inside, covered with leather on the outside</li>
<li data-mce-fragment=""1"">shin guard, padded with latex foam from the inside, covered with leather</li>
<li data-mce-fragment=""1"">3M Scotchlite heel reflector</li>
<li data-mce-fragment=""1"">insole with high-quality fibre fleece, hot-dip galvanised steel inlay and plastic reinforcement</li>
<li data-mce-fragment=""1"">non-slip special racing sole with extremely rounded carbon-look heel</li>
<li data-mce-fragment=""1"">titanium sole wear edges, replaceable</li>
<li data-mce-fragment=""1"">shaft height: approx. 32 cm</li>
</ul>","The sport boots with extensive safety features.

Features:

• soft, hydrophobic cowhide

• waterproof and breathable due to Gore-Tex More-Season membrane (80% polyamide, 20% polyester)

• elastic and pleasantly soft shaft edge

• Elastic zone at instep and heel for better mobility

• durable PU-shift reinforcement

• knuckle protection on both sides, padded with open-cell special foam on the inside, covered with leather on the outside

• shin guard, padded with latex foam from the inside, covered with leather

• 3M Scotchlite heel reflector

• insole with high-quality fibre fleece, hot-dip galvanised steel inlay and plastic reinforcement

• non-slip special racing sole with extremely rounded carbon-look heel

• titanium sole wear edges, replaceable

• shaft height: approx. 32 cm",60500,,2026-07-26,active,Daytona,5000,g,Buy Daytona Strive GTX Waterproof Boots | Mile 27 Store,"The sport boots with extensive safety features. soft, hydrophobic cowhide. waterproof and breathable due to Gore-Tex More-Season membrane (80% polyamide,…","soft, hydrophobic cowhide | waterproof and breathable due to Gore-Tex More-Season membrane (80% polyamide, 20% polyester) | elastic and pleasantly soft shaft edge | Elastic zone at instep and heel for better mobility",Cleaned noise; brand verified,High,false,Riding Gear > Riding Boots,High,"Mapped from Shopify Type ""Riding Boots""",daytona-strive-gtx-waterproof-boots-1|Size:36:Colour:Black|price:60500.00|compare:|weight:5000|barcode:|qty:0 | daytona-strive-gtx-waterproof-boots-2|Size:36:Colour:Black/Red|price:60500.00|compare:|weight:5000|barcode:|qty:0 | daytona-strive-gtx-waterproof-boots-3|Size:36:Colour:Black/White|price:60500.00|compare:|weight:5000|barcode:|qty:0 | daytona-strive-gtx-waterproof-boots-4|Size:37:Colour:Black|price:60500.00|compare:|weight:5000|barcode:|qty:0 | daytona-strive-gtx-waterproof-boots-5|Size:37:Colour:Black/Red|price:60500.00|compare:|weight:5000|barcode:|qty:0 | daytona-strive-gtx-waterproof-boots-6|Size:37:Colour:Black/White|price:60500.00|compare:|weight:5000|barcode:|qty:0 | daytona-strive-gtx-waterproof-boots-7|Size:38:Colour:Black|price:60500.00|compare:|weight:5000|barcode:|qty:0 | daytona-strive-gtx-waterproof-boots-8|Size:38:Colour:Black/Red|price:60500.00|compare:|weight:5000|barcode:|qty:0 | daytona-strive-gtx-waterproof-boots-9|Size:38:Colour:Black/White|price:60500.00|compare:|weight:5000|barcode:|qty:0 | daytona-strive-gtx-waterproof-boots-10|Size:39:Colour:Black|price:60500.00|compare:|weight:5000|barcode:|qty:0 | daytona-strive-gtx-waterproof-boots-11|Size:39:Colour:Black/Red|price:60500.00|compare:|weight:5000|barcode:|qty:0 | daytona-strive-gtx-waterproof-boots-12|Size:39:Colour:Black/White|price:60500.00|compare:|weight:5000|barcode:|qty:0 | daytona-strive-gtx-waterproof-boots-13|Size:40:Colour:Black|price:60500.00|compare:|weight:5000|barcode:|qty:0 | daytona-strive-gtx-waterproof-boots-14|Size:40:Colour:Black/Red|price:60500.00|compare:|weight:5000|barcode:|qty:0 | daytona-strive-gtx-waterproof-boots-15|Size:40:Colour:Black/White|price:60500.00|compare:|weight:5000|barcode:|qty:0 | daytona-strive-gtx-waterproof-boots-16|Size:41:Colour:Black|price:60500.00|compare:|weight:5000|barcode:|qty:0 | daytona-strive-gtx-waterproof-boots-17|Size:41:Colour:Black/Red|price:60500.00|compare:|weight:5000|barcode:|qty:0 | daytona-strive-gtx-waterproof-boots-18|Size:41:Colour:Black/White|price:60500.00|compare:|weight:5000|barcode:|qty:0 | daytona-strive-gtx-waterproof-boots-19|Size:42:Colour:Black|price:60500.00|compare:|weight:5000|barcode:|qty:0 | daytona-strive-gtx-waterproof-boots-20|Size:42:Colour:Black/Red|price:60500.00|compare:|weight:5000|barcode:|qty:0 | daytona-strive-gtx-waterproof-boots-21|Size:42:Colour:Black/White|price:60500.00|compare:|weight:5000|barcode:|qty:0 | daytona-strive-gtx-waterproof-boots-22|Size:43:Colour:Black|price:60500.00|compare:|weight:5000|barcode:|qty:0 | daytona-strive-gtx-waterproof-boots-23|Size:43:Colour:Black/Red|price:60500.00|compare:|weight:5000|barcode:|qty:0 | daytona-strive-gtx-waterproof-boots-24|Size:43:Colour:Black/White|price:60500.00|compare:|weight:5000|barcode:|qty:0 | daytona-strive-gtx-waterproof-boots-25|Size:44:Colour:Black|price:60500.00|compare:|weight:5000|barcode:|qty:0 | daytona-strive-gtx-waterproof-boots-26|Size:44:Colour:Black/Red|price:60500.00|compare:|weight:5000|barcode:|qty:0 | daytona-strive-gtx-waterproof-boots-27|Size:44:Colour:Black/White|price:60500.00|compare:|weight:5000|barcode:|qty:0 | daytona-strive-gtx-waterproof-boots-28|Size:45:Colour:Black|price:60500.00|compare:|weight:5000|barcode:|qty:0 | daytona-strive-gtx-waterproof-boots-29|Size:45:Colour:Black/Red|price:60500.00|compare:|weight:5000|barcode:|qty:0 | daytona-strive-gtx-waterproof-boots-30|Size:45:Colour:Black/White|price:60500.00|compare:|weight:5000|barcode:|qty:0 | daytona-strive-gtx-waterproof-boots-31|Size:46:Colour:Black|price:60500.00|compare:|weight:5000|barcode:|qty:0 | daytona-strive-gtx-waterproof-boots-32|Size:46:Colour:Black/Red|price:60500.00|compare:|weight:5000|barcode:|qty:0 | daytona-strive-gtx-waterproof-boots-33|Size:46:Colour:Black/White|price:60500.00|compare:|weight:5000|barcode:|qty:0 | daytona-strive-gtx-waterproof-boots-34|Size:47:Colour:Black|price:60500.00|compare:|weight:5000|barcode:|qty:0 | daytona-strive-gtx-waterproof-boots-35|Size:47:Colour:Black/Red|price:60500.00|compare:|weight:5000|barcode:|qty:0 | daytona-strive-gtx-waterproof-boots-36|Size:47:Colour:Black/White|price:60500.00|compare:|weight:5000|barcode:|qty:0 | daytona-strive-gtx-waterproof-boots-37|Size:48:Colour:Black|price:60500.00|compare:|weight:5000|barcode:|qty:0 | daytona-strive-gtx-waterproof-boots-38|Size:48:Colour:Black/Red|price:60500.00|compare:|weight:5000|barcode:|qty:0 | daytona-strive-gtx-waterproof-boots-39|Size:48:Colour:Black/White|price:60500.00|compare:|weight:5000|barcode:|qty:0 | daytona-strive-gtx-waterproof-boots-40|Size:49:Colour:Black|price:60500.00|compare:|weight:5000|barcode:|qty:0 | daytona-strive-gtx-waterproof-boots-41|Size:49:Colour:Black/Red|price:60500.00|compare:|weight:5000|barcode:|qty:0 | daytona-strive-gtx-waterproof-boots-42|Size:49:Colour:Black/White|price:60500.00|compare:|weight:5000|barcode:|qty:0,"daytona-strive-gtx-waterproof-boots-1,daytona-strive-gtx-waterproof-boots-2,daytona-strive-gtx-waterproof-boots-3,daytona-strive-gtx-waterproof-boots-4,daytona-strive-gtx-waterproof-boots-5,daytona-strive-gtx-waterproof-boots-6,daytona-strive-gtx-waterproof-boots-7,daytona-strive-gtx-waterproof-boots-8,daytona-strive-gtx-waterproof-boots-9,daytona-strive-gtx-waterproof-boots-10,daytona-strive-gtx-waterproof-boots-11,daytona-strive-gtx-waterproof-boots-12,daytona-strive-gtx-waterproof-boots-13,daytona-strive-gtx-waterproof-boots-14,daytona-strive-gtx-waterproof-boots-15,daytona-strive-gtx-waterproof-boots-16,daytona-strive-gtx-waterproof-boots-17,daytona-strive-gtx-waterproof-boots-18,daytona-strive-gtx-waterproof-boots-19,daytona-strive-gtx-waterproof-boots-20,daytona-strive-gtx-waterproof-boots-21,daytona-strive-gtx-waterproof-boots-22,daytona-strive-gtx-waterproof-boots-23,daytona-strive-gtx-waterproof-boots-24,daytona-strive-gtx-waterproof-boots-25,daytona-strive-gtx-waterproof-boots-26,daytona-strive-gtx-waterproof-boots-27,daytona-strive-gtx-waterproof-boots-28,daytona-strive-gtx-waterproof-boots-29,daytona-strive-gtx-waterproof-boots-30,daytona-strive-gtx-waterproof-boots-31,daytona-strive-gtx-waterproof-boots-32,daytona-strive-gtx-waterproof-boots-33,daytona-strive-gtx-waterproof-boots-34,daytona-strive-gtx-waterproof-boots-35,daytona-strive-gtx-waterproof-boots-36,daytona-strive-gtx-waterproof-boots-37,daytona-strive-gtx-waterproof-boots-38,daytona-strive-gtx-waterproof-boots-39,daytona-strive-gtx-waterproof-boots-40,daytona-strive-gtx-waterproof-boots-41,daytona-strive-gtx-waterproof-boots-42",42,https://cdn.shopify.com/s/files/1/0076/8301/4754/products/StriveGTX-schwarz-re.jpg?v=1668762435|pos:1|alt:Daytona Daytona Strive GTX Waterproof Boots – front view || https://cdn.shopify.com/s/files/1/0076/8301/4754/products/StriveGTX-rot-re.jpg?v=1668762435|pos:2|alt:Daytona Daytona Strive GTX Waterproof Boots – side view || https://cdn.shopify.com/s/files/1/0076/8301/4754/products/StriveGTX-weiss-re.jpg?v=1668762435|pos:3|alt:Daytona Daytona Strive GTX Waterproof Boots – rear view,3,Daytona Daytona Strive GTX Waterproof Boots – front view | Daytona Daytona Strive GTX Waterproof Boots – side view | Daytona Daytona Strive GTX Waterproof Boots – rear view,feature:waterproof,1,Daytona Strive GTX Waterproof Boots,Daytona Strive GTX Waterproof Boots. The sport boots with extensive safety features.,,,"soft, hydrophobic cowhide. waterproof and breathable due to Gore-Tex More-Season membrane (80% polyamide, 20% polyester). elastic and pleasantly soft shaft edge. Elastic zone at instep and heel for better mobility.",,Available in multiple sizes. Check the size guide before ordering.,Daytona Strive GTX Waterproof Boots — a riding Boot built to the specifications listed above.,true,draft,https://cdn.shopify.com/s/files/1/0076/8301/4754/products/StriveGTX-schwarz-re.jpg?v=1668762435|role:hero || https://cdn.shopify.com/s/files/1/0076/8301/4754/products/StriveGTX-rot-re.jpg?v=1668762435|role:construction detail || https://cdn.shopify.com/s/files/1/0076/8301/4754/products/StriveGTX-weiss-re.jpg?v=1668762435|role:side profile,3,false,/products/daytona-strive-gtx-waterproof-boots,/products/daytona-strive-gtx-waterproof-boots
daytona-road-star-gtx-waterproof-boots,daytona-road-star-gtx-waterproof-boots,Daytona Road Star GTX Waterproof Boots,Daytona Road Star GTX Waterproof Boots,daytona-road-star-gtx-waterproof-boots,"The most driven daytona® motorcycle boot with numerous test awards. Often copied, never matched. Available in five different widths, from XS to XL • perfect fit, optionally for five different foot widths. • water-repellent greased special full cowhide. • waterproof and breathable due to Gore-Tex Duratherm membrane (80% polyamide, 20% polyester). • two zippers for easy access. Available in multiple sizes and/or colours — select your variant.","The most driven daytona® motorcycle boot with numerous test awards. Often copied, never matched. Available in five different widths, from XS to XL<br><br>
<strong data-mce-fragment=""1"">Features:</strong>
<ul data-mce-fragment=""1"">
<li data-mce-fragment=""1"">perfect fit, optionally for five different foot widths</li>
<li data-mce-fragment=""1"">water-repellent greased special full cowhide</li>
<li data-mce-fragment=""1"">waterproof and breathable due to Gore-Tex Duratherm membrane (80% polyamide, 20% polyester)</li>
<li data-mce-fragment=""1"">two zippers for easy access</li>
<li data-mce-fragment=""1"">large calf adjustment with adhesive fasteners</li>
<li data-mce-fragment=""1"">double cuff</li>
<li data-mce-fragment=""1"">abrasion-resistant PU-shift reinforcement</li>
<li data-mce-fragment=""1"">PU foam midsole</li>
<li data-mce-fragment=""1"">climate insole, anatomically shaped</li>
<li data-mce-fragment=""1"">ankle protection on both sides, padded inside with open-cell special foam</li>
<li data-mce-fragment=""1"">wide shin guard, inside padded with latex foam</li>
<li data-mce-fragment=""1"">plastic-reinforced inner sole with hot-dip galvanized steel inlay, particularly torsion-resistant and yet easy to roll</li>
<li data-mce-fragment=""1"">3M Scotchlite heel reflector</li>
<li data-mce-fragment=""1"">non-slip rubber sports sole</li>
<li data-mce-fragment=""1"">shaft height: approx. 29 cm</li>
</ul>","The most driven daytona® motorcycle boot with numerous test awards. Often copied, never matched. Available in five different widths, from XS to XL

Features:

• perfect fit, optionally for five different foot widths

• water-repellent greased special full cowhide

• waterproof and breathable due to Gore-Tex Duratherm membrane (80% polyamide, 20% polyester)

• two zippers for easy access

• large calf adjustment with adhesive fasteners

• double cuff

• abrasion-resistant PU-shift reinforcement

• PU foam midsole

• climate insole, anatomically shaped

• ankle protection on both sides, padded inside with open-cell special foam

• wide shin guard, inside padded with latex foam

• plastic-reinforced inner sole with hot-dip galvanized steel inlay, particularly torsion-resistant and yet easy to roll

• 3M Scotchlite heel reflector

• non-slip rubber sports sole

• shaft height: approx. 29 cm",65000,,2026-07-26,active,Daytona,5000,g,Buy Daytona Road Star GTX Waterproof Boots | Mile 27 Store,"The most driven daytona® motorcycle boot with numerous test awards. Often copied, never matched. Available in five different widths, from XS to XL perfect…","perfect fit, optionally for five different foot widths | water-repellent greased special full cowhide | waterproof and breathable due to Gore-Tex Duratherm membrane (80% polyamide, 20% polyester) | two zippers for easy access",Cleaned noise; brand verified,High,false,Riding Gear > Riding Boots,High,"Mapped from Shopify Type ""Riding Boots""",daytona-road-star-gtx-waterproof-boots-1|Size:36|price:65000.00|compare:|weight:5000|barcode:|qty:0 | daytona-road-star-gtx-waterproof-boots-2|Size:37|price:65000.00|compare:|weight:5000|barcode:|qty:0 | daytona-road-star-gtx-waterproof-boots-3|Size:38|price:65000.00|compare:|weight:5000|barcode:|qty:0 | daytona-road-star-gtx-waterproof-boots-4|Size:39|price:65000.00|compare:|weight:5000|barcode:|qty:0 | daytona-road-star-gtx-waterproof-boots-5|Size:40|price:65000.00|compare:|weight:5000|barcode:|qty:0 | daytona-road-star-gtx-waterproof-boots-6|Size:41|price:65000.00|compare:|weight:5000|barcode:|qty:0 | daytona-road-star-gtx-waterproof-boots-7|Size:42|price:65000.00|compare:|weight:5000|barcode:|qty:0 | daytona-road-star-gtx-waterproof-boots-8|Size:43|price:65000.00|compare:|weight:5000|barcode:|qty:0 | daytona-road-star-gtx-waterproof-boots-9|Size:44|price:65000.00|compare:|weight:5000|barcode:|qty:0 | daytona-road-star-gtx-waterproof-boots-10|Size:45|price:65000.00|compare:|weight:5000|barcode:|qty:0 | daytona-road-star-gtx-waterproof-boots-11|Size:46|price:65000.00|compare:|weight:5000|barcode:|qty:0 | daytona-road-star-gtx-waterproof-boots-12|Size:47|price:65000.00|compare:|weight:5000|barcode:|qty:0 | daytona-road-star-gtx-waterproof-boots-13|Size:48|price:65000.00|compare:|weight:5000|barcode:|qty:0 | daytona-road-star-gtx-waterproof-boots-14|Size:49|price:65000.00|compare:|weight:5000|barcode:|qty:0,"daytona-road-star-gtx-waterproof-boots-1,daytona-road-star-gtx-waterproof-boots-2,daytona-road-star-gtx-waterproof-boots-3,daytona-road-star-gtx-waterproof-boots-4,daytona-road-star-gtx-waterproof-boots-5,daytona-road-star-gtx-waterproof-boots-6,daytona-road-star-gtx-waterproof-boots-7,daytona-road-star-gtx-waterproof-boots-8,daytona-road-star-gtx-waterproof-boots-9,daytona-road-star-gtx-waterproof-boots-10,daytona-road-star-gtx-waterproof-boots-11,daytona-road-star-gtx-waterproof-boots-12,daytona-road-star-gtx-waterproof-boots-13,daytona-road-star-gtx-waterproof-boots-14",14,https://cdn.shopify.com/s/files/1/0076/8301/4754/products/Daytona-Road-Star-GORE-TEX-Slim-boot.jpg?v=1668763233|pos:1|alt:Daytona Daytona Road Star GTX Waterproof Boots – front view,1,Daytona Daytona Road Star GTX Waterproof Boots – front view,feature:waterproof,1,Daytona Road Star GTX Waterproof Boots,Daytona Road Star GTX Waterproof Boots. The most driven daytona® motorcycle boot with numerous test awards.,,"perfect fit, optionally for five different foot widths.","water-repellent greased special full cowhide. waterproof and breathable due to Gore-Tex Duratherm membrane (80% polyamide, 20% polyester). two zippers for easy access.",,Available in multiple sizes. Check the size guide before ordering.,Daytona Road Star GTX Waterproof Boots — a riding Boot built to the specifications listed above.,true,draft,https://cdn.shopify.com/s/files/1/0076/8301/4754/products/Daytona-Road-Star-GORE-TEX-Slim-boot.jpg?v=1668763233|role:hero,1,false,/products/daytona-road-star-gtx-waterproof-boots,/products/daytona-road-star-gtx-waterproof-boots
daytona-highway-ii-gtx-waterproof-boots,daytona-highway-ii-gtx-waterproof-boots,Daytona Highway II GTX Waterproof Boots,Daytona Highway II GTX Waterproof Boots,daytona-highway-ii-gtx-waterproof-boots,"The boot for particularly comfortable entry with wide feet and high instep. • soft, water-repellent greased special fullgrain cowhide. • waterproof and breathable through Gore-Tex Duratherm membrane. • side zipper for easy access. • high quality nylon adhesive fasteners. Available in multiple sizes and/or colours — select your variant.","The boot for particularly comfortable entry with wide feet and high instep.<br><br>
<strong data-mce-fragment=""1"">Features:</strong>
<ul data-mce-fragment=""1"">
<li data-mce-fragment=""1"">soft, water-repellent greased special fullgrain cowhide</li>
<li data-mce-fragment=""1"">waterproof and breathable through Gore-Tex Duratherm membrane</li>
<li data-mce-fragment=""1"">side zipper for easy access</li>
<li data-mce-fragment=""1"">high quality nylon adhesive fasteners</li>
<li data-mce-fragment=""1"">splashproof shaft edge closure</li>
<li data-mce-fragment=""1"">shin guard and heel in carbon look leather</li>
<li data-mce-fragment=""1"">abrasion-resistant PU-shift reinforcement</li>
<li data-mce-fragment=""1"">PU foam midsole</li>
<li data-mce-fragment=""1"">climate insole, anatomically shaped</li>
<li data-mce-fragment=""1"">Shin guard, padded inside with latex foam</li>
<li data-mce-fragment=""1"">Knuckle protection, padded inside with open-cell special foam</li>
<li data-mce-fragment=""1"">plastic reinforced insole with hot-dip galvanized steel inlay &gt; torsion-resistant, yet easy to roll off</li>
<li data-mce-fragment=""1"">soft, non-slip rubber sole</li>
<li data-mce-fragment=""1"">shaft height: approx. 29 cm</li>
</ul>","The boot for particularly comfortable entry with wide feet and high instep.

Features:

• soft, water-repellent greased special fullgrain cowhide

• waterproof and breathable through Gore-Tex Duratherm membrane

• side zipper for easy access

• high quality nylon adhesive fasteners

• splashproof shaft edge closure

• shin guard and heel in carbon look leather

• abrasion-resistant PU-shift reinforcement

• PU foam midsole

• climate insole, anatomically shaped

• Shin guard, padded inside with latex foam

• Knuckle protection, padded inside with open-cell special foam

• plastic reinforced insole with hot-dip galvanized steel inlay > torsion-resistant, yet easy to roll off

• soft, non-slip rubber sole

• shaft height: approx. 29 cm",55000,,2026-07-26,active,Daytona,5000,g,Buy Daytona Highway II GTX Waterproof Boots | Mile 27 Store,"The boot for particularly comfortable entry with wide feet and high instep. soft, water-repellent greased special fullgrain cowhide. waterproof and…","soft, water-repellent greased special fullgrain cowhide | waterproof and breathable through Gore-Tex Duratherm membrane | side zipper for easy access | high quality nylon adhesive fasteners",Cleaned noise; brand verified,High,false,Riding Gear > Riding Boots,High,"Mapped from Shopify Type ""Riding Boots""",daytona-highway-ii-gtx-waterproof-boots-1|Size:37|price:55000.00|compare:|weight:5000|barcode:|qty:0 | daytona-highway-ii-gtx-waterproof-boots-2|Size:38|price:55000.00|compare:|weight:5000|barcode:|qty:0 | daytona-highway-ii-gtx-waterproof-boots-3|Size:39|price:55000.00|compare:|weight:5000|barcode:|qty:0 | daytona-highway-ii-gtx-waterproof-boots-4|Size:40|price:55000.00|compare:|weight:5000|barcode:|qty:0 | daytona-highway-ii-gtx-waterproof-boots-5|Size:41|price:55000.00|compare:|weight:5000|barcode:|qty:0 | daytona-highway-ii-gtx-waterproof-boots-6|Size:42|price:55000.00|compare:|weight:5000|barcode:|qty:0 | daytona-highway-ii-gtx-waterproof-boots-7|Size:43|price:55000.00|compare:|weight:5000|barcode:|qty:0 | daytona-highway-ii-gtx-waterproof-boots-8|Size:44|price:55000.00|compare:|weight:5000|barcode:|qty:0 | daytona-highway-ii-gtx-waterproof-boots-9|Size:45|price:55000.00|compare:|weight:5000|barcode:|qty:0 | daytona-highway-ii-gtx-waterproof-boots-10|Size:46|price:55000.00|compare:|weight:5000|barcode:|qty:0 | daytona-highway-ii-gtx-waterproof-boots-11|Size:47|price:55000.00|compare:|weight:5000|barcode:|qty:0 | daytona-highway-ii-gtx-waterproof-boots-12|Size:48|price:55000.00|compare:|weight:5000|barcode:|qty:0 | daytona-highway-ii-gtx-waterproof-boots-13|Size:49|price:55000.00|compare:|weight:5000|barcode:|qty:0,"daytona-highway-ii-gtx-waterproof-boots-1,daytona-highway-ii-gtx-waterproof-boots-2,daytona-highway-ii-gtx-waterproof-boots-3,daytona-highway-ii-gtx-waterproof-boots-4,daytona-highway-ii-gtx-waterproof-boots-5,daytona-highway-ii-gtx-waterproof-boots-6,daytona-highway-ii-gtx-waterproof-boots-7,daytona-highway-ii-gtx-waterproof-boots-8,daytona-highway-ii-gtx-waterproof-boots-9,daytona-highway-ii-gtx-waterproof-boots-10,daytona-highway-ii-gtx-waterproof-boots-11,daytona-highway-ii-gtx-waterproof-boots-12,daytona-highway-ii-gtx-waterproof-boots-13",13,https://cdn.shopify.com/s/files/1/0076/8301/4754/products/daytona-highway-gtx.jpg?v=1668764741|pos:1|alt:Daytona Daytona Highway II GTX Waterproof Boots – front view,1,Daytona Daytona Highway II GTX Waterproof Boots – front view,,0,Daytona Highway II GTX Waterproof Boots,Daytona Highway II GTX Waterproof Boots. The boot for particularly comfortable entry with wide feet and high instep.,high quality nylon adhesive fasteners.,,"soft, water-repellent greased special fullgrain cowhide. waterproof and breathable through Gore-Tex Duratherm membrane. side zipper for easy access.",,Available in multiple sizes. Check the size guide before ordering.,Daytona Highway II GTX Waterproof Boots — a riding Boot built to the specifications listed above.,true,draft,https://cdn.shopify.com/s/files/1/0076/8301/4754/products/daytona-highway-gtx.jpg?v=1668764741|role:hero,1,false,/products/daytona-highway-ii-gtx-waterproof-boots,/products/daytona-highway-ii-gtx-waterproof-boots
daytona-burdit-xcr-gtx-boots,daytona-burdit-xcr-gtx-boots,Daytona Burdit XCR GTX Boots,Daytona Burdit XCR GTX Boots,daytona-burdit-xcr-gtx-boots,A motorcycle boot with high shaft and equipped with the new GORE-TEX® XCR® membrane for maximum climatic comfort on hot days. • Height of shaft: ca 28 cm. Available in multiple sizes and/or colours — select your variant.,"A motorcycle boot with high shaft and equipped with the new GORE-TEX<sup data-mce-fragment=""1"">®</sup><span data-mce-fragment=""1""> </span>XCR<sup data-mce-fragment=""1"">®</sup><span data-mce-fragment=""1""> </span>membrane for maximum climatic comfort on hot days.<br><br>
<b>Advantages:</b><br data-mce-fragment=""1"">+ water-repellent and greased calf/nubuk leather with perforated-leather inserts<br data-mce-fragment=""1"">+ textile lining (80% polyamide/20% polyester)<br data-mce-fragment=""1"">+ watertight and extremely breathable<br data-mce-fragment=""1"">+ optimum heat dissipation and extremely high breath ability to prevent overheating of your feet<br data-mce-fragment=""1"">+ perfect climatic comfort both inside and outside, all day long, at much or little activity<br data-mce-fragment=""1"">+ two velcro fasteners to get in quick and easily<br data-mce-fragment=""1"">+ soft shaft end<br data-mce-fragment=""1"">+ reinforced gear change cushion from abrasion resistant PU foam<br data-mce-fragment=""1"">+ PU foam sole<br data-mce-fragment=""1"">+ anatomically formed climatic insole<br data-mce-fragment=""1""><em data-mce-fragment=""1""><br data-mce-fragment=""1""><b>Safety</b>:<br data-mce-fragment=""1""></em>+ ankle protection, both sides, padded inside with open-cell special foam<br data-mce-fragment=""1"">+ a plastic reinforced inner sole with a hot-dip galvanised steel inlay, that allows you to gently roll your feet<br data-mce-fragment=""1"">+ 3M-Scotchlite reflector<br data-mce-fragment=""1"">+ non-slip sport rubber sole<br><br>
• Height of shaft: ca 28 cm","A motorcycle boot with high shaft and equipped with the new GORE-TEX® XCR® membrane for maximum climatic comfort on hot days.

Advantages:+ water-repellent and greased calf/nubuk leather with perforated-leather inserts+ textile lining (80% polyamide/20% polyester)+ watertight and extremely breathable+ optimum heat dissipation and extremely high breath ability to prevent overheating of your feet+ perfect climatic comfort both inside and outside, all day long, at much or little activity+ two velcro fasteners to get in quick and easily+ soft shaft end+ reinforced gear change cushion from abrasion resistant PU foam+ PU foam sole+ anatomically formed climatic insoleSafety:+ ankle protection, both sides, padded inside with open-cell special foam+ a plastic reinforced inner sole with a hot-dip galvanised steel inlay, that allows you to gently roll your feet+ 3M-Scotchlite reflector+ non-slip sport rubber sole

• Height of shaft: ca 28 cm",52000,,2026-07-26,active,Daytona,5000,g,Buy Daytona Burdit XCR GTX Boots | Mile 27 Store,A motorcycle boot with high shaft and equipped with the new GORE-TEX® XCR® membrane for maximum climatic comfort on hot days. Height of shaft: ca 28 cm.,Height of shaft: ca 28 cm,Cleaned noise; brand verified,High,false,Riding Gear > Riding Boots,High,"Mapped from Shopify Type ""Riding Boots""",daytona-burdit-xcr-gtx-boots-1|Size:36|price:52000.00|compare:|weight:5000|barcode:|qty:0 | daytona-burdit-xcr-gtx-boots-2|Size:37|price:52000.00|compare:|weight:5000|barcode:|qty:0 | daytona-burdit-xcr-gtx-boots-3|Size:38|price:52000.00|compare:|weight:5000|barcode:|qty:0 | daytona-burdit-xcr-gtx-boots-4|Size:39|price:52000.00|compare:|weight:5000|barcode:|qty:0 | daytona-burdit-xcr-gtx-boots-5|Size:40|price:52000.00|compare:|weight:5000|barcode:|qty:0 | daytona-burdit-xcr-gtx-boots-6|Size:41|price:52000.00|compare:|weight:5000|barcode:|qty:0 | daytona-burdit-xcr-gtx-boots-7|Size:42|price:52000.00|compare:|weight:5000|barcode:|qty:0 | daytona-burdit-xcr-gtx-boots-8|Size:43|price:52000.00|compare:|weight:5000|barcode:|qty:0 | daytona-burdit-xcr-gtx-boots-9|Size:44|price:52000.00|compare:|weight:5000|barcode:|qty:0 | daytona-burdit-xcr-gtx-boots-10|Size:45|price:52000.00|compare:|weight:5000|barcode:|qty:0 | daytona-burdit-xcr-gtx-boots-11|Size:46|price:52000.00|compare:|weight:5000|barcode:|qty:0 | daytona-burdit-xcr-gtx-boots-12|Size:47|price:52000.00|compare:|weight:5000|barcode:|qty:0 | daytona-burdit-xcr-gtx-boots-13|Size:48|price:52000.00|compare:|weight:5000|barcode:|qty:0 | daytona-burdit-xcr-gtx-boots-14|Size:49|price:52000.00|compare:|weight:5000|barcode:|qty:0,"daytona-burdit-xcr-gtx-boots-1,daytona-burdit-xcr-gtx-boots-2,daytona-burdit-xcr-gtx-boots-3,daytona-burdit-xcr-gtx-boots-4,daytona-burdit-xcr-gtx-boots-5,daytona-burdit-xcr-gtx-boots-6,daytona-burdit-xcr-gtx-boots-7,daytona-burdit-xcr-gtx-boots-8,daytona-burdit-xcr-gtx-boots-9,daytona-burdit-xcr-gtx-boots-10,daytona-burdit-xcr-gtx-boots-11,daytona-burdit-xcr-gtx-boots-12,daytona-burdit-xcr-gtx-boots-13,daytona-burdit-xcr-gtx-boots-14",14,https://cdn.shopify.com/s/files/1/0076/8301/4754/products/daytona-burdit-xcr.jpg?v=1668765504|pos:1|alt:Daytona Daytona Burdit XCR GTX Boots – front view,1,Daytona Daytona Burdit XCR GTX Boots – front view,,0,Daytona Burdit XCR GTX Boots,Daytona Burdit XCR GTX Boots. A motorcycle boot with high shaft and equipped with the new GORE-TEX® XCR® membrane for maximum climatic comfort on hot days.,,,Height of shaft: ca 28 cm.,,Available in multiple sizes. Check the size guide before ordering.,Daytona Burdit XCR GTX Boots — a riding Boot built to the specifications listed above.,true,draft,https://cdn.shopify.com/s/files/1/0076/8301/4754/products/daytona-burdit-xcr.jpg?v=1668765504|role:hero,1,false,/products/daytona-burdit-xcr-gtx-boots,/products/daytona-burdit-xcr-gtx-boots
daytona-spirit-gtx-waterproof-boots,daytona-spirit-gtx-waterproof-boots,Daytona Spirit GTX Waterproof Boots,Daytona Spirit GTX Waterproof Boots,daytona-spirit-gtx-waterproof-boots,"Light sports boots for hot days. • water-repellent greased cowhide/nubuck leather with perforated leather inserts. • wind and waterproof Gore-Tex More Season membrane (80% polyamide, 20% polyester). • zipper on the side inside, covered with leather. • adhesive closure for individual calf widths. Available in multiple sizes and/or colours — select your variant.","Light sports boots for hot days.<br><br>
<strong data-mce-fragment=""1"">Features:</strong>
<ul data-mce-fragment=""1"">
<li data-mce-fragment=""1"">water-repellent greased cowhide/nubuck leather with perforated leather inserts</li>
<li data-mce-fragment=""1"">wind and waterproof Gore-Tex More Season membrane (80% polyamide, 20% polyester)</li>
<li data-mce-fragment=""1"">zipper on the side inside, covered with leather</li>
<li data-mce-fragment=""1"">adhesive closure for individual calf widths</li>
<li data-mce-fragment=""1"">abrasion-resistant PU-shift reinforcement</li>
<li data-mce-fragment=""1"">PU foam midsole</li>
<li data-mce-fragment=""1"">climate insole, anatomically shaped</li>
<li data-mce-fragment=""1"">Shin guard (PHTP-TR), padded inside with latex foam</li>
<li data-mce-fragment=""1"">ankle protection on both sides, padded inside with open-cell special foam</li>
<li data-mce-fragment=""1"">plastic-reinforced inner sole with hot-dip galvanized steel inlay, particularly torsion-resistant and yet easy to roll</li>
<li data-mce-fragment=""1"">3M Scotchlite heel reflector</li>
<li data-mce-fragment=""1"">non-slip rubber sports sole</li>
<li data-mce-fragment=""1"">shaft height: approx. 30 cm</li>
</ul>","Light sports boots for hot days.

Features:

• water-repellent greased cowhide/nubuck leather with perforated leather inserts

• wind and waterproof Gore-Tex More Season membrane (80% polyamide, 20% polyester)

• zipper on the side inside, covered with leather

• adhesive closure for individual calf widths

• abrasion-resistant PU-shift reinforcement

• PU foam midsole

• climate insole, anatomically shaped

• Shin guard (PHTP-TR), padded inside with latex foam

• ankle protection on both sides, padded inside with open-cell special foam

• plastic-reinforced inner sole with hot-dip galvanized steel inlay, particularly torsion-resistant and yet easy to roll

• 3M Scotchlite heel reflector

• non-slip rubber sports sole

• shaft height: approx. 30 cm",52000,,2026-07-26,active,Daytona,5000,g,Buy Daytona Spirit GTX Waterproof Boots | Mile 27 Store,Light sports boots for hot days. water-repellent greased cowhide/nubuck leather with perforated leather inserts. wind and waterproof Gore-Tex More Season…,"water-repellent greased cowhide/nubuck leather with perforated leather inserts | wind and waterproof Gore-Tex More Season membrane (80% polyamide, 20% polyester) | zipper on the side inside, covered with leather | adhesive closure for individual calf widths",Cleaned noise; brand verified,High,false,Riding Gear > Riding Boots,High,"Mapped from Shopify Type ""Riding Boots""",daytona-spirit-gtx-waterproof-boots-1|Size:36|price:52000.00|compare:|weight:5000|barcode:|qty:0 | daytona-spirit-gtx-waterproof-boots-2|Size:37|price:52000.00|compare:|weight:5000|barcode:|qty:0 | daytona-spirit-gtx-waterproof-boots-3|Size:38|price:52000.00|compare:|weight:5000|barcode:|qty:0 | daytona-spirit-gtx-waterproof-boots-4|Size:39|price:52000.00|compare:|weight:5000|barcode:|qty:0 | daytona-spirit-gtx-waterproof-boots-5|Size:40|price:52000.00|compare:|weight:5000|barcode:|qty:0 | daytona-spirit-gtx-waterproof-boots-6|Size:41|price:52000.00|compare:|weight:5000|barcode:|qty:0 | daytona-spirit-gtx-waterproof-boots-7|Size:42|price:52000.00|compare:|weight:5000|barcode:|qty:0 | daytona-spirit-gtx-waterproof-boots-8|Size:43|price:52000.00|compare:|weight:5000|barcode:|qty:0 | daytona-spirit-gtx-waterproof-boots-9|Size:44|price:52000.00|compare:|weight:5000|barcode:|qty:0 | daytona-spirit-gtx-waterproof-boots-10|Size:45|price:52000.00|compare:|weight:5000|barcode:|qty:0 | daytona-spirit-gtx-waterproof-boots-11|Size:46|price:52000.00|compare:|weight:5000|barcode:|qty:0 | daytona-spirit-gtx-waterproof-boots-12|Size:47|price:52000.00|compare:|weight:5000|barcode:|qty:0 | daytona-spirit-gtx-waterproof-boots-13|Size:48|price:52000.00|compare:|weight:5000|barcode:|qty:0 | daytona-spirit-gtx-waterproof-boots-14|Size:49|price:52000.00|compare:|weight:5000|barcode:|qty:0,"daytona-spirit-gtx-waterproof-boots-1,daytona-spirit-gtx-waterproof-boots-2,daytona-spirit-gtx-waterproof-boots-3,daytona-spirit-gtx-waterproof-boots-4,daytona-spirit-gtx-waterproof-boots-5,daytona-spirit-gtx-waterproof-boots-6,daytona-spirit-gtx-waterproof-boots-7,daytona-spirit-gtx-waterproof-boots-8,daytona-spirit-gtx-waterproof-boots-9,daytona-spirit-gtx-waterproof-boots-10,daytona-spirit-gtx-waterproof-boots-11,daytona-spirit-gtx-waterproof-boots-12,daytona-spirit-gtx-waterproof-boots-13,daytona-spirit-gtx-waterproof-boots-14",14,https://cdn.shopify.com/s/files/1/0076/8301/4754/products/Daytona-spirit-gtx-neu.jpg?v=1668765805|pos:1|alt:Daytona Daytona Spirit GTX Waterproof Boots – front view,1,Daytona Daytona Spirit GTX Waterproof Boots – front view,feature:waterproof,1,Daytona Spirit GTX Waterproof Boots,Daytona Spirit GTX Waterproof Boots. Light sports boots for hot days.,"water-repellent greased cowhide/nubuck leather with perforated leather inserts. zipper on the side inside, covered with leather.",,"wind and waterproof Gore-Tex More Season membrane (80% polyamide, 20% polyester). adhesive closure for individual calf widths.",,Available in multiple sizes. Check the size guide before ordering.,Daytona Spirit GTX Waterproof Boots — a riding Boot built to the specifications listed above.,true,draft,https://cdn.shopify.com/s/files/1/0076/8301/4754/products/Daytona-spirit-gtx-neu.jpg?v=1668765805|role:hero,1,false,/products/daytona-spirit-gtx-waterproof-boots,/products/daytona-spirit-gtx-waterproof-boots
daytona-voyager-gtx-waterproof-boots,daytona-voyager-gtx-waterproof-boots,Daytona Voyager GTX Waterproof Boots,Daytona Voyager GTX Waterproof Boots,daytona-voyager-gtx-waterproof-boots,"Inexpensive touring boot with super fit, made of soft special fullgrain cow hide. • waterproof and breathable due to Gore-Tex Duratherm membrane. • textile lining (80% polyamide, 20% polyester). • well-being climate with high wearing comfort. • side zipper, covered with leather. Available in multiple sizes and/or colours — select your variant.","Inexpensive touring boot with super fit, made of soft special fullgrain cow hide.<br><br>
<strong data-mce-fragment=""1"">Features:</strong>
<ul data-mce-fragment=""1"">
<li data-mce-fragment=""1"">waterproof and breathable due to Gore-Tex Duratherm membrane</li>
<li data-mce-fragment=""1"">textile lining (80% polyamide, 20% polyester)</li>
<li data-mce-fragment=""1"">well-being climate with high wearing comfort</li>
<li data-mce-fragment=""1"">side zipper, covered with leather</li>
<li data-mce-fragment=""1"">adhesive closure for individual calf widths</li>
<li data-mce-fragment=""1"">abrasion-resistant PU-shift reinforcement</li>
<li data-mce-fragment=""1"">PU foam midsole</li>
<li data-mce-fragment=""1"">climate insole, anatomically shaped</li>
<li data-mce-fragment=""1"">shin guard, padded inside with latex foam</li>
<li data-mce-fragment=""1"">ankle protection on both sides, padded inside with open-cell special foam</li>
<li data-mce-fragment=""1"">plastic reinforced insole with hot-dip galvanized steel inlay &gt; torsion-resistant, yet easy to roll off</li>
<li data-mce-fragment=""1"">3M-Scotchlite reflex inserts at the side and rear</li>
<li data-mce-fragment=""1"">special rubber profile sole, robust and non-slip</li>
<li data-mce-fragment=""1"">shaft height: approx. 29 cm</li>
</ul>","Inexpensive touring boot with super fit, made of soft special fullgrain cow hide.

Features:

• waterproof and breathable due to Gore-Tex Duratherm membrane

• textile lining (80% polyamide, 20% polyester)

• well-being climate with high wearing comfort

• side zipper, covered with leather

• adhesive closure for individual calf widths

• abrasion-resistant PU-shift reinforcement

• PU foam midsole

• climate insole, anatomically shaped

• shin guard, padded inside with latex foam

• ankle protection on both sides, padded inside with open-cell special foam

• plastic reinforced insole with hot-dip galvanized steel inlay > torsion-resistant, yet easy to roll off

• 3M-Scotchlite reflex inserts at the side and rear

• special rubber profile sole, robust and non-slip

• shaft height: approx. 29 cm",49000,,2026-07-26,active,Daytona,5000,g,Buy Daytona Voyager GTX Waterproof Boots | Mile 27 Store,"Inexpensive touring boot with super fit, made of soft special fullgrain cow hide. waterproof and breathable due to Gore-Tex Duratherm membrane. textile…","waterproof and breathable due to Gore-Tex Duratherm membrane | textile lining (80% polyamide, 20% polyester) | well-being climate with high wearing comfort | side zipper, covered with leather",Cleaned noise; brand verified,High,false,Riding Gear > Riding Boots,High,"Mapped from Shopify Type ""Riding Boots""",daytona-voyager-gtx-waterproof-boots-1|Size:37|price:49000.00|compare:|weight:5000|barcode:|qty:0 | daytona-voyager-gtx-waterproof-boots-2|Size:38|price:49000.00|compare:|weight:5000|barcode:|qty:0 | daytona-voyager-gtx-waterproof-boots-3|Size:39|price:49000.00|compare:|weight:5000|barcode:|qty:0 | daytona-voyager-gtx-waterproof-boots-4|Size:40|price:49000.00|compare:|weight:5000|barcode:|qty:0 | daytona-voyager-gtx-waterproof-boots-5|Size:41|price:49000.00|compare:|weight:5000|barcode:|qty:0 | daytona-voyager-gtx-waterproof-boots-6|Size:42|price:49000.00|compare:|weight:5000|barcode:|qty:0 | daytona-voyager-gtx-waterproof-boots-7|Size:43|price:49000.00|compare:|weight:5000|barcode:|qty:0 | daytona-voyager-gtx-waterproof-boots-8|Size:44|price:49000.00|compare:|weight:5000|barcode:|qty:0 | daytona-voyager-gtx-waterproof-boots-9|Size:45|price:49000.00|compare:|weight:5000|barcode:|qty:0 | daytona-voyager-gtx-waterproof-boots-10|Size:46|price:49000.00|compare:|weight:5000|barcode:|qty:0 | daytona-voyager-gtx-waterproof-boots-11|Size:47|price:49000.00|compare:|weight:5000|barcode:|qty:0 | daytona-voyager-gtx-waterproof-boots-12|Size:48|price:49000.00|compare:|weight:5000|barcode:|qty:0 | daytona-voyager-gtx-waterproof-boots-13|Size:49|price:49000.00|compare:|weight:5000|barcode:|qty:0,"daytona-voyager-gtx-waterproof-boots-1,daytona-voyager-gtx-waterproof-boots-2,daytona-voyager-gtx-waterproof-boots-3,daytona-voyager-gtx-waterproof-boots-4,daytona-voyager-gtx-waterproof-boots-5,daytona-voyager-gtx-waterproof-boots-6,daytona-voyager-gtx-waterproof-boots-7,daytona-voyager-gtx-waterproof-boots-8,daytona-voyager-gtx-waterproof-boots-9,daytona-voyager-gtx-waterproof-boots-10,daytona-voyager-gtx-waterproof-boots-11,daytona-voyager-gtx-waterproof-boots-12,daytona-voyager-gtx-waterproof-boots-13",13,https://cdn.shopify.com/s/files/1/0076/8301/4754/products/daytona-voyager.jpg?v=1668766355|pos:1|alt:Daytona Daytona Voyager GTX Waterproof Boots – front view,1,Daytona Daytona Voyager GTX Waterproof Boots – front view,feature:waterproof,1,Daytona Voyager GTX Waterproof Boots,"Daytona Voyager GTX Waterproof Boots. Inexpensive touring boot with super fit, made of soft special fullgrain cow hide.","textile lining (80% polyamide, 20% polyester). side zipper, covered with leather.",well-being climate with high wearing comfort.,waterproof and breathable due to Gore-Tex Duratherm membrane.,,Available in multiple sizes. Check the size guide before ordering.,Daytona Voyager GTX Waterproof Boots — a riding Boot built to the specifications listed above.,true,draft,https://cdn.shopify.com/s/files/1/0076/8301/4754/products/daytona-voyager.jpg?v=1668766355|role:hero,1,false,/products/daytona-voyager-gtx-waterproof-boots,/products/daytona-voyager-gtx-waterproof-boots
daytona-nonstop-gtx-waterproof-boots,daytona-nonstop-gtx-waterproof-boots,Daytona Nonstop GTX Waterproof Boots,Daytona Nonstop GTX Waterproof Boots,daytona-nonstop-gtx-waterproof-boots,"The inexpensive full value boot with slim fit. • soft, water-repellent greased special fullgrain cowhide. • waterproof and breathable due to Gore-Tex Duratherm membrane. • side zipper, covered with leather. • adhesive closure for individual calf widths. Available in multiple sizes and/or colours — select your variant.","The inexpensive full value boot with slim fit.<br><br>
<strong data-mce-fragment=""1"">Features:</strong>
<ul data-mce-fragment=""1"">
<li data-mce-fragment=""1"">soft, water-repellent greased special fullgrain cowhide</li>
<li data-mce-fragment=""1"">waterproof and breathable due to Gore-Tex Duratherm membrane</li>
<li data-mce-fragment=""1"">side zipper, covered with leather</li>
<li data-mce-fragment=""1"">adhesive closure for individual calf widths</li>
<li data-mce-fragment=""1"">highly elastic zones at instep and heel</li>
<li data-mce-fragment=""1"">abrasion-resistant PU-shift reinforcement</li>
<li data-mce-fragment=""1"">PU foam midsole</li>
<li data-mce-fragment=""1"">climate insole, anatomically shaped</li>
<li data-mce-fragment=""1"">shin guard, padded inside with latex foam</li>
<li data-mce-fragment=""1"">ankle protection on both sides, padded inside with open-cell special foam</li>
<li data-mce-fragment=""1"">plastic reinforced insole with hot-dip galvanized steel inlay (torsion-resistant but still easy to roll off)</li>
<li data-mce-fragment=""1"">3M-Scotchlite heel reflector</li>
<li data-mce-fragment=""1"">soft, non-slip studded profile sole made of special rubber</li>
<li data-mce-fragment=""1"">shaft height: approx. 31 cm</li>
</ul>","The inexpensive full value boot with slim fit.

Features:

• soft, water-repellent greased special fullgrain cowhide

• waterproof and breathable due to Gore-Tex Duratherm membrane

• side zipper, covered with leather

• adhesive closure for individual calf widths

• highly elastic zones at instep and heel

• abrasion-resistant PU-shift reinforcement

• PU foam midsole

• climate insole, anatomically shaped

• shin guard, padded inside with latex foam

• ankle protection on both sides, padded inside with open-cell special foam

• plastic reinforced insole with hot-dip galvanized steel inlay (torsion-resistant but still easy to roll off)

• 3M-Scotchlite heel reflector

• soft, non-slip studded profile sole made of special rubber

• shaft height: approx. 31 cm",53500,,2026-07-26,active,Daytona,5000,g,Buy Daytona Nonstop GTX Waterproof Boots | Mile 27 Store,"The inexpensive full value boot with slim fit. soft, water-repellent greased special fullgrain cowhide. waterproof and breathable due to Gore-Tex…","soft, water-repellent greased special fullgrain cowhide | waterproof and breathable due to Gore-Tex Duratherm membrane | side zipper, covered with leather | adhesive closure for individual calf widths",Cleaned noise; brand verified,High,false,Riding Gear > Riding Boots,High,"Mapped from Shopify Type ""Riding Boots""",daytona-nonstop-gtx-waterproof-boots-1|Size:37|price:53500.00|compare:|weight:5000|barcode:|qty:0 | daytona-nonstop-gtx-waterproof-boots-2|Size:38|price:53500.00|compare:|weight:5000|barcode:|qty:0 | daytona-nonstop-gtx-waterproof-boots-3|Size:39|price:53500.00|compare:|weight:5000|barcode:|qty:0 | daytona-nonstop-gtx-waterproof-boots-4|Size:40|price:53500.00|compare:|weight:5000|barcode:|qty:0 | daytona-nonstop-gtx-waterproof-boots-5|Size:41|price:53500.00|compare:|weight:5000|barcode:|qty:0 | daytona-nonstop-gtx-waterproof-boots-6|Size:42|price:53500.00|compare:|weight:5000|barcode:|qty:0 | daytona-nonstop-gtx-waterproof-boots-7|Size:43|price:53500.00|compare:|weight:5000|barcode:|qty:0 | daytona-nonstop-gtx-waterproof-boots-8|Size:44|price:53500.00|compare:|weight:5000|barcode:|qty:0 | daytona-nonstop-gtx-waterproof-boots-9|Size:45|price:53500.00|compare:|weight:5000|barcode:|qty:0 | daytona-nonstop-gtx-waterproof-boots-10|Size:46|price:53500.00|compare:|weight:5000|barcode:|qty:0 | daytona-nonstop-gtx-waterproof-boots-11|Size:47|price:53500.00|compare:|weight:5000|barcode:|qty:0 | daytona-nonstop-gtx-waterproof-boots-12|Size:48|price:53500.00|compare:|weight:5000|barcode:|qty:0 | daytona-nonstop-gtx-waterproof-boots-13|Size:49|price:53500.00|compare:|weight:5000|barcode:|qty:0,"daytona-nonstop-gtx-waterproof-boots-1,daytona-nonstop-gtx-waterproof-boots-2,daytona-nonstop-gtx-waterproof-boots-3,daytona-nonstop-gtx-waterproof-boots-4,daytona-nonstop-gtx-waterproof-boots-5,daytona-nonstop-gtx-waterproof-boots-6,daytona-nonstop-gtx-waterproof-boots-7,daytona-nonstop-gtx-waterproof-boots-8,daytona-nonstop-gtx-waterproof-boots-9,daytona-nonstop-gtx-waterproof-boots-10,daytona-nonstop-gtx-waterproof-boots-11,daytona-nonstop-gtx-waterproof-boots-12,daytona-nonstop-gtx-waterproof-boots-13",13,https://cdn.shopify.com/s/files/1/0076/8301/4754/products/Daytona_Nonstop_GTX.jpg?v=1668767182|pos:1|alt:Daytona Daytona Nonstop GTX Waterproof Boots – front view,1,Daytona Daytona Nonstop GTX Waterproof Boots – front view,feature:waterproof,1,Daytona Nonstop GTX Waterproof Boots,Daytona Nonstop GTX Waterproof Boots. The inexpensive full value boot with slim fit.,"side zipper, covered with leather.",,"soft, water-repellent greased special fullgrain cowhide. waterproof and breathable due to Gore-Tex Duratherm membrane. adhesive closure for individual calf widths.",,Available in multiple sizes. Check the size guide before ordering.,Daytona Nonstop GTX Waterproof Boots — a riding Boot built to the specifications listed above.,true,draft,https://cdn.shopify.com/s/files/1/0076/8301/4754/products/Daytona_Nonstop_GTX.jpg?v=1668767182|role:hero,1,false,/products/daytona-nonstop-gtx-waterproof-boots,/products/daytona-nonstop-gtx-waterproof-boots
daytona-arrow-sport-gtx-waterproof-boots,daytona-arrow-sport-gtx-waterproof-boots,Daytona Arrow Sport GTX Waterproof Boots,Daytona Arrow Sport GTX Waterproof Boots,daytona-arrow-sport-gtx-waterproof-boots,"Sporty short boot made of cowhide, light and comfortable. • soft, water-repellent greased cowhide. • waterproof and breathable due to Gore-Tex More-Season membrane (80% polyamide, 20% polyester). • two side zippers for quick access. • double cuff. Available in multiple sizes and/or colours — select your variant.","Sporty short boot made of cowhide, light and comfortable.<br><br>
<strong data-mce-fragment=""1"">Features:</strong>
<ul data-mce-fragment=""1"">
<li data-mce-fragment=""1"">soft, water-repellent greased cowhide</li>
<li data-mce-fragment=""1"">waterproof and breathable due to Gore-Tex More-Season membrane (80% polyamide, 20% polyester)</li>
<li data-mce-fragment=""1"">two side zippers for quick access</li>
<li data-mce-fragment=""1"">double cuff</li>
<li data-mce-fragment=""1"">sealing sleeve</li>
<li data-mce-fragment=""1"">soft rim</li>
<li data-mce-fragment=""1"">abrasion-resistant PU-shift reinforcement</li>
<li data-mce-fragment=""1"">PU foam midsole</li>
<li data-mce-fragment=""1"">climate insole, anatomically shaped</li>
<li data-mce-fragment=""1"">ankle protection on both sides, padded inside with open-cell special foam</li>
<li data-mce-fragment=""1"">3M Scotchlite heel reflector</li>
<li data-mce-fragment=""1"">plastic-reinforced inner sole with hot-dip galvanized steel inlay, particularly torsion-resistant and yet easy to roll</li>
<li data-mce-fragment=""1"">strong, non-slip rubber sole with sports tread</li>
<li data-mce-fragment=""1"">shaft height: approx. 22 cm</li>
</ul>","Sporty short boot made of cowhide, light and comfortable.

Features:

• soft, water-repellent greased cowhide

• waterproof and breathable due to Gore-Tex More-Season membrane (80% polyamide, 20% polyester)

• two side zippers for quick access

• double cuff

• sealing sleeve

• soft rim

• abrasion-resistant PU-shift reinforcement

• PU foam midsole

• climate insole, anatomically shaped

• ankle protection on both sides, padded inside with open-cell special foam

• 3M Scotchlite heel reflector

• plastic-reinforced inner sole with hot-dip galvanized steel inlay, particularly torsion-resistant and yet easy to roll

• strong, non-slip rubber sole with sports tread

• shaft height: approx. 22 cm",45000,,2026-07-26,active,Daytona,5000,g,Buy Daytona Arrow Sport GTX Waterproof Boots | Mile 27 Store,"Sporty short boot made of cowhide, light and comfortable. soft, water-repellent greased cowhide. waterproof and breathable due to Gore-Tex More-Season…","soft, water-repellent greased cowhide | waterproof and breathable due to Gore-Tex More-Season membrane (80% polyamide, 20% polyester) | two side zippers for quick access | double cuff",Cleaned noise; brand verified,High,false,Riding Gear > Riding Boots,High,"Mapped from Shopify Type ""Riding Boots""",daytona-arrow-sport-gtx-waterproof-boots-1|Size:36|price:45000.00|compare:|weight:5000|barcode:|qty:0 | daytona-arrow-sport-gtx-waterproof-boots-2|Size:37|price:45000.00|compare:|weight:5000|barcode:|qty:0 | daytona-arrow-sport-gtx-waterproof-boots-3|Size:38|price:45000.00|compare:|weight:5000|barcode:|qty:0 | daytona-arrow-sport-gtx-waterproof-boots-4|Size:39|price:45000.00|compare:|weight:5000|barcode:|qty:0 | daytona-arrow-sport-gtx-waterproof-boots-5|Size:40|price:45000.00|compare:|weight:5000|barcode:|qty:0 | daytona-arrow-sport-gtx-waterproof-boots-6|Size:41|price:45000.00|compare:|weight:5000|barcode:|qty:0 | daytona-arrow-sport-gtx-waterproof-boots-7|Size:42|price:45000.00|compare:|weight:5000|barcode:|qty:0 | daytona-arrow-sport-gtx-waterproof-boots-8|Size:43|price:45000.00|compare:|weight:5000|barcode:|qty:0 | daytona-arrow-sport-gtx-waterproof-boots-9|Size:44|price:45000.00|compare:|weight:5000|barcode:|qty:0 | daytona-arrow-sport-gtx-waterproof-boots-10|Size:45|price:45000.00|compare:|weight:5000|barcode:|qty:0 | daytona-arrow-sport-gtx-waterproof-boots-11|Size:46|price:45000.00|compare:|weight:5000|barcode:|qty:0 | daytona-arrow-sport-gtx-waterproof-boots-12|Size:47|price:45000.00|compare:|weight:5000|barcode:|qty:0 | daytona-arrow-sport-gtx-waterproof-boots-13|Size:48|price:45000.00|compare:|weight:5000|barcode:|qty:0 | daytona-arrow-sport-gtx-waterproof-boots-14|Size:49|price:45000.00|compare:|weight:5000|barcode:|qty:0,"daytona-arrow-sport-gtx-waterproof-boots-1,daytona-arrow-sport-gtx-waterproof-boots-2,daytona-arrow-sport-gtx-waterproof-boots-3,daytona-arrow-sport-gtx-waterproof-boots-4,daytona-arrow-sport-gtx-waterproof-boots-5,daytona-arrow-sport-gtx-waterproof-boots-6,daytona-arrow-sport-gtx-waterproof-boots-7,daytona-arrow-sport-gtx-waterproof-boots-8,daytona-arrow-sport-gtx-waterproof-boots-9,daytona-arrow-sport-gtx-waterproof-boots-10,daytona-arrow-sport-gtx-waterproof-boots-11,daytona-arrow-sport-gtx-waterproof-boots-12,daytona-arrow-sport-gtx-waterproof-boots-13,daytona-arrow-sport-gtx-waterproof-boots-14",14,https://cdn.shopify.com/s/files/1/0076/8301/4754/products/Dayatona-Arrow-Sport.jpg?v=1668767623|pos:1|alt:Daytona Daytona Arrow Sport GTX Waterproof Boots – front view || https://cdn.shopify.com/s/files/1/0076/8301/4754/products/Dayatona-Arrow-Sport-1.jpg?v=1668767623|pos:2|alt:Daytona Daytona Arrow Sport GTX Waterproof Boots – side view,2,Daytona Daytona Arrow Sport GTX Waterproof Boots – front view | Daytona Daytona Arrow Sport GTX Waterproof Boots – side view,feature:waterproof,1,Daytona Arrow Sport GTX Waterproof Boots,"Daytona Arrow Sport GTX Waterproof Boots. Sporty short boot made of cowhide, light and comfortable.",,,"soft, water-repellent greased cowhide. waterproof and breathable due to Gore-Tex More-Season membrane (80% polyamide, 20% polyester). two side zippers for quick access. double cuff.",,Available in multiple sizes. Check the size guide before ordering.,Daytona Arrow Sport GTX Waterproof Boots — a riding Boot built to the specifications listed above.,true,draft,https://cdn.shopify.com/s/files/1/0076/8301/4754/products/Dayatona-Arrow-Sport.jpg?v=1668767623|role:hero || https://cdn.shopify.com/s/files/1/0076/8301/4754/products/Dayatona-Arrow-Sport-1.jpg?v=1668767623|role:construction detail,2,false,/products/daytona-arrow-sport-gtx-waterproof-boots,/products/daytona-arrow-sport-gtx-waterproof-boots
daytona-ac-dry-gtx-waterproof-boots,daytona-ac-dry-gtx-waterproof-boots,Daytona AC Dry GTX Waterproof Boots,Daytona AC Dry GTX Waterproof Boots,daytona-ac-dry-gtx-waterproof-boots,"The short shaft motorcycle boot with sneaker feeling. • material mix of smooth leather, perforated leather and nubuck leather. • waterproof and breathable due to Gore-Tex More-Season membrane (80% polyamide, 20% polyester). • elastic, pleasantly soft shaft edge. • laces with quick release fastener. Available in multiple sizes and/or colours — select your variant.","The short shaft motorcycle boot with sneaker feeling.<br><br>
<strong data-mce-fragment=""1"">Features:</strong>
<ul data-mce-fragment=""1"">
<li data-mce-fragment=""1"">material mix of smooth leather, perforated leather and nubuck leather</li>
<li data-mce-fragment=""1"">waterproof and breathable due to Gore-Tex More-Season membrane (80% polyamide, 20% polyester)</li>
<li data-mce-fragment=""1"">elastic, pleasantly soft shaft edge</li>
<li data-mce-fragment=""1"">laces with quick release fastener</li>
<li data-mce-fragment=""1"">climate insole, anatomically shaped</li>
<li data-mce-fragment=""1"">bilateral knuckle protection</li>
<li data-mce-fragment=""1"">at the ankle inside padded with open-cell special foam</li>
<li data-mce-fragment=""1"">abrasion-resistant PU-shift reinforcement</li>
<li data-mce-fragment=""1"">plastic-reinforced inner sole with hot-dip galvanized steel inlay, particularly torsion-resistant and yet easy to roll off</li>
<li data-mce-fragment=""1"">non-slip wedge rubber sole</li>
<li data-mce-fragment=""1"">shaft height: approx. 20cm</li>
</ul>","The short shaft motorcycle boot with sneaker feeling.

Features:

• material mix of smooth leather, perforated leather and nubuck leather

• waterproof and breathable due to Gore-Tex More-Season membrane (80% polyamide, 20% polyester)

• elastic, pleasantly soft shaft edge

• laces with quick release fastener

• climate insole, anatomically shaped

• bilateral knuckle protection

• at the ankle inside padded with open-cell special foam

• abrasion-resistant PU-shift reinforcement

• plastic-reinforced inner sole with hot-dip galvanized steel inlay, particularly torsion-resistant and yet easy to roll off

• non-slip wedge rubber sole

• shaft height: approx. 20cm",43500,,2026-07-26,active,Daytona,5000,g,Buy Daytona AC Dry GTX Waterproof Boots | Mile 27 Store,"The short shaft motorcycle boot with sneaker feeling. material mix of smooth leather, perforated leather and nubuck leather. waterproof and breathable due…","material mix of smooth leather, perforated leather and nubuck leather | waterproof and breathable due to Gore-Tex More-Season membrane (80% polyamide, 20% polyester) | elastic, pleasantly soft shaft edge | laces with quick release fastener",Cleaned noise; brand verified,High,false,Riding Gear > Riding Boots,High,"Mapped from Shopify Type ""Riding Boots""",daytona-ac-dry-gtx-waterproof-boots-1|Size:36|price:43500.00|compare:|weight:5000|barcode:|qty:0 | daytona-ac-dry-gtx-waterproof-boots-2|Size:37|price:43500.00|compare:|weight:5000|barcode:|qty:0 | daytona-ac-dry-gtx-waterproof-boots-3|Size:38|price:43500.00|compare:|weight:5000|barcode:|qty:0 | daytona-ac-dry-gtx-waterproof-boots-4|Size:39|price:43500.00|compare:|weight:5000|barcode:|qty:0 | daytona-ac-dry-gtx-waterproof-boots-5|Size:40|price:43500.00|compare:|weight:5000|barcode:|qty:0 | daytona-ac-dry-gtx-waterproof-boots-6|Size:41|price:43500.00|compare:|weight:5000|barcode:|qty:0 | daytona-ac-dry-gtx-waterproof-boots-7|Size:42|price:43500.00|compare:|weight:5000|barcode:|qty:0 | daytona-ac-dry-gtx-waterproof-boots-8|Size:43|price:43500.00|compare:|weight:5000|barcode:|qty:0 | daytona-ac-dry-gtx-waterproof-boots-9|Size:44|price:43500.00|compare:|weight:5000|barcode:|qty:0 | daytona-ac-dry-gtx-waterproof-boots-10|Size:45|price:43500.00|compare:|weight:5000|barcode:|qty:0 | daytona-ac-dry-gtx-waterproof-boots-11|Size:46|price:43500.00|compare:|weight:5000|barcode:|qty:0 | daytona-ac-dry-gtx-waterproof-boots-12|Size:47|price:43500.00|compare:|weight:5000|barcode:|qty:0 | daytona-ac-dry-gtx-waterproof-boots-13|Size:48|price:43500.00|compare:|weight:5000|barcode:|qty:0 | daytona-ac-dry-gtx-waterproof-boots-14|Size:49|price:43500.00|compare:|weight:5000|barcode:|qty:0,"daytona-ac-dry-gtx-waterproof-boots-1,daytona-ac-dry-gtx-waterproof-boots-2,daytona-ac-dry-gtx-waterproof-boots-3,daytona-ac-dry-gtx-waterproof-boots-4,daytona-ac-dry-gtx-waterproof-boots-5,daytona-ac-dry-gtx-waterproof-boots-6,daytona-ac-dry-gtx-waterproof-boots-7,daytona-ac-dry-gtx-waterproof-boots-8,daytona-ac-dry-gtx-waterproof-boots-9,daytona-ac-dry-gtx-waterproof-boots-10,daytona-ac-dry-gtx-waterproof-boots-11,daytona-ac-dry-gtx-waterproof-boots-12,daytona-ac-dry-gtx-waterproof-boots-13,daytona-ac-dry-gtx-waterproof-boots-14",14,https://cdn.shopify.com/s/files/1/0076/8301/4754/products/AC-Dry-GTX-re.jpg?v=1668768208|pos:1|alt:Daytona Daytona AC Dry GTX Waterproof Boots – front view,1,Daytona Daytona AC Dry GTX Waterproof Boots – front view,feature:waterproof,1,Daytona AC Dry GTX Waterproof Boots,Daytona AC Dry GTX Waterproof Boots. The short shaft motorcycle boot with sneaker feeling.,"material mix of smooth leather, perforated leather and nubuck leather.",,"waterproof and breathable due to Gore-Tex More-Season membrane (80% polyamide, 20% polyester). elastic, pleasantly soft shaft edge. laces with quick release fastener.",,Available in multiple sizes. Check the size guide before ordering.,Daytona AC Dry GTX Waterproof Boots — a riding Boot built to the specifications listed above.,true,draft,https://cdn.shopify.com/s/files/1/0076/8301/4754/products/AC-Dry-GTX-re.jpg?v=1668768208|role:hero,1,false,/products/daytona-ac-dry-gtx-waterproof-boots,/products/daytona-ac-dry-gtx-waterproof-boots
daytona-ac-classics-gtx-waterproof-boots,daytona-ac-classics-gtx-waterproof-boots,Daytona AC Classics GTX Waterproof Boots,Daytona AC Classics GTX Waterproof Boots,daytona-ac-classics-gtx-waterproof-boots,"A short-shaft all-rounder in a chic retro look. • high-quality nubuck leather. • waterproof and breathable due to Gore-Tex More-Season membrane (80% polyamide, 20% polyester). • loop at the back for easy access. • Lacing and side zipper. Available in multiple sizes and/or colours — select your variant.","A short-shaft all-rounder in a chic retro look.<br><br>
<strong data-mce-fragment=""1"">Features:</strong>
<ul data-mce-fragment=""1"">
<li data-mce-fragment=""1"">high-quality nubuck leather</li>
<li data-mce-fragment=""1"">waterproof and breathable due to Gore-Tex More-Season membrane (80% polyamide, 20% polyester)</li>
<li data-mce-fragment=""1"">loop at the back for easy access</li>
<li data-mce-fragment=""1"">Lacing and side zipper</li>
<li data-mce-fragment=""1"">climate insole, anatomically shaped</li>
<li data-mce-fragment=""1"">elastic, pleasantly soft shaft edge</li>
<li data-mce-fragment=""1"">bilateral ankle protection (PHTP-TR)</li>
<li data-mce-fragment=""1"">at the ankle inside padded with open-cell special foam</li>
<li data-mce-fragment=""1"">Leather gear shift reinforcement</li>
<li data-mce-fragment=""1"">plastic-reinforced inner sole with hot-dip galvanized steel inlay, particularly torsion-resistant and yet easy to roll</li>
<li data-mce-fragment=""1"">profiled rubber sole with heel</li>
<li data-mce-fragment=""1"">shaft height: approx. 20 cm</li>
</ul>","A short-shaft all-rounder in a chic retro look.

Features:

• high-quality nubuck leather

• waterproof and breathable due to Gore-Tex More-Season membrane (80% polyamide, 20% polyester)

• loop at the back for easy access

• Lacing and side zipper

• climate insole, anatomically shaped

• elastic, pleasantly soft shaft edge

• bilateral ankle protection (PHTP-TR)

• at the ankle inside padded with open-cell special foam

• Leather gear shift reinforcement

• plastic-reinforced inner sole with hot-dip galvanized steel inlay, particularly torsion-resistant and yet easy to roll

• profiled rubber sole with heel

• shaft height: approx. 20 cm",43500,,2026-07-26,active,Daytona,5000,g,Buy Daytona AC Classics GTX Waterproof Boots | Mile 27 Store,A short-shaft all-rounder in a chic retro look. high-quality nubuck leather. waterproof and breathable due to Gore-Tex More-Season membrane (80%…,"high-quality nubuck leather | waterproof and breathable due to Gore-Tex More-Season membrane (80% polyamide, 20% polyester) | loop at the back for easy access | Lacing and side zipper",Cleaned noise; brand verified,High,false,Riding Gear > Riding Boots,High,"Mapped from Shopify Type ""Riding Boots""",daytona-ac-classics-gtx-waterproof-boots-1|Size:36:Colour:Black|price:43500.00|compare:|weight:5000|barcode:|qty:0 | daytona-ac-classics-gtx-waterproof-boots-2|Size:36:Colour:Brown|price:43500.00|compare:|weight:5000|barcode:|qty:0 | daytona-ac-classics-gtx-waterproof-boots-3|Size:37:Colour:Black|price:43500.00|compare:|weight:5000|barcode:|qty:0 | daytona-ac-classics-gtx-waterproof-boots-4|Size:37:Colour:Brown|price:43500.00|compare:|weight:5000|barcode:|qty:0 | daytona-ac-classics-gtx-waterproof-boots-5|Size:38:Colour:Black|price:43500.00|compare:|weight:5000|barcode:|qty:0 | daytona-ac-classics-gtx-waterproof-boots-6|Size:38:Colour:Brown|price:43500.00|compare:|weight:5000|barcode:|qty:0 | daytona-ac-classics-gtx-waterproof-boots-7|Size:39:Colour:Black|price:43500.00|compare:|weight:5000|barcode:|qty:0 | daytona-ac-classics-gtx-waterproof-boots-8|Size:39:Colour:Brown|price:43500.00|compare:|weight:5000|barcode:|qty:0 | daytona-ac-classics-gtx-waterproof-boots-9|Size:40:Colour:Black|price:43500.00|compare:|weight:5000|barcode:|qty:0 | daytona-ac-classics-gtx-waterproof-boots-10|Size:40:Colour:Brown|price:43500.00|compare:|weight:5000|barcode:|qty:0 | daytona-ac-classics-gtx-waterproof-boots-11|Size:41:Colour:Black|price:43500.00|compare:|weight:5000|barcode:|qty:0 | daytona-ac-classics-gtx-waterproof-boots-12|Size:41:Colour:Brown|price:43500.00|compare:|weight:5000|barcode:|qty:0 | daytona-ac-classics-gtx-waterproof-boots-13|Size:42:Colour:Black|price:43500.00|compare:|weight:5000|barcode:|qty:0 | daytona-ac-classics-gtx-waterproof-boots-14|Size:42:Colour:Brown|price:43500.00|compare:|weight:5000|barcode:|qty:0 | daytona-ac-classics-gtx-waterproof-boots-15|Size:43:Colour:Black|price:43500.00|compare:|weight:5000|barcode:|qty:0 | daytona-ac-classics-gtx-waterproof-boots-16|Size:43:Colour:Brown|price:43500.00|compare:|weight:5000|barcode:|qty:0 | daytona-ac-classics-gtx-waterproof-boots-17|Size:44:Colour:Black|price:43500.00|compare:|weight:5000|barcode:|qty:0 | daytona-ac-classics-gtx-waterproof-boots-18|Size:44:Colour:Brown|price:43500.00|compare:|weight:5000|barcode:|qty:0 | daytona-ac-classics-gtx-waterproof-boots-19|Size:45:Colour:Black|price:43500.00|compare:|weight:5000|barcode:|qty:0 | daytona-ac-classics-gtx-waterproof-boots-20|Size:45:Colour:Brown|price:43500.00|compare:|weight:5000|barcode:|qty:0 | daytona-ac-classics-gtx-waterproof-boots-21|Size:46:Colour:Black|price:43500.00|compare:|weight:5000|barcode:|qty:0 | daytona-ac-classics-gtx-waterproof-boots-22|Size:46:Colour:Brown|price:43500.00|compare:|weight:5000|barcode:|qty:0 | daytona-ac-classics-gtx-waterproof-boots-23|Size:47:Colour:Black|price:43500.00|compare:|weight:5000|barcode:|qty:0 | daytona-ac-classics-gtx-waterproof-boots-24|Size:47:Colour:Brown|price:43500.00|compare:|weight:5000|barcode:|qty:0 | daytona-ac-classics-gtx-waterproof-boots-25|Size:48:Colour:Black|price:43500.00|compare:|weight:5000|barcode:|qty:0 | daytona-ac-classics-gtx-waterproof-boots-26|Size:48:Colour:Brown|price:43500.00|compare:|weight:5000|barcode:|qty:0 | daytona-ac-classics-gtx-waterproof-boots-27|Size:49:Colour:Black|price:43500.00|compare:|weight:5000|barcode:|qty:0 | daytona-ac-classics-gtx-waterproof-boots-28|Size:49:Colour:Brown|price:43500.00|compare:|weight:5000|barcode:|qty:0,"daytona-ac-classics-gtx-waterproof-boots-1,daytona-ac-classics-gtx-waterproof-boots-2,daytona-ac-classics-gtx-waterproof-boots-3,daytona-ac-classics-gtx-waterproof-boots-4,daytona-ac-classics-gtx-waterproof-boots-5,daytona-ac-classics-gtx-waterproof-boots-6,daytona-ac-classics-gtx-waterproof-boots-7,daytona-ac-classics-gtx-waterproof-boots-8,daytona-ac-classics-gtx-waterproof-boots-9,daytona-ac-classics-gtx-waterproof-boots-10,daytona-ac-classics-gtx-waterproof-boots-11,daytona-ac-classics-gtx-waterproof-boots-12,daytona-ac-classics-gtx-waterproof-boots-13,daytona-ac-classics-gtx-waterproof-boots-14,daytona-ac-classics-gtx-waterproof-boots-15,daytona-ac-classics-gtx-waterproof-boots-16,daytona-ac-classics-gtx-waterproof-boots-17,daytona-ac-classics-gtx-waterproof-boots-18,daytona-ac-classics-gtx-waterproof-boots-19,daytona-ac-classics-gtx-waterproof-boots-20,daytona-ac-classics-gtx-waterproof-boots-21,daytona-ac-classics-gtx-waterproof-boots-22,daytona-ac-classics-gtx-waterproof-boots-23,daytona-ac-classics-gtx-waterproof-boots-24,daytona-ac-classics-gtx-waterproof-boots-25,daytona-ac-classics-gtx-waterproof-boots-26,daytona-ac-classics-gtx-waterproof-boots-27,daytona-ac-classics-gtx-waterproof-boots-28",28,https://cdn.shopify.com/s/files/1/0076/8301/4754/products/AC-Classics-GTX-SW.jpg?v=1668769173|pos:1|alt:Daytona Daytona AC Classics GTX Waterproof Boots – front view || https://cdn.shopify.com/s/files/1/0076/8301/4754/products/AC-Classics-GTX_braun.jpg?v=1668769173|pos:2|alt:Daytona Daytona AC Classics GTX Waterproof Boots – side view,2,Daytona Daytona AC Classics GTX Waterproof Boots – front view | Daytona Daytona AC Classics GTX Waterproof Boots – side view,feature:waterproof,1,Daytona AC Classics GTX Waterproof Boots,Daytona AC Classics GTX Waterproof Boots. A short-shaft all-rounder in a chic retro look.,high-quality nubuck leather.,,"waterproof and breathable due to Gore-Tex More-Season membrane (80% polyamide, 20% polyester). loop at the back for easy access. Lacing and side zipper.",,Available in multiple sizes. Check the size guide before ordering.,Daytona AC Classics GTX Waterproof Boots — a riding Boot built to the specifications listed above.,true,draft,https://cdn.shopify.com/s/files/1/0076/8301/4754/products/AC-Classics-GTX-SW.jpg?v=1668769173|role:hero || https://cdn.shopify.com/s/files/1/0076/8301/4754/products/AC-Classics-GTX_braun.jpg?v=1668769173|role:construction detail,2,false,/products/daytona-ac-classics-gtx-waterproof-boots,/products/daytona-ac-classics-gtx-waterproof-boots
daytona-journey-gtx-waterproof-boots,daytona-journey-gtx-waterproof-boots,Daytona Journey GTX Waterproof Boots,Daytona Journey GTX Waterproof Boots,daytona-journey-gtx-waterproof-boots,"Short-legged boots for hot days, optimal climate comfort all day long, with much and little movement. • full-grain, water-repellent greased cowhide/hole leather. • wind and waterproof Gore-Tex Carbon Grey membrane (80% polyamide, 20% polyester). • optimal heat dissipation and extremely high breathability prevent overheating of the feet. • perfect climate comfort, all day long, with much and little movement. Available in multiple sizes and/or colours — select your variant.","Short-legged boots for hot days, optimal climate comfort all day long, with much and little movement.<br><br>
<strong data-mce-fragment=""1"">Features:</strong>
<ul data-mce-fragment=""1"">
<li data-mce-fragment=""1"">full-grain, water-repellent greased cowhide/hole leather</li>
<li data-mce-fragment=""1"">wind and waterproof Gore-Tex Carbon Grey membrane (80% polyamide, 20% polyester)</li>
<li data-mce-fragment=""1"">optimal heat dissipation and extremely high breathability prevent overheating of the feet</li>
<li data-mce-fragment=""1"">perfect climate comfort, all day long, with much and little movement</li>
<li data-mce-fragment=""1"">two velcro fasteners for fast and comfortable access</li>
<li data-mce-fragment=""1"">soft padded shaft edge</li>
<li data-mce-fragment=""1"">abrasion-resistant PU-shift reinforcement</li>
<li data-mce-fragment=""1"">PU foam midsole</li>
<li data-mce-fragment=""1"">climate insole, anatomically shaped</li>
<li data-mce-fragment=""1"">ankle protection on both sides, padded inside with open-cell special foam</li>
<li data-mce-fragment=""1"">plastic-reinforced inner sole with hot-dip galvanized steel inlay, particularly torsion-resistant and yet easy to roll off</li>
<li data-mce-fragment=""1"">non-slip rubber sole</li>
<li data-mce-fragment=""1"">shaft height: approx. 22 cm</li>
</ul>","Short-legged boots for hot days, optimal climate comfort all day long, with much and little movement.

Features:

• full-grain, water-repellent greased cowhide/hole leather

• wind and waterproof Gore-Tex Carbon Grey membrane (80% polyamide, 20% polyester)

• optimal heat dissipation and extremely high breathability prevent overheating of the feet

• perfect climate comfort, all day long, with much and little movement

• two velcro fasteners for fast and comfortable access

• soft padded shaft edge

• abrasion-resistant PU-shift reinforcement

• PU foam midsole

• climate insole, anatomically shaped

• ankle protection on both sides, padded inside with open-cell special foam

• plastic-reinforced inner sole with hot-dip galvanized steel inlay, particularly torsion-resistant and yet easy to roll off

• non-slip rubber sole

• shaft height: approx. 22 cm",39500,,2026-07-26,active,Daytona,5000,g,Buy Daytona Journey GTX Waterproof Boots | Mile 27 Store,"Short-legged boots for hot days, optimal climate comfort all day long, with much and little movement. full-grain, water-repellent greased cowhide/hole…","full-grain, water-repellent greased cowhide/hole leather | wind and waterproof Gore-Tex Carbon Grey membrane (80% polyamide, 20% polyester) | optimal heat dissipation and extremely high breathability prevent overheating of the feet | perfect climate comfort, all day long, with much and little movement",Cleaned noise; brand verified,High,false,Riding Gear > Riding Boots,High,"Mapped from Shopify Type ""Riding Boots""",daytona-journey-gtx-waterproof-boots-1|Size:37|price:39500.00|compare:|weight:5000|barcode:|qty:0 | daytona-journey-gtx-waterproof-boots-2|Size:38|price:39500.00|compare:|weight:5000|barcode:|qty:0 | daytona-journey-gtx-waterproof-boots-3|Size:39|price:39500.00|compare:|weight:5000|barcode:|qty:0 | daytona-journey-gtx-waterproof-boots-4|Size:40|price:39500.00|compare:|weight:5000|barcode:|qty:0 | daytona-journey-gtx-waterproof-boots-5|Size:41|price:39500.00|compare:|weight:5000|barcode:|qty:0 | daytona-journey-gtx-waterproof-boots-6|Size:42|price:39500.00|compare:|weight:5000|barcode:|qty:0 | daytona-journey-gtx-waterproof-boots-7|Size:43|price:39500.00|compare:|weight:5000|barcode:|qty:0 | daytona-journey-gtx-waterproof-boots-8|Size:44|price:39500.00|compare:|weight:5000|barcode:|qty:0 | daytona-journey-gtx-waterproof-boots-9|Size:45|price:39500.00|compare:|weight:5000|barcode:|qty:0 | daytona-journey-gtx-waterproof-boots-10|Size:46|price:39500.00|compare:|weight:5000|barcode:|qty:0 | daytona-journey-gtx-waterproof-boots-11|Size:47|price:39500.00|compare:|weight:5000|barcode:|qty:0 | daytona-journey-gtx-waterproof-boots-12|Size:48|price:39500.00|compare:|weight:5000|barcode:|qty:0 | daytona-journey-gtx-waterproof-boots-13|Size:49|price:39500.00|compare:|weight:5000|barcode:|qty:0,"daytona-journey-gtx-waterproof-boots-1,daytona-journey-gtx-waterproof-boots-2,daytona-journey-gtx-waterproof-boots-3,daytona-journey-gtx-waterproof-boots-4,daytona-journey-gtx-waterproof-boots-5,daytona-journey-gtx-waterproof-boots-6,daytona-journey-gtx-waterproof-boots-7,daytona-journey-gtx-waterproof-boots-8,daytona-journey-gtx-waterproof-boots-9,daytona-journey-gtx-waterproof-boots-10,daytona-journey-gtx-waterproof-boots-11,daytona-journey-gtx-waterproof-boots-12,daytona-journey-gtx-waterproof-boots-13",13,https://cdn.shopify.com/s/files/1/0076/8301/4754/products/daytona-Journey_XCR-rechts.jpg?v=1668769528|pos:1|alt:Daytona Daytona Journey GTX Waterproof Boots – front view,1,Daytona Daytona Journey GTX Waterproof Boots – front view,feature:waterproof,1,Daytona Journey GTX Waterproof Boots,"Daytona Journey GTX Waterproof Boots. Short-legged boots for hot days, optimal climate comfort all day long, with much and little movement.","full-grain, water-repellent greased cowhide/hole leather. wind and waterproof Gore-Tex Carbon Grey membrane (80% polyamide, 20% polyester).","perfect climate comfort, all day long, with much and little movement.",optimal heat dissipation and extremely high breathability prevent overheating of the feet.,,Available in multiple sizes. Check the size guide before ordering.,Daytona Journey GTX Waterproof Boots — a riding Boot built to the specifications listed above.,true,draft,https://cdn.shopify.com/s/files/1/0076/8301/4754/products/daytona-Journey_XCR-rechts.jpg?v=1668769528|role:hero,1,false,/products/daytona-journey-gtx-waterproof-boots,/products/daytona-journey-gtx-waterproof-boots
