migration_key,source_shopify_handle,name,source_title,slug,description,source_description_html,description_plain_text,price,compare_at_price,available_on,status,brand,weight,weight_unit,meta_title,meta_description,verified_feature_summary,title_change_reason,title_confidence,requires_review,primary_taxon_path,category_confidence,category_reason,variants,variant_skus,variant_count,images,image_count,image_alt_texts,tags,tag_count,story_title,story_introduction,story_module_design,story_module_experience,story_module_feature_focus,story_module_use_case,story_module_buyer_note,story_module_closing,story_eligible,story_editorial_status,story_media_refs,story_media_count,redirect_required,redirect_from,redirect_to
kawasaki-gel-seat-for-kawasaki-ninja-1000,kawasaki-gel-seat-for-kawasaki-ninja-1000,Kawasaki Comfort Seat Kit Stitch for Kawasaki Ninja 1000,Kawasaki Comfort Seat Kit Stitch for Kawasaki Ninja 1000,kawasaki-gel-seat-for-kawasaki-ninja-1000,Two-piece Gel Seat provides long-distance support and comfort for rider and passenger 15mm increased driver seat heigh over stock Gel insert in both sections evens…,<p><span>Two-piece Gel Seat provides long-distance support and comfort for rider and passenger 15mm increased driver seat heigh over stock Gel insert in both sections evens out seating pressure Cover construction features low-heat gain material allowing for significantly reduced heat absorption after long periods of sun exposure Seat cover features contrasting side material and stitching with Kawasaki logo 101% complete for replacement of the stock seat</span><span></span></p>,Two-piece Gel Seat provides long-distance support and comfort for rider and passenger 15mm increased driver seat heigh over stock Gel insert in both sections evens out seating pressure Cover construction features low-heat gain material allowing for significantly reduced heat absorption after long periods of sun exposure Seat cover features contrasting side material and stitching with Kawasaki logo 101% complete for replacement of the stock seat,65000,,2026-07-26,active,Kawasaki,6000,g,Kawasaki Comfort Seat Kit Stitch for Kawasaki Ninja 1000 | Mil…,Two-piece Gel Seat provides long-distance support and comfort for rider and passenger 15mm increased driver seat heigh over stock Gel insert in both…,,Cleaned noise; brand verified,High,false,Motorcycle Accessories > Seats,High,"Mapped from Shopify Type ""Bike Seat""",kawasaki-gel-seat-for-kawasaki-ninja-1000-1|Default Title|price:65000.00|compare:|weight:6000|barcode:|qty:0,kawasaki-gel-seat-for-kawasaki-ninja-1000-1,1,https://cdn.shopify.com/s/files/1/0076/8301/4754/files/cq5dam.thumbnail.600.600_f9b592be-5e63-4aa1-96bb-1f44d297cfdf.png?v=1776665488|pos:1|alt:Kawasaki Kawasaki Comfort Seat Kit Stitch for Kawasaki Ninja 1000 – front view,1,Kawasaki Kawasaki Comfort Seat Kit Stitch for Kawasaki Ninja 1000 – front view,,0,,,,,,,,,false,not_eligible,,0,false,/products/kawasaki-gel-seat-for-kawasaki-ninja-1000,/products/kawasaki-gel-seat-for-kawasaki-ninja-1000
kawasaki-knee-pads-for-kawasaki-z900,kawasaki-knee-pads-for-kawasaki-z900,Kawasaki Knee Pads For Kawasaki Z900,Kawasaki Knee Pads For Kawasaki Z900,kawasaki-knee-pads-for-kawasaki-z900,Kneepads (both sides). Top quality black self-adhesive tank protector.,"<span data-mce-fragment=""1""> Kneepads (both sides). Top quality black self-adhesive tank protector.</span>",Kneepads (both sides). Top quality black self-adhesive tank protector.,10000,,2026-07-26,active,Kawasaki,1000,g,Buy Kawasaki Knee Pads For Kawasaki Z900 | Mile 27 Store,Kneepads (both sides). Top quality black self-adhesive tank protector.,,Cleaned noise; brand verified,High,false,Motorcycle Accessories > Tank Pads,High,"Mapped from Shopify Type ""Tank Pad""",kawasaki-knee-pads-for-kawasaki-z900-1|Default Title|price:10000.00|compare:|weight:1000|barcode:|qty:0,kawasaki-knee-pads-for-kawasaki-z900-1,1,https://cdn.shopify.com/s/files/1/0076/8301/4754/products/999940832_1_tankpad_001.jpg?v=1662812846|pos:1|alt:Kawasaki Kawasaki Knee Pads For Kawasaki Z900 – front view,1,Kawasaki Kawasaki Knee Pads For Kawasaki Z900 – front view,,0,,,,,,,,,false,not_eligible,,0,false,/products/kawasaki-knee-pads-for-kawasaki-z900,/products/kawasaki-knee-pads-for-kawasaki-z900
kawasaki-ergo-fit-low-rider-seat-20mm-for-kawasaki-z900,kawasaki-ergo-fit-low-rider-seat-20mm-for-kawasaki-z900,Kawasaki Ergo Fit Low Rider Seat (-20mm) For Kawasaki Z900,Kawasaki Ergo Fit Low Rider Seat (-20mm) For Kawasaki Z900,kawasaki-ergo-fit-low-rider-seat-20mm-for-kawasaki-z900,ERGO-FIT™ low front seat that is 20mm lower than the original seat.,"ERGO-FIT™ low front seat that is 20mm lower than the original seat.<br><br>
It will give an easy reach to the ground. (Total seat height with this seat is 800mm)<br>","ERGO-FIT™ low front seat that is 20mm lower than the original seat.

It will give an easy reach to the ground. (Total seat height with this seat is 800mm)",30000,,2026-07-26,active,Kawasaki,5000,g,Kawasaki Ergo Fit Low Rider Seat (-20mm) For Kawasaki Z900 | M…,ERGO-FIT™ low front seat that is 20mm lower than the original seat.,,Cleaned noise; brand verified,High,false,Motorcycle Accessories > Seats,High,"Mapped from Shopify Type ""Bike Seat""",kawasaki-ergo-fit-low-rider-seat-20mm-for-kawasaki-z900-1|Default Title|price:30000.00|compare:|weight:5000|barcode:|qty:0,kawasaki-ergo-fit-low-rider-seat-20mm-for-kawasaki-z900-1,1,https://cdn.shopify.com/s/files/1/0076/8301/4754/products/l_999941347.jpg?v=1662813087|pos:1|alt:Kawasaki Kawasaki Ergo Fit Low Rider Seat (-20mm) For Kawasaki Z900 – front view,1,Kawasaki Kawasaki Ergo Fit Low Rider Seat (-20mm) For Kawasaki Z900 – front view,,0,,,,,,,,,false,not_eligible,,0,false,/products/kawasaki-ergo-fit-low-rider-seat-20mm-for-kawasaki-z900,/products/kawasaki-ergo-fit-low-rider-seat-20mm-for-kawasaki-z900
carbon-fiber-gas-fuel-tank-cover-for-kawasaki-z900,carbon-fiber-gas-fuel-tank-cover-for-kawasaki-z900,Carbon Fiber Gas Fuel Tank Cover For Kawasaki Z900,Carbon Fiber Gas Fuel Tank Cover For Kawasaki Z900,carbon-fiber-gas-fuel-tank-cover-for-kawasaki-z900,Carbon Fiber Gas Fuel Tank Cover For Kawasaki Z900,Carbon Fiber Gas Fuel Tank Cover For Kawasaki Z900,Carbon Fiber Gas Fuel Tank Cover For Kawasaki Z900,24000,,2026-07-26,active,Kawasaki,5000,g,Carbon Fiber Gas Fuel Tank Cover For Kawasaki Z900 | Mile 27 S…,Carbon Fiber Gas Fuel Tank Cover For Kawasaki Z900,,Cleaned noise; brand verified,High,false,Motorcycle Accessories > Bodywork & Carbon Parts,High,"Mapped from Shopify Type ""Carbon Parts""",carbon-fiber-gas-fuel-tank-cover-for-kawasaki-z900-1|Default Title|price:24000.00|compare:|weight:5000|barcode:|qty:0,carbon-fiber-gas-fuel-tank-cover-for-kawasaki-z900-1,1,https://cdn.shopify.com/s/files/1/0076/8301/4754/products/s-l1600_3d7f31e0-60b7-49e1-8e74-65cf930b79d5.jpg?v=1662813439|pos:1|alt:Kawasaki Carbon Fiber Gas Fuel Tank Cover For Kawasaki Z900 – front view,1,Kawasaki Carbon Fiber Gas Fuel Tank Cover For Kawasaki Z900 – front view,,0,,,,,,,,,false,not_eligible,,0,false,/products/carbon-fiber-gas-fuel-tank-cover-for-kawasaki-z900,/products/carbon-fiber-gas-fuel-tank-cover-for-kawasaki-z900
engine-case-sliders-protector-for-kawasaki-z900,engine-case-sliders-protector-for-kawasaki-z900,Engine Case Sliders Protector For Kawasaki Z900,Engine Case Sliders Protector For Kawasaki Z900,engine-case-sliders-protector-for-kawasaki-z900,"❶Safety -Aluminum.Anodized,it is not easy to fade and does not rust.❷Protection -In case of collision and toppling,the Frame Crash Pads Engine Case Sliders helps protect… Available in multiple sizes and/or colours — select your variant.","<span data-mce-fragment=""1"">❶Safety -Aluminum.Anodized,it is not easy to fade and does not rust.</span><br data-mce-fragment=""1""><br data-mce-fragment=""1""><span data-mce-fragment=""1"">❷Protection -In case of collision and toppling,the Frame Crash Pads Engine Case Sliders helps protect the engine and frame of the motorcycle.</span><br data-mce-fragment=""1""><br data-mce-fragment=""1""><span data-mce-fragment=""1"">❸Upgrade your motorcycle. - Three colors for selected.The fashionable design enhances the appearance of your motorcycle.</span><br data-mce-fragment=""1""><br data-mce-fragment=""1""><span data-mce-fragment=""1"">❹Installation. -The products can be installed and used without modification, easy to install, without installation instructions.</span>","❶Safety -Aluminum.Anodized,it is not easy to fade and does not rust.❷Protection -In case of collision and toppling,the Frame Crash Pads Engine Case Sliders helps protect the engine and frame of the motorcycle.❸Upgrade your motorcycle. - Three colors for selected.The fashionable design enhances the appearance of your motorcycle.❹Installation. -The products can be installed and used without modification, easy to install, without installation instructions.",35000,,2026-07-26,active,Kawasaki,3000,g,Engine Case Sliders Protector For Kawasaki Z900 | Mile 27 Store,"❶Safety -Aluminum.Anodized,it is not easy to fade and does not rust.❷Protection -In case of collision and toppling,the Frame Crash Pads Engine Case…",,Cleaned noise; brand verified,High,false,Motorcycle Accessories,High,"Mapped from Shopify Type ""Bike Parts""",engine-case-sliders-protector-for-kawasaki-z900-1|Colour:Black|price:35000.00|compare:|weight:3000|barcode:|qty:0 | engine-case-sliders-protector-for-kawasaki-z900-2|Colour:Grey|price:35000.00|compare:|weight:3000|barcode:|qty:0 | engine-case-sliders-protector-for-kawasaki-z900-3|Colour:Green|price:35000.00|compare:|weight:3000|barcode:|qty:0,"engine-case-sliders-protector-for-kawasaki-z900-1,engine-case-sliders-protector-for-kawasaki-z900-2,engine-case-sliders-protector-for-kawasaki-z900-3",3,https://cdn.shopify.com/s/files/1/0076/8301/4754/products/6155WClhCkL._SL1500.jpg?v=1662813894|pos:1|alt:Kawasaki Engine Case Sliders Protector For Kawasaki Z900 – front view || https://cdn.shopify.com/s/files/1/0076/8301/4754/products/71XcFg1f_gL._SL1500.jpg?v=1662813894|pos:2|alt:Kawasaki Engine Case Sliders Protector For Kawasaki Z900 – side view || https://cdn.shopify.com/s/files/1/0076/8301/4754/products/61ll2nzXgVL._SL1500.jpg?v=1662813894|pos:3|alt:Kawasaki Engine Case Sliders Protector For Kawasaki Z900 – rear view,3,Kawasaki Engine Case Sliders Protector For Kawasaki Z900 – front view | Kawasaki Engine Case Sliders Protector For Kawasaki Z900 – side view | Kawasaki Engine Case Sliders Protector For Kawasaki Z900 – rear view,,0,,,,,,,,,false,not_eligible,,0,false,/products/engine-case-sliders-protector-for-kawasaki-z900,/products/engine-case-sliders-protector-for-kawasaki-z900
rear-brake-reservoir-cap-cover-for-kawasaki-z900,rear-brake-reservoir-cap-cover-for-kawasaki-z900,Rear Brake Reservoir Cap Cover For Kawasaki Z900,Rear Brake Reservoir Cap Cover For Kawasaki Z900,rear-brake-reservoir-cap-cover-for-kawasaki-z900,• CNC-machined 6061 aluminum • CNC-machined 6061 aluminum. • Package included: 1 x piece of Rear Brake Reservoir Cover. • Item is easy to install without instructions. • Available color: Black/Blue/Golden/Green/Red/Silver. Available in multiple sizes and/or colours — select your variant.,"<ul class=""a-unordered-list a-vertical a-spacing-mini"" data-mce-fragment=""1"">
<li data-mce-fragment=""1""><span class=""a-list-item"" data-mce-fragment=""1"">CNC-machined 6061 aluminum</span></li>
<li data-mce-fragment=""1""><span class=""a-list-item"" data-mce-fragment=""1"">Package included: 1 x piece of Rear Brake Reservoir Cover</span></li>
<li data-mce-fragment=""1""><span class=""a-list-item"" data-mce-fragment=""1"">Item is easy to install without instructions</span></li>
<li data-mce-fragment=""1""><span class=""a-list-item"" data-mce-fragment=""1"">Available color: Black/Blue/Golden/Green/Red/Silver</span></li>
</ul>","• CNC-machined 6061 aluminum

• Package included: 1 x piece of Rear Brake Reservoir Cover

• Item is easy to install without instructions

• Available color: Black/Blue/Golden/Green/Red/Silver",2300,,2026-07-26,active,Kawasaki,1000,g,Rear Brake Reservoir Cap Cover For Kawasaki Z900 | Mile 27 Store,CNC-machined 6061 aluminum CNC-machined 6061 aluminum. Package included: 1 x piece of Rear Brake Reservoir Cover. Item is easy to install without…,CNC-machined 6061 aluminum | Package included: 1 x piece of Rear Brake Reservoir Cover | Item is easy to install without instructions | Available color: Black/Blue/Golden/Green/Red/Silver,Cleaned noise; brand verified,High,false,Motorcycle Accessories,High,"Mapped from Shopify Type ""Bike Parts""",rear-brake-reservoir-cap-cover-for-kawasaki-z900-1|Colour:Black|price:2300.00|compare:|weight:1000|barcode:|qty:0 | rear-brake-reservoir-cap-cover-for-kawasaki-z900-2|Colour:Blue|price:2300.00|compare:|weight:1000|barcode:|qty:0 | rear-brake-reservoir-cap-cover-for-kawasaki-z900-3|Colour:Gold|price:2300.00|compare:|weight:1000|barcode:|qty:0 | rear-brake-reservoir-cap-cover-for-kawasaki-z900-4|Colour:Green|price:2300.00|compare:|weight:1000|barcode:|qty:0 | rear-brake-reservoir-cap-cover-for-kawasaki-z900-5|Colour:Grey|price:2300.00|compare:|weight:1000|barcode:|qty:0 | rear-brake-reservoir-cap-cover-for-kawasaki-z900-6|Colour:Red|price:2300.00|compare:|weight:1000|barcode:|qty:0 | rear-brake-reservoir-cap-cover-for-kawasaki-z900-7|Colour:Silver|price:2300.00|compare:|weight:1000|barcode:|qty:0,"rear-brake-reservoir-cap-cover-for-kawasaki-z900-1,rear-brake-reservoir-cap-cover-for-kawasaki-z900-2,rear-brake-reservoir-cap-cover-for-kawasaki-z900-3,rear-brake-reservoir-cap-cover-for-kawasaki-z900-4,rear-brake-reservoir-cap-cover-for-kawasaki-z900-5,rear-brake-reservoir-cap-cover-for-kawasaki-z900-6,rear-brake-reservoir-cap-cover-for-kawasaki-z900-7",7,https://cdn.shopify.com/s/files/1/0076/8301/4754/products/61U6O5zFS2L._AC_SX466.jpg?v=1662814300|pos:1|alt:Kawasaki Rear Brake Reservoir Cap Cover For Kawasaki Z900 – front view || https://cdn.shopify.com/s/files/1/0076/8301/4754/products/61u39kpM8LL._AC_SX466.jpg?v=1662814300|pos:2|alt:Kawasaki Rear Brake Reservoir Cap Cover For Kawasaki Z900 – side view,2,Kawasaki Rear Brake Reservoir Cap Cover For Kawasaki Z900 – front view | Kawasaki Rear Brake Reservoir Cap Cover For Kawasaki Z900 – side view,,0,Kawasaki Rear Brake Reservoir Cap Cover For Kawasaki Z900,Kawasaki Rear Brake Reservoir Cap Cover For Kawasaki Z900. • CNC-machined 6061 aluminum • CNC-machined 6061 aluminum.,CNC-machined 6061 aluminum.,,Package included: 1 x piece of Rear Brake Reservoir Cover. Item is easy to install without instructions. Available color: Black/Blue/Golden/Green/Red/Silver.,,Multiple colour options available.,Kawasaki Rear Brake Reservoir Cap Cover For Kawasaki Z900 — a motorcycle Accessory built to the specifications listed above.,true,draft,https://cdn.shopify.com/s/files/1/0076/8301/4754/products/61U6O5zFS2L._AC_SX466.jpg?v=1662814300|role:hero || https://cdn.shopify.com/s/files/1/0076/8301/4754/products/61u39kpM8LL._AC_SX466.jpg?v=1662814300|role:construction detail,2,false,/products/rear-brake-reservoir-cap-cover-for-kawasaki-z900,/products/rear-brake-reservoir-cap-cover-for-kawasaki-z900
kawasaki-ergo-fit-extended-reach-passenger-seat-for-kawasaki-ninja-1100,kawasaki-ergo-fit-extended-reach-passenger-seat-for-kawasaki-ninja-1100,Kawasaki ERGO-FIT Extended Reach Passenger Seat for Kawasaki Ninja 1100,Kawasaki ERGO-FIT Extended Reach Passenger Seat for Kawasaki Ninja 1100,kawasaki-ergo-fit-extended-reach-passenger-seat-for-kawasaki-ninja-1100,"Give passengers room to stretch out. Seat is 25mm (1”) thicker than the OEM Passenger Seat • Firm foam with a gel insert provides long distance support and comfort, while the carbon fiber trim matches the ERGO-FIT® extended reach seat for a…. • PVC foam with vinyl cover.","<div>Give passengers room to stretch out. Seat  is 25mm (1”) thicker than the OEM Passenger Seat</div>
<div>
<ul>
<li>Firm foam with a gel insert provides long distance support and comfort, while the carbon fiber trim matches the ERGO-FIT<span class=""sup"">®</span><span> </span>extended reach seat for a sleek overall look</li>
<li>PVC foam with vinyl cover</li>
</ul>
</div>","Give passengers room to stretch out. Seat  is 25mm (1”) thicker than the OEM Passenger Seat

• Firm foam with a gel insert provides long distance support and comfort, while the carbon fiber trim matches the ERGO-FIT® extended reach seat for a sleek overall look

• PVC foam with vinyl cover",48000,,2026-07-26,active,Kawasaki,5000,g,Kawasaki ERGO-FIT Extended Reach Passenger Seat for Kawasaki N…,Give passengers room to stretch out. Seat is 25mm (1”) thicker than the OEM Passenger Seat Firm foam with a gel insert provides long distance support and…,"Firm foam with a gel insert provides long distance support and comfort, while the carbon fiber trim matches the ERGO-FIT® extended reach seat for a… | PVC foam with vinyl cover",Cleaned noise; brand verified,High,false,Motorcycle Accessories > Seats,High,"Mapped from Shopify Type ""Bike Seat""",kawasaki-ergo-fit-extended-reach-passenger-seat-for-kawasaki-ninja-1100-1|Default Title|price:48000.00|compare:|weight:5000|barcode:|qty:0,kawasaki-ergo-fit-extended-reach-passenger-seat-for-kawasaki-ninja-1100-1,1,https://cdn.shopify.com/s/files/1/0076/8301/4754/files/999942061-133723754047704265.jpg?v=1772022332|pos:1|alt:Kawasaki Kawasaki ERGO-FIT Extended Reach Passenger Seat for Kawasaki Ninja 1100 – front view || https://cdn.shopify.com/s/files/1/0076/8301/4754/files/999942061_A_-133723754043024256.jpg?v=1772022332|pos:2|alt:Kawasaki Kawasaki ERGO-FIT Extended Reach Passenger Seat for Kawasaki Ninja 1100 – side view,2,Kawasaki Kawasaki ERGO-FIT Extended Reach Passenger Seat for Kawasaki Ninja 1100 – front view | Kawasaki Kawasaki ERGO-FIT Extended Reach Passenger Seat for Kawasaki Ninja 1100 – side view,,0,Kawasaki ERGO-FIT Extended Reach Passenger Seat for Kawasaki Ninja 1100,Kawasaki ERGO-FIT Extended Reach Passenger Seat for Kawasaki Ninja 1100. Give passengers room to stretch out.,"Firm foam with a gel insert provides long distance support and comfort, while the carbon fiber trim matches the ERGO-FIT® extended reach seat for a….","Firm foam with a gel insert provides long distance support and comfort, while the carbon fiber trim matches the ERGO-FIT® extended reach seat for a….",PVC foam with vinyl cover.,,,Kawasaki ERGO-FIT Extended Reach Passenger Seat for Kawasaki Ninja 1100 — a seat built to the specifications listed above.,true,draft,https://cdn.shopify.com/s/files/1/0076/8301/4754/files/999942061-133723754047704265.jpg?v=1772022332|role:hero || https://cdn.shopify.com/s/files/1/0076/8301/4754/files/999942061_A_-133723754043024256.jpg?v=1772022332|role:construction detail,2,false,/products/kawasaki-ergo-fit-extended-reach-passenger-seat-for-kawasaki-ninja-1100,/products/kawasaki-ergo-fit-extended-reach-passenger-seat-for-kawasaki-ninja-1100
kawasaki-rear-seat-cowl-for-kawasaki-zx-6r,kawasaki-rear-seat-cowl-for-kawasaki-zx-6r,Kawasaki Rear Seat Cowl for Kawasaki ZX-6R,Kawasaki Rear Seat Cowl for Kawasaki ZX-6R,kawasaki-rear-seat-cowl-for-kawasaki-zx-6r,Stylish seat cover to enhance the sporting appearance of the bike. Includes rubber pad. Available in almost all factory standard colours. Replaces the passenger seat. Available in multiple sizes and/or colours — select your variant.,<p><span>Stylish seat cover to enhance the sporting appearance of the bike. Includes rubber pad. Available in almost all factory standard colours. Replaces the passenger seat.</span></p>,Stylish seat cover to enhance the sporting appearance of the bike. Includes rubber pad. Available in almost all factory standard colours. Replaces the passenger seat.,35000,,2026-07-26,active,Kawasaki,3000,g,Buy Kawasaki Rear Seat Cowl for Kawasaki ZX-6R | Mile 27 Store,Stylish seat cover to enhance the sporting appearance of the bike. Includes rubber pad. Available in almost all factory standard colours. Replaces the…,,Cleaned noise; brand verified,High,false,Motorcycle Accessories > Seats,High,"Refined by title keyword: ""\b(seat\b(?!cover))\b""",kawasaki-rear-seat-cowl-for-kawasaki-zx-6r-1|Colour:Lime Green|price:35000.00|compare:|weight:3000|barcode:|qty:0 | kawasaki-rear-seat-cowl-for-kawasaki-zx-6r-2|Colour:Metallic Graphite Gray|price:35000.00|compare:|weight:3000|barcode:|qty:0 | kawasaki-rear-seat-cowl-for-kawasaki-zx-6r-3|Colour:Metallic Spark Black|price:35000.00|compare:|weight:3000|barcode:|qty:0,"kawasaki-rear-seat-cowl-for-kawasaki-zx-6r-1,kawasaki-rear-seat-cowl-for-kawasaki-zx-6r-2,kawasaki-rear-seat-cowl-for-kawasaki-zx-6r-3",3,https://cdn.shopify.com/s/files/1/0076/8301/4754/files/cq5dam.thumbnail.600.600.png?v=1769755626|pos:1|alt:Kawasaki Kawasaki Rear Seat Cowl for Kawasaki ZX-6R – front view || https://cdn.shopify.com/s/files/1/0076/8301/4754/files/cq5dam.thumbnail.600.600_1.png?v=1769755626|pos:2|alt:Kawasaki Kawasaki Rear Seat Cowl for Kawasaki ZX-6R – side view || https://cdn.shopify.com/s/files/1/0076/8301/4754/files/cq5dam.thumbnail.600.600_2.png?v=1769755626|pos:3|alt:Kawasaki Kawasaki Rear Seat Cowl for Kawasaki ZX-6R – rear view || https://cdn.shopify.com/s/files/1/0076/8301/4754/files/cq5dam.thumbnail.600.600_3.png?v=1769755626|pos:4|alt:Kawasaki Kawasaki Rear Seat Cowl for Kawasaki ZX-6R – detail view,4,Kawasaki Kawasaki Rear Seat Cowl for Kawasaki ZX-6R – front view | Kawasaki Kawasaki Rear Seat Cowl for Kawasaki ZX-6R – side view | Kawasaki Kawasaki Rear Seat Cowl for Kawasaki ZX-6R – rear view | Kawasaki Kawasaki Rear Seat Cowl for Kawasaki ZX-6R – detail view,,0,,,,,,,,,false,not_eligible,,0,false,/products/kawasaki-rear-seat-cowl-for-kawasaki-zx-6r,/products/kawasaki-rear-seat-cowl-for-kawasaki-zx-6r
kawasaki-low-seat-8mm-28mm-for-kawasaki-ninja-1000,kawasaki-low-seat-8mm-28mm-for-kawasaki-ninja-1000,Kawasaki Low Seat (-8mm / -28mm) for Kawasaki Ninja 1000,Kawasaki Low Seat (-8mm / -28mm) for Kawasaki Ninja 1000,kawasaki-low-seat-8mm-28mm-for-kawasaki-ninja-1000,This low seat is slimmer which makes it easier to touch the ground whilst standing still. For the MY17-MY19 Z1000SX it is 8 mm lower…,"<span data-mce-fragment=""1"">This low seat is slimmer which makes it easier to touch the ground whilst standing still. For the MY17-MY19 Z1000SX it is 8 mm lower then the original seat. For the MY20-&gt; Ninja 1000SX it is 28 mm lower then the original seat.</span>",This low seat is slimmer which makes it easier to touch the ground whilst standing still. For the MY17-MY19 Z1000SX it is 8 mm lower then the original seat. For the MY20-> Ninja 1000SX it is 28 mm lower then the original seat.,43999,,2026-07-26,active,Kawasaki,4000,g,Kawasaki Low Seat (-8mm / -28mm) for Kawasaki Ninja 1000 | Mil…,This low seat is slimmer which makes it easier to touch the ground whilst standing still. For the MY17-MY19 Z1000SX it is 8 mm lower…,,Cleaned noise; brand verified,High,false,Motorcycle Accessories > Seats,High,"Mapped from Shopify Type ""Bike Seat""",kawasaki-low-seat-8mm-28mm-for-kawasaki-ninja-1000-1|Default Title|price:43999.00|compare:|weight:4000|barcode:|qty:0,kawasaki-low-seat-8mm-28mm-for-kawasaki-ninja-1000-1,1,https://cdn.shopify.com/s/files/1/0076/8301/4754/products/999940892-1.jpg?v=1660374321|pos:1|alt:Kawasaki Kawasaki Low Seat (-8mm / -28mm) for Kawasaki Ninja 1000 – front view,1,Kawasaki Kawasaki Low Seat (-8mm / -28mm) for Kawasaki Ninja 1000 – front view,,0,,,,,,,,,false,not_eligible,,0,false,/products/kawasaki-low-seat-8mm-28mm-for-kawasaki-ninja-1000,/products/kawasaki-low-seat-8mm-28mm-for-kawasaki-ninja-1000
ergo-fit-reduced-reach-seat-for-kawasaki-ninja-1000,ergo-fit-reduced-reach-seat-for-kawasaki-ninja-1000,Ergo-Fit Reduced Reach Seat for Kawasaki Ninja 1000,Ergo-Fit Reduced Reach Seat for Kawasaki Ninja 1000,ergo-fit-reduced-reach-seat-for-kawasaki-ninja-1000,"ERGO-FIT® reduced reach seat reduces the seat height 8mm (3/10"") and has a narrowed front, facilitating the reach to the ground for increased confidence and… • The seat leather is the same cold-resistant, high-elasticity-type material used on the standard seats. • Made to fit and complement the Ninja® 1000 motorcycle. • Includes all necessary hardware. • Utilizes factory seat base.","<span data-mce-fragment=""1"">ERGO-FIT</span><span class=""sup"" data-mce-fragment=""1"">®</span><span data-mce-fragment=""1""> reduced reach seat reduces the seat height 8mm (3/10"") and has a narrowed front, facilitating the reach to the ground for increased confidence and comfort</span><br data-mce-fragment=""1""><br>
<ul data-mce-fragment=""1"">
<li data-mce-fragment=""1"">The seat leather is the same cold-resistant, high-elasticity-type material used on the standard seats</li>
<li data-mce-fragment=""1"">Made to fit and complement the Ninja<span class=""sup"" data-mce-fragment=""1"">®</span><span data-mce-fragment=""1""> </span>1000 motorcycle</li>
<li data-mce-fragment=""1"">Includes all necessary hardware</li>
<li data-mce-fragment=""1"">Utilizes factory seat base</li>
</ul>","ERGO-FIT® reduced reach seat reduces the seat height 8mm (3/10"") and has a narrowed front, facilitating the reach to the ground for increased confidence and comfort

• The seat leather is the same cold-resistant, high-elasticity-type material used on the standard seats

• Made to fit and complement the Ninja® 1000 motorcycle

• Includes all necessary hardware

• Utilizes factory seat base",34800,,2026-07-26,active,Kawasaki,4000,g,Ergo-Fit Reduced Reach Seat for Kawasaki Ninja 1000 | Mile 27 …,"ERGO-FIT® reduced reach seat reduces the seat height 8mm (3/10"") and has a narrowed front, facilitating the reach to the ground for increased confidence…","The seat leather is the same cold-resistant, high-elasticity-type material used on the standard seats | Made to fit and complement the Ninja® 1000 motorcycle | Includes all necessary hardware | Utilizes factory seat base",Cleaned noise; brand verified,High,false,Motorcycle Accessories > Seats,High,"Mapped from Shopify Type ""Bike Seat""",ergo-fit-reduced-reach-seat-for-kawasaki-ninja-1000-1|Default Title|price:34800.00|compare:|weight:4000|barcode:|qty:0,ergo-fit-reduced-reach-seat-for-kawasaki-ninja-1000-1,1,https://cdn.shopify.com/s/files/1/0076/8301/4754/products/999941576-132461481646771919.jpg?v=1660374077|pos:1|alt:Kawasaki Ergo-Fit Reduced Reach Seat for Kawasaki Ninja 1000 – front view,1,Kawasaki Ergo-Fit Reduced Reach Seat for Kawasaki Ninja 1000 – front view,,0,Kawasaki Ergo-Fit Reduced Reach Seat for Kawasaki Ninja 1000,"Kawasaki Ergo-Fit Reduced Reach Seat for Kawasaki Ninja 1000. ERGO-FIT® reduced reach seat reduces the seat height 8mm (3/10"") and has a narrowed front, facilitating the reach to the ground for increased.","The seat leather is the same cold-resistant, high-elasticity-type material used on the standard seats.",Made to fit and complement the Ninja® 1000 motorcycle.,Includes all necessary hardware. Utilizes factory seat base.,,,Kawasaki Ergo-Fit Reduced Reach Seat for Kawasaki Ninja 1000 — a seat built to the specifications listed above.,true,draft,https://cdn.shopify.com/s/files/1/0076/8301/4754/products/999941576-132461481646771919.jpg?v=1660374077|role:hero,1,false,/products/ergo-fit-reduced-reach-seat-for-kawasaki-ninja-1000,/products/ergo-fit-reduced-reach-seat-for-kawasaki-ninja-1000
passenger-seat-cowl-for-kawasaki-z900,passenger-seat-cowl-for-kawasaki-z900,Passenger Seat Cowl for Kawasaki Z900,Passenger Seat Cowl for Kawasaki Z900,passenger-seat-cowl-for-kawasaki-z900,"Pre Order Import on Order only • Rear seat cover for a real solo seat look. • Precisely manufactured and very easy to mount and demount on the passenger seat. • Passenger seat cowl made of high-quality ABS plastic, very durable and permanently UV-resistant. • Seat wedge high quality lacquered for a perfect surface, no further lacquering necessary.","[des]
<div class=""delivery_oder"">
<p><strong>Pre Order </strong><span> Import on Order only</span></p>
<p><strong>Delivery Time</strong> 25-30<span> Days</span></p>
</div>
<p>[/des]</p>
<ul class=""bs-features"">
<li>Rear seat cover for a real solo seat look</li>
<li>Precisely manufactured and very easy to mount and demount on the passenger seat</li>
<li>Passenger seat cowl made of high-quality ABS plastic, very durable and permanently UV-resistant</li>
<li>Seat wedge high quality lacquered for a perfect surface, no further lacquering necessary</li>
<li>Pillion cover delivered ready to mount</li>
</ul>","[des]

Pre Order  Import on Order only

Delivery Time 25-30 Days

[/des]

• Rear seat cover for a real solo seat look

• Precisely manufactured and very easy to mount and demount on the passenger seat

• Passenger seat cowl made of high-quality ABS plastic, very durable and permanently UV-resistant

• Seat wedge high quality lacquered for a perfect surface, no further lacquering necessary

• Pillion cover delivered ready to mount",15900,,2026-07-26,active,Kawasaki,3000,g,Buy Passenger Seat Cowl for Kawasaki Z900 | Mile 27 Store,Pre Order Import on Order only Rear seat cover for a real solo seat look. Precisely manufactured and very easy to mount and demount on the passenger seat.…,"Rear seat cover for a real solo seat look | Precisely manufactured and very easy to mount and demount on the passenger seat | Passenger seat cowl made of high-quality ABS plastic, very durable and permanently UV-resistant | Seat wedge high quality lacquered for a perfect surface, no further lacquering necessary",Cleaned noise; brand verified,High,false,Motorcycle Accessories > Seats,High,"Mapped from Shopify Type ""Bike Seat""",passenger-seat-cowl-for-kawasaki-z900-1|Default Title|price:15900.00|compare:|weight:3000|barcode:|qty:0,passenger-seat-cowl-for-kawasaki-z900-1,1,https://cdn.shopify.com/s/files/1/0076/8301/4754/products/zaddox_verkleidungen_a306672-01.webp?v=1656741482|pos:1|alt:Kawasaki Passenger Seat Cowl for Kawasaki Z900 – front view || https://cdn.shopify.com/s/files/1/0076/8301/4754/products/zaddox_verkleidungen_a306672-02.webp?v=1656741482|pos:2|alt:Kawasaki Passenger Seat Cowl for Kawasaki Z900 – side view || https://cdn.shopify.com/s/files/1/0076/8301/4754/products/zaddox_verkleidungen_a306672-03.webp?v=1656741482|pos:3|alt:Kawasaki Passenger Seat Cowl for Kawasaki Z900 – rear view || https://cdn.shopify.com/s/files/1/0076/8301/4754/products/zaddox_verkleidungen_a306672-04_4.webp?v=1656741577|pos:4|alt:Kawasaki Passenger Seat Cowl for Kawasaki Z900 – detail view,4,Kawasaki Passenger Seat Cowl for Kawasaki Z900 – front view | Kawasaki Passenger Seat Cowl for Kawasaki Z900 – side view | Kawasaki Passenger Seat Cowl for Kawasaki Z900 – rear view | Kawasaki Passenger Seat Cowl for Kawasaki Z900 – detail view,,0,Kawasaki Passenger Seat Cowl for Kawasaki Z900,Kawasaki Passenger Seat Cowl for Kawasaki Z900. Pre Order Import on Order only • Rear seat cover for a real solo seat look.,"Passenger seat cowl made of high-quality ABS plastic, very durable and permanently UV-resistant.",,"Rear seat cover for a real solo seat look. Precisely manufactured and very easy to mount and demount on the passenger seat. Seat wedge high quality lacquered for a perfect surface, no further lacquering necessary.",,,Kawasaki Passenger Seat Cowl for Kawasaki Z900 — a seat built to the specifications listed above.,true,draft,https://cdn.shopify.com/s/files/1/0076/8301/4754/products/zaddox_verkleidungen_a306672-01.webp?v=1656741482|role:hero || https://cdn.shopify.com/s/files/1/0076/8301/4754/products/zaddox_verkleidungen_a306672-02.webp?v=1656741482|role:construction detail || https://cdn.shopify.com/s/files/1/0076/8301/4754/products/zaddox_verkleidungen_a306672-03.webp?v=1656741482|role:side profile,3,false,/products/passenger-seat-cowl-for-kawasaki-z900,/products/passenger-seat-cowl-for-kawasaki-z900
rear-seat-cowl-for-kawasaki-z900-2022,rear-seat-cowl-for-kawasaki-z900-2022,Rear Seat Cowl for Kawasaki Z900 2022,Rear Seat Cowl for Kawasaki Z900 2022,rear-seat-cowl-for-kawasaki-z900-2022,Give your motorcycle a custom appearance with these unique seat cowls • Each cowl is constructed of high quality ABS plastic and features factory matched paint. • Replaces stock rear seat. • Includes all necessary hardware.,"<p><span>Give your motorcycle a custom appearance with these unique seat cowls</span><br></p>
<ul>
<li>Each cowl is constructed of high quality ABS plastic and features factory matched paint</li>
<li>Replaces stock rear seat</li>
<li>Includes all necessary hardware</li>
</ul>","Give your motorcycle a custom appearance with these unique seat cowls

• Each cowl is constructed of high quality ABS plastic and features factory matched paint

• Replaces stock rear seat

• Includes all necessary hardware",31999,,2026-07-26,active,Kawasaki,3000,g,Buy Rear Seat Cowl for Kawasaki Z900 2022 | Mile 27 Store,Give your motorcycle a custom appearance with these unique seat cowls Each cowl is constructed of high quality ABS plastic and features factory matched…,Each cowl is constructed of high quality ABS plastic and features factory matched paint | Replaces stock rear seat | Includes all necessary hardware,Cleaned noise; brand verified,High,false,Motorcycle Accessories > Seats,High,"Mapped from Shopify Type ""Bike Seat""",rear-seat-cowl-for-kawasaki-z900-2022-1|Default Title|price:31999.00|compare:|weight:3000|barcode:|qty:0,rear-seat-cowl-for-kawasaki-z900-2022-1,1,https://cdn.shopify.com/s/files/1/0076/8301/4754/products/999941111660-131625800978619361.jpg?v=1656740609|pos:1|alt:Kawasaki Rear Seat Cowl for Kawasaki Z900 2022 – front view,1,Kawasaki Rear Seat Cowl for Kawasaki Z900 2022 – front view,,0,Kawasaki Rear Seat Cowl for Kawasaki Z900 2022,Kawasaki Rear Seat Cowl for Kawasaki Z900 2022. Give your motorcycle a custom appearance with these unique seat cowls • Each cowl is constructed of high quality ABS plastic and features factory matched paint.,Each cowl is constructed of high quality ABS plastic and features factory matched paint.,,Replaces stock rear seat. Includes all necessary hardware.,,,Kawasaki Rear Seat Cowl for Kawasaki Z900 2022 — a seat built to the specifications listed above.,true,draft,https://cdn.shopify.com/s/files/1/0076/8301/4754/products/999941111660-131625800978619361.jpg?v=1656740609|role:hero,1,false,/products/rear-seat-cowl-for-kawasaki-z900-2022,/products/rear-seat-cowl-for-kawasaki-z900-2022
tappezzeria-taipei-comfort-system-seat-cover-for-kawasaki-vulcan,tappezzeria-taipei-comfort-system-seat-cover-for-kawasaki-vulcan,Tappezzeria Taipei Comfort System Seat Cover for Kawasaki Vulcan,Tappezzeria Taipei Comfort System Seat Cover for Kawasaki Vulcan,tappezzeria-taipei-comfort-system-seat-cover-for-kawasaki-vulcan,"All the covers of Tappezzeria Italia, are made with 100% waterproof materials, the seams are heat-taped from the inside to prevent the infiltration of water,… Available in multiple sizes and/or colours — select your variant.","All the covers of Tappezzeria Italia, are made with 100% waterproof materials, the seams are heat-taped from the inside to prevent the infiltration of water, ensuring 80% waterproofing.<br><br>
However, infiltration may occur if the saddle is exposed to rain for a long time or to high pressure washing. These events, although rare, are not due to a defect in the coating.<br><br>
All our saddles are made with a very elaborate graphic design, this in favor of an attractive aesthetic and great visual impact, our lines, now appreciated all over the world, are the maximum expression of made in Italy saddlery.<br><br>
Master craftsmen sew our covers with great passion to give the customer a product that is recognizable and of great quality.<br><br>
Unfortunately, the more numerous the seams in the coatings and the greater the possibility that small infiltrations will occur.<br><br>
It is important to understand that if we realized covers with few seams (like some of our competitors) we could guarantee a total waterproofness of the saddle.<br><br>
Anyway, Tappezzeria Italia put customer satisfaction first and so we decided to make small elastic and water-repellent covers that can be purchased separately from the saddle.<br><br>
These protective covers (optional) are easy to adhere to the saddle and little bulky, if you find yourself having to leave the bike to the weather, just put the cover to be sure that your saddle will remain completely dry inside.<br><br>
The protective covers will also be very useful both to protect your new saddle from water, and to protect it from the sun and from all those external factors that can ruin the saddle.<br><br>
Each protective cover cost 20€ and can be purchased through our website or by sending an email to info@tappezzeriaitalia.it.<br><br>
<strong>NOTE - THOSE ARE SEAT COVERS NOT THE WHOLE SEAT. YOU NEED TO PUT THOSE SEAT COVERS ON YOUR EXISTING SEATS.</strong>","All the covers of Tappezzeria Italia, are made with 100% waterproof materials, the seams are heat-taped from the inside to prevent the infiltration of water, ensuring 80% waterproofing.

However, infiltration may occur if the saddle is exposed to rain for a long time or to high pressure washing. These events, although rare, are not due to a defect in the coating.

All our saddles are made with a very elaborate graphic design, this in favor of an attractive aesthetic and great visual impact, our lines, now appreciated all over the world, are the maximum expression of made in Italy saddlery.

Master craftsmen sew our covers with great passion to give the customer a product that is recognizable and of great quality.

Unfortunately, the more numerous the seams in the coatings and the greater the possibility that small infiltrations will occur.

It is important to understand that if we realized covers with few seams (like some of our competitors) we could guarantee a total waterproofness of the saddle.

Anyway, Tappezzeria Italia put customer satisfaction first and so we decided to make small elastic and water-repellent covers that can be purchased separately from the saddle.

These protective covers (optional) are easy to adhere to the saddle and little bulky, if you find yourself having to leave the bike to the weather, just put the cover to be sure that your saddle will remain completely dry inside.

The protective covers will also be very useful both to protect your new saddle from water, and to protect it from the sun and from all those external factors that can ruin the saddle.

Each protective cover cost 20€ and can be purchased through our website or by sending an email to info@tappezzeriaitalia.it.

NOTE - THOSE ARE SEAT COVERS NOT THE WHOLE SEAT. YOU NEED TO PUT THOSE SEAT COVERS ON YOUR EXISTING SEATS.",47500,,2026-07-26,active,Kawasaki,2000,g,Tappezzeria Taipei Comfort System Seat Cover for Kawasaki Vulc…,"All the covers of Tappezzeria Italia, are made with 100% waterproof materials, the seams are heat-taped from the inside to prevent the infiltration of…",,Cleaned noise; brand verified,High,false,Motorcycle Accessories > Seats > Seat Covers,High,"Mapped from Shopify Type ""seat cover""",tappezzeria-taipei-comfort-system-seat-cover-for-kawasaki-vulcan-1|Colour:Orange|price:47500.00|compare:|weight:2000|barcode:|qty:0 | tappezzeria-taipei-comfort-system-seat-cover-for-kawasaki-vulcan-2|Colour:White|price:47500.00|compare:|weight:2000|barcode:|qty:0 | tappezzeria-taipei-comfort-system-seat-cover-for-kawasaki-vulcan-3|Colour:Red|price:47500.00|compare:|weight:2000|barcode:|qty:0 | tappezzeria-taipei-comfort-system-seat-cover-for-kawasaki-vulcan-4|Colour:Green|price:47500.00|compare:|weight:2000|barcode:|qty:0 | tappezzeria-taipei-comfort-system-seat-cover-for-kawasaki-vulcan-5|Colour:Black|price:47500.00|compare:|weight:2000|barcode:|qty:0 | tappezzeria-taipei-comfort-system-seat-cover-for-kawasaki-vulcan-6|Colour:Army Green|price:47500.00|compare:|weight:2000|barcode:|qty:0,"tappezzeria-taipei-comfort-system-seat-cover-for-kawasaki-vulcan-1,tappezzeria-taipei-comfort-system-seat-cover-for-kawasaki-vulcan-2,tappezzeria-taipei-comfort-system-seat-cover-for-kawasaki-vulcan-3,tappezzeria-taipei-comfort-system-seat-cover-for-kawasaki-vulcan-4,tappezzeria-taipei-comfort-system-seat-cover-for-kawasaki-vulcan-5,tappezzeria-taipei-comfort-system-seat-cover-for-kawasaki-vulcan-6",6,https://cdn.shopify.com/s/files/1/0076/8301/4754/products/seat-cover-for-kawasaki-vulcan-taipei-comfort-system-model.jpg?v=1651748844|pos:1|alt:Kawasaki Tappezzeria Taipei Comfort System Seat Cover for Kawasaki Vulcan – front view || https://cdn.shopify.com/s/files/1/0076/8301/4754/products/seat-cover-for-kawasaki-vulcan-taipei-comfort-system-model_1.jpg?v=1651748844|pos:2|alt:Kawasaki Tappezzeria Taipei Comfort System Seat Cover for Kawasaki Vulcan – side view || https://cdn.shopify.com/s/files/1/0076/8301/4754/products/seat-cover-for-kawasaki-vulcan-taipei-comfort-system-model_2.jpg?v=1651748843|pos:3|alt:Kawasaki Tappezzeria Taipei Comfort System Seat Cover for Kawasaki Vulcan – rear view || https://cdn.shopify.com/s/files/1/0076/8301/4754/products/seat-cover-for-kawasaki-vulcan-taipei-comfort-system-model_3.jpg?v=1651748845|pos:4|alt:Kawasaki Tappezzeria Taipei Comfort System Seat Cover for Kawasaki Vulcan – detail view || https://cdn.shopify.com/s/files/1/0076/8301/4754/products/seat-cover-for-kawasaki-vulcan-taipei-comfort-system-model_4.jpg?v=1651748844|pos:5|alt:Kawasaki Tappezzeria Taipei Comfort System Seat Cover for Kawasaki Vulcan – top view || https://cdn.shopify.com/s/files/1/0076/8301/4754/products/seat-cover-for-kawasaki-vulcan-taipei-comfort-system-model_5.jpg?v=1651748844|pos:6|alt:Kawasaki Tappezzeria Taipei Comfort System Seat Cover for Kawasaki Vulcan – product view,6,Kawasaki Tappezzeria Taipei Comfort System Seat Cover for Kawasaki Vulcan – front view | Kawasaki Tappezzeria Taipei Comfort System Seat Cover for Kawasaki Vulcan – side view | Kawasaki Tappezzeria Taipei Comfort System Seat Cover for Kawasaki Vulcan – rear view | Kawasaki Tappezzeria Taipei Comfort System Seat Cover for Kawasaki Vulcan – detail view | Kawasaki Tappezzeria Taipei Comfort System Seat Cover for Kawasaki Vulcan – top view | Kawasaki Tappezzeria Taipei Comfort System Seat Cover for Kawasaki Vulcan – product view,,0,,,,,,,,,false,not_eligible,,0,false,/products/tappezzeria-taipei-comfort-system-seat-cover-for-kawasaki-vulcan,/products/tappezzeria-taipei-comfort-system-seat-cover-for-kawasaki-vulcan
tappezzeria-taipei-seat-cover-for-kawasaki-vulcan,tappezzeria-taipei-seat-cover-for-kawasaki-vulcan,Tappezzeria Taipei Seat Cover for Kawasaki Vulcan,Tappezzeria Taipei Seat Cover for Kawasaki Vulcan,tappezzeria-taipei-seat-cover-for-kawasaki-vulcan,"All the covers of Tappezzeria Italia, are made with 100% waterproof materials, the seams are heat-taped from the inside to prevent the infiltration of water,… Available in multiple sizes and/or colours — select your variant.","All the covers of Tappezzeria Italia, are made with 100% waterproof materials, the seams are heat-taped from the inside to prevent the infiltration of water, ensuring 80% waterproofing.<br><br>
However, infiltration may occur if the saddle is exposed to rain for a long time or to high pressure washing. These events, although rare, are not due to a defect in the coating.<br><br>
All our saddles are made with a very elaborate graphic design, this in favor of an attractive aesthetic and great visual impact, our lines, now appreciated all over the world, are the maximum expression of made in Italy saddlery.<br><br>
Master craftsmen sew our covers with great passion to give the customer a product that is recognizable and of great quality.<br><br>
Unfortunately, the more numerous the seams in the coatings and the greater the possibility that small infiltrations will occur.<br><br>
It is important to understand that if we realized covers with few seams (like some of our competitors) we could guarantee a total waterproofness of the saddle.<br><br>
Anyway, Tappezzeria Italia put customer satisfaction first and so we decided to make small elastic and water-repellent covers that can be purchased separately from the saddle.<br><br>
These protective covers (optional) are easy to adhere to the saddle and little bulky, if you find yourself having to leave the bike to the weather, just put the cover to be sure that your saddle will remain completely dry inside.<br><br>
The protective covers will also be very useful both to protect your new saddle from water, and to protect it from the sun and from all those external factors that can ruin the saddle.<br><br>
Each protective cover cost 20€ and can be purchased through our website or by sending an email to info@tappezzeriaitalia.it.<br><br>
<strong>NOTE - THOSE ARE SEAT COVERS NOT THE WHOLE SEAT. YOU NEED TO PUT THOSE SEAT COVERS ON YOUR EXISTING SEATS.</strong>","All the covers of Tappezzeria Italia, are made with 100% waterproof materials, the seams are heat-taped from the inside to prevent the infiltration of water, ensuring 80% waterproofing.

However, infiltration may occur if the saddle is exposed to rain for a long time or to high pressure washing. These events, although rare, are not due to a defect in the coating.

All our saddles are made with a very elaborate graphic design, this in favor of an attractive aesthetic and great visual impact, our lines, now appreciated all over the world, are the maximum expression of made in Italy saddlery.

Master craftsmen sew our covers with great passion to give the customer a product that is recognizable and of great quality.

Unfortunately, the more numerous the seams in the coatings and the greater the possibility that small infiltrations will occur.

It is important to understand that if we realized covers with few seams (like some of our competitors) we could guarantee a total waterproofness of the saddle.

Anyway, Tappezzeria Italia put customer satisfaction first and so we decided to make small elastic and water-repellent covers that can be purchased separately from the saddle.

These protective covers (optional) are easy to adhere to the saddle and little bulky, if you find yourself having to leave the bike to the weather, just put the cover to be sure that your saddle will remain completely dry inside.

The protective covers will also be very useful both to protect your new saddle from water, and to protect it from the sun and from all those external factors that can ruin the saddle.

Each protective cover cost 20€ and can be purchased through our website or by sending an email to info@tappezzeriaitalia.it.

NOTE - THOSE ARE SEAT COVERS NOT THE WHOLE SEAT. YOU NEED TO PUT THOSE SEAT COVERS ON YOUR EXISTING SEATS.",44500,,2026-07-26,active,Kawasaki,2000,g,Tappezzeria Taipei Seat Cover for Kawasaki Vulcan | Mile 27 Store,"All the covers of Tappezzeria Italia, are made with 100% waterproof materials, the seams are heat-taped from the inside to prevent the infiltration of…",,Cleaned noise; brand verified,High,false,Motorcycle Accessories > Seats > Seat Covers,High,"Mapped from Shopify Type ""seat cover""",tappezzeria-taipei-seat-cover-for-kawasaki-vulcan-1|Colour:Orange|price:44500.00|compare:|weight:2000|barcode:|qty:0 | tappezzeria-taipei-seat-cover-for-kawasaki-vulcan-2|Colour:White|price:44500.00|compare:|weight:2000|barcode:|qty:0 | tappezzeria-taipei-seat-cover-for-kawasaki-vulcan-3|Colour:Red|price:44500.00|compare:|weight:2000|barcode:|qty:0 | tappezzeria-taipei-seat-cover-for-kawasaki-vulcan-4|Colour:Green|price:44500.00|compare:|weight:2000|barcode:|qty:0 | tappezzeria-taipei-seat-cover-for-kawasaki-vulcan-5|Colour:Black|price:44500.00|compare:|weight:2000|barcode:|qty:0 | tappezzeria-taipei-seat-cover-for-kawasaki-vulcan-6|Colour:Army Green|price:44500.00|compare:|weight:2000|barcode:|qty:0,"tappezzeria-taipei-seat-cover-for-kawasaki-vulcan-1,tappezzeria-taipei-seat-cover-for-kawasaki-vulcan-2,tappezzeria-taipei-seat-cover-for-kawasaki-vulcan-3,tappezzeria-taipei-seat-cover-for-kawasaki-vulcan-4,tappezzeria-taipei-seat-cover-for-kawasaki-vulcan-5,tappezzeria-taipei-seat-cover-for-kawasaki-vulcan-6",6,https://cdn.shopify.com/s/files/1/0076/8301/4754/products/seat-cover-for-kawasaki-vulcan-taipei-model.jpg?v=1651748474|pos:1|alt:Kawasaki Tappezzeria Taipei Seat Cover for Kawasaki Vulcan – front view || https://cdn.shopify.com/s/files/1/0076/8301/4754/products/seat-cover-for-kawasaki-vulcan-taipei-model_1.jpg?v=1651748475|pos:2|alt:Kawasaki Tappezzeria Taipei Seat Cover for Kawasaki Vulcan – side view || https://cdn.shopify.com/s/files/1/0076/8301/4754/products/seat-cover-for-kawasaki-vulcan-taipei-model_2.jpg?v=1651748475|pos:3|alt:Kawasaki Tappezzeria Taipei Seat Cover for Kawasaki Vulcan – rear view || https://cdn.shopify.com/s/files/1/0076/8301/4754/products/seat-cover-for-kawasaki-vulcan-taipei-model_3.jpg?v=1651748474|pos:4|alt:Kawasaki Tappezzeria Taipei Seat Cover for Kawasaki Vulcan – detail view || https://cdn.shopify.com/s/files/1/0076/8301/4754/products/seat-cover-for-kawasaki-vulcan-taipei-model_4.jpg?v=1651748476|pos:5|alt:Kawasaki Tappezzeria Taipei Seat Cover for Kawasaki Vulcan – top view || https://cdn.shopify.com/s/files/1/0076/8301/4754/products/seat-cover-for-kawasaki-vulcan-taipei-model_5.jpg?v=1651748475|pos:6|alt:Kawasaki Tappezzeria Taipei Seat Cover for Kawasaki Vulcan – product view,6,Kawasaki Tappezzeria Taipei Seat Cover for Kawasaki Vulcan – front view | Kawasaki Tappezzeria Taipei Seat Cover for Kawasaki Vulcan – side view | Kawasaki Tappezzeria Taipei Seat Cover for Kawasaki Vulcan – rear view | Kawasaki Tappezzeria Taipei Seat Cover for Kawasaki Vulcan – detail view | Kawasaki Tappezzeria Taipei Seat Cover for Kawasaki Vulcan – top view | Kawasaki Tappezzeria Taipei Seat Cover for Kawasaki Vulcan – product view,,0,,,,,,,,,false,not_eligible,,0,false,/products/tappezzeria-taipei-seat-cover-for-kawasaki-vulcan,/products/tappezzeria-taipei-seat-cover-for-kawasaki-vulcan
tappezzeria-nasir-comfort-system-seat-cover-for-kawasaki-versys-650,tappezzeria-nasir-comfort-system-seat-cover-for-kawasaki-versys-650,Tappezzeria Nasir Comfort System Seat Cover for Kawasaki Versys 650,Tappezzeria Nasir Comfort System Seat Cover for Kawasaki Versys 650,tappezzeria-nasir-comfort-system-seat-cover-for-kawasaki-versys-650,"All the covers of Tappezzeria Italia, are made with 100% waterproof materials, the seams are heat-taped from the inside to prevent the infiltration of water,… Available in multiple sizes and/or colours — select your variant.","All the covers of Tappezzeria Italia, are made with 100% waterproof materials, the seams are heat-taped from the inside to prevent the infiltration of water, ensuring 80% waterproofing.<br><br>
However, infiltration may occur if the saddle is exposed to rain for a long time or to high pressure washing. These events, although rare, are not due to a defect in the coating.<br><br>
All our saddles are made with a very elaborate graphic design, this in favor of an attractive aesthetic and great visual impact, our lines, now appreciated all over the world, are the maximum expression of made in Italy saddlery.<br><br>
Master craftsmen sew our covers with great passion to give the customer a product that is recognizable and of great quality.<br><br>
Unfortunately, the more numerous the seams in the coatings and the greater the possibility that small infiltrations will occur.<br><br>
It is important to understand that if we realized covers with few seams (like some of our competitors) we could guarantee a total waterproofness of the saddle.<br><br>
Anyway, Tappezzeria Italia put customer satisfaction first and so we decided to make small elastic and water-repellent covers that can be purchased separately from the saddle.<br><br>
These protective covers (optional) are easy to adhere to the saddle and little bulky, if you find yourself having to leave the bike to the weather, just put the cover to be sure that your saddle will remain completely dry inside.<br><br>
The protective covers will also be very useful both to protect your new saddle from water, and to protect it from the sun and from all those external factors that can ruin the saddle.<br><br>
Each protective cover cost 20€ and can be purchased through our website or by sending an email to info@tappezzeriaitalia.it.<br><br>
<strong>NOTE - THOSE ARE SEAT COVERS NOT THE WHOLE SEAT. YOU NEED TO PUT THOSE SEAT COVERS ON YOUR EXISTING SEATS.</strong>","All the covers of Tappezzeria Italia, are made with 100% waterproof materials, the seams are heat-taped from the inside to prevent the infiltration of water, ensuring 80% waterproofing.

However, infiltration may occur if the saddle is exposed to rain for a long time or to high pressure washing. These events, although rare, are not due to a defect in the coating.

All our saddles are made with a very elaborate graphic design, this in favor of an attractive aesthetic and great visual impact, our lines, now appreciated all over the world, are the maximum expression of made in Italy saddlery.

Master craftsmen sew our covers with great passion to give the customer a product that is recognizable and of great quality.

Unfortunately, the more numerous the seams in the coatings and the greater the possibility that small infiltrations will occur.

It is important to understand that if we realized covers with few seams (like some of our competitors) we could guarantee a total waterproofness of the saddle.

Anyway, Tappezzeria Italia put customer satisfaction first and so we decided to make small elastic and water-repellent covers that can be purchased separately from the saddle.

These protective covers (optional) are easy to adhere to the saddle and little bulky, if you find yourself having to leave the bike to the weather, just put the cover to be sure that your saddle will remain completely dry inside.

The protective covers will also be very useful both to protect your new saddle from water, and to protect it from the sun and from all those external factors that can ruin the saddle.

Each protective cover cost 20€ and can be purchased through our website or by sending an email to info@tappezzeriaitalia.it.

NOTE - THOSE ARE SEAT COVERS NOT THE WHOLE SEAT. YOU NEED TO PUT THOSE SEAT COVERS ON YOUR EXISTING SEATS.",42000,,2026-07-26,active,Kawasaki,2000,g,Tappezzeria Nasir Comfort System Seat Cover for Kawasaki Versy…,"All the covers of Tappezzeria Italia, are made with 100% waterproof materials, the seams are heat-taped from the inside to prevent the infiltration of…",,Cleaned noise; brand verified,High,false,Motorcycle Accessories > Seats > Seat Covers,High,"Mapped from Shopify Type ""seat cover""",tappezzeria-nasir-comfort-system-seat-cover-for-kawasaki-versys-650-1|Colour:Orange|price:42000.00|compare:|weight:2000|barcode:|qty:0 | tappezzeria-nasir-comfort-system-seat-cover-for-kawasaki-versys-650-2|Colour:Red|price:42000.00|compare:|weight:2000|barcode:|qty:0 | tappezzeria-nasir-comfort-system-seat-cover-for-kawasaki-versys-650-3|Colour:White|price:42000.00|compare:|weight:2000|barcode:|qty:0 | tappezzeria-nasir-comfort-system-seat-cover-for-kawasaki-versys-650-4|Colour:Grey|price:42000.00|compare:|weight:2000|barcode:|qty:0 | tappezzeria-nasir-comfort-system-seat-cover-for-kawasaki-versys-650-5|Colour:Green|price:42000.00|compare:|weight:2000|barcode:|qty:0,"tappezzeria-nasir-comfort-system-seat-cover-for-kawasaki-versys-650-1,tappezzeria-nasir-comfort-system-seat-cover-for-kawasaki-versys-650-2,tappezzeria-nasir-comfort-system-seat-cover-for-kawasaki-versys-650-3,tappezzeria-nasir-comfort-system-seat-cover-for-kawasaki-versys-650-4,tappezzeria-nasir-comfort-system-seat-cover-for-kawasaki-versys-650-5",5,https://cdn.shopify.com/s/files/1/0076/8301/4754/products/seat-cover-for-kawasaki-versys-650-07-21-nasir-model_5e8a3da4-5daa-4021-aaf1-1adbade24156.jpg?v=1651748018|pos:1|alt:Kawasaki Tappezzeria Nasir Comfort System Seat Cover for Kawasaki Versys 650 – front view || https://cdn.shopify.com/s/files/1/0076/8301/4754/products/seat-cover-for-kawasaki-versys-650-07-21-nasir-model_1_758a839b-f47c-4e84-b769-57102e19582a.jpg?v=1651748017|pos:2|alt:Kawasaki Tappezzeria Nasir Comfort System Seat Cover for Kawasaki Versys 650 – side view || https://cdn.shopify.com/s/files/1/0076/8301/4754/products/seat-cover-for-kawasaki-versys-650-07-21-nasir-model_2_0b14d1ef-c94b-451a-af0f-14b79afda8ca.jpg?v=1651748017|pos:3|alt:Kawasaki Tappezzeria Nasir Comfort System Seat Cover for Kawasaki Versys 650 – rear view || https://cdn.shopify.com/s/files/1/0076/8301/4754/products/seat-cover-for-kawasaki-versys-650-07-21-nasir-model_3_0d991636-e13a-4b8d-b0bc-843df435e70c.jpg?v=1651748017|pos:4|alt:Kawasaki Tappezzeria Nasir Comfort System Seat Cover for Kawasaki Versys 650 – detail view || https://cdn.shopify.com/s/files/1/0076/8301/4754/products/seat-cover-for-kawasaki-versys-650-07-21-nasir-model_4_7df2d4da-7670-447b-862e-50e20a512f6c.jpg?v=1651748017|pos:5|alt:Kawasaki Tappezzeria Nasir Comfort System Seat Cover for Kawasaki Versys 650 – top view,5,Kawasaki Tappezzeria Nasir Comfort System Seat Cover for Kawasaki Versys 650 – front view | Kawasaki Tappezzeria Nasir Comfort System Seat Cover for Kawasaki Versys 650 – side view | Kawasaki Tappezzeria Nasir Comfort System Seat Cover for Kawasaki Versys 650 – rear view | Kawasaki Tappezzeria Nasir Comfort System Seat Cover for Kawasaki Versys 650 – detail view | Kawasaki Tappezzeria Nasir Comfort System Seat Cover for Kawasaki Versys 650 – top view,,0,,,,,,,,,false,not_eligible,,0,false,/products/tappezzeria-nasir-comfort-system-seat-cover-for-kawasaki-versys-650,/products/tappezzeria-nasir-comfort-system-seat-cover-for-kawasaki-versys-650
tappezzeria-elba-2-comfort-system-seat-cover-for-kawasaki-versys-650,tappezzeria-elba-2-comfort-system-seat-cover-for-kawasaki-versys-650,Tappezzeria Elba 2 Comfort System Seat Cover for Kawasaki Versys 650,Tappezzeria Elba 2 Comfort System Seat Cover for Kawasaki Versys 650,tappezzeria-elba-2-comfort-system-seat-cover-for-kawasaki-versys-650,"All the covers of Tappezzeria Italia, are made with 100% waterproof materials, the seams are heat-taped from the inside to prevent the infiltration of water,… Available in multiple sizes and/or colours — select your variant.","All the covers of Tappezzeria Italia, are made with 100% waterproof materials, the seams are heat-taped from the inside to prevent the infiltration of water, ensuring 80% waterproofing.<br><br>
However, infiltration may occur if the saddle is exposed to rain for a long time or to high pressure washing. These events, although rare, are not due to a defect in the coating.<br><br>
All our saddles are made with a very elaborate graphic design, this in favor of an attractive aesthetic and great visual impact, our lines, now appreciated all over the world, are the maximum expression of made in Italy saddlery.<br><br>
Master craftsmen sew our covers with great passion to give the customer a product that is recognizable and of great quality.<br><br>
Unfortunately, the more numerous the seams in the coatings and the greater the possibility that small infiltrations will occur.<br><br>
It is important to understand that if we realized covers with few seams (like some of our competitors) we could guarantee a total waterproofness of the saddle.<br><br>
Anyway, Tappezzeria Italia put customer satisfaction first and so we decided to make small elastic and water-repellent covers that can be purchased separately from the saddle.<br><br>
These protective covers (optional) are easy to adhere to the saddle and little bulky, if you find yourself having to leave the bike to the weather, just put the cover to be sure that your saddle will remain completely dry inside.<br><br>
The protective covers will also be very useful both to protect your new saddle from water, and to protect it from the sun and from all those external factors that can ruin the saddle.<br><br>
Each protective cover cost 20€ and can be purchased through our website or by sending an email to info@tappezzeriaitalia.it.<br><br>
<strong>NOTE - THOSE ARE SEAT COVERS NOT THE WHOLE SEAT. YOU NEED TO PUT THOSE SEAT COVERS ON YOUR EXISTING SEATS.</strong>","All the covers of Tappezzeria Italia, are made with 100% waterproof materials, the seams are heat-taped from the inside to prevent the infiltration of water, ensuring 80% waterproofing.

However, infiltration may occur if the saddle is exposed to rain for a long time or to high pressure washing. These events, although rare, are not due to a defect in the coating.

All our saddles are made with a very elaborate graphic design, this in favor of an attractive aesthetic and great visual impact, our lines, now appreciated all over the world, are the maximum expression of made in Italy saddlery.

Master craftsmen sew our covers with great passion to give the customer a product that is recognizable and of great quality.

Unfortunately, the more numerous the seams in the coatings and the greater the possibility that small infiltrations will occur.

It is important to understand that if we realized covers with few seams (like some of our competitors) we could guarantee a total waterproofness of the saddle.

Anyway, Tappezzeria Italia put customer satisfaction first and so we decided to make small elastic and water-repellent covers that can be purchased separately from the saddle.

These protective covers (optional) are easy to adhere to the saddle and little bulky, if you find yourself having to leave the bike to the weather, just put the cover to be sure that your saddle will remain completely dry inside.

The protective covers will also be very useful both to protect your new saddle from water, and to protect it from the sun and from all those external factors that can ruin the saddle.

Each protective cover cost 20€ and can be purchased through our website or by sending an email to info@tappezzeriaitalia.it.

NOTE - THOSE ARE SEAT COVERS NOT THE WHOLE SEAT. YOU NEED TO PUT THOSE SEAT COVERS ON YOUR EXISTING SEATS.",42000,,2026-07-26,active,Kawasaki,2000,g,Tappezzeria Elba 2 Comfort System Seat Cover for Kawasaki Vers…,"All the covers of Tappezzeria Italia, are made with 100% waterproof materials, the seams are heat-taped from the inside to prevent the infiltration of…",,Cleaned noise; brand verified,High,false,Motorcycle Accessories > Seats > Seat Covers,High,"Mapped from Shopify Type ""seat cover""",tappezzeria-elba-2-comfort-system-seat-cover-for-kawasaki-versys-650-1|Colour:Orange|price:42000.00|compare:|weight:2000|barcode:|qty:0 | tappezzeria-elba-2-comfort-system-seat-cover-for-kawasaki-versys-650-2|Colour:Silver|price:42000.00|compare:|weight:2000|barcode:|qty:0 | tappezzeria-elba-2-comfort-system-seat-cover-for-kawasaki-versys-650-3|Colour:White|price:42000.00|compare:|weight:2000|barcode:|qty:0 | tappezzeria-elba-2-comfort-system-seat-cover-for-kawasaki-versys-650-4|Colour:Grey|price:42000.00|compare:|weight:2000|barcode:|qty:0 | tappezzeria-elba-2-comfort-system-seat-cover-for-kawasaki-versys-650-5|Colour:Green|price:42000.00|compare:|weight:2000|barcode:|qty:0,"tappezzeria-elba-2-comfort-system-seat-cover-for-kawasaki-versys-650-1,tappezzeria-elba-2-comfort-system-seat-cover-for-kawasaki-versys-650-2,tappezzeria-elba-2-comfort-system-seat-cover-for-kawasaki-versys-650-3,tappezzeria-elba-2-comfort-system-seat-cover-for-kawasaki-versys-650-4,tappezzeria-elba-2-comfort-system-seat-cover-for-kawasaki-versys-650-5",5,https://cdn.shopify.com/s/files/1/0076/8301/4754/products/seat-cover-for-kawasaki-versys-650-07-20-elba-2-comfort-system-model.jpg?v=1651746768|pos:1|alt:Kawasaki Tappezzeria Elba 2 Comfort System Seat Cover for Kawasaki Versys 650 – front view || https://cdn.shopify.com/s/files/1/0076/8301/4754/products/seat-cover-for-kawasaki-versys-650-07-20-elba-2-comfort-system-model_1.jpg?v=1651746769|pos:2|alt:Kawasaki Tappezzeria Elba 2 Comfort System Seat Cover for Kawasaki Versys 650 – side view || https://cdn.shopify.com/s/files/1/0076/8301/4754/products/seat-cover-for-kawasaki-versys-650-07-20-elba-2-comfort-system-model_2.jpg?v=1651746769|pos:3|alt:Kawasaki Tappezzeria Elba 2 Comfort System Seat Cover for Kawasaki Versys 650 – rear view || https://cdn.shopify.com/s/files/1/0076/8301/4754/products/seat-cover-for-kawasaki-versys-650-07-20-elba-2-comfort-system-model_3.jpg?v=1651746768|pos:4|alt:Kawasaki Tappezzeria Elba 2 Comfort System Seat Cover for Kawasaki Versys 650 – detail view || https://cdn.shopify.com/s/files/1/0076/8301/4754/products/seat-cover-for-kawasaki-versys-650-07-20-elba-2-comfort-system-model_4.jpg?v=1651746768|pos:5|alt:Kawasaki Tappezzeria Elba 2 Comfort System Seat Cover for Kawasaki Versys 650 – top view,5,Kawasaki Tappezzeria Elba 2 Comfort System Seat Cover for Kawasaki Versys 650 – front view | Kawasaki Tappezzeria Elba 2 Comfort System Seat Cover for Kawasaki Versys 650 – side view | Kawasaki Tappezzeria Elba 2 Comfort System Seat Cover for Kawasaki Versys 650 – rear view | Kawasaki Tappezzeria Elba 2 Comfort System Seat Cover for Kawasaki Versys 650 – detail view | Kawasaki Tappezzeria Elba 2 Comfort System Seat Cover for Kawasaki Versys 650 – top view,,0,,,,,,,,,false,not_eligible,,0,false,/products/tappezzeria-elba-2-comfort-system-seat-cover-for-kawasaki-versys-650,/products/tappezzeria-elba-2-comfort-system-seat-cover-for-kawasaki-versys-650
tappezzeria-elba-total-black-comfort-system-seat-cover-for-kawasaki-versys-650,tappezzeria-elba-total-black-comfort-system-seat-cover-for-kawasaki-versys-650,Tappezzeria Elba Total Black Comfort System Seat Cover for Kawasaki Versys 650,Tappezzeria Elba Total Black Comfort System Seat Cover for Kawasaki Versys 650,tappezzeria-elba-total-black-comfort-system-seat-cover-for-kawasaki-versys-650,"All the covers of Tappezzeria Italia, are made with 100% waterproof materials, the seams are heat-taped from the inside to prevent the infiltration of water,… Available in multiple sizes and/or colours — select your variant.","All the covers of Tappezzeria Italia, are made with 100% waterproof materials, the seams are heat-taped from the inside to prevent the infiltration of water, ensuring 80% waterproofing.<br><br>
However, infiltration may occur if the saddle is exposed to rain for a long time or to high pressure washing. These events, although rare, are not due to a defect in the coating.<br><br>
All our saddles are made with a very elaborate graphic design, this in favor of an attractive aesthetic and great visual impact, our lines, now appreciated all over the world, are the maximum expression of made in Italy saddlery.<br><br>
Master craftsmen sew our covers with great passion to give the customer a product that is recognizable and of great quality.<br><br>
Unfortunately, the more numerous the seams in the coatings and the greater the possibility that small infiltrations will occur.<br><br>
It is important to understand that if we realized covers with few seams (like some of our competitors) we could guarantee a total waterproofness of the saddle.<br><br>
Anyway, Tappezzeria Italia put customer satisfaction first and so we decided to make small elastic and water-repellent covers that can be purchased separately from the saddle.<br><br>
These protective covers (optional) are easy to adhere to the saddle and little bulky, if you find yourself having to leave the bike to the weather, just put the cover to be sure that your saddle will remain completely dry inside.<br><br>
The protective covers will also be very useful both to protect your new saddle from water, and to protect it from the sun and from all those external factors that can ruin the saddle.<br><br>
Each protective cover cost 20€ and can be purchased through our website or by sending an email to info@tappezzeriaitalia.it.<br><br>
<strong>NOTE - THOSE ARE SEAT COVERS NOT THE WHOLE SEAT. YOU NEED TO PUT THOSE SEAT COVERS ON YOUR EXISTING SEATS.</strong>","All the covers of Tappezzeria Italia, are made with 100% waterproof materials, the seams are heat-taped from the inside to prevent the infiltration of water, ensuring 80% waterproofing.

However, infiltration may occur if the saddle is exposed to rain for a long time or to high pressure washing. These events, although rare, are not due to a defect in the coating.

All our saddles are made with a very elaborate graphic design, this in favor of an attractive aesthetic and great visual impact, our lines, now appreciated all over the world, are the maximum expression of made in Italy saddlery.

Master craftsmen sew our covers with great passion to give the customer a product that is recognizable and of great quality.

Unfortunately, the more numerous the seams in the coatings and the greater the possibility that small infiltrations will occur.

It is important to understand that if we realized covers with few seams (like some of our competitors) we could guarantee a total waterproofness of the saddle.

Anyway, Tappezzeria Italia put customer satisfaction first and so we decided to make small elastic and water-repellent covers that can be purchased separately from the saddle.

These protective covers (optional) are easy to adhere to the saddle and little bulky, if you find yourself having to leave the bike to the weather, just put the cover to be sure that your saddle will remain completely dry inside.

The protective covers will also be very useful both to protect your new saddle from water, and to protect it from the sun and from all those external factors that can ruin the saddle.

Each protective cover cost 20€ and can be purchased through our website or by sending an email to info@tappezzeriaitalia.it.

NOTE - THOSE ARE SEAT COVERS NOT THE WHOLE SEAT. YOU NEED TO PUT THOSE SEAT COVERS ON YOUR EXISTING SEATS.",42000,,2026-07-26,active,Kawasaki,2000,g,Tappezzeria Elba Total Black Comfort System Seat Cover for Kaw…,"All the covers of Tappezzeria Italia, are made with 100% waterproof materials, the seams are heat-taped from the inside to prevent the infiltration of…",,Cleaned noise; brand verified,High,false,Motorcycle Accessories > Seats > Seat Covers,High,"Mapped from Shopify Type ""seat cover""",tappezzeria-elba-total-black-comfort-system-seat-cover-for-kawasaki-versys-650-1|Colour:Orange|price:42000.00|compare:|weight:2000|barcode:|qty:0 | tappezzeria-elba-total-black-comfort-system-seat-cover-for-kawasaki-versys-650-2|Colour:White|price:42000.00|compare:|weight:2000|barcode:|qty:0 | tappezzeria-elba-total-black-comfort-system-seat-cover-for-kawasaki-versys-650-3|Colour:Grey|price:42000.00|compare:|weight:2000|barcode:|qty:0 | tappezzeria-elba-total-black-comfort-system-seat-cover-for-kawasaki-versys-650-4|Colour:Green|price:42000.00|compare:|weight:2000|barcode:|qty:0,"tappezzeria-elba-total-black-comfort-system-seat-cover-for-kawasaki-versys-650-1,tappezzeria-elba-total-black-comfort-system-seat-cover-for-kawasaki-versys-650-2,tappezzeria-elba-total-black-comfort-system-seat-cover-for-kawasaki-versys-650-3,tappezzeria-elba-total-black-comfort-system-seat-cover-for-kawasaki-versys-650-4",4,https://cdn.shopify.com/s/files/1/0076/8301/4754/products/seat-cover-for-kawasaki-versys-650-07-21-elba-total-black-comfort-system-model.jpg?v=1651746461|pos:1|alt:Kawasaki Tappezzeria Elba Total Black Comfort System Seat Cover for Kawasaki Versys 650 – front view || https://cdn.shopify.com/s/files/1/0076/8301/4754/products/seat-cover-for-kawasaki-versys-650-07-21-elba-total-black-comfort-system-model_1.jpg?v=1651746459|pos:2|alt:Kawasaki Tappezzeria Elba Total Black Comfort System Seat Cover for Kawasaki Versys 650 – side view || https://cdn.shopify.com/s/files/1/0076/8301/4754/products/seat-cover-for-kawasaki-versys-650-07-21-elba-total-black-comfort-system-model_2.jpg?v=1651746459|pos:3|alt:Kawasaki Tappezzeria Elba Total Black Comfort System Seat Cover for Kawasaki Versys 650 – rear view || https://cdn.shopify.com/s/files/1/0076/8301/4754/products/seat-cover-for-kawasaki-versys-650-07-21-elba-total-black-comfort-system-model_3.jpg?v=1651746461|pos:4|alt:Kawasaki Tappezzeria Elba Total Black Comfort System Seat Cover for Kawasaki Versys 650 – detail view,4,Kawasaki Tappezzeria Elba Total Black Comfort System Seat Cover for Kawasaki Versys 650 – front view | Kawasaki Tappezzeria Elba Total Black Comfort System Seat Cover for Kawasaki Versys 650 – side view | Kawasaki Tappezzeria Elba Total Black Comfort System Seat Cover for Kawasaki Versys 650 – rear view | Kawasaki Tappezzeria Elba Total Black Comfort System Seat Cover for Kawasaki Versys 650 – detail view,,0,,,,,,,,,false,not_eligible,,0,false,/products/tappezzeria-elba-total-black-comfort-system-seat-cover-for-kawasaki-versys-650,/products/tappezzeria-elba-total-black-comfort-system-seat-cover-for-kawasaki-versys-650
tappezzeria-nasir-seat-cover-for-kawasaki-versys-650,tappezzeria-nasir-seat-cover-for-kawasaki-versys-650,Tappezzeria Nasir Seat Cover for Kawasaki Versys 650,Tappezzeria Nasir Seat Cover for Kawasaki Versys 650,tappezzeria-nasir-seat-cover-for-kawasaki-versys-650,"All the covers of Tappezzeria Italia, are made with 100% waterproof materials, the seams are heat-taped from the inside to prevent the infiltration of water,… Available in multiple sizes and/or colours — select your variant.","All the covers of Tappezzeria Italia, are made with 100% waterproof materials, the seams are heat-taped from the inside to prevent the infiltration of water, ensuring 80% waterproofing.<br><br>
However, infiltration may occur if the saddle is exposed to rain for a long time or to high pressure washing. These events, although rare, are not due to a defect in the coating.<br><br>
All our saddles are made with a very elaborate graphic design, this in favor of an attractive aesthetic and great visual impact, our lines, now appreciated all over the world, are the maximum expression of made in Italy saddlery.<br><br>
Master craftsmen sew our covers with great passion to give the customer a product that is recognizable and of great quality.<br><br>
Unfortunately, the more numerous the seams in the coatings and the greater the possibility that small infiltrations will occur.<br><br>
It is important to understand that if we realized covers with few seams (like some of our competitors) we could guarantee a total waterproofness of the saddle.<br><br>
Anyway, Tappezzeria Italia put customer satisfaction first and so we decided to make small elastic and water-repellent covers that can be purchased separately from the saddle.<br><br>
These protective covers (optional) are easy to adhere to the saddle and little bulky, if you find yourself having to leave the bike to the weather, just put the cover to be sure that your saddle will remain completely dry inside.<br><br>
The protective covers will also be very useful both to protect your new saddle from water, and to protect it from the sun and from all those external factors that can ruin the saddle.<br><br>
Each protective cover cost 20€ and can be purchased through our website or by sending an email to info@tappezzeriaitalia.it.<br><br>
<strong>NOTE - THOSE ARE SEAT COVERS NOT THE WHOLE SEAT. YOU NEED TO PUT THOSE SEAT COVERS ON YOUR EXISTING SEATS.</strong>","All the covers of Tappezzeria Italia, are made with 100% waterproof materials, the seams are heat-taped from the inside to prevent the infiltration of water, ensuring 80% waterproofing.

However, infiltration may occur if the saddle is exposed to rain for a long time or to high pressure washing. These events, although rare, are not due to a defect in the coating.

All our saddles are made with a very elaborate graphic design, this in favor of an attractive aesthetic and great visual impact, our lines, now appreciated all over the world, are the maximum expression of made in Italy saddlery.

Master craftsmen sew our covers with great passion to give the customer a product that is recognizable and of great quality.

Unfortunately, the more numerous the seams in the coatings and the greater the possibility that small infiltrations will occur.

It is important to understand that if we realized covers with few seams (like some of our competitors) we could guarantee a total waterproofness of the saddle.

Anyway, Tappezzeria Italia put customer satisfaction first and so we decided to make small elastic and water-repellent covers that can be purchased separately from the saddle.

These protective covers (optional) are easy to adhere to the saddle and little bulky, if you find yourself having to leave the bike to the weather, just put the cover to be sure that your saddle will remain completely dry inside.

The protective covers will also be very useful both to protect your new saddle from water, and to protect it from the sun and from all those external factors that can ruin the saddle.

Each protective cover cost 20€ and can be purchased through our website or by sending an email to info@tappezzeriaitalia.it.

NOTE - THOSE ARE SEAT COVERS NOT THE WHOLE SEAT. YOU NEED TO PUT THOSE SEAT COVERS ON YOUR EXISTING SEATS.",38500,,2026-07-26,active,Kawasaki,2000,g,Tappezzeria Nasir Seat Cover for Kawasaki Versys 650 | Mile 27…,"All the covers of Tappezzeria Italia, are made with 100% waterproof materials, the seams are heat-taped from the inside to prevent the infiltration of…",,Cleaned noise; brand verified,High,false,Motorcycle Accessories > Seats > Seat Covers,High,"Mapped from Shopify Type ""seat cover""",tappezzeria-nasir-seat-cover-for-kawasaki-versys-650-1|Colour:Orange|price:38500.00|compare:|weight:2000|barcode:|qty:0 | tappezzeria-nasir-seat-cover-for-kawasaki-versys-650-2|Colour:Red|price:38500.00|compare:|weight:2000|barcode:|qty:0 | tappezzeria-nasir-seat-cover-for-kawasaki-versys-650-3|Colour:White|price:38500.00|compare:|weight:2000|barcode:|qty:0 | tappezzeria-nasir-seat-cover-for-kawasaki-versys-650-4|Colour:Grey|price:38500.00|compare:|weight:2000|barcode:|qty:0 | tappezzeria-nasir-seat-cover-for-kawasaki-versys-650-5|Colour:Green|price:38500.00|compare:|weight:2000|barcode:|qty:0,"tappezzeria-nasir-seat-cover-for-kawasaki-versys-650-1,tappezzeria-nasir-seat-cover-for-kawasaki-versys-650-2,tappezzeria-nasir-seat-cover-for-kawasaki-versys-650-3,tappezzeria-nasir-seat-cover-for-kawasaki-versys-650-4,tappezzeria-nasir-seat-cover-for-kawasaki-versys-650-5",5,https://cdn.shopify.com/s/files/1/0076/8301/4754/products/seat-cover-for-kawasaki-versys-650-07-21-nasir-model.jpg?v=1651746063|pos:1|alt:Kawasaki Tappezzeria Nasir Seat Cover for Kawasaki Versys 650 – front view || https://cdn.shopify.com/s/files/1/0076/8301/4754/products/seat-cover-for-kawasaki-versys-650-07-21-nasir-model_1.jpg?v=1651746063|pos:2|alt:Kawasaki Tappezzeria Nasir Seat Cover for Kawasaki Versys 650 – side view || https://cdn.shopify.com/s/files/1/0076/8301/4754/products/seat-cover-for-kawasaki-versys-650-07-21-nasir-model_2.jpg?v=1651746063|pos:3|alt:Kawasaki Tappezzeria Nasir Seat Cover for Kawasaki Versys 650 – rear view || https://cdn.shopify.com/s/files/1/0076/8301/4754/products/seat-cover-for-kawasaki-versys-650-07-21-nasir-model_3.jpg?v=1651746063|pos:4|alt:Kawasaki Tappezzeria Nasir Seat Cover for Kawasaki Versys 650 – detail view || https://cdn.shopify.com/s/files/1/0076/8301/4754/products/seat-cover-for-kawasaki-versys-650-07-21-nasir-model_4.jpg?v=1651746063|pos:5|alt:Kawasaki Tappezzeria Nasir Seat Cover for Kawasaki Versys 650 – top view || https://cdn.shopify.com/s/files/1/0076/8301/4754/products/seat-cover-for-kawasaki-versys-650-07-21-nasir-model_5.jpg?v=1651746063|pos:6|alt:Kawasaki Tappezzeria Nasir Seat Cover for Kawasaki Versys 650 – product view,6,Kawasaki Tappezzeria Nasir Seat Cover for Kawasaki Versys 650 – front view | Kawasaki Tappezzeria Nasir Seat Cover for Kawasaki Versys 650 – side view | Kawasaki Tappezzeria Nasir Seat Cover for Kawasaki Versys 650 – rear view | Kawasaki Tappezzeria Nasir Seat Cover for Kawasaki Versys 650 – detail view | Kawasaki Tappezzeria Nasir Seat Cover for Kawasaki Versys 650 – top view | Kawasaki Tappezzeria Nasir Seat Cover for Kawasaki Versys 650 – product view,,0,,,,,,,,,false,not_eligible,,0,false,/products/tappezzeria-nasir-seat-cover-for-kawasaki-versys-650,/products/tappezzeria-nasir-seat-cover-for-kawasaki-versys-650
tappezzeria-elba-2-seat-cover-for-kawasaki-versys-650,tappezzeria-elba-2-seat-cover-for-kawasaki-versys-650,Tappezzeria Elba 2 Seat Cover for Kawasaki Versys 650,Tappezzeria Elba 2 Seat Cover for Kawasaki Versys 650,tappezzeria-elba-2-seat-cover-for-kawasaki-versys-650,"All the covers of Tappezzeria Italia, are made with 100% waterproof materials, the seams are heat-taped from the inside to prevent the infiltration of water,… Available in multiple sizes and/or colours — select your variant.","All the covers of Tappezzeria Italia, are made with 100% waterproof materials, the seams are heat-taped from the inside to prevent the infiltration of water, ensuring 80% waterproofing.<br><br>
However, infiltration may occur if the saddle is exposed to rain for a long time or to high pressure washing. These events, although rare, are not due to a defect in the coating.<br><br>
All our saddles are made with a very elaborate graphic design, this in favor of an attractive aesthetic and great visual impact, our lines, now appreciated all over the world, are the maximum expression of made in Italy saddlery.<br><br>
Master craftsmen sew our covers with great passion to give the customer a product that is recognizable and of great quality.<br><br>
Unfortunately, the more numerous the seams in the coatings and the greater the possibility that small infiltrations will occur.<br><br>
It is important to understand that if we realized covers with few seams (like some of our competitors) we could guarantee a total waterproofness of the saddle.<br><br>
Anyway, Tappezzeria Italia put customer satisfaction first and so we decided to make small elastic and water-repellent covers that can be purchased separately from the saddle.<br><br>
These protective covers (optional) are easy to adhere to the saddle and little bulky, if you find yourself having to leave the bike to the weather, just put the cover to be sure that your saddle will remain completely dry inside.<br><br>
The protective covers will also be very useful both to protect your new saddle from water, and to protect it from the sun and from all those external factors that can ruin the saddle.<br><br>
Each protective cover cost 20€ and can be purchased through our website or by sending an email to info@tappezzeriaitalia.it.<br><br>
<strong>NOTE - THOSE ARE SEAT COVERS NOT THE WHOLE SEAT. YOU NEED TO PUT THOSE SEAT COVERS ON YOUR EXISTING SEATS.</strong>","All the covers of Tappezzeria Italia, are made with 100% waterproof materials, the seams are heat-taped from the inside to prevent the infiltration of water, ensuring 80% waterproofing.

However, infiltration may occur if the saddle is exposed to rain for a long time or to high pressure washing. These events, although rare, are not due to a defect in the coating.

All our saddles are made with a very elaborate graphic design, this in favor of an attractive aesthetic and great visual impact, our lines, now appreciated all over the world, are the maximum expression of made in Italy saddlery.

Master craftsmen sew our covers with great passion to give the customer a product that is recognizable and of great quality.

Unfortunately, the more numerous the seams in the coatings and the greater the possibility that small infiltrations will occur.

It is important to understand that if we realized covers with few seams (like some of our competitors) we could guarantee a total waterproofness of the saddle.

Anyway, Tappezzeria Italia put customer satisfaction first and so we decided to make small elastic and water-repellent covers that can be purchased separately from the saddle.

These protective covers (optional) are easy to adhere to the saddle and little bulky, if you find yourself having to leave the bike to the weather, just put the cover to be sure that your saddle will remain completely dry inside.

The protective covers will also be very useful both to protect your new saddle from water, and to protect it from the sun and from all those external factors that can ruin the saddle.

Each protective cover cost 20€ and can be purchased through our website or by sending an email to info@tappezzeriaitalia.it.

NOTE - THOSE ARE SEAT COVERS NOT THE WHOLE SEAT. YOU NEED TO PUT THOSE SEAT COVERS ON YOUR EXISTING SEATS.",38500,,2026-07-26,active,Kawasaki,2000,g,Tappezzeria Elba 2 Seat Cover for Kawasaki Versys 650 | Mile 2…,"All the covers of Tappezzeria Italia, are made with 100% waterproof materials, the seams are heat-taped from the inside to prevent the infiltration of…",,Cleaned noise; brand verified,High,false,Motorcycle Accessories > Seats > Seat Covers,High,"Mapped from Shopify Type ""seat cover""",tappezzeria-elba-2-seat-cover-for-kawasaki-versys-650-1|Colour:Orange|price:38500.00|compare:|weight:2000|barcode:|qty:0 | tappezzeria-elba-2-seat-cover-for-kawasaki-versys-650-2|Colour:Silver|price:38500.00|compare:|weight:2000|barcode:|qty:0 | tappezzeria-elba-2-seat-cover-for-kawasaki-versys-650-3|Colour:White|price:38500.00|compare:|weight:2000|barcode:|qty:0 | tappezzeria-elba-2-seat-cover-for-kawasaki-versys-650-4|Colour:Grey|price:38500.00|compare:|weight:2000|barcode:|qty:0 | tappezzeria-elba-2-seat-cover-for-kawasaki-versys-650-5|Colour:Green|price:38500.00|compare:|weight:2000|barcode:|qty:0,"tappezzeria-elba-2-seat-cover-for-kawasaki-versys-650-1,tappezzeria-elba-2-seat-cover-for-kawasaki-versys-650-2,tappezzeria-elba-2-seat-cover-for-kawasaki-versys-650-3,tappezzeria-elba-2-seat-cover-for-kawasaki-versys-650-4,tappezzeria-elba-2-seat-cover-for-kawasaki-versys-650-5",5,https://cdn.shopify.com/s/files/1/0076/8301/4754/products/seat-cover-for-kawasaki-versys-650-07-21-elba-2-model.jpg?v=1651745786|pos:1|alt:Kawasaki Tappezzeria Elba 2 Seat Cover for Kawasaki Versys 650 – front view || https://cdn.shopify.com/s/files/1/0076/8301/4754/products/seat-cover-for-kawasaki-versys-650-07-21-elba-2-model_1.jpg?v=1651745784|pos:2|alt:Kawasaki Tappezzeria Elba 2 Seat Cover for Kawasaki Versys 650 – side view || https://cdn.shopify.com/s/files/1/0076/8301/4754/products/seat-cover-for-kawasaki-versys-650-07-21-elba-2-model_2.jpg?v=1651745785|pos:3|alt:Kawasaki Tappezzeria Elba 2 Seat Cover for Kawasaki Versys 650 – rear view || https://cdn.shopify.com/s/files/1/0076/8301/4754/products/seat-cover-for-kawasaki-versys-650-07-21-elba-2-model_3.jpg?v=1651745784|pos:4|alt:Kawasaki Tappezzeria Elba 2 Seat Cover for Kawasaki Versys 650 – detail view || https://cdn.shopify.com/s/files/1/0076/8301/4754/products/seat-cover-for-kawasaki-versys-650-07-21-elba-2-model_4.jpg?v=1651745786|pos:5|alt:Kawasaki Tappezzeria Elba 2 Seat Cover for Kawasaki Versys 650 – top view,5,Kawasaki Tappezzeria Elba 2 Seat Cover for Kawasaki Versys 650 – front view | Kawasaki Tappezzeria Elba 2 Seat Cover for Kawasaki Versys 650 – side view | Kawasaki Tappezzeria Elba 2 Seat Cover for Kawasaki Versys 650 – rear view | Kawasaki Tappezzeria Elba 2 Seat Cover for Kawasaki Versys 650 – detail view | Kawasaki Tappezzeria Elba 2 Seat Cover for Kawasaki Versys 650 – top view,,0,,,,,,,,,false,not_eligible,,0,false,/products/tappezzeria-elba-2-seat-cover-for-kawasaki-versys-650,/products/tappezzeria-elba-2-seat-cover-for-kawasaki-versys-650
tappezzeria-elba-total-black-seat-cover-for-kawasaki-versys-650,tappezzeria-elba-total-black-seat-cover-for-kawasaki-versys-650,Tappezzeria Elba Total Black Seat Cover for Kawasaki Versys 650,Tappezzeria Elba Total Black Seat Cover for Kawasaki Versys 650,tappezzeria-elba-total-black-seat-cover-for-kawasaki-versys-650,"All the covers of Tappezzeria Italia, are made with 100% waterproof materials, the seams are heat-taped from the inside to prevent the infiltration of water,… Available in multiple sizes and/or colours — select your variant.","All the covers of Tappezzeria Italia, are made with 100% waterproof materials, the seams are heat-taped from the inside to prevent the infiltration of water, ensuring 80% waterproofing.<br><br>
However, infiltration may occur if the saddle is exposed to rain for a long time or to high pressure washing. These events, although rare, are not due to a defect in the coating.<br><br>
All our saddles are made with a very elaborate graphic design, this in favor of an attractive aesthetic and great visual impact, our lines, now appreciated all over the world, are the maximum expression of made in Italy saddlery.<br><br>
Master craftsmen sew our covers with great passion to give the customer a product that is recognizable and of great quality.<br><br>
Unfortunately, the more numerous the seams in the coatings and the greater the possibility that small infiltrations will occur.<br><br>
It is important to understand that if we realized covers with few seams (like some of our competitors) we could guarantee a total waterproofness of the saddle.<br><br>
Anyway, Tappezzeria Italia put customer satisfaction first and so we decided to make small elastic and water-repellent covers that can be purchased separately from the saddle.<br><br>
These protective covers (optional) are easy to adhere to the saddle and little bulky, if you find yourself having to leave the bike to the weather, just put the cover to be sure that your saddle will remain completely dry inside.<br><br>
The protective covers will also be very useful both to protect your new saddle from water, and to protect it from the sun and from all those external factors that can ruin the saddle.<br><br>
Each protective cover cost 20€ and can be purchased through our website or by sending an email to info@tappezzeriaitalia.it.<br><br>
<strong>NOTE - THOSE ARE SEAT COVERS NOT THE WHOLE SEAT. YOU NEED TO PUT THOSE SEAT COVERS ON YOUR EXISTING SEATS.</strong>","All the covers of Tappezzeria Italia, are made with 100% waterproof materials, the seams are heat-taped from the inside to prevent the infiltration of water, ensuring 80% waterproofing.

However, infiltration may occur if the saddle is exposed to rain for a long time or to high pressure washing. These events, although rare, are not due to a defect in the coating.

All our saddles are made with a very elaborate graphic design, this in favor of an attractive aesthetic and great visual impact, our lines, now appreciated all over the world, are the maximum expression of made in Italy saddlery.

Master craftsmen sew our covers with great passion to give the customer a product that is recognizable and of great quality.

Unfortunately, the more numerous the seams in the coatings and the greater the possibility that small infiltrations will occur.

It is important to understand that if we realized covers with few seams (like some of our competitors) we could guarantee a total waterproofness of the saddle.

Anyway, Tappezzeria Italia put customer satisfaction first and so we decided to make small elastic and water-repellent covers that can be purchased separately from the saddle.

These protective covers (optional) are easy to adhere to the saddle and little bulky, if you find yourself having to leave the bike to the weather, just put the cover to be sure that your saddle will remain completely dry inside.

The protective covers will also be very useful both to protect your new saddle from water, and to protect it from the sun and from all those external factors that can ruin the saddle.

Each protective cover cost 20€ and can be purchased through our website or by sending an email to info@tappezzeriaitalia.it.

NOTE - THOSE ARE SEAT COVERS NOT THE WHOLE SEAT. YOU NEED TO PUT THOSE SEAT COVERS ON YOUR EXISTING SEATS.",38500,,2026-07-26,active,Kawasaki,2000,g,Tappezzeria Elba Total Black Seat Cover for Kawasaki Versys 65…,"All the covers of Tappezzeria Italia, are made with 100% waterproof materials, the seams are heat-taped from the inside to prevent the infiltration of…",,Cleaned noise; brand verified,High,false,Motorcycle Accessories > Seats > Seat Covers,High,"Mapped from Shopify Type ""seat cover""",tappezzeria-elba-total-black-seat-cover-for-kawasaki-versys-650-1|Colour:Orange|price:38500.00|compare:|weight:2000|barcode:|qty:0 | tappezzeria-elba-total-black-seat-cover-for-kawasaki-versys-650-2|Colour:White|price:38500.00|compare:|weight:2000|barcode:|qty:0 | tappezzeria-elba-total-black-seat-cover-for-kawasaki-versys-650-3|Colour:Grey|price:38500.00|compare:|weight:2000|barcode:|qty:0 | tappezzeria-elba-total-black-seat-cover-for-kawasaki-versys-650-4|Colour:Green|price:38500.00|compare:|weight:2000|barcode:|qty:0,"tappezzeria-elba-total-black-seat-cover-for-kawasaki-versys-650-1,tappezzeria-elba-total-black-seat-cover-for-kawasaki-versys-650-2,tappezzeria-elba-total-black-seat-cover-for-kawasaki-versys-650-3,tappezzeria-elba-total-black-seat-cover-for-kawasaki-versys-650-4",4,https://cdn.shopify.com/s/files/1/0076/8301/4754/products/seat-cover-for-kawasaki-versys-650-07-20-elba-total-black-model.jpg?v=1651745440|pos:1|alt:Kawasaki Tappezzeria Elba Total Black Seat Cover for Kawasaki Versys 650 – front view || https://cdn.shopify.com/s/files/1/0076/8301/4754/products/seat-cover-for-kawasaki-versys-650-07-20-elba-total-black-model_1.jpg?v=1651745441|pos:2|alt:Kawasaki Tappezzeria Elba Total Black Seat Cover for Kawasaki Versys 650 – side view || https://cdn.shopify.com/s/files/1/0076/8301/4754/products/seat-cover-for-kawasaki-versys-650-07-20-elba-total-black-model_2.jpg?v=1651745440|pos:3|alt:Kawasaki Tappezzeria Elba Total Black Seat Cover for Kawasaki Versys 650 – rear view || https://cdn.shopify.com/s/files/1/0076/8301/4754/products/seat-cover-for-kawasaki-versys-650-07-20-elba-total-black-model_3.jpg?v=1651745440|pos:4|alt:Kawasaki Tappezzeria Elba Total Black Seat Cover for Kawasaki Versys 650 – detail view,4,Kawasaki Tappezzeria Elba Total Black Seat Cover for Kawasaki Versys 650 – front view | Kawasaki Tappezzeria Elba Total Black Seat Cover for Kawasaki Versys 650 – side view | Kawasaki Tappezzeria Elba Total Black Seat Cover for Kawasaki Versys 650 – rear view | Kawasaki Tappezzeria Elba Total Black Seat Cover for Kawasaki Versys 650 – detail view,,0,,,,,,,,,false,not_eligible,,0,false,/products/tappezzeria-elba-total-black-seat-cover-for-kawasaki-versys-650,/products/tappezzeria-elba-total-black-seat-cover-for-kawasaki-versys-650
tappezzeria-elvas-comfort-system-seat-cover-for-kawasaki-versys-1000,tappezzeria-elvas-comfort-system-seat-cover-for-kawasaki-versys-1000,Tappezzeria Elvas Comfort System Seat Cover for Kawasaki Versys 1000,Tappezzeria Elvas Comfort System Seat Cover for Kawasaki Versys 1000,tappezzeria-elvas-comfort-system-seat-cover-for-kawasaki-versys-1000,"All the covers of Tappezzeria Italia, are made with 100% waterproof materials, the seams are heat-taped from the inside to prevent the infiltration of water,… Available in multiple sizes and/or colours — select your variant.","All the covers of Tappezzeria Italia, are made with 100% waterproof materials, the seams are heat-taped from the inside to prevent the infiltration of water, ensuring 80% waterproofing.<br><br>
However, infiltration may occur if the saddle is exposed to rain for a long time or to high pressure washing. These events, although rare, are not due to a defect in the coating.<br><br>
All our saddles are made with a very elaborate graphic design, this in favor of an attractive aesthetic and great visual impact, our lines, now appreciated all over the world, are the maximum expression of made in Italy saddlery.<br><br>
Master craftsmen sew our covers with great passion to give the customer a product that is recognizable and of great quality.<br><br>
Unfortunately, the more numerous the seams in the coatings and the greater the possibility that small infiltrations will occur.<br><br>
It is important to understand that if we realized covers with few seams (like some of our competitors) we could guarantee a total waterproofness of the saddle.<br><br>
Anyway, Tappezzeria Italia put customer satisfaction first and so we decided to make small elastic and water-repellent covers that can be purchased separately from the saddle.<br><br>
These protective covers (optional) are easy to adhere to the saddle and little bulky, if you find yourself having to leave the bike to the weather, just put the cover to be sure that your saddle will remain completely dry inside.<br><br>
The protective covers will also be very useful both to protect your new saddle from water, and to protect it from the sun and from all those external factors that can ruin the saddle.<br><br>
Each protective cover cost 20€ and can be purchased through our website or by sending an email to info@tappezzeriaitalia.it.<br><br>
<strong>NOTE - THOSE ARE SEAT COVERS NOT THE WHOLE SEAT. YOU NEED TO PUT THOSE SEAT COVERS ON YOUR EXISTING SEATS.</strong>","All the covers of Tappezzeria Italia, are made with 100% waterproof materials, the seams are heat-taped from the inside to prevent the infiltration of water, ensuring 80% waterproofing.

However, infiltration may occur if the saddle is exposed to rain for a long time or to high pressure washing. These events, although rare, are not due to a defect in the coating.

All our saddles are made with a very elaborate graphic design, this in favor of an attractive aesthetic and great visual impact, our lines, now appreciated all over the world, are the maximum expression of made in Italy saddlery.

Master craftsmen sew our covers with great passion to give the customer a product that is recognizable and of great quality.

Unfortunately, the more numerous the seams in the coatings and the greater the possibility that small infiltrations will occur.

It is important to understand that if we realized covers with few seams (like some of our competitors) we could guarantee a total waterproofness of the saddle.

Anyway, Tappezzeria Italia put customer satisfaction first and so we decided to make small elastic and water-repellent covers that can be purchased separately from the saddle.

These protective covers (optional) are easy to adhere to the saddle and little bulky, if you find yourself having to leave the bike to the weather, just put the cover to be sure that your saddle will remain completely dry inside.

The protective covers will also be very useful both to protect your new saddle from water, and to protect it from the sun and from all those external factors that can ruin the saddle.

Each protective cover cost 20€ and can be purchased through our website or by sending an email to info@tappezzeriaitalia.it.

NOTE - THOSE ARE SEAT COVERS NOT THE WHOLE SEAT. YOU NEED TO PUT THOSE SEAT COVERS ON YOUR EXISTING SEATS.",44000,,2026-07-26,active,Kawasaki,2000,g,Tappezzeria Elvas Comfort System Seat Cover for Kawasaki Versy…,"All the covers of Tappezzeria Italia, are made with 100% waterproof materials, the seams are heat-taped from the inside to prevent the infiltration of…",,Cleaned noise; brand verified,High,false,Motorcycle Accessories > Seats > Seat Covers,High,"Mapped from Shopify Type ""seat cover""",tappezzeria-elvas-comfort-system-seat-cover-for-kawasaki-versys-1000-1|Colour:Orange|price:44000.00|compare:|weight:2000|barcode:|qty:0 | tappezzeria-elvas-comfort-system-seat-cover-for-kawasaki-versys-1000-2|Colour:White|price:44000.00|compare:|weight:2000|barcode:|qty:0 | tappezzeria-elvas-comfort-system-seat-cover-for-kawasaki-versys-1000-3|Colour:Grey|price:44000.00|compare:|weight:2000|barcode:|qty:0 | tappezzeria-elvas-comfort-system-seat-cover-for-kawasaki-versys-1000-4|Colour:Green|price:44000.00|compare:|weight:2000|barcode:|qty:0 | tappezzeria-elvas-comfort-system-seat-cover-for-kawasaki-versys-1000-5|Colour:Red|price:44000.00|compare:|weight:2000|barcode:|qty:0,"tappezzeria-elvas-comfort-system-seat-cover-for-kawasaki-versys-1000-1,tappezzeria-elvas-comfort-system-seat-cover-for-kawasaki-versys-1000-2,tappezzeria-elvas-comfort-system-seat-cover-for-kawasaki-versys-1000-3,tappezzeria-elvas-comfort-system-seat-cover-for-kawasaki-versys-1000-4,tappezzeria-elvas-comfort-system-seat-cover-for-kawasaki-versys-1000-5",5,https://cdn.shopify.com/s/files/1/0076/8301/4754/products/seat-cover-for-kawasaki-versys-1000-19-21-elvas-comfort-system-model.jpg?v=1651744009|pos:1|alt:Kawasaki Tappezzeria Elvas Comfort System Seat Cover for Kawasaki Versys 1000 – front view || https://cdn.shopify.com/s/files/1/0076/8301/4754/products/seat-cover-for-kawasaki-versys-1000-19-21-elvas-comfort-system-model_1.jpg?v=1651744009|pos:2|alt:Kawasaki Tappezzeria Elvas Comfort System Seat Cover for Kawasaki Versys 1000 – side view || https://cdn.shopify.com/s/files/1/0076/8301/4754/products/seat-cover-for-kawasaki-versys-1000-19-21-elvas-comfort-system-model_2.jpg?v=1651744010|pos:3|alt:Kawasaki Tappezzeria Elvas Comfort System Seat Cover for Kawasaki Versys 1000 – rear view || https://cdn.shopify.com/s/files/1/0076/8301/4754/products/seat-cover-for-kawasaki-versys-1000-19-21-elvas-comfort-system-model_3.jpg?v=1651744009|pos:4|alt:Kawasaki Tappezzeria Elvas Comfort System Seat Cover for Kawasaki Versys 1000 – detail view || https://cdn.shopify.com/s/files/1/0076/8301/4754/products/seat-cover-for-kawasaki-versys-1000-19-21-elvas-comfort-system-model_4.jpg?v=1651744010|pos:5|alt:Kawasaki Tappezzeria Elvas Comfort System Seat Cover for Kawasaki Versys 1000 – top view || https://cdn.shopify.com/s/files/1/0076/8301/4754/products/seat-cover-for-kawasaki-versys-1000-19-21-elvas-comfort-system-model_5.jpg?v=1651744009|pos:6|alt:Kawasaki Tappezzeria Elvas Comfort System Seat Cover for Kawasaki Versys 1000 – product view,6,Kawasaki Tappezzeria Elvas Comfort System Seat Cover for Kawasaki Versys 1000 – front view | Kawasaki Tappezzeria Elvas Comfort System Seat Cover for Kawasaki Versys 1000 – side view | Kawasaki Tappezzeria Elvas Comfort System Seat Cover for Kawasaki Versys 1000 – rear view | Kawasaki Tappezzeria Elvas Comfort System Seat Cover for Kawasaki Versys 1000 – detail view | Kawasaki Tappezzeria Elvas Comfort System Seat Cover for Kawasaki Versys 1000 – top view | Kawasaki Tappezzeria Elvas Comfort System Seat Cover for Kawasaki Versys 1000 – product view,,0,,,,,,,,,false,not_eligible,,0,false,/products/tappezzeria-elvas-comfort-system-seat-cover-for-kawasaki-versys-1000,/products/tappezzeria-elvas-comfort-system-seat-cover-for-kawasaki-versys-1000
tappezzeria-malay-1-comfort-system-seat-cover-for-kawasaki-versys-1000,tappezzeria-malay-1-comfort-system-seat-cover-for-kawasaki-versys-1000,Tappezzeria Malay 1 Comfort System Seat Cover for Kawasaki Versys 1000,Tappezzeria Malay 1 Comfort System Seat Cover for Kawasaki Versys 1000,tappezzeria-malay-1-comfort-system-seat-cover-for-kawasaki-versys-1000,"All the covers of Tappezzeria Italia, are made with 100% waterproof materials, the seams are heat-taped from the inside to prevent the infiltration of water,… Available in multiple sizes and/or colours — select your variant.","All the covers of Tappezzeria Italia, are made with 100% waterproof materials, the seams are heat-taped from the inside to prevent the infiltration of water, ensuring 80% waterproofing.<br><br>
However, infiltration may occur if the saddle is exposed to rain for a long time or to high pressure washing. These events, although rare, are not due to a defect in the coating.<br><br>
All our saddles are made with a very elaborate graphic design, this in favor of an attractive aesthetic and great visual impact, our lines, now appreciated all over the world, are the maximum expression of made in Italy saddlery.<br><br>
Master craftsmen sew our covers with great passion to give the customer a product that is recognizable and of great quality.<br><br>
Unfortunately, the more numerous the seams in the coatings and the greater the possibility that small infiltrations will occur.<br><br>
It is important to understand that if we realized covers with few seams (like some of our competitors) we could guarantee a total waterproofness of the saddle.<br><br>
Anyway, Tappezzeria Italia put customer satisfaction first and so we decided to make small elastic and water-repellent covers that can be purchased separately from the saddle.<br><br>
These protective covers (optional) are easy to adhere to the saddle and little bulky, if you find yourself having to leave the bike to the weather, just put the cover to be sure that your saddle will remain completely dry inside.<br><br>
The protective covers will also be very useful both to protect your new saddle from water, and to protect it from the sun and from all those external factors that can ruin the saddle.<br><br>
Each protective cover cost 20€ and can be purchased through our website or by sending an email to info@tappezzeriaitalia.it.<br><br>
<strong>NOTE - THOSE ARE SEAT COVERS NOT THE WHOLE SEAT. YOU NEED TO PUT THOSE SEAT COVERS ON YOUR EXISTING SEATS.</strong>","All the covers of Tappezzeria Italia, are made with 100% waterproof materials, the seams are heat-taped from the inside to prevent the infiltration of water, ensuring 80% waterproofing.

However, infiltration may occur if the saddle is exposed to rain for a long time or to high pressure washing. These events, although rare, are not due to a defect in the coating.

All our saddles are made with a very elaborate graphic design, this in favor of an attractive aesthetic and great visual impact, our lines, now appreciated all over the world, are the maximum expression of made in Italy saddlery.

Master craftsmen sew our covers with great passion to give the customer a product that is recognizable and of great quality.

Unfortunately, the more numerous the seams in the coatings and the greater the possibility that small infiltrations will occur.

It is important to understand that if we realized covers with few seams (like some of our competitors) we could guarantee a total waterproofness of the saddle.

Anyway, Tappezzeria Italia put customer satisfaction first and so we decided to make small elastic and water-repellent covers that can be purchased separately from the saddle.

These protective covers (optional) are easy to adhere to the saddle and little bulky, if you find yourself having to leave the bike to the weather, just put the cover to be sure that your saddle will remain completely dry inside.

The protective covers will also be very useful both to protect your new saddle from water, and to protect it from the sun and from all those external factors that can ruin the saddle.

Each protective cover cost 20€ and can be purchased through our website or by sending an email to info@tappezzeriaitalia.it.

NOTE - THOSE ARE SEAT COVERS NOT THE WHOLE SEAT. YOU NEED TO PUT THOSE SEAT COVERS ON YOUR EXISTING SEATS.",44000,,2026-07-26,active,Kawasaki,2000,g,Tappezzeria Malay 1 Comfort System Seat Cover for Kawasaki Ver…,"All the covers of Tappezzeria Italia, are made with 100% waterproof materials, the seams are heat-taped from the inside to prevent the infiltration of…",,Cleaned noise; brand verified,High,false,Motorcycle Accessories > Seats > Seat Covers,High,"Mapped from Shopify Type ""seat cover""",tappezzeria-malay-1-comfort-system-seat-cover-for-kawasaki-versys-1000-1|Colour:Orange|price:44000.00|compare:|weight:2000|barcode:|qty:0 | tappezzeria-malay-1-comfort-system-seat-cover-for-kawasaki-versys-1000-2|Colour:White|price:44000.00|compare:|weight:2000|barcode:|qty:0 | tappezzeria-malay-1-comfort-system-seat-cover-for-kawasaki-versys-1000-3|Colour:Grey|price:44000.00|compare:|weight:2000|barcode:|qty:0 | tappezzeria-malay-1-comfort-system-seat-cover-for-kawasaki-versys-1000-4|Colour:Green|price:44000.00|compare:|weight:2000|barcode:|qty:0,"tappezzeria-malay-1-comfort-system-seat-cover-for-kawasaki-versys-1000-1,tappezzeria-malay-1-comfort-system-seat-cover-for-kawasaki-versys-1000-2,tappezzeria-malay-1-comfort-system-seat-cover-for-kawasaki-versys-1000-3,tappezzeria-malay-1-comfort-system-seat-cover-for-kawasaki-versys-1000-4",4,https://cdn.shopify.com/s/files/1/0076/8301/4754/products/seat-cover-for-kawasaki-versys-1000-19-21-malay-1-comfort-system-model.jpg?v=1651743188|pos:1|alt:Kawasaki Tappezzeria Malay 1 Comfort System Seat Cover for Kawasaki Versys 1000 – front view || https://cdn.shopify.com/s/files/1/0076/8301/4754/products/seat-cover-for-kawasaki-versys-1000-19-21-malay-1-comfort-system-model_1.jpg?v=1651743189|pos:2|alt:Kawasaki Tappezzeria Malay 1 Comfort System Seat Cover for Kawasaki Versys 1000 – side view || https://cdn.shopify.com/s/files/1/0076/8301/4754/products/seat-cover-for-kawasaki-versys-1000-19-21-malay-1-comfort-system-model_2.jpg?v=1651743189|pos:3|alt:Kawasaki Tappezzeria Malay 1 Comfort System Seat Cover for Kawasaki Versys 1000 – rear view || https://cdn.shopify.com/s/files/1/0076/8301/4754/products/seat-cover-for-kawasaki-versys-1000-19-21-malay-1-comfort-system-model_3.jpg?v=1651743189|pos:4|alt:Kawasaki Tappezzeria Malay 1 Comfort System Seat Cover for Kawasaki Versys 1000 – detail view,4,Kawasaki Tappezzeria Malay 1 Comfort System Seat Cover for Kawasaki Versys 1000 – front view | Kawasaki Tappezzeria Malay 1 Comfort System Seat Cover for Kawasaki Versys 1000 – side view | Kawasaki Tappezzeria Malay 1 Comfort System Seat Cover for Kawasaki Versys 1000 – rear view | Kawasaki Tappezzeria Malay 1 Comfort System Seat Cover for Kawasaki Versys 1000 – detail view,,0,,,,,,,,,false,not_eligible,,0,false,/products/tappezzeria-malay-1-comfort-system-seat-cover-for-kawasaki-versys-1000,/products/tappezzeria-malay-1-comfort-system-seat-cover-for-kawasaki-versys-1000
tappezzeria-malay-total-black-comfort-system-seat-cover-for-kawasaki-versys-1000,tappezzeria-malay-total-black-comfort-system-seat-cover-for-kawasaki-versys-1000,Tappezzeria Malay Total Black Comfort System Seat Cover for Kawasaki Versys 1000,Tappezzeria Malay Total Black Comfort System Seat Cover for Kawasaki Versys 1000,tappezzeria-malay-total-black-comfort-system-seat-cover-for-kawasaki-versys-1000,"All the covers of Tappezzeria Italia, are made with 100% waterproof materials, the seams are heat-taped from the inside to prevent the infiltration of water,… Available in multiple sizes and/or colours — select your variant.","All the covers of Tappezzeria Italia, are made with 100% waterproof materials, the seams are heat-taped from the inside to prevent the infiltration of water, ensuring 80% waterproofing.<br><br>
However, infiltration may occur if the saddle is exposed to rain for a long time or to high pressure washing. These events, although rare, are not due to a defect in the coating.<br><br>
All our saddles are made with a very elaborate graphic design, this in favor of an attractive aesthetic and great visual impact, our lines, now appreciated all over the world, are the maximum expression of made in Italy saddlery.<br><br>
Master craftsmen sew our covers with great passion to give the customer a product that is recognizable and of great quality.<br><br>
Unfortunately, the more numerous the seams in the coatings and the greater the possibility that small infiltrations will occur.<br><br>
It is important to understand that if we realized covers with few seams (like some of our competitors) we could guarantee a total waterproofness of the saddle.<br><br>
Anyway, Tappezzeria Italia put customer satisfaction first and so we decided to make small elastic and water-repellent covers that can be purchased separately from the saddle.<br><br>
These protective covers (optional) are easy to adhere to the saddle and little bulky, if you find yourself having to leave the bike to the weather, just put the cover to be sure that your saddle will remain completely dry inside.<br><br>
The protective covers will also be very useful both to protect your new saddle from water, and to protect it from the sun and from all those external factors that can ruin the saddle.<br><br>
Each protective cover cost 20€ and can be purchased through our website or by sending an email to info@tappezzeriaitalia.it.<br><br>
<strong>NOTE - THOSE ARE SEAT COVERS NOT THE WHOLE SEAT. YOU NEED TO PUT THOSE SEAT COVERS ON YOUR EXISTING SEATS.</strong>","All the covers of Tappezzeria Italia, are made with 100% waterproof materials, the seams are heat-taped from the inside to prevent the infiltration of water, ensuring 80% waterproofing.

However, infiltration may occur if the saddle is exposed to rain for a long time or to high pressure washing. These events, although rare, are not due to a defect in the coating.

All our saddles are made with a very elaborate graphic design, this in favor of an attractive aesthetic and great visual impact, our lines, now appreciated all over the world, are the maximum expression of made in Italy saddlery.

Master craftsmen sew our covers with great passion to give the customer a product that is recognizable and of great quality.

Unfortunately, the more numerous the seams in the coatings and the greater the possibility that small infiltrations will occur.

It is important to understand that if we realized covers with few seams (like some of our competitors) we could guarantee a total waterproofness of the saddle.

Anyway, Tappezzeria Italia put customer satisfaction first and so we decided to make small elastic and water-repellent covers that can be purchased separately from the saddle.

These protective covers (optional) are easy to adhere to the saddle and little bulky, if you find yourself having to leave the bike to the weather, just put the cover to be sure that your saddle will remain completely dry inside.

The protective covers will also be very useful both to protect your new saddle from water, and to protect it from the sun and from all those external factors that can ruin the saddle.

Each protective cover cost 20€ and can be purchased through our website or by sending an email to info@tappezzeriaitalia.it.

NOTE - THOSE ARE SEAT COVERS NOT THE WHOLE SEAT. YOU NEED TO PUT THOSE SEAT COVERS ON YOUR EXISTING SEATS.",44000,,2026-07-26,active,Kawasaki,2000,g,Tappezzeria Malay Total Black Comfort System Seat Cover for Ka…,"All the covers of Tappezzeria Italia, are made with 100% waterproof materials, the seams are heat-taped from the inside to prevent the infiltration of…",,Cleaned noise; brand verified,High,false,Motorcycle Accessories > Seats > Seat Covers,High,"Mapped from Shopify Type ""seat cover""",tappezzeria-malay-total-black-comfort-system-seat-cover-for-kawasaki-versys-1000-1|Colour:Orange|price:44000.00|compare:|weight:2000|barcode:|qty:0 | tappezzeria-malay-total-black-comfort-system-seat-cover-for-kawasaki-versys-1000-2|Colour:White|price:44000.00|compare:|weight:2000|barcode:|qty:0 | tappezzeria-malay-total-black-comfort-system-seat-cover-for-kawasaki-versys-1000-3|Colour:Grey|price:44000.00|compare:|weight:2000|barcode:|qty:0 | tappezzeria-malay-total-black-comfort-system-seat-cover-for-kawasaki-versys-1000-4|Colour:Green|price:44000.00|compare:|weight:2000|barcode:|qty:0,"tappezzeria-malay-total-black-comfort-system-seat-cover-for-kawasaki-versys-1000-1,tappezzeria-malay-total-black-comfort-system-seat-cover-for-kawasaki-versys-1000-2,tappezzeria-malay-total-black-comfort-system-seat-cover-for-kawasaki-versys-1000-3,tappezzeria-malay-total-black-comfort-system-seat-cover-for-kawasaki-versys-1000-4",4,https://cdn.shopify.com/s/files/1/0076/8301/4754/products/seat-cover-for-kawasaki-versys-1000-11-18-malay-total-black-comfort-system-model.jpg?v=1651742911|pos:1|alt:Kawasaki Tappezzeria Malay Total Black Comfort System Seat Cover for Kawasaki Versys 1000 – front view || https://cdn.shopify.com/s/files/1/0076/8301/4754/products/seat-cover-for-kawasaki-versys-1000-11-18-malay-total-black-comfort-system-model_1.jpg?v=1651742911|pos:2|alt:Kawasaki Tappezzeria Malay Total Black Comfort System Seat Cover for Kawasaki Versys 1000 – side view || https://cdn.shopify.com/s/files/1/0076/8301/4754/products/seat-cover-for-kawasaki-versys-1000-11-18-malay-total-black-comfort-system-model_2.jpg?v=1651742910|pos:3|alt:Kawasaki Tappezzeria Malay Total Black Comfort System Seat Cover for Kawasaki Versys 1000 – rear view || https://cdn.shopify.com/s/files/1/0076/8301/4754/products/seat-cover-for-kawasaki-versys-1000-11-18-malay-total-black-comfort-system-model_3.jpg?v=1651742911|pos:4|alt:Kawasaki Tappezzeria Malay Total Black Comfort System Seat Cover for Kawasaki Versys 1000 – detail view,4,Kawasaki Tappezzeria Malay Total Black Comfort System Seat Cover for Kawasaki Versys 1000 – front view | Kawasaki Tappezzeria Malay Total Black Comfort System Seat Cover for Kawasaki Versys 1000 – side view | Kawasaki Tappezzeria Malay Total Black Comfort System Seat Cover for Kawasaki Versys 1000 – rear view | Kawasaki Tappezzeria Malay Total Black Comfort System Seat Cover for Kawasaki Versys 1000 – detail view,,0,,,,,,,,,false,not_eligible,,0,false,/products/tappezzeria-malay-total-black-comfort-system-seat-cover-for-kawasaki-versys-1000,/products/tappezzeria-malay-total-black-comfort-system-seat-cover-for-kawasaki-versys-1000
tappezzeria-kalibo-1-seat-cover-for-kawasaki-versys-1000,tappezzeria-kalibo-1-seat-cover-for-kawasaki-versys-1000,Tappezzeria Kalibo 1 Seat Cover for Kawasaki Versys 1000,Tappezzeria Kalibo 1 Seat Cover for Kawasaki Versys 1000,tappezzeria-kalibo-1-seat-cover-for-kawasaki-versys-1000,"All the covers of Tappezzeria Italia, are made with 100% waterproof materials, the seams are heat-taped from the inside to prevent the infiltration of water,… Available in multiple sizes and/or colours — select your variant.","All the covers of Tappezzeria Italia, are made with 100% waterproof materials, the seams are heat-taped from the inside to prevent the infiltration of water, ensuring 80% waterproofing.<br><br>
However, infiltration may occur if the saddle is exposed to rain for a long time or to high pressure washing. These events, although rare, are not due to a defect in the coating.<br><br>
All our saddles are made with a very elaborate graphic design, this in favor of an attractive aesthetic and great visual impact, our lines, now appreciated all over the world, are the maximum expression of made in Italy saddlery.<br><br>
Master craftsmen sew our covers with great passion to give the customer a product that is recognizable and of great quality.<br><br>
Unfortunately, the more numerous the seams in the coatings and the greater the possibility that small infiltrations will occur.<br><br>
It is important to understand that if we realized covers with few seams (like some of our competitors) we could guarantee a total waterproofness of the saddle.<br><br>
Anyway, Tappezzeria Italia put customer satisfaction first and so we decided to make small elastic and water-repellent covers that can be purchased separately from the saddle.<br><br>
These protective covers (optional) are easy to adhere to the saddle and little bulky, if you find yourself having to leave the bike to the weather, just put the cover to be sure that your saddle will remain completely dry inside.<br><br>
The protective covers will also be very useful both to protect your new saddle from water, and to protect it from the sun and from all those external factors that can ruin the saddle.<br><br>
Each protective cover cost 20€ and can be purchased through our website or by sending an email to info@tappezzeriaitalia.it.<br><br>
<strong>NOTE - THOSE ARE SEAT COVERS NOT THE WHOLE SEAT. YOU NEED TO PUT THOSE SEAT COVERS ON YOUR EXISTING SEATS.</strong>","All the covers of Tappezzeria Italia, are made with 100% waterproof materials, the seams are heat-taped from the inside to prevent the infiltration of water, ensuring 80% waterproofing.

However, infiltration may occur if the saddle is exposed to rain for a long time or to high pressure washing. These events, although rare, are not due to a defect in the coating.

All our saddles are made with a very elaborate graphic design, this in favor of an attractive aesthetic and great visual impact, our lines, now appreciated all over the world, are the maximum expression of made in Italy saddlery.

Master craftsmen sew our covers with great passion to give the customer a product that is recognizable and of great quality.

Unfortunately, the more numerous the seams in the coatings and the greater the possibility that small infiltrations will occur.

It is important to understand that if we realized covers with few seams (like some of our competitors) we could guarantee a total waterproofness of the saddle.

Anyway, Tappezzeria Italia put customer satisfaction first and so we decided to make small elastic and water-repellent covers that can be purchased separately from the saddle.

These protective covers (optional) are easy to adhere to the saddle and little bulky, if you find yourself having to leave the bike to the weather, just put the cover to be sure that your saddle will remain completely dry inside.

The protective covers will also be very useful both to protect your new saddle from water, and to protect it from the sun and from all those external factors that can ruin the saddle.

Each protective cover cost 20€ and can be purchased through our website or by sending an email to info@tappezzeriaitalia.it.

NOTE - THOSE ARE SEAT COVERS NOT THE WHOLE SEAT. YOU NEED TO PUT THOSE SEAT COVERS ON YOUR EXISTING SEATS.",39000,,2026-07-26,active,Kawasaki,2000,g,Tappezzeria Kalibo 1 Seat Cover for Kawasaki Versys 1000 | Mil…,"All the covers of Tappezzeria Italia, are made with 100% waterproof materials, the seams are heat-taped from the inside to prevent the infiltration of…",,Cleaned noise; brand verified,High,false,Motorcycle Accessories > Seats > Seat Covers,High,"Mapped from Shopify Type ""seat cover""",tappezzeria-kalibo-1-seat-cover-for-kawasaki-versys-1000-1|Colour:Orange|price:39000.00|compare:|weight:2000|barcode:|qty:0 | tappezzeria-kalibo-1-seat-cover-for-kawasaki-versys-1000-2|Colour:White|price:39000.00|compare:|weight:2000|barcode:|qty:0 | tappezzeria-kalibo-1-seat-cover-for-kawasaki-versys-1000-3|Colour:Grey|price:39000.00|compare:|weight:2000|barcode:|qty:0 | tappezzeria-kalibo-1-seat-cover-for-kawasaki-versys-1000-4|Colour:Green|price:39000.00|compare:|weight:2000|barcode:|qty:0,"tappezzeria-kalibo-1-seat-cover-for-kawasaki-versys-1000-1,tappezzeria-kalibo-1-seat-cover-for-kawasaki-versys-1000-2,tappezzeria-kalibo-1-seat-cover-for-kawasaki-versys-1000-3,tappezzeria-kalibo-1-seat-cover-for-kawasaki-versys-1000-4",4,https://cdn.shopify.com/s/files/1/0076/8301/4754/products/seat-cover-for-kawasaki-versys-1000-19-21-kalibo-1-model.jpg?v=1651742501|pos:1|alt:Kawasaki Tappezzeria Kalibo 1 Seat Cover for Kawasaki Versys 1000 – front view || https://cdn.shopify.com/s/files/1/0076/8301/4754/products/seat-cover-for-kawasaki-versys-1000-19-21-kalibo-1-model_1.jpg?v=1651742501|pos:2|alt:Kawasaki Tappezzeria Kalibo 1 Seat Cover for Kawasaki Versys 1000 – side view || https://cdn.shopify.com/s/files/1/0076/8301/4754/products/seat-cover-for-kawasaki-versys-1000-19-21-kalibo-1-model_2.jpg?v=1651742501|pos:3|alt:Kawasaki Tappezzeria Kalibo 1 Seat Cover for Kawasaki Versys 1000 – rear view || https://cdn.shopify.com/s/files/1/0076/8301/4754/products/seat-cover-for-kawasaki-versys-1000-19-21-kalibo-1-model_3.jpg?v=1651742500|pos:4|alt:Kawasaki Tappezzeria Kalibo 1 Seat Cover for Kawasaki Versys 1000 – detail view,4,Kawasaki Tappezzeria Kalibo 1 Seat Cover for Kawasaki Versys 1000 – front view | Kawasaki Tappezzeria Kalibo 1 Seat Cover for Kawasaki Versys 1000 – side view | Kawasaki Tappezzeria Kalibo 1 Seat Cover for Kawasaki Versys 1000 – rear view | Kawasaki Tappezzeria Kalibo 1 Seat Cover for Kawasaki Versys 1000 – detail view,,0,,,,,,,,,false,not_eligible,,0,false,/products/tappezzeria-kalibo-1-seat-cover-for-kawasaki-versys-1000,/products/tappezzeria-kalibo-1-seat-cover-for-kawasaki-versys-1000
tappezzeria-kalibo-total-black-seat-cover-for-kawasaki-versys-1000,tappezzeria-kalibo-total-black-seat-cover-for-kawasaki-versys-1000,Tappezzeria Kalibo Total Black Seat Cover for Kawasaki Versys 1000,Tappezzeria Kalibo Total Black Seat Cover for Kawasaki Versys 1000,tappezzeria-kalibo-total-black-seat-cover-for-kawasaki-versys-1000,"All the covers of Tappezzeria Italia, are made with 100% waterproof materials, the seams are heat-taped from the inside to prevent the infiltration of water,… Available in multiple sizes and/or colours — select your variant.","All the covers of Tappezzeria Italia, are made with 100% waterproof materials, the seams are heat-taped from the inside to prevent the infiltration of water, ensuring 80% waterproofing.<br><br>
However, infiltration may occur if the saddle is exposed to rain for a long time or to high pressure washing. These events, although rare, are not due to a defect in the coating.<br><br>
All our saddles are made with a very elaborate graphic design, this in favor of an attractive aesthetic and great visual impact, our lines, now appreciated all over the world, are the maximum expression of made in Italy saddlery.<br><br>
Master craftsmen sew our covers with great passion to give the customer a product that is recognizable and of great quality.<br><br>
Unfortunately, the more numerous the seams in the coatings and the greater the possibility that small infiltrations will occur.<br><br>
It is important to understand that if we realized covers with few seams (like some of our competitors) we could guarantee a total waterproofness of the saddle.<br><br>
Anyway, Tappezzeria Italia put customer satisfaction first and so we decided to make small elastic and water-repellent covers that can be purchased separately from the saddle.<br><br>
These protective covers (optional) are easy to adhere to the saddle and little bulky, if you find yourself having to leave the bike to the weather, just put the cover to be sure that your saddle will remain completely dry inside.<br><br>
The protective covers will also be very useful both to protect your new saddle from water, and to protect it from the sun and from all those external factors that can ruin the saddle.<br><br>
Each protective cover cost 20€ and can be purchased through our website or by sending an email to info@tappezzeriaitalia.it.<br><br>
<strong>NOTE - THOSE ARE SEAT COVERS NOT THE WHOLE SEAT. YOU NEED TO PUT THOSE SEAT COVERS ON YOUR EXISTING SEATS.</strong>","All the covers of Tappezzeria Italia, are made with 100% waterproof materials, the seams are heat-taped from the inside to prevent the infiltration of water, ensuring 80% waterproofing.

However, infiltration may occur if the saddle is exposed to rain for a long time or to high pressure washing. These events, although rare, are not due to a defect in the coating.

All our saddles are made with a very elaborate graphic design, this in favor of an attractive aesthetic and great visual impact, our lines, now appreciated all over the world, are the maximum expression of made in Italy saddlery.

Master craftsmen sew our covers with great passion to give the customer a product that is recognizable and of great quality.

Unfortunately, the more numerous the seams in the coatings and the greater the possibility that small infiltrations will occur.

It is important to understand that if we realized covers with few seams (like some of our competitors) we could guarantee a total waterproofness of the saddle.

Anyway, Tappezzeria Italia put customer satisfaction first and so we decided to make small elastic and water-repellent covers that can be purchased separately from the saddle.

These protective covers (optional) are easy to adhere to the saddle and little bulky, if you find yourself having to leave the bike to the weather, just put the cover to be sure that your saddle will remain completely dry inside.

The protective covers will also be very useful both to protect your new saddle from water, and to protect it from the sun and from all those external factors that can ruin the saddle.

Each protective cover cost 20€ and can be purchased through our website or by sending an email to info@tappezzeriaitalia.it.

NOTE - THOSE ARE SEAT COVERS NOT THE WHOLE SEAT. YOU NEED TO PUT THOSE SEAT COVERS ON YOUR EXISTING SEATS.",39000,,2026-07-26,active,Kawasaki,2000,g,Tappezzeria Kalibo Total Black Seat Cover for Kawasaki Versys …,"All the covers of Tappezzeria Italia, are made with 100% waterproof materials, the seams are heat-taped from the inside to prevent the infiltration of…",,Cleaned noise; brand verified,High,false,Motorcycle Accessories > Seats > Seat Covers,High,"Mapped from Shopify Type ""seat cover""",tappezzeria-kalibo-total-black-seat-cover-for-kawasaki-versys-1000-1|Colour:Orange|price:39000.00|compare:|weight:2000|barcode:|qty:0 | tappezzeria-kalibo-total-black-seat-cover-for-kawasaki-versys-1000-2|Colour:White|price:39000.00|compare:|weight:2000|barcode:|qty:0 | tappezzeria-kalibo-total-black-seat-cover-for-kawasaki-versys-1000-3|Colour:Grey|price:39000.00|compare:|weight:2000|barcode:|qty:0 | tappezzeria-kalibo-total-black-seat-cover-for-kawasaki-versys-1000-4|Colour:Green|price:39000.00|compare:|weight:2000|barcode:|qty:0,"tappezzeria-kalibo-total-black-seat-cover-for-kawasaki-versys-1000-1,tappezzeria-kalibo-total-black-seat-cover-for-kawasaki-versys-1000-2,tappezzeria-kalibo-total-black-seat-cover-for-kawasaki-versys-1000-3,tappezzeria-kalibo-total-black-seat-cover-for-kawasaki-versys-1000-4",4,https://cdn.shopify.com/s/files/1/0076/8301/4754/products/seat-cover-for-kawasaki-versys-1000-19-21-kalibo-total-black-model.jpg?v=1651742070|pos:1|alt:Kawasaki Tappezzeria Kalibo Total Black Seat Cover for Kawasaki Versys 1000 – front view || https://cdn.shopify.com/s/files/1/0076/8301/4754/products/seat-cover-for-kawasaki-versys-1000-19-21-kalibo-total-black-model_1.jpg?v=1651742070|pos:2|alt:Kawasaki Tappezzeria Kalibo Total Black Seat Cover for Kawasaki Versys 1000 – side view || https://cdn.shopify.com/s/files/1/0076/8301/4754/products/seat-cover-for-kawasaki-versys-1000-19-21-kalibo-total-black-model_2.jpg?v=1651742070|pos:3|alt:Kawasaki Tappezzeria Kalibo Total Black Seat Cover for Kawasaki Versys 1000 – rear view || https://cdn.shopify.com/s/files/1/0076/8301/4754/products/seat-cover-for-kawasaki-versys-1000-19-21-kalibo-total-black-model_3.jpg?v=1651742071|pos:4|alt:Kawasaki Tappezzeria Kalibo Total Black Seat Cover for Kawasaki Versys 1000 – detail view,4,Kawasaki Tappezzeria Kalibo Total Black Seat Cover for Kawasaki Versys 1000 – front view | Kawasaki Tappezzeria Kalibo Total Black Seat Cover for Kawasaki Versys 1000 – side view | Kawasaki Tappezzeria Kalibo Total Black Seat Cover for Kawasaki Versys 1000 – rear view | Kawasaki Tappezzeria Kalibo Total Black Seat Cover for Kawasaki Versys 1000 – detail view,,0,,,,,,,,,false,not_eligible,,0,false,/products/tappezzeria-kalibo-total-black-seat-cover-for-kawasaki-versys-1000,/products/tappezzeria-kalibo-total-black-seat-cover-for-kawasaki-versys-1000
tappezzeria-elvas-seat-cover-for-kawasaki-versys-1000,tappezzeria-elvas-seat-cover-for-kawasaki-versys-1000,Tappezzeria Elvas Seat Cover for Kawasaki Versys 1000,Tappezzeria Elvas Seat Cover for Kawasaki Versys 1000,tappezzeria-elvas-seat-cover-for-kawasaki-versys-1000,"All the covers of Tappezzeria Italia, are made with 100% waterproof materials, the seams are heat-taped from the inside to prevent the infiltration of water,… Available in multiple sizes and/or colours — select your variant.","All the covers of Tappezzeria Italia, are made with 100% waterproof materials, the seams are heat-taped from the inside to prevent the infiltration of water, ensuring 80% waterproofing.<br><br>
However, infiltration may occur if the saddle is exposed to rain for a long time or to high pressure washing. These events, although rare, are not due to a defect in the coating.<br><br>
All our saddles are made with a very elaborate graphic design, this in favor of an attractive aesthetic and great visual impact, our lines, now appreciated all over the world, are the maximum expression of made in Italy saddlery.<br><br>
Master craftsmen sew our covers with great passion to give the customer a product that is recognizable and of great quality.<br><br>
Unfortunately, the more numerous the seams in the coatings and the greater the possibility that small infiltrations will occur.<br><br>
It is important to understand that if we realized covers with few seams (like some of our competitors) we could guarantee a total waterproofness of the saddle.<br><br>
Anyway, Tappezzeria Italia put customer satisfaction first and so we decided to make small elastic and water-repellent covers that can be purchased separately from the saddle.<br><br>
These protective covers (optional) are easy to adhere to the saddle and little bulky, if you find yourself having to leave the bike to the weather, just put the cover to be sure that your saddle will remain completely dry inside.<br><br>
The protective covers will also be very useful both to protect your new saddle from water, and to protect it from the sun and from all those external factors that can ruin the saddle.<br><br>
Each protective cover cost 20€ and can be purchased through our website or by sending an email to info@tappezzeriaitalia.it.<br><br>
<strong>NOTE - THOSE ARE SEAT COVERS NOT THE WHOLE SEAT. YOU NEED TO PUT THOSE SEAT COVERS ON YOUR EXISTING SEATS.</strong>","All the covers of Tappezzeria Italia, are made with 100% waterproof materials, the seams are heat-taped from the inside to prevent the infiltration of water, ensuring 80% waterproofing.

However, infiltration may occur if the saddle is exposed to rain for a long time or to high pressure washing. These events, although rare, are not due to a defect in the coating.

All our saddles are made with a very elaborate graphic design, this in favor of an attractive aesthetic and great visual impact, our lines, now appreciated all over the world, are the maximum expression of made in Italy saddlery.

Master craftsmen sew our covers with great passion to give the customer a product that is recognizable and of great quality.

Unfortunately, the more numerous the seams in the coatings and the greater the possibility that small infiltrations will occur.

It is important to understand that if we realized covers with few seams (like some of our competitors) we could guarantee a total waterproofness of the saddle.

Anyway, Tappezzeria Italia put customer satisfaction first and so we decided to make small elastic and water-repellent covers that can be purchased separately from the saddle.

These protective covers (optional) are easy to adhere to the saddle and little bulky, if you find yourself having to leave the bike to the weather, just put the cover to be sure that your saddle will remain completely dry inside.

The protective covers will also be very useful both to protect your new saddle from water, and to protect it from the sun and from all those external factors that can ruin the saddle.

Each protective cover cost 20€ and can be purchased through our website or by sending an email to info@tappezzeriaitalia.it.

NOTE - THOSE ARE SEAT COVERS NOT THE WHOLE SEAT. YOU NEED TO PUT THOSE SEAT COVERS ON YOUR EXISTING SEATS.",39000,,2026-07-26,active,Kawasaki,2000,g,Tappezzeria Elvas Seat Cover for Kawasaki Versys 1000 | Mile 2…,"All the covers of Tappezzeria Italia, are made with 100% waterproof materials, the seams are heat-taped from the inside to prevent the infiltration of…",,Cleaned noise; brand verified,High,false,Motorcycle Accessories > Seats > Seat Covers,High,"Mapped from Shopify Type ""seat cover""",tappezzeria-elvas-seat-cover-for-kawasaki-versys-1000-1|Colour:Orange|price:39000.00|compare:|weight:2000|barcode:|qty:0 | tappezzeria-elvas-seat-cover-for-kawasaki-versys-1000-2|Colour:White|price:39000.00|compare:|weight:2000|barcode:|qty:0 | tappezzeria-elvas-seat-cover-for-kawasaki-versys-1000-3|Colour:Grey|price:39000.00|compare:|weight:2000|barcode:|qty:0 | tappezzeria-elvas-seat-cover-for-kawasaki-versys-1000-4|Colour:Green|price:39000.00|compare:|weight:2000|barcode:|qty:0 | tappezzeria-elvas-seat-cover-for-kawasaki-versys-1000-5|Colour:Red|price:39000.00|compare:|weight:2000|barcode:|qty:0,"tappezzeria-elvas-seat-cover-for-kawasaki-versys-1000-1,tappezzeria-elvas-seat-cover-for-kawasaki-versys-1000-2,tappezzeria-elvas-seat-cover-for-kawasaki-versys-1000-3,tappezzeria-elvas-seat-cover-for-kawasaki-versys-1000-4,tappezzeria-elvas-seat-cover-for-kawasaki-versys-1000-5",5,https://cdn.shopify.com/s/files/1/0076/8301/4754/products/seat-cover-for-kawasaki-versys-1000-19-21-elvas-model.jpg?v=1651741602|pos:1|alt:Kawasaki Tappezzeria Elvas Seat Cover for Kawasaki Versys 1000 – front view || https://cdn.shopify.com/s/files/1/0076/8301/4754/products/seat-cover-for-kawasaki-versys-1000-19-21-elvas-model_1.jpg?v=1651741602|pos:2|alt:Kawasaki Tappezzeria Elvas Seat Cover for Kawasaki Versys 1000 – side view || https://cdn.shopify.com/s/files/1/0076/8301/4754/products/seat-cover-for-kawasaki-versys-1000-19-21-elvas-model_2.jpg?v=1651741602|pos:3|alt:Kawasaki Tappezzeria Elvas Seat Cover for Kawasaki Versys 1000 – rear view || https://cdn.shopify.com/s/files/1/0076/8301/4754/products/seat-cover-for-kawasaki-versys-1000-19-21-elvas-model_3.jpg?v=1651741602|pos:4|alt:Kawasaki Tappezzeria Elvas Seat Cover for Kawasaki Versys 1000 – detail view || https://cdn.shopify.com/s/files/1/0076/8301/4754/products/seat-cover-for-kawasaki-versys-1000-19-21-elvas-model_4.jpg?v=1651741603|pos:5|alt:Kawasaki Tappezzeria Elvas Seat Cover for Kawasaki Versys 1000 – top view || https://cdn.shopify.com/s/files/1/0076/8301/4754/products/seat-cover-for-kawasaki-versys-1000-19-21-elvas-model_5.jpg?v=1651741602|pos:6|alt:Kawasaki Tappezzeria Elvas Seat Cover for Kawasaki Versys 1000 – product view,6,Kawasaki Tappezzeria Elvas Seat Cover for Kawasaki Versys 1000 – front view | Kawasaki Tappezzeria Elvas Seat Cover for Kawasaki Versys 1000 – side view | Kawasaki Tappezzeria Elvas Seat Cover for Kawasaki Versys 1000 – rear view | Kawasaki Tappezzeria Elvas Seat Cover for Kawasaki Versys 1000 – detail view | Kawasaki Tappezzeria Elvas Seat Cover for Kawasaki Versys 1000 – top view | Kawasaki Tappezzeria Elvas Seat Cover for Kawasaki Versys 1000 – product view,,0,,,,,,,,,false,not_eligible,,0,false,/products/tappezzeria-elvas-seat-cover-for-kawasaki-versys-1000,/products/tappezzeria-elvas-seat-cover-for-kawasaki-versys-1000
tappezzeria-vergato-1-comfort-system-seat-cover-for-kawasaki-z650,tappezzeria-vergato-1-comfort-system-seat-cover-for-kawasaki-z650,Tappezzeria Vergato 1 Comfort System Seat Cover for Kawasaki Z650,Tappezzeria Vergato 1 Comfort System Seat Cover for Kawasaki Z650,tappezzeria-vergato-1-comfort-system-seat-cover-for-kawasaki-z650,"All the covers of Tappezzeria Italia, are made with 100% waterproof materials, the seams are heat-taped from the inside to prevent the infiltration of water,… Available in multiple sizes and/or colours — select your variant.","All the covers of Tappezzeria Italia, are made with 100% waterproof materials, the seams are heat-taped from the inside to prevent the infiltration of water, ensuring 80% waterproofing.<br><br>
However, infiltration may occur if the saddle is exposed to rain for a long time or to high pressure washing. These events, although rare, are not due to a defect in the coating.<br><br>
All our saddles are made with a very elaborate graphic design, this in favor of an attractive aesthetic and great visual impact, our lines, now appreciated all over the world, are the maximum expression of made in Italy saddlery.<br><br>
Master craftsmen sew our covers with great passion to give the customer a product that is recognizable and of great quality.<br><br>
Unfortunately, the more numerous the seams in the coatings and the greater the possibility that small infiltrations will occur.<br><br>
It is important to understand that if we realized covers with few seams (like some of our competitors) we could guarantee a total waterproofness of the saddle.<br><br>
Anyway, Tappezzeria Italia put customer satisfaction first and so we decided to make small elastic and water-repellent covers that can be purchased separately from the saddle.<br><br>
These protective covers (optional) are easy to adhere to the saddle and little bulky, if you find yourself having to leave the bike to the weather, just put the cover to be sure that your saddle will remain completely dry inside.<br><br>
The protective covers will also be very useful both to protect your new saddle from water, and to protect it from the sun and from all those external factors that can ruin the saddle.<br><br>
Each protective cover cost 20€ and can be purchased through our website or by sending an email to info@tappezzeriaitalia.it.<br><br>
<strong>NOTE - THOSE ARE SEAT COVERS NOT THE WHOLE SEAT. YOU NEED TO PUT THOSE SEAT COVERS ON YOUR EXISTING SEATS.</strong>","All the covers of Tappezzeria Italia, are made with 100% waterproof materials, the seams are heat-taped from the inside to prevent the infiltration of water, ensuring 80% waterproofing.

However, infiltration may occur if the saddle is exposed to rain for a long time or to high pressure washing. These events, although rare, are not due to a defect in the coating.

All our saddles are made with a very elaborate graphic design, this in favor of an attractive aesthetic and great visual impact, our lines, now appreciated all over the world, are the maximum expression of made in Italy saddlery.

Master craftsmen sew our covers with great passion to give the customer a product that is recognizable and of great quality.

Unfortunately, the more numerous the seams in the coatings and the greater the possibility that small infiltrations will occur.

It is important to understand that if we realized covers with few seams (like some of our competitors) we could guarantee a total waterproofness of the saddle.

Anyway, Tappezzeria Italia put customer satisfaction first and so we decided to make small elastic and water-repellent covers that can be purchased separately from the saddle.

These protective covers (optional) are easy to adhere to the saddle and little bulky, if you find yourself having to leave the bike to the weather, just put the cover to be sure that your saddle will remain completely dry inside.

The protective covers will also be very useful both to protect your new saddle from water, and to protect it from the sun and from all those external factors that can ruin the saddle.

Each protective cover cost 20€ and can be purchased through our website or by sending an email to info@tappezzeriaitalia.it.

NOTE - THOSE ARE SEAT COVERS NOT THE WHOLE SEAT. YOU NEED TO PUT THOSE SEAT COVERS ON YOUR EXISTING SEATS.",40000,,2026-07-26,active,Kawasaki,2000,g,Tappezzeria Vergato 1 Comfort System Seat Cover for Kawasaki Z…,"All the covers of Tappezzeria Italia, are made with 100% waterproof materials, the seams are heat-taped from the inside to prevent the infiltration of…",,Cleaned noise; brand verified,High,false,Motorcycle Accessories > Seats > Seat Covers,High,"Mapped from Shopify Type ""seat cover""",tappezzeria-vergato-1-comfort-system-seat-cover-for-kawasaki-z650-1|Colour:White|price:40000.00|compare:|weight:2000|barcode:|qty:0 | tappezzeria-vergato-1-comfort-system-seat-cover-for-kawasaki-z650-2|Colour:Black|price:40000.00|compare:|weight:2000|barcode:|qty:0 | tappezzeria-vergato-1-comfort-system-seat-cover-for-kawasaki-z650-3|Colour:Green|price:40000.00|compare:|weight:2000|barcode:|qty:0,"tappezzeria-vergato-1-comfort-system-seat-cover-for-kawasaki-z650-1,tappezzeria-vergato-1-comfort-system-seat-cover-for-kawasaki-z650-2,tappezzeria-vergato-1-comfort-system-seat-cover-for-kawasaki-z650-3",3,https://cdn.shopify.com/s/files/1/0076/8301/4754/products/seat-cover-for-kawasaki-z-650-vergato-1-comfort-system-model.jpg?v=1651741172|pos:1|alt:Kawasaki Tappezzeria Vergato 1 Comfort System Seat Cover for Kawasaki Z650 – front view || https://cdn.shopify.com/s/files/1/0076/8301/4754/products/seat-cover-for-kawasaki-z-650-vergato-1-comfort-system-model_1.jpg?v=1651741171|pos:2|alt:Kawasaki Tappezzeria Vergato 1 Comfort System Seat Cover for Kawasaki Z650 – side view || https://cdn.shopify.com/s/files/1/0076/8301/4754/products/seat-cover-for-kawasaki-z-650-vergato-1-comfort-system-model_2.jpg?v=1651741171|pos:3|alt:Kawasaki Tappezzeria Vergato 1 Comfort System Seat Cover for Kawasaki Z650 – rear view,3,Kawasaki Tappezzeria Vergato 1 Comfort System Seat Cover for Kawasaki Z650 – front view | Kawasaki Tappezzeria Vergato 1 Comfort System Seat Cover for Kawasaki Z650 – side view | Kawasaki Tappezzeria Vergato 1 Comfort System Seat Cover for Kawasaki Z650 – rear view,,0,,,,,,,,,false,not_eligible,,0,false,/products/tappezzeria-vergato-1-comfort-system-seat-cover-for-kawasaki-z650,/products/tappezzeria-vergato-1-comfort-system-seat-cover-for-kawasaki-z650
tappezzeria-scopeti-1-ultragrip-seat-cover-for-kawasaki-z650,tappezzeria-scopeti-1-ultragrip-seat-cover-for-kawasaki-z650,Tappezzeria Scopeti 1 Ultragrip Seat Cover for Kawasaki Z650,Tappezzeria Scopeti 1 Ultragrip Seat Cover for Kawasaki Z650,tappezzeria-scopeti-1-ultragrip-seat-cover-for-kawasaki-z650,"All the covers of Tappezzeria Italia, are made with 100% waterproof materials, the seams are heat-taped from the inside to prevent the infiltration of water,… Available in multiple sizes and/or colours — select your variant.","All the covers of Tappezzeria Italia, are made with 100% waterproof materials, the seams are heat-taped from the inside to prevent the infiltration of water, ensuring 80% waterproofing.<br><br>
However, infiltration may occur if the saddle is exposed to rain for a long time or to high pressure washing. These events, although rare, are not due to a defect in the coating.<br><br>
All our saddles are made with a very elaborate graphic design, this in favor of an attractive aesthetic and great visual impact, our lines, now appreciated all over the world, are the maximum expression of made in Italy saddlery.<br><br>
Master craftsmen sew our covers with great passion to give the customer a product that is recognizable and of great quality.<br><br>
Unfortunately, the more numerous the seams in the coatings and the greater the possibility that small infiltrations will occur.<br><br>
It is important to understand that if we realized covers with few seams (like some of our competitors) we could guarantee a total waterproofness of the saddle.<br><br>
Anyway, Tappezzeria Italia put customer satisfaction first and so we decided to make small elastic and water-repellent covers that can be purchased separately from the saddle.<br><br>
These protective covers (optional) are easy to adhere to the saddle and little bulky, if you find yourself having to leave the bike to the weather, just put the cover to be sure that your saddle will remain completely dry inside.<br><br>
The protective covers will also be very useful both to protect your new saddle from water, and to protect it from the sun and from all those external factors that can ruin the saddle.<br><br>
Each protective cover cost 20€ and can be purchased through our website or by sending an email to info@tappezzeriaitalia.it.<br><br>
<strong>NOTE - THOSE ARE SEAT COVERS NOT THE WHOLE SEAT. YOU NEED TO PUT THOSE SEAT COVERS ON YOUR EXISTING SEATS.</strong>","All the covers of Tappezzeria Italia, are made with 100% waterproof materials, the seams are heat-taped from the inside to prevent the infiltration of water, ensuring 80% waterproofing.

However, infiltration may occur if the saddle is exposed to rain for a long time or to high pressure washing. These events, although rare, are not due to a defect in the coating.

All our saddles are made with a very elaborate graphic design, this in favor of an attractive aesthetic and great visual impact, our lines, now appreciated all over the world, are the maximum expression of made in Italy saddlery.

Master craftsmen sew our covers with great passion to give the customer a product that is recognizable and of great quality.

Unfortunately, the more numerous the seams in the coatings and the greater the possibility that small infiltrations will occur.

It is important to understand that if we realized covers with few seams (like some of our competitors) we could guarantee a total waterproofness of the saddle.

Anyway, Tappezzeria Italia put customer satisfaction first and so we decided to make small elastic and water-repellent covers that can be purchased separately from the saddle.

These protective covers (optional) are easy to adhere to the saddle and little bulky, if you find yourself having to leave the bike to the weather, just put the cover to be sure that your saddle will remain completely dry inside.

The protective covers will also be very useful both to protect your new saddle from water, and to protect it from the sun and from all those external factors that can ruin the saddle.

Each protective cover cost 20€ and can be purchased through our website or by sending an email to info@tappezzeriaitalia.it.

NOTE - THOSE ARE SEAT COVERS NOT THE WHOLE SEAT. YOU NEED TO PUT THOSE SEAT COVERS ON YOUR EXISTING SEATS.",39000,,2026-07-26,active,Kawasaki,2000,g,Tappezzeria Scopeti 1 Ultragrip Seat Cover for Kawasaki Z650 |…,"All the covers of Tappezzeria Italia, are made with 100% waterproof materials, the seams are heat-taped from the inside to prevent the infiltration of…",,Cleaned noise; brand verified,High,false,Motorcycle Accessories > Seats > Seat Covers,High,"Mapped from Shopify Type ""seat cover""",tappezzeria-scopeti-1-ultragrip-seat-cover-for-kawasaki-z650-1|Colour:White|price:39000.00|compare:|weight:2000|barcode:|qty:0 | tappezzeria-scopeti-1-ultragrip-seat-cover-for-kawasaki-z650-2|Colour:Black|price:39000.00|compare:|weight:2000|barcode:|qty:0 | tappezzeria-scopeti-1-ultragrip-seat-cover-for-kawasaki-z650-3|Colour:Green|price:39000.00|compare:|weight:2000|barcode:|qty:0,"tappezzeria-scopeti-1-ultragrip-seat-cover-for-kawasaki-z650-1,tappezzeria-scopeti-1-ultragrip-seat-cover-for-kawasaki-z650-2,tappezzeria-scopeti-1-ultragrip-seat-cover-for-kawasaki-z650-3",3,https://cdn.shopify.com/s/files/1/0076/8301/4754/products/seat-cover-for-kawasaki-z-650-scopeti-1-ultragrip-model.jpg?v=1651740865|pos:1|alt:Kawasaki Tappezzeria Scopeti 1 Ultragrip Seat Cover for Kawasaki Z650 – front view || https://cdn.shopify.com/s/files/1/0076/8301/4754/products/seat-cover-for-kawasaki-z-650-scopeti-1-ultragrip-model_1.jpg?v=1651740866|pos:2|alt:Kawasaki Tappezzeria Scopeti 1 Ultragrip Seat Cover for Kawasaki Z650 – side view || https://cdn.shopify.com/s/files/1/0076/8301/4754/products/seat-cover-for-kawasaki-z-650-scopeti-1-ultragrip-model_2.jpg?v=1651740866|pos:3|alt:Kawasaki Tappezzeria Scopeti 1 Ultragrip Seat Cover for Kawasaki Z650 – rear view,3,Kawasaki Tappezzeria Scopeti 1 Ultragrip Seat Cover for Kawasaki Z650 – front view | Kawasaki Tappezzeria Scopeti 1 Ultragrip Seat Cover for Kawasaki Z650 – side view | Kawasaki Tappezzeria Scopeti 1 Ultragrip Seat Cover for Kawasaki Z650 – rear view,,0,,,,,,,,,false,not_eligible,,0,false,/products/tappezzeria-scopeti-1-ultragrip-seat-cover-for-kawasaki-z650,/products/tappezzeria-scopeti-1-ultragrip-seat-cover-for-kawasaki-z650
tappezzeria-cave-1-seat-cover-for-kawasaki-z650,tappezzeria-cave-1-seat-cover-for-kawasaki-z650,Tappezzeria Cave 1 Seat Cover for Kawasaki Z650,Tappezzeria Cave 1 Seat Cover for Kawasaki Z650,tappezzeria-cave-1-seat-cover-for-kawasaki-z650,"All the covers of Tappezzeria Italia, are made with 100% waterproof materials, the seams are heat-taped from the inside to prevent the infiltration of water,… Available in multiple sizes and/or colours — select your variant.","All the covers of Tappezzeria Italia, are made with 100% waterproof materials, the seams are heat-taped from the inside to prevent the infiltration of water, ensuring 80% waterproofing.<br><br>
However, infiltration may occur if the saddle is exposed to rain for a long time or to high pressure washing. These events, although rare, are not due to a defect in the coating.<br><br>
All our saddles are made with a very elaborate graphic design, this in favor of an attractive aesthetic and great visual impact, our lines, now appreciated all over the world, are the maximum expression of made in Italy saddlery.<br><br>
Master craftsmen sew our covers with great passion to give the customer a product that is recognizable and of great quality.<br><br>
Unfortunately, the more numerous the seams in the coatings and the greater the possibility that small infiltrations will occur.<br><br>
It is important to understand that if we realized covers with few seams (like some of our competitors) we could guarantee a total waterproofness of the saddle.<br><br>
Anyway, Tappezzeria Italia put customer satisfaction first and so we decided to make small elastic and water-repellent covers that can be purchased separately from the saddle.<br><br>
These protective covers (optional) are easy to adhere to the saddle and little bulky, if you find yourself having to leave the bike to the weather, just put the cover to be sure that your saddle will remain completely dry inside.<br><br>
The protective covers will also be very useful both to protect your new saddle from water, and to protect it from the sun and from all those external factors that can ruin the saddle.<br><br>
Each protective cover cost 20€ and can be purchased through our website or by sending an email to info@tappezzeriaitalia.it.<br><br>
<strong>NOTE - THOSE ARE SEAT COVERS NOT THE WHOLE SEAT. YOU NEED TO PUT THOSE SEAT COVERS ON YOUR EXISTING SEATS.</strong>","All the covers of Tappezzeria Italia, are made with 100% waterproof materials, the seams are heat-taped from the inside to prevent the infiltration of water, ensuring 80% waterproofing.

However, infiltration may occur if the saddle is exposed to rain for a long time or to high pressure washing. These events, although rare, are not due to a defect in the coating.

All our saddles are made with a very elaborate graphic design, this in favor of an attractive aesthetic and great visual impact, our lines, now appreciated all over the world, are the maximum expression of made in Italy saddlery.

Master craftsmen sew our covers with great passion to give the customer a product that is recognizable and of great quality.

Unfortunately, the more numerous the seams in the coatings and the greater the possibility that small infiltrations will occur.

It is important to understand that if we realized covers with few seams (like some of our competitors) we could guarantee a total waterproofness of the saddle.

Anyway, Tappezzeria Italia put customer satisfaction first and so we decided to make small elastic and water-repellent covers that can be purchased separately from the saddle.

These protective covers (optional) are easy to adhere to the saddle and little bulky, if you find yourself having to leave the bike to the weather, just put the cover to be sure that your saddle will remain completely dry inside.

The protective covers will also be very useful both to protect your new saddle from water, and to protect it from the sun and from all those external factors that can ruin the saddle.

Each protective cover cost 20€ and can be purchased through our website or by sending an email to info@tappezzeriaitalia.it.

NOTE - THOSE ARE SEAT COVERS NOT THE WHOLE SEAT. YOU NEED TO PUT THOSE SEAT COVERS ON YOUR EXISTING SEATS.",37500,,2026-07-26,active,Kawasaki,2000,g,Tappezzeria Cave 1 Seat Cover for Kawasaki Z650 | Mile 27 Store,"All the covers of Tappezzeria Italia, are made with 100% waterproof materials, the seams are heat-taped from the inside to prevent the infiltration of…",,Cleaned noise; brand verified,High,false,Motorcycle Accessories > Seats > Seat Covers,High,"Mapped from Shopify Type ""seat cover""",tappezzeria-cave-1-seat-cover-for-kawasaki-z650-1|Colour:White|price:37500.00|compare:|weight:2000|barcode:|qty:0 | tappezzeria-cave-1-seat-cover-for-kawasaki-z650-2|Colour:Black|price:37500.00|compare:|weight:2000|barcode:|qty:0 | tappezzeria-cave-1-seat-cover-for-kawasaki-z650-3|Colour:Green|price:37500.00|compare:|weight:2000|barcode:|qty:0,"tappezzeria-cave-1-seat-cover-for-kawasaki-z650-1,tappezzeria-cave-1-seat-cover-for-kawasaki-z650-2,tappezzeria-cave-1-seat-cover-for-kawasaki-z650-3",3,https://cdn.shopify.com/s/files/1/0076/8301/4754/products/seat-cover-for-kawasaki-z-650-cave-1-model.jpg?v=1651740322|pos:1|alt:Kawasaki Tappezzeria Cave 1 Seat Cover for Kawasaki Z650 – front view || https://cdn.shopify.com/s/files/1/0076/8301/4754/products/seat-cover-for-kawasaki-z-650-cave-1-model_1.jpg?v=1651740322|pos:2|alt:Kawasaki Tappezzeria Cave 1 Seat Cover for Kawasaki Z650 – side view || https://cdn.shopify.com/s/files/1/0076/8301/4754/products/seat-cover-for-kawasaki-z-650-cave-1-model_2.jpg?v=1651740322|pos:3|alt:Kawasaki Tappezzeria Cave 1 Seat Cover for Kawasaki Z650 – rear view,3,Kawasaki Tappezzeria Cave 1 Seat Cover for Kawasaki Z650 – front view | Kawasaki Tappezzeria Cave 1 Seat Cover for Kawasaki Z650 – side view | Kawasaki Tappezzeria Cave 1 Seat Cover for Kawasaki Z650 – rear view,,0,,,,,,,,,false,not_eligible,,0,false,/products/tappezzeria-cave-1-seat-cover-for-kawasaki-z650,/products/tappezzeria-cave-1-seat-cover-for-kawasaki-z650
tappezzeria-murcia-comfort-system-seat-cover-for-kawasaki-z900rs,tappezzeria-murcia-comfort-system-seat-cover-for-kawasaki-z900rs,Tappezzeria Murcia Comfort System Seat Cover for Kawasaki Z900RS,Tappezzeria Murcia Comfort System Seat Cover for Kawasaki Z900RS,tappezzeria-murcia-comfort-system-seat-cover-for-kawasaki-z900rs,"All the covers of Tappezzeria Italia, are made with 100% waterproof materials, the seams are heat-taped from the inside to prevent the infiltration of water,… Available in multiple sizes and/or colours — select your variant.","All the covers of Tappezzeria Italia, are made with 100% waterproof materials, the seams are heat-taped from the inside to prevent the infiltration of water, ensuring 80% waterproofing.<br><br>
However, infiltration may occur if the saddle is exposed to rain for a long time or to high pressure washing. These events, although rare, are not due to a defect in the coating.<br><br>
All our saddles are made with a very elaborate graphic design, this in favor of an attractive aesthetic and great visual impact, our lines, now appreciated all over the world, are the maximum expression of made in Italy saddlery.<br><br>
Master craftsmen sew our covers with great passion to give the customer a product that is recognizable and of great quality.<br><br>
Unfortunately, the more numerous the seams in the coatings and the greater the possibility that small infiltrations will occur.<br><br>
It is important to understand that if we realized covers with few seams (like some of our competitors) we could guarantee a total waterproofness of the saddle.<br><br>
Anyway, Tappezzeria Italia put customer satisfaction first and so we decided to make small elastic and water-repellent covers that can be purchased separately from the saddle.<br><br>
These protective covers (optional) are easy to adhere to the saddle and little bulky, if you find yourself having to leave the bike to the weather, just put the cover to be sure that your saddle will remain completely dry inside.<br><br>
The protective covers will also be very useful both to protect your new saddle from water, and to protect it from the sun and from all those external factors that can ruin the saddle.<br><br>
Each protective cover cost 20€ and can be purchased through our website or by sending an email to info@tappezzeriaitalia.it.<br><br>
<strong>NOTE - THOSE ARE SEAT COVERS NOT THE WHOLE SEAT. YOU NEED TO PUT THOSE SEAT COVERS ON YOUR EXISTING SEATS.</strong>","All the covers of Tappezzeria Italia, are made with 100% waterproof materials, the seams are heat-taped from the inside to prevent the infiltration of water, ensuring 80% waterproofing.

However, infiltration may occur if the saddle is exposed to rain for a long time or to high pressure washing. These events, although rare, are not due to a defect in the coating.

All our saddles are made with a very elaborate graphic design, this in favor of an attractive aesthetic and great visual impact, our lines, now appreciated all over the world, are the maximum expression of made in Italy saddlery.

Master craftsmen sew our covers with great passion to give the customer a product that is recognizable and of great quality.

Unfortunately, the more numerous the seams in the coatings and the greater the possibility that small infiltrations will occur.

It is important to understand that if we realized covers with few seams (like some of our competitors) we could guarantee a total waterproofness of the saddle.

Anyway, Tappezzeria Italia put customer satisfaction first and so we decided to make small elastic and water-repellent covers that can be purchased separately from the saddle.

These protective covers (optional) are easy to adhere to the saddle and little bulky, if you find yourself having to leave the bike to the weather, just put the cover to be sure that your saddle will remain completely dry inside.

The protective covers will also be very useful both to protect your new saddle from water, and to protect it from the sun and from all those external factors that can ruin the saddle.

Each protective cover cost 20€ and can be purchased through our website or by sending an email to info@tappezzeriaitalia.it.

NOTE - THOSE ARE SEAT COVERS NOT THE WHOLE SEAT. YOU NEED TO PUT THOSE SEAT COVERS ON YOUR EXISTING SEATS.",46000,,2026-07-26,active,Kawasaki,2000,g,Tappezzeria Murcia Comfort System Seat Cover for Kawasaki Z900…,"All the covers of Tappezzeria Italia, are made with 100% waterproof materials, the seams are heat-taped from the inside to prevent the infiltration of…",,Cleaned noise; brand verified,High,false,Motorcycle Accessories > Seats > Seat Covers,High,"Mapped from Shopify Type ""seat cover""",tappezzeria-murcia-comfort-system-seat-cover-for-kawasaki-z900rs-1|Colour:Camel|price:46000.00|compare:|weight:2000|barcode:|qty:0 | tappezzeria-murcia-comfort-system-seat-cover-for-kawasaki-z900rs-2|Colour:Brown|price:46000.00|compare:|weight:2000|barcode:|qty:0 | tappezzeria-murcia-comfort-system-seat-cover-for-kawasaki-z900rs-3|Colour:Brick|price:46000.00|compare:|weight:2000|barcode:|qty:0,"tappezzeria-murcia-comfort-system-seat-cover-for-kawasaki-z900rs-1,tappezzeria-murcia-comfort-system-seat-cover-for-kawasaki-z900rs-2,tappezzeria-murcia-comfort-system-seat-cover-for-kawasaki-z900rs-3",3,https://cdn.shopify.com/s/files/1/0076/8301/4754/products/seat-cover-for-kawasaki-z-900-rs-18-21-murcia-comfort-system-model.jpg?v=1651668239|pos:1|alt:Kawasaki Tappezzeria Murcia Comfort System Seat Cover for Kawasaki Z900RS – front view || https://cdn.shopify.com/s/files/1/0076/8301/4754/products/seat-cover-for-kawasaki-z-900-rs-18-21-murcia-comfort-system-model_1.jpg?v=1651668238|pos:2|alt:Kawasaki Tappezzeria Murcia Comfort System Seat Cover for Kawasaki Z900RS – side view || https://cdn.shopify.com/s/files/1/0076/8301/4754/products/seat-cover-for-kawasaki-z-900-rs-18-21-murcia-comfort-system-model_2.jpg?v=1651668238|pos:3|alt:Kawasaki Tappezzeria Murcia Comfort System Seat Cover for Kawasaki Z900RS – rear view,3,Kawasaki Tappezzeria Murcia Comfort System Seat Cover for Kawasaki Z900RS – front view | Kawasaki Tappezzeria Murcia Comfort System Seat Cover for Kawasaki Z900RS – side view | Kawasaki Tappezzeria Murcia Comfort System Seat Cover for Kawasaki Z900RS – rear view,,0,,,,,,,,,false,not_eligible,,0,false,/products/tappezzeria-murcia-comfort-system-seat-cover-for-kawasaki-z900rs,/products/tappezzeria-murcia-comfort-system-seat-cover-for-kawasaki-z900rs
tappezzeria-natal-total-black-velvet-comfort-system-seat-cover-for-kawasaki-z900rs,tappezzeria-natal-total-black-velvet-comfort-system-seat-cover-for-kawasaki-z900rs,Tappezzeria Natal Total Black Velvet Comfort System Seat Cover for Kawasaki Z900RS,Tappezzeria Natal Total Black Velvet Comfort System Seat Cover for Kawasaki Z900RS,tappezzeria-natal-total-black-velvet-comfort-system-seat-cover-for-kawasaki-z900rs,"All the covers of Tappezzeria Italia, are made with 100% waterproof materials, the seams are heat-taped from the inside to prevent the infiltration of water,… Available in multiple sizes and/or colours — select your variant.","All the covers of Tappezzeria Italia, are made with 100% waterproof materials, the seams are heat-taped from the inside to prevent the infiltration of water, ensuring 80% waterproofing.<br><br>
However, infiltration may occur if the saddle is exposed to rain for a long time or to high pressure washing. These events, although rare, are not due to a defect in the coating.<br><br>
All our saddles are made with a very elaborate graphic design, this in favor of an attractive aesthetic and great visual impact, our lines, now appreciated all over the world, are the maximum expression of made in Italy saddlery.<br><br>
Master craftsmen sew our covers with great passion to give the customer a product that is recognizable and of great quality.<br><br>
Unfortunately, the more numerous the seams in the coatings and the greater the possibility that small infiltrations will occur.<br><br>
It is important to understand that if we realized covers with few seams (like some of our competitors) we could guarantee a total waterproofness of the saddle.<br><br>
Anyway, Tappezzeria Italia put customer satisfaction first and so we decided to make small elastic and water-repellent covers that can be purchased separately from the saddle.<br><br>
These protective covers (optional) are easy to adhere to the saddle and little bulky, if you find yourself having to leave the bike to the weather, just put the cover to be sure that your saddle will remain completely dry inside.<br><br>
The protective covers will also be very useful both to protect your new saddle from water, and to protect it from the sun and from all those external factors that can ruin the saddle.<br><br>
Each protective cover cost 20€ and can be purchased through our website or by sending an email to info@tappezzeriaitalia.it.<br><br>
<strong>NOTE - THOSE ARE SEAT COVERS NOT THE WHOLE SEAT. YOU NEED TO PUT THOSE SEAT COVERS ON YOUR EXISTING SEATS.</strong>","All the covers of Tappezzeria Italia, are made with 100% waterproof materials, the seams are heat-taped from the inside to prevent the infiltration of water, ensuring 80% waterproofing.

However, infiltration may occur if the saddle is exposed to rain for a long time or to high pressure washing. These events, although rare, are not due to a defect in the coating.

All our saddles are made with a very elaborate graphic design, this in favor of an attractive aesthetic and great visual impact, our lines, now appreciated all over the world, are the maximum expression of made in Italy saddlery.

Master craftsmen sew our covers with great passion to give the customer a product that is recognizable and of great quality.

Unfortunately, the more numerous the seams in the coatings and the greater the possibility that small infiltrations will occur.

It is important to understand that if we realized covers with few seams (like some of our competitors) we could guarantee a total waterproofness of the saddle.

Anyway, Tappezzeria Italia put customer satisfaction first and so we decided to make small elastic and water-repellent covers that can be purchased separately from the saddle.

These protective covers (optional) are easy to adhere to the saddle and little bulky, if you find yourself having to leave the bike to the weather, just put the cover to be sure that your saddle will remain completely dry inside.

The protective covers will also be very useful both to protect your new saddle from water, and to protect it from the sun and from all those external factors that can ruin the saddle.

Each protective cover cost 20€ and can be purchased through our website or by sending an email to info@tappezzeriaitalia.it.

NOTE - THOSE ARE SEAT COVERS NOT THE WHOLE SEAT. YOU NEED TO PUT THOSE SEAT COVERS ON YOUR EXISTING SEATS.",52000,,2026-07-26,active,Kawasaki,2000,g,Tappezzeria Natal Total Black Velvet Comfort System Seat Cover…,"All the covers of Tappezzeria Italia, are made with 100% waterproof materials, the seams are heat-taped from the inside to prevent the infiltration of…",,Cleaned noise; brand verified,High,false,Motorcycle Accessories > Seats > Seat Covers,High,"Mapped from Shopify Type ""seat cover""",tappezzeria-natal-total-black-velvet-comfort-system-seat-cover-for-kawasaki-z900rs-1|Colour:Black|price:52000.00|compare:|weight:2000|barcode:|qty:0 | tappezzeria-natal-total-black-velvet-comfort-system-seat-cover-for-kawasaki-z900rs-2|Colour:Red|price:52000.00|compare:|weight:2000|barcode:|qty:0 | tappezzeria-natal-total-black-velvet-comfort-system-seat-cover-for-kawasaki-z900rs-3|Colour:Green|price:52000.00|compare:|weight:2000|barcode:|qty:0,"tappezzeria-natal-total-black-velvet-comfort-system-seat-cover-for-kawasaki-z900rs-1,tappezzeria-natal-total-black-velvet-comfort-system-seat-cover-for-kawasaki-z900rs-2,tappezzeria-natal-total-black-velvet-comfort-system-seat-cover-for-kawasaki-z900rs-3",3,https://cdn.shopify.com/s/files/1/0076/8301/4754/products/seat-cover-for-kawasaki-z-900-rs-18-21-natal-total-black-velvet-comfort-system-model.jpg?v=1651667611|pos:1|alt:Kawasaki Tappezzeria Natal Total Black Velvet Comfort System Seat Cover for Kawasaki Z900RS – front view || https://cdn.shopify.com/s/files/1/0076/8301/4754/products/seat-cover-for-kawasaki-z-900-rs-18-21-natal-total-black-velvet-comfort-system-model_1.jpg?v=1651667610|pos:2|alt:Kawasaki Tappezzeria Natal Total Black Velvet Comfort System Seat Cover for Kawasaki Z900RS – side view || https://cdn.shopify.com/s/files/1/0076/8301/4754/products/seat-cover-for-kawasaki-z-900-rs-18-21-natal-total-black-velvet-comfort-system-model_2.jpg?v=1651667611|pos:3|alt:Kawasaki Tappezzeria Natal Total Black Velvet Comfort System Seat Cover for Kawasaki Z900RS – rear view,3,Kawasaki Tappezzeria Natal Total Black Velvet Comfort System Seat Cover for Kawasaki Z900RS – front view | Kawasaki Tappezzeria Natal Total Black Velvet Comfort System Seat Cover for Kawasaki Z900RS – side view | Kawasaki Tappezzeria Natal Total Black Velvet Comfort System Seat Cover for Kawasaki Z900RS – rear view,,0,,,,,,,,,false,not_eligible,,0,false,/products/tappezzeria-natal-total-black-velvet-comfort-system-seat-cover-for-kawasaki-z900rs,/products/tappezzeria-natal-total-black-velvet-comfort-system-seat-cover-for-kawasaki-z900rs
tappezzeria-murcia-seat-cover-for-kawasaki-z900rs,tappezzeria-murcia-seat-cover-for-kawasaki-z900rs,Tappezzeria Murcia Seat Cover for Kawasaki Z900RS,Tappezzeria Murcia Seat Cover for Kawasaki Z900RS,tappezzeria-murcia-seat-cover-for-kawasaki-z900rs,"All the covers of Tappezzeria Italia, are made with 100% waterproof materials, the seams are heat-taped from the inside to prevent the infiltration of water,… Available in multiple sizes and/or colours — select your variant.","All the covers of Tappezzeria Italia, are made with 100% waterproof materials, the seams are heat-taped from the inside to prevent the infiltration of water, ensuring 80% waterproofing.<br><br>
However, infiltration may occur if the saddle is exposed to rain for a long time or to high pressure washing. These events, although rare, are not due to a defect in the coating.<br><br>
All our saddles are made with a very elaborate graphic design, this in favor of an attractive aesthetic and great visual impact, our lines, now appreciated all over the world, are the maximum expression of made in Italy saddlery.<br><br>
Master craftsmen sew our covers with great passion to give the customer a product that is recognizable and of great quality.<br><br>
Unfortunately, the more numerous the seams in the coatings and the greater the possibility that small infiltrations will occur.<br><br>
It is important to understand that if we realized covers with few seams (like some of our competitors) we could guarantee a total waterproofness of the saddle.<br><br>
Anyway, Tappezzeria Italia put customer satisfaction first and so we decided to make small elastic and water-repellent covers that can be purchased separately from the saddle.<br><br>
These protective covers (optional) are easy to adhere to the saddle and little bulky, if you find yourself having to leave the bike to the weather, just put the cover to be sure that your saddle will remain completely dry inside.<br><br>
The protective covers will also be very useful both to protect your new saddle from water, and to protect it from the sun and from all those external factors that can ruin the saddle.<br><br>
Each protective cover cost 20€ and can be purchased through our website or by sending an email to info@tappezzeriaitalia.it.<br><br>
<strong>NOTE - THOSE ARE SEAT COVERS NOT THE WHOLE SEAT. YOU NEED TO PUT THOSE SEAT COVERS ON YOUR EXISTING SEATS.</strong>","All the covers of Tappezzeria Italia, are made with 100% waterproof materials, the seams are heat-taped from the inside to prevent the infiltration of water, ensuring 80% waterproofing.

However, infiltration may occur if the saddle is exposed to rain for a long time or to high pressure washing. These events, although rare, are not due to a defect in the coating.

All our saddles are made with a very elaborate graphic design, this in favor of an attractive aesthetic and great visual impact, our lines, now appreciated all over the world, are the maximum expression of made in Italy saddlery.

Master craftsmen sew our covers with great passion to give the customer a product that is recognizable and of great quality.

Unfortunately, the more numerous the seams in the coatings and the greater the possibility that small infiltrations will occur.

It is important to understand that if we realized covers with few seams (like some of our competitors) we could guarantee a total waterproofness of the saddle.

Anyway, Tappezzeria Italia put customer satisfaction first and so we decided to make small elastic and water-repellent covers that can be purchased separately from the saddle.

These protective covers (optional) are easy to adhere to the saddle and little bulky, if you find yourself having to leave the bike to the weather, just put the cover to be sure that your saddle will remain completely dry inside.

The protective covers will also be very useful both to protect your new saddle from water, and to protect it from the sun and from all those external factors that can ruin the saddle.

Each protective cover cost 20€ and can be purchased through our website or by sending an email to info@tappezzeriaitalia.it.

NOTE - THOSE ARE SEAT COVERS NOT THE WHOLE SEAT. YOU NEED TO PUT THOSE SEAT COVERS ON YOUR EXISTING SEATS.",40000,,2026-07-26,active,Kawasaki,2000,g,Tappezzeria Murcia Seat Cover for Kawasaki Z900RS | Mile 27 Store,"All the covers of Tappezzeria Italia, are made with 100% waterproof materials, the seams are heat-taped from the inside to prevent the infiltration of…",,Cleaned noise; brand verified,High,false,Motorcycle Accessories > Seats > Seat Covers,High,"Mapped from Shopify Type ""seat cover""",tappezzeria-murcia-seat-cover-for-kawasaki-z900rs-1|Colour:Camel|price:40000.00|compare:|weight:2000|barcode:|qty:0 | tappezzeria-murcia-seat-cover-for-kawasaki-z900rs-2|Colour:Brown|price:40000.00|compare:|weight:2000|barcode:|qty:0 | tappezzeria-murcia-seat-cover-for-kawasaki-z900rs-3|Colour:Brick|price:40000.00|compare:|weight:2000|barcode:|qty:0,"tappezzeria-murcia-seat-cover-for-kawasaki-z900rs-1,tappezzeria-murcia-seat-cover-for-kawasaki-z900rs-2,tappezzeria-murcia-seat-cover-for-kawasaki-z900rs-3",3,https://cdn.shopify.com/s/files/1/0076/8301/4754/products/seat-cover-for-kawasaki-z-900-rs-18-21-murcia-model.jpg?v=1651667296|pos:1|alt:Kawasaki Tappezzeria Murcia Seat Cover for Kawasaki Z900RS – front view || https://cdn.shopify.com/s/files/1/0076/8301/4754/products/seat-cover-for-kawasaki-z-900-rs-18-21-murcia-model_1.jpg?v=1651667295|pos:2|alt:Kawasaki Tappezzeria Murcia Seat Cover for Kawasaki Z900RS – side view || https://cdn.shopify.com/s/files/1/0076/8301/4754/products/seat-cover-for-kawasaki-z-900-rs-18-21-murcia-model_2.jpg?v=1651667296|pos:3|alt:Kawasaki Tappezzeria Murcia Seat Cover for Kawasaki Z900RS – rear view,3,Kawasaki Tappezzeria Murcia Seat Cover for Kawasaki Z900RS – front view | Kawasaki Tappezzeria Murcia Seat Cover for Kawasaki Z900RS – side view | Kawasaki Tappezzeria Murcia Seat Cover for Kawasaki Z900RS – rear view,,0,,,,,,,,,false,not_eligible,,0,false,/products/tappezzeria-murcia-seat-cover-for-kawasaki-z900rs,/products/tappezzeria-murcia-seat-cover-for-kawasaki-z900rs
tappezzeria-natal-total-black-velvet-seat-cover-for-kawasaki-z900rs,tappezzeria-natal-total-black-velvet-seat-cover-for-kawasaki-z900rs,Tappezzeria Natal Total Black Velvet Seat Cover for Kawasaki Z900RS,Tappezzeria Natal Total Black Velvet Seat Cover for Kawasaki Z900RS,tappezzeria-natal-total-black-velvet-seat-cover-for-kawasaki-z900rs,"All the covers of Tappezzeria Italia, are made with 100% waterproof materials, the seams are heat-taped from the inside to prevent the infiltration of water,… Available in multiple sizes and/or colours — select your variant.","All the covers of Tappezzeria Italia, are made with 100% waterproof materials, the seams are heat-taped from the inside to prevent the infiltration of water, ensuring 80% waterproofing.<br><br>
However, infiltration may occur if the saddle is exposed to rain for a long time or to high pressure washing. These events, although rare, are not due to a defect in the coating.<br><br>
All our saddles are made with a very elaborate graphic design, this in favor of an attractive aesthetic and great visual impact, our lines, now appreciated all over the world, are the maximum expression of made in Italy saddlery.<br><br>
Master craftsmen sew our covers with great passion to give the customer a product that is recognizable and of great quality.<br><br>
Unfortunately, the more numerous the seams in the coatings and the greater the possibility that small infiltrations will occur.<br><br>
It is important to understand that if we realized covers with few seams (like some of our competitors) we could guarantee a total waterproofness of the saddle.<br><br>
Anyway, Tappezzeria Italia put customer satisfaction first and so we decided to make small elastic and water-repellent covers that can be purchased separately from the saddle.<br><br>
These protective covers (optional) are easy to adhere to the saddle and little bulky, if you find yourself having to leave the bike to the weather, just put the cover to be sure that your saddle will remain completely dry inside.<br><br>
The protective covers will also be very useful both to protect your new saddle from water, and to protect it from the sun and from all those external factors that can ruin the saddle.<br><br>
Each protective cover cost 20€ and can be purchased through our website or by sending an email to info@tappezzeriaitalia.it.<br><br>
<strong>NOTE - THOSE ARE SEAT COVERS NOT THE WHOLE SEAT. YOU NEED TO PUT THOSE SEAT COVERS ON YOUR EXISTING SEATS.</strong>","All the covers of Tappezzeria Italia, are made with 100% waterproof materials, the seams are heat-taped from the inside to prevent the infiltration of water, ensuring 80% waterproofing.

However, infiltration may occur if the saddle is exposed to rain for a long time or to high pressure washing. These events, although rare, are not due to a defect in the coating.

All our saddles are made with a very elaborate graphic design, this in favor of an attractive aesthetic and great visual impact, our lines, now appreciated all over the world, are the maximum expression of made in Italy saddlery.

Master craftsmen sew our covers with great passion to give the customer a product that is recognizable and of great quality.

Unfortunately, the more numerous the seams in the coatings and the greater the possibility that small infiltrations will occur.

It is important to understand that if we realized covers with few seams (like some of our competitors) we could guarantee a total waterproofness of the saddle.

Anyway, Tappezzeria Italia put customer satisfaction first and so we decided to make small elastic and water-repellent covers that can be purchased separately from the saddle.

These protective covers (optional) are easy to adhere to the saddle and little bulky, if you find yourself having to leave the bike to the weather, just put the cover to be sure that your saddle will remain completely dry inside.

The protective covers will also be very useful both to protect your new saddle from water, and to protect it from the sun and from all those external factors that can ruin the saddle.

Each protective cover cost 20€ and can be purchased through our website or by sending an email to info@tappezzeriaitalia.it.

NOTE - THOSE ARE SEAT COVERS NOT THE WHOLE SEAT. YOU NEED TO PUT THOSE SEAT COVERS ON YOUR EXISTING SEATS.",46000,,2026-07-26,active,Kawasaki,2000,g,Tappezzeria Natal Total Black Velvet Seat Cover for Kawasaki Z…,"All the covers of Tappezzeria Italia, are made with 100% waterproof materials, the seams are heat-taped from the inside to prevent the infiltration of…",,Cleaned noise; brand verified,High,false,Motorcycle Accessories > Seats > Seat Covers,High,"Mapped from Shopify Type ""seat cover""",tappezzeria-natal-total-black-velvet-seat-cover-for-kawasaki-z900rs-1|Colour:Black|price:46000.00|compare:|weight:2000|barcode:|qty:0 | tappezzeria-natal-total-black-velvet-seat-cover-for-kawasaki-z900rs-2|Colour:Red|price:46000.00|compare:|weight:2000|barcode:|qty:0 | tappezzeria-natal-total-black-velvet-seat-cover-for-kawasaki-z900rs-3|Colour:Green|price:46000.00|compare:|weight:2000|barcode:|qty:0,"tappezzeria-natal-total-black-velvet-seat-cover-for-kawasaki-z900rs-1,tappezzeria-natal-total-black-velvet-seat-cover-for-kawasaki-z900rs-2,tappezzeria-natal-total-black-velvet-seat-cover-for-kawasaki-z900rs-3",3,https://cdn.shopify.com/s/files/1/0076/8301/4754/products/seat-cover-for-kawasaki-z-900-rs-18-21-natal-total-black-velvet-model.jpg?v=1651666975|pos:1|alt:Kawasaki Tappezzeria Natal Total Black Velvet Seat Cover for Kawasaki Z900RS – front view || https://cdn.shopify.com/s/files/1/0076/8301/4754/products/seat-cover-for-kawasaki-z-900-rs-18-21-natal-total-black-velvet-model_1.jpg?v=1651666974|pos:2|alt:Kawasaki Tappezzeria Natal Total Black Velvet Seat Cover for Kawasaki Z900RS – side view || https://cdn.shopify.com/s/files/1/0076/8301/4754/products/seat-cover-for-kawasaki-z-900-rs-18-21-natal-total-black-velvet-model_2.jpg?v=1651666974|pos:3|alt:Kawasaki Tappezzeria Natal Total Black Velvet Seat Cover for Kawasaki Z900RS – rear view,3,Kawasaki Tappezzeria Natal Total Black Velvet Seat Cover for Kawasaki Z900RS – front view | Kawasaki Tappezzeria Natal Total Black Velvet Seat Cover for Kawasaki Z900RS – side view | Kawasaki Tappezzeria Natal Total Black Velvet Seat Cover for Kawasaki Z900RS – rear view,,0,,,,,,,,,false,not_eligible,,0,false,/products/tappezzeria-natal-total-black-velvet-seat-cover-for-kawasaki-z900rs,/products/tappezzeria-natal-total-black-velvet-seat-cover-for-kawasaki-z900rs
tappezzeria-shara-comfort-system-seat-cover-for-kawasaki-z900-2021,tappezzeria-shara-comfort-system-seat-cover-for-kawasaki-z900-2021,Tappezzeria Shara Comfort System Seat Cover for Kawasaki Z900 2021,Tappezzeria Shara Comfort System Seat Cover for Kawasaki Z900 2021,tappezzeria-shara-comfort-system-seat-cover-for-kawasaki-z900-2021,"All the covers of Tappezzeria Italia, are made with 100% waterproof materials, the seams are heat-taped from the inside to prevent the infiltration of water,… Available in multiple sizes and/or colours — select your variant.","All the covers of Tappezzeria Italia, are made with 100% waterproof materials, the seams are heat-taped from the inside to prevent the infiltration of water, ensuring 80% waterproofing.<br><br>
However, infiltration may occur if the saddle is exposed to rain for a long time or to high pressure washing. These events, although rare, are not due to a defect in the coating.<br><br>
All our saddles are made with a very elaborate graphic design, this in favor of an attractive aesthetic and great visual impact, our lines, now appreciated all over the world, are the maximum expression of made in Italy saddlery.<br><br>
Master craftsmen sew our covers with great passion to give the customer a product that is recognizable and of great quality.<br><br>
Unfortunately, the more numerous the seams in the coatings and the greater the possibility that small infiltrations will occur.<br><br>
It is important to understand that if we realized covers with few seams (like some of our competitors) we could guarantee a total waterproofness of the saddle.<br><br>
Anyway, Tappezzeria Italia put customer satisfaction first and so we decided to make small elastic and water-repellent covers that can be purchased separately from the saddle.<br><br>
These protective covers (optional) are easy to adhere to the saddle and little bulky, if you find yourself having to leave the bike to the weather, just put the cover to be sure that your saddle will remain completely dry inside.<br><br>
The protective covers will also be very useful both to protect your new saddle from water, and to protect it from the sun and from all those external factors that can ruin the saddle.<br><br>
Each protective cover cost 20€ and can be purchased through our website or by sending an email to info@tappezzeriaitalia.it.<br><br>
<strong>NOTE - THOSE ARE SEAT COVERS NOT THE WHOLE SEAT. YOU NEED TO PUT THOSE SEAT COVERS ON YOUR EXISTING SEATS.</strong>","All the covers of Tappezzeria Italia, are made with 100% waterproof materials, the seams are heat-taped from the inside to prevent the infiltration of water, ensuring 80% waterproofing.

However, infiltration may occur if the saddle is exposed to rain for a long time or to high pressure washing. These events, although rare, are not due to a defect in the coating.

All our saddles are made with a very elaborate graphic design, this in favor of an attractive aesthetic and great visual impact, our lines, now appreciated all over the world, are the maximum expression of made in Italy saddlery.

Master craftsmen sew our covers with great passion to give the customer a product that is recognizable and of great quality.

Unfortunately, the more numerous the seams in the coatings and the greater the possibility that small infiltrations will occur.

It is important to understand that if we realized covers with few seams (like some of our competitors) we could guarantee a total waterproofness of the saddle.

Anyway, Tappezzeria Italia put customer satisfaction first and so we decided to make small elastic and water-repellent covers that can be purchased separately from the saddle.

These protective covers (optional) are easy to adhere to the saddle and little bulky, if you find yourself having to leave the bike to the weather, just put the cover to be sure that your saddle will remain completely dry inside.

The protective covers will also be very useful both to protect your new saddle from water, and to protect it from the sun and from all those external factors that can ruin the saddle.

Each protective cover cost 20€ and can be purchased through our website or by sending an email to info@tappezzeriaitalia.it.

NOTE - THOSE ARE SEAT COVERS NOT THE WHOLE SEAT. YOU NEED TO PUT THOSE SEAT COVERS ON YOUR EXISTING SEATS.",43000,,2026-07-26,active,Kawasaki,2000,g,Tappezzeria Shara Comfort System Seat Cover for Kawasaki Z900 …,"All the covers of Tappezzeria Italia, are made with 100% waterproof materials, the seams are heat-taped from the inside to prevent the infiltration of…",,Cleaned noise; brand verified,High,false,Motorcycle Accessories > Seats > Seat Covers,High,"Mapped from Shopify Type ""seat cover""",tappezzeria-shara-comfort-system-seat-cover-for-kawasaki-z900-2021-1|Colour:Grey|price:43000.00|compare:|weight:2000|barcode:|qty:0 | tappezzeria-shara-comfort-system-seat-cover-for-kawasaki-z900-2021-2|Colour:Red|price:43000.00|compare:|weight:2000|barcode:|qty:0 | tappezzeria-shara-comfort-system-seat-cover-for-kawasaki-z900-2021-3|Colour:Green|price:43000.00|compare:|weight:2000|barcode:|qty:0 | tappezzeria-shara-comfort-system-seat-cover-for-kawasaki-z900-2021-4|Colour:Black|price:43000.00|compare:|weight:2000|barcode:|qty:0 | tappezzeria-shara-comfort-system-seat-cover-for-kawasaki-z900-2021-5|Colour:Bordeaux|price:43000.00|compare:|weight:2000|barcode:|qty:0,"tappezzeria-shara-comfort-system-seat-cover-for-kawasaki-z900-2021-1,tappezzeria-shara-comfort-system-seat-cover-for-kawasaki-z900-2021-2,tappezzeria-shara-comfort-system-seat-cover-for-kawasaki-z900-2021-3,tappezzeria-shara-comfort-system-seat-cover-for-kawasaki-z900-2021-4,tappezzeria-shara-comfort-system-seat-cover-for-kawasaki-z900-2021-5",5,https://cdn.shopify.com/s/files/1/0076/8301/4754/products/seat-cover-compatible-kawasaki-z-900-17-21-shara-comfort-system-model_3e772567-2083-4c0f-9d72-a64c8c13d91f.jpg?v=1651666496|pos:1|alt:Kawasaki Tappezzeria Shara Comfort System Seat Cover for Kawasaki Z900 2021 – front view || https://cdn.shopify.com/s/files/1/0076/8301/4754/products/seat-cover-compatible-kawasaki-z-900-17-21-shara-comfort-system-model_1_ddadbd68-ec2c-4459-9129-9315aa996e4d.jpg?v=1651666496|pos:2|alt:Kawasaki Tappezzeria Shara Comfort System Seat Cover for Kawasaki Z900 2021 – side view || https://cdn.shopify.com/s/files/1/0076/8301/4754/products/seat-cover-compatible-kawasaki-z-900-17-21-shara-comfort-system-model_2_b4bc92ee-b6da-4297-b5a7-4dea0b26e106.jpg?v=1651666496|pos:3|alt:Kawasaki Tappezzeria Shara Comfort System Seat Cover for Kawasaki Z900 2021 – rear view || https://cdn.shopify.com/s/files/1/0076/8301/4754/products/seat-cover-compatible-kawasaki-z-900-17-21-shara-comfort-system-model_3_d7d618f8-64df-40b4-b20d-24e03d6cea15.jpg?v=1651666496|pos:4|alt:Kawasaki Tappezzeria Shara Comfort System Seat Cover for Kawasaki Z900 2021 – detail view || https://cdn.shopify.com/s/files/1/0076/8301/4754/products/seat-cover-compatible-kawasaki-z-900-17-21-shara-comfort-system-model_4_07121ee2-bcb4-4161-b485-8a065d5fbd42.jpg?v=1651666496|pos:5|alt:Kawasaki Tappezzeria Shara Comfort System Seat Cover for Kawasaki Z900 2021 – top view,5,Kawasaki Tappezzeria Shara Comfort System Seat Cover for Kawasaki Z900 2021 – front view | Kawasaki Tappezzeria Shara Comfort System Seat Cover for Kawasaki Z900 2021 – side view | Kawasaki Tappezzeria Shara Comfort System Seat Cover for Kawasaki Z900 2021 – rear view | Kawasaki Tappezzeria Shara Comfort System Seat Cover for Kawasaki Z900 2021 – detail view | Kawasaki Tappezzeria Shara Comfort System Seat Cover for Kawasaki Z900 2021 – top view,,0,,,,,,,,,false,not_eligible,,0,false,/products/tappezzeria-shara-comfort-system-seat-cover-for-kawasaki-z900-2021,/products/tappezzeria-shara-comfort-system-seat-cover-for-kawasaki-z900-2021
tappezzeria-shara-comfort-system-seat-cover-for-kawasaki-z900-2020,tappezzeria-shara-comfort-system-seat-cover-for-kawasaki-z900-2020,Tappezzeria Shara Comfort System Seat Cover for Kawasaki Z900 2020,Tappezzeria Shara Comfort System Seat Cover for Kawasaki Z900 2020,tappezzeria-shara-comfort-system-seat-cover-for-kawasaki-z900-2020,"All the covers of Tappezzeria Italia, are made with 100% waterproof materials, the seams are heat-taped from the inside to prevent the infiltration of water,… Available in multiple sizes and/or colours — select your variant.","All the covers of Tappezzeria Italia, are made with 100% waterproof materials, the seams are heat-taped from the inside to prevent the infiltration of water, ensuring 80% waterproofing.<br><br>
However, infiltration may occur if the saddle is exposed to rain for a long time or to high pressure washing. These events, although rare, are not due to a defect in the coating.<br><br>
All our saddles are made with a very elaborate graphic design, this in favor of an attractive aesthetic and great visual impact, our lines, now appreciated all over the world, are the maximum expression of made in Italy saddlery.<br><br>
Master craftsmen sew our covers with great passion to give the customer a product that is recognizable and of great quality.<br><br>
Unfortunately, the more numerous the seams in the coatings and the greater the possibility that small infiltrations will occur.<br><br>
It is important to understand that if we realized covers with few seams (like some of our competitors) we could guarantee a total waterproofness of the saddle.<br><br>
Anyway, Tappezzeria Italia put customer satisfaction first and so we decided to make small elastic and water-repellent covers that can be purchased separately from the saddle.<br><br>
These protective covers (optional) are easy to adhere to the saddle and little bulky, if you find yourself having to leave the bike to the weather, just put the cover to be sure that your saddle will remain completely dry inside.<br><br>
The protective covers will also be very useful both to protect your new saddle from water, and to protect it from the sun and from all those external factors that can ruin the saddle.<br><br>
Each protective cover cost 20€ and can be purchased through our website or by sending an email to info@tappezzeriaitalia.it.<br><br>
<strong>NOTE - THOSE ARE SEAT COVERS NOT THE WHOLE SEAT. YOU NEED TO PUT THOSE SEAT COVERS ON YOUR EXISTING SEATS.</strong>","All the covers of Tappezzeria Italia, are made with 100% waterproof materials, the seams are heat-taped from the inside to prevent the infiltration of water, ensuring 80% waterproofing.

However, infiltration may occur if the saddle is exposed to rain for a long time or to high pressure washing. These events, although rare, are not due to a defect in the coating.

All our saddles are made with a very elaborate graphic design, this in favor of an attractive aesthetic and great visual impact, our lines, now appreciated all over the world, are the maximum expression of made in Italy saddlery.

Master craftsmen sew our covers with great passion to give the customer a product that is recognizable and of great quality.

Unfortunately, the more numerous the seams in the coatings and the greater the possibility that small infiltrations will occur.

It is important to understand that if we realized covers with few seams (like some of our competitors) we could guarantee a total waterproofness of the saddle.

Anyway, Tappezzeria Italia put customer satisfaction first and so we decided to make small elastic and water-repellent covers that can be purchased separately from the saddle.

These protective covers (optional) are easy to adhere to the saddle and little bulky, if you find yourself having to leave the bike to the weather, just put the cover to be sure that your saddle will remain completely dry inside.

The protective covers will also be very useful both to protect your new saddle from water, and to protect it from the sun and from all those external factors that can ruin the saddle.

Each protective cover cost 20€ and can be purchased through our website or by sending an email to info@tappezzeriaitalia.it.

NOTE - THOSE ARE SEAT COVERS NOT THE WHOLE SEAT. YOU NEED TO PUT THOSE SEAT COVERS ON YOUR EXISTING SEATS.",43000,,2026-07-26,active,Kawasaki,2000,g,Tappezzeria Shara Comfort System Seat Cover for Kawasaki Z900 …,"All the covers of Tappezzeria Italia, are made with 100% waterproof materials, the seams are heat-taped from the inside to prevent the infiltration of…",,Cleaned noise; brand verified,High,false,Motorcycle Accessories > Seats > Seat Covers,High,"Mapped from Shopify Type ""seat cover""",tappezzeria-shara-comfort-system-seat-cover-for-kawasaki-z900-2020-1|Colour:Grey|price:43000.00|compare:|weight:2000|barcode:|qty:0 | tappezzeria-shara-comfort-system-seat-cover-for-kawasaki-z900-2020-2|Colour:Red|price:43000.00|compare:|weight:2000|barcode:|qty:0 | tappezzeria-shara-comfort-system-seat-cover-for-kawasaki-z900-2020-3|Colour:Green|price:43000.00|compare:|weight:2000|barcode:|qty:0 | tappezzeria-shara-comfort-system-seat-cover-for-kawasaki-z900-2020-4|Colour:Black|price:43000.00|compare:|weight:2000|barcode:|qty:0 | tappezzeria-shara-comfort-system-seat-cover-for-kawasaki-z900-2020-5|Colour:Bordeaux|price:43000.00|compare:|weight:2000|barcode:|qty:0,"tappezzeria-shara-comfort-system-seat-cover-for-kawasaki-z900-2020-1,tappezzeria-shara-comfort-system-seat-cover-for-kawasaki-z900-2020-2,tappezzeria-shara-comfort-system-seat-cover-for-kawasaki-z900-2020-3,tappezzeria-shara-comfort-system-seat-cover-for-kawasaki-z900-2020-4,tappezzeria-shara-comfort-system-seat-cover-for-kawasaki-z900-2020-5",5,https://cdn.shopify.com/s/files/1/0076/8301/4754/products/seat-cover-compatible-kawasaki-z-900-17-21-shara-comfort-system-model_f8e0241d-e268-4b67-a710-bc038c2e9a02.jpg?v=1651666416|pos:1|alt:Kawasaki Tappezzeria Shara Comfort System Seat Cover for Kawasaki Z900 2020 – front view || https://cdn.shopify.com/s/files/1/0076/8301/4754/products/seat-cover-compatible-kawasaki-z-900-17-21-shara-comfort-system-model_1_d6155874-7047-48cc-bdd8-34bef11bfb73.jpg?v=1651666416|pos:2|alt:Kawasaki Tappezzeria Shara Comfort System Seat Cover for Kawasaki Z900 2020 – side view || https://cdn.shopify.com/s/files/1/0076/8301/4754/products/seat-cover-compatible-kawasaki-z-900-17-21-shara-comfort-system-model_2_30f09824-84de-466f-acfc-fd08526f3d9d.jpg?v=1651666416|pos:3|alt:Kawasaki Tappezzeria Shara Comfort System Seat Cover for Kawasaki Z900 2020 – rear view || https://cdn.shopify.com/s/files/1/0076/8301/4754/products/seat-cover-compatible-kawasaki-z-900-17-21-shara-comfort-system-model_3_3e6ada77-b1f3-4297-93ae-bcd55de7742d.jpg?v=1651666416|pos:4|alt:Kawasaki Tappezzeria Shara Comfort System Seat Cover for Kawasaki Z900 2020 – detail view || https://cdn.shopify.com/s/files/1/0076/8301/4754/products/seat-cover-compatible-kawasaki-z-900-17-21-shara-comfort-system-model_4_25ba5674-f70c-4650-8a85-6d052ee103e8.jpg?v=1651666416|pos:5|alt:Kawasaki Tappezzeria Shara Comfort System Seat Cover for Kawasaki Z900 2020 – top view,5,Kawasaki Tappezzeria Shara Comfort System Seat Cover for Kawasaki Z900 2020 – front view | Kawasaki Tappezzeria Shara Comfort System Seat Cover for Kawasaki Z900 2020 – side view | Kawasaki Tappezzeria Shara Comfort System Seat Cover for Kawasaki Z900 2020 – rear view | Kawasaki Tappezzeria Shara Comfort System Seat Cover for Kawasaki Z900 2020 – detail view | Kawasaki Tappezzeria Shara Comfort System Seat Cover for Kawasaki Z900 2020 – top view,,0,,,,,,,,,false,not_eligible,,0,false,/products/tappezzeria-shara-comfort-system-seat-cover-for-kawasaki-z900-2020,/products/tappezzeria-shara-comfort-system-seat-cover-for-kawasaki-z900-2020
tappezzeria-shara-comfort-system-seat-cover-for-kawasaki-z900,tappezzeria-shara-comfort-system-seat-cover-for-kawasaki-z900,Tappezzeria Shara Comfort System Seat Cover for Kawasaki Z900,Tappezzeria Shara Comfort System Seat Cover for Kawasaki Z900,tappezzeria-shara-comfort-system-seat-cover-for-kawasaki-z900,"All the covers of Tappezzeria Italia, are made with 100% waterproof materials, the seams are heat-taped from the inside to prevent the infiltration of water,… Available in multiple sizes and/or colours — select your variant.","All the covers of Tappezzeria Italia, are made with 100% waterproof materials, the seams are heat-taped from the inside to prevent the infiltration of water, ensuring 80% waterproofing.<br><br>
However, infiltration may occur if the saddle is exposed to rain for a long time or to high pressure washing. These events, although rare, are not due to a defect in the coating.<br><br>
All our saddles are made with a very elaborate graphic design, this in favor of an attractive aesthetic and great visual impact, our lines, now appreciated all over the world, are the maximum expression of made in Italy saddlery.<br><br>
Master craftsmen sew our covers with great passion to give the customer a product that is recognizable and of great quality.<br><br>
Unfortunately, the more numerous the seams in the coatings and the greater the possibility that small infiltrations will occur.<br><br>
It is important to understand that if we realized covers with few seams (like some of our competitors) we could guarantee a total waterproofness of the saddle.<br><br>
Anyway, Tappezzeria Italia put customer satisfaction first and so we decided to make small elastic and water-repellent covers that can be purchased separately from the saddle.<br><br>
These protective covers (optional) are easy to adhere to the saddle and little bulky, if you find yourself having to leave the bike to the weather, just put the cover to be sure that your saddle will remain completely dry inside.<br><br>
The protective covers will also be very useful both to protect your new saddle from water, and to protect it from the sun and from all those external factors that can ruin the saddle.<br><br>
Each protective cover cost 20€ and can be purchased through our website or by sending an email to info@tappezzeriaitalia.it.<br><br>
<strong>NOTE - THOSE ARE SEAT COVERS NOT THE WHOLE SEAT. YOU NEED TO PUT THOSE SEAT COVERS ON YOUR EXISTING SEATS.</strong>","All the covers of Tappezzeria Italia, are made with 100% waterproof materials, the seams are heat-taped from the inside to prevent the infiltration of water, ensuring 80% waterproofing.

However, infiltration may occur if the saddle is exposed to rain for a long time or to high pressure washing. These events, although rare, are not due to a defect in the coating.

All our saddles are made with a very elaborate graphic design, this in favor of an attractive aesthetic and great visual impact, our lines, now appreciated all over the world, are the maximum expression of made in Italy saddlery.

Master craftsmen sew our covers with great passion to give the customer a product that is recognizable and of great quality.

Unfortunately, the more numerous the seams in the coatings and the greater the possibility that small infiltrations will occur.

It is important to understand that if we realized covers with few seams (like some of our competitors) we could guarantee a total waterproofness of the saddle.

Anyway, Tappezzeria Italia put customer satisfaction first and so we decided to make small elastic and water-repellent covers that can be purchased separately from the saddle.

These protective covers (optional) are easy to adhere to the saddle and little bulky, if you find yourself having to leave the bike to the weather, just put the cover to be sure that your saddle will remain completely dry inside.

The protective covers will also be very useful both to protect your new saddle from water, and to protect it from the sun and from all those external factors that can ruin the saddle.

Each protective cover cost 20€ and can be purchased through our website or by sending an email to info@tappezzeriaitalia.it.

NOTE - THOSE ARE SEAT COVERS NOT THE WHOLE SEAT. YOU NEED TO PUT THOSE SEAT COVERS ON YOUR EXISTING SEATS.",43000,,2026-07-26,active,Kawasaki,2000,g,Tappezzeria Shara Comfort System Seat Cover for Kawasaki Z900 …,"All the covers of Tappezzeria Italia, are made with 100% waterproof materials, the seams are heat-taped from the inside to prevent the infiltration of…",,Cleaned noise; brand verified,High,false,Motorcycle Accessories > Seats > Seat Covers,High,"Mapped from Shopify Type ""seat cover""",tappezzeria-shara-comfort-system-seat-cover-for-kawasaki-z900-1|Colour:Grey|price:43000.00|compare:|weight:2000|barcode:|qty:0 | tappezzeria-shara-comfort-system-seat-cover-for-kawasaki-z900-2|Colour:Red|price:43000.00|compare:|weight:2000|barcode:|qty:0 | tappezzeria-shara-comfort-system-seat-cover-for-kawasaki-z900-3|Colour:Green|price:43000.00|compare:|weight:2000|barcode:|qty:0 | tappezzeria-shara-comfort-system-seat-cover-for-kawasaki-z900-4|Colour:Black|price:43000.00|compare:|weight:2000|barcode:|qty:0 | tappezzeria-shara-comfort-system-seat-cover-for-kawasaki-z900-5|Colour:Bordeaux|price:43000.00|compare:|weight:2000|barcode:|qty:0,"tappezzeria-shara-comfort-system-seat-cover-for-kawasaki-z900-1,tappezzeria-shara-comfort-system-seat-cover-for-kawasaki-z900-2,tappezzeria-shara-comfort-system-seat-cover-for-kawasaki-z900-3,tappezzeria-shara-comfort-system-seat-cover-for-kawasaki-z900-4,tappezzeria-shara-comfort-system-seat-cover-for-kawasaki-z900-5",5,https://cdn.shopify.com/s/files/1/0076/8301/4754/products/seat-cover-compatible-kawasaki-z-900-17-21-shara-comfort-system-model.jpg?v=1651666346|pos:1|alt:Kawasaki Tappezzeria Shara Comfort System Seat Cover for Kawasaki Z900 – front view || https://cdn.shopify.com/s/files/1/0076/8301/4754/products/seat-cover-compatible-kawasaki-z-900-17-21-shara-comfort-system-model_1.jpg?v=1651666346|pos:2|alt:Kawasaki Tappezzeria Shara Comfort System Seat Cover for Kawasaki Z900 – side view || https://cdn.shopify.com/s/files/1/0076/8301/4754/products/seat-cover-compatible-kawasaki-z-900-17-21-shara-comfort-system-model_2.jpg?v=1651666347|pos:3|alt:Kawasaki Tappezzeria Shara Comfort System Seat Cover for Kawasaki Z900 – rear view || https://cdn.shopify.com/s/files/1/0076/8301/4754/products/seat-cover-compatible-kawasaki-z-900-17-21-shara-comfort-system-model_3.jpg?v=1651666347|pos:4|alt:Kawasaki Tappezzeria Shara Comfort System Seat Cover for Kawasaki Z900 – detail view || https://cdn.shopify.com/s/files/1/0076/8301/4754/products/seat-cover-compatible-kawasaki-z-900-17-21-shara-comfort-system-model_4.jpg?v=1651666346|pos:5|alt:Kawasaki Tappezzeria Shara Comfort System Seat Cover for Kawasaki Z900 – top view,5,Kawasaki Tappezzeria Shara Comfort System Seat Cover for Kawasaki Z900 – front view | Kawasaki Tappezzeria Shara Comfort System Seat Cover for Kawasaki Z900 – side view | Kawasaki Tappezzeria Shara Comfort System Seat Cover for Kawasaki Z900 – rear view | Kawasaki Tappezzeria Shara Comfort System Seat Cover for Kawasaki Z900 – detail view | Kawasaki Tappezzeria Shara Comfort System Seat Cover for Kawasaki Z900 – top view,,0,,,,,,,,,false,not_eligible,,0,false,/products/tappezzeria-shara-comfort-system-seat-cover-for-kawasaki-z900,/products/tappezzeria-shara-comfort-system-seat-cover-for-kawasaki-z900
tappezzeria-bran-3-comfort-system-seat-cover-for-kawasaki-z900-2021,tappezzeria-bran-3-comfort-system-seat-cover-for-kawasaki-z900-2021,Tappezzeria Bran 3 Comfort System Seat Cover for Kawasaki Z900 2021,Tappezzeria Bran 3 Comfort System Seat Cover for Kawasaki Z900 2021,tappezzeria-bran-3-comfort-system-seat-cover-for-kawasaki-z900-2021,"All the covers of Tappezzeria Italia, are made with 100% waterproof materials, the seams are heat-taped from the inside to prevent the infiltration of water,… Available in multiple sizes and/or colours — select your variant.","All the covers of Tappezzeria Italia, are made with 100% waterproof materials, the seams are heat-taped from the inside to prevent the infiltration of water, ensuring 80% waterproofing.<br><br>
However, infiltration may occur if the saddle is exposed to rain for a long time or to high pressure washing. These events, although rare, are not due to a defect in the coating.<br><br>
All our saddles are made with a very elaborate graphic design, this in favor of an attractive aesthetic and great visual impact, our lines, now appreciated all over the world, are the maximum expression of made in Italy saddlery.<br><br>
Master craftsmen sew our covers with great passion to give the customer a product that is recognizable and of great quality.<br><br>
Unfortunately, the more numerous the seams in the coatings and the greater the possibility that small infiltrations will occur.<br><br>
It is important to understand that if we realized covers with few seams (like some of our competitors) we could guarantee a total waterproofness of the saddle.<br><br>
Anyway, Tappezzeria Italia put customer satisfaction first and so we decided to make small elastic and water-repellent covers that can be purchased separately from the saddle.<br><br>
These protective covers (optional) are easy to adhere to the saddle and little bulky, if you find yourself having to leave the bike to the weather, just put the cover to be sure that your saddle will remain completely dry inside.<br><br>
The protective covers will also be very useful both to protect your new saddle from water, and to protect it from the sun and from all those external factors that can ruin the saddle.<br><br>
Each protective cover cost 20€ and can be purchased through our website or by sending an email to info@tappezzeriaitalia.it.<br><br>
<strong>NOTE - THOSE ARE SEAT COVERS NOT THE WHOLE SEAT. YOU NEED TO PUT THOSE SEAT COVERS ON YOUR EXISTING SEATS.</strong>","All the covers of Tappezzeria Italia, are made with 100% waterproof materials, the seams are heat-taped from the inside to prevent the infiltration of water, ensuring 80% waterproofing.

However, infiltration may occur if the saddle is exposed to rain for a long time or to high pressure washing. These events, although rare, are not due to a defect in the coating.

All our saddles are made with a very elaborate graphic design, this in favor of an attractive aesthetic and great visual impact, our lines, now appreciated all over the world, are the maximum expression of made in Italy saddlery.

Master craftsmen sew our covers with great passion to give the customer a product that is recognizable and of great quality.

Unfortunately, the more numerous the seams in the coatings and the greater the possibility that small infiltrations will occur.

It is important to understand that if we realized covers with few seams (like some of our competitors) we could guarantee a total waterproofness of the saddle.

Anyway, Tappezzeria Italia put customer satisfaction first and so we decided to make small elastic and water-repellent covers that can be purchased separately from the saddle.

These protective covers (optional) are easy to adhere to the saddle and little bulky, if you find yourself having to leave the bike to the weather, just put the cover to be sure that your saddle will remain completely dry inside.

The protective covers will also be very useful both to protect your new saddle from water, and to protect it from the sun and from all those external factors that can ruin the saddle.

Each protective cover cost 20€ and can be purchased through our website or by sending an email to info@tappezzeriaitalia.it.

NOTE - THOSE ARE SEAT COVERS NOT THE WHOLE SEAT. YOU NEED TO PUT THOSE SEAT COVERS ON YOUR EXISTING SEATS.",42000,,2026-07-26,active,Kawasaki,2000,g,Tappezzeria Bran 3 Comfort System Seat Cover for Kawasaki Z900…,"All the covers of Tappezzeria Italia, are made with 100% waterproof materials, the seams are heat-taped from the inside to prevent the infiltration of…",,Cleaned noise; brand verified,High,false,Motorcycle Accessories > Seats > Seat Covers,High,"Mapped from Shopify Type ""seat cover""",tappezzeria-bran-3-comfort-system-seat-cover-for-kawasaki-z900-2021-1|Colour:Green|price:42000.00|compare:|weight:2000|barcode:|qty:0 | tappezzeria-bran-3-comfort-system-seat-cover-for-kawasaki-z900-2021-2|Colour:Grey|price:42000.00|compare:|weight:2000|barcode:|qty:0 | tappezzeria-bran-3-comfort-system-seat-cover-for-kawasaki-z900-2021-3|Colour:Black|price:42000.00|compare:|weight:2000|barcode:|qty:0 | tappezzeria-bran-3-comfort-system-seat-cover-for-kawasaki-z900-2021-4|Colour:Bordeaux|price:42000.00|compare:|weight:2000|barcode:|qty:0,"tappezzeria-bran-3-comfort-system-seat-cover-for-kawasaki-z900-2021-1,tappezzeria-bran-3-comfort-system-seat-cover-for-kawasaki-z900-2021-2,tappezzeria-bran-3-comfort-system-seat-cover-for-kawasaki-z900-2021-3,tappezzeria-bran-3-comfort-system-seat-cover-for-kawasaki-z900-2021-4",4,https://cdn.shopify.com/s/files/1/0076/8301/4754/products/seat-cover-for-kawasaki-z-900-17-21-bran-3-comfort-system-model_fdc8e7a5-b432-4088-8070-206f1b05b40d.jpg?v=1651665957|pos:1|alt:Kawasaki Tappezzeria Bran 3 Comfort System Seat Cover for Kawasaki Z900 2021 – front view || https://cdn.shopify.com/s/files/1/0076/8301/4754/products/seat-cover-for-kawasaki-z-900-17-21-bran-3-comfort-system-model_1_8760c090-882a-4c60-85d3-a16628af1fac.jpg?v=1651665957|pos:2|alt:Kawasaki Tappezzeria Bran 3 Comfort System Seat Cover for Kawasaki Z900 2021 – side view || https://cdn.shopify.com/s/files/1/0076/8301/4754/products/seat-cover-for-kawasaki-z-900-17-21-bran-3-comfort-system-model_2_44d5a700-5b27-4bc6-9d9c-42bf1fd8ca7d.jpg?v=1651665957|pos:3|alt:Kawasaki Tappezzeria Bran 3 Comfort System Seat Cover for Kawasaki Z900 2021 – rear view || https://cdn.shopify.com/s/files/1/0076/8301/4754/products/seat-cover-for-kawasaki-z-900-17-21-bran-3-comfort-system-model_3_717c6a25-53e6-4583-a289-8f6b10f5cef7.jpg?v=1651665958|pos:4|alt:Kawasaki Tappezzeria Bran 3 Comfort System Seat Cover for Kawasaki Z900 2021 – detail view,4,Kawasaki Tappezzeria Bran 3 Comfort System Seat Cover for Kawasaki Z900 2021 – front view | Kawasaki Tappezzeria Bran 3 Comfort System Seat Cover for Kawasaki Z900 2021 – side view | Kawasaki Tappezzeria Bran 3 Comfort System Seat Cover for Kawasaki Z900 2021 – rear view | Kawasaki Tappezzeria Bran 3 Comfort System Seat Cover for Kawasaki Z900 2021 – detail view,,0,,,,,,,,,false,not_eligible,,0,false,/products/tappezzeria-bran-3-comfort-system-seat-cover-for-kawasaki-z900-2021,/products/tappezzeria-bran-3-comfort-system-seat-cover-for-kawasaki-z900-2021
tappezzeria-bran-3-comfort-system-seat-cover-for-kawasaki-z900-2020,tappezzeria-bran-3-comfort-system-seat-cover-for-kawasaki-z900-2020,Tappezzeria Bran 3 Comfort System Seat Cover for Kawasaki Z900 2020,Tappezzeria Bran 3 Comfort System Seat Cover for Kawasaki Z900 2020,tappezzeria-bran-3-comfort-system-seat-cover-for-kawasaki-z900-2020,"All the covers of Tappezzeria Italia, are made with 100% waterproof materials, the seams are heat-taped from the inside to prevent the infiltration of water,… Available in multiple sizes and/or colours — select your variant.","All the covers of Tappezzeria Italia, are made with 100% waterproof materials, the seams are heat-taped from the inside to prevent the infiltration of water, ensuring 80% waterproofing.<br><br>
However, infiltration may occur if the saddle is exposed to rain for a long time or to high pressure washing. These events, although rare, are not due to a defect in the coating.<br><br>
All our saddles are made with a very elaborate graphic design, this in favor of an attractive aesthetic and great visual impact, our lines, now appreciated all over the world, are the maximum expression of made in Italy saddlery.<br><br>
Master craftsmen sew our covers with great passion to give the customer a product that is recognizable and of great quality.<br><br>
Unfortunately, the more numerous the seams in the coatings and the greater the possibility that small infiltrations will occur.<br><br>
It is important to understand that if we realized covers with few seams (like some of our competitors) we could guarantee a total waterproofness of the saddle.<br><br>
Anyway, Tappezzeria Italia put customer satisfaction first and so we decided to make small elastic and water-repellent covers that can be purchased separately from the saddle.<br><br>
These protective covers (optional) are easy to adhere to the saddle and little bulky, if you find yourself having to leave the bike to the weather, just put the cover to be sure that your saddle will remain completely dry inside.<br><br>
The protective covers will also be very useful both to protect your new saddle from water, and to protect it from the sun and from all those external factors that can ruin the saddle.<br><br>
Each protective cover cost 20€ and can be purchased through our website or by sending an email to info@tappezzeriaitalia.it.<br><br>
<strong>NOTE - THOSE ARE SEAT COVERS NOT THE WHOLE SEAT. YOU NEED TO PUT THOSE SEAT COVERS ON YOUR EXISTING SEATS.</strong>","All the covers of Tappezzeria Italia, are made with 100% waterproof materials, the seams are heat-taped from the inside to prevent the infiltration of water, ensuring 80% waterproofing.

However, infiltration may occur if the saddle is exposed to rain for a long time or to high pressure washing. These events, although rare, are not due to a defect in the coating.

All our saddles are made with a very elaborate graphic design, this in favor of an attractive aesthetic and great visual impact, our lines, now appreciated all over the world, are the maximum expression of made in Italy saddlery.

Master craftsmen sew our covers with great passion to give the customer a product that is recognizable and of great quality.

Unfortunately, the more numerous the seams in the coatings and the greater the possibility that small infiltrations will occur.

It is important to understand that if we realized covers with few seams (like some of our competitors) we could guarantee a total waterproofness of the saddle.

Anyway, Tappezzeria Italia put customer satisfaction first and so we decided to make small elastic and water-repellent covers that can be purchased separately from the saddle.

These protective covers (optional) are easy to adhere to the saddle and little bulky, if you find yourself having to leave the bike to the weather, just put the cover to be sure that your saddle will remain completely dry inside.

The protective covers will also be very useful both to protect your new saddle from water, and to protect it from the sun and from all those external factors that can ruin the saddle.

Each protective cover cost 20€ and can be purchased through our website or by sending an email to info@tappezzeriaitalia.it.

NOTE - THOSE ARE SEAT COVERS NOT THE WHOLE SEAT. YOU NEED TO PUT THOSE SEAT COVERS ON YOUR EXISTING SEATS.",42000,,2026-07-26,active,Kawasaki,2000,g,Tappezzeria Bran 3 Comfort System Seat Cover for Kawasaki Z900…,"All the covers of Tappezzeria Italia, are made with 100% waterproof materials, the seams are heat-taped from the inside to prevent the infiltration of…",,Cleaned noise; brand verified,High,false,Motorcycle Accessories > Seats > Seat Covers,High,"Mapped from Shopify Type ""seat cover""",tappezzeria-bran-3-comfort-system-seat-cover-for-kawasaki-z900-2020-1|Colour:Green|price:42000.00|compare:|weight:2000|barcode:|qty:0 | tappezzeria-bran-3-comfort-system-seat-cover-for-kawasaki-z900-2020-2|Colour:Grey|price:42000.00|compare:|weight:2000|barcode:|qty:0 | tappezzeria-bran-3-comfort-system-seat-cover-for-kawasaki-z900-2020-3|Colour:Black|price:42000.00|compare:|weight:2000|barcode:|qty:0 | tappezzeria-bran-3-comfort-system-seat-cover-for-kawasaki-z900-2020-4|Colour:Bordeaux|price:42000.00|compare:|weight:2000|barcode:|qty:0,"tappezzeria-bran-3-comfort-system-seat-cover-for-kawasaki-z900-2020-1,tappezzeria-bran-3-comfort-system-seat-cover-for-kawasaki-z900-2020-2,tappezzeria-bran-3-comfort-system-seat-cover-for-kawasaki-z900-2020-3,tappezzeria-bran-3-comfort-system-seat-cover-for-kawasaki-z900-2020-4",4,https://cdn.shopify.com/s/files/1/0076/8301/4754/products/seat-cover-for-kawasaki-z-900-17-21-bran-3-comfort-system-model_c0bf6874-796c-4c32-b7e6-3a9e5d7ac8c1.jpg?v=1651665866|pos:1|alt:Kawasaki Tappezzeria Bran 3 Comfort System Seat Cover for Kawasaki Z900 2020 – front view || https://cdn.shopify.com/s/files/1/0076/8301/4754/products/seat-cover-for-kawasaki-z-900-17-21-bran-3-comfort-system-model_1_c19b79a6-f056-4a3f-90a7-c6665901fb1b.jpg?v=1651665867|pos:2|alt:Kawasaki Tappezzeria Bran 3 Comfort System Seat Cover for Kawasaki Z900 2020 – side view || https://cdn.shopify.com/s/files/1/0076/8301/4754/products/seat-cover-for-kawasaki-z-900-17-21-bran-3-comfort-system-model_2_422195b2-fe84-42c9-8202-092c86108db1.jpg?v=1651665867|pos:3|alt:Kawasaki Tappezzeria Bran 3 Comfort System Seat Cover for Kawasaki Z900 2020 – rear view || https://cdn.shopify.com/s/files/1/0076/8301/4754/products/seat-cover-for-kawasaki-z-900-17-21-bran-3-comfort-system-model_3_aed7a554-ddf2-4269-baa7-07ee290bd580.jpg?v=1651665867|pos:4|alt:Kawasaki Tappezzeria Bran 3 Comfort System Seat Cover for Kawasaki Z900 2020 – detail view,4,Kawasaki Tappezzeria Bran 3 Comfort System Seat Cover for Kawasaki Z900 2020 – front view | Kawasaki Tappezzeria Bran 3 Comfort System Seat Cover for Kawasaki Z900 2020 – side view | Kawasaki Tappezzeria Bran 3 Comfort System Seat Cover for Kawasaki Z900 2020 – rear view | Kawasaki Tappezzeria Bran 3 Comfort System Seat Cover for Kawasaki Z900 2020 – detail view,,0,,,,,,,,,false,not_eligible,,0,false,/products/tappezzeria-bran-3-comfort-system-seat-cover-for-kawasaki-z900-2020,/products/tappezzeria-bran-3-comfort-system-seat-cover-for-kawasaki-z900-2020
tappezzeria-bran-3-comfort-system-seat-cover-for-kawasaki-z900,tappezzeria-bran-3-comfort-system-seat-cover-for-kawasaki-z900,Tappezzeria Bran 3 Comfort System Seat Cover for Kawasaki Z900,Tappezzeria Bran 3 Comfort System Seat Cover for Kawasaki Z900,tappezzeria-bran-3-comfort-system-seat-cover-for-kawasaki-z900,"All the covers of Tappezzeria Italia, are made with 100% waterproof materials, the seams are heat-taped from the inside to prevent the infiltration of water,… Available in multiple sizes and/or colours — select your variant.","All the covers of Tappezzeria Italia, are made with 100% waterproof materials, the seams are heat-taped from the inside to prevent the infiltration of water, ensuring 80% waterproofing.<br><br>
However, infiltration may occur if the saddle is exposed to rain for a long time or to high pressure washing. These events, although rare, are not due to a defect in the coating.<br><br>
All our saddles are made with a very elaborate graphic design, this in favor of an attractive aesthetic and great visual impact, our lines, now appreciated all over the world, are the maximum expression of made in Italy saddlery.<br><br>
Master craftsmen sew our covers with great passion to give the customer a product that is recognizable and of great quality.<br><br>
Unfortunately, the more numerous the seams in the coatings and the greater the possibility that small infiltrations will occur.<br><br>
It is important to understand that if we realized covers with few seams (like some of our competitors) we could guarantee a total waterproofness of the saddle.<br><br>
Anyway, Tappezzeria Italia put customer satisfaction first and so we decided to make small elastic and water-repellent covers that can be purchased separately from the saddle.<br><br>
These protective covers (optional) are easy to adhere to the saddle and little bulky, if you find yourself having to leave the bike to the weather, just put the cover to be sure that your saddle will remain completely dry inside.<br><br>
The protective covers will also be very useful both to protect your new saddle from water, and to protect it from the sun and from all those external factors that can ruin the saddle.<br><br>
Each protective cover cost 20€ and can be purchased through our website or by sending an email to info@tappezzeriaitalia.it.<br><br>
<strong>NOTE - THOSE ARE SEAT COVERS NOT THE WHOLE SEAT. YOU NEED TO PUT THOSE SEAT COVERS ON YOUR EXISTING SEATS.</strong>","All the covers of Tappezzeria Italia, are made with 100% waterproof materials, the seams are heat-taped from the inside to prevent the infiltration of water, ensuring 80% waterproofing.

However, infiltration may occur if the saddle is exposed to rain for a long time or to high pressure washing. These events, although rare, are not due to a defect in the coating.

All our saddles are made with a very elaborate graphic design, this in favor of an attractive aesthetic and great visual impact, our lines, now appreciated all over the world, are the maximum expression of made in Italy saddlery.

Master craftsmen sew our covers with great passion to give the customer a product that is recognizable and of great quality.

Unfortunately, the more numerous the seams in the coatings and the greater the possibility that small infiltrations will occur.

It is important to understand that if we realized covers with few seams (like some of our competitors) we could guarantee a total waterproofness of the saddle.

Anyway, Tappezzeria Italia put customer satisfaction first and so we decided to make small elastic and water-repellent covers that can be purchased separately from the saddle.

These protective covers (optional) are easy to adhere to the saddle and little bulky, if you find yourself having to leave the bike to the weather, just put the cover to be sure that your saddle will remain completely dry inside.

The protective covers will also be very useful both to protect your new saddle from water, and to protect it from the sun and from all those external factors that can ruin the saddle.

Each protective cover cost 20€ and can be purchased through our website or by sending an email to info@tappezzeriaitalia.it.

NOTE - THOSE ARE SEAT COVERS NOT THE WHOLE SEAT. YOU NEED TO PUT THOSE SEAT COVERS ON YOUR EXISTING SEATS.",42000,,2026-07-26,active,Kawasaki,2000,g,Tappezzeria Bran 3 Comfort System Seat Cover for Kawasaki Z900…,"All the covers of Tappezzeria Italia, are made with 100% waterproof materials, the seams are heat-taped from the inside to prevent the infiltration of…",,Cleaned noise; brand verified,High,false,Motorcycle Accessories > Seats > Seat Covers,High,"Mapped from Shopify Type ""seat cover""",tappezzeria-bran-3-comfort-system-seat-cover-for-kawasaki-z900-1|Colour:Green|price:42000.00|compare:|weight:2000|barcode:|qty:0 | tappezzeria-bran-3-comfort-system-seat-cover-for-kawasaki-z900-2|Colour:Grey|price:42000.00|compare:|weight:2000|barcode:|qty:0 | tappezzeria-bran-3-comfort-system-seat-cover-for-kawasaki-z900-3|Colour:Black|price:42000.00|compare:|weight:2000|barcode:|qty:0 | tappezzeria-bran-3-comfort-system-seat-cover-for-kawasaki-z900-4|Colour:Bordeaux|price:42000.00|compare:|weight:2000|barcode:|qty:0,"tappezzeria-bran-3-comfort-system-seat-cover-for-kawasaki-z900-1,tappezzeria-bran-3-comfort-system-seat-cover-for-kawasaki-z900-2,tappezzeria-bran-3-comfort-system-seat-cover-for-kawasaki-z900-3,tappezzeria-bran-3-comfort-system-seat-cover-for-kawasaki-z900-4",4,https://cdn.shopify.com/s/files/1/0076/8301/4754/products/seat-cover-for-kawasaki-z-900-17-21-bran-3-comfort-system-model.jpg?v=1651665793|pos:1|alt:Kawasaki Tappezzeria Bran 3 Comfort System Seat Cover for Kawasaki Z900 – front view || https://cdn.shopify.com/s/files/1/0076/8301/4754/products/seat-cover-for-kawasaki-z-900-17-21-bran-3-comfort-system-model_1.jpg?v=1651665794|pos:2|alt:Kawasaki Tappezzeria Bran 3 Comfort System Seat Cover for Kawasaki Z900 – side view || https://cdn.shopify.com/s/files/1/0076/8301/4754/products/seat-cover-for-kawasaki-z-900-17-21-bran-3-comfort-system-model_2.jpg?v=1651665793|pos:3|alt:Kawasaki Tappezzeria Bran 3 Comfort System Seat Cover for Kawasaki Z900 – rear view || https://cdn.shopify.com/s/files/1/0076/8301/4754/products/seat-cover-for-kawasaki-z-900-17-21-bran-3-comfort-system-model_3.jpg?v=1651665794|pos:4|alt:Kawasaki Tappezzeria Bran 3 Comfort System Seat Cover for Kawasaki Z900 – detail view,4,Kawasaki Tappezzeria Bran 3 Comfort System Seat Cover for Kawasaki Z900 – front view | Kawasaki Tappezzeria Bran 3 Comfort System Seat Cover for Kawasaki Z900 – side view | Kawasaki Tappezzeria Bran 3 Comfort System Seat Cover for Kawasaki Z900 – rear view | Kawasaki Tappezzeria Bran 3 Comfort System Seat Cover for Kawasaki Z900 – detail view,,0,,,,,,,,,false,not_eligible,,0,false,/products/tappezzeria-bran-3-comfort-system-seat-cover-for-kawasaki-z900,/products/tappezzeria-bran-3-comfort-system-seat-cover-for-kawasaki-z900
tappezzeria-shara-seat-cover-for-kawasaki-z900-2021,tappezzeria-shara-seat-cover-for-kawasaki-z900-2021,Tappezzeria Shara Seat Cover for Kawasaki Z900 2021,Tappezzeria Shara Seat Cover for Kawasaki Z900 2021,tappezzeria-shara-seat-cover-for-kawasaki-z900-2021,"All the covers of Tappezzeria Italia, are made with 100% waterproof materials, the seams are heat-taped from the inside to prevent the infiltration of water,… Available in multiple sizes and/or colours — select your variant.","All the covers of Tappezzeria Italia, are made with 100% waterproof materials, the seams are heat-taped from the inside to prevent the infiltration of water, ensuring 80% waterproofing.<br><br>
However, infiltration may occur if the saddle is exposed to rain for a long time or to high pressure washing. These events, although rare, are not due to a defect in the coating.<br><br>
All our saddles are made with a very elaborate graphic design, this in favor of an attractive aesthetic and great visual impact, our lines, now appreciated all over the world, are the maximum expression of made in Italy saddlery.<br><br>
Master craftsmen sew our covers with great passion to give the customer a product that is recognizable and of great quality.<br><br>
Unfortunately, the more numerous the seams in the coatings and the greater the possibility that small infiltrations will occur.<br><br>
It is important to understand that if we realized covers with few seams (like some of our competitors) we could guarantee a total waterproofness of the saddle.<br><br>
Anyway, Tappezzeria Italia put customer satisfaction first and so we decided to make small elastic and water-repellent covers that can be purchased separately from the saddle.<br><br>
These protective covers (optional) are easy to adhere to the saddle and little bulky, if you find yourself having to leave the bike to the weather, just put the cover to be sure that your saddle will remain completely dry inside.<br><br>
The protective covers will also be very useful both to protect your new saddle from water, and to protect it from the sun and from all those external factors that can ruin the saddle.<br><br>
Each protective cover cost 20€ and can be purchased through our website or by sending an email to info@tappezzeriaitalia.it.<br><br>
<strong>NOTE - THOSE ARE SEAT COVERS NOT THE WHOLE SEAT. YOU NEED TO PUT THOSE SEAT COVERS ON YOUR EXISTING SEATS.</strong>","All the covers of Tappezzeria Italia, are made with 100% waterproof materials, the seams are heat-taped from the inside to prevent the infiltration of water, ensuring 80% waterproofing.

However, infiltration may occur if the saddle is exposed to rain for a long time or to high pressure washing. These events, although rare, are not due to a defect in the coating.

All our saddles are made with a very elaborate graphic design, this in favor of an attractive aesthetic and great visual impact, our lines, now appreciated all over the world, are the maximum expression of made in Italy saddlery.

Master craftsmen sew our covers with great passion to give the customer a product that is recognizable and of great quality.

Unfortunately, the more numerous the seams in the coatings and the greater the possibility that small infiltrations will occur.

It is important to understand that if we realized covers with few seams (like some of our competitors) we could guarantee a total waterproofness of the saddle.

Anyway, Tappezzeria Italia put customer satisfaction first and so we decided to make small elastic and water-repellent covers that can be purchased separately from the saddle.

These protective covers (optional) are easy to adhere to the saddle and little bulky, if you find yourself having to leave the bike to the weather, just put the cover to be sure that your saddle will remain completely dry inside.

The protective covers will also be very useful both to protect your new saddle from water, and to protect it from the sun and from all those external factors that can ruin the saddle.

Each protective cover cost 20€ and can be purchased through our website or by sending an email to info@tappezzeriaitalia.it.

NOTE - THOSE ARE SEAT COVERS NOT THE WHOLE SEAT. YOU NEED TO PUT THOSE SEAT COVERS ON YOUR EXISTING SEATS.",38500,,2026-07-26,active,Kawasaki,2000,g,Tappezzeria Shara Seat Cover for Kawasaki Z900 2021 | Mile 27 …,"All the covers of Tappezzeria Italia, are made with 100% waterproof materials, the seams are heat-taped from the inside to prevent the infiltration of…",,Cleaned noise; brand verified,High,false,Motorcycle Accessories > Seats > Seat Covers,High,"Mapped from Shopify Type ""seat cover""",tappezzeria-shara-seat-cover-for-kawasaki-z900-2021-1|Colour:Grey|price:38500.00|compare:|weight:2000|barcode:|qty:0 | tappezzeria-shara-seat-cover-for-kawasaki-z900-2021-2|Colour:Red|price:38500.00|compare:|weight:2000|barcode:|qty:0 | tappezzeria-shara-seat-cover-for-kawasaki-z900-2021-3|Colour:Green|price:38500.00|compare:|weight:2000|barcode:|qty:0 | tappezzeria-shara-seat-cover-for-kawasaki-z900-2021-4|Colour:Black|price:38500.00|compare:|weight:2000|barcode:|qty:0 | tappezzeria-shara-seat-cover-for-kawasaki-z900-2021-5|Colour:Bordeaux|price:38500.00|compare:|weight:2000|barcode:|qty:0,"tappezzeria-shara-seat-cover-for-kawasaki-z900-2021-1,tappezzeria-shara-seat-cover-for-kawasaki-z900-2021-2,tappezzeria-shara-seat-cover-for-kawasaki-z900-2021-3,tappezzeria-shara-seat-cover-for-kawasaki-z900-2021-4,tappezzeria-shara-seat-cover-for-kawasaki-z900-2021-5",5,https://cdn.shopify.com/s/files/1/0076/8301/4754/products/seat-cover-for-kawasaki-z-900-17-21-shara-model_ae631fb5-a8f5-4864-be9f-a3893a809dbb.jpg?v=1651662842|pos:1|alt:Kawasaki Tappezzeria Shara Seat Cover for Kawasaki Z900 2021 – front view || https://cdn.shopify.com/s/files/1/0076/8301/4754/products/seat-cover-for-kawasaki-z-900-17-21-shara-model_1_ed7fbcc7-3d1a-427c-ac7f-34aee4a503d0.jpg?v=1651662842|pos:2|alt:Kawasaki Tappezzeria Shara Seat Cover for Kawasaki Z900 2021 – side view || https://cdn.shopify.com/s/files/1/0076/8301/4754/products/seat-cover-for-kawasaki-z-900-17-21-shara-model_2_d34ad69c-69cb-48f0-afd3-fc6c74309555.jpg?v=1651662842|pos:3|alt:Kawasaki Tappezzeria Shara Seat Cover for Kawasaki Z900 2021 – rear view || https://cdn.shopify.com/s/files/1/0076/8301/4754/products/seat-cover-for-kawasaki-z-900-17-21-shara-model_3_fd207f08-92fd-4f41-8364-ce8d1ce276d4.jpg?v=1651662842|pos:4|alt:Kawasaki Tappezzeria Shara Seat Cover for Kawasaki Z900 2021 – detail view || https://cdn.shopify.com/s/files/1/0076/8301/4754/products/seat-cover-for-kawasaki-z-900-17-21-shara-model_4_d141cf17-b357-4f63-8cad-a7af047e63e7.jpg?v=1651662842|pos:5|alt:Kawasaki Tappezzeria Shara Seat Cover for Kawasaki Z900 2021 – top view,5,Kawasaki Tappezzeria Shara Seat Cover for Kawasaki Z900 2021 – front view | Kawasaki Tappezzeria Shara Seat Cover for Kawasaki Z900 2021 – side view | Kawasaki Tappezzeria Shara Seat Cover for Kawasaki Z900 2021 – rear view | Kawasaki Tappezzeria Shara Seat Cover for Kawasaki Z900 2021 – detail view | Kawasaki Tappezzeria Shara Seat Cover for Kawasaki Z900 2021 – top view,,0,,,,,,,,,false,not_eligible,,0,false,/products/tappezzeria-shara-seat-cover-for-kawasaki-z900-2021,/products/tappezzeria-shara-seat-cover-for-kawasaki-z900-2021
tappezzeria-shara-seat-cover-for-kawasaki-z900-2020,tappezzeria-shara-seat-cover-for-kawasaki-z900-2020,Tappezzeria Shara Seat Cover for Kawasaki Z900 2020,Tappezzeria Shara Seat Cover for Kawasaki Z900 2020,tappezzeria-shara-seat-cover-for-kawasaki-z900-2020,"All the covers of Tappezzeria Italia, are made with 100% waterproof materials, the seams are heat-taped from the inside to prevent the infiltration of water,… Available in multiple sizes and/or colours — select your variant.","All the covers of Tappezzeria Italia, are made with 100% waterproof materials, the seams are heat-taped from the inside to prevent the infiltration of water, ensuring 80% waterproofing.<br><br>
However, infiltration may occur if the saddle is exposed to rain for a long time or to high pressure washing. These events, although rare, are not due to a defect in the coating.<br><br>
All our saddles are made with a very elaborate graphic design, this in favor of an attractive aesthetic and great visual impact, our lines, now appreciated all over the world, are the maximum expression of made in Italy saddlery.<br><br>
Master craftsmen sew our covers with great passion to give the customer a product that is recognizable and of great quality.<br><br>
Unfortunately, the more numerous the seams in the coatings and the greater the possibility that small infiltrations will occur.<br><br>
It is important to understand that if we realized covers with few seams (like some of our competitors) we could guarantee a total waterproofness of the saddle.<br><br>
Anyway, Tappezzeria Italia put customer satisfaction first and so we decided to make small elastic and water-repellent covers that can be purchased separately from the saddle.<br><br>
These protective covers (optional) are easy to adhere to the saddle and little bulky, if you find yourself having to leave the bike to the weather, just put the cover to be sure that your saddle will remain completely dry inside.<br><br>
The protective covers will also be very useful both to protect your new saddle from water, and to protect it from the sun and from all those external factors that can ruin the saddle.<br><br>
Each protective cover cost 20€ and can be purchased through our website or by sending an email to info@tappezzeriaitalia.it.<br><br>
<strong>NOTE - THOSE ARE SEAT COVERS NOT THE WHOLE SEAT. YOU NEED TO PUT THOSE SEAT COVERS ON YOUR EXISTING SEATS.</strong>","All the covers of Tappezzeria Italia, are made with 100% waterproof materials, the seams are heat-taped from the inside to prevent the infiltration of water, ensuring 80% waterproofing.

However, infiltration may occur if the saddle is exposed to rain for a long time or to high pressure washing. These events, although rare, are not due to a defect in the coating.

All our saddles are made with a very elaborate graphic design, this in favor of an attractive aesthetic and great visual impact, our lines, now appreciated all over the world, are the maximum expression of made in Italy saddlery.

Master craftsmen sew our covers with great passion to give the customer a product that is recognizable and of great quality.

Unfortunately, the more numerous the seams in the coatings and the greater the possibility that small infiltrations will occur.

It is important to understand that if we realized covers with few seams (like some of our competitors) we could guarantee a total waterproofness of the saddle.

Anyway, Tappezzeria Italia put customer satisfaction first and so we decided to make small elastic and water-repellent covers that can be purchased separately from the saddle.

These protective covers (optional) are easy to adhere to the saddle and little bulky, if you find yourself having to leave the bike to the weather, just put the cover to be sure that your saddle will remain completely dry inside.

The protective covers will also be very useful both to protect your new saddle from water, and to protect it from the sun and from all those external factors that can ruin the saddle.

Each protective cover cost 20€ and can be purchased through our website or by sending an email to info@tappezzeriaitalia.it.

NOTE - THOSE ARE SEAT COVERS NOT THE WHOLE SEAT. YOU NEED TO PUT THOSE SEAT COVERS ON YOUR EXISTING SEATS.",38500,,2026-07-26,active,Kawasaki,2000,g,Tappezzeria Shara Seat Cover for Kawasaki Z900 2020 | Mile 27 …,"All the covers of Tappezzeria Italia, are made with 100% waterproof materials, the seams are heat-taped from the inside to prevent the infiltration of…",,Cleaned noise; brand verified,High,false,Motorcycle Accessories > Seats > Seat Covers,High,"Mapped from Shopify Type ""seat cover""",tappezzeria-shara-seat-cover-for-kawasaki-z900-2020-1|Colour:Grey|price:38500.00|compare:|weight:2000|barcode:|qty:0 | tappezzeria-shara-seat-cover-for-kawasaki-z900-2020-2|Colour:Red|price:38500.00|compare:|weight:2000|barcode:|qty:0 | tappezzeria-shara-seat-cover-for-kawasaki-z900-2020-3|Colour:Green|price:38500.00|compare:|weight:2000|barcode:|qty:0 | tappezzeria-shara-seat-cover-for-kawasaki-z900-2020-4|Colour:Black|price:38500.00|compare:|weight:2000|barcode:|qty:0 | tappezzeria-shara-seat-cover-for-kawasaki-z900-2020-5|Colour:Bordeaux|price:38500.00|compare:|weight:2000|barcode:|qty:0,"tappezzeria-shara-seat-cover-for-kawasaki-z900-2020-1,tappezzeria-shara-seat-cover-for-kawasaki-z900-2020-2,tappezzeria-shara-seat-cover-for-kawasaki-z900-2020-3,tappezzeria-shara-seat-cover-for-kawasaki-z900-2020-4,tappezzeria-shara-seat-cover-for-kawasaki-z900-2020-5",5,https://cdn.shopify.com/s/files/1/0076/8301/4754/products/seat-cover-for-kawasaki-z-900-17-21-shara-model_c57cf601-13fc-40e4-8f4d-9c5438642991.jpg?v=1651662736|pos:1|alt:Kawasaki Tappezzeria Shara Seat Cover for Kawasaki Z900 2020 – front view || https://cdn.shopify.com/s/files/1/0076/8301/4754/products/seat-cover-for-kawasaki-z-900-17-21-shara-model_1_dd06fab9-e771-4bed-b12d-358e1229f182.jpg?v=1651662736|pos:2|alt:Kawasaki Tappezzeria Shara Seat Cover for Kawasaki Z900 2020 – side view || https://cdn.shopify.com/s/files/1/0076/8301/4754/products/seat-cover-for-kawasaki-z-900-17-21-shara-model_2_11250691-d4d7-4a82-827c-19b2c7a6da38.jpg?v=1651662736|pos:3|alt:Kawasaki Tappezzeria Shara Seat Cover for Kawasaki Z900 2020 – rear view || https://cdn.shopify.com/s/files/1/0076/8301/4754/products/seat-cover-for-kawasaki-z-900-17-21-shara-model_3_26a6064c-8cc7-4b91-b69d-3f6f7f89fa02.jpg?v=1651662737|pos:4|alt:Kawasaki Tappezzeria Shara Seat Cover for Kawasaki Z900 2020 – detail view || https://cdn.shopify.com/s/files/1/0076/8301/4754/products/seat-cover-for-kawasaki-z-900-17-21-shara-model_4_f68a49b1-65c4-44a5-b2bc-21b2d8136d6b.jpg?v=1651662737|pos:5|alt:Kawasaki Tappezzeria Shara Seat Cover for Kawasaki Z900 2020 – top view,5,Kawasaki Tappezzeria Shara Seat Cover for Kawasaki Z900 2020 – front view | Kawasaki Tappezzeria Shara Seat Cover for Kawasaki Z900 2020 – side view | Kawasaki Tappezzeria Shara Seat Cover for Kawasaki Z900 2020 – rear view | Kawasaki Tappezzeria Shara Seat Cover for Kawasaki Z900 2020 – detail view | Kawasaki Tappezzeria Shara Seat Cover for Kawasaki Z900 2020 – top view,,0,,,,,,,,,false,not_eligible,,0,false,/products/tappezzeria-shara-seat-cover-for-kawasaki-z900-2020,/products/tappezzeria-shara-seat-cover-for-kawasaki-z900-2020
tappezzeria-shara-seat-cover-for-kawasaki-z900,tappezzeria-shara-seat-cover-for-kawasaki-z900,Tappezzeria Shara Seat Cover for Kawasaki Z900,Tappezzeria Shara Seat Cover for Kawasaki Z900,tappezzeria-shara-seat-cover-for-kawasaki-z900,"All the covers of Tappezzeria Italia, are made with 100% waterproof materials, the seams are heat-taped from the inside to prevent the infiltration of water,… Available in multiple sizes and/or colours — select your variant.","All the covers of Tappezzeria Italia, are made with 100% waterproof materials, the seams are heat-taped from the inside to prevent the infiltration of water, ensuring 80% waterproofing.<br><br>
However, infiltration may occur if the saddle is exposed to rain for a long time or to high pressure washing. These events, although rare, are not due to a defect in the coating.<br><br>
All our saddles are made with a very elaborate graphic design, this in favor of an attractive aesthetic and great visual impact, our lines, now appreciated all over the world, are the maximum expression of made in Italy saddlery.<br><br>
Master craftsmen sew our covers with great passion to give the customer a product that is recognizable and of great quality.<br><br>
Unfortunately, the more numerous the seams in the coatings and the greater the possibility that small infiltrations will occur.<br><br>
It is important to understand that if we realized covers with few seams (like some of our competitors) we could guarantee a total waterproofness of the saddle.<br><br>
Anyway, Tappezzeria Italia put customer satisfaction first and so we decided to make small elastic and water-repellent covers that can be purchased separately from the saddle.<br><br>
These protective covers (optional) are easy to adhere to the saddle and little bulky, if you find yourself having to leave the bike to the weather, just put the cover to be sure that your saddle will remain completely dry inside.<br><br>
The protective covers will also be very useful both to protect your new saddle from water, and to protect it from the sun and from all those external factors that can ruin the saddle.<br><br>
Each protective cover cost 20€ and can be purchased through our website or by sending an email to info@tappezzeriaitalia.it.<br><br><strong>NOTE - THOSE ARE SEAT COVERS NOT THE WHOLE SEAT. YOU NEED TO PUT THOSE SEAT COVERS ON YOUR EXISTING SEATS.</strong>","All the covers of Tappezzeria Italia, are made with 100% waterproof materials, the seams are heat-taped from the inside to prevent the infiltration of water, ensuring 80% waterproofing.

However, infiltration may occur if the saddle is exposed to rain for a long time or to high pressure washing. These events, although rare, are not due to a defect in the coating.

All our saddles are made with a very elaborate graphic design, this in favor of an attractive aesthetic and great visual impact, our lines, now appreciated all over the world, are the maximum expression of made in Italy saddlery.

Master craftsmen sew our covers with great passion to give the customer a product that is recognizable and of great quality.

Unfortunately, the more numerous the seams in the coatings and the greater the possibility that small infiltrations will occur.

It is important to understand that if we realized covers with few seams (like some of our competitors) we could guarantee a total waterproofness of the saddle.

Anyway, Tappezzeria Italia put customer satisfaction first and so we decided to make small elastic and water-repellent covers that can be purchased separately from the saddle.

These protective covers (optional) are easy to adhere to the saddle and little bulky, if you find yourself having to leave the bike to the weather, just put the cover to be sure that your saddle will remain completely dry inside.

The protective covers will also be very useful both to protect your new saddle from water, and to protect it from the sun and from all those external factors that can ruin the saddle.

Each protective cover cost 20€ and can be purchased through our website or by sending an email to info@tappezzeriaitalia.it.

NOTE - THOSE ARE SEAT COVERS NOT THE WHOLE SEAT. YOU NEED TO PUT THOSE SEAT COVERS ON YOUR EXISTING SEATS.",38500,,2026-07-26,active,Kawasaki,2000,g,Tappezzeria Shara Seat Cover for Kawasaki Z900 | Mile 27 Store,"All the covers of Tappezzeria Italia, are made with 100% waterproof materials, the seams are heat-taped from the inside to prevent the infiltration of…",,Cleaned noise; brand verified,High,false,Motorcycle Accessories > Seats > Seat Covers,High,"Mapped from Shopify Type ""seat cover""",tappezzeria-shara-seat-cover-for-kawasaki-z900-1|Colour:Grey|price:38500.00|compare:|weight:2000|barcode:|qty:0 | tappezzeria-shara-seat-cover-for-kawasaki-z900-2|Colour:Red|price:38500.00|compare:|weight:2000|barcode:|qty:0 | tappezzeria-shara-seat-cover-for-kawasaki-z900-3|Colour:Green|price:38500.00|compare:|weight:2000|barcode:|qty:0 | tappezzeria-shara-seat-cover-for-kawasaki-z900-4|Colour:Black|price:38500.00|compare:|weight:2000|barcode:|qty:0 | tappezzeria-shara-seat-cover-for-kawasaki-z900-5|Colour:Bordeaux|price:38500.00|compare:|weight:2000|barcode:|qty:0,"tappezzeria-shara-seat-cover-for-kawasaki-z900-1,tappezzeria-shara-seat-cover-for-kawasaki-z900-2,tappezzeria-shara-seat-cover-for-kawasaki-z900-3,tappezzeria-shara-seat-cover-for-kawasaki-z900-4,tappezzeria-shara-seat-cover-for-kawasaki-z900-5",5,https://cdn.shopify.com/s/files/1/0076/8301/4754/products/seat-cover-for-kawasaki-z-900-17-21-shara-model.jpg?v=1651662670|pos:1|alt:Kawasaki Tappezzeria Shara Seat Cover for Kawasaki Z900 – front view || https://cdn.shopify.com/s/files/1/0076/8301/4754/products/seat-cover-for-kawasaki-z-900-17-21-shara-model_1.jpg?v=1651662669|pos:2|alt:Kawasaki Tappezzeria Shara Seat Cover for Kawasaki Z900 – side view || https://cdn.shopify.com/s/files/1/0076/8301/4754/products/seat-cover-for-kawasaki-z-900-17-21-shara-model_2.jpg?v=1651662670|pos:3|alt:Kawasaki Tappezzeria Shara Seat Cover for Kawasaki Z900 – rear view || https://cdn.shopify.com/s/files/1/0076/8301/4754/products/seat-cover-for-kawasaki-z-900-17-21-shara-model_3.jpg?v=1651662670|pos:4|alt:Kawasaki Tappezzeria Shara Seat Cover for Kawasaki Z900 – detail view || https://cdn.shopify.com/s/files/1/0076/8301/4754/products/seat-cover-for-kawasaki-z-900-17-21-shara-model_4.jpg?v=1651662670|pos:5|alt:Kawasaki Tappezzeria Shara Seat Cover for Kawasaki Z900 – top view,5,Kawasaki Tappezzeria Shara Seat Cover for Kawasaki Z900 – front view | Kawasaki Tappezzeria Shara Seat Cover for Kawasaki Z900 – side view | Kawasaki Tappezzeria Shara Seat Cover for Kawasaki Z900 – rear view | Kawasaki Tappezzeria Shara Seat Cover for Kawasaki Z900 – detail view | Kawasaki Tappezzeria Shara Seat Cover for Kawasaki Z900 – top view,,0,,,,,,,,,false,not_eligible,,0,false,/products/tappezzeria-shara-seat-cover-for-kawasaki-z900,/products/tappezzeria-shara-seat-cover-for-kawasaki-z900
tappezzeria-arad-1-ultragrip-seat-cover-for-kawasaki-z900-2021,tappezzeria-arad-1-ultragrip-seat-cover-for-kawasaki-z900-2021,Tappezzeria Arad 1 Ultragrip Seat Cover for Kawasaki Z900 2021,Tappezzeria Arad 1 Ultragrip Seat Cover for Kawasaki Z900 2021,tappezzeria-arad-1-ultragrip-seat-cover-for-kawasaki-z900-2021,"All the covers of Tappezzeria Italia, are made with 100% waterproof materials, the seams are heat-taped from the inside to prevent the infiltration of water,… Available in multiple sizes and/or colours — select your variant.","All the covers of Tappezzeria Italia, are made with 100% waterproof materials, the seams are heat-taped from the inside to prevent the infiltration of water, ensuring 80% waterproofing.<br><br>
However, infiltration may occur if the saddle is exposed to rain for a long time or to high pressure washing. These events, although rare, are not due to a defect in the coating.<br><br>
All our saddles are made with a very elaborate graphic design, this in favor of an attractive aesthetic and great visual impact, our lines, now appreciated all over the world, are the maximum expression of made in Italy saddlery.<br><br>
Master craftsmen sew our covers with great passion to give the customer a product that is recognizable and of great quality.<br><br>
Unfortunately, the more numerous the seams in the coatings and the greater the possibility that small infiltrations will occur.<br><br>
It is important to understand that if we realized covers with few seams (like some of our competitors) we could guarantee a total waterproofness of the saddle.<br><br>
Anyway, Tappezzeria Italia put customer satisfaction first and so we decided to make small elastic and water-repellent covers that can be purchased separately from the saddle.<br><br>
These protective covers (optional) are easy to adhere to the saddle and little bulky, if you find yourself having to leave the bike to the weather, just put the cover to be sure that your saddle will remain completely dry inside.<br><br>
The protective covers will also be very useful both to protect your new saddle from water, and to protect it from the sun and from all those external factors that can ruin the saddle.<br><br>
Each protective cover cost 20€ and can be purchased through our website or by sending an email to info@tappezzeriaitalia.it.<br><br>
<strong>NOTE - THOSE ARE SEAT COVERS NOT THE WHOLE SEAT. YOU NEED TO PUT THOSE SEAT COVERS ON YOUR EXISTING SEATS.</strong>","All the covers of Tappezzeria Italia, are made with 100% waterproof materials, the seams are heat-taped from the inside to prevent the infiltration of water, ensuring 80% waterproofing.

However, infiltration may occur if the saddle is exposed to rain for a long time or to high pressure washing. These events, although rare, are not due to a defect in the coating.

All our saddles are made with a very elaborate graphic design, this in favor of an attractive aesthetic and great visual impact, our lines, now appreciated all over the world, are the maximum expression of made in Italy saddlery.

Master craftsmen sew our covers with great passion to give the customer a product that is recognizable and of great quality.

Unfortunately, the more numerous the seams in the coatings and the greater the possibility that small infiltrations will occur.

It is important to understand that if we realized covers with few seams (like some of our competitors) we could guarantee a total waterproofness of the saddle.

Anyway, Tappezzeria Italia put customer satisfaction first and so we decided to make small elastic and water-repellent covers that can be purchased separately from the saddle.

These protective covers (optional) are easy to adhere to the saddle and little bulky, if you find yourself having to leave the bike to the weather, just put the cover to be sure that your saddle will remain completely dry inside.

The protective covers will also be very useful both to protect your new saddle from water, and to protect it from the sun and from all those external factors that can ruin the saddle.

Each protective cover cost 20€ and can be purchased through our website or by sending an email to info@tappezzeriaitalia.it.

NOTE - THOSE ARE SEAT COVERS NOT THE WHOLE SEAT. YOU NEED TO PUT THOSE SEAT COVERS ON YOUR EXISTING SEATS.",38500,,2026-07-26,active,Kawasaki,2000,g,Tappezzeria Arad 1 Ultragrip Seat Cover for Kawasaki Z900 2021…,"All the covers of Tappezzeria Italia, are made with 100% waterproof materials, the seams are heat-taped from the inside to prevent the infiltration of…",,Cleaned noise; brand verified,High,false,Motorcycle Accessories > Seats > Seat Covers,High,"Mapped from Shopify Type ""seat cover""",tappezzeria-arad-1-ultragrip-seat-cover-for-kawasaki-z900-2021-1|Colour:Grey|price:38500.00|compare:|weight:2000|barcode:|qty:0 | tappezzeria-arad-1-ultragrip-seat-cover-for-kawasaki-z900-2021-2|Colour:Green|price:38500.00|compare:|weight:2000|barcode:|qty:0 | tappezzeria-arad-1-ultragrip-seat-cover-for-kawasaki-z900-2021-3|Colour:Black|price:38500.00|compare:|weight:2000|barcode:|qty:0 | tappezzeria-arad-1-ultragrip-seat-cover-for-kawasaki-z900-2021-4|Colour:Bordeaux|price:38500.00|compare:|weight:2000|barcode:|qty:0,"tappezzeria-arad-1-ultragrip-seat-cover-for-kawasaki-z900-2021-1,tappezzeria-arad-1-ultragrip-seat-cover-for-kawasaki-z900-2021-2,tappezzeria-arad-1-ultragrip-seat-cover-for-kawasaki-z900-2021-3,tappezzeria-arad-1-ultragrip-seat-cover-for-kawasaki-z900-2021-4",4,https://cdn.shopify.com/s/files/1/0076/8301/4754/products/seat-cover-for-kawasaki-z-900-17-21-arad-1-ultragrip-model_79b310d0-dd4e-467c-bedc-fb290bf5b4f8.jpg?v=1651662298|pos:1|alt:Kawasaki Tappezzeria Arad 1 Ultragrip Seat Cover for Kawasaki Z900 2021 – front view || https://cdn.shopify.com/s/files/1/0076/8301/4754/products/seat-cover-for-kawasaki-z-900-17-21-arad-1-ultragrip-model_1_abcab26e-1003-441f-ab45-c23139d2de3b.jpg?v=1651662298|pos:2|alt:Kawasaki Tappezzeria Arad 1 Ultragrip Seat Cover for Kawasaki Z900 2021 – side view || https://cdn.shopify.com/s/files/1/0076/8301/4754/products/seat-cover-for-kawasaki-z-900-17-21-arad-1-ultragrip-model_2_52773754-3f16-4e02-9e77-cd12d8be634a.jpg?v=1651662298|pos:3|alt:Kawasaki Tappezzeria Arad 1 Ultragrip Seat Cover for Kawasaki Z900 2021 – rear view || https://cdn.shopify.com/s/files/1/0076/8301/4754/products/seat-cover-for-kawasaki-z-900-17-21-arad-1-ultragrip-model_3_5a5631e5-88da-45a6-bbdb-5ffa3348992e.jpg?v=1651662298|pos:4|alt:Kawasaki Tappezzeria Arad 1 Ultragrip Seat Cover for Kawasaki Z900 2021 – detail view,4,Kawasaki Tappezzeria Arad 1 Ultragrip Seat Cover for Kawasaki Z900 2021 – front view | Kawasaki Tappezzeria Arad 1 Ultragrip Seat Cover for Kawasaki Z900 2021 – side view | Kawasaki Tappezzeria Arad 1 Ultragrip Seat Cover for Kawasaki Z900 2021 – rear view | Kawasaki Tappezzeria Arad 1 Ultragrip Seat Cover for Kawasaki Z900 2021 – detail view,,0,,,,,,,,,false,not_eligible,,0,false,/products/tappezzeria-arad-1-ultragrip-seat-cover-for-kawasaki-z900-2021,/products/tappezzeria-arad-1-ultragrip-seat-cover-for-kawasaki-z900-2021
tappezzeria-arad-1-ultragrip-seat-cover-for-kawasaki-z900-2020,tappezzeria-arad-1-ultragrip-seat-cover-for-kawasaki-z900-2020,Tappezzeria Arad 1 Ultragrip Seat Cover for Kawasaki Z900 2020,Tappezzeria Arad 1 Ultragrip Seat Cover for Kawasaki Z900 2020,tappezzeria-arad-1-ultragrip-seat-cover-for-kawasaki-z900-2020,"All the covers of Tappezzeria Italia, are made with 100% waterproof materials, the seams are heat-taped from the inside to prevent the infiltration of water,… Available in multiple sizes and/or colours — select your variant.","All the covers of Tappezzeria Italia, are made with 100% waterproof materials, the seams are heat-taped from the inside to prevent the infiltration of water, ensuring 80% waterproofing.<br><br>
However, infiltration may occur if the saddle is exposed to rain for a long time or to high pressure washing. These events, although rare, are not due to a defect in the coating.<br><br>
All our saddles are made with a very elaborate graphic design, this in favor of an attractive aesthetic and great visual impact, our lines, now appreciated all over the world, are the maximum expression of made in Italy saddlery.<br><br>
Master craftsmen sew our covers with great passion to give the customer a product that is recognizable and of great quality.<br><br>
Unfortunately, the more numerous the seams in the coatings and the greater the possibility that small infiltrations will occur.<br><br>
It is important to understand that if we realized covers with few seams (like some of our competitors) we could guarantee a total waterproofness of the saddle.<br><br>
Anyway, Tappezzeria Italia put customer satisfaction first and so we decided to make small elastic and water-repellent covers that can be purchased separately from the saddle.<br><br>
These protective covers (optional) are easy to adhere to the saddle and little bulky, if you find yourself having to leave the bike to the weather, just put the cover to be sure that your saddle will remain completely dry inside.<br><br>
The protective covers will also be very useful both to protect your new saddle from water, and to protect it from the sun and from all those external factors that can ruin the saddle.<br><br>
Each protective cover cost 20€ and can be purchased through our website or by sending an email to info@tappezzeriaitalia.it.<br><br><strong>NOTE - THOSE ARE SEAT COVERS NOT THE WHOLE SEAT. YOU NEED TO PUT THOSE SEAT COVERS ON YOUR EXISTING SEATS.</strong>","All the covers of Tappezzeria Italia, are made with 100% waterproof materials, the seams are heat-taped from the inside to prevent the infiltration of water, ensuring 80% waterproofing.

However, infiltration may occur if the saddle is exposed to rain for a long time or to high pressure washing. These events, although rare, are not due to a defect in the coating.

All our saddles are made with a very elaborate graphic design, this in favor of an attractive aesthetic and great visual impact, our lines, now appreciated all over the world, are the maximum expression of made in Italy saddlery.

Master craftsmen sew our covers with great passion to give the customer a product that is recognizable and of great quality.

Unfortunately, the more numerous the seams in the coatings and the greater the possibility that small infiltrations will occur.

It is important to understand that if we realized covers with few seams (like some of our competitors) we could guarantee a total waterproofness of the saddle.

Anyway, Tappezzeria Italia put customer satisfaction first and so we decided to make small elastic and water-repellent covers that can be purchased separately from the saddle.

These protective covers (optional) are easy to adhere to the saddle and little bulky, if you find yourself having to leave the bike to the weather, just put the cover to be sure that your saddle will remain completely dry inside.

The protective covers will also be very useful both to protect your new saddle from water, and to protect it from the sun and from all those external factors that can ruin the saddle.

Each protective cover cost 20€ and can be purchased through our website or by sending an email to info@tappezzeriaitalia.it.

NOTE - THOSE ARE SEAT COVERS NOT THE WHOLE SEAT. YOU NEED TO PUT THOSE SEAT COVERS ON YOUR EXISTING SEATS.",38500,,2026-07-26,active,Kawasaki,2000,g,Tappezzeria Arad 1 Ultragrip Seat Cover for Kawasaki Z900 2020…,"All the covers of Tappezzeria Italia, are made with 100% waterproof materials, the seams are heat-taped from the inside to prevent the infiltration of…",,Cleaned noise; brand verified,High,false,Motorcycle Accessories > Seats > Seat Covers,High,"Mapped from Shopify Type ""seat cover""",tappezzeria-arad-1-ultragrip-seat-cover-for-kawasaki-z900-2020-1|Colour:Grey|price:38500.00|compare:|weight:2000|barcode:|qty:0 | tappezzeria-arad-1-ultragrip-seat-cover-for-kawasaki-z900-2020-2|Colour:Green|price:38500.00|compare:|weight:2000|barcode:|qty:0 | tappezzeria-arad-1-ultragrip-seat-cover-for-kawasaki-z900-2020-3|Colour:Black|price:38500.00|compare:|weight:2000|barcode:|qty:0 | tappezzeria-arad-1-ultragrip-seat-cover-for-kawasaki-z900-2020-4|Colour:Bordeaux|price:38500.00|compare:|weight:2000|barcode:|qty:0,"tappezzeria-arad-1-ultragrip-seat-cover-for-kawasaki-z900-2020-1,tappezzeria-arad-1-ultragrip-seat-cover-for-kawasaki-z900-2020-2,tappezzeria-arad-1-ultragrip-seat-cover-for-kawasaki-z900-2020-3,tappezzeria-arad-1-ultragrip-seat-cover-for-kawasaki-z900-2020-4",4,https://cdn.shopify.com/s/files/1/0076/8301/4754/products/seat-cover-for-kawasaki-z-900-17-21-arad-1-ultragrip-model_bc5d20da-073e-4b96-9a24-79008bc8376c.jpg?v=1651662207|pos:1|alt:Kawasaki Tappezzeria Arad 1 Ultragrip Seat Cover for Kawasaki Z900 2020 – front view || https://cdn.shopify.com/s/files/1/0076/8301/4754/products/seat-cover-for-kawasaki-z-900-17-21-arad-1-ultragrip-model_1_e70445ac-2b09-4b33-8adc-b66270bc4be0.jpg?v=1651662207|pos:2|alt:Kawasaki Tappezzeria Arad 1 Ultragrip Seat Cover for Kawasaki Z900 2020 – side view || https://cdn.shopify.com/s/files/1/0076/8301/4754/products/seat-cover-for-kawasaki-z-900-17-21-arad-1-ultragrip-model_2_e5bcca6e-a6b2-47d7-aeac-44a9824ca28b.jpg?v=1651662207|pos:3|alt:Kawasaki Tappezzeria Arad 1 Ultragrip Seat Cover for Kawasaki Z900 2020 – rear view || https://cdn.shopify.com/s/files/1/0076/8301/4754/products/seat-cover-for-kawasaki-z-900-17-21-arad-1-ultragrip-model_3_5f2de730-ecd1-42ba-9cb2-3a0371ca8a8c.jpg?v=1651662207|pos:4|alt:Kawasaki Tappezzeria Arad 1 Ultragrip Seat Cover for Kawasaki Z900 2020 – detail view,4,Kawasaki Tappezzeria Arad 1 Ultragrip Seat Cover for Kawasaki Z900 2020 – front view | Kawasaki Tappezzeria Arad 1 Ultragrip Seat Cover for Kawasaki Z900 2020 – side view | Kawasaki Tappezzeria Arad 1 Ultragrip Seat Cover for Kawasaki Z900 2020 – rear view | Kawasaki Tappezzeria Arad 1 Ultragrip Seat Cover for Kawasaki Z900 2020 – detail view,,0,,,,,,,,,false,not_eligible,,0,false,/products/tappezzeria-arad-1-ultragrip-seat-cover-for-kawasaki-z900-2020,/products/tappezzeria-arad-1-ultragrip-seat-cover-for-kawasaki-z900-2020
tappezzeria-arad-1-ultragrip-seat-cover-for-kawasaki-z900,tappezzeria-arad-1-ultragrip-seat-cover-for-kawasaki-z900,Tappezzeria Arad 1 Ultragrip Seat Cover for Kawasaki Z900,Tappezzeria Arad 1 Ultragrip Seat Cover for Kawasaki Z900,tappezzeria-arad-1-ultragrip-seat-cover-for-kawasaki-z900,"All the covers of Tappezzeria Italia, are made with 100% waterproof materials, the seams are heat-taped from the inside to prevent the infiltration of water,… Available in multiple sizes and/or colours — select your variant.","All the covers of Tappezzeria Italia, are made with 100% waterproof materials, the seams are heat-taped from the inside to prevent the infiltration of water, ensuring 80% waterproofing.<br><br>
However, infiltration may occur if the saddle is exposed to rain for a long time or to high pressure washing. These events, although rare, are not due to a defect in the coating.<br><br>
All our saddles are made with a very elaborate graphic design, this in favor of an attractive aesthetic and great visual impact, our lines, now appreciated all over the world, are the maximum expression of made in Italy saddlery.<br><br>
Master craftsmen sew our covers with great passion to give the customer a product that is recognizable and of great quality.<br><br>
Unfortunately, the more numerous the seams in the coatings and the greater the possibility that small infiltrations will occur.<br><br>
It is important to understand that if we realized covers with few seams (like some of our competitors) we could guarantee a total waterproofness of the saddle.<br><br>
Anyway, Tappezzeria Italia put customer satisfaction first and so we decided to make small elastic and water-repellent covers that can be purchased separately from the saddle.<br><br>
These protective covers (optional) are easy to adhere to the saddle and little bulky, if you find yourself having to leave the bike to the weather, just put the cover to be sure that your saddle will remain completely dry inside.<br><br>
The protective covers will also be very useful both to protect your new saddle from water, and to protect it from the sun and from all those external factors that can ruin the saddle.<br><br>
Each protective cover cost 20€ and can be purchased through our website or by sending an email to info@tappezzeriaitalia.it.<br><br>
<strong>NOTE - THOSE ARE SEAT COVERS NOT THE WHOLE SEAT. YOU NEED TO PUT THOSE SEAT COVERS ON YOUR EXISTING SEATS.</strong>","All the covers of Tappezzeria Italia, are made with 100% waterproof materials, the seams are heat-taped from the inside to prevent the infiltration of water, ensuring 80% waterproofing.

However, infiltration may occur if the saddle is exposed to rain for a long time or to high pressure washing. These events, although rare, are not due to a defect in the coating.

All our saddles are made with a very elaborate graphic design, this in favor of an attractive aesthetic and great visual impact, our lines, now appreciated all over the world, are the maximum expression of made in Italy saddlery.

Master craftsmen sew our covers with great passion to give the customer a product that is recognizable and of great quality.

Unfortunately, the more numerous the seams in the coatings and the greater the possibility that small infiltrations will occur.

It is important to understand that if we realized covers with few seams (like some of our competitors) we could guarantee a total waterproofness of the saddle.

Anyway, Tappezzeria Italia put customer satisfaction first and so we decided to make small elastic and water-repellent covers that can be purchased separately from the saddle.

These protective covers (optional) are easy to adhere to the saddle and little bulky, if you find yourself having to leave the bike to the weather, just put the cover to be sure that your saddle will remain completely dry inside.

The protective covers will also be very useful both to protect your new saddle from water, and to protect it from the sun and from all those external factors that can ruin the saddle.

Each protective cover cost 20€ and can be purchased through our website or by sending an email to info@tappezzeriaitalia.it.

NOTE - THOSE ARE SEAT COVERS NOT THE WHOLE SEAT. YOU NEED TO PUT THOSE SEAT COVERS ON YOUR EXISTING SEATS.",38500,,2026-07-26,active,Kawasaki,2000,g,Tappezzeria Arad 1 Ultragrip Seat Cover for Kawasaki Z900 | Mi…,"All the covers of Tappezzeria Italia, are made with 100% waterproof materials, the seams are heat-taped from the inside to prevent the infiltration of…",,Cleaned noise; brand verified,High,false,Motorcycle Accessories > Seats > Seat Covers,High,"Mapped from Shopify Type ""seat cover""",tappezzeria-arad-1-ultragrip-seat-cover-for-kawasaki-z900-1|Colour:Grey|price:38500.00|compare:|weight:2000|barcode:|qty:0 | tappezzeria-arad-1-ultragrip-seat-cover-for-kawasaki-z900-2|Colour:Green|price:38500.00|compare:|weight:2000|barcode:|qty:0 | tappezzeria-arad-1-ultragrip-seat-cover-for-kawasaki-z900-3|Colour:Black|price:38500.00|compare:|weight:2000|barcode:|qty:0 | tappezzeria-arad-1-ultragrip-seat-cover-for-kawasaki-z900-4|Colour:Bordeaux|price:38500.00|compare:|weight:2000|barcode:|qty:0,"tappezzeria-arad-1-ultragrip-seat-cover-for-kawasaki-z900-1,tappezzeria-arad-1-ultragrip-seat-cover-for-kawasaki-z900-2,tappezzeria-arad-1-ultragrip-seat-cover-for-kawasaki-z900-3,tappezzeria-arad-1-ultragrip-seat-cover-for-kawasaki-z900-4",4,https://cdn.shopify.com/s/files/1/0076/8301/4754/products/seat-cover-for-kawasaki-z-900-17-21-arad-1-ultragrip-model.jpg?v=1651662153|pos:1|alt:Kawasaki Tappezzeria Arad 1 Ultragrip Seat Cover for Kawasaki Z900 – front view || https://cdn.shopify.com/s/files/1/0076/8301/4754/products/seat-cover-for-kawasaki-z-900-17-21-arad-1-ultragrip-model_1.jpg?v=1651662154|pos:2|alt:Kawasaki Tappezzeria Arad 1 Ultragrip Seat Cover for Kawasaki Z900 – side view || https://cdn.shopify.com/s/files/1/0076/8301/4754/products/seat-cover-for-kawasaki-z-900-17-21-arad-1-ultragrip-model_2.jpg?v=1651662153|pos:3|alt:Kawasaki Tappezzeria Arad 1 Ultragrip Seat Cover for Kawasaki Z900 – rear view || https://cdn.shopify.com/s/files/1/0076/8301/4754/products/seat-cover-for-kawasaki-z-900-17-21-arad-1-ultragrip-model_3.jpg?v=1651662154|pos:4|alt:Kawasaki Tappezzeria Arad 1 Ultragrip Seat Cover for Kawasaki Z900 – detail view,4,Kawasaki Tappezzeria Arad 1 Ultragrip Seat Cover for Kawasaki Z900 – front view | Kawasaki Tappezzeria Arad 1 Ultragrip Seat Cover for Kawasaki Z900 – side view | Kawasaki Tappezzeria Arad 1 Ultragrip Seat Cover for Kawasaki Z900 – rear view | Kawasaki Tappezzeria Arad 1 Ultragrip Seat Cover for Kawasaki Z900 – detail view,,0,,,,,,,,,false,not_eligible,,0,false,/products/tappezzeria-arad-1-ultragrip-seat-cover-for-kawasaki-z900,/products/tappezzeria-arad-1-ultragrip-seat-cover-for-kawasaki-z900
tappezzeria-shara-1-ultragrip-seat-cover-for-kawasaki-z900-2021,tappezzeria-shara-1-ultragrip-seat-cover-for-kawasaki-z900-2021,Tappezzeria Shara 1 Ultragrip Seat Cover for Kawasaki Z900 2021,Tappezzeria Shara 1 Ultragrip Seat Cover for Kawasaki Z900 2021,tappezzeria-shara-1-ultragrip-seat-cover-for-kawasaki-z900-2021,"All the covers of Tappezzeria Italia, are made with 100% waterproof materials, the seams are heat-taped from the inside to prevent the infiltration of water,… Available in multiple sizes and/or colours — select your variant.","All the covers of Tappezzeria Italia, are made with 100% waterproof materials, the seams are heat-taped from the inside to prevent the infiltration of water, ensuring 80% waterproofing.<br><br>
However, infiltration may occur if the saddle is exposed to rain for a long time or to high pressure washing. These events, although rare, are not due to a defect in the coating.<br><br>
All our saddles are made with a very elaborate graphic design, this in favor of an attractive aesthetic and great visual impact, our lines, now appreciated all over the world, are the maximum expression of made in Italy saddlery.<br><br>
Master craftsmen sew our covers with great passion to give the customer a product that is recognizable and of great quality.<br><br>
Unfortunately, the more numerous the seams in the coatings and the greater the possibility that small infiltrations will occur.<br><br>
It is important to understand that if we realized covers with few seams (like some of our competitors) we could guarantee a total waterproofness of the saddle.<br><br>
Anyway, Tappezzeria Italia put customer satisfaction first and so we decided to make small elastic and water-repellent covers that can be purchased separately from the saddle.<br><br>
These protective covers (optional) are easy to adhere to the saddle and little bulky, if you find yourself having to leave the bike to the weather, just put the cover to be sure that your saddle will remain completely dry inside.<br><br>
The protective covers will also be very useful both to protect your new saddle from water, and to protect it from the sun and from all those external factors that can ruin the saddle.<br><br>
Each protective cover cost 20€ and can be purchased through our website or by sending an email to info@tappezzeriaitalia.it.<br><br>
<strong>NOTE - THOSE ARE SEAT COVERS NOT THE WHOLE SEAT. YOU NEED TO PUT THOSE SEAT COVERS ON YOUR EXISTING SEATS.</strong>","All the covers of Tappezzeria Italia, are made with 100% waterproof materials, the seams are heat-taped from the inside to prevent the infiltration of water, ensuring 80% waterproofing.

However, infiltration may occur if the saddle is exposed to rain for a long time or to high pressure washing. These events, although rare, are not due to a defect in the coating.

All our saddles are made with a very elaborate graphic design, this in favor of an attractive aesthetic and great visual impact, our lines, now appreciated all over the world, are the maximum expression of made in Italy saddlery.

Master craftsmen sew our covers with great passion to give the customer a product that is recognizable and of great quality.

Unfortunately, the more numerous the seams in the coatings and the greater the possibility that small infiltrations will occur.

It is important to understand that if we realized covers with few seams (like some of our competitors) we could guarantee a total waterproofness of the saddle.

Anyway, Tappezzeria Italia put customer satisfaction first and so we decided to make small elastic and water-repellent covers that can be purchased separately from the saddle.

These protective covers (optional) are easy to adhere to the saddle and little bulky, if you find yourself having to leave the bike to the weather, just put the cover to be sure that your saddle will remain completely dry inside.

The protective covers will also be very useful both to protect your new saddle from water, and to protect it from the sun and from all those external factors that can ruin the saddle.

Each protective cover cost 20€ and can be purchased through our website or by sending an email to info@tappezzeriaitalia.it.

NOTE - THOSE ARE SEAT COVERS NOT THE WHOLE SEAT. YOU NEED TO PUT THOSE SEAT COVERS ON YOUR EXISTING SEATS.",38500,,2026-07-26,active,Kawasaki,2000,g,Tappezzeria Shara 1 Ultragrip Seat Cover for Kawasaki Z900 202…,"All the covers of Tappezzeria Italia, are made with 100% waterproof materials, the seams are heat-taped from the inside to prevent the infiltration of…",,Cleaned noise; brand verified,High,false,Motorcycle Accessories > Seats > Seat Covers,High,"Mapped from Shopify Type ""seat cover""",tappezzeria-shara-1-ultragrip-seat-cover-for-kawasaki-z900-2021-1|Colour:Grey|price:38500.00|compare:|weight:2000|barcode:|qty:0 | tappezzeria-shara-1-ultragrip-seat-cover-for-kawasaki-z900-2021-2|Colour:Red|price:38500.00|compare:|weight:2000|barcode:|qty:0 | tappezzeria-shara-1-ultragrip-seat-cover-for-kawasaki-z900-2021-3|Colour:Green|price:38500.00|compare:|weight:2000|barcode:|qty:0 | tappezzeria-shara-1-ultragrip-seat-cover-for-kawasaki-z900-2021-4|Colour:Black|price:38500.00|compare:|weight:2000|barcode:|qty:0 | tappezzeria-shara-1-ultragrip-seat-cover-for-kawasaki-z900-2021-5|Colour:Brodeaux|price:38500.00|compare:|weight:2000|barcode:|qty:0,"tappezzeria-shara-1-ultragrip-seat-cover-for-kawasaki-z900-2021-1,tappezzeria-shara-1-ultragrip-seat-cover-for-kawasaki-z900-2021-2,tappezzeria-shara-1-ultragrip-seat-cover-for-kawasaki-z900-2021-3,tappezzeria-shara-1-ultragrip-seat-cover-for-kawasaki-z900-2021-4,tappezzeria-shara-1-ultragrip-seat-cover-for-kawasaki-z900-2021-5",5,https://cdn.shopify.com/s/files/1/0076/8301/4754/products/seat-cover-for-kawasaki-z-900-17-21-shara-1-ultragrip-model_bd426eea-3de1-4062-8a73-2b84ce086299.jpg?v=1651661482|pos:1|alt:Kawasaki Tappezzeria Shara 1 Ultragrip Seat Cover for Kawasaki Z900 2021 – front view || https://cdn.shopify.com/s/files/1/0076/8301/4754/products/seat-cover-for-kawasaki-z-900-17-21-shara-1-ultragrip-model_1_f51da56b-5b28-40cc-a5f8-4fdd102eb023.jpg?v=1651661482|pos:2|alt:Kawasaki Tappezzeria Shara 1 Ultragrip Seat Cover for Kawasaki Z900 2021 – side view || https://cdn.shopify.com/s/files/1/0076/8301/4754/products/seat-cover-for-kawasaki-z-900-17-21-shara-1-ultragrip-model_2_76767cd3-ceb3-4744-9759-05f1b70f6e99.jpg?v=1651661482|pos:3|alt:Kawasaki Tappezzeria Shara 1 Ultragrip Seat Cover for Kawasaki Z900 2021 – rear view || https://cdn.shopify.com/s/files/1/0076/8301/4754/products/seat-cover-for-kawasaki-z-900-17-21-shara-1-ultragrip-model_3_92d123a3-92cf-4242-8e44-a70a6dfbec16.jpg?v=1651661482|pos:4|alt:Kawasaki Tappezzeria Shara 1 Ultragrip Seat Cover for Kawasaki Z900 2021 – detail view || https://cdn.shopify.com/s/files/1/0076/8301/4754/products/seat-cover-for-kawasaki-z-900-17-21-shara-1-ultragrip-model_4_8e064f12-07b5-44ac-b8c6-2da0200cfe01.jpg?v=1651661482|pos:5|alt:Kawasaki Tappezzeria Shara 1 Ultragrip Seat Cover for Kawasaki Z900 2021 – top view,5,Kawasaki Tappezzeria Shara 1 Ultragrip Seat Cover for Kawasaki Z900 2021 – front view | Kawasaki Tappezzeria Shara 1 Ultragrip Seat Cover for Kawasaki Z900 2021 – side view | Kawasaki Tappezzeria Shara 1 Ultragrip Seat Cover for Kawasaki Z900 2021 – rear view | Kawasaki Tappezzeria Shara 1 Ultragrip Seat Cover for Kawasaki Z900 2021 – detail view | Kawasaki Tappezzeria Shara 1 Ultragrip Seat Cover for Kawasaki Z900 2021 – top view,,0,,,,,,,,,false,not_eligible,,0,false,/products/tappezzeria-shara-1-ultragrip-seat-cover-for-kawasaki-z900-2021,/products/tappezzeria-shara-1-ultragrip-seat-cover-for-kawasaki-z900-2021
tappezzeria-shara-1-ultragrip-seat-cover-for-kawasaki-z900-2020,tappezzeria-shara-1-ultragrip-seat-cover-for-kawasaki-z900-2020,Tappezzeria Shara 1 Ultragrip Seat Cover for Kawasaki Z900 2020,Tappezzeria Shara 1 Ultragrip Seat Cover for Kawasaki Z900 2020,tappezzeria-shara-1-ultragrip-seat-cover-for-kawasaki-z900-2020,"All the covers of Tappezzeria Italia, are made with 100% waterproof materials, the seams are heat-taped from the inside to prevent the infiltration of water,… Available in multiple sizes and/or colours — select your variant.","All the covers of Tappezzeria Italia, are made with 100% waterproof materials, the seams are heat-taped from the inside to prevent the infiltration of water, ensuring 80% waterproofing.<br><br>
However, infiltration may occur if the saddle is exposed to rain for a long time or to high pressure washing. These events, although rare, are not due to a defect in the coating.<br><br>
All our saddles are made with a very elaborate graphic design, this in favor of an attractive aesthetic and great visual impact, our lines, now appreciated all over the world, are the maximum expression of made in Italy saddlery.<br><br>
Master craftsmen sew our covers with great passion to give the customer a product that is recognizable and of great quality.<br><br>
Unfortunately, the more numerous the seams in the coatings and the greater the possibility that small infiltrations will occur.<br><br>
It is important to understand that if we realized covers with few seams (like some of our competitors) we could guarantee a total waterproofness of the saddle.<br><br>
Anyway, Tappezzeria Italia put customer satisfaction first and so we decided to make small elastic and water-repellent covers that can be purchased separately from the saddle.<br><br>
These protective covers (optional) are easy to adhere to the saddle and little bulky, if you find yourself having to leave the bike to the weather, just put the cover to be sure that your saddle will remain completely dry inside.<br><br>
The protective covers will also be very useful both to protect your new saddle from water, and to protect it from the sun and from all those external factors that can ruin the saddle.<br><br>
Each protective cover cost 20€ and can be purchased through our website or by sending an email to info@tappezzeriaitalia.it.<br><br>
<strong>NOTE - THOSE ARE SEAT COVERS NOT THE WHOLE SEAT. YOU NEED TO PUT THOSE SEAT COVERS ON YOUR EXISTING SEATS.</strong>","All the covers of Tappezzeria Italia, are made with 100% waterproof materials, the seams are heat-taped from the inside to prevent the infiltration of water, ensuring 80% waterproofing.

However, infiltration may occur if the saddle is exposed to rain for a long time or to high pressure washing. These events, although rare, are not due to a defect in the coating.

All our saddles are made with a very elaborate graphic design, this in favor of an attractive aesthetic and great visual impact, our lines, now appreciated all over the world, are the maximum expression of made in Italy saddlery.

Master craftsmen sew our covers with great passion to give the customer a product that is recognizable and of great quality.

Unfortunately, the more numerous the seams in the coatings and the greater the possibility that small infiltrations will occur.

It is important to understand that if we realized covers with few seams (like some of our competitors) we could guarantee a total waterproofness of the saddle.

Anyway, Tappezzeria Italia put customer satisfaction first and so we decided to make small elastic and water-repellent covers that can be purchased separately from the saddle.

These protective covers (optional) are easy to adhere to the saddle and little bulky, if you find yourself having to leave the bike to the weather, just put the cover to be sure that your saddle will remain completely dry inside.

The protective covers will also be very useful both to protect your new saddle from water, and to protect it from the sun and from all those external factors that can ruin the saddle.

Each protective cover cost 20€ and can be purchased through our website or by sending an email to info@tappezzeriaitalia.it.

NOTE - THOSE ARE SEAT COVERS NOT THE WHOLE SEAT. YOU NEED TO PUT THOSE SEAT COVERS ON YOUR EXISTING SEATS.",38500,,2026-07-26,active,Kawasaki,2000,g,Tappezzeria Shara 1 Ultragrip Seat Cover for Kawasaki Z900 202…,"All the covers of Tappezzeria Italia, are made with 100% waterproof materials, the seams are heat-taped from the inside to prevent the infiltration of…",,Cleaned noise; brand verified,High,false,Motorcycle Accessories > Seats > Seat Covers,High,"Mapped from Shopify Type ""seat cover""",tappezzeria-shara-1-ultragrip-seat-cover-for-kawasaki-z900-2020-1|Colour:Grey|price:38500.00|compare:|weight:2000|barcode:|qty:0 | tappezzeria-shara-1-ultragrip-seat-cover-for-kawasaki-z900-2020-2|Colour:Red|price:38500.00|compare:|weight:2000|barcode:|qty:0 | tappezzeria-shara-1-ultragrip-seat-cover-for-kawasaki-z900-2020-3|Colour:Green|price:38500.00|compare:|weight:2000|barcode:|qty:0 | tappezzeria-shara-1-ultragrip-seat-cover-for-kawasaki-z900-2020-4|Colour:Black|price:38500.00|compare:|weight:2000|barcode:|qty:0 | tappezzeria-shara-1-ultragrip-seat-cover-for-kawasaki-z900-2020-5|Colour:Brodeaux|price:38500.00|compare:|weight:2000|barcode:|qty:0,"tappezzeria-shara-1-ultragrip-seat-cover-for-kawasaki-z900-2020-1,tappezzeria-shara-1-ultragrip-seat-cover-for-kawasaki-z900-2020-2,tappezzeria-shara-1-ultragrip-seat-cover-for-kawasaki-z900-2020-3,tappezzeria-shara-1-ultragrip-seat-cover-for-kawasaki-z900-2020-4,tappezzeria-shara-1-ultragrip-seat-cover-for-kawasaki-z900-2020-5",5,https://cdn.shopify.com/s/files/1/0076/8301/4754/products/seat-cover-for-kawasaki-z-900-17-21-shara-1-ultragrip-model_2dc85031-0ae0-473f-9608-6726c3b35f8f.jpg?v=1651661391|pos:1|alt:Kawasaki Tappezzeria Shara 1 Ultragrip Seat Cover for Kawasaki Z900 2020 – front view || https://cdn.shopify.com/s/files/1/0076/8301/4754/products/seat-cover-for-kawasaki-z-900-17-21-shara-1-ultragrip-model_1_55085a00-8298-4f68-84f6-e823ee609f9c.jpg?v=1651661391|pos:2|alt:Kawasaki Tappezzeria Shara 1 Ultragrip Seat Cover for Kawasaki Z900 2020 – side view || https://cdn.shopify.com/s/files/1/0076/8301/4754/products/seat-cover-for-kawasaki-z-900-17-21-shara-1-ultragrip-model_2_c4c056a2-9857-41e0-956e-90eb1b73ff17.jpg?v=1651661391|pos:3|alt:Kawasaki Tappezzeria Shara 1 Ultragrip Seat Cover for Kawasaki Z900 2020 – rear view || https://cdn.shopify.com/s/files/1/0076/8301/4754/products/seat-cover-for-kawasaki-z-900-17-21-shara-1-ultragrip-model_3_aea522ee-455b-437e-ad05-7fd45861ba49.jpg?v=1651661391|pos:4|alt:Kawasaki Tappezzeria Shara 1 Ultragrip Seat Cover for Kawasaki Z900 2020 – detail view || https://cdn.shopify.com/s/files/1/0076/8301/4754/products/seat-cover-for-kawasaki-z-900-17-21-shara-1-ultragrip-model_4_d395616e-1aaf-4f70-8f48-7544f5e937ea.jpg?v=1651661391|pos:5|alt:Kawasaki Tappezzeria Shara 1 Ultragrip Seat Cover for Kawasaki Z900 2020 – top view,5,Kawasaki Tappezzeria Shara 1 Ultragrip Seat Cover for Kawasaki Z900 2020 – front view | Kawasaki Tappezzeria Shara 1 Ultragrip Seat Cover for Kawasaki Z900 2020 – side view | Kawasaki Tappezzeria Shara 1 Ultragrip Seat Cover for Kawasaki Z900 2020 – rear view | Kawasaki Tappezzeria Shara 1 Ultragrip Seat Cover for Kawasaki Z900 2020 – detail view | Kawasaki Tappezzeria Shara 1 Ultragrip Seat Cover for Kawasaki Z900 2020 – top view,,0,,,,,,,,,false,not_eligible,,0,false,/products/tappezzeria-shara-1-ultragrip-seat-cover-for-kawasaki-z900-2020,/products/tappezzeria-shara-1-ultragrip-seat-cover-for-kawasaki-z900-2020
tappezzeria-shara-1-ultragrip-seat-cover-for-kawasaki-z900,tappezzeria-shara-1-ultragrip-seat-cover-for-kawasaki-z900,Tappezzeria Shara 1 Ultragrip Seat Cover for Kawasaki Z900,Tappezzeria Shara 1 Ultragrip Seat Cover for Kawasaki Z900,tappezzeria-shara-1-ultragrip-seat-cover-for-kawasaki-z900,"All the covers of Tappezzeria Italia, are made with 100% waterproof materials, the seams are heat-taped from the inside to prevent the infiltration of water,… Available in multiple sizes and/or colours — select your variant.","All the covers of Tappezzeria Italia, are made with 100% waterproof materials, the seams are heat-taped from the inside to prevent the infiltration of water, ensuring 80% waterproofing.<br><br>
However, infiltration may occur if the saddle is exposed to rain for a long time or to high pressure washing. These events, although rare, are not due to a defect in the coating.<br><br>
All our saddles are made with a very elaborate graphic design, this in favor of an attractive aesthetic and great visual impact, our lines, now appreciated all over the world, are the maximum expression of made in Italy saddlery.<br><br>
Master craftsmen sew our covers with great passion to give the customer a product that is recognizable and of great quality.<br><br>
Unfortunately, the more numerous the seams in the coatings and the greater the possibility that small infiltrations will occur.<br><br>
It is important to understand that if we realized covers with few seams (like some of our competitors) we could guarantee a total waterproofness of the saddle.<br><br>
Anyway, Tappezzeria Italia put customer satisfaction first and so we decided to make small elastic and water-repellent covers that can be purchased separately from the saddle.<br><br>
These protective covers (optional) are easy to adhere to the saddle and little bulky, if you find yourself having to leave the bike to the weather, just put the cover to be sure that your saddle will remain completely dry inside.<br><br>
The protective covers will also be very useful both to protect your new saddle from water, and to protect it from the sun and from all those external factors that can ruin the saddle.<br><br>
Each protective cover cost 20€ and can be purchased through our website or by sending an email to info@tappezzeriaitalia.it.<br><br>
<strong>NOTE - THOSE ARE SEAT COVERS NOT THE WHOLE SEAT. YOU NEED TO PUT THOSE SEAT COVERS ON YOUR EXISTING SEATS.</strong>","All the covers of Tappezzeria Italia, are made with 100% waterproof materials, the seams are heat-taped from the inside to prevent the infiltration of water, ensuring 80% waterproofing.

However, infiltration may occur if the saddle is exposed to rain for a long time or to high pressure washing. These events, although rare, are not due to a defect in the coating.

All our saddles are made with a very elaborate graphic design, this in favor of an attractive aesthetic and great visual impact, our lines, now appreciated all over the world, are the maximum expression of made in Italy saddlery.

Master craftsmen sew our covers with great passion to give the customer a product that is recognizable and of great quality.

Unfortunately, the more numerous the seams in the coatings and the greater the possibility that small infiltrations will occur.

It is important to understand that if we realized covers with few seams (like some of our competitors) we could guarantee a total waterproofness of the saddle.

Anyway, Tappezzeria Italia put customer satisfaction first and so we decided to make small elastic and water-repellent covers that can be purchased separately from the saddle.

These protective covers (optional) are easy to adhere to the saddle and little bulky, if you find yourself having to leave the bike to the weather, just put the cover to be sure that your saddle will remain completely dry inside.

The protective covers will also be very useful both to protect your new saddle from water, and to protect it from the sun and from all those external factors that can ruin the saddle.

Each protective cover cost 20€ and can be purchased through our website or by sending an email to info@tappezzeriaitalia.it.

NOTE - THOSE ARE SEAT COVERS NOT THE WHOLE SEAT. YOU NEED TO PUT THOSE SEAT COVERS ON YOUR EXISTING SEATS.",38500,,2026-07-26,active,Kawasaki,2000,g,Tappezzeria Shara 1 Ultragrip Seat Cover for Kawasaki Z900 | M…,"All the covers of Tappezzeria Italia, are made with 100% waterproof materials, the seams are heat-taped from the inside to prevent the infiltration of…",,Cleaned noise; brand verified,High,false,Motorcycle Accessories > Seats > Seat Covers,High,"Mapped from Shopify Type ""seat cover""",tappezzeria-shara-1-ultragrip-seat-cover-for-kawasaki-z900-1|Colour:Grey|price:38500.00|compare:|weight:2000|barcode:|qty:0 | tappezzeria-shara-1-ultragrip-seat-cover-for-kawasaki-z900-2|Colour:Red|price:38500.00|compare:|weight:2000|barcode:|qty:0 | tappezzeria-shara-1-ultragrip-seat-cover-for-kawasaki-z900-3|Colour:Green|price:38500.00|compare:|weight:2000|barcode:|qty:0 | tappezzeria-shara-1-ultragrip-seat-cover-for-kawasaki-z900-4|Colour:Black|price:38500.00|compare:|weight:2000|barcode:|qty:0 | tappezzeria-shara-1-ultragrip-seat-cover-for-kawasaki-z900-5|Colour:Brodeaux|price:38500.00|compare:|weight:2000|barcode:|qty:0,"tappezzeria-shara-1-ultragrip-seat-cover-for-kawasaki-z900-1,tappezzeria-shara-1-ultragrip-seat-cover-for-kawasaki-z900-2,tappezzeria-shara-1-ultragrip-seat-cover-for-kawasaki-z900-3,tappezzeria-shara-1-ultragrip-seat-cover-for-kawasaki-z900-4,tappezzeria-shara-1-ultragrip-seat-cover-for-kawasaki-z900-5",5,https://cdn.shopify.com/s/files/1/0076/8301/4754/products/seat-cover-for-kawasaki-z-900-17-21-shara-1-ultragrip-model.jpg?v=1651661320|pos:1|alt:Kawasaki Tappezzeria Shara 1 Ultragrip Seat Cover for Kawasaki Z900 – front view || https://cdn.shopify.com/s/files/1/0076/8301/4754/products/seat-cover-for-kawasaki-z-900-17-21-shara-1-ultragrip-model_1.jpg?v=1651661320|pos:2|alt:Kawasaki Tappezzeria Shara 1 Ultragrip Seat Cover for Kawasaki Z900 – side view || https://cdn.shopify.com/s/files/1/0076/8301/4754/products/seat-cover-for-kawasaki-z-900-17-21-shara-1-ultragrip-model_2.jpg?v=1651661320|pos:3|alt:Kawasaki Tappezzeria Shara 1 Ultragrip Seat Cover for Kawasaki Z900 – rear view || https://cdn.shopify.com/s/files/1/0076/8301/4754/products/seat-cover-for-kawasaki-z-900-17-21-shara-1-ultragrip-model_3.jpg?v=1651661320|pos:4|alt:Kawasaki Tappezzeria Shara 1 Ultragrip Seat Cover for Kawasaki Z900 – detail view || https://cdn.shopify.com/s/files/1/0076/8301/4754/products/seat-cover-for-kawasaki-z-900-17-21-shara-1-ultragrip-model_4.jpg?v=1651661320|pos:5|alt:Kawasaki Tappezzeria Shara 1 Ultragrip Seat Cover for Kawasaki Z900 – top view,5,Kawasaki Tappezzeria Shara 1 Ultragrip Seat Cover for Kawasaki Z900 – front view | Kawasaki Tappezzeria Shara 1 Ultragrip Seat Cover for Kawasaki Z900 – side view | Kawasaki Tappezzeria Shara 1 Ultragrip Seat Cover for Kawasaki Z900 – rear view | Kawasaki Tappezzeria Shara 1 Ultragrip Seat Cover for Kawasaki Z900 – detail view | Kawasaki Tappezzeria Shara 1 Ultragrip Seat Cover for Kawasaki Z900 – top view,,0,,,,,,,,,false,not_eligible,,0,false,/products/tappezzeria-shara-1-ultragrip-seat-cover-for-kawasaki-z900,/products/tappezzeria-shara-1-ultragrip-seat-cover-for-kawasaki-z900
tappezzeria-suhl-1-seat-cover-for-kawasaki-z900-2021,tappezzeria-suhl-1-seat-cover-for-kawasaki-z900-2021,Tappezzeria Suhl 1 Seat Cover for Kawasaki Z900 2021,Tappezzeria Suhl 1 Seat Cover for Kawasaki Z900 2021,tappezzeria-suhl-1-seat-cover-for-kawasaki-z900-2021,"All the covers of Tappezzeria Italia, are made with 100% waterproof materials, the seams are heat-taped from the inside to prevent the infiltration of water,… Available in multiple sizes and/or colours — select your variant.","All the covers of Tappezzeria Italia, are made with 100% waterproof materials, the seams are heat-taped from the inside to prevent the infiltration of water, ensuring 80% waterproofing.<br><br>
However, infiltration may occur if the saddle is exposed to rain for a long time or to high pressure washing. These events, although rare, are not due to a defect in the coating.<br><br>
All our saddles are made with a very elaborate graphic design, this in favor of an attractive aesthetic and great visual impact, our lines, now appreciated all over the world, are the maximum expression of made in Italy saddlery.<br><br>
Master craftsmen sew our covers with great passion to give the customer a product that is recognizable and of great quality.<br><br>
Unfortunately, the more numerous the seams in the coatings and the greater the possibility that small infiltrations will occur.<br><br>
It is important to understand that if we realized covers with few seams (like some of our competitors) we could guarantee a total waterproofness of the saddle.<br><br>
Anyway, Tappezzeria Italia put customer satisfaction first and so we decided to make small elastic and water-repellent covers that can be purchased separately from the saddle.<br><br>
These protective covers (optional) are easy to adhere to the saddle and little bulky, if you find yourself having to leave the bike to the weather, just put the cover to be sure that your saddle will remain completely dry inside.<br><br>
The protective covers will also be very useful both to protect your new saddle from water, and to protect it from the sun and from all those external factors that can ruin the saddle.<br><br>
Each protective cover cost 20€ and can be purchased through our website or by sending an email to info@tappezzeriaitalia.it.<br><br>
<strong>NOTE - THOSE ARE SEAT COVERS NOT THE WHOLE SEAT. YOU NEED TO PUT THOSE SEAT COVERS ON YOUR EXISTING SEATS.</strong>","All the covers of Tappezzeria Italia, are made with 100% waterproof materials, the seams are heat-taped from the inside to prevent the infiltration of water, ensuring 80% waterproofing.

However, infiltration may occur if the saddle is exposed to rain for a long time or to high pressure washing. These events, although rare, are not due to a defect in the coating.

All our saddles are made with a very elaborate graphic design, this in favor of an attractive aesthetic and great visual impact, our lines, now appreciated all over the world, are the maximum expression of made in Italy saddlery.

Master craftsmen sew our covers with great passion to give the customer a product that is recognizable and of great quality.

Unfortunately, the more numerous the seams in the coatings and the greater the possibility that small infiltrations will occur.

It is important to understand that if we realized covers with few seams (like some of our competitors) we could guarantee a total waterproofness of the saddle.

Anyway, Tappezzeria Italia put customer satisfaction first and so we decided to make small elastic and water-repellent covers that can be purchased separately from the saddle.

These protective covers (optional) are easy to adhere to the saddle and little bulky, if you find yourself having to leave the bike to the weather, just put the cover to be sure that your saddle will remain completely dry inside.

The protective covers will also be very useful both to protect your new saddle from water, and to protect it from the sun and from all those external factors that can ruin the saddle.

Each protective cover cost 20€ and can be purchased through our website or by sending an email to info@tappezzeriaitalia.it.

NOTE - THOSE ARE SEAT COVERS NOT THE WHOLE SEAT. YOU NEED TO PUT THOSE SEAT COVERS ON YOUR EXISTING SEATS.",36500,,2026-07-26,active,Kawasaki,2000,g,Tappezzeria Suhl 1 Seat Cover for Kawasaki Z900 2021 | Mile 27…,"All the covers of Tappezzeria Italia, are made with 100% waterproof materials, the seams are heat-taped from the inside to prevent the infiltration of…",,Cleaned noise; brand verified,High,false,Motorcycle Accessories > Seats > Seat Covers,High,"Mapped from Shopify Type ""seat cover""",tappezzeria-suhl-1-seat-cover-for-kawasaki-z900-2021-1|Colour:Grey|price:36500.00|compare:|weight:2000|barcode:|qty:0 | tappezzeria-suhl-1-seat-cover-for-kawasaki-z900-2021-2|Colour:Green|price:36500.00|compare:|weight:2000|barcode:|qty:0 | tappezzeria-suhl-1-seat-cover-for-kawasaki-z900-2021-3|Colour:Black|price:36500.00|compare:|weight:2000|barcode:|qty:0 | tappezzeria-suhl-1-seat-cover-for-kawasaki-z900-2021-4|Colour:Bordeaux|price:36500.00|compare:|weight:2000|barcode:|qty:0,"tappezzeria-suhl-1-seat-cover-for-kawasaki-z900-2021-1,tappezzeria-suhl-1-seat-cover-for-kawasaki-z900-2021-2,tappezzeria-suhl-1-seat-cover-for-kawasaki-z900-2021-3,tappezzeria-suhl-1-seat-cover-for-kawasaki-z900-2021-4",4,https://cdn.shopify.com/s/files/1/0076/8301/4754/products/seat-cover-for-kawasaki-z-900-17-21-suhl-1-model_5d5c10b0-f14e-47ed-a722-9b88a60ae52c.jpg?v=1651660942|pos:1|alt:Kawasaki Tappezzeria Suhl 1 Seat Cover for Kawasaki Z900 2021 – front view || https://cdn.shopify.com/s/files/1/0076/8301/4754/products/seat-cover-for-kawasaki-z-900-17-21-suhl-1-model_1_833568e0-1ba4-497a-b2d8-6f01c6028d5d.jpg?v=1651660942|pos:2|alt:Kawasaki Tappezzeria Suhl 1 Seat Cover for Kawasaki Z900 2021 – side view || https://cdn.shopify.com/s/files/1/0076/8301/4754/products/seat-cover-for-kawasaki-z-900-17-21-suhl-1-model_2_d3ec2b17-9e6a-4bc1-8405-1805c5c79b57.jpg?v=1651660942|pos:3|alt:Kawasaki Tappezzeria Suhl 1 Seat Cover for Kawasaki Z900 2021 – rear view || https://cdn.shopify.com/s/files/1/0076/8301/4754/products/seat-cover-for-kawasaki-z-900-17-21-suhl-1-model_3_fd5521de-e8f4-4bf1-8947-d9d2a799e032.jpg?v=1651660942|pos:4|alt:Kawasaki Tappezzeria Suhl 1 Seat Cover for Kawasaki Z900 2021 – detail view || https://cdn.shopify.com/s/files/1/0076/8301/4754/products/seat-cover-for-kawasaki-z-900-17-21-suhl-1-model_4_f7ae344c-8654-4660-875c-98942aa67082.jpg?v=1651660943|pos:5|alt:Kawasaki Tappezzeria Suhl 1 Seat Cover for Kawasaki Z900 2021 – top view,5,Kawasaki Tappezzeria Suhl 1 Seat Cover for Kawasaki Z900 2021 – front view | Kawasaki Tappezzeria Suhl 1 Seat Cover for Kawasaki Z900 2021 – side view | Kawasaki Tappezzeria Suhl 1 Seat Cover for Kawasaki Z900 2021 – rear view | Kawasaki Tappezzeria Suhl 1 Seat Cover for Kawasaki Z900 2021 – detail view | Kawasaki Tappezzeria Suhl 1 Seat Cover for Kawasaki Z900 2021 – top view,,0,,,,,,,,,false,not_eligible,,0,false,/products/tappezzeria-suhl-1-seat-cover-for-kawasaki-z900-2021,/products/tappezzeria-suhl-1-seat-cover-for-kawasaki-z900-2021
tappezzeria-suhl-1-seat-cover-for-kawasaki-z900-2020,tappezzeria-suhl-1-seat-cover-for-kawasaki-z900-2020,Tappezzeria Suhl 1 Seat Cover for Kawasaki Z900 2020,Tappezzeria Suhl 1 Seat Cover for Kawasaki Z900 2020,tappezzeria-suhl-1-seat-cover-for-kawasaki-z900-2020,"All the covers of Tappezzeria Italia, are made with 100% waterproof materials, the seams are heat-taped from the inside to prevent the infiltration of water,… Available in multiple sizes and/or colours — select your variant.","All the covers of Tappezzeria Italia, are made with 100% waterproof materials, the seams are heat-taped from the inside to prevent the infiltration of water, ensuring 80% waterproofing.
However, infiltration may occur if the saddle is exposed to rain for a long time or to high pressure washing. These events, although rare, are not due to a defect in the coating.<br><br>
All our saddles are made with a very elaborate graphic design, this in favor of an attractive aesthetic and great visual impact, our lines, now appreciated all over the world, are the maximum expression of made in Italy saddlery.<br><br>
Master craftsmen sew our covers with great passion to give the customer a product that is recognizable and of great quality.<br><br>
Unfortunately, the more numerous the seams in the coatings and the greater the possibility that small infiltrations will occur.<br><br>
It is important to understand that if we realized covers with few seams (like some of our competitors) we could guarantee a total waterproofness of the saddle.<br><br>
Anyway, Tappezzeria Italia put customer satisfaction first and so we decided to make small elastic and water-repellent covers that can be purchased separately from the saddle.<br><br>
These protective covers (optional) are easy to adhere to the saddle and little bulky, if you find yourself having to leave the bike to the weather, just put the cover to be sure that your saddle will remain completely dry inside.<br><br>
The protective covers will also be very useful both to protect your new saddle from water, and to protect it from the sun and from all those external factors that can ruin the saddle.<br><br>
Each protective cover cost 20€ and can be purchased through our website or by sending an email to info@tappezzeriaitalia.it.<br><br>
<strong>NOTE - THOSE ARE SEAT COVERS NOT THE WHOLE SEAT. YOU NEED TO PUT THOSE SEAT COVERS ON YOUR EXISTING SEATS.</strong>","All the covers of Tappezzeria Italia, are made with 100% waterproof materials, the seams are heat-taped from the inside to prevent the infiltration of water, ensuring 80% waterproofing.
However, infiltration may occur if the saddle is exposed to rain for a long time or to high pressure washing. These events, although rare, are not due to a defect in the coating.

All our saddles are made with a very elaborate graphic design, this in favor of an attractive aesthetic and great visual impact, our lines, now appreciated all over the world, are the maximum expression of made in Italy saddlery.

Master craftsmen sew our covers with great passion to give the customer a product that is recognizable and of great quality.

Unfortunately, the more numerous the seams in the coatings and the greater the possibility that small infiltrations will occur.

It is important to understand that if we realized covers with few seams (like some of our competitors) we could guarantee a total waterproofness of the saddle.

Anyway, Tappezzeria Italia put customer satisfaction first and so we decided to make small elastic and water-repellent covers that can be purchased separately from the saddle.

These protective covers (optional) are easy to adhere to the saddle and little bulky, if you find yourself having to leave the bike to the weather, just put the cover to be sure that your saddle will remain completely dry inside.

The protective covers will also be very useful both to protect your new saddle from water, and to protect it from the sun and from all those external factors that can ruin the saddle.

Each protective cover cost 20€ and can be purchased through our website or by sending an email to info@tappezzeriaitalia.it.

NOTE - THOSE ARE SEAT COVERS NOT THE WHOLE SEAT. YOU NEED TO PUT THOSE SEAT COVERS ON YOUR EXISTING SEATS.",36500,,2026-07-26,active,Kawasaki,2000,g,Tappezzeria Suhl 1 Seat Cover for Kawasaki Z900 2020 | Mile 27…,"All the covers of Tappezzeria Italia, are made with 100% waterproof materials, the seams are heat-taped from the inside to prevent the infiltration of…",,Cleaned noise; brand verified,High,false,Motorcycle Accessories > Seats > Seat Covers,High,"Mapped from Shopify Type ""seat cover""",tappezzeria-suhl-1-seat-cover-for-kawasaki-z900-2020-1|Colour:Grey|price:36500.00|compare:|weight:2000|barcode:|qty:0 | tappezzeria-suhl-1-seat-cover-for-kawasaki-z900-2020-2|Colour:Green|price:36500.00|compare:|weight:2000|barcode:|qty:0 | tappezzeria-suhl-1-seat-cover-for-kawasaki-z900-2020-3|Colour:Black|price:36500.00|compare:|weight:2000|barcode:|qty:0 | tappezzeria-suhl-1-seat-cover-for-kawasaki-z900-2020-4|Colour:Bordeaux|price:36500.00|compare:|weight:2000|barcode:|qty:0,"tappezzeria-suhl-1-seat-cover-for-kawasaki-z900-2020-1,tappezzeria-suhl-1-seat-cover-for-kawasaki-z900-2020-2,tappezzeria-suhl-1-seat-cover-for-kawasaki-z900-2020-3,tappezzeria-suhl-1-seat-cover-for-kawasaki-z900-2020-4",4,https://cdn.shopify.com/s/files/1/0076/8301/4754/products/seat-cover-for-kawasaki-z-900-17-21-suhl-1-model_41c11242-6cda-4336-bf49-cded5a7d2f97.jpg?v=1651660811|pos:1|alt:Kawasaki Tappezzeria Suhl 1 Seat Cover for Kawasaki Z900 2020 – front view || https://cdn.shopify.com/s/files/1/0076/8301/4754/products/seat-cover-for-kawasaki-z-900-17-21-suhl-1-model_1_096cb72d-b8dc-4167-94bf-71b50afeefcf.jpg?v=1651660811|pos:2|alt:Kawasaki Tappezzeria Suhl 1 Seat Cover for Kawasaki Z900 2020 – side view || https://cdn.shopify.com/s/files/1/0076/8301/4754/products/seat-cover-for-kawasaki-z-900-17-21-suhl-1-model_2_34b2e833-4c78-4c1a-b349-03faed414e7e.jpg?v=1651660811|pos:3|alt:Kawasaki Tappezzeria Suhl 1 Seat Cover for Kawasaki Z900 2020 – rear view || https://cdn.shopify.com/s/files/1/0076/8301/4754/products/seat-cover-for-kawasaki-z-900-17-21-suhl-1-model_3_680335f4-c3fe-49a9-bc5d-0b2583b46a54.jpg?v=1651660812|pos:4|alt:Kawasaki Tappezzeria Suhl 1 Seat Cover for Kawasaki Z900 2020 – detail view || https://cdn.shopify.com/s/files/1/0076/8301/4754/products/seat-cover-for-kawasaki-z-900-17-21-suhl-1-model_4_9eb3d28f-cac4-4342-b544-6796f305d540.jpg?v=1651660812|pos:5|alt:Kawasaki Tappezzeria Suhl 1 Seat Cover for Kawasaki Z900 2020 – top view,5,Kawasaki Tappezzeria Suhl 1 Seat Cover for Kawasaki Z900 2020 – front view | Kawasaki Tappezzeria Suhl 1 Seat Cover for Kawasaki Z900 2020 – side view | Kawasaki Tappezzeria Suhl 1 Seat Cover for Kawasaki Z900 2020 – rear view | Kawasaki Tappezzeria Suhl 1 Seat Cover for Kawasaki Z900 2020 – detail view | Kawasaki Tappezzeria Suhl 1 Seat Cover for Kawasaki Z900 2020 – top view,,0,,,,,,,,,false,not_eligible,,0,false,/products/tappezzeria-suhl-1-seat-cover-for-kawasaki-z900-2020,/products/tappezzeria-suhl-1-seat-cover-for-kawasaki-z900-2020
tappezzeria-suhl-1-seat-cover-for-kawasaki-z900,tappezzeria-suhl-1-seat-cover-for-kawasaki-z900,Tappezzeria Suhl 1 Seat Cover for Kawasaki Z900,Tappezzeria Suhl 1 Seat Cover for Kawasaki Z900,tappezzeria-suhl-1-seat-cover-for-kawasaki-z900,"All the covers of Tappezzeria Italia, are made with 100% waterproof materials, the seams are heat-taped from the inside to prevent the infiltration of water,… Available in multiple sizes and/or colours — select your variant.","All the covers of Tappezzeria Italia, are made with 100% waterproof materials, the seams are heat-taped from the inside to prevent the infiltration of water, ensuring 80% waterproofing.<br><br>
However, infiltration may occur if the saddle is exposed to rain for a long time or to high pressure washing. These events, although rare, are not due to a defect in the coating.<br><br>
All our saddles are made with a very elaborate graphic design, this in favor of an attractive aesthetic and great visual impact, our lines, now appreciated all over the world, are the maximum expression of made in Italy saddlery.<br><br>
Master craftsmen sew our covers with great passion to give the customer a product that is recognizable and of great quality.<br><br>
Unfortunately, the more numerous the seams in the coatings and the greater the possibility that small infiltrations will occur.<br><br>
It is important to understand that if we realized covers with few seams (like some of our competitors) we could guarantee a total waterproofness of the saddle.<br><br>
Anyway, Tappezzeria Italia put customer satisfaction first and so we decided to make small elastic and water-repellent covers that can be purchased separately from the saddle.<br><br>
These protective covers (optional) are easy to adhere to the saddle and little bulky, if you find yourself having to leave the bike to the weather, just put the cover to be sure that your saddle will remain completely dry inside.<br><br>
The protective covers will also be very useful both to protect your new saddle from water, and to protect it from the sun and from all those external factors that can ruin the saddle.<br><br>
Each protective cover cost 20€ and can be purchased through our website or by sending an email to info@tappezzeriaitalia.it.<br><br>
<strong>NOTE - THOSE ARE SEAT COVERS NOT THE WHOLE SEAT. YOU NEED TO PUT THOSE SEAT COVERS ON YOUR EXISTING SEATS.</strong>","All the covers of Tappezzeria Italia, are made with 100% waterproof materials, the seams are heat-taped from the inside to prevent the infiltration of water, ensuring 80% waterproofing.

However, infiltration may occur if the saddle is exposed to rain for a long time or to high pressure washing. These events, although rare, are not due to a defect in the coating.

All our saddles are made with a very elaborate graphic design, this in favor of an attractive aesthetic and great visual impact, our lines, now appreciated all over the world, are the maximum expression of made in Italy saddlery.

Master craftsmen sew our covers with great passion to give the customer a product that is recognizable and of great quality.

Unfortunately, the more numerous the seams in the coatings and the greater the possibility that small infiltrations will occur.

It is important to understand that if we realized covers with few seams (like some of our competitors) we could guarantee a total waterproofness of the saddle.

Anyway, Tappezzeria Italia put customer satisfaction first and so we decided to make small elastic and water-repellent covers that can be purchased separately from the saddle.

These protective covers (optional) are easy to adhere to the saddle and little bulky, if you find yourself having to leave the bike to the weather, just put the cover to be sure that your saddle will remain completely dry inside.

The protective covers will also be very useful both to protect your new saddle from water, and to protect it from the sun and from all those external factors that can ruin the saddle.

Each protective cover cost 20€ and can be purchased through our website or by sending an email to info@tappezzeriaitalia.it.

NOTE - THOSE ARE SEAT COVERS NOT THE WHOLE SEAT. YOU NEED TO PUT THOSE SEAT COVERS ON YOUR EXISTING SEATS.",36500,,2026-07-26,active,Kawasaki,2000,g,Tappezzeria Suhl 1 Seat Cover for Kawasaki Z900 | Mile 27 Store,"All the covers of Tappezzeria Italia, are made with 100% waterproof materials, the seams are heat-taped from the inside to prevent the infiltration of…",,Cleaned noise; brand verified,High,false,Motorcycle Accessories > Seats > Seat Covers,High,"Mapped from Shopify Type ""seat cover""",tappezzeria-suhl-1-seat-cover-for-kawasaki-z900-1|Colour:Grey|price:36500.00|compare:|weight:2000|barcode:|qty:0 | tappezzeria-suhl-1-seat-cover-for-kawasaki-z900-2|Colour:Green|price:36500.00|compare:|weight:2000|barcode:|qty:0 | tappezzeria-suhl-1-seat-cover-for-kawasaki-z900-3|Colour:Black|price:36500.00|compare:|weight:2000|barcode:|qty:0 | tappezzeria-suhl-1-seat-cover-for-kawasaki-z900-4|Colour:Bordeaux|price:36500.00|compare:|weight:2000|barcode:|qty:0,"tappezzeria-suhl-1-seat-cover-for-kawasaki-z900-1,tappezzeria-suhl-1-seat-cover-for-kawasaki-z900-2,tappezzeria-suhl-1-seat-cover-for-kawasaki-z900-3,tappezzeria-suhl-1-seat-cover-for-kawasaki-z900-4",4,https://cdn.shopify.com/s/files/1/0076/8301/4754/products/seat-cover-for-kawasaki-z-900-17-21-suhl-1-model.jpg?v=1651660664|pos:1|alt:Kawasaki Tappezzeria Suhl 1 Seat Cover for Kawasaki Z900 – front view || https://cdn.shopify.com/s/files/1/0076/8301/4754/products/seat-cover-for-kawasaki-z-900-17-21-suhl-1-model_1.jpg?v=1651660666|pos:2|alt:Kawasaki Tappezzeria Suhl 1 Seat Cover for Kawasaki Z900 – side view || https://cdn.shopify.com/s/files/1/0076/8301/4754/products/seat-cover-for-kawasaki-z-900-17-21-suhl-1-model_2.jpg?v=1651660664|pos:3|alt:Kawasaki Tappezzeria Suhl 1 Seat Cover for Kawasaki Z900 – rear view || https://cdn.shopify.com/s/files/1/0076/8301/4754/products/seat-cover-for-kawasaki-z-900-17-21-suhl-1-model_3.jpg?v=1651660665|pos:4|alt:Kawasaki Tappezzeria Suhl 1 Seat Cover for Kawasaki Z900 – detail view || https://cdn.shopify.com/s/files/1/0076/8301/4754/products/seat-cover-for-kawasaki-z-900-17-21-suhl-1-model_4.jpg?v=1651660665|pos:5|alt:Kawasaki Tappezzeria Suhl 1 Seat Cover for Kawasaki Z900 – top view,5,Kawasaki Tappezzeria Suhl 1 Seat Cover for Kawasaki Z900 – front view | Kawasaki Tappezzeria Suhl 1 Seat Cover for Kawasaki Z900 – side view | Kawasaki Tappezzeria Suhl 1 Seat Cover for Kawasaki Z900 – rear view | Kawasaki Tappezzeria Suhl 1 Seat Cover for Kawasaki Z900 – detail view | Kawasaki Tappezzeria Suhl 1 Seat Cover for Kawasaki Z900 – top view,,0,,,,,,,,,false,not_eligible,,0,false,/products/tappezzeria-suhl-1-seat-cover-for-kawasaki-z900,/products/tappezzeria-suhl-1-seat-cover-for-kawasaki-z900
tappezzeria-argos-comfort-system-seat-cover-for-kawasaki-z-h2,tappezzeria-argos-comfort-system-seat-cover-for-kawasaki-z-h2,Tappezzeria Argos Comfort System Seat Cover for Kawasaki Z H2,Tappezzeria Argos Comfort System Seat Cover for Kawasaki Z H2,tappezzeria-argos-comfort-system-seat-cover-for-kawasaki-z-h2,"All the covers of Tappezzeria Italia, are made with 100% waterproof materials, the seams are heat-taped from the inside to prevent the infiltration of water,… Available in multiple sizes and/or colours — select your variant.","All the covers of Tappezzeria Italia, are made with 100% waterproof materials, the seams are heat-taped from the inside to prevent the infiltration of water, ensuring 80% waterproofing.<br><br>
However, infiltration may occur if the saddle is exposed to rain for a long time or to high pressure washing. These events, although rare, are not due to a defect in the coating.<br><br>
All our saddles are made with a very elaborate graphic design, this in favor of an attractive aesthetic and great visual impact, our lines, now appreciated all over the world, are the maximum expression of made in Italy saddlery.<br><br>
Master craftsmen sew our covers with great passion to give the customer a product that is recognizable and of great quality.<br><br>
Unfortunately, the more numerous the seams in the coatings and the greater the possibility that small infiltrations will occur.<br><br>
It is important to understand that if we realized covers with few seams (like some of our competitors) we could guarantee a total waterproofness of the saddle.<br><br>
Anyway, Tappezzeria Italia put customer satisfaction first and so we decided to make small elastic and water-repellent covers that can be purchased separately from the saddle.<br><br>
These protective covers (optional) are easy to adhere to the saddle and little bulky, if you find yourself having to leave the bike to the weather, just put the cover to be sure that your saddle will remain completely dry inside.<br><br>
The protective covers will also be very useful both to protect your new saddle from water, and to protect it from the sun and from all those external factors that can ruin the saddle.<br><br>
Each protective cover cost 20€ and can be purchased through our website or by sending an email to info@tappezzeriaitalia.it.<br><br>
<strong>NOTE - THOSE ARE SEAT COVERS NOT THE WHOLE SEAT. YOU NEED TO PUT THOSE SEAT COVERS ON YOUR EXISTING SEATS.</strong>","All the covers of Tappezzeria Italia, are made with 100% waterproof materials, the seams are heat-taped from the inside to prevent the infiltration of water, ensuring 80% waterproofing.

However, infiltration may occur if the saddle is exposed to rain for a long time or to high pressure washing. These events, although rare, are not due to a defect in the coating.

All our saddles are made with a very elaborate graphic design, this in favor of an attractive aesthetic and great visual impact, our lines, now appreciated all over the world, are the maximum expression of made in Italy saddlery.

Master craftsmen sew our covers with great passion to give the customer a product that is recognizable and of great quality.

Unfortunately, the more numerous the seams in the coatings and the greater the possibility that small infiltrations will occur.

It is important to understand that if we realized covers with few seams (like some of our competitors) we could guarantee a total waterproofness of the saddle.

Anyway, Tappezzeria Italia put customer satisfaction first and so we decided to make small elastic and water-repellent covers that can be purchased separately from the saddle.

These protective covers (optional) are easy to adhere to the saddle and little bulky, if you find yourself having to leave the bike to the weather, just put the cover to be sure that your saddle will remain completely dry inside.

The protective covers will also be very useful both to protect your new saddle from water, and to protect it from the sun and from all those external factors that can ruin the saddle.

Each protective cover cost 20€ and can be purchased through our website or by sending an email to info@tappezzeriaitalia.it.

NOTE - THOSE ARE SEAT COVERS NOT THE WHOLE SEAT. YOU NEED TO PUT THOSE SEAT COVERS ON YOUR EXISTING SEATS.",44500,,2026-07-26,active,Kawasaki,2000,g,Tappezzeria Argos Comfort System Seat Cover for Kawasaki Z H2 …,"All the covers of Tappezzeria Italia, are made with 100% waterproof materials, the seams are heat-taped from the inside to prevent the infiltration of…",,Cleaned noise; brand verified,High,false,Motorcycle Accessories > Seats > Seat Covers,High,"Mapped from Shopify Type ""seat cover""",tappezzeria-argos-comfort-system-seat-cover-for-kawasaki-z-h2-1|Colour:Green|price:44500.00|compare:|weight:2000|barcode:|qty:0 | tappezzeria-argos-comfort-system-seat-cover-for-kawasaki-z-h2-2|Colour:Silver|price:44500.00|compare:|weight:2000|barcode:|qty:0 | tappezzeria-argos-comfort-system-seat-cover-for-kawasaki-z-h2-3|Colour:Green-Silver|price:44500.00|compare:|weight:2000|barcode:|qty:0,"tappezzeria-argos-comfort-system-seat-cover-for-kawasaki-z-h2-1,tappezzeria-argos-comfort-system-seat-cover-for-kawasaki-z-h2-2,tappezzeria-argos-comfort-system-seat-cover-for-kawasaki-z-h2-3",3,https://cdn.shopify.com/s/files/1/0076/8301/4754/products/seat-cover-compatible-kawasaki-z-h2-argos-comfort-system-model.jpg?v=1651583806|pos:1|alt:Kawasaki Tappezzeria Argos Comfort System Seat Cover for Kawasaki Z H2 – front view || https://cdn.shopify.com/s/files/1/0076/8301/4754/products/seat-cover-compatible-kawasaki-z-h2-argos-comfort-system-model_1.jpg?v=1651583807|pos:2|alt:Kawasaki Tappezzeria Argos Comfort System Seat Cover for Kawasaki Z H2 – side view || https://cdn.shopify.com/s/files/1/0076/8301/4754/products/seat-cover-compatible-kawasaki-z-h2-argos-comfort-system-model_2.jpg?v=1651583805|pos:3|alt:Kawasaki Tappezzeria Argos Comfort System Seat Cover for Kawasaki Z H2 – rear view,3,Kawasaki Tappezzeria Argos Comfort System Seat Cover for Kawasaki Z H2 – front view | Kawasaki Tappezzeria Argos Comfort System Seat Cover for Kawasaki Z H2 – side view | Kawasaki Tappezzeria Argos Comfort System Seat Cover for Kawasaki Z H2 – rear view,,0,,,,,,,,,false,not_eligible,,0,false,/products/tappezzeria-argos-comfort-system-seat-cover-for-kawasaki-z-h2,/products/tappezzeria-argos-comfort-system-seat-cover-for-kawasaki-z-h2
tappezzeria-argos-ultragrip-seat-cover-for-kawasaki-z-h2,tappezzeria-argos-ultragrip-seat-cover-for-kawasaki-z-h2,Tappezzeria Argos Ultragrip Seat Cover for Kawasaki Z H2,Tappezzeria Argos Ultragrip Seat Cover for Kawasaki Z H2,tappezzeria-argos-ultragrip-seat-cover-for-kawasaki-z-h2,"All the covers of Tappezzeria Italia, are made with 100% waterproof materials, the seams are heat-taped from the inside to prevent the infiltration of water,… Available in multiple sizes and/or colours — select your variant.","All the covers of Tappezzeria Italia, are made with 100% waterproof materials, the seams are heat-taped from the inside to prevent the infiltration of water, ensuring 80% waterproofing.<br><br>
However, infiltration may occur if the saddle is exposed to rain for a long time or to high pressure washing. These events, although rare, are not due to a defect in the coating.<br><br>
All our saddles are made with a very elaborate graphic design, this in favor of an attractive aesthetic and great visual impact, our lines, now appreciated all over the world, are the maximum expression of made in Italy saddlery.<br><br>
Master craftsmen sew our covers with great passion to give the customer a product that is recognizable and of great quality.<br><br>
Unfortunately, the more numerous the seams in the coatings and the greater the possibility that small infiltrations will occur.<br><br>
It is important to understand that if we realized covers with few seams (like some of our competitors) we could guarantee a total waterproofness of the saddle.<br><br>
Anyway, Tappezzeria Italia put customer satisfaction first and so we decided to make small elastic and water-repellent covers that can be purchased separately from the saddle.<br><br>
These protective covers (optional) are easy to adhere to the saddle and little bulky, if you find yourself having to leave the bike to the weather, just put the cover to be sure that your saddle will remain completely dry inside.<br><br>
The protective covers will also be very useful both to protect your new saddle from water, and to protect it from the sun and from all those external factors that can ruin the saddle.<br><br>
Each protective cover cost 20€ and can be purchased through our website or by sending an email to info@tappezzeriaitalia.it.<br><br>
<strong>NOTE - THOSE ARE SEAT COVERS NOT THE WHOLE SEAT. YOU NEED TO PUT THOSE SEAT COVERS ON YOUR EXISTING SEATS.</strong>","All the covers of Tappezzeria Italia, are made with 100% waterproof materials, the seams are heat-taped from the inside to prevent the infiltration of water, ensuring 80% waterproofing.

However, infiltration may occur if the saddle is exposed to rain for a long time or to high pressure washing. These events, although rare, are not due to a defect in the coating.

All our saddles are made with a very elaborate graphic design, this in favor of an attractive aesthetic and great visual impact, our lines, now appreciated all over the world, are the maximum expression of made in Italy saddlery.

Master craftsmen sew our covers with great passion to give the customer a product that is recognizable and of great quality.

Unfortunately, the more numerous the seams in the coatings and the greater the possibility that small infiltrations will occur.

It is important to understand that if we realized covers with few seams (like some of our competitors) we could guarantee a total waterproofness of the saddle.

Anyway, Tappezzeria Italia put customer satisfaction first and so we decided to make small elastic and water-repellent covers that can be purchased separately from the saddle.

These protective covers (optional) are easy to adhere to the saddle and little bulky, if you find yourself having to leave the bike to the weather, just put the cover to be sure that your saddle will remain completely dry inside.

The protective covers will also be very useful both to protect your new saddle from water, and to protect it from the sun and from all those external factors that can ruin the saddle.

Each protective cover cost 20€ and can be purchased through our website or by sending an email to info@tappezzeriaitalia.it.

NOTE - THOSE ARE SEAT COVERS NOT THE WHOLE SEAT. YOU NEED TO PUT THOSE SEAT COVERS ON YOUR EXISTING SEATS.",40500,,2026-07-26,active,Kawasaki,2000,g,Tappezzeria Argos Ultragrip Seat Cover for Kawasaki Z H2 | Mil…,"All the covers of Tappezzeria Italia, are made with 100% waterproof materials, the seams are heat-taped from the inside to prevent the infiltration of…",,Cleaned noise; brand verified,High,false,Motorcycle Accessories > Seats > Seat Covers,High,"Mapped from Shopify Type ""seat cover""",tappezzeria-argos-ultragrip-seat-cover-for-kawasaki-z-h2-1|Colour:Green|price:40500.00|compare:|weight:2000|barcode:|qty:0 | tappezzeria-argos-ultragrip-seat-cover-for-kawasaki-z-h2-2|Colour:Silver|price:40500.00|compare:|weight:2000|barcode:|qty:0 | tappezzeria-argos-ultragrip-seat-cover-for-kawasaki-z-h2-3|Colour:Green-Silver|price:40500.00|compare:|weight:2000|barcode:|qty:0,"tappezzeria-argos-ultragrip-seat-cover-for-kawasaki-z-h2-1,tappezzeria-argos-ultragrip-seat-cover-for-kawasaki-z-h2-2,tappezzeria-argos-ultragrip-seat-cover-for-kawasaki-z-h2-3",3,https://cdn.shopify.com/s/files/1/0076/8301/4754/products/seat-cover-compatible-kawasaki-z-h2-argos-ultragrip-model.jpg?v=1651583447|pos:1|alt:Kawasaki Tappezzeria Argos Ultragrip Seat Cover for Kawasaki Z H2 – front view || https://cdn.shopify.com/s/files/1/0076/8301/4754/products/seat-cover-compatible-kawasaki-z-h2-argos-ultragrip-model_1.jpg?v=1651583447|pos:2|alt:Kawasaki Tappezzeria Argos Ultragrip Seat Cover for Kawasaki Z H2 – side view || https://cdn.shopify.com/s/files/1/0076/8301/4754/products/seat-cover-compatible-kawasaki-z-h2-argos-ultragrip-model_2.jpg?v=1651583447|pos:3|alt:Kawasaki Tappezzeria Argos Ultragrip Seat Cover for Kawasaki Z H2 – rear view,3,Kawasaki Tappezzeria Argos Ultragrip Seat Cover for Kawasaki Z H2 – front view | Kawasaki Tappezzeria Argos Ultragrip Seat Cover for Kawasaki Z H2 – side view | Kawasaki Tappezzeria Argos Ultragrip Seat Cover for Kawasaki Z H2 – rear view,,0,,,,,,,,,false,not_eligible,,0,false,/products/tappezzeria-argos-ultragrip-seat-cover-for-kawasaki-z-h2,/products/tappezzeria-argos-ultragrip-seat-cover-for-kawasaki-z-h2
tappezzeria-argos-seat-cover-for-kawasaki-z-h2,tappezzeria-argos-seat-cover-for-kawasaki-z-h2,Tappezzeria Argos Seat Cover for Kawasaki Z H2,Tappezzeria Argos Seat Cover for Kawasaki Z H2,tappezzeria-argos-seat-cover-for-kawasaki-z-h2,"All the covers of Tappezzeria Italia, are made with 100% waterproof materials, the seams are heat-taped from the inside to prevent the infiltration of water,… Available in multiple sizes and/or colours — select your variant.","All the covers of Tappezzeria Italia, are made with 100% waterproof materials, the seams are heat-taped from the inside to prevent the infiltration of water, ensuring 80% waterproofing.<br><br>
However, infiltration may occur if the saddle is exposed to rain for a long time or to high pressure washing. These events, although rare, are not due to a defect in the coating.<br><br>
All our saddles are made with a very elaborate graphic design, this in favor of an attractive aesthetic and great visual impact, our lines, now appreciated all over the world, are the maximum expression of made in Italy saddlery.<br><br>
Master craftsmen sew our covers with great passion to give the customer a product that is recognizable and of great quality.<br><br>
Unfortunately, the more numerous the seams in the coatings and the greater the possibility that small infiltrations will occur.<br><br>
It is important to understand that if we realized covers with few seams (like some of our competitors) we could guarantee a total waterproofness of the saddle.<br><br>
Anyway, Tappezzeria Italia put customer satisfaction first and so we decided to make small elastic and water-repellent covers that can be purchased separately from the saddle.<br><br>
These protective covers (optional) are easy to adhere to the saddle and little bulky, if you find yourself having to leave the bike to the weather, just put the cover to be sure that your saddle will remain completely dry inside.<br><br>
The protective covers will also be very useful both to protect your new saddle from water, and to protect it from the sun and from all those external factors that can ruin the saddle.<br><br>
Each protective cover cost 20€ and can be purchased through our website or by sending an email to info@tappezzeriaitalia.it.<br><br>
<strong>NOTE - THOSE ARE SEAT COVERS NOT THE WHOLE SEAT. YOU NEED TO PUT THOSE SEAT COVERS ON YOUR EXISTING SEATS.</strong>","All the covers of Tappezzeria Italia, are made with 100% waterproof materials, the seams are heat-taped from the inside to prevent the infiltration of water, ensuring 80% waterproofing.

However, infiltration may occur if the saddle is exposed to rain for a long time or to high pressure washing. These events, although rare, are not due to a defect in the coating.

All our saddles are made with a very elaborate graphic design, this in favor of an attractive aesthetic and great visual impact, our lines, now appreciated all over the world, are the maximum expression of made in Italy saddlery.

Master craftsmen sew our covers with great passion to give the customer a product that is recognizable and of great quality.

Unfortunately, the more numerous the seams in the coatings and the greater the possibility that small infiltrations will occur.

It is important to understand that if we realized covers with few seams (like some of our competitors) we could guarantee a total waterproofness of the saddle.

Anyway, Tappezzeria Italia put customer satisfaction first and so we decided to make small elastic and water-repellent covers that can be purchased separately from the saddle.

These protective covers (optional) are easy to adhere to the saddle and little bulky, if you find yourself having to leave the bike to the weather, just put the cover to be sure that your saddle will remain completely dry inside.

The protective covers will also be very useful both to protect your new saddle from water, and to protect it from the sun and from all those external factors that can ruin the saddle.

Each protective cover cost 20€ and can be purchased through our website or by sending an email to info@tappezzeriaitalia.it.

NOTE - THOSE ARE SEAT COVERS NOT THE WHOLE SEAT. YOU NEED TO PUT THOSE SEAT COVERS ON YOUR EXISTING SEATS.",39000,,2026-07-26,active,Kawasaki,2000,g,Tappezzeria Argos Seat Cover for Kawasaki Z H2 | Mile 27 Store,"All the covers of Tappezzeria Italia, are made with 100% waterproof materials, the seams are heat-taped from the inside to prevent the infiltration of…",,Cleaned noise; brand verified,High,false,Motorcycle Accessories > Seats > Seat Covers,High,"Mapped from Shopify Type ""seat cover""",tappezzeria-argos-seat-cover-for-kawasaki-z-h2-1|Colour:Green|price:39000.00|compare:|weight:2000|barcode:|qty:0 | tappezzeria-argos-seat-cover-for-kawasaki-z-h2-2|Colour:Silver|price:39000.00|compare:|weight:2000|barcode:|qty:0 | tappezzeria-argos-seat-cover-for-kawasaki-z-h2-3|Colour:Green-Silver|price:39000.00|compare:|weight:2000|barcode:|qty:0,"tappezzeria-argos-seat-cover-for-kawasaki-z-h2-1,tappezzeria-argos-seat-cover-for-kawasaki-z-h2-2,tappezzeria-argos-seat-cover-for-kawasaki-z-h2-3",3,https://cdn.shopify.com/s/files/1/0076/8301/4754/products/seat-cover-compatible-kawasaki-z-h2-argos-model.jpg?v=1651583086|pos:1|alt:Kawasaki Tappezzeria Argos Seat Cover for Kawasaki Z H2 – front view || https://cdn.shopify.com/s/files/1/0076/8301/4754/products/seat-cover-compatible-kawasaki-z-h2-argos-model_1.jpg?v=1651583086|pos:2|alt:Kawasaki Tappezzeria Argos Seat Cover for Kawasaki Z H2 – side view || https://cdn.shopify.com/s/files/1/0076/8301/4754/products/seat-cover-compatible-kawasaki-z-h2-argos-model_2.jpg?v=1651583086|pos:3|alt:Kawasaki Tappezzeria Argos Seat Cover for Kawasaki Z H2 – rear view,3,Kawasaki Tappezzeria Argos Seat Cover for Kawasaki Z H2 – front view | Kawasaki Tappezzeria Argos Seat Cover for Kawasaki Z H2 – side view | Kawasaki Tappezzeria Argos Seat Cover for Kawasaki Z H2 – rear view,,0,,,,,,,,,false,not_eligible,,0,false,/products/tappezzeria-argos-seat-cover-for-kawasaki-z-h2,/products/tappezzeria-argos-seat-cover-for-kawasaki-z-h2
tappezzeria-anadia-special-solor-comfort-system-seat-cover-for-kawasaki-zx-6r,tappezzeria-anadia-special-solor-comfort-system-seat-cover-for-kawasaki-zx-6r,Tappezzeria Anadia Special Solor Comfort System Seat Cover for Kawasaki ZX-6R,Tappezzeria Anadia Special Solor Comfort System Seat Cover for Kawasaki ZX-6R,tappezzeria-anadia-special-solor-comfort-system-seat-cover-for-kawasaki-zx-6r,"All the covers of Tappezzeria Italia, are made with 100% waterproof materials, the seams are heat-taped from the inside to prevent the infiltration of water,…","All the covers of Tappezzeria Italia, are made with 100% waterproof materials, the seams are heat-taped from the inside to prevent the infiltration of water, ensuring 80% waterproofing.<br><br>
However, infiltration may occur if the saddle is exposed to rain for a long time or to high pressure washing. These events, although rare, are not due to a defect in the coating.<br><br>
All our saddles are made with a very elaborate graphic design, this in favor of an attractive aesthetic and great visual impact, our lines, now appreciated all over the world, are the maximum expression of made in Italy saddlery.<br><br>
Master craftsmen sew our covers with great passion to give the customer a product that is recognizable and of great quality.<br><br>
Unfortunately, the more numerous the seams in the coatings and the greater the possibility that small infiltrations will occur.<br><br>
It is important to understand that if we realized covers with few seams (like some of our competitors) we could guarantee a total waterproofness of the saddle.<br><br>
Anyway, Tappezzeria Italia put customer satisfaction first and so we decided to make small elastic and water-repellent covers that can be purchased separately from the saddle.<br><br>
These protective covers (optional) are easy to adhere to the saddle and little bulky, if you find yourself having to leave the bike to the weather, just put the cover to be sure that your saddle will remain completely dry inside.<br><br>
The protective covers will also be very useful both to protect your new saddle from water, and to protect it from the sun and from all those external factors that can ruin the saddle.<br><br>
Each protective cover cost 20€ and can be purchased through our website or by sending an email to info@tappezzeriaitalia.it.<br><br>
<strong>NOTE - THOSE ARE SEAT COVERS NOT THE WHOLE SEAT. YOU NEED TO PUT THOSE SEAT COVERS ON YOUR EXISTING SEATS.</strong>","All the covers of Tappezzeria Italia, are made with 100% waterproof materials, the seams are heat-taped from the inside to prevent the infiltration of water, ensuring 80% waterproofing.

However, infiltration may occur if the saddle is exposed to rain for a long time or to high pressure washing. These events, although rare, are not due to a defect in the coating.

All our saddles are made with a very elaborate graphic design, this in favor of an attractive aesthetic and great visual impact, our lines, now appreciated all over the world, are the maximum expression of made in Italy saddlery.

Master craftsmen sew our covers with great passion to give the customer a product that is recognizable and of great quality.

Unfortunately, the more numerous the seams in the coatings and the greater the possibility that small infiltrations will occur.

It is important to understand that if we realized covers with few seams (like some of our competitors) we could guarantee a total waterproofness of the saddle.

Anyway, Tappezzeria Italia put customer satisfaction first and so we decided to make small elastic and water-repellent covers that can be purchased separately from the saddle.

These protective covers (optional) are easy to adhere to the saddle and little bulky, if you find yourself having to leave the bike to the weather, just put the cover to be sure that your saddle will remain completely dry inside.

The protective covers will also be very useful both to protect your new saddle from water, and to protect it from the sun and from all those external factors that can ruin the saddle.

Each protective cover cost 20€ and can be purchased through our website or by sending an email to info@tappezzeriaitalia.it.

NOTE - THOSE ARE SEAT COVERS NOT THE WHOLE SEAT. YOU NEED TO PUT THOSE SEAT COVERS ON YOUR EXISTING SEATS.",46500,,2026-07-26,active,Kawasaki,2000,g,Tappezzeria Anadia Special Solor Comfort System Seat Cover for…,"All the covers of Tappezzeria Italia, are made with 100% waterproof materials, the seams are heat-taped from the inside to prevent the infiltration of…",,Cleaned noise; brand verified,High,false,Motorcycle Accessories > Seats > Seat Covers,High,"Mapped from Shopify Type ""seat cover""",tappezzeria-anadia-special-solor-comfort-system-seat-cover-for-kawasaki-zx-6r-1|Default Title|price:46500.00|compare:|weight:2000|barcode:|qty:0,tappezzeria-anadia-special-solor-comfort-system-seat-cover-for-kawasaki-zx-6r-1,1,https://cdn.shopify.com/s/files/1/0076/8301/4754/products/seat-cover-for-kawasaki-ninja-zx-6-r-19-20-anadia-special-color-comfort-system-model.jpg?v=1651407792|pos:1|alt:Kawasaki Tappezzeria Anadia Special Solor Comfort System Seat Cover for Kawasaki ZX-6R – front view,1,Kawasaki Tappezzeria Anadia Special Solor Comfort System Seat Cover for Kawasaki ZX-6R – front view,,0,,,,,,,,,false,not_eligible,,0,false,/products/tappezzeria-anadia-special-solor-comfort-system-seat-cover-for-kawasaki-zx-6r,/products/tappezzeria-anadia-special-solor-comfort-system-seat-cover-for-kawasaki-zx-6r
tappezzeria-anadia-comfort-system-seat-cover-for-kawasaki-zx-6r,tappezzeria-anadia-comfort-system-seat-cover-for-kawasaki-zx-6r,Tappezzeria Anadia Comfort System Seat Cover for Kawasaki ZX-6R,Tappezzeria Anadia Comfort System Seat Cover for Kawasaki ZX-6R,tappezzeria-anadia-comfort-system-seat-cover-for-kawasaki-zx-6r,"All the covers of Tappezzeria Italia, are made with 100% waterproof materials, the seams are heat-taped from the inside to prevent the infiltration of water,… Available in multiple sizes and/or colours — select your variant.","All the covers of Tappezzeria Italia, are made with 100% waterproof materials, the seams are heat-taped from the inside to prevent the infiltration of water, ensuring 80% waterproofing.<br><br>
However, infiltration may occur if the saddle is exposed to rain for a long time or to high pressure washing. These events, although rare, are not due to a defect in the coating.<br><br>
All our saddles are made with a very elaborate graphic design, this in favor of an attractive aesthetic and great visual impact, our lines, now appreciated all over the world, are the maximum expression of made in Italy saddlery.<br><br>
Master craftsmen sew our covers with great passion to give the customer a product that is recognizable and of great quality.<br><br>
Unfortunately, the more numerous the seams in the coatings and the greater the possibility that small infiltrations will occur.<br><br>
It is important to understand that if we realized covers with few seams (like some of our competitors) we could guarantee a total waterproofness of the saddle.<br><br>
Anyway, Tappezzeria Italia put customer satisfaction first and so we decided to make small elastic and water-repellent covers that can be purchased separately from the saddle.<br><br>
These protective covers (optional) are easy to adhere to the saddle and little bulky, if you find yourself having to leave the bike to the weather, just put the cover to be sure that your saddle will remain completely dry inside.<br><br>
The protective covers will also be very useful both to protect your new saddle from water, and to protect it from the sun and from all those external factors that can ruin the saddle.<br><br>
Each protective cover cost 20€ and can be purchased through our website or by sending an email to info@tappezzeriaitalia.it.<br><br>
<strong>NOTE - THOSE ARE SEAT COVERS NOT THE WHOLE SEAT. YOU NEED TO PUT THOSE SEAT COVERS ON YOUR EXISTING SEATS.</strong>","All the covers of Tappezzeria Italia, are made with 100% waterproof materials, the seams are heat-taped from the inside to prevent the infiltration of water, ensuring 80% waterproofing.

However, infiltration may occur if the saddle is exposed to rain for a long time or to high pressure washing. These events, although rare, are not due to a defect in the coating.

All our saddles are made with a very elaborate graphic design, this in favor of an attractive aesthetic and great visual impact, our lines, now appreciated all over the world, are the maximum expression of made in Italy saddlery.

Master craftsmen sew our covers with great passion to give the customer a product that is recognizable and of great quality.

Unfortunately, the more numerous the seams in the coatings and the greater the possibility that small infiltrations will occur.

It is important to understand that if we realized covers with few seams (like some of our competitors) we could guarantee a total waterproofness of the saddle.

Anyway, Tappezzeria Italia put customer satisfaction first and so we decided to make small elastic and water-repellent covers that can be purchased separately from the saddle.

These protective covers (optional) are easy to adhere to the saddle and little bulky, if you find yourself having to leave the bike to the weather, just put the cover to be sure that your saddle will remain completely dry inside.

The protective covers will also be very useful both to protect your new saddle from water, and to protect it from the sun and from all those external factors that can ruin the saddle.

Each protective cover cost 20€ and can be purchased through our website or by sending an email to info@tappezzeriaitalia.it.

NOTE - THOSE ARE SEAT COVERS NOT THE WHOLE SEAT. YOU NEED TO PUT THOSE SEAT COVERS ON YOUR EXISTING SEATS.",45500,,2026-07-26,active,Kawasaki,2000,g,Tappezzeria Anadia Comfort System Seat Cover for Kawasaki ZX-6…,"All the covers of Tappezzeria Italia, are made with 100% waterproof materials, the seams are heat-taped from the inside to prevent the infiltration of…",,Cleaned noise; brand verified,High,false,Motorcycle Accessories > Seats > Seat Covers,High,"Mapped from Shopify Type ""seat cover""",tappezzeria-anadia-comfort-system-seat-cover-for-kawasaki-zx-6r-1|Colour:Black|price:45500.00|compare:|weight:2000|barcode:|qty:0 | tappezzeria-anadia-comfort-system-seat-cover-for-kawasaki-zx-6r-2|Colour:Grey|price:45500.00|compare:|weight:2000|barcode:|qty:0 | tappezzeria-anadia-comfort-system-seat-cover-for-kawasaki-zx-6r-3|Colour:Green|price:45500.00|compare:|weight:2000|barcode:|qty:0,"tappezzeria-anadia-comfort-system-seat-cover-for-kawasaki-zx-6r-1,tappezzeria-anadia-comfort-system-seat-cover-for-kawasaki-zx-6r-2,tappezzeria-anadia-comfort-system-seat-cover-for-kawasaki-zx-6r-3",3,https://cdn.shopify.com/s/files/1/0076/8301/4754/products/seat-cover-for-kawasaki-ninja-zx-6-r-19-20-anadia-comfort-system-model.jpg?v=1651407397|pos:1|alt:Kawasaki Tappezzeria Anadia Comfort System Seat Cover for Kawasaki ZX-6R – front view || https://cdn.shopify.com/s/files/1/0076/8301/4754/products/seat-cover-for-kawasaki-ninja-zx-6-r-19-20-anadia-comfort-system-model_1.jpg?v=1651407396|pos:2|alt:Kawasaki Tappezzeria Anadia Comfort System Seat Cover for Kawasaki ZX-6R – side view || https://cdn.shopify.com/s/files/1/0076/8301/4754/products/seat-cover-for-kawasaki-ninja-zx-6-r-19-20-anadia-comfort-system-model_2.jpg?v=1651407396|pos:3|alt:Kawasaki Tappezzeria Anadia Comfort System Seat Cover for Kawasaki ZX-6R – rear view,3,Kawasaki Tappezzeria Anadia Comfort System Seat Cover for Kawasaki ZX-6R – front view | Kawasaki Tappezzeria Anadia Comfort System Seat Cover for Kawasaki ZX-6R – side view | Kawasaki Tappezzeria Anadia Comfort System Seat Cover for Kawasaki ZX-6R – rear view,,0,,,,,,,,,false,not_eligible,,0,false,/products/tappezzeria-anadia-comfort-system-seat-cover-for-kawasaki-zx-6r,/products/tappezzeria-anadia-comfort-system-seat-cover-for-kawasaki-zx-6r
tappezzeria-nelas-special-color-ultragrip-seat-cover-for-kawasaki-zx-6r,tappezzeria-nelas-special-color-ultragrip-seat-cover-for-kawasaki-zx-6r,Tappezzeria Nelas Special Color Ultragrip Seat Cover for Kawasaki ZX-6R,Tappezzeria Nelas Special Color Ultragrip Seat Cover for Kawasaki ZX-6R,tappezzeria-nelas-special-color-ultragrip-seat-cover-for-kawasaki-zx-6r,Pre Order Import on Order only,"[des]
<div class=""delivery_oder"">
<p><strong>Pre Order </strong><span> Import on Order only</span></p>
<p><strong>Delivery Time</strong> 25-30<span> Days</span></p>
</div>
<p>[/des]</p>
<p><span>All the covers of Tappezzeria Italia, are made with 100% waterproof materials, the seams are heat-taped from the inside to prevent the infiltration of water, ensuring 80% waterproofing.</span></p>
<p><span>However, infiltration may occur if the saddle is exposed to rain for a long time or to high pressure washing. These events, although rare, are not due to a defect in the coating.</span></p>
<p><span>All our saddles are made with a very elaborate graphic design, this in favor of an attractive aesthetic and great visual impact, our lines, now appreciated all over the world, are the maximum expression of made in Italy saddlery.</span></p>
<p><span>Master craftsmen sew our covers with great passion to give the customer a product that is recognizable and of great quality.</span></p>
<p>Unfortunately, the more numerous the seams in the coatings and the greater the possibility that small infiltrations will occur.</p>
<p>It is important to understand that if we realized covers with few seams (like some of our competitors) we could guarantee a total waterproofness of the saddle.</p>
<p><span>Anyway, Tappezzeria Italia put customer satisfaction first and so we decided to make small elastic and water-repellent covers that can be purchased separately from the saddle.</span></p>
<p><span>These protective covers (optional) are easy to adhere to the saddle and little bulky, if you find yourself having to leave the bike to the weather, just put the cover to be sure that your saddle will remain completely dry inside.</span></p>
<p><span>The protective covers will also be very useful both to protect your new saddle from water, and to protect it from the sun and from all those external factors that can ruin the saddle.</span></p>
<p><span>Each protective cover cost 20€ and can be purchased through our website or by sending an email to info@tappezzeriaitalia.it.</span></p>
<p> </p>
<p><strong>NOTE - THOSE ARE SEAT COVERS NOT THE WHOLE SEAT. YOU NEED TO PUT THOSE SEAT COVERS ON YOUR EXISTING SEATS.</strong></p>","[des]

Pre Order  Import on Order only

Delivery Time 25-30 Days

[/des]

All the covers of Tappezzeria Italia, are made with 100% waterproof materials, the seams are heat-taped from the inside to prevent the infiltration of water, ensuring 80% waterproofing.

However, infiltration may occur if the saddle is exposed to rain for a long time or to high pressure washing. These events, although rare, are not due to a defect in the coating.

All our saddles are made with a very elaborate graphic design, this in favor of an attractive aesthetic and great visual impact, our lines, now appreciated all over the world, are the maximum expression of made in Italy saddlery.

Master craftsmen sew our covers with great passion to give the customer a product that is recognizable and of great quality.

Unfortunately, the more numerous the seams in the coatings and the greater the possibility that small infiltrations will occur.

It is important to understand that if we realized covers with few seams (like some of our competitors) we could guarantee a total waterproofness of the saddle.

Anyway, Tappezzeria Italia put customer satisfaction first and so we decided to make small elastic and water-repellent covers that can be purchased separately from the saddle.

These protective covers (optional) are easy to adhere to the saddle and little bulky, if you find yourself having to leave the bike to the weather, just put the cover to be sure that your saddle will remain completely dry inside.

The protective covers will also be very useful both to protect your new saddle from water, and to protect it from the sun and from all those external factors that can ruin the saddle.

Each protective cover cost 20€ and can be purchased through our website or by sending an email to info@tappezzeriaitalia.it.

 

NOTE - THOSE ARE SEAT COVERS NOT THE WHOLE SEAT. YOU NEED TO PUT THOSE SEAT COVERS ON YOUR EXISTING SEATS.",42500,,2026-07-26,active,Kawasaki,2000,g,Tappezzeria Nelas Special Color Ultragrip Seat Cover for Kawas…,Pre Order Import on Order only,,Cleaned noise; brand verified,High,false,Motorcycle Accessories > Seats > Seat Covers,High,"Mapped from Shopify Type ""seat cover""",tappezzeria-nelas-special-color-ultragrip-seat-cover-for-kawasaki-zx-6r-1|Default Title|price:42500.00|compare:|weight:2000|barcode:|qty:0,tappezzeria-nelas-special-color-ultragrip-seat-cover-for-kawasaki-zx-6r-1,1,https://cdn.shopify.com/s/files/1/0076/8301/4754/products/seat-cover-for-kawasaki-ninja-zx-6-r-19-20-nelas-special-color-ultragrip-model.jpg?v=1651406813|pos:1|alt:Kawasaki Tappezzeria Nelas Special Color Ultragrip Seat Cover for Kawasaki ZX-6R – front view,1,Kawasaki Tappezzeria Nelas Special Color Ultragrip Seat Cover for Kawasaki ZX-6R – front view,,0,,,,,,,,,false,not_eligible,,0,false,/products/tappezzeria-nelas-special-color-ultragrip-seat-cover-for-kawasaki-zx-6r,/products/tappezzeria-nelas-special-color-ultragrip-seat-cover-for-kawasaki-zx-6r
tappezzeria-tomar-special-color-ultragrip-seat-cover-for-kawasaki-zx-6r,tappezzeria-tomar-special-color-ultragrip-seat-cover-for-kawasaki-zx-6r,Tappezzeria Tomar Special Color Ultragrip Seat Cover for Kawasaki ZX-6R,Tappezzeria Tomar Special Color Ultragrip Seat Cover for Kawasaki ZX-6R,tappezzeria-tomar-special-color-ultragrip-seat-cover-for-kawasaki-zx-6r,"All the covers of Tappezzeria Italia, are made with 100% waterproof materials, the seams are heat-taped from the inside to prevent the infiltration of water,…","All the covers of Tappezzeria Italia, are made with 100% waterproof materials, the seams are heat-taped from the inside to prevent the infiltration of water, ensuring 80% waterproofing.<br><br>
However, infiltration may occur if the saddle is exposed to rain for a long time or to high pressure washing. These events, although rare, are not due to a defect in the coating.<br><br>
All our saddles are made with a very elaborate graphic design, this in favor of an attractive aesthetic and great visual impact, our lines, now appreciated all over the world, are the maximum expression of made in Italy saddlery.<br><br>
Master craftsmen sew our covers with great passion to give the customer a product that is recognizable and of great quality.<br><br>
Unfortunately, the more numerous the seams in the coatings and the greater the possibility that small infiltrations will occur.<br><br>
It is important to understand that if we realized covers with few seams (like some of our competitors) we could guarantee a total waterproofness of the saddle.<br><br>
Anyway, Tappezzeria Italia put customer satisfaction first and so we decided to make small elastic and water-repellent covers that can be purchased separately from the saddle.<br><br>
These protective covers (optional) are easy to adhere to the saddle and little bulky, if you find yourself having to leave the bike to the weather, just put the cover to be sure that your saddle will remain completely dry inside.<br><br>
The protective covers will also be very useful both to protect your new saddle from water, and to protect it from the sun and from all those external factors that can ruin the saddle.<br><br>
Each protective cover cost 20€ and can be purchased through our website or by sending an email to info@tappezzeriaitalia.it.<br><br>
<strong>NOTE - THOSE ARE SEAT COVERS NOT THE WHOLE SEAT. YOU NEED TO PUT THOSE SEAT COVERS ON YOUR EXISTING SEATS.</strong>","All the covers of Tappezzeria Italia, are made with 100% waterproof materials, the seams are heat-taped from the inside to prevent the infiltration of water, ensuring 80% waterproofing.

However, infiltration may occur if the saddle is exposed to rain for a long time or to high pressure washing. These events, although rare, are not due to a defect in the coating.

All our saddles are made with a very elaborate graphic design, this in favor of an attractive aesthetic and great visual impact, our lines, now appreciated all over the world, are the maximum expression of made in Italy saddlery.

Master craftsmen sew our covers with great passion to give the customer a product that is recognizable and of great quality.

Unfortunately, the more numerous the seams in the coatings and the greater the possibility that small infiltrations will occur.

It is important to understand that if we realized covers with few seams (like some of our competitors) we could guarantee a total waterproofness of the saddle.

Anyway, Tappezzeria Italia put customer satisfaction first and so we decided to make small elastic and water-repellent covers that can be purchased separately from the saddle.

These protective covers (optional) are easy to adhere to the saddle and little bulky, if you find yourself having to leave the bike to the weather, just put the cover to be sure that your saddle will remain completely dry inside.

The protective covers will also be very useful both to protect your new saddle from water, and to protect it from the sun and from all those external factors that can ruin the saddle.

Each protective cover cost 20€ and can be purchased through our website or by sending an email to info@tappezzeriaitalia.it.

NOTE - THOSE ARE SEAT COVERS NOT THE WHOLE SEAT. YOU NEED TO PUT THOSE SEAT COVERS ON YOUR EXISTING SEATS.",42000,,2026-07-26,active,Kawasaki,2000,g,Tappezzeria Tomar Special Color Ultragrip Seat Cover for Kawas…,"All the covers of Tappezzeria Italia, are made with 100% waterproof materials, the seams are heat-taped from the inside to prevent the infiltration of…",,Cleaned noise; brand verified,High,false,Motorcycle Accessories > Seats > Seat Covers,High,"Mapped from Shopify Type ""seat cover""",tappezzeria-tomar-special-color-ultragrip-seat-cover-for-kawasaki-zx-6r-1|Default Title|price:42000.00|compare:|weight:2000|barcode:|qty:0,tappezzeria-tomar-special-color-ultragrip-seat-cover-for-kawasaki-zx-6r-1,1,https://cdn.shopify.com/s/files/1/0076/8301/4754/products/seat-cover-for-kawasaki-ninja-zx-6-r-19-20-tomar-special-color-ultragrip-model.jpg?v=1651406495|pos:1|alt:Kawasaki Tappezzeria Tomar Special Color Ultragrip Seat Cover for Kawasaki ZX-6R – front view,1,Kawasaki Tappezzeria Tomar Special Color Ultragrip Seat Cover for Kawasaki ZX-6R – front view,,0,,,,,,,,,false,not_eligible,,0,false,/products/tappezzeria-tomar-special-color-ultragrip-seat-cover-for-kawasaki-zx-6r,/products/tappezzeria-tomar-special-color-ultragrip-seat-cover-for-kawasaki-zx-6r
tappezzeria-tomar-ultragrip-seat-cover-for-kawasaki-zx-6r,tappezzeria-tomar-ultragrip-seat-cover-for-kawasaki-zx-6r,Tappezzeria Tomar Ultragrip Seat Cover for Kawasaki ZX-6R,Tappezzeria Tomar Ultragrip Seat Cover for Kawasaki ZX-6R,tappezzeria-tomar-ultragrip-seat-cover-for-kawasaki-zx-6r,"All the covers of Tappezzeria Italia, are made with 100% waterproof materials, the seams are heat-taped from the inside to prevent the infiltration of water,… Available in multiple sizes and/or colours — select your variant.","All the covers of Tappezzeria Italia, are made with 100% waterproof materials, the seams are heat-taped from the inside to prevent the infiltration of water, ensuring 80% waterproofing.<br><br>
However, infiltration may occur if the saddle is exposed to rain for a long time or to high pressure washing. These events, although rare, are not due to a defect in the coating.<br><br>
All our saddles are made with a very elaborate graphic design, this in favor of an attractive aesthetic and great visual impact, our lines, now appreciated all over the world, are the maximum expression of made in Italy saddlery.<br><br>
Master craftsmen sew our covers with great passion to give the customer a product that is recognizable and of great quality.<br><br>
Unfortunately, the more numerous the seams in the coatings and the greater the possibility that small infiltrations will occur.<br><br>
It is important to understand that if we realized covers with few seams (like some of our competitors) we could guarantee a total waterproofness of the saddle.<br><br>
Anyway, Tappezzeria Italia put customer satisfaction first and so we decided to make small elastic and water-repellent covers that can be purchased separately from the saddle.<br><br>
These protective covers (optional) are easy to adhere to the saddle and little bulky, if you find yourself having to leave the bike to the weather, just put the cover to be sure that your saddle will remain completely dry inside.<br><br>
The protective covers will also be very useful both to protect your new saddle from water, and to protect it from the sun and from all those external factors that can ruin the saddle.<br><br>
Each protective cover cost 20€ and can be purchased through our website or by sending an email to info@tappezzeriaitalia.it.<br><br>
<strong>NOTE - THOSE ARE SEAT COVERS NOT THE WHOLE SEAT. YOU NEED TO PUT THOSE SEAT COVERS ON YOUR EXISTING SEATS.</strong>","All the covers of Tappezzeria Italia, are made with 100% waterproof materials, the seams are heat-taped from the inside to prevent the infiltration of water, ensuring 80% waterproofing.

However, infiltration may occur if the saddle is exposed to rain for a long time or to high pressure washing. These events, although rare, are not due to a defect in the coating.

All our saddles are made with a very elaborate graphic design, this in favor of an attractive aesthetic and great visual impact, our lines, now appreciated all over the world, are the maximum expression of made in Italy saddlery.

Master craftsmen sew our covers with great passion to give the customer a product that is recognizable and of great quality.

Unfortunately, the more numerous the seams in the coatings and the greater the possibility that small infiltrations will occur.

It is important to understand that if we realized covers with few seams (like some of our competitors) we could guarantee a total waterproofness of the saddle.

Anyway, Tappezzeria Italia put customer satisfaction first and so we decided to make small elastic and water-repellent covers that can be purchased separately from the saddle.

These protective covers (optional) are easy to adhere to the saddle and little bulky, if you find yourself having to leave the bike to the weather, just put the cover to be sure that your saddle will remain completely dry inside.

The protective covers will also be very useful both to protect your new saddle from water, and to protect it from the sun and from all those external factors that can ruin the saddle.

Each protective cover cost 20€ and can be purchased through our website or by sending an email to info@tappezzeriaitalia.it.

NOTE - THOSE ARE SEAT COVERS NOT THE WHOLE SEAT. YOU NEED TO PUT THOSE SEAT COVERS ON YOUR EXISTING SEATS.",41000,,2026-07-26,active,Kawasaki,2000,g,Tappezzeria Tomar Ultragrip Seat Cover for Kawasaki ZX-6R | Mi…,"All the covers of Tappezzeria Italia, are made with 100% waterproof materials, the seams are heat-taped from the inside to prevent the infiltration of…",,Cleaned noise; brand verified,High,false,Motorcycle Accessories > Seats > Seat Covers,High,"Mapped from Shopify Type ""seat cover""",tappezzeria-tomar-ultragrip-seat-cover-for-kawasaki-zx-6r-1|Colour:Black|price:41000.00|compare:|weight:2000|barcode:|qty:0 | tappezzeria-tomar-ultragrip-seat-cover-for-kawasaki-zx-6r-2|Colour:Grey|price:41000.00|compare:|weight:2000|barcode:|qty:0 | tappezzeria-tomar-ultragrip-seat-cover-for-kawasaki-zx-6r-3|Colour:Green|price:41000.00|compare:|weight:2000|barcode:|qty:0,"tappezzeria-tomar-ultragrip-seat-cover-for-kawasaki-zx-6r-1,tappezzeria-tomar-ultragrip-seat-cover-for-kawasaki-zx-6r-2,tappezzeria-tomar-ultragrip-seat-cover-for-kawasaki-zx-6r-3",3,https://cdn.shopify.com/s/files/1/0076/8301/4754/products/seat-cover-for-kawasaki-ninja-zx-6-r-19-20-tomar-ultragrip-model.jpg?v=1651406079|pos:1|alt:Kawasaki Tappezzeria Tomar Ultragrip Seat Cover for Kawasaki ZX-6R – front view || https://cdn.shopify.com/s/files/1/0076/8301/4754/products/seat-cover-for-kawasaki-ninja-zx-6-r-19-20-tomar-ultragrip-model_1.jpg?v=1651406079|pos:2|alt:Kawasaki Tappezzeria Tomar Ultragrip Seat Cover for Kawasaki ZX-6R – side view || https://cdn.shopify.com/s/files/1/0076/8301/4754/products/seat-cover-for-kawasaki-ninja-zx-6-r-19-20-tomar-ultragrip-model_2.jpg?v=1651406080|pos:3|alt:Kawasaki Tappezzeria Tomar Ultragrip Seat Cover for Kawasaki ZX-6R – rear view,3,Kawasaki Tappezzeria Tomar Ultragrip Seat Cover for Kawasaki ZX-6R – front view | Kawasaki Tappezzeria Tomar Ultragrip Seat Cover for Kawasaki ZX-6R – side view | Kawasaki Tappezzeria Tomar Ultragrip Seat Cover for Kawasaki ZX-6R – rear view,,0,,,,,,,,,false,not_eligible,,0,false,/products/tappezzeria-tomar-ultragrip-seat-cover-for-kawasaki-zx-6r,/products/tappezzeria-tomar-ultragrip-seat-cover-for-kawasaki-zx-6r
tappezzeria-gaviao-seat-cover-for-kawasaki-zx-6r,tappezzeria-gaviao-seat-cover-for-kawasaki-zx-6r,Tappezzeria Gaviao Seat Cover for Kawasaki ZX-6R,Tappezzeria Gaviao Seat Cover for Kawasaki ZX-6R,tappezzeria-gaviao-seat-cover-for-kawasaki-zx-6r,"All the covers of Tappezzeria Italia, are made with 100% waterproof materials, the seams are heat-taped from the inside to prevent the infiltration of water,… Available in multiple sizes and/or colours — select your variant.","All the covers of Tappezzeria Italia, are made with 100% waterproof materials, the seams are heat-taped from the inside to prevent the infiltration of water, ensuring 80% waterproofing.<br><br>
However, infiltration may occur if the saddle is exposed to rain for a long time or to high pressure washing. These events, although rare, are not due to a defect in the coating.<br><br>
All our saddles are made with a very elaborate graphic design, this in favor of an attractive aesthetic and great visual impact, our lines, now appreciated all over the world, are the maximum expression of made in Italy saddlery.<br><br>
Master craftsmen sew our covers with great passion to give the customer a product that is recognizable and of great quality.<br><br>
Unfortunately, the more numerous the seams in the coatings and the greater the possibility that small infiltrations will occur.<br><br>
It is important to understand that if we realized covers with few seams (like some of our competitors) we could guarantee a total waterproofness of the saddle.<br><br>
Anyway, Tappezzeria Italia put customer satisfaction first and so we decided to make small elastic and water-repellent covers that can be purchased separately from the saddle.<br><br>
These protective covers (optional) are easy to adhere to the saddle and little bulky, if you find yourself having to leave the bike to the weather, just put the cover to be sure that your saddle will remain completely dry inside.<br><br>
The protective covers will also be very useful both to protect your new saddle from water, and to protect it from the sun and from all those external factors that can ruin the saddle.<br><br>
Each protective cover cost 20€ and can be purchased through our website or by sending an email to info@tappezzeriaitalia.it.<br><br>
<strong>NOTE - THOSE ARE SEAT COVERS NOT THE WHOLE SEAT. YOU NEED TO PUT THOSE SEAT COVERS ON YOUR EXISTING SEATS.</strong>","All the covers of Tappezzeria Italia, are made with 100% waterproof materials, the seams are heat-taped from the inside to prevent the infiltration of water, ensuring 80% waterproofing.

However, infiltration may occur if the saddle is exposed to rain for a long time or to high pressure washing. These events, although rare, are not due to a defect in the coating.

All our saddles are made with a very elaborate graphic design, this in favor of an attractive aesthetic and great visual impact, our lines, now appreciated all over the world, are the maximum expression of made in Italy saddlery.

Master craftsmen sew our covers with great passion to give the customer a product that is recognizable and of great quality.

Unfortunately, the more numerous the seams in the coatings and the greater the possibility that small infiltrations will occur.

It is important to understand that if we realized covers with few seams (like some of our competitors) we could guarantee a total waterproofness of the saddle.

Anyway, Tappezzeria Italia put customer satisfaction first and so we decided to make small elastic and water-repellent covers that can be purchased separately from the saddle.

These protective covers (optional) are easy to adhere to the saddle and little bulky, if you find yourself having to leave the bike to the weather, just put the cover to be sure that your saddle will remain completely dry inside.

The protective covers will also be very useful both to protect your new saddle from water, and to protect it from the sun and from all those external factors that can ruin the saddle.

Each protective cover cost 20€ and can be purchased through our website or by sending an email to info@tappezzeriaitalia.it.

NOTE - THOSE ARE SEAT COVERS NOT THE WHOLE SEAT. YOU NEED TO PUT THOSE SEAT COVERS ON YOUR EXISTING SEATS.",40000,,2026-07-26,active,Kawasaki,2000,g,Tappezzeria Gaviao Seat Cover for Kawasaki ZX-6R | Mile 27 Store,"All the covers of Tappezzeria Italia, are made with 100% waterproof materials, the seams are heat-taped from the inside to prevent the infiltration of…",,Cleaned noise; brand verified,High,false,Motorcycle Accessories > Seats > Seat Covers,High,"Mapped from Shopify Type ""seat cover""",tappezzeria-gaviao-seat-cover-for-kawasaki-zx-6r-1|Colour:Black|price:40000.00|compare:|weight:2000|barcode:|qty:0 | tappezzeria-gaviao-seat-cover-for-kawasaki-zx-6r-2|Colour:Grey|price:40000.00|compare:|weight:2000|barcode:|qty:0 | tappezzeria-gaviao-seat-cover-for-kawasaki-zx-6r-3|Colour:Green|price:40000.00|compare:|weight:2000|barcode:|qty:0,"tappezzeria-gaviao-seat-cover-for-kawasaki-zx-6r-1,tappezzeria-gaviao-seat-cover-for-kawasaki-zx-6r-2,tappezzeria-gaviao-seat-cover-for-kawasaki-zx-6r-3",3,https://cdn.shopify.com/s/files/1/0076/8301/4754/products/seat-cover-for-kawasaki-ninja-zx-6-r-19-20-gaviao-model.jpg?v=1651405744|pos:1|alt:Kawasaki Tappezzeria Gaviao Seat Cover for Kawasaki ZX-6R – front view || https://cdn.shopify.com/s/files/1/0076/8301/4754/products/seat-cover-for-kawasaki-ninja-zx-6-r-19-20-gaviao-model_1.jpg?v=1651405744|pos:2|alt:Kawasaki Tappezzeria Gaviao Seat Cover for Kawasaki ZX-6R – side view || https://cdn.shopify.com/s/files/1/0076/8301/4754/products/seat-cover-for-kawasaki-ninja-zx-6-r-19-20-gaviao-model_2.jpg?v=1651405745|pos:3|alt:Kawasaki Tappezzeria Gaviao Seat Cover for Kawasaki ZX-6R – rear view,3,Kawasaki Tappezzeria Gaviao Seat Cover for Kawasaki ZX-6R – front view | Kawasaki Tappezzeria Gaviao Seat Cover for Kawasaki ZX-6R – side view | Kawasaki Tappezzeria Gaviao Seat Cover for Kawasaki ZX-6R – rear view,,0,,,,,,,,,false,not_eligible,,0,false,/products/tappezzeria-gaviao-seat-cover-for-kawasaki-zx-6r,/products/tappezzeria-gaviao-seat-cover-for-kawasaki-zx-6r
tappezzeria-gaviao-special-color-seat-cover-for-kawasaki-zx-6r,tappezzeria-gaviao-special-color-seat-cover-for-kawasaki-zx-6r,Tappezzeria Gaviao Special Color Seat Cover for Kawasaki ZX-6R,Tappezzeria Gaviao Special Color Seat Cover for Kawasaki ZX-6R,tappezzeria-gaviao-special-color-seat-cover-for-kawasaki-zx-6r,"All the covers of Tappezzeria Italia, are made with 100% waterproof materials, the seams are heat-taped from the inside to prevent the infiltration of water,…","All the covers of Tappezzeria Italia, are made with 100% waterproof materials, the seams are heat-taped from the inside to prevent the infiltration of water, ensuring 80% waterproofing.<br><br> However, infiltration may occur if the saddle is exposed to rain for a long time or to high pressure washing. These events, although rare, are not due to a defect in the coating.<br><br> All our saddles are made with a very elaborate graphic design, this in favor of an attractive aesthetic and great visual impact, our lines, now appreciated all over the world, are the maximum expression of made in Italy saddlery.<br><br> Master craftsmen sew our covers with great passion to give the customer a product that is recognizable and of great quality.<br><br> Unfortunately, the more numerous the seams in the coatings and the greater the possibility that small infiltrations will occur.<br><br> It is important to understand that if we realized covers with few seams (like some of our competitors) we could guarantee a total waterproofness of the saddle.<br><br> Anyway, Tappezzeria Italia put customer satisfaction first and so we decided to make small elastic and water-repellent covers that can be purchased separately from the saddle.<br><br> These protective covers (optional) are easy to adhere to the saddle and little bulky, if you find yourself having to leave the bike to the weather, just put the cover to be sure that your saddle will remain completely dry inside.<br><br> The protective covers will also be very useful both to protect your new saddle from water, and to protect it from the sun and from all those external factors that can ruin the saddle.<br><br> Each protective cover cost 20€ and can be purchased through our website or by sending an email to info@tappezzeriaitalia.it.<br><br> <strong>NOTE - THOSE ARE SEAT COVERS NOT THE WHOLE SEAT. YOU NEED TO PUT THOSE SEAT COVERS ON YOUR EXISTING SEATS.</strong>","All the covers of Tappezzeria Italia, are made with 100% waterproof materials, the seams are heat-taped from the inside to prevent the infiltration of water, ensuring 80% waterproofing.

 However, infiltration may occur if the saddle is exposed to rain for a long time or to high pressure washing. These events, although rare, are not due to a defect in the coating.

 All our saddles are made with a very elaborate graphic design, this in favor of an attractive aesthetic and great visual impact, our lines, now appreciated all over the world, are the maximum expression of made in Italy saddlery.

 Master craftsmen sew our covers with great passion to give the customer a product that is recognizable and of great quality.

 Unfortunately, the more numerous the seams in the coatings and the greater the possibility that small infiltrations will occur.

 It is important to understand that if we realized covers with few seams (like some of our competitors) we could guarantee a total waterproofness of the saddle.

 Anyway, Tappezzeria Italia put customer satisfaction first and so we decided to make small elastic and water-repellent covers that can be purchased separately from the saddle.

 These protective covers (optional) are easy to adhere to the saddle and little bulky, if you find yourself having to leave the bike to the weather, just put the cover to be sure that your saddle will remain completely dry inside.

 The protective covers will also be very useful both to protect your new saddle from water, and to protect it from the sun and from all those external factors that can ruin the saddle.

 Each protective cover cost 20€ and can be purchased through our website or by sending an email to info@tappezzeriaitalia.it.

 NOTE - THOSE ARE SEAT COVERS NOT THE WHOLE SEAT. YOU NEED TO PUT THOSE SEAT COVERS ON YOUR EXISTING SEATS.",40000,,2026-07-26,active,Kawasaki,2000,g,Tappezzeria Gaviao Special Color Seat Cover for Kawasaki ZX-6R…,"All the covers of Tappezzeria Italia, are made with 100% waterproof materials, the seams are heat-taped from the inside to prevent the infiltration of…",,Cleaned noise; brand verified,High,false,Motorcycle Accessories > Seats > Seat Covers,High,"Mapped from Shopify Type ""seat cover""",tappezzeria-gaviao-special-color-seat-cover-for-kawasaki-zx-6r-1|Default Title|price:40000.00|compare:|weight:2000|barcode:|qty:0,tappezzeria-gaviao-special-color-seat-cover-for-kawasaki-zx-6r-1,1,https://cdn.shopify.com/s/files/1/0076/8301/4754/products/seat-cover-for-kawasaki-ninja-zx-6-r-19-20-gaviao-special-color-model.jpg?v=1651405326|pos:1|alt:Kawasaki Tappezzeria Gaviao Special Color Seat Cover for Kawasaki ZX-6R – front view,1,Kawasaki Tappezzeria Gaviao Special Color Seat Cover for Kawasaki ZX-6R – front view,,0,,,,,,,,,false,not_eligible,,0,false,/products/tappezzeria-gaviao-special-color-seat-cover-for-kawasaki-zx-6r,/products/tappezzeria-gaviao-special-color-seat-cover-for-kawasaki-zx-6r
tappezzeria-hervas-special-color-comfort-system-seat-cover-for-kawasaki-zx-10r-2016-20,tappezzeria-hervas-special-color-comfort-system-seat-cover-for-kawasaki-zx-10r-2016-20,Tappezzeria Hervas Special Color Comfort System Seat Cover for Kawasaki ZX-10R 2016-20,Tappezzeria Hervas Special Color Comfort System Seat Cover for Kawasaki ZX-10R 2016-20,tappezzeria-hervas-special-color-comfort-system-seat-cover-for-kawasaki-zx-10r-2016-20,"All the covers of Tappezzeria Italia, are made with 100% waterproof materials, the seams are heat-taped from the inside to prevent the infiltration of water,…","All the covers of Tappezzeria Italia, are made with 100% waterproof materials, the seams are heat-taped from the inside to prevent the infiltration of water, ensuring 80% waterproofing.<br><br>
However, infiltration may occur if the saddle is exposed to rain for a long time or to high pressure washing. These events, although rare, are not due to a defect in the coating.<br><br>
All our saddles are made with a very elaborate graphic design, this in favor of an attractive aesthetic and great visual impact, our lines, now appreciated all over the world, are the maximum expression of made in Italy saddlery.<br><br>
Master craftsmen sew our covers with great passion to give the customer a product that is recognizable and of great quality.<br><br>
Unfortunately, the more numerous the seams in the coatings and the greater the possibility that small infiltrations will occur.<br><br>
It is important to understand that if we realized covers with few seams (like some of our competitors) we could guarantee a total waterproofness of the saddle.<br><br>
Anyway, Tappezzeria Italia put customer satisfaction first and so we decided to make small elastic and water-repellent covers that can be purchased separately from the saddle.<br><br>
These protective covers (optional) are easy to adhere to the saddle and little bulky, if you find yourself having to leave the bike to the weather, just put the cover to be sure that your saddle will remain completely dry inside.<br><br>
The protective covers will also be very useful both to protect your new saddle from water, and to protect it from the sun and from all those external factors that can ruin the saddle.<br><br>
Each protective cover cost 20€ and can be purchased through our website or by sending an email to info@tappezzeriaitalia.it.<br><br>
<strong>NOTE - THOSE ARE SEAT COVERS NOT THE WHOLE SEAT. YOU NEED TO PUT THOSE SEAT COVERS ON YOUR EXISTING SEATS.</strong>","All the covers of Tappezzeria Italia, are made with 100% waterproof materials, the seams are heat-taped from the inside to prevent the infiltration of water, ensuring 80% waterproofing.

However, infiltration may occur if the saddle is exposed to rain for a long time or to high pressure washing. These events, although rare, are not due to a defect in the coating.

All our saddles are made with a very elaborate graphic design, this in favor of an attractive aesthetic and great visual impact, our lines, now appreciated all over the world, are the maximum expression of made in Italy saddlery.

Master craftsmen sew our covers with great passion to give the customer a product that is recognizable and of great quality.

Unfortunately, the more numerous the seams in the coatings and the greater the possibility that small infiltrations will occur.

It is important to understand that if we realized covers with few seams (like some of our competitors) we could guarantee a total waterproofness of the saddle.

Anyway, Tappezzeria Italia put customer satisfaction first and so we decided to make small elastic and water-repellent covers that can be purchased separately from the saddle.

These protective covers (optional) are easy to adhere to the saddle and little bulky, if you find yourself having to leave the bike to the weather, just put the cover to be sure that your saddle will remain completely dry inside.

The protective covers will also be very useful both to protect your new saddle from water, and to protect it from the sun and from all those external factors that can ruin the saddle.

Each protective cover cost 20€ and can be purchased through our website or by sending an email to info@tappezzeriaitalia.it.

NOTE - THOSE ARE SEAT COVERS NOT THE WHOLE SEAT. YOU NEED TO PUT THOSE SEAT COVERS ON YOUR EXISTING SEATS.",45000,,2026-07-26,active,Kawasaki,2000,g,Tappezzeria Hervas Special Color Comfort System Seat Cover for…,"All the covers of Tappezzeria Italia, are made with 100% waterproof materials, the seams are heat-taped from the inside to prevent the infiltration of…",,Cleaned noise; brand verified,High,false,Motorcycle Accessories > Seats > Seat Covers,High,"Mapped from Shopify Type ""seat cover""",tappezzeria-hervas-special-color-comfort-system-seat-cover-for-kawasaki-zx-10r-2016-20-1|Default Title|price:45000.00|compare:|weight:2000|barcode:|qty:0,tappezzeria-hervas-special-color-comfort-system-seat-cover-for-kawasaki-zx-10r-2016-20-1,1,https://cdn.shopify.com/s/files/1/0076/8301/4754/products/seat-cover-for-kawasaki-ninja-zx-10-r-16-20-hervas-special-color-comfort-system-model.jpg?v=1651400337|pos:1|alt:Kawasaki Tappezzeria Hervas Special Color Comfort System Seat Cover for Kawasaki ZX-10R 2016-20 – front view,1,Kawasaki Tappezzeria Hervas Special Color Comfort System Seat Cover for Kawasaki ZX-10R 2016-20 – front view,,0,,,,,,,,,false,not_eligible,,0,false,/products/tappezzeria-hervas-special-color-comfort-system-seat-cover-for-kawasaki-zx-10r-2016-20,/products/tappezzeria-hervas-special-color-comfort-system-seat-cover-for-kawasaki-zx-10r-2016-20
tappezzeria-hervas-comfort-system-seat-cover-for-kawasaki-zx-10r-2016-20,tappezzeria-hervas-comfort-system-seat-cover-for-kawasaki-zx-10r-2016-20,Tappezzeria Hervas Comfort System Seat Cover for Kawasaki ZX-10R 2016-20,Tappezzeria Hervas Comfort System Seat Cover for Kawasaki ZX-10R 2016-20,tappezzeria-hervas-comfort-system-seat-cover-for-kawasaki-zx-10r-2016-20,"All the covers of Tappezzeria Italia, are made with 100% waterproof materials, the seams are heat-taped from the inside to prevent the infiltration of water,… Available in multiple sizes and/or colours — select your variant.","All the covers of Tappezzeria Italia, are made with 100% waterproof materials, the seams are heat-taped from the inside to prevent the infiltration of water, ensuring 80% waterproofing.<br><br>
However, infiltration may occur if the saddle is exposed to rain for a long time or to high pressure washing. These events, although rare, are not due to a defect in the coating.<br><br>
All our saddles are made with a very elaborate graphic design, this in favor of an attractive aesthetic and great visual impact, our lines, now appreciated all over the world, are the maximum expression of made in Italy saddlery.<br><br>
Master craftsmen sew our covers with great passion to give the customer a product that is recognizable and of great quality.<br><br>
Unfortunately, the more numerous the seams in the coatings and the greater the possibility that small infiltrations will occur.<br><br>
It is important to understand that if we realized covers with few seams (like some of our competitors) we could guarantee a total waterproofness of the saddle.<br><br>
Anyway, Tappezzeria Italia put customer satisfaction first and so we decided to make small elastic and water-repellent covers that can be purchased separately from the saddle.<br><br>
These protective covers (optional) are easy to adhere to the saddle and little bulky, if you find yourself having to leave the bike to the weather, just put the cover to be sure that your saddle will remain completely dry inside.<br><br>
The protective covers will also be very useful both to protect your new saddle from water, and to protect it from the sun and from all those external factors that can ruin the saddle.<br><br>
Each protective cover cost 20€ and can be purchased through our website or by sending an email to info@tappezzeriaitalia.it.<br><br>
<strong>NOTE - THOSE ARE SEAT COVERS NOT THE WHOLE SEAT. YOU NEED TO PUT THOSE SEAT COVERS ON YOUR EXISTING SEATS.</strong>","All the covers of Tappezzeria Italia, are made with 100% waterproof materials, the seams are heat-taped from the inside to prevent the infiltration of water, ensuring 80% waterproofing.

However, infiltration may occur if the saddle is exposed to rain for a long time or to high pressure washing. These events, although rare, are not due to a defect in the coating.

All our saddles are made with a very elaborate graphic design, this in favor of an attractive aesthetic and great visual impact, our lines, now appreciated all over the world, are the maximum expression of made in Italy saddlery.

Master craftsmen sew our covers with great passion to give the customer a product that is recognizable and of great quality.

Unfortunately, the more numerous the seams in the coatings and the greater the possibility that small infiltrations will occur.

It is important to understand that if we realized covers with few seams (like some of our competitors) we could guarantee a total waterproofness of the saddle.

Anyway, Tappezzeria Italia put customer satisfaction first and so we decided to make small elastic and water-repellent covers that can be purchased separately from the saddle.

These protective covers (optional) are easy to adhere to the saddle and little bulky, if you find yourself having to leave the bike to the weather, just put the cover to be sure that your saddle will remain completely dry inside.

The protective covers will also be very useful both to protect your new saddle from water, and to protect it from the sun and from all those external factors that can ruin the saddle.

Each protective cover cost 20€ and can be purchased through our website or by sending an email to info@tappezzeriaitalia.it.

NOTE - THOSE ARE SEAT COVERS NOT THE WHOLE SEAT. YOU NEED TO PUT THOSE SEAT COVERS ON YOUR EXISTING SEATS.",44000,,2026-07-26,active,Kawasaki,2000,g,Tappezzeria Hervas Comfort System Seat Cover for Kawasaki ZX-1…,"All the covers of Tappezzeria Italia, are made with 100% waterproof materials, the seams are heat-taped from the inside to prevent the infiltration of…",,Cleaned noise; brand verified,High,false,Motorcycle Accessories > Seats > Seat Covers,High,"Mapped from Shopify Type ""seat cover""",tappezzeria-hervas-comfort-system-seat-cover-for-kawasaki-zx-10r-2016-20-1|Colour:Black|price:44000.00|compare:|weight:2000|barcode:|qty:0 | tappezzeria-hervas-comfort-system-seat-cover-for-kawasaki-zx-10r-2016-20-2|Colour:Grey|price:44000.00|compare:|weight:2000|barcode:|qty:0 | tappezzeria-hervas-comfort-system-seat-cover-for-kawasaki-zx-10r-2016-20-3|Colour:Green|price:44000.00|compare:|weight:2000|barcode:|qty:0,"tappezzeria-hervas-comfort-system-seat-cover-for-kawasaki-zx-10r-2016-20-1,tappezzeria-hervas-comfort-system-seat-cover-for-kawasaki-zx-10r-2016-20-2,tappezzeria-hervas-comfort-system-seat-cover-for-kawasaki-zx-10r-2016-20-3",3,https://cdn.shopify.com/s/files/1/0076/8301/4754/products/seat-cover-for-kawasaki-ninja-zx-10-r-16-20-hervas-comfort-system-model.jpg?v=1651397345|pos:1|alt:Kawasaki Tappezzeria Hervas Comfort System Seat Cover for Kawasaki ZX-10R 2016-20 – front view || https://cdn.shopify.com/s/files/1/0076/8301/4754/products/seat-cover-for-kawasaki-ninja-zx-10-r-16-20-hervas-comfort-system-model_1.jpg?v=1651397344|pos:2|alt:Kawasaki Tappezzeria Hervas Comfort System Seat Cover for Kawasaki ZX-10R 2016-20 – side view || https://cdn.shopify.com/s/files/1/0076/8301/4754/products/seat-cover-for-kawasaki-ninja-zx-10-r-16-20-hervas-comfort-system-model_2.jpg?v=1651397345|pos:3|alt:Kawasaki Tappezzeria Hervas Comfort System Seat Cover for Kawasaki ZX-10R 2016-20 – rear view,3,Kawasaki Tappezzeria Hervas Comfort System Seat Cover for Kawasaki ZX-10R 2016-20 – front view | Kawasaki Tappezzeria Hervas Comfort System Seat Cover for Kawasaki ZX-10R 2016-20 – side view | Kawasaki Tappezzeria Hervas Comfort System Seat Cover for Kawasaki ZX-10R 2016-20 – rear view,,0,,,,,,,,,false,not_eligible,,0,false,/products/tappezzeria-hervas-comfort-system-seat-cover-for-kawasaki-zx-10r-2016-20,/products/tappezzeria-hervas-comfort-system-seat-cover-for-kawasaki-zx-10r-2016-20
tappezzeria-monroy-special-color-ultragrip-seat-cover-for-kawasaki-zx-10r-2016-20,tappezzeria-monroy-special-color-ultragrip-seat-cover-for-kawasaki-zx-10r-2016-20,Tappezzeria Monroy Special Color Ultragrip Seat Cover for Kawasaki ZX-10R 2016-20,Tappezzeria Monroy Special Color Ultragrip Seat Cover for Kawasaki ZX-10R 2016-20,tappezzeria-monroy-special-color-ultragrip-seat-cover-for-kawasaki-zx-10r-2016-20,"All the covers of Tappezzeria Italia, are made with 100% waterproof materials, the seams are heat-taped from the inside to prevent the infiltration of water,…","All the covers of Tappezzeria Italia, are made with 100% waterproof materials, the seams are heat-taped from the inside to prevent the infiltration of water, ensuring 80% waterproofing.<br><br>
However, infiltration may occur if the saddle is exposed to rain for a long time or to high pressure washing. These events, although rare, are not due to a defect in the coating.<br><br>
All our saddles are made with a very elaborate graphic design, this in favor of an attractive aesthetic and great visual impact, our lines, now appreciated all over the world, are the maximum expression of made in Italy saddlery.<br><br>
Master craftsmen sew our covers with great passion to give the customer a product that is recognizable and of great quality.<br><br>
Unfortunately, the more numerous the seams in the coatings and the greater the possibility that small infiltrations will occur.<br><br>
It is important to understand that if we realized covers with few seams (like some of our competitors) we could guarantee a total waterproofness of the saddle.<br><br>
Anyway, Tappezzeria Italia put customer satisfaction first and so we decided to make small elastic and water-repellent covers that can be purchased separately from the saddle.<br><br>
These protective covers (optional) are easy to adhere to the saddle and little bulky, if you find yourself having to leave the bike to the weather, just put the cover to be sure that your saddle will remain completely dry inside.<br><br>
The protective covers will also be very useful both to protect your new saddle from water, and to protect it from the sun and from all those external factors that can ruin the saddle.<br><br>
Each protective cover cost 20€ and can be purchased through our website or by sending an email to info@tappezzeriaitalia.it.<br><br>
<strong>NOTE - THOSE ARE SEAT COVERS NOT THE WHOLE SEAT. YOU NEED TO PUT THOSE SEAT COVERS ON YOUR EXISTING SEATS.</strong>","All the covers of Tappezzeria Italia, are made with 100% waterproof materials, the seams are heat-taped from the inside to prevent the infiltration of water, ensuring 80% waterproofing.

However, infiltration may occur if the saddle is exposed to rain for a long time or to high pressure washing. These events, although rare, are not due to a defect in the coating.

All our saddles are made with a very elaborate graphic design, this in favor of an attractive aesthetic and great visual impact, our lines, now appreciated all over the world, are the maximum expression of made in Italy saddlery.

Master craftsmen sew our covers with great passion to give the customer a product that is recognizable and of great quality.

Unfortunately, the more numerous the seams in the coatings and the greater the possibility that small infiltrations will occur.

It is important to understand that if we realized covers with few seams (like some of our competitors) we could guarantee a total waterproofness of the saddle.

Anyway, Tappezzeria Italia put customer satisfaction first and so we decided to make small elastic and water-repellent covers that can be purchased separately from the saddle.

These protective covers (optional) are easy to adhere to the saddle and little bulky, if you find yourself having to leave the bike to the weather, just put the cover to be sure that your saddle will remain completely dry inside.

The protective covers will also be very useful both to protect your new saddle from water, and to protect it from the sun and from all those external factors that can ruin the saddle.

Each protective cover cost 20€ and can be purchased through our website or by sending an email to info@tappezzeriaitalia.it.

NOTE - THOSE ARE SEAT COVERS NOT THE WHOLE SEAT. YOU NEED TO PUT THOSE SEAT COVERS ON YOUR EXISTING SEATS.",41000,,2026-07-26,active,Kawasaki,2000,g,Tappezzeria Monroy Special Color Ultragrip Seat Cover for Kawa…,"All the covers of Tappezzeria Italia, are made with 100% waterproof materials, the seams are heat-taped from the inside to prevent the infiltration of…",,Cleaned noise; brand verified,High,false,Motorcycle Accessories > Seats > Seat Covers,High,"Mapped from Shopify Type ""seat cover""",tappezzeria-monroy-special-color-ultragrip-seat-cover-for-kawasaki-zx-10r-2016-20-1|Default Title|price:41000.00|compare:|weight:2000|barcode:|qty:0,tappezzeria-monroy-special-color-ultragrip-seat-cover-for-kawasaki-zx-10r-2016-20-1,1,https://cdn.shopify.com/s/files/1/0076/8301/4754/products/seat-cover-for-kawasaki-ninja-zx-10-r-16-20-monroy-special-color-ultragrip-model.jpg?v=1651389950|pos:1|alt:Kawasaki Tappezzeria Monroy Special Color Ultragrip Seat Cover for Kawasaki ZX-10R 2016-20 – front view,1,Kawasaki Tappezzeria Monroy Special Color Ultragrip Seat Cover for Kawasaki ZX-10R 2016-20 – front view,,0,,,,,,,,,false,not_eligible,,0,false,/products/tappezzeria-monroy-special-color-ultragrip-seat-cover-for-kawasaki-zx-10r-2016-20,/products/tappezzeria-monroy-special-color-ultragrip-seat-cover-for-kawasaki-zx-10r-2016-20
tappezzeria-bejar-special-color-ultragrip-seat-cover-for-kawasaki-zx-10r-2016-20,tappezzeria-bejar-special-color-ultragrip-seat-cover-for-kawasaki-zx-10r-2016-20,Tappezzeria Bejar Special Color Ultragrip Seat Cover for Kawasaki ZX-10R 2016-20,Tappezzeria Bejar Special Color Ultragrip Seat Cover for Kawasaki ZX-10R 2016-20,tappezzeria-bejar-special-color-ultragrip-seat-cover-for-kawasaki-zx-10r-2016-20,"All the covers of Tappezzeria Italia, are made with 100% waterproof materials, the seams are heat-taped from the inside to prevent the infiltration of water,…","All the covers of Tappezzeria Italia, are made with 100% waterproof materials, the seams are heat-taped from the inside to prevent the infiltration of water, ensuring 80% waterproofing.<br><br>
However, infiltration may occur if the saddle is exposed to rain for a long time or to high pressure washing. These events, although rare, are not due to a defect in the coating.<br><br>
All our saddles are made with a very elaborate graphic design, this in favor of an attractive aesthetic and great visual impact, our lines, now appreciated all over the world, are the maximum expression of made in Italy saddlery.<br><br>
Master craftsmen sew our covers with great passion to give the customer a product that is recognizable and of great quality.<br><br>
Unfortunately, the more numerous the seams in the coatings and the greater the possibility that small infiltrations will occur.<br><br>
It is important to understand that if we realized covers with few seams (like some of our competitors) we could guarantee a total waterproofness of the saddle.<br><br>
Anyway, Tappezzeria Italia put customer satisfaction first and so we decided to make small elastic and water-repellent covers that can be purchased separately from the saddle.<br><br>
These protective covers (optional) are easy to adhere to the saddle and little bulky, if you find yourself having to leave the bike to the weather, just put the cover to be sure that your saddle will remain completely dry inside.<br><br>
The protective covers will also be very useful both to protect your new saddle from water, and to protect it from the sun and from all those external factors that can ruin the saddle.<br><br>
Each protective cover cost 20€ and can be purchased through our website or by sending an email to info@tappezzeriaitalia.it.<br><br>
<strong>NOTE - THOSE ARE SEAT COVERS NOT THE WHOLE SEAT. YOU NEED TO PUT THOSE SEAT COVERS ON YOUR EXISTING SEATS.</strong>","All the covers of Tappezzeria Italia, are made with 100% waterproof materials, the seams are heat-taped from the inside to prevent the infiltration of water, ensuring 80% waterproofing.

However, infiltration may occur if the saddle is exposed to rain for a long time or to high pressure washing. These events, although rare, are not due to a defect in the coating.

All our saddles are made with a very elaborate graphic design, this in favor of an attractive aesthetic and great visual impact, our lines, now appreciated all over the world, are the maximum expression of made in Italy saddlery.

Master craftsmen sew our covers with great passion to give the customer a product that is recognizable and of great quality.

Unfortunately, the more numerous the seams in the coatings and the greater the possibility that small infiltrations will occur.

It is important to understand that if we realized covers with few seams (like some of our competitors) we could guarantee a total waterproofness of the saddle.

Anyway, Tappezzeria Italia put customer satisfaction first and so we decided to make small elastic and water-repellent covers that can be purchased separately from the saddle.

These protective covers (optional) are easy to adhere to the saddle and little bulky, if you find yourself having to leave the bike to the weather, just put the cover to be sure that your saddle will remain completely dry inside.

The protective covers will also be very useful both to protect your new saddle from water, and to protect it from the sun and from all those external factors that can ruin the saddle.

Each protective cover cost 20€ and can be purchased through our website or by sending an email to info@tappezzeriaitalia.it.

NOTE - THOSE ARE SEAT COVERS NOT THE WHOLE SEAT. YOU NEED TO PUT THOSE SEAT COVERS ON YOUR EXISTING SEATS.",41000,,2026-07-26,active,Kawasaki,2000,g,Tappezzeria Bejar Special Color Ultragrip Seat Cover for Kawas…,"All the covers of Tappezzeria Italia, are made with 100% waterproof materials, the seams are heat-taped from the inside to prevent the infiltration of…",,Cleaned noise; brand verified,High,false,Motorcycle Accessories > Seats > Seat Covers,High,"Mapped from Shopify Type ""seat cover""",tappezzeria-bejar-special-color-ultragrip-seat-cover-for-kawasaki-zx-10r-2016-20-1|Default Title|price:41000.00|compare:|weight:2000|barcode:|qty:0,tappezzeria-bejar-special-color-ultragrip-seat-cover-for-kawasaki-zx-10r-2016-20-1,1,https://cdn.shopify.com/s/files/1/0076/8301/4754/products/seat-cover-for-kawasaki-ninja-zx-10-r-16-20-bejar-special-color-ultragrip-model.jpg?v=1651389696|pos:1|alt:Kawasaki Tappezzeria Bejar Special Color Ultragrip Seat Cover for Kawasaki ZX-10R 2016-20 – front view,1,Kawasaki Tappezzeria Bejar Special Color Ultragrip Seat Cover for Kawasaki ZX-10R 2016-20 – front view,,0,,,,,,,,,false,not_eligible,,0,false,/products/tappezzeria-bejar-special-color-ultragrip-seat-cover-for-kawasaki-zx-10r-2016-20,/products/tappezzeria-bejar-special-color-ultragrip-seat-cover-for-kawasaki-zx-10r-2016-20
tappezzeria-monroy-ultragrip-seat-cover-for-kawasaki-zx-10r-2016-20,tappezzeria-monroy-ultragrip-seat-cover-for-kawasaki-zx-10r-2016-20,Tappezzeria Monroy Ultragrip Seat Cover for Kawasaki ZX-10R 2016-20,Tappezzeria Monroy Ultragrip Seat Cover for Kawasaki ZX-10R 2016-20,tappezzeria-monroy-ultragrip-seat-cover-for-kawasaki-zx-10r-2016-20,"All the covers of Tappezzeria Italia, are made with 100% waterproof materials, the seams are heat-taped from the inside to prevent the infiltration of water,… Available in multiple sizes and/or colours — select your variant.","All the covers of Tappezzeria Italia, are made with 100% waterproof materials, the seams are heat-taped from the inside to prevent the infiltration of water, ensuring 80% waterproofing.<br><br>
However, infiltration may occur if the saddle is exposed to rain for a long time or to high pressure washing. These events, although rare, are not due to a defect in the coating.<br><br>
All our saddles are made with a very elaborate graphic design, this in favor of an attractive aesthetic and great visual impact, our lines, now appreciated all over the world, are the maximum expression of made in Italy saddlery.<br><br>
Master craftsmen sew our covers with great passion to give the customer a product that is recognizable and of great quality.<br><br>
Unfortunately, the more numerous the seams in the coatings and the greater the possibility that small infiltrations will occur.<br><br>
It is important to understand that if we realized covers with few seams (like some of our competitors) we could guarantee a total waterproofness of the saddle.<br><br>
Anyway, Tappezzeria Italia put customer satisfaction first and so we decided to make small elastic and water-repellent covers that can be purchased separately from the saddle.<br><br>
These protective covers (optional) are easy to adhere to the saddle and little bulky, if you find yourself having to leave the bike to the weather, just put the cover to be sure that your saddle will remain completely dry inside.<br><br>
The protective covers will also be very useful both to protect your new saddle from water, and to protect it from the sun and from all those external factors that can ruin the saddle.<br><br>
Each protective cover cost 20€ and can be purchased through our website or by sending an email to info@tappezzeriaitalia.it.<br><br>
<strong>NOTE - THOSE ARE SEAT COVERS NOT THE WHOLE SEAT. YOU NEED TO PUT THOSE SEAT COVERS ON YOUR EXISTING SEATS.</strong>","All the covers of Tappezzeria Italia, are made with 100% waterproof materials, the seams are heat-taped from the inside to prevent the infiltration of water, ensuring 80% waterproofing.

However, infiltration may occur if the saddle is exposed to rain for a long time or to high pressure washing. These events, although rare, are not due to a defect in the coating.

All our saddles are made with a very elaborate graphic design, this in favor of an attractive aesthetic and great visual impact, our lines, now appreciated all over the world, are the maximum expression of made in Italy saddlery.

Master craftsmen sew our covers with great passion to give the customer a product that is recognizable and of great quality.

Unfortunately, the more numerous the seams in the coatings and the greater the possibility that small infiltrations will occur.

It is important to understand that if we realized covers with few seams (like some of our competitors) we could guarantee a total waterproofness of the saddle.

Anyway, Tappezzeria Italia put customer satisfaction first and so we decided to make small elastic and water-repellent covers that can be purchased separately from the saddle.

These protective covers (optional) are easy to adhere to the saddle and little bulky, if you find yourself having to leave the bike to the weather, just put the cover to be sure that your saddle will remain completely dry inside.

The protective covers will also be very useful both to protect your new saddle from water, and to protect it from the sun and from all those external factors that can ruin the saddle.

Each protective cover cost 20€ and can be purchased through our website or by sending an email to info@tappezzeriaitalia.it.

NOTE - THOSE ARE SEAT COVERS NOT THE WHOLE SEAT. YOU NEED TO PUT THOSE SEAT COVERS ON YOUR EXISTING SEATS.",40000,,2026-07-26,active,Kawasaki,2000,g,Tappezzeria Monroy Ultragrip Seat Cover for Kawasaki ZX-10R 20…,"All the covers of Tappezzeria Italia, are made with 100% waterproof materials, the seams are heat-taped from the inside to prevent the infiltration of…",,Cleaned noise; brand verified,High,false,Motorcycle Accessories > Seats > Seat Covers,High,"Mapped from Shopify Type ""seat cover""",tappezzeria-monroy-ultragrip-seat-cover-for-kawasaki-zx-10r-2016-20-1|Colour:Black|price:40000.00|compare:|weight:2000|barcode:|qty:0 | tappezzeria-monroy-ultragrip-seat-cover-for-kawasaki-zx-10r-2016-20-2|Colour:Grey|price:40000.00|compare:|weight:2000|barcode:|qty:0 | tappezzeria-monroy-ultragrip-seat-cover-for-kawasaki-zx-10r-2016-20-3|Colour:Green|price:40000.00|compare:|weight:2000|barcode:|qty:0,"tappezzeria-monroy-ultragrip-seat-cover-for-kawasaki-zx-10r-2016-20-1,tappezzeria-monroy-ultragrip-seat-cover-for-kawasaki-zx-10r-2016-20-2,tappezzeria-monroy-ultragrip-seat-cover-for-kawasaki-zx-10r-2016-20-3",3,https://cdn.shopify.com/s/files/1/0076/8301/4754/products/seat-cover-for-kawasaki-ninja-zx-10-r-16-20-monroy-ultragrip-model.jpg?v=1651389328|pos:1|alt:Kawasaki Tappezzeria Monroy Ultragrip Seat Cover for Kawasaki ZX-10R 2016-20 – front view || https://cdn.shopify.com/s/files/1/0076/8301/4754/products/seat-cover-for-kawasaki-ninja-zx-10-r-16-20-monroy-ultragrip-model_1.jpg?v=1651389328|pos:2|alt:Kawasaki Tappezzeria Monroy Ultragrip Seat Cover for Kawasaki ZX-10R 2016-20 – side view || https://cdn.shopify.com/s/files/1/0076/8301/4754/products/seat-cover-for-kawasaki-ninja-zx-10-r-16-20-monroy-ultragrip-model_2.jpg?v=1651389329|pos:3|alt:Kawasaki Tappezzeria Monroy Ultragrip Seat Cover for Kawasaki ZX-10R 2016-20 – rear view,3,Kawasaki Tappezzeria Monroy Ultragrip Seat Cover for Kawasaki ZX-10R 2016-20 – front view | Kawasaki Tappezzeria Monroy Ultragrip Seat Cover for Kawasaki ZX-10R 2016-20 – side view | Kawasaki Tappezzeria Monroy Ultragrip Seat Cover for Kawasaki ZX-10R 2016-20 – rear view,,0,,,,,,,,,false,not_eligible,,0,false,/products/tappezzeria-monroy-ultragrip-seat-cover-for-kawasaki-zx-10r-2016-20,/products/tappezzeria-monroy-ultragrip-seat-cover-for-kawasaki-zx-10r-2016-20
tappezzeria-alcains-special-color-seat-cover-for-kawasaki-zx-10r-2016-20,tappezzeria-alcains-special-color-seat-cover-for-kawasaki-zx-10r-2016-20,Tappezzeria Alcains Special Color Seat Cover for Kawasaki ZX-10R 2016-20,Tappezzeria Alcains Special Color Seat Cover for Kawasaki ZX-10R 2016-20,tappezzeria-alcains-special-color-seat-cover-for-kawasaki-zx-10r-2016-20,"All the covers of Tappezzeria Italia, are made with 100% waterproof materials, the seams are heat-taped from the inside to prevent the infiltration of water,…","All the covers of Tappezzeria Italia, are made with 100% waterproof materials, the seams are heat-taped from the inside to prevent the infiltration of water, ensuring 80% waterproofing.<br><br>
However, infiltration may occur if the saddle is exposed to rain for a long time or to high pressure washing. These events, although rare, are not due to a defect in the coating.<br><br>
All our saddles are made with a very elaborate graphic design, this in favor of an attractive aesthetic and great visual impact, our lines, now appreciated all over the world, are the maximum expression of made in Italy saddlery.<br><br>
Master craftsmen sew our covers with great passion to give the customer a product that is recognizable and of great quality.<br><br>
Unfortunately, the more numerous the seams in the coatings and the greater the possibility that small infiltrations will occur.<br><br>
It is important to understand that if we realized covers with few seams (like some of our competitors) we could guarantee a total waterproofness of the saddle.<br><br>
Anyway, Tappezzeria Italia put customer satisfaction first and so we decided to make small elastic and water-repellent covers that can be purchased separately from the saddle.<br><br>
These protective covers (optional) are easy to adhere to the saddle and little bulky, if you find yourself having to leave the bike to the weather, just put the cover to be sure that your saddle will remain completely dry inside.<br><br>
The protective covers will also be very useful both to protect your new saddle from water, and to protect it from the sun and from all those external factors that can ruin the saddle.<br><br>
Each protective cover cost 20€ and can be purchased through our website or by sending an email to info@tappezzeriaitalia.it.<br><br>
<strong>NOTE - THOSE ARE SEAT COVERS NOT THE WHOLE SEAT. YOU NEED TO PUT THOSE SEAT COVERS ON YOUR EXISTING SEATS.</strong>","All the covers of Tappezzeria Italia, are made with 100% waterproof materials, the seams are heat-taped from the inside to prevent the infiltration of water, ensuring 80% waterproofing.

However, infiltration may occur if the saddle is exposed to rain for a long time or to high pressure washing. These events, although rare, are not due to a defect in the coating.

All our saddles are made with a very elaborate graphic design, this in favor of an attractive aesthetic and great visual impact, our lines, now appreciated all over the world, are the maximum expression of made in Italy saddlery.

Master craftsmen sew our covers with great passion to give the customer a product that is recognizable and of great quality.

Unfortunately, the more numerous the seams in the coatings and the greater the possibility that small infiltrations will occur.

It is important to understand that if we realized covers with few seams (like some of our competitors) we could guarantee a total waterproofness of the saddle.

Anyway, Tappezzeria Italia put customer satisfaction first and so we decided to make small elastic and water-repellent covers that can be purchased separately from the saddle.

These protective covers (optional) are easy to adhere to the saddle and little bulky, if you find yourself having to leave the bike to the weather, just put the cover to be sure that your saddle will remain completely dry inside.

The protective covers will also be very useful both to protect your new saddle from water, and to protect it from the sun and from all those external factors that can ruin the saddle.

Each protective cover cost 20€ and can be purchased through our website or by sending an email to info@tappezzeriaitalia.it.

NOTE - THOSE ARE SEAT COVERS NOT THE WHOLE SEAT. YOU NEED TO PUT THOSE SEAT COVERS ON YOUR EXISTING SEATS.",40000,,2026-07-26,active,Kawasaki,2000,g,Tappezzeria Alcains Special Color Seat Cover for Kawasaki ZX-1…,"All the covers of Tappezzeria Italia, are made with 100% waterproof materials, the seams are heat-taped from the inside to prevent the infiltration of…",,Cleaned noise; brand verified,High,false,Motorcycle Accessories > Seats > Seat Covers,High,"Mapped from Shopify Type ""seat cover""",tappezzeria-alcains-special-color-seat-cover-for-kawasaki-zx-10r-2016-20-1|Default Title|price:40000.00|compare:|weight:2000|barcode:|qty:0,tappezzeria-alcains-special-color-seat-cover-for-kawasaki-zx-10r-2016-20-1,1,https://cdn.shopify.com/s/files/1/0076/8301/4754/products/seat-cover-for-kawasaki-ninja-zx-10-r-16-20-alcains-special-color-model.jpg?v=1651387925|pos:1|alt:Kawasaki Tappezzeria Alcains Special Color Seat Cover for Kawasaki ZX-10R 2016-20 – front view,1,Kawasaki Tappezzeria Alcains Special Color Seat Cover for Kawasaki ZX-10R 2016-20 – front view,,0,,,,,,,,,false,not_eligible,,0,false,/products/tappezzeria-alcains-special-color-seat-cover-for-kawasaki-zx-10r-2016-20,/products/tappezzeria-alcains-special-color-seat-cover-for-kawasaki-zx-10r-2016-20
tappezzeria-alcains-seat-cover-for-kawasaki-zx-10r-2016-20,tappezzeria-alcains-seat-cover-for-kawasaki-zx-10r-2016-20,Tappezzeria Alcains Seat Cover for Kawasaki ZX-10R 2016-20,Tappezzeria Alcains Seat Cover for Kawasaki ZX-10R 2016-20,tappezzeria-alcains-seat-cover-for-kawasaki-zx-10r-2016-20,"All the covers of Tappezzeria Italia, are made with 100% waterproof materials, the seams are heat-taped from the inside to prevent the infiltration of water,… Available in multiple sizes and/or colours — select your variant.","All the covers of Tappezzeria Italia, are made with 100% waterproof materials, the seams are heat-taped from the inside to prevent the infiltration of water, ensuring 80% waterproofing.<br><br>
However, infiltration may occur if the saddle is exposed to rain for a long time or to high pressure washing. These events, although rare, are not due to a defect in the coating.<br><br>
All our saddles are made with a very elaborate graphic design, this in favor of an attractive aesthetic and great visual impact, our lines, now appreciated all over the world, are the maximum expression of made in Italy saddlery.<br><br>
Master craftsmen sew our covers with great passion to give the customer a product that is recognizable and of great quality.<br><br>
Unfortunately, the more numerous the seams in the coatings and the greater the possibility that small infiltrations will occur.<br><br>
It is important to understand that if we realized covers with few seams (like some of our competitors) we could guarantee a total waterproofness of the saddle.<br><br>
Anyway, Tappezzeria Italia put customer satisfaction first and so we decided to make small elastic and water-repellent covers that can be purchased separately from the saddle.<br><br>
These protective covers (optional) are easy to adhere to the saddle and little bulky, if you find yourself having to leave the bike to the weather, just put the cover to be sure that your saddle will remain completely dry inside.<br><br>
The protective covers will also be very useful both to protect your new saddle from water, and to protect it from the sun and from all those external factors that can ruin the saddle.<br><br>
Each protective cover cost 20€ and can be purchased through our website or by sending an email to info@tappezzeriaitalia.it.<br><br>
<strong>NOTE - THOSE ARE SEAT COVERS NOT THE WHOLE SEAT. YOU NEED TO PUT THOSE SEAT COVERS ON YOUR EXISTING SEATS.</strong>","All the covers of Tappezzeria Italia, are made with 100% waterproof materials, the seams are heat-taped from the inside to prevent the infiltration of water, ensuring 80% waterproofing.

However, infiltration may occur if the saddle is exposed to rain for a long time or to high pressure washing. These events, although rare, are not due to a defect in the coating.

All our saddles are made with a very elaborate graphic design, this in favor of an attractive aesthetic and great visual impact, our lines, now appreciated all over the world, are the maximum expression of made in Italy saddlery.

Master craftsmen sew our covers with great passion to give the customer a product that is recognizable and of great quality.

Unfortunately, the more numerous the seams in the coatings and the greater the possibility that small infiltrations will occur.

It is important to understand that if we realized covers with few seams (like some of our competitors) we could guarantee a total waterproofness of the saddle.

Anyway, Tappezzeria Italia put customer satisfaction first and so we decided to make small elastic and water-repellent covers that can be purchased separately from the saddle.

These protective covers (optional) are easy to adhere to the saddle and little bulky, if you find yourself having to leave the bike to the weather, just put the cover to be sure that your saddle will remain completely dry inside.

The protective covers will also be very useful both to protect your new saddle from water, and to protect it from the sun and from all those external factors that can ruin the saddle.

Each protective cover cost 20€ and can be purchased through our website or by sending an email to info@tappezzeriaitalia.it.

NOTE - THOSE ARE SEAT COVERS NOT THE WHOLE SEAT. YOU NEED TO PUT THOSE SEAT COVERS ON YOUR EXISTING SEATS.",39500,,2026-07-26,active,Kawasaki,2000,g,Tappezzeria Alcains Seat Cover for Kawasaki ZX-10R 2016-20 | M…,"All the covers of Tappezzeria Italia, are made with 100% waterproof materials, the seams are heat-taped from the inside to prevent the infiltration of…",,Cleaned noise; brand verified,High,false,Motorcycle Accessories > Seats > Seat Covers,High,"Mapped from Shopify Type ""seat cover""",tappezzeria-alcains-seat-cover-for-kawasaki-zx-10r-2016-20-1|Colour:Black|price:39500.00|compare:|weight:2000|barcode:|qty:0 | tappezzeria-alcains-seat-cover-for-kawasaki-zx-10r-2016-20-2|Colour:Grey|price:39500.00|compare:|weight:2000|barcode:|qty:0 | tappezzeria-alcains-seat-cover-for-kawasaki-zx-10r-2016-20-3|Colour:Green|price:39500.00|compare:|weight:2000|barcode:|qty:0,"tappezzeria-alcains-seat-cover-for-kawasaki-zx-10r-2016-20-1,tappezzeria-alcains-seat-cover-for-kawasaki-zx-10r-2016-20-2,tappezzeria-alcains-seat-cover-for-kawasaki-zx-10r-2016-20-3",3,https://cdn.shopify.com/s/files/1/0076/8301/4754/products/seat-cover-for-kawasaki-ninja-zx-10-r-16-20-alcains-model.jpg?v=1651387092|pos:1|alt:Kawasaki Tappezzeria Alcains Seat Cover for Kawasaki ZX-10R 2016-20 – front view || https://cdn.shopify.com/s/files/1/0076/8301/4754/products/seat-cover-for-kawasaki-ninja-zx-10-r-16-20-alcains-model_1.jpg?v=1651387092|pos:2|alt:Kawasaki Tappezzeria Alcains Seat Cover for Kawasaki ZX-10R 2016-20 – side view || https://cdn.shopify.com/s/files/1/0076/8301/4754/products/seat-cover-for-kawasaki-ninja-zx-10-r-16-20-alcains-model_2.jpg?v=1651387092|pos:3|alt:Kawasaki Tappezzeria Alcains Seat Cover for Kawasaki ZX-10R 2016-20 – rear view,3,Kawasaki Tappezzeria Alcains Seat Cover for Kawasaki ZX-10R 2016-20 – front view | Kawasaki Tappezzeria Alcains Seat Cover for Kawasaki ZX-10R 2016-20 – side view | Kawasaki Tappezzeria Alcains Seat Cover for Kawasaki ZX-10R 2016-20 – rear view,,0,,,,,,,,,false,not_eligible,,0,false,/products/tappezzeria-alcains-seat-cover-for-kawasaki-zx-10r-2016-20,/products/tappezzeria-alcains-seat-cover-for-kawasaki-zx-10r-2016-20
tappezzeria-madison-1-comfort-system-seat-cover-for-kawasaki-ninja-1000-2020,tappezzeria-madison-1-comfort-system-seat-cover-for-kawasaki-ninja-1000-2020,Tappezzeria Madison 1 Comfort System Seat Cover for Kawasaki Ninja 1000 2020,Tappezzeria Madison 1 Comfort System Seat Cover for Kawasaki Ninja 1000 2020,tappezzeria-madison-1-comfort-system-seat-cover-for-kawasaki-ninja-1000-2020,"All the covers of Tappezzeria Italia, are made with 100% waterproof materials, the seams are heat-taped from the inside to prevent the infiltration of water,… Available in multiple sizes and/or colours — select your variant.","All the covers of Tappezzeria Italia, are made with 100% waterproof materials, the seams are heat-taped from the inside to prevent the infiltration of water, ensuring 80% waterproofing.<br><br>
However, infiltration may occur if the saddle is exposed to rain for a long time or to high pressure washing. These events, although rare, are not due to a defect in the coating.<br><br>
All our saddles are made with a very elaborate graphic design, this in favor of an attractive aesthetic and great visual impact, our lines, now appreciated all over the world, are the maximum expression of made in Italy saddlery.<br><br>
Master craftsmen sew our covers with great passion to give the customer a product that is recognizable and of great quality.<br><br>
Unfortunately, the more numerous the seams in the coatings and the greater the possibility that small infiltrations will occur.<br><br>
It is important to understand that if we realized covers with few seams (like some of our competitors) we could guarantee a total waterproofness of the saddle.<br><br>
Anyway, Tappezzeria Italia put customer satisfaction first and so we decided to make small elastic and water-repellent covers that can be purchased separately from the saddle.<br><br>
These protective covers (optional) are easy to adhere to the saddle and little bulky, if you find yourself having to leave the bike to the weather, just put the cover to be sure that your saddle will remain completely dry inside.<br><br>
The protective covers will also be very useful both to protect your new saddle from water, and to protect it from the sun and from all those external factors that can ruin the saddle.<br><br>
Each protective cover cost 20€ and can be purchased through our website or by sending an email to info@tappezzeriaitalia.it.<br><br>
<strong>NOTE - THOSE ARE SEAT COVERS NOT THE WHOLE SEAT. YOU NEED TO PUT THOSE SEAT COVERS ON YOUR EXISTING SEATS.</strong>","All the covers of Tappezzeria Italia, are made with 100% waterproof materials, the seams are heat-taped from the inside to prevent the infiltration of water, ensuring 80% waterproofing.

However, infiltration may occur if the saddle is exposed to rain for a long time or to high pressure washing. These events, although rare, are not due to a defect in the coating.

All our saddles are made with a very elaborate graphic design, this in favor of an attractive aesthetic and great visual impact, our lines, now appreciated all over the world, are the maximum expression of made in Italy saddlery.

Master craftsmen sew our covers with great passion to give the customer a product that is recognizable and of great quality.

Unfortunately, the more numerous the seams in the coatings and the greater the possibility that small infiltrations will occur.

It is important to understand that if we realized covers with few seams (like some of our competitors) we could guarantee a total waterproofness of the saddle.

Anyway, Tappezzeria Italia put customer satisfaction first and so we decided to make small elastic and water-repellent covers that can be purchased separately from the saddle.

These protective covers (optional) are easy to adhere to the saddle and little bulky, if you find yourself having to leave the bike to the weather, just put the cover to be sure that your saddle will remain completely dry inside.

The protective covers will also be very useful both to protect your new saddle from water, and to protect it from the sun and from all those external factors that can ruin the saddle.

Each protective cover cost 20€ and can be purchased through our website or by sending an email to info@tappezzeriaitalia.it.

NOTE - THOSE ARE SEAT COVERS NOT THE WHOLE SEAT. YOU NEED TO PUT THOSE SEAT COVERS ON YOUR EXISTING SEATS.",48000,,2026-07-26,active,Kawasaki,2000,g,Tappezzeria Madison 1 Comfort System Seat Cover for Kawasaki N…,"All the covers of Tappezzeria Italia, are made with 100% waterproof materials, the seams are heat-taped from the inside to prevent the infiltration of…",,Cleaned noise; brand verified,High,false,Motorcycle Accessories > Seats > Seat Covers,High,"Mapped from Shopify Type ""seat cover""",tappezzeria-madison-1-comfort-system-seat-cover-for-kawasaki-ninja-1000-2020-1|Colour:Grey|price:48000.00|compare:|weight:2000|barcode:|qty:0 | tappezzeria-madison-1-comfort-system-seat-cover-for-kawasaki-ninja-1000-2020-2|Colour:Green|price:48000.00|compare:|weight:2000|barcode:|qty:0 | tappezzeria-madison-1-comfort-system-seat-cover-for-kawasaki-ninja-1000-2020-3|Colour:Black|price:48000.00|compare:|weight:2000|barcode:|qty:0,"tappezzeria-madison-1-comfort-system-seat-cover-for-kawasaki-ninja-1000-2020-1,tappezzeria-madison-1-comfort-system-seat-cover-for-kawasaki-ninja-1000-2020-2,tappezzeria-madison-1-comfort-system-seat-cover-for-kawasaki-ninja-1000-2020-3",3,https://cdn.shopify.com/s/files/1/0076/8301/4754/products/copy-of-seat-cover-for-kawasaki-z-1000-sx-11-16-cosenza-1-comfort-system-model_be4a2e91-2062-4add-8dc0-96b7960add7f.jpg?v=1651385821|pos:1|alt:Kawasaki Tappezzeria Madison 1 Comfort System Seat Cover for Kawasaki Ninja 1000 2020 – front view || https://cdn.shopify.com/s/files/1/0076/8301/4754/products/copy-of-seat-cover-for-kawasaki-z-1000-sx-11-16-cosenza-1-comfort-system-model_1_b80c6eee-a806-40a7-b0d6-8ab5dde69185.jpg?v=1651385822|pos:2|alt:Kawasaki Tappezzeria Madison 1 Comfort System Seat Cover for Kawasaki Ninja 1000 2020 – side view || https://cdn.shopify.com/s/files/1/0076/8301/4754/products/copy-of-seat-cover-for-kawasaki-z-1000-sx-11-16-cosenza-1-comfort-system-model_2_1381ba61-60c8-4332-87d7-053f9309bfd6.jpg?v=1651385822|pos:3|alt:Kawasaki Tappezzeria Madison 1 Comfort System Seat Cover for Kawasaki Ninja 1000 2020 – rear view,3,Kawasaki Tappezzeria Madison 1 Comfort System Seat Cover for Kawasaki Ninja 1000 2020 – front view | Kawasaki Tappezzeria Madison 1 Comfort System Seat Cover for Kawasaki Ninja 1000 2020 – side view | Kawasaki Tappezzeria Madison 1 Comfort System Seat Cover for Kawasaki Ninja 1000 2020 – rear view,,0,,,,,,,,,false,not_eligible,,0,false,/products/tappezzeria-madison-1-comfort-system-seat-cover-for-kawasaki-ninja-1000-2020,/products/tappezzeria-madison-1-comfort-system-seat-cover-for-kawasaki-ninja-1000-2020
tappezzeria-madison-ultragrip-seat-cover-for-kawasaki-ninja-1000-2020,tappezzeria-madison-ultragrip-seat-cover-for-kawasaki-ninja-1000-2020,Tappezzeria Madison Ultragrip Seat Cover for Kawasaki Ninja 1000 2020,Tappezzeria Madison Ultragrip Seat Cover for Kawasaki Ninja 1000 2020,tappezzeria-madison-ultragrip-seat-cover-for-kawasaki-ninja-1000-2020,"All the covers of Tappezzeria Italia, are made with 100% waterproof materials, the seams are heat-taped from the inside to prevent the infiltration of water,… Available in multiple sizes and/or colours — select your variant.","All the covers of Tappezzeria Italia, are made with 100% waterproof materials, the seams are heat-taped from the inside to prevent the infiltration of water, ensuring 80% waterproofing.<br><br>
However, infiltration may occur if the saddle is exposed to rain for a long time or to high pressure washing. These events, although rare, are not due to a defect in the coating.<br><br>
All our saddles are made with a very elaborate graphic design, this in favor of an attractive aesthetic and great visual impact, our lines, now appreciated all over the world, are the maximum expression of made in Italy saddlery.<br><br>
Master craftsmen sew our covers with great passion to give the customer a product that is recognizable and of great quality.<br><br>
Unfortunately, the more numerous the seams in the coatings and the greater the possibility that small infiltrations will occur.<br><br>
It is important to understand that if we realized covers with few seams (like some of our competitors) we could guarantee a total waterproofness of the saddle.<br><br>
Anyway, Tappezzeria Italia put customer satisfaction first and so we decided to make small elastic and water-repellent covers that can be purchased separately from the saddle.<br><br>
These protective covers (optional) are easy to adhere to the saddle and little bulky, if you find yourself having to leave the bike to the weather, just put the cover to be sure that your saddle will remain completely dry inside.<br><br>
The protective covers will also be very useful both to protect your new saddle from water, and to protect it from the sun and from all those external factors that can ruin the saddle.<br><br>
Each protective cover cost 20€ and can be purchased through our website or by sending an email to info@tappezzeriaitalia.it.<br><br>
<strong>NOTE - THOSE ARE SEAT COVERS NOT THE WHOLE SEAT. YOU NEED TO PUT THOSE SEAT COVERS ON YOUR EXISTING SEATS.</strong>","All the covers of Tappezzeria Italia, are made with 100% waterproof materials, the seams are heat-taped from the inside to prevent the infiltration of water, ensuring 80% waterproofing.

However, infiltration may occur if the saddle is exposed to rain for a long time or to high pressure washing. These events, although rare, are not due to a defect in the coating.

All our saddles are made with a very elaborate graphic design, this in favor of an attractive aesthetic and great visual impact, our lines, now appreciated all over the world, are the maximum expression of made in Italy saddlery.

Master craftsmen sew our covers with great passion to give the customer a product that is recognizable and of great quality.

Unfortunately, the more numerous the seams in the coatings and the greater the possibility that small infiltrations will occur.

It is important to understand that if we realized covers with few seams (like some of our competitors) we could guarantee a total waterproofness of the saddle.

Anyway, Tappezzeria Italia put customer satisfaction first and so we decided to make small elastic and water-repellent covers that can be purchased separately from the saddle.

These protective covers (optional) are easy to adhere to the saddle and little bulky, if you find yourself having to leave the bike to the weather, just put the cover to be sure that your saddle will remain completely dry inside.

The protective covers will also be very useful both to protect your new saddle from water, and to protect it from the sun and from all those external factors that can ruin the saddle.

Each protective cover cost 20€ and can be purchased through our website or by sending an email to info@tappezzeriaitalia.it.

NOTE - THOSE ARE SEAT COVERS NOT THE WHOLE SEAT. YOU NEED TO PUT THOSE SEAT COVERS ON YOUR EXISTING SEATS.",39000,,2026-07-26,active,Kawasaki,2000,g,Tappezzeria Madison Ultragrip Seat Cover for Kawasaki Ninja 10…,"All the covers of Tappezzeria Italia, are made with 100% waterproof materials, the seams are heat-taped from the inside to prevent the infiltration of…",,Cleaned noise; brand verified,High,false,Motorcycle Accessories > Seats > Seat Covers,High,"Mapped from Shopify Type ""seat cover""",tappezzeria-madison-ultragrip-seat-cover-for-kawasaki-ninja-1000-2020-1|Colour:Grey|price:39000.00|compare:|weight:2000|barcode:|qty:0 | tappezzeria-madison-ultragrip-seat-cover-for-kawasaki-ninja-1000-2020-2|Colour:Green|price:39000.00|compare:|weight:2000|barcode:|qty:0 | tappezzeria-madison-ultragrip-seat-cover-for-kawasaki-ninja-1000-2020-3|Colour:Black|price:39000.00|compare:|weight:2000|barcode:|qty:0,"tappezzeria-madison-ultragrip-seat-cover-for-kawasaki-ninja-1000-2020-1,tappezzeria-madison-ultragrip-seat-cover-for-kawasaki-ninja-1000-2020-2,tappezzeria-madison-ultragrip-seat-cover-for-kawasaki-ninja-1000-2020-3",3,https://cdn.shopify.com/s/files/1/0076/8301/4754/products/seat-cover-for-kawasaki-z-1000-sx-17-20-madison-ultragrip-model_6e9d9f48-70ef-4ebc-9187-43122246463a.jpg?v=1651385421|pos:1|alt:Kawasaki Tappezzeria Madison Ultragrip Seat Cover for Kawasaki Ninja 1000 2020 – front view || https://cdn.shopify.com/s/files/1/0076/8301/4754/products/seat-cover-for-kawasaki-z-1000-sx-17-20-madison-ultragrip-model_1_73c9b26e-44ad-4d68-8ddb-589153137e8f.jpg?v=1651385421|pos:2|alt:Kawasaki Tappezzeria Madison Ultragrip Seat Cover for Kawasaki Ninja 1000 2020 – side view || https://cdn.shopify.com/s/files/1/0076/8301/4754/products/seat-cover-for-kawasaki-z-1000-sx-17-20-madison-ultragrip-model_2_103c7eb1-d49a-48b2-b064-3ceabf800e8e.jpg?v=1651385421|pos:3|alt:Kawasaki Tappezzeria Madison Ultragrip Seat Cover for Kawasaki Ninja 1000 2020 – rear view,3,Kawasaki Tappezzeria Madison Ultragrip Seat Cover for Kawasaki Ninja 1000 2020 – front view | Kawasaki Tappezzeria Madison Ultragrip Seat Cover for Kawasaki Ninja 1000 2020 – side view | Kawasaki Tappezzeria Madison Ultragrip Seat Cover for Kawasaki Ninja 1000 2020 – rear view,,0,,,,,,,,,false,not_eligible,,0,false,/products/tappezzeria-madison-ultragrip-seat-cover-for-kawasaki-ninja-1000-2020,/products/tappezzeria-madison-ultragrip-seat-cover-for-kawasaki-ninja-1000-2020
tappezzeria-madison-1-seat-cover-for-kawasaki-ninja-1000-2020,tappezzeria-madison-1-seat-cover-for-kawasaki-ninja-1000-2020,Tappezzeria Madison 1 Seat Cover for Kawasaki Ninja 1000 2020,Tappezzeria Madison 1 Seat Cover for Kawasaki Ninja 1000 2020,tappezzeria-madison-1-seat-cover-for-kawasaki-ninja-1000-2020,"All the covers of Tappezzeria Italia, are made with 100% waterproof materials, the seams are heat-taped from the inside to prevent the infiltration of water,… Available in multiple sizes and/or colours — select your variant.","All the covers of Tappezzeria Italia, are made with 100% waterproof materials, the seams are heat-taped from the inside to prevent the infiltration of water, ensuring 80% waterproofing.<br><br>
However, infiltration may occur if the saddle is exposed to rain for a long time or to high pressure washing. These events, although rare, are not due to a defect in the coating.<br><br>
All our saddles are made with a very elaborate graphic design, this in favor of an attractive aesthetic and great visual impact, our lines, now appreciated all over the world, are the maximum expression of made in Italy saddlery.<br><br>
Master craftsmen sew our covers with great passion to give the customer a product that is recognizable and of great quality.<br><br>
Unfortunately, the more numerous the seams in the coatings and the greater the possibility that small infiltrations will occur.<br><br>
It is important to understand that if we realized covers with few seams (like some of our competitors) we could guarantee a total waterproofness of the saddle.<br><br>
Anyway, Tappezzeria Italia put customer satisfaction first and so we decided to make small elastic and water-repellent covers that can be purchased separately from the saddle.<br><br>
These protective covers (optional) are easy to adhere to the saddle and little bulky, if you find yourself having to leave the bike to the weather, just put the cover to be sure that your saddle will remain completely dry inside.<br><br>
The protective covers will also be very useful both to protect your new saddle from water, and to protect it from the sun and from all those external factors that can ruin the saddle.<br><br>
Each protective cover cost 20€ and can be purchased through our website or by sending an email to info@tappezzeriaitalia.it.<br><br>
<strong>NOTE - THOSE ARE SEAT COVERS NOT THE WHOLE SEAT. YOU NEED TO PUT THOSE SEAT COVERS ON YOUR EXISTING SEATS.</strong>","All the covers of Tappezzeria Italia, are made with 100% waterproof materials, the seams are heat-taped from the inside to prevent the infiltration of water, ensuring 80% waterproofing.

However, infiltration may occur if the saddle is exposed to rain for a long time or to high pressure washing. These events, although rare, are not due to a defect in the coating.

All our saddles are made with a very elaborate graphic design, this in favor of an attractive aesthetic and great visual impact, our lines, now appreciated all over the world, are the maximum expression of made in Italy saddlery.

Master craftsmen sew our covers with great passion to give the customer a product that is recognizable and of great quality.

Unfortunately, the more numerous the seams in the coatings and the greater the possibility that small infiltrations will occur.

It is important to understand that if we realized covers with few seams (like some of our competitors) we could guarantee a total waterproofness of the saddle.

Anyway, Tappezzeria Italia put customer satisfaction first and so we decided to make small elastic and water-repellent covers that can be purchased separately from the saddle.

These protective covers (optional) are easy to adhere to the saddle and little bulky, if you find yourself having to leave the bike to the weather, just put the cover to be sure that your saddle will remain completely dry inside.

The protective covers will also be very useful both to protect your new saddle from water, and to protect it from the sun and from all those external factors that can ruin the saddle.

Each protective cover cost 20€ and can be purchased through our website or by sending an email to info@tappezzeriaitalia.it.

NOTE - THOSE ARE SEAT COVERS NOT THE WHOLE SEAT. YOU NEED TO PUT THOSE SEAT COVERS ON YOUR EXISTING SEATS.",37500,,2026-07-26,active,Kawasaki,2000,g,Tappezzeria Madison 1 Seat Cover for Kawasaki Ninja 1000 2020 …,"All the covers of Tappezzeria Italia, are made with 100% waterproof materials, the seams are heat-taped from the inside to prevent the infiltration of…",,Cleaned noise; brand verified,High,false,Motorcycle Accessories > Seats > Seat Covers,High,"Mapped from Shopify Type ""seat cover""",tappezzeria-madison-1-seat-cover-for-kawasaki-ninja-1000-2020-1|Colour:Grey|price:37500.00|compare:|weight:2000|barcode:|qty:0 | tappezzeria-madison-1-seat-cover-for-kawasaki-ninja-1000-2020-2|Colour:Green|price:37500.00|compare:|weight:2000|barcode:|qty:0 | tappezzeria-madison-1-seat-cover-for-kawasaki-ninja-1000-2020-3|Colour:Black|price:37500.00|compare:|weight:2000|barcode:|qty:0,"tappezzeria-madison-1-seat-cover-for-kawasaki-ninja-1000-2020-1,tappezzeria-madison-1-seat-cover-for-kawasaki-ninja-1000-2020-2,tappezzeria-madison-1-seat-cover-for-kawasaki-ninja-1000-2020-3",3,https://cdn.shopify.com/s/files/1/0076/8301/4754/products/seat-cover-for-kawasaki-z-1000-sx-17-20-madison-1-model_7bb3a8d1-8dff-42aa-8558-409bd756dcde.jpg?v=1651385014|pos:1|alt:Kawasaki Tappezzeria Madison 1 Seat Cover for Kawasaki Ninja 1000 2020 – front view || https://cdn.shopify.com/s/files/1/0076/8301/4754/products/seat-cover-for-kawasaki-z-1000-sx-17-20-madison-1-model_1_dcf50dae-9ef7-4fca-bcb0-3a31c8eed650.jpg?v=1651385013|pos:2|alt:Kawasaki Tappezzeria Madison 1 Seat Cover for Kawasaki Ninja 1000 2020 – side view || https://cdn.shopify.com/s/files/1/0076/8301/4754/products/seat-cover-for-kawasaki-z-1000-sx-17-20-madison-1-model_2_21d599b9-d10f-474a-a2e1-2ce824abe184.jpg?v=1651385014|pos:3|alt:Kawasaki Tappezzeria Madison 1 Seat Cover for Kawasaki Ninja 1000 2020 – rear view,3,Kawasaki Tappezzeria Madison 1 Seat Cover for Kawasaki Ninja 1000 2020 – front view | Kawasaki Tappezzeria Madison 1 Seat Cover for Kawasaki Ninja 1000 2020 – side view | Kawasaki Tappezzeria Madison 1 Seat Cover for Kawasaki Ninja 1000 2020 – rear view,,0,,,,,,,,,false,not_eligible,,0,false,/products/tappezzeria-madison-1-seat-cover-for-kawasaki-ninja-1000-2020,/products/tappezzeria-madison-1-seat-cover-for-kawasaki-ninja-1000-2020
tappezzeria-madison-1-comfort-system-seat-cover-for-kawasaki-ninja-1000,tappezzeria-madison-1-comfort-system-seat-cover-for-kawasaki-ninja-1000,Tappezzeria Madison 1 Comfort System Seat Cover for Kawasaki Ninja 1000,Tappezzeria Madison 1 Comfort System Seat Cover for Kawasaki Ninja 1000,tappezzeria-madison-1-comfort-system-seat-cover-for-kawasaki-ninja-1000,"All the covers of Tappezzeria Italia, are made with 100% waterproof materials, the seams are heat-taped from the inside to prevent the infiltration of water,… Available in multiple sizes and/or colours — select your variant.","All the covers of Tappezzeria Italia, are made with 100% waterproof materials, the seams are heat-taped from the inside to prevent the infiltration of water, ensuring 80% waterproofing.<br><br>
However, infiltration may occur if the saddle is exposed to rain for a long time or to high pressure washing. These events, although rare, are not due to a defect in the coating.<br><br>
All our saddles are made with a very elaborate graphic design, this in favor of an attractive aesthetic and great visual impact, our lines, now appreciated all over the world, are the maximum expression of made in Italy saddlery.<br><br>
Master craftsmen sew our covers with great passion to give the customer a product that is recognizable and of great quality.<br><br>
Unfortunately, the more numerous the seams in the coatings and the greater the possibility that small infiltrations will occur.<br><br>
It is important to understand that if we realized covers with few seams (like some of our competitors) we could guarantee a total waterproofness of the saddle.<br><br>
Anyway, Tappezzeria Italia put customer satisfaction first and so we decided to make small elastic and water-repellent covers that can be purchased separately from the saddle.<br><br>
These protective covers (optional) are easy to adhere to the saddle and little bulky, if you find yourself having to leave the bike to the weather, just put the cover to be sure that your saddle will remain completely dry inside.<br><br>
The protective covers will also be very useful both to protect your new saddle from water, and to protect it from the sun and from all those external factors that can ruin the saddle.<br><br>
Each protective cover cost 20€ and can be purchased through our website or by sending an email to info@tappezzeriaitalia.it.<br><br>
<strong>NOTE - THOSE ARE SEAT COVERS NOT THE WHOLE SEAT. YOU NEED TO PUT THOSE SEAT COVERS ON YOUR EXISTING SEATS.</strong>","All the covers of Tappezzeria Italia, are made with 100% waterproof materials, the seams are heat-taped from the inside to prevent the infiltration of water, ensuring 80% waterproofing.

However, infiltration may occur if the saddle is exposed to rain for a long time or to high pressure washing. These events, although rare, are not due to a defect in the coating.

All our saddles are made with a very elaborate graphic design, this in favor of an attractive aesthetic and great visual impact, our lines, now appreciated all over the world, are the maximum expression of made in Italy saddlery.

Master craftsmen sew our covers with great passion to give the customer a product that is recognizable and of great quality.

Unfortunately, the more numerous the seams in the coatings and the greater the possibility that small infiltrations will occur.

It is important to understand that if we realized covers with few seams (like some of our competitors) we could guarantee a total waterproofness of the saddle.

Anyway, Tappezzeria Italia put customer satisfaction first and so we decided to make small elastic and water-repellent covers that can be purchased separately from the saddle.

These protective covers (optional) are easy to adhere to the saddle and little bulky, if you find yourself having to leave the bike to the weather, just put the cover to be sure that your saddle will remain completely dry inside.

The protective covers will also be very useful both to protect your new saddle from water, and to protect it from the sun and from all those external factors that can ruin the saddle.

Each protective cover cost 20€ and can be purchased through our website or by sending an email to info@tappezzeriaitalia.it.

NOTE - THOSE ARE SEAT COVERS NOT THE WHOLE SEAT. YOU NEED TO PUT THOSE SEAT COVERS ON YOUR EXISTING SEATS.",40000,,2026-07-26,active,Kawasaki,2000,g,Tappezzeria Madison 1 Comfort System Seat Cover for Kawasaki N…,"All the covers of Tappezzeria Italia, are made with 100% waterproof materials, the seams are heat-taped from the inside to prevent the infiltration of…",,Cleaned noise; brand verified,High,false,Motorcycle Accessories > Seats > Seat Covers,High,"Mapped from Shopify Type ""seat cover""",tappezzeria-madison-1-comfort-system-seat-cover-for-kawasaki-ninja-1000-1|Colour:Grey|price:40000.00|compare:|weight:2000|barcode:|qty:0 | tappezzeria-madison-1-comfort-system-seat-cover-for-kawasaki-ninja-1000-2|Colour:Green|price:40000.00|compare:|weight:2000|barcode:|qty:0 | tappezzeria-madison-1-comfort-system-seat-cover-for-kawasaki-ninja-1000-3|Colour:Black|price:40000.00|compare:|weight:2000|barcode:|qty:0,"tappezzeria-madison-1-comfort-system-seat-cover-for-kawasaki-ninja-1000-1,tappezzeria-madison-1-comfort-system-seat-cover-for-kawasaki-ninja-1000-2,tappezzeria-madison-1-comfort-system-seat-cover-for-kawasaki-ninja-1000-3",3,https://cdn.shopify.com/s/files/1/0076/8301/4754/products/copy-of-seat-cover-for-kawasaki-z-1000-sx-11-16-cosenza-1-comfort-system-model.jpg?v=1651384435|pos:1|alt:Kawasaki Tappezzeria Madison 1 Comfort System Seat Cover for Kawasaki Ninja 1000 – front view || https://cdn.shopify.com/s/files/1/0076/8301/4754/products/copy-of-seat-cover-for-kawasaki-z-1000-sx-11-16-cosenza-1-comfort-system-model_1.jpg?v=1651384434|pos:2|alt:Kawasaki Tappezzeria Madison 1 Comfort System Seat Cover for Kawasaki Ninja 1000 – side view || https://cdn.shopify.com/s/files/1/0076/8301/4754/products/copy-of-seat-cover-for-kawasaki-z-1000-sx-11-16-cosenza-1-comfort-system-model_2.jpg?v=1651384434|pos:3|alt:Kawasaki Tappezzeria Madison 1 Comfort System Seat Cover for Kawasaki Ninja 1000 – rear view,3,Kawasaki Tappezzeria Madison 1 Comfort System Seat Cover for Kawasaki Ninja 1000 – front view | Kawasaki Tappezzeria Madison 1 Comfort System Seat Cover for Kawasaki Ninja 1000 – side view | Kawasaki Tappezzeria Madison 1 Comfort System Seat Cover for Kawasaki Ninja 1000 – rear view,,0,,,,,,,,,false,not_eligible,,0,false,/products/tappezzeria-madison-1-comfort-system-seat-cover-for-kawasaki-ninja-1000,/products/tappezzeria-madison-1-comfort-system-seat-cover-for-kawasaki-ninja-1000
tappezzeria-madison-ultragrip-seat-cover-for-kawasaki-ninja-1000,tappezzeria-madison-ultragrip-seat-cover-for-kawasaki-ninja-1000,Tappezzeria Madison Ultragrip Seat Cover for Kawasaki Ninja 1000,Tappezzeria Madison Ultragrip Seat Cover for Kawasaki Ninja 1000,tappezzeria-madison-ultragrip-seat-cover-for-kawasaki-ninja-1000,"All the covers of Tappezzeria Italia, are made with 100% waterproof materials, the seams are heat-taped from the inside to prevent the infiltration of water,… Available in multiple sizes and/or colours — select your variant.","All the covers of Tappezzeria Italia, are made with 100% waterproof materials, the seams are heat-taped from the inside to prevent the infiltration of water, ensuring 80% waterproofing.<br><br>
However, infiltration may occur if the saddle is exposed to rain for a long time or to high pressure washing. These events, although rare, are not due to a defect in the coating.<br><br>
All our saddles are made with a very elaborate graphic design, this in favor of an attractive aesthetic and great visual impact, our lines, now appreciated all over the world, are the maximum expression of made in Italy saddlery.<br><br>
Master craftsmen sew our covers with great passion to give the customer a product that is recognizable and of great quality.<br><br>
Unfortunately, the more numerous the seams in the coatings and the greater the possibility that small infiltrations will occur.<br><br>
It is important to understand that if we realized covers with few seams (like some of our competitors) we could guarantee a total waterproofness of the saddle.<br><br>
Anyway, Tappezzeria Italia put customer satisfaction first and so we decided to make small elastic and water-repellent covers that can be purchased separately from the saddle.<br><br>
These protective covers (optional) are easy to adhere to the saddle and little bulky, if you find yourself having to leave the bike to the weather, just put the cover to be sure that your saddle will remain completely dry inside.<br><br>
The protective covers will also be very useful both to protect your new saddle from water, and to protect it from the sun and from all those external factors that can ruin the saddle.<br><br>
Each protective cover cost 20€ and can be purchased through our website or by sending an email to info@tappezzeriaitalia.it.<br><br>
<strong>NOTE - THOSE ARE SEAT COVERS NOT THE WHOLE SEAT. YOU NEED TO PUT THOSE SEAT COVERS ON YOUR EXISTING SEATS.</strong>","All the covers of Tappezzeria Italia, are made with 100% waterproof materials, the seams are heat-taped from the inside to prevent the infiltration of water, ensuring 80% waterproofing.

However, infiltration may occur if the saddle is exposed to rain for a long time or to high pressure washing. These events, although rare, are not due to a defect in the coating.

All our saddles are made with a very elaborate graphic design, this in favor of an attractive aesthetic and great visual impact, our lines, now appreciated all over the world, are the maximum expression of made in Italy saddlery.

Master craftsmen sew our covers with great passion to give the customer a product that is recognizable and of great quality.

Unfortunately, the more numerous the seams in the coatings and the greater the possibility that small infiltrations will occur.

It is important to understand that if we realized covers with few seams (like some of our competitors) we could guarantee a total waterproofness of the saddle.

Anyway, Tappezzeria Italia put customer satisfaction first and so we decided to make small elastic and water-repellent covers that can be purchased separately from the saddle.

These protective covers (optional) are easy to adhere to the saddle and little bulky, if you find yourself having to leave the bike to the weather, just put the cover to be sure that your saddle will remain completely dry inside.

The protective covers will also be very useful both to protect your new saddle from water, and to protect it from the sun and from all those external factors that can ruin the saddle.

Each protective cover cost 20€ and can be purchased through our website or by sending an email to info@tappezzeriaitalia.it.

NOTE - THOSE ARE SEAT COVERS NOT THE WHOLE SEAT. YOU NEED TO PUT THOSE SEAT COVERS ON YOUR EXISTING SEATS.",39000,,2026-07-26,active,Kawasaki,2000,g,Tappezzeria Madison Ultragrip Seat Cover for Kawasaki Ninja 10…,"All the covers of Tappezzeria Italia, are made with 100% waterproof materials, the seams are heat-taped from the inside to prevent the infiltration of…",,Cleaned noise; brand verified,High,false,Motorcycle Accessories > Seats > Seat Covers,High,"Mapped from Shopify Type ""seat cover""",tappezzeria-madison-ultragrip-seat-cover-for-kawasaki-ninja-1000-1|Colour:Grey|price:39000.00|compare:|weight:2000|barcode:|qty:0 | tappezzeria-madison-ultragrip-seat-cover-for-kawasaki-ninja-1000-2|Colour:Green|price:39000.00|compare:|weight:2000|barcode:|qty:0 | tappezzeria-madison-ultragrip-seat-cover-for-kawasaki-ninja-1000-3|Colour:Black|price:39000.00|compare:|weight:2000|barcode:|qty:0,"tappezzeria-madison-ultragrip-seat-cover-for-kawasaki-ninja-1000-1,tappezzeria-madison-ultragrip-seat-cover-for-kawasaki-ninja-1000-2,tappezzeria-madison-ultragrip-seat-cover-for-kawasaki-ninja-1000-3",3,https://cdn.shopify.com/s/files/1/0076/8301/4754/products/seat-cover-for-kawasaki-z-1000-sx-17-20-madison-ultragrip-model.jpg?v=1651383066|pos:1|alt:Kawasaki Tappezzeria Madison Ultragrip Seat Cover for Kawasaki Ninja 1000 – front view || https://cdn.shopify.com/s/files/1/0076/8301/4754/products/seat-cover-for-kawasaki-z-1000-sx-17-20-madison-ultragrip-model_1.jpg?v=1651383067|pos:2|alt:Kawasaki Tappezzeria Madison Ultragrip Seat Cover for Kawasaki Ninja 1000 – side view || https://cdn.shopify.com/s/files/1/0076/8301/4754/products/seat-cover-for-kawasaki-z-1000-sx-17-20-madison-ultragrip-model_2.jpg?v=1651383066|pos:3|alt:Kawasaki Tappezzeria Madison Ultragrip Seat Cover for Kawasaki Ninja 1000 – rear view,3,Kawasaki Tappezzeria Madison Ultragrip Seat Cover for Kawasaki Ninja 1000 – front view | Kawasaki Tappezzeria Madison Ultragrip Seat Cover for Kawasaki Ninja 1000 – side view | Kawasaki Tappezzeria Madison Ultragrip Seat Cover for Kawasaki Ninja 1000 – rear view,,0,,,,,,,,,false,not_eligible,,0,false,/products/tappezzeria-madison-ultragrip-seat-cover-for-kawasaki-ninja-1000,/products/tappezzeria-madison-ultragrip-seat-cover-for-kawasaki-ninja-1000
tappezzeria-madison-1-seat-cover-for-kawasaki-ninja-1000,tappezzeria-madison-1-seat-cover-for-kawasaki-ninja-1000,Tappezzeria Madison 1 Seat Cover for Kawasaki Ninja 1000,Tappezzeria Madison 1 Seat Cover for Kawasaki Ninja 1000,tappezzeria-madison-1-seat-cover-for-kawasaki-ninja-1000,"All the covers of Tappezzeria Italia, are made with 100% waterproof materials, the seams are heat-taped from the inside to prevent the infiltration of water,… Available in multiple sizes and/or colours — select your variant.","All the covers of Tappezzeria Italia, are made with 100% waterproof materials, the seams are heat-taped from the inside to prevent the infiltration of water, ensuring 80% waterproofing.<br><br>
However, infiltration may occur if the saddle is exposed to rain for a long time or to high pressure washing. These events, although rare, are not due to a defect in the coating.<br><br>
All our saddles are made with a very elaborate graphic design, this in favor of an attractive aesthetic and great visual impact, our lines, now appreciated all over the world, are the maximum expression of made in Italy saddlery.<br><br>
Master craftsmen sew our covers with great passion to give the customer a product that is recognizable and of great quality.<br><br>
Unfortunately, the more numerous the seams in the coatings and the greater the possibility that small infiltrations will occur.<br><br>
It is important to understand that if we realized covers with few seams (like some of our competitors) we could guarantee a total waterproofness of the saddle.<br><br>
Anyway, Tappezzeria Italia put customer satisfaction first and so we decided to make small elastic and water-repellent covers that can be purchased separately from the saddle.<br><br>
These protective covers (optional) are easy to adhere to the saddle and little bulky, if you find yourself having to leave the bike to the weather, just put the cover to be sure that your saddle will remain completely dry inside.<br><br>
The protective covers will also be very useful both to protect your new saddle from water, and to protect it from the sun and from all those external factors that can ruin the saddle.<br><br>
Each protective cover cost 20€ and can be purchased through our website or by sending an email to info@tappezzeriaitalia.it.<br><br>
<strong>NOTE - THOSE ARE SEAT COVERS NOT THE WHOLE SEAT. YOU NEED TO PUT THOSE SEAT COVERS ON YOUR EXISTING SEATS.</strong>","All the covers of Tappezzeria Italia, are made with 100% waterproof materials, the seams are heat-taped from the inside to prevent the infiltration of water, ensuring 80% waterproofing.

However, infiltration may occur if the saddle is exposed to rain for a long time or to high pressure washing. These events, although rare, are not due to a defect in the coating.

All our saddles are made with a very elaborate graphic design, this in favor of an attractive aesthetic and great visual impact, our lines, now appreciated all over the world, are the maximum expression of made in Italy saddlery.

Master craftsmen sew our covers with great passion to give the customer a product that is recognizable and of great quality.

Unfortunately, the more numerous the seams in the coatings and the greater the possibility that small infiltrations will occur.

It is important to understand that if we realized covers with few seams (like some of our competitors) we could guarantee a total waterproofness of the saddle.

Anyway, Tappezzeria Italia put customer satisfaction first and so we decided to make small elastic and water-repellent covers that can be purchased separately from the saddle.

These protective covers (optional) are easy to adhere to the saddle and little bulky, if you find yourself having to leave the bike to the weather, just put the cover to be sure that your saddle will remain completely dry inside.

The protective covers will also be very useful both to protect your new saddle from water, and to protect it from the sun and from all those external factors that can ruin the saddle.

Each protective cover cost 20€ and can be purchased through our website or by sending an email to info@tappezzeriaitalia.it.

NOTE - THOSE ARE SEAT COVERS NOT THE WHOLE SEAT. YOU NEED TO PUT THOSE SEAT COVERS ON YOUR EXISTING SEATS.",37500,,2026-07-26,active,Kawasaki,2000,g,Tappezzeria Madison 1 Seat Cover for Kawasaki Ninja 1000 | Mil…,"All the covers of Tappezzeria Italia, are made with 100% waterproof materials, the seams are heat-taped from the inside to prevent the infiltration of…",,Cleaned noise; brand verified,High,false,Motorcycle Accessories > Seats > Seat Covers,High,"Mapped from Shopify Type ""seat cover""",tappezzeria-madison-1-seat-cover-for-kawasaki-ninja-1000-1|Colour:Grey|price:37500.00|compare:|weight:2000|barcode:|qty:0 | tappezzeria-madison-1-seat-cover-for-kawasaki-ninja-1000-2|Colour:Green|price:37500.00|compare:|weight:2000|barcode:|qty:0 | tappezzeria-madison-1-seat-cover-for-kawasaki-ninja-1000-3|Colour:Black|price:37500.00|compare:|weight:2000|barcode:|qty:0,"tappezzeria-madison-1-seat-cover-for-kawasaki-ninja-1000-1,tappezzeria-madison-1-seat-cover-for-kawasaki-ninja-1000-2,tappezzeria-madison-1-seat-cover-for-kawasaki-ninja-1000-3",3,https://cdn.shopify.com/s/files/1/0076/8301/4754/products/seat-cover-for-kawasaki-z-1000-sx-17-20-madison-1-model.jpg?v=1651382728|pos:1|alt:Kawasaki Tappezzeria Madison 1 Seat Cover for Kawasaki Ninja 1000 – front view || https://cdn.shopify.com/s/files/1/0076/8301/4754/products/seat-cover-for-kawasaki-z-1000-sx-17-20-madison-1-model_1.jpg?v=1651382728|pos:2|alt:Kawasaki Tappezzeria Madison 1 Seat Cover for Kawasaki Ninja 1000 – side view || https://cdn.shopify.com/s/files/1/0076/8301/4754/products/seat-cover-for-kawasaki-z-1000-sx-17-20-madison-1-model_2.jpg?v=1651382729|pos:3|alt:Kawasaki Tappezzeria Madison 1 Seat Cover for Kawasaki Ninja 1000 – rear view,3,Kawasaki Tappezzeria Madison 1 Seat Cover for Kawasaki Ninja 1000 – front view | Kawasaki Tappezzeria Madison 1 Seat Cover for Kawasaki Ninja 1000 – side view | Kawasaki Tappezzeria Madison 1 Seat Cover for Kawasaki Ninja 1000 – rear view,,0,,,,,,,,,false,not_eligible,,0,false,/products/tappezzeria-madison-1-seat-cover-for-kawasaki-ninja-1000,/products/tappezzeria-madison-1-seat-cover-for-kawasaki-ninja-1000
tappezzeria-arusha-comfort-system-seat-cover-for-kawasaki-ninja-1000-2021,tappezzeria-arusha-comfort-system-seat-cover-for-kawasaki-ninja-1000-2021,Tappezzeria Arusha Comfort System Seat Cover for Kawasaki Ninja 1000 2021,Tappezzeria Arusha Comfort System Seat Cover for Kawasaki Ninja 1000 2021,tappezzeria-arusha-comfort-system-seat-cover-for-kawasaki-ninja-1000-2021,"All the covers of Tappezzeria Italia, are made with 100% waterproof materials, the seams are heat-taped from the inside to prevent the infiltration of water,… Available in multiple sizes and/or colours — select your variant.","All the covers of Tappezzeria Italia, are made with 100% waterproof materials, the seams are heat-taped from the inside to prevent the infiltration of water, ensuring 80% waterproofing.<br><br>
However, infiltration may occur if the saddle is exposed to rain for a long time or to high pressure washing. These events, although rare, are not due to a defect in the coating.<br><br>
All our saddles are made with a very elaborate graphic design, this in favor of an attractive aesthetic and great visual impact, our lines, now appreciated all over the world, are the maximum expression of made in Italy saddlery.<br><br>
Master craftsmen sew our covers with great passion to give the customer a product that is recognizable and of great quality.<br><br>
Unfortunately, the more numerous the seams in the coatings and the greater the possibility that small infiltrations will occur.<br><br>
It is important to understand that if we realized covers with few seams (like some of our competitors) we could guarantee a total waterproofness of the saddle.<br><br>
Anyway, Tappezzeria Italia put customer satisfaction first and so we decided to make small elastic and water-repellent covers that can be purchased separately from the saddle.<br><br>
These protective covers (optional) are easy to adhere to the saddle and little bulky, if you find yourself having to leave the bike to the weather, just put the cover to be sure that your saddle will remain completely dry inside.<br><br>
The protective covers will also be very useful both to protect your new saddle from water, and to protect it from the sun and from all those external factors that can ruin the saddle.<br><br>
Each protective cover cost 20€ and can be purchased through our website or by sending an email to info@tappezzeriaitalia.it.<br><br>
<strong>NOTE - THOSE ARE SEAT COVERS NOT THE WHOLE SEAT. YOU NEED TO PUT THOSE SEAT COVERS ON YOUR EXISTING SEATS.</strong>","All the covers of Tappezzeria Italia, are made with 100% waterproof materials, the seams are heat-taped from the inside to prevent the infiltration of water, ensuring 80% waterproofing.

However, infiltration may occur if the saddle is exposed to rain for a long time or to high pressure washing. These events, although rare, are not due to a defect in the coating.

All our saddles are made with a very elaborate graphic design, this in favor of an attractive aesthetic and great visual impact, our lines, now appreciated all over the world, are the maximum expression of made in Italy saddlery.

Master craftsmen sew our covers with great passion to give the customer a product that is recognizable and of great quality.

Unfortunately, the more numerous the seams in the coatings and the greater the possibility that small infiltrations will occur.

It is important to understand that if we realized covers with few seams (like some of our competitors) we could guarantee a total waterproofness of the saddle.

Anyway, Tappezzeria Italia put customer satisfaction first and so we decided to make small elastic and water-repellent covers that can be purchased separately from the saddle.

These protective covers (optional) are easy to adhere to the saddle and little bulky, if you find yourself having to leave the bike to the weather, just put the cover to be sure that your saddle will remain completely dry inside.

The protective covers will also be very useful both to protect your new saddle from water, and to protect it from the sun and from all those external factors that can ruin the saddle.

Each protective cover cost 20€ and can be purchased through our website or by sending an email to info@tappezzeriaitalia.it.

NOTE - THOSE ARE SEAT COVERS NOT THE WHOLE SEAT. YOU NEED TO PUT THOSE SEAT COVERS ON YOUR EXISTING SEATS.",42999,,2026-07-26,active,Kawasaki,2000,g,Tappezzeria Arusha Comfort System Seat Cover for Kawasaki Ninj…,"All the covers of Tappezzeria Italia, are made with 100% waterproof materials, the seams are heat-taped from the inside to prevent the infiltration of…",,Cleaned noise; brand verified,High,false,Motorcycle Accessories > Seats > Seat Covers,High,"Mapped from Shopify Type ""seat cover""",tappezzeria-arusha-comfort-system-seat-cover-for-kawasaki-ninja-1000-2021-1|Colour:Green|price:42999.00|compare:|weight:2000|barcode:|qty:0 | tappezzeria-arusha-comfort-system-seat-cover-for-kawasaki-ninja-1000-2021-2|Colour:Grey|price:42999.00|compare:|weight:2000|barcode:|qty:0 | tappezzeria-arusha-comfort-system-seat-cover-for-kawasaki-ninja-1000-2021-3|Colour:Red|price:42999.00|compare:|weight:2000|barcode:|qty:0,"tappezzeria-arusha-comfort-system-seat-cover-for-kawasaki-ninja-1000-2021-1,tappezzeria-arusha-comfort-system-seat-cover-for-kawasaki-ninja-1000-2021-2,tappezzeria-arusha-comfort-system-seat-cover-for-kawasaki-ninja-1000-2021-3",3,https://cdn.shopify.com/s/files/1/0076/8301/4754/products/seat-cover-compatible-kawasaki-ninja-1000-sx-2021-arusha-comfort-system-model.jpg?v=1649655530|pos:1|alt:Kawasaki Tappezzeria Arusha Comfort System Seat Cover for Kawasaki Ninja 1000 2021 – front view || https://cdn.shopify.com/s/files/1/0076/8301/4754/products/seat-cover-compatible-kawasaki-ninja-1000-sx-2021-arusha-comfort-system-model_1.jpg?v=1649655529|pos:2|alt:Kawasaki Tappezzeria Arusha Comfort System Seat Cover for Kawasaki Ninja 1000 2021 – side view || https://cdn.shopify.com/s/files/1/0076/8301/4754/products/seat-cover-compatible-kawasaki-ninja-1000-sx-2021-arusha-comfort-system-model_2.jpg?v=1649655529|pos:3|alt:Kawasaki Tappezzeria Arusha Comfort System Seat Cover for Kawasaki Ninja 1000 2021 – rear view,3,Kawasaki Tappezzeria Arusha Comfort System Seat Cover for Kawasaki Ninja 1000 2021 – front view | Kawasaki Tappezzeria Arusha Comfort System Seat Cover for Kawasaki Ninja 1000 2021 – side view | Kawasaki Tappezzeria Arusha Comfort System Seat Cover for Kawasaki Ninja 1000 2021 – rear view,,0,,,,,,,,,false,not_eligible,,0,false,/products/tappezzeria-arusha-comfort-system-seat-cover-for-kawasaki-ninja-1000-2021,/products/tappezzeria-arusha-comfort-system-seat-cover-for-kawasaki-ninja-1000-2021
tappezzeria-arusha-ultragrip-seat-cover-for-kawasaki-ninja-1000-2021,tappezzeria-arusha-ultragrip-seat-cover-for-kawasaki-ninja-1000-2021,Tappezzeria Arusha Ultragrip Seat Cover for Kawasaki Ninja 1000 2021,Tappezzeria Arusha Ultragrip Seat Cover for Kawasaki Ninja 1000 2021,tappezzeria-arusha-ultragrip-seat-cover-for-kawasaki-ninja-1000-2021,"All the covers of Tappezzeria Italia, are made with 100% waterproof materials, the seams are heat-taped from the inside to prevent the infiltration of water,… Available in multiple sizes and/or colours — select your variant.","All the covers of Tappezzeria Italia, are made with 100% waterproof materials, the seams are heat-taped from the inside to prevent the infiltration of water, ensuring 80% waterproofing.<br><br>
However, infiltration may occur if the saddle is exposed to rain for a long time or to high pressure washing. These events, although rare, are not due to a defect in the coating.<br><br>
All our saddles are made with a very elaborate graphic design, this in favor of an attractive aesthetic and great visual impact, our lines, now appreciated all over the world, are the maximum expression of made in Italy saddlery.<br><br>
Master craftsmen sew our covers with great passion to give the customer a product that is recognizable and of great quality.<br><br>
Unfortunately, the more numerous the seams in the coatings and the greater the possibility that small infiltrations will occur.<br><br>
It is important to understand that if we realized covers with few seams (like some of our competitors) we could guarantee a total waterproofness of the saddle.<br><br>
Anyway, Tappezzeria Italia put customer satisfaction first and so we decided to make small elastic and water-repellent covers that can be purchased separately from the saddle.<br><br>
These protective covers (optional) are easy to adhere to the saddle and little bulky, if you find yourself having to leave the bike to the weather, just put the cover to be sure that your saddle will remain completely dry inside.<br><br>
The protective covers will also be very useful both to protect your new saddle from water, and to protect it from the sun and from all those external factors that can ruin the saddle.<br><br>
Each protective cover cost 20€ and can be purchased through our website or by sending an email to info@tappezzeriaitalia.it.<br><br>
<strong>NOTE - THOSE ARE SEAT COVERS NOT THE WHOLE SEAT. YOU NEED TO PUT THOSE SEAT COVERS ON YOUR EXISTING SEATS</strong>.","All the covers of Tappezzeria Italia, are made with 100% waterproof materials, the seams are heat-taped from the inside to prevent the infiltration of water, ensuring 80% waterproofing.

However, infiltration may occur if the saddle is exposed to rain for a long time or to high pressure washing. These events, although rare, are not due to a defect in the coating.

All our saddles are made with a very elaborate graphic design, this in favor of an attractive aesthetic and great visual impact, our lines, now appreciated all over the world, are the maximum expression of made in Italy saddlery.

Master craftsmen sew our covers with great passion to give the customer a product that is recognizable and of great quality.

Unfortunately, the more numerous the seams in the coatings and the greater the possibility that small infiltrations will occur.

It is important to understand that if we realized covers with few seams (like some of our competitors) we could guarantee a total waterproofness of the saddle.

Anyway, Tappezzeria Italia put customer satisfaction first and so we decided to make small elastic and water-repellent covers that can be purchased separately from the saddle.

These protective covers (optional) are easy to adhere to the saddle and little bulky, if you find yourself having to leave the bike to the weather, just put the cover to be sure that your saddle will remain completely dry inside.

The protective covers will also be very useful both to protect your new saddle from water, and to protect it from the sun and from all those external factors that can ruin the saddle.

Each protective cover cost 20€ and can be purchased through our website or by sending an email to info@tappezzeriaitalia.it.

NOTE - THOSE ARE SEAT COVERS NOT THE WHOLE SEAT. YOU NEED TO PUT THOSE SEAT COVERS ON YOUR EXISTING SEATS.",42999,,2026-07-26,active,Kawasaki,2000,g,Tappezzeria Arusha Ultragrip Seat Cover for Kawasaki Ninja 100…,"All the covers of Tappezzeria Italia, are made with 100% waterproof materials, the seams are heat-taped from the inside to prevent the infiltration of…",,Cleaned noise; brand verified,High,false,Motorcycle Accessories > Seats > Seat Covers,High,"Mapped from Shopify Type ""seat cover""",tappezzeria-arusha-ultragrip-seat-cover-for-kawasaki-ninja-1000-2021-1|Colour:Green|price:42999.00|compare:|weight:2000|barcode:|qty:0 | tappezzeria-arusha-ultragrip-seat-cover-for-kawasaki-ninja-1000-2021-2|Colour:Grey|price:42999.00|compare:|weight:2000|barcode:|qty:0 | tappezzeria-arusha-ultragrip-seat-cover-for-kawasaki-ninja-1000-2021-3|Colour:Red|price:42999.00|compare:|weight:2000|barcode:|qty:0,"tappezzeria-arusha-ultragrip-seat-cover-for-kawasaki-ninja-1000-2021-1,tappezzeria-arusha-ultragrip-seat-cover-for-kawasaki-ninja-1000-2021-2,tappezzeria-arusha-ultragrip-seat-cover-for-kawasaki-ninja-1000-2021-3",3,https://cdn.shopify.com/s/files/1/0076/8301/4754/products/seat-cover-compatible-kawasaki-ninja-1000-sx-2021-arusha-ultragrip-model.jpg?v=1649655287|pos:1|alt:Kawasaki Tappezzeria Arusha Ultragrip Seat Cover for Kawasaki Ninja 1000 2021 – front view || https://cdn.shopify.com/s/files/1/0076/8301/4754/products/seat-cover-compatible-kawasaki-ninja-1000-sx-2021-arusha-ultragrip-model_1.jpg?v=1649655287|pos:2|alt:Kawasaki Tappezzeria Arusha Ultragrip Seat Cover for Kawasaki Ninja 1000 2021 – side view || https://cdn.shopify.com/s/files/1/0076/8301/4754/products/seat-cover-compatible-kawasaki-ninja-1000-sx-2021-arusha-ultragrip-model_2.jpg?v=1649655286|pos:3|alt:Kawasaki Tappezzeria Arusha Ultragrip Seat Cover for Kawasaki Ninja 1000 2021 – rear view,3,Kawasaki Tappezzeria Arusha Ultragrip Seat Cover for Kawasaki Ninja 1000 2021 – front view | Kawasaki Tappezzeria Arusha Ultragrip Seat Cover for Kawasaki Ninja 1000 2021 – side view | Kawasaki Tappezzeria Arusha Ultragrip Seat Cover for Kawasaki Ninja 1000 2021 – rear view,,0,,,,,,,,,false,not_eligible,,0,false,/products/tappezzeria-arusha-ultragrip-seat-cover-for-kawasaki-ninja-1000-2021,/products/tappezzeria-arusha-ultragrip-seat-cover-for-kawasaki-ninja-1000-2021
tappezzeria-arusha-seat-cover-for-kawasaki-ninja-1000-2021,tappezzeria-arusha-seat-cover-for-kawasaki-ninja-1000-2021,Tappezzeria Arusha Seat Cover for Kawasaki Ninja 1000 2021,Tappezzeria Arusha Seat Cover for Kawasaki Ninja 1000 2021,tappezzeria-arusha-seat-cover-for-kawasaki-ninja-1000-2021,"All the covers of Tappezzeria Italia, are made with 100% waterproof materials, the seams are heat-taped from the inside to prevent the infiltration of water,… Available in multiple sizes and/or colours — select your variant.","All the covers of Tappezzeria Italia, are made with 100% waterproof materials, the seams are heat-taped from the inside to prevent the infiltration of water, ensuring 80% waterproofing.<br><br>
However, infiltration may occur if the saddle is exposed to rain for a long time or to high pressure washing. These events, although rare, are not due to a defect in the coating.<br><br>
All our saddles are made with a very elaborate graphic design, this in favor of an attractive aesthetic and great visual impact, our lines, now appreciated all over the world, are the maximum expression of made in Italy saddlery.<br><br>
Master craftsmen sew our covers with great passion to give the customer a product that is recognizable and of great quality.<br><br>
Unfortunately, the more numerous the seams in the coatings and the greater the possibility that small infiltrations will occur.<br><br>
It is important to understand that if we realized covers with few seams (like some of our competitors) we could guarantee a total waterproofness of the saddle.<br><br>
Anyway, Tappezzeria Italia put customer satisfaction first and so we decided to make small elastic and water-repellent covers that can be purchased separately from the saddle.<br><br>
These protective covers (optional) are easy to adhere to the saddle and little bulky, if you find yourself having to leave the bike to the weather, just put the cover to be sure that your saddle will remain completely dry inside.<br><br>
The protective covers will also be very useful both to protect your new saddle from water, and to protect it from the sun and from all those external factors that can ruin the saddle.<br><br>
Each protective cover cost 20€ and can be purchased through our website or by sending an email to info@tappezzeriaitalia.it.<br><br>
<strong>NOTE - THOSE ARE SEAT COVERS NOT THE WHOLE SEAT. YOU NEED TO PUT THOSE SEAT COVERS ON YOUR EXISTING SEATS</strong>.","All the covers of Tappezzeria Italia, are made with 100% waterproof materials, the seams are heat-taped from the inside to prevent the infiltration of water, ensuring 80% waterproofing.

However, infiltration may occur if the saddle is exposed to rain for a long time or to high pressure washing. These events, although rare, are not due to a defect in the coating.

All our saddles are made with a very elaborate graphic design, this in favor of an attractive aesthetic and great visual impact, our lines, now appreciated all over the world, are the maximum expression of made in Italy saddlery.

Master craftsmen sew our covers with great passion to give the customer a product that is recognizable and of great quality.

Unfortunately, the more numerous the seams in the coatings and the greater the possibility that small infiltrations will occur.

It is important to understand that if we realized covers with few seams (like some of our competitors) we could guarantee a total waterproofness of the saddle.

Anyway, Tappezzeria Italia put customer satisfaction first and so we decided to make small elastic and water-repellent covers that can be purchased separately from the saddle.

These protective covers (optional) are easy to adhere to the saddle and little bulky, if you find yourself having to leave the bike to the weather, just put the cover to be sure that your saddle will remain completely dry inside.

The protective covers will also be very useful both to protect your new saddle from water, and to protect it from the sun and from all those external factors that can ruin the saddle.

Each protective cover cost 20€ and can be purchased through our website or by sending an email to info@tappezzeriaitalia.it.

NOTE - THOSE ARE SEAT COVERS NOT THE WHOLE SEAT. YOU NEED TO PUT THOSE SEAT COVERS ON YOUR EXISTING SEATS.",42999,,2026-07-26,active,Kawasaki,2000,g,Tappezzeria Arusha Seat Cover for Kawasaki Ninja 1000 2021 | M…,"All the covers of Tappezzeria Italia, are made with 100% waterproof materials, the seams are heat-taped from the inside to prevent the infiltration of…",,Cleaned noise; brand verified,High,false,Motorcycle Accessories > Seats > Seat Covers,High,"Mapped from Shopify Type ""seat cover""",tappezzeria-arusha-seat-cover-for-kawasaki-ninja-1000-2021-1|Colour:Green|price:42999.00|compare:|weight:2000|barcode:|qty:0 | tappezzeria-arusha-seat-cover-for-kawasaki-ninja-1000-2021-2|Colour:Grey|price:42999.00|compare:|weight:2000|barcode:|qty:0 | tappezzeria-arusha-seat-cover-for-kawasaki-ninja-1000-2021-3|Colour:Red|price:42999.00|compare:|weight:2000|barcode:|qty:0,"tappezzeria-arusha-seat-cover-for-kawasaki-ninja-1000-2021-1,tappezzeria-arusha-seat-cover-for-kawasaki-ninja-1000-2021-2,tappezzeria-arusha-seat-cover-for-kawasaki-ninja-1000-2021-3",3,https://cdn.shopify.com/s/files/1/0076/8301/4754/products/seat-cover-compatible-kawasaki-ninja-1000-sx-2021-arusha-model.jpg?v=1649654906|pos:1|alt:Kawasaki Tappezzeria Arusha Seat Cover for Kawasaki Ninja 1000 2021 – front view || https://cdn.shopify.com/s/files/1/0076/8301/4754/products/seat-cover-compatible-kawasaki-ninja-1000-sx-2021-arusha-model_1.jpg?v=1649654907|pos:2|alt:Kawasaki Tappezzeria Arusha Seat Cover for Kawasaki Ninja 1000 2021 – side view || https://cdn.shopify.com/s/files/1/0076/8301/4754/products/seat-cover-compatible-kawasaki-ninja-1000-sx-2021-arusha-model_2.jpg?v=1649654906|pos:3|alt:Kawasaki Tappezzeria Arusha Seat Cover for Kawasaki Ninja 1000 2021 – rear view,3,Kawasaki Tappezzeria Arusha Seat Cover for Kawasaki Ninja 1000 2021 – front view | Kawasaki Tappezzeria Arusha Seat Cover for Kawasaki Ninja 1000 2021 – side view | Kawasaki Tappezzeria Arusha Seat Cover for Kawasaki Ninja 1000 2021 – rear view,,0,,,,,,,,,false,not_eligible,,0,false,/products/tappezzeria-arusha-seat-cover-for-kawasaki-ninja-1000-2021,/products/tappezzeria-arusha-seat-cover-for-kawasaki-ninja-1000-2021
metallic-spark-black-seat-cowl-for-kawasaki-ninja-1000,metallic-spark-black-seat-cowl-for-kawasaki-ninja-1000,Metallic Spark Black Seat Cowl for Kawasaki Ninja 1000,Metallic Spark Black Seat Cowl for Kawasaki Ninja 1000,metallic-spark-black-seat-cowl-for-kawasaki-ninja-1000,Pre Order Import on Order only • Each seat cowl is constructed of high quality ABS plastic and features factory matched paint. • Replaces stock rear seat. • Includes all necessary hardware.,"[des]
<div class=""delivery_oder"">
<p><strong>Pre Order </strong><span> Import on Order only</span></p>
<p><strong>Delivery Time</strong> 25-30<span> Days</span></p>
</div>
<p>[/des]</p>
<p><span>Give your motorcycle a custom appearance with this unique seat cowl</span></p>
<ul>
<li>Each seat cowl is constructed of high quality ABS plastic and features factory matched paint</li>
<li>Replaces stock rear seat</li>
<li>Includes all necessary hardware</li>
</ul>","[des]

Pre Order  Import on Order only

Delivery Time 25-30 Days

[/des]

Give your motorcycle a custom appearance with this unique seat cowl

• Each seat cowl is constructed of high quality ABS plastic and features factory matched paint

• Replaces stock rear seat

• Includes all necessary hardware",37800,,2026-07-26,active,Kawasaki,3000,g,Metallic Spark Black Seat Cowl for Kawasaki Ninja 1000 | Mile …,Pre Order Import on Order only Each seat cowl is constructed of high quality ABS plastic and features factory matched paint. Replaces stock rear seat.…,Each seat cowl is constructed of high quality ABS plastic and features factory matched paint | Replaces stock rear seat | Includes all necessary hardware,Cleaned noise; brand verified,High,false,Motorcycle Accessories > Seats,High,"Refined by title keyword: ""\b(seat\b(?!cover))\b""",metallic-spark-black-seat-cowl-for-kawasaki-ninja-1000-1|Default Title|price:37800.00|compare:|weight:3000|barcode:|qty:0,metallic-spark-black-seat-cowl-for-kawasaki-ninja-1000-1,1,https://cdn.shopify.com/s/files/1/0076/8301/4754/products/999940897660-131328603243513135.jpg?v=1649242082|pos:1|alt:Kawasaki Metallic Spark Black Seat Cowl for Kawasaki Ninja 1000 – front view,1,Kawasaki Metallic Spark Black Seat Cowl for Kawasaki Ninja 1000 – front view,,0,Kawasaki Metallic Spark Black Seat Cowl for Kawasaki Ninja 1000,Kawasaki Metallic Spark Black Seat Cowl for Kawasaki Ninja 1000. Pre Order Import on Order only • Each seat cowl is constructed of high quality ABS plastic and features factory matched paint.,Each seat cowl is constructed of high quality ABS plastic and features factory matched paint.,,Replaces stock rear seat. Includes all necessary hardware.,,,Kawasaki Metallic Spark Black Seat Cowl for Kawasaki Ninja 1000 — a seat built to the specifications listed above.,true,draft,https://cdn.shopify.com/s/files/1/0076/8301/4754/products/999940897660-131328603243513135.jpg?v=1649242082|role:hero,1,false,/products/metallic-spark-black-seat-cowl-for-kawasaki-ninja-1000,/products/metallic-spark-black-seat-cowl-for-kawasaki-ninja-1000
tappezzeria-mod-sagat-comfort-system-seat-cover-for-kawasaki-z1100,tappezzeria-mod-sagat-comfort-system-seat-cover-for-kawasaki-z1100,Tappezzeria Mod Sagat Comfort System Seat Cover for Kawasaki Z1100,Tappezzeria Mod Sagat Comfort System Seat Cover for Kawasaki Z1100,tappezzeria-mod-sagat-comfort-system-seat-cover-for-kawasaki-z1100,Seat cover compatible Kawasaki Z 1100 2026 – Model Sagat • BL (black). • GN (green). • GNG (Green-Grey). • GR (grey). Available in multiple sizes and/or colours — select your variant.,"<p><strong>Seat cover compatible<span> </span><span>Kawasaki Z 1100 2026 – Model Sagat</span></strong></p>
<p>Give your<span> </span><span>Kawasaki Z 1100</span><span> </span>a touch of style and comfort with our<span> </span><strong>Comfort System</strong><span> </span>seat cover.</p>
<p>Designed to provide a superior riding experience, the<span> </span><strong>Comfort System</strong><span> </span>by<span> </span><strong>Tappezzeria Italia</strong><span> </span>is an exclusive technology developed to enhance<span> </span><strong>riding comfort</strong><span> </span>and reduce fatigue for both rider and passenger, especially on long journeys.</p>
<p><strong>Premium materials for performance and durability</strong></p>
<p>The seat cover is designed to offer a perfect combination of<span> </span><strong>style and durability</strong>, ensuring a more stable and safer ride in all conditions.</p>
<p><strong>Tappezzeria Italia</strong><span> </span>seat covers are made from high-quality 100% PVC marine-grade technical materials, printed with various textures such as carbon look, ultragrip, cordura, suede, leather, and more. Specifically designed for enhanced grip and style.</p>
<p><strong><span>Available with or without Logo</span></strong>. Contact customer support for custom logos or embroidery.</p>
<p><strong>Customizable inserts</strong>, available in different color variants to match your style:</p>
<p>• BL (black)</p>
<p>• GN (green)</p>
<p>• GNG (Green-Grey)</p>
<p>• GR (grey)</p>
<p>• OR (orange)</p>
<p>• ORG (orange-grey)</p>
<p><strong>Advanced technical features</strong></p>
<p><span>✔</span><span> </span><strong>Waterproof*</strong><span> </span>and weather-resistant, perfect for all seasons.<br><span>✔</span><span> </span><strong>UV-Treated Materials</strong><span> </span>to keep colors vibrant over time and prevent wear.<br><span>✔</span><span> </span><strong>Double-stitched reinforced seams</strong><span> </span>for greater durability and strength.<br><span>✔</span><span> </span><strong>High resistance to chemicals</strong>, such as gasoline, oils, and cleaners.</p>
<p><span>✔</span><span> </span><strong>Comfort System Technology</strong>:</p>
<ul>
<li><strong>High-density latex foam</strong></li>
</ul>
<p>The seat cover is paired with a special<span> </span><strong>latex foam</strong>, providing extra cushioning. This material is known for its<span> </span><strong>ability to absorb vibrations</strong>, evenly distributing the rider's weight on the seat. The result is reduced pressure on contact points, increasing comfort even during long journeys.</p>
<ul>
<li><strong>Better ergonomic support</strong></li>
</ul>
<p>Thanks to its composition, the<span> </span><strong>Comfort System</strong><span> </span>helps maintain a more natural and relaxed riding posture, reducing stress on the back and legs.</p>
<ul>
<li><strong>Greater durability compared to traditional padding</strong></li>
</ul>
<p>Traditional padding tends to compress over time, losing its effectiveness. The<span> </span><strong>latex used in the Comfort System</strong><span> </span>is highly resistant and maintains its elasticity for a long time, ensuring constant comfort.</p>
<ul>
<li><strong>Perfect for long journeys</strong></li>
</ul>
<p>This technology is specially designed for riders who cover<span> </span><strong>long distances</strong><span> </span>and need a seat that<span> </span><strong>minimizes fatigue</strong><span> </span>and<span> </span><strong>provides optimal support</strong>.</p>
<p><strong>Craftsmanship and maximum attention to detail</strong></p>
<p>Each seat cover is handcrafted by skilled artisans using advanced stitching techniques and high-quality materials. The artisanal production ensures a perfect fit and impeccable finish, with carefully crafted details for maximum performance and a 100%<span> </span><strong>Made in Italy</strong><span> </span>style.</p>
<p><strong>Installation</strong></p>
<p>Comes with a<span> </span><strong>detailed instruction manual</strong><span> </span>for easy installation. However, for optimal results and a perfect fit, professional installation is recommended.</p>
<p><strong>Why choose our seat cover for<span> </span><span>Kawasaki Z 1100</span>?</strong></p>
<p><span>✔</span><span> </span><strong>Improves riding stability and safety</strong><span> </span>thanks to anti-slip materials.<br><span>✔</span><span> </span><strong>Enhances comfort and reduces riding fatigue</strong><span> </span>with integrated memory foam.</p>
<p><span>✔</span><span> </span><strong>Adds a sporty and modern look to your motorcycle</strong><span> </span>with carefully crafted details.<br><span>✔</span><span> </span><strong>Provides protection and durability</strong><span> </span>with waterproof and UV-resistant materials.<br><span>✔</span><span> </span><strong>Easy to install</strong>, with detailed instructions and professional installation option.</p>","Seat cover compatible Kawasaki Z 1100 2026 – Model Sagat

Give your Kawasaki Z 1100 a touch of style and comfort with our Comfort System seat cover.

Designed to provide a superior riding experience, the Comfort System by Tappezzeria Italia is an exclusive technology developed to enhance riding comfort and reduce fatigue for both rider and passenger, especially on long journeys.

Premium materials for performance and durability

The seat cover is designed to offer a perfect combination of style and durability, ensuring a more stable and safer ride in all conditions.

Tappezzeria Italia seat covers are made from high-quality 100% PVC marine-grade technical materials, printed with various textures such as carbon look, ultragrip, cordura, suede, leather, and more. Specifically designed for enhanced grip and style.

Available with or without Logo. Contact customer support for custom logos or embroidery.

Customizable inserts, available in different color variants to match your style:

• BL (black)

• GN (green)

• GNG (Green-Grey)

• GR (grey)

• OR (orange)

• ORG (orange-grey)

Advanced technical features

✔ Waterproof* and weather-resistant, perfect for all seasons.
✔ UV-Treated Materials to keep colors vibrant over time and prevent wear.
✔ Double-stitched reinforced seams for greater durability and strength.
✔ High resistance to chemicals, such as gasoline, oils, and cleaners.

✔ Comfort System Technology:

• High-density latex foam

The seat cover is paired with a special latex foam, providing extra cushioning. This material is known for its ability to absorb vibrations, evenly distributing the rider's weight on the seat. The result is reduced pressure on contact points, increasing comfort even during long journeys.

• Better ergonomic support

Thanks to its composition, the Comfort System helps maintain a more natural and relaxed riding posture, reducing stress on the back and legs.

• Greater durability compared to traditional padding

Traditional padding tends to compress over time, losing its effectiveness. The latex used in the Comfort System is highly resistant and maintains its elasticity for a long time, ensuring constant comfort.

• Perfect for long journeys

This technology is specially designed for riders who cover long distances and need a seat that minimizes fatigue and provides optimal support.

Craftsmanship and maximum attention to detail

Each seat cover is handcrafted by skilled artisans using advanced stitching techniques and high-quality materials. The artisanal production ensures a perfect fit and impeccable finish, with carefully crafted details for maximum performance and a 100% Made in Italy style.

Installation

Comes with a detailed instruction manual for easy installation. However, for optimal results and a perfect fit, professional installation is recommended.

Why choose our seat cover for Kawasaki Z 1100?

✔ Improves riding stability and safety thanks to anti-slip materials.
✔ Enhances comfort and reduces riding fatigue with integrated memory foam.

✔ Adds a sporty and modern look to your motorcycle with carefully crafted details.
✔ Provides protection and durability with waterproof and UV-resistant materials.
✔ Easy to install, with detailed instructions and professional installation option.",56000,,2026-07-26,active,Kawasaki,3000,g,Tappezzeria Mod Sagat Comfort System Seat Cover for Kawasaki Z…,Seat cover compatible Kawasaki Z 1100 2026 – Model Sagat BL (black). GN (green). GNG (Green-Grey). GR (grey).,BL (black) | GN (green) | GNG (Green-Grey) | GR (grey),Cleaned noise; brand verified,High,false,Motorcycle Accessories > Seats > Seat Covers,High,"Mapped from Shopify Type ""seat cover""",tappezzeria-mod-sagat-comfort-system-seat-cover-for-kawasaki-z1100-1|Colour:BL (Black):Logo:No Logo|price:56000.00|compare:|weight:3000|barcode:|qty:0 | tappezzeria-mod-sagat-comfort-system-seat-cover-for-kawasaki-z1100-2|Colour:BL (Black):Logo:With Logo|price:59000.00|compare:|weight:3000|barcode:|qty:0 | tappezzeria-mod-sagat-comfort-system-seat-cover-for-kawasaki-z1100-3|Colour:GN (Green):Logo:No Logo|price:56000.00|compare:|weight:3000|barcode:|qty:0 | tappezzeria-mod-sagat-comfort-system-seat-cover-for-kawasaki-z1100-4|Colour:GN (Green):Logo:With Logo|price:59000.00|compare:|weight:3000|barcode:|qty:0 | tappezzeria-mod-sagat-comfort-system-seat-cover-for-kawasaki-z1100-5|Colour:GR (Grey):Logo:No Logo|price:56000.00|compare:|weight:3000|barcode:|qty:0 | tappezzeria-mod-sagat-comfort-system-seat-cover-for-kawasaki-z1100-6|Colour:GR (Grey):Logo:With Logo|price:59000.00|compare:|weight:3000|barcode:|qty:0 | tappezzeria-mod-sagat-comfort-system-seat-cover-for-kawasaki-z1100-7|Colour:OR (Orange):Logo:No Logo|price:56000.00|compare:|weight:3000|barcode:|qty:0 | tappezzeria-mod-sagat-comfort-system-seat-cover-for-kawasaki-z1100-8|Colour:OR (Orange):Logo:With Logo|price:59000.00|compare:|weight:3000|barcode:|qty:0 | tappezzeria-mod-sagat-comfort-system-seat-cover-for-kawasaki-z1100-9|Colour:ORG (Orange-Grey):Logo:No Logo|price:56000.00|compare:|weight:3000|barcode:|qty:0 | tappezzeria-mod-sagat-comfort-system-seat-cover-for-kawasaki-z1100-10|Colour:ORG (Orange-Grey):Logo:With Logo|price:59000.00|compare:|weight:3000|barcode:|qty:0 | tappezzeria-mod-sagat-comfort-system-seat-cover-for-kawasaki-z1100-11|Colour:GNG (Green-Grey):Logo:No Logo|price:56000.00|compare:|weight:3000|barcode:|qty:0 | tappezzeria-mod-sagat-comfort-system-seat-cover-for-kawasaki-z1100-12|Colour:GNG (Green-Grey):Logo:With Logo|price:59000.00|compare:|weight:3000|barcode:|qty:0,"tappezzeria-mod-sagat-comfort-system-seat-cover-for-kawasaki-z1100-1,tappezzeria-mod-sagat-comfort-system-seat-cover-for-kawasaki-z1100-2,tappezzeria-mod-sagat-comfort-system-seat-cover-for-kawasaki-z1100-3,tappezzeria-mod-sagat-comfort-system-seat-cover-for-kawasaki-z1100-4,tappezzeria-mod-sagat-comfort-system-seat-cover-for-kawasaki-z1100-5,tappezzeria-mod-sagat-comfort-system-seat-cover-for-kawasaki-z1100-6,tappezzeria-mod-sagat-comfort-system-seat-cover-for-kawasaki-z1100-7,tappezzeria-mod-sagat-comfort-system-seat-cover-for-kawasaki-z1100-8,tappezzeria-mod-sagat-comfort-system-seat-cover-for-kawasaki-z1100-9,tappezzeria-mod-sagat-comfort-system-seat-cover-for-kawasaki-z1100-10,tappezzeria-mod-sagat-comfort-system-seat-cover-for-kawasaki-z1100-11,tappezzeria-mod-sagat-comfort-system-seat-cover-for-kawasaki-z1100-12",12,https://cdn.shopify.com/s/files/1/0076/8301/4754/files/seat-cover-compatible-kawasaki-z-1100-2026-mod-sagat-comfort-system_1.webp?v=1776941730|pos:1|alt:Kawasaki Tappezzeria Mod Sagat Comfort System Seat Cover for Kawasaki Z1100 – front view || https://cdn.shopify.com/s/files/1/0076/8301/4754/files/seat-cover-compatible-kawasaki-z-1100-2026-mod-sagat-comfort-system_2.webp?v=1776941730|pos:2|alt:Kawasaki Tappezzeria Mod Sagat Comfort System Seat Cover for Kawasaki Z1100 – side view || https://cdn.shopify.com/s/files/1/0076/8301/4754/files/seat-cover-compatible-kawasaki-z-1100-2026-mod-sagat-comfort-system.webp?v=1776941730|pos:3|alt:Kawasaki Tappezzeria Mod Sagat Comfort System Seat Cover for Kawasaki Z1100 – rear view || https://cdn.shopify.com/s/files/1/0076/8301/4754/files/seat-cover-compatible-kawasaki-z-1100-2026-mod-sagat-comfort-system_3.webp?v=1776941730|pos:4|alt:Kawasaki Tappezzeria Mod Sagat Comfort System Seat Cover for Kawasaki Z1100 – detail view || https://cdn.shopify.com/s/files/1/0076/8301/4754/files/seat-cover-compatible-kawasaki-z-1100-2026-mod-sagat-comfort-system_4.webp?v=1776941730|pos:5|alt:Kawasaki Tappezzeria Mod Sagat Comfort System Seat Cover for Kawasaki Z1100 – top view || https://cdn.shopify.com/s/files/1/0076/8301/4754/files/seat-cover-compatible-kawasaki-z-1100-2026-mod-sagat-comfort-system_6.webp?v=1776941730|pos:6|alt:Kawasaki Tappezzeria Mod Sagat Comfort System Seat Cover for Kawasaki Z1100 – product view || https://cdn.shopify.com/s/files/1/0076/8301/4754/files/seat-cover-compatible-kawasaki-z-1100-2026-mod-sagat-comfort-system_5.webp?v=1776941730|pos:7|alt:Kawasaki Tappezzeria Mod Sagat Comfort System Seat Cover for Kawasaki Z1100 – product view || https://cdn.shopify.com/s/files/1/0076/8301/4754/files/seat-cover-compatible-kawasaki-z-1100-2026-mod-sagat-comfort-system_7.webp?v=1776941730|pos:8|alt:Kawasaki Tappezzeria Mod Sagat Comfort System Seat Cover for Kawasaki Z1100 – product view || https://cdn.shopify.com/s/files/1/0076/8301/4754/files/seat-cover-compatible-kawasaki-z-1100-2026-mod-sagat-comfort-system_8.webp?v=1776941730|pos:9|alt:Kawasaki Tappezzeria Mod Sagat Comfort System Seat Cover for Kawasaki Z1100 – product view || https://cdn.shopify.com/s/files/1/0076/8301/4754/files/seat-cover-compatible-kawasaki-z-1100-2026-mod-sagat-comfort-system_10.webp?v=1776941730|pos:10|alt:Kawasaki Tappezzeria Mod Sagat Comfort System Seat Cover for Kawasaki Z1100 – product view || https://cdn.shopify.com/s/files/1/0076/8301/4754/files/seat-cover-compatible-kawasaki-z-1100-2026-mod-sagat-comfort-system_9.webp?v=1776941730|pos:11|alt:Kawasaki Tappezzeria Mod Sagat Comfort System Seat Cover for Kawasaki Z1100 – product view || https://cdn.shopify.com/s/files/1/0076/8301/4754/files/seat-cover-compatible-kawasaki-z-1100-2026-mod-sagat-comfort-system_11.webp?v=1776941730|pos:12|alt:Kawasaki Tappezzeria Mod Sagat Comfort System Seat Cover for Kawasaki Z1100 – product view || https://cdn.shopify.com/s/files/1/0076/8301/4754/files/seat-cover-compatible-kawasaki-z-1100-2026-mod-sagat-comfort-system_12.webp?v=1776941730|pos:13|alt:Kawasaki Tappezzeria Mod Sagat Comfort System Seat Cover for Kawasaki Z1100 – product view,13,Kawasaki Tappezzeria Mod Sagat Comfort System Seat Cover for Kawasaki Z1100 – front view | Kawasaki Tappezzeria Mod Sagat Comfort System Seat Cover for Kawasaki Z1100 – side view | Kawasaki Tappezzeria Mod Sagat Comfort System Seat Cover for Kawasaki Z1100 – rear view | Kawasaki Tappezzeria Mod Sagat Comfort System Seat Cover for Kawasaki Z1100 – detail view | Kawasaki Tappezzeria Mod Sagat Comfort System Seat Cover for Kawasaki Z1100 – top view | Kawasaki Tappezzeria Mod Sagat Comfort System Seat Cover for Kawasaki Z1100 – product view,,0,Kawasaki Tappezzeria Mod Sagat Comfort System Seat Cover for Kawasaki Z1100,Kawasaki Tappezzeria Mod Sagat Comfort System Seat Cover for Kawasaki Z1100. Seat cover compatible Kawasaki Z 1100 2026 – Model Sagat • BL (black).,,,BL (black). GN (green). GNG (Green-Grey). GR (grey).,,Multiple colour options available.,Kawasaki Tappezzeria Mod Sagat Comfort System Seat Cover for Kawasaki Z1100 — a seat Cover built to the specifications listed above.,true,draft,https://cdn.shopify.com/s/files/1/0076/8301/4754/files/seat-cover-compatible-kawasaki-z-1100-2026-mod-sagat-comfort-system_1.webp?v=1776941730|role:hero || https://cdn.shopify.com/s/files/1/0076/8301/4754/files/seat-cover-compatible-kawasaki-z-1100-2026-mod-sagat-comfort-system_2.webp?v=1776941730|role:construction detail || https://cdn.shopify.com/s/files/1/0076/8301/4754/files/seat-cover-compatible-kawasaki-z-1100-2026-mod-sagat-comfort-system.webp?v=1776941730|role:side profile,3,false,/products/tappezzeria-mod-sagat-comfort-system-seat-cover-for-kawasaki-z1100,/products/tappezzeria-mod-sagat-comfort-system-seat-cover-for-kawasaki-z1100
tappezzeria-mod-sagat-ultragrip-seat-cover-for-kawasaki-z1100,tappezzeria-mod-sagat-ultragrip-seat-cover-for-kawasaki-z1100,Tappezzeria Mod Sagat Ultragrip Seat Cover for Kawasaki Z1100,Tappezzeria Mod Sagat Ultragrip Seat Cover for Kawasaki Z1100,tappezzeria-mod-sagat-ultragrip-seat-cover-for-kawasaki-z1100,Seat Cover Compatible with Kawasaki Z 1100 2026 – Model Sagat • BL (black). • GN (green). • GNG (Green-Grey). • GR (grey). Available in multiple sizes and/or colours — select your variant.,"<p><strong>Seat Cover Compatible with<span> </span><span>Kawasaki Z 1100 2026 – Model Sagat</span></strong></p>
<p>Add style and performance to your<span> </span><span>Kawasaki Z 1100 </span>with our<span> </span><strong>UltraGrip</strong><span> </span>seat cover.</p>
<p>Specifically designed to provide<span> </span><strong>maximum grip, durability, and style</strong>, perfect for riders looking for superior control. This seat cover is the ideal choice for those who love sporty riding and want maximum stability in all conditions.</p>
<p><strong>Premium Materials for Performance and Durability</strong></p>
<p>The seat cover is designed to offer the perfect combination of<span> </span><strong>grip, durability, and a sporty, aggressive look</strong>, ensuring a more stable and secure ride in all conditions.</p>
<p><strong>Tappezzeria Italia</strong><span> </span>seat covers are made from high-quality marine-grade 100% PVC<span> </span>and printed with various textures such as carbon look, UltraGrip, Cordura, suede, leather, and more. Specifically designed for enhanced grip and style.</p>
<p><strong><span>Available with or without logo</span></strong>. Contact customer support for custom logos or embroidery.</p>
<p><strong>Customizable inserts</strong>, available in different colors to match your style:</p>
<p>• BL (black)</p>
<p>• GN (green)</p>
<p>• GNG (Green-Grey)</p>
<p>• GR (grey)</p>
<p>• OR (orange)</p>
<p><strong>Advanced Technical Features</strong></p>
<p><span>✔</span><span> </span><strong>Waterproof*</strong><span> </span>and weather-resistant, perfect for all seasons.<br><span>✔</span><span> </span><strong>UV Treatment</strong><span> </span>to keep colors vibrant and prevent wear.<br><span>✔</span><span> </span><strong>Double reinforced stitching</strong><span> </span>for greater durability and strength.<br><span>✔</span><span> </span><strong>High resistance to chemicals</strong>, such as gasoline, oils, and detergents.</p>
<p><span>✔</span><span> </span><strong>UltraGrip Technology</strong>: for extreme grip.</p>
<ul>
<li>
<strong>High-grip material</strong><br>The<span> </span><strong>UltraGrip</strong><span> </span>cover features a<span> </span><strong>highly rough surface</strong>, specifically designed to<span> </span><strong>minimize rider slippage on the seat</strong>. This is particularly useful during acceleration, braking, and cornering, ensuring a<span> </span><strong>more stable and secure position</strong><span> </span>on the bike.</li>
<li>
<strong>Perfect for sporty and track riding</strong><br>Thanks to its high grip capability, UltraGrip is ideal for riders practicing<span> </span><strong>sport riding, track days, or competitions</strong>, where bike control is essential.</li>
<li>
<strong>Increased safety on the road</strong><br>Not just for the track! Even for road riding,<span> </span><strong>UltraGrip</strong><span> </span>offers significant advantages,<span> </span><strong>especially in rainy or wet conditions</strong>, where extra seat friction can improve rider safety and stability.</li>
</ul>
<p><strong>Craftsmanship and Attention to Detail</strong></p>
<p>Each seat cover is handcrafted by expert artisans, using advanced sewing techniques and high-quality materials. The artisanal production ensures a perfect fit and impeccable finish, with carefully crafted details for maximum performance and a 100%<span> </span><strong>Made in Italy</strong><span> </span>style.</p>
<p><strong>Installation</strong></p>
<p>Comes with a<span> </span><strong>detailed installation manual</strong><span> </span>for easy mounting. However, for optimal results and a perfect fit, we recommend professional installation.</p>
<p><strong>Why Choose Our Seat Cover for<span> </span><span>Kawasaki Z 1100</span>?</strong></p>
<p><span>✔</span><span> </span><strong>Enhances your bike's aesthetics</strong><span> </span>with high-quality materials and an aggressive design.</p>
<p><span>✔</span><span> </span><strong>Extreme grip</strong><span> </span>for sporty and secure riding.</p>
<p><span>✔</span><span> </span><strong>Provides protection and durability</strong><span> </span>with waterproof and UV-resistant materials.<br><span>✔</span><span> </span><strong>Easy to install</strong>, with a detailed manual and professional mounting option.</p>","Seat Cover Compatible with Kawasaki Z 1100 2026 – Model Sagat

Add style and performance to your Kawasaki Z 1100 with our UltraGrip seat cover.

Specifically designed to provide maximum grip, durability, and style, perfect for riders looking for superior control. This seat cover is the ideal choice for those who love sporty riding and want maximum stability in all conditions.

Premium Materials for Performance and Durability

The seat cover is designed to offer the perfect combination of grip, durability, and a sporty, aggressive look, ensuring a more stable and secure ride in all conditions.

Tappezzeria Italia seat covers are made from high-quality marine-grade 100% PVC and printed with various textures such as carbon look, UltraGrip, Cordura, suede, leather, and more. Specifically designed for enhanced grip and style.

Available with or without logo. Contact customer support for custom logos or embroidery.

Customizable inserts, available in different colors to match your style:

• BL (black)

• GN (green)

• GNG (Green-Grey)

• GR (grey)

• OR (orange)

Advanced Technical Features

✔ Waterproof* and weather-resistant, perfect for all seasons.
✔ UV Treatment to keep colors vibrant and prevent wear.
✔ Double reinforced stitching for greater durability and strength.
✔ High resistance to chemicals, such as gasoline, oils, and detergents.

✔ UltraGrip Technology: for extreme grip.

• 
High-grip material
The UltraGrip cover features a highly rough surface, specifically designed to minimize rider slippage on the seat. This is particularly useful during acceleration, braking, and cornering, ensuring a more stable and secure position on the bike.

• 
Perfect for sporty and track riding
Thanks to its high grip capability, UltraGrip is ideal for riders practicing sport riding, track days, or competitions, where bike control is essential.

• 
Increased safety on the road
Not just for the track! Even for road riding, UltraGrip offers significant advantages, especially in rainy or wet conditions, where extra seat friction can improve rider safety and stability.

Craftsmanship and Attention to Detail

Each seat cover is handcrafted by expert artisans, using advanced sewing techniques and high-quality materials. The artisanal production ensures a perfect fit and impeccable finish, with carefully crafted details for maximum performance and a 100% Made in Italy style.

Installation

Comes with a detailed installation manual for easy mounting. However, for optimal results and a perfect fit, we recommend professional installation.

Why Choose Our Seat Cover for Kawasaki Z 1100?

✔ Enhances your bike's aesthetics with high-quality materials and an aggressive design.

✔ Extreme grip for sporty and secure riding.

✔ Provides protection and durability with waterproof and UV-resistant materials.
✔ Easy to install, with a detailed manual and professional mounting option.",51000,,2026-07-26,active,Kawasaki,3000,g,Tappezzeria Mod Sagat Ultragrip Seat Cover for Kawasaki Z1100 …,Seat Cover Compatible with Kawasaki Z 1100 2026 – Model Sagat BL (black). GN (green). GNG (Green-Grey). GR (grey).,BL (black) | GN (green) | GNG (Green-Grey) | GR (grey),Cleaned noise; brand verified,High,false,Motorcycle Accessories > Seats > Seat Covers,High,"Mapped from Shopify Type ""seat cover""",tappezzeria-mod-sagat-ultragrip-seat-cover-for-kawasaki-z1100-1|Colour:BL (Black):Logo:No Logo|price:51000.00|compare:|weight:3000|barcode:|qty:0 | tappezzeria-mod-sagat-ultragrip-seat-cover-for-kawasaki-z1100-2|Colour:BL (Black):Logo:With Logo|price:54000.00|compare:|weight:3000|barcode:|qty:0 | tappezzeria-mod-sagat-ultragrip-seat-cover-for-kawasaki-z1100-3|Colour:GN (Green):Logo:No Logo|price:51000.00|compare:|weight:3000|barcode:|qty:0 | tappezzeria-mod-sagat-ultragrip-seat-cover-for-kawasaki-z1100-4|Colour:GN (Green):Logo:With Logo|price:54000.00|compare:|weight:3000|barcode:|qty:0 | tappezzeria-mod-sagat-ultragrip-seat-cover-for-kawasaki-z1100-5|Colour:GR (Grey):Logo:No Logo|price:51000.00|compare:|weight:3000|barcode:|qty:0 | tappezzeria-mod-sagat-ultragrip-seat-cover-for-kawasaki-z1100-6|Colour:GR (Grey):Logo:With Logo|price:54000.00|compare:|weight:3000|barcode:|qty:0 | tappezzeria-mod-sagat-ultragrip-seat-cover-for-kawasaki-z1100-7|Colour:OR (Orange):Logo:No Logo|price:51000.00|compare:|weight:3000|barcode:|qty:0 | tappezzeria-mod-sagat-ultragrip-seat-cover-for-kawasaki-z1100-8|Colour:OR (Orange):Logo:With Logo|price:54000.00|compare:|weight:3000|barcode:|qty:0 | tappezzeria-mod-sagat-ultragrip-seat-cover-for-kawasaki-z1100-9|Colour:ORG (Orange-Grey):Logo:No Logo|price:51000.00|compare:|weight:3000|barcode:|qty:0 | tappezzeria-mod-sagat-ultragrip-seat-cover-for-kawasaki-z1100-10|Colour:ORG (Orange-Grey):Logo:With Logo|price:54000.00|compare:|weight:3000|barcode:|qty:0 | tappezzeria-mod-sagat-ultragrip-seat-cover-for-kawasaki-z1100-11|Colour:GNG (Green-Grey):Logo:No Logo|price:51000.00|compare:|weight:3000|barcode:|qty:0 | tappezzeria-mod-sagat-ultragrip-seat-cover-for-kawasaki-z1100-12|Colour:GNG (Green-Grey):Logo:With Logo|price:54000.00|compare:|weight:3000|barcode:|qty:0,"tappezzeria-mod-sagat-ultragrip-seat-cover-for-kawasaki-z1100-1,tappezzeria-mod-sagat-ultragrip-seat-cover-for-kawasaki-z1100-2,tappezzeria-mod-sagat-ultragrip-seat-cover-for-kawasaki-z1100-3,tappezzeria-mod-sagat-ultragrip-seat-cover-for-kawasaki-z1100-4,tappezzeria-mod-sagat-ultragrip-seat-cover-for-kawasaki-z1100-5,tappezzeria-mod-sagat-ultragrip-seat-cover-for-kawasaki-z1100-6,tappezzeria-mod-sagat-ultragrip-seat-cover-for-kawasaki-z1100-7,tappezzeria-mod-sagat-ultragrip-seat-cover-for-kawasaki-z1100-8,tappezzeria-mod-sagat-ultragrip-seat-cover-for-kawasaki-z1100-9,tappezzeria-mod-sagat-ultragrip-seat-cover-for-kawasaki-z1100-10,tappezzeria-mod-sagat-ultragrip-seat-cover-for-kawasaki-z1100-11,tappezzeria-mod-sagat-ultragrip-seat-cover-for-kawasaki-z1100-12",12,https://cdn.shopify.com/s/files/1/0076/8301/4754/files/seat-cover-compatible-kawasaki-z-1100-2026-mod-sagat-ultragrip_1.webp?v=1776939576|pos:1|alt:Kawasaki Tappezzeria Mod Sagat Ultragrip Seat Cover for Kawasaki Z1100 – front view || https://cdn.shopify.com/s/files/1/0076/8301/4754/files/seat-cover-compatible-kawasaki-z-1100-2026-mod-sagat-ultragrip_2.webp?v=1776939576|pos:2|alt:Kawasaki Tappezzeria Mod Sagat Ultragrip Seat Cover for Kawasaki Z1100 – side view || https://cdn.shopify.com/s/files/1/0076/8301/4754/files/seat-cover-compatible-kawasaki-z-1100-2026-mod-sagat-ultragrip.webp?v=1776939576|pos:3|alt:Kawasaki Tappezzeria Mod Sagat Ultragrip Seat Cover for Kawasaki Z1100 – rear view || https://cdn.shopify.com/s/files/1/0076/8301/4754/files/seat-cover-compatible-kawasaki-z-1100-2026-mod-sagat-ultragrip_3.webp?v=1776939577|pos:4|alt:Kawasaki Tappezzeria Mod Sagat Ultragrip Seat Cover for Kawasaki Z1100 – detail view || https://cdn.shopify.com/s/files/1/0076/8301/4754/files/seat-cover-compatible-kawasaki-z-1100-2026-mod-sagat-ultragrip_4.webp?v=1776939576|pos:5|alt:Kawasaki Tappezzeria Mod Sagat Ultragrip Seat Cover for Kawasaki Z1100 – top view || https://cdn.shopify.com/s/files/1/0076/8301/4754/files/seat-cover-compatible-kawasaki-z-1100-2026-mod-sagat-ultragrip_6.webp?v=1776939577|pos:6|alt:Kawasaki Tappezzeria Mod Sagat Ultragrip Seat Cover for Kawasaki Z1100 – product view || https://cdn.shopify.com/s/files/1/0076/8301/4754/files/seat-cover-compatible-kawasaki-z-1100-2026-mod-sagat-ultragrip_5.webp?v=1776939576|pos:7|alt:Kawasaki Tappezzeria Mod Sagat Ultragrip Seat Cover for Kawasaki Z1100 – product view || https://cdn.shopify.com/s/files/1/0076/8301/4754/files/seat-cover-compatible-kawasaki-z-1100-2026-mod-sagat-ultragrip_7.webp?v=1776939576|pos:8|alt:Kawasaki Tappezzeria Mod Sagat Ultragrip Seat Cover for Kawasaki Z1100 – product view || https://cdn.shopify.com/s/files/1/0076/8301/4754/files/seat-cover-compatible-kawasaki-z-1100-2026-mod-sagat-ultragrip_8.webp?v=1776939576|pos:9|alt:Kawasaki Tappezzeria Mod Sagat Ultragrip Seat Cover for Kawasaki Z1100 – product view || https://cdn.shopify.com/s/files/1/0076/8301/4754/files/seat-cover-compatible-kawasaki-z-1100-2026-mod-sagat-ultragrip_10.webp?v=1776939576|pos:10|alt:Kawasaki Tappezzeria Mod Sagat Ultragrip Seat Cover for Kawasaki Z1100 – product view || https://cdn.shopify.com/s/files/1/0076/8301/4754/files/seat-cover-compatible-kawasaki-z-1100-2026-mod-sagat-ultragrip_9.webp?v=1776939576|pos:11|alt:Kawasaki Tappezzeria Mod Sagat Ultragrip Seat Cover for Kawasaki Z1100 – product view || https://cdn.shopify.com/s/files/1/0076/8301/4754/files/seat-cover-compatible-kawasaki-z-1100-2026-mod-sagat-ultragrip_11.webp?v=1776939577|pos:12|alt:Kawasaki Tappezzeria Mod Sagat Ultragrip Seat Cover for Kawasaki Z1100 – product view || https://cdn.shopify.com/s/files/1/0076/8301/4754/files/seat-cover-compatible-kawasaki-z-1100-2026-mod-sagat-ultragrip_12.webp?v=1776939576|pos:13|alt:Kawasaki Tappezzeria Mod Sagat Ultragrip Seat Cover for Kawasaki Z1100 – product view,13,Kawasaki Tappezzeria Mod Sagat Ultragrip Seat Cover for Kawasaki Z1100 – front view | Kawasaki Tappezzeria Mod Sagat Ultragrip Seat Cover for Kawasaki Z1100 – side view | Kawasaki Tappezzeria Mod Sagat Ultragrip Seat Cover for Kawasaki Z1100 – rear view | Kawasaki Tappezzeria Mod Sagat Ultragrip Seat Cover for Kawasaki Z1100 – detail view | Kawasaki Tappezzeria Mod Sagat Ultragrip Seat Cover for Kawasaki Z1100 – top view | Kawasaki Tappezzeria Mod Sagat Ultragrip Seat Cover for Kawasaki Z1100 – product view,,0,Kawasaki Tappezzeria Mod Sagat Ultragrip Seat Cover for Kawasaki Z1100,Kawasaki Tappezzeria Mod Sagat Ultragrip Seat Cover for Kawasaki Z1100. Seat Cover Compatible with Kawasaki Z 1100 2026 – Model Sagat • BL (black).,,,BL (black). GN (green). GNG (Green-Grey). GR (grey).,,Multiple colour options available.,Kawasaki Tappezzeria Mod Sagat Ultragrip Seat Cover for Kawasaki Z1100 — a seat Cover built to the specifications listed above.,true,draft,https://cdn.shopify.com/s/files/1/0076/8301/4754/files/seat-cover-compatible-kawasaki-z-1100-2026-mod-sagat-ultragrip_1.webp?v=1776939576|role:hero || https://cdn.shopify.com/s/files/1/0076/8301/4754/files/seat-cover-compatible-kawasaki-z-1100-2026-mod-sagat-ultragrip_2.webp?v=1776939576|role:construction detail || https://cdn.shopify.com/s/files/1/0076/8301/4754/files/seat-cover-compatible-kawasaki-z-1100-2026-mod-sagat-ultragrip.webp?v=1776939576|role:side profile,3,false,/products/tappezzeria-mod-sagat-ultragrip-seat-cover-for-kawasaki-z1100,/products/tappezzeria-mod-sagat-ultragrip-seat-cover-for-kawasaki-z1100
tappezzeria-mod-sagat-seat-cover-for-kawasaki-z1100,tappezzeria-mod-sagat-seat-cover-for-kawasaki-z1100,Tappezzeria Mod Sagat Seat Cover for Kawasaki Z1100,Tappezzeria Mod Sagat Seat Cover for Kawasaki Z1100,tappezzeria-mod-sagat-seat-cover-for-kawasaki-z1100,Compatible seat cover Kawasaki Z 1100 2026 – Model Sagat • BL (black). • GN (green). • GNG (Green-Grey). • GR (grey). Available in multiple sizes and/or colours — select your variant.,"<p><strong>Compatible seat cover<span> </span><span>Kawasaki Z 1100 2026 – Model Sagat</span></strong></p>
<p>Give your<span> </span><strong><span>Kawasaki Z 1100</span></strong><span> </span>an exclusive look with our<span> </span><strong>seat cover.</strong></p>
<p>Made with high-quality materials, this cover is designed to enhance grip, durability, and aesthetics, making it perfect for both sport and touring use.</p>
<p><strong>Premium materials for performance and durability</strong></p>
<p>The seat cover is engineered to offer the perfect combination of<span> </span><strong>style and durability</strong>, ensuring a more stable and safe ride in every condition.</p>
<p>The<span> </span><strong>Tappezzeria Italia</strong><span> </span>seat covers are crafted from 100% PVC technical materials of marine quality, printed with various textures such as carbon look, cordura, suede leather, leather, and more. They are specifically designed for significantly enhanced grip and style.</p>
<p><strong><span>Available with or without Logo</span></strong>. Contact customer support for custom logos or embroidery.</p>
<p><strong>Customizable inserts</strong>, available in various color options to match your style:</p>
<p>• BL (black)</p>
<p>• GN (green)</p>
<p>• GNG (Green-Grey)</p>
<p>• GR (grey)</p>
<p>• OR (orange)</p>
<p>• ORG (orange-grey)</p>
<p><strong>Advanced technical features</strong></p>
<p><span>✔</span><span> </span><strong>Waterproof*</strong><span> </span>and resistant to the elements, perfect for all seasons.<br><span>✔</span><span> </span><strong>Materials with anti-UV treatment</strong>, to keep colors bright over time and prevent wear.<br><span>✔</span><span> </span><strong>Reinforced double-stitched seams</strong>, ensuring increased durability and strength.<br><span>✔</span><span> </span><strong>High resistance to chemicals</strong>, such as gasoline, oils, and detergents.</p>
<p><strong>Craftsmanship and utmost attention to detail</strong></p>
<p>Each cover is handcrafted by expert artisans using advanced stitching techniques and premium materials. This artisanal production ensures a perfect fit and an impeccable finish, with meticulously crafted details to deliver maximum performance and a 100%<span> </span><strong>Made in Italy</strong><span> </span>style.</p>
<p><strong>Installation</strong></p>
<p>It comes with a<span> </span><strong>detailed instruction manual</strong><span> </span>for easy installation. However, for optimal results and a perfect fit, we recommend professional installation.</p>
<p><strong>Why choose our seat cover for<span> </span><span>Kawasaki Z 1100</span>?</strong></p>
<p><span>✔ </span><strong>Improves riding stability and safety</strong>, thanks to the anti-slip materials.</p>
<p><span>✔ </span><strong>Adds a sporty and modern look to your motorcycle</strong><span> </span>with refined details.</p>
<p><span>✔ </span><strong>Provides protection and durability</strong>, with waterproof and anti-UV materials.</p>
<p><span>✔ </span><strong>Easy to install</strong>, with detailed instructions and the option of professional installation.</p>","Compatible seat cover Kawasaki Z 1100 2026 – Model Sagat

Give your Kawasaki Z 1100 an exclusive look with our seat cover.

Made with high-quality materials, this cover is designed to enhance grip, durability, and aesthetics, making it perfect for both sport and touring use.

Premium materials for performance and durability

The seat cover is engineered to offer the perfect combination of style and durability, ensuring a more stable and safe ride in every condition.

The Tappezzeria Italia seat covers are crafted from 100% PVC technical materials of marine quality, printed with various textures such as carbon look, cordura, suede leather, leather, and more. They are specifically designed for significantly enhanced grip and style.

Available with or without Logo. Contact customer support for custom logos or embroidery.

Customizable inserts, available in various color options to match your style:

• BL (black)

• GN (green)

• GNG (Green-Grey)

• GR (grey)

• OR (orange)

• ORG (orange-grey)

Advanced technical features

✔ Waterproof* and resistant to the elements, perfect for all seasons.
✔ Materials with anti-UV treatment, to keep colors bright over time and prevent wear.
✔ Reinforced double-stitched seams, ensuring increased durability and strength.
✔ High resistance to chemicals, such as gasoline, oils, and detergents.

Craftsmanship and utmost attention to detail

Each cover is handcrafted by expert artisans using advanced stitching techniques and premium materials. This artisanal production ensures a perfect fit and an impeccable finish, with meticulously crafted details to deliver maximum performance and a 100% Made in Italy style.

Installation

It comes with a detailed instruction manual for easy installation. However, for optimal results and a perfect fit, we recommend professional installation.

Why choose our seat cover for Kawasaki Z 1100?

✔ Improves riding stability and safety, thanks to the anti-slip materials.

✔ Adds a sporty and modern look to your motorcycle with refined details.

✔ Provides protection and durability, with waterproof and anti-UV materials.

✔ Easy to install, with detailed instructions and the option of professional installation.",48000,,2026-07-26,active,Kawasaki,3000,g,Tappezzeria Mod Sagat Seat Cover for Kawasaki Z1100 | Mile 27 …,Compatible seat cover Kawasaki Z 1100 2026 – Model Sagat BL (black). GN (green). GNG (Green-Grey). GR (grey).,BL (black) | GN (green) | GNG (Green-Grey) | GR (grey),Cleaned noise; brand verified,High,false,Motorcycle Accessories > Seats > Seat Covers,High,"Mapped from Shopify Type ""seat cover""",tappezzeria-mod-sagat-seat-cover-for-kawasaki-z1100-1|Colour:BL (Black):Logo:No Logo|price:48000.00|compare:|weight:3000|barcode:|qty:0 | tappezzeria-mod-sagat-seat-cover-for-kawasaki-z1100-2|Colour:BL (Black):Logo:With Logo|price:51000.00|compare:|weight:3000|barcode:|qty:0 | tappezzeria-mod-sagat-seat-cover-for-kawasaki-z1100-3|Colour:GN (Green):Logo:No Logo|price:48000.00|compare:|weight:3000|barcode:|qty:0 | tappezzeria-mod-sagat-seat-cover-for-kawasaki-z1100-4|Colour:GN (Green):Logo:With Logo|price:51000.00|compare:|weight:3000|barcode:|qty:0 | tappezzeria-mod-sagat-seat-cover-for-kawasaki-z1100-5|Colour:GR (Grey):Logo:No Logo|price:48000.00|compare:|weight:3000|barcode:|qty:0 | tappezzeria-mod-sagat-seat-cover-for-kawasaki-z1100-6|Colour:GR (Grey):Logo:With Logo|price:51000.00|compare:|weight:3000|barcode:|qty:0 | tappezzeria-mod-sagat-seat-cover-for-kawasaki-z1100-7|Colour:OR (Orange):Logo:No Logo|price:48000.00|compare:|weight:3000|barcode:|qty:0 | tappezzeria-mod-sagat-seat-cover-for-kawasaki-z1100-8|Colour:OR (Orange):Logo:With Logo|price:51000.00|compare:|weight:3000|barcode:|qty:0 | tappezzeria-mod-sagat-seat-cover-for-kawasaki-z1100-9|Colour:ORG (Orange-Grey):Logo:No Logo|price:48000.00|compare:|weight:3000|barcode:|qty:0 | tappezzeria-mod-sagat-seat-cover-for-kawasaki-z1100-10|Colour:ORG (Orange-Grey):Logo:With Logo|price:51000.00|compare:|weight:3000|barcode:|qty:0 | tappezzeria-mod-sagat-seat-cover-for-kawasaki-z1100-11|Colour:GNG (Green-Grey):Logo:No Logo|price:48000.00|compare:|weight:3000|barcode:|qty:0 | tappezzeria-mod-sagat-seat-cover-for-kawasaki-z1100-12|Colour:GNG (Green-Grey):Logo:With Logo|price:51000.00|compare:|weight:3000|barcode:|qty:0,"tappezzeria-mod-sagat-seat-cover-for-kawasaki-z1100-1,tappezzeria-mod-sagat-seat-cover-for-kawasaki-z1100-2,tappezzeria-mod-sagat-seat-cover-for-kawasaki-z1100-3,tappezzeria-mod-sagat-seat-cover-for-kawasaki-z1100-4,tappezzeria-mod-sagat-seat-cover-for-kawasaki-z1100-5,tappezzeria-mod-sagat-seat-cover-for-kawasaki-z1100-6,tappezzeria-mod-sagat-seat-cover-for-kawasaki-z1100-7,tappezzeria-mod-sagat-seat-cover-for-kawasaki-z1100-8,tappezzeria-mod-sagat-seat-cover-for-kawasaki-z1100-9,tappezzeria-mod-sagat-seat-cover-for-kawasaki-z1100-10,tappezzeria-mod-sagat-seat-cover-for-kawasaki-z1100-11,tappezzeria-mod-sagat-seat-cover-for-kawasaki-z1100-12",12,https://cdn.shopify.com/s/files/1/0076/8301/4754/files/seat-cover-compatible-kawasaki-z-1100-2026-mod-sagat.webp?v=1776938058|pos:1|alt:Kawasaki Tappezzeria Mod Sagat Seat Cover for Kawasaki Z1100 – front view || https://cdn.shopify.com/s/files/1/0076/8301/4754/files/seat-cover-compatible-kawasaki-z-1100-2026-mod-sagat_1.webp?v=1776938058|pos:2|alt:Kawasaki Tappezzeria Mod Sagat Seat Cover for Kawasaki Z1100 – side view || https://cdn.shopify.com/s/files/1/0076/8301/4754/files/seat-cover-compatible-kawasaki-z-1100-2026-mod-sagat_2.webp?v=1776938058|pos:3|alt:Kawasaki Tappezzeria Mod Sagat Seat Cover for Kawasaki Z1100 – rear view || https://cdn.shopify.com/s/files/1/0076/8301/4754/files/seat-cover-compatible-kawasaki-z-1100-2026-mod-sagat_3.webp?v=1776938058|pos:4|alt:Kawasaki Tappezzeria Mod Sagat Seat Cover for Kawasaki Z1100 – detail view || https://cdn.shopify.com/s/files/1/0076/8301/4754/files/seat-cover-compatible-kawasaki-z-1100-2026-mod-sagat_4.webp?v=1776938058|pos:5|alt:Kawasaki Tappezzeria Mod Sagat Seat Cover for Kawasaki Z1100 – top view || https://cdn.shopify.com/s/files/1/0076/8301/4754/files/seat-cover-compatible-kawasaki-z-1100-2026-mod-sagat_5.webp?v=1776938058|pos:6|alt:Kawasaki Tappezzeria Mod Sagat Seat Cover for Kawasaki Z1100 – product view || https://cdn.shopify.com/s/files/1/0076/8301/4754/files/seat-cover-compatible-kawasaki-z-1100-2026-mod-sagat_6.webp?v=1776938058|pos:7|alt:Kawasaki Tappezzeria Mod Sagat Seat Cover for Kawasaki Z1100 – product view || https://cdn.shopify.com/s/files/1/0076/8301/4754/files/seat-cover-compatible-kawasaki-z-1100-2026-mod-sagat_8.webp?v=1776938058|pos:8|alt:Kawasaki Tappezzeria Mod Sagat Seat Cover for Kawasaki Z1100 – product view || https://cdn.shopify.com/s/files/1/0076/8301/4754/files/seat-cover-compatible-kawasaki-z-1100-2026-mod-sagat_7.webp?v=1776938058|pos:9|alt:Kawasaki Tappezzeria Mod Sagat Seat Cover for Kawasaki Z1100 – product view || https://cdn.shopify.com/s/files/1/0076/8301/4754/files/seat-cover-compatible-kawasaki-z-1100-2026-mod-sagat_9.webp?v=1776938058|pos:10|alt:Kawasaki Tappezzeria Mod Sagat Seat Cover for Kawasaki Z1100 – product view || https://cdn.shopify.com/s/files/1/0076/8301/4754/files/seat-cover-compatible-kawasaki-z-1100-2026-mod-sagat_10.webp?v=1776938058|pos:11|alt:Kawasaki Tappezzeria Mod Sagat Seat Cover for Kawasaki Z1100 – product view || https://cdn.shopify.com/s/files/1/0076/8301/4754/files/seat-cover-compatible-kawasaki-z-1100-2026-mod-sagat_11.webp?v=1776938059|pos:12|alt:Kawasaki Tappezzeria Mod Sagat Seat Cover for Kawasaki Z1100 – product view || https://cdn.shopify.com/s/files/1/0076/8301/4754/files/seat-cover-compatible-kawasaki-z-1100-2026-mod-sagat_12.webp?v=1776938058|pos:13|alt:Kawasaki Tappezzeria Mod Sagat Seat Cover for Kawasaki Z1100 – product view,13,Kawasaki Tappezzeria Mod Sagat Seat Cover for Kawasaki Z1100 – front view | Kawasaki Tappezzeria Mod Sagat Seat Cover for Kawasaki Z1100 – side view | Kawasaki Tappezzeria Mod Sagat Seat Cover for Kawasaki Z1100 – rear view | Kawasaki Tappezzeria Mod Sagat Seat Cover for Kawasaki Z1100 – detail view | Kawasaki Tappezzeria Mod Sagat Seat Cover for Kawasaki Z1100 – top view | Kawasaki Tappezzeria Mod Sagat Seat Cover for Kawasaki Z1100 – product view,,0,Kawasaki Tappezzeria Mod Sagat Seat Cover for Kawasaki Z1100,Kawasaki Tappezzeria Mod Sagat Seat Cover for Kawasaki Z1100. Compatible seat cover Kawasaki Z 1100 2026 – Model Sagat • BL (black).,,,BL (black). GN (green). GNG (Green-Grey). GR (grey).,,Multiple colour options available.,Kawasaki Tappezzeria Mod Sagat Seat Cover for Kawasaki Z1100 — a seat Cover built to the specifications listed above.,true,draft,https://cdn.shopify.com/s/files/1/0076/8301/4754/files/seat-cover-compatible-kawasaki-z-1100-2026-mod-sagat.webp?v=1776938058|role:hero || https://cdn.shopify.com/s/files/1/0076/8301/4754/files/seat-cover-compatible-kawasaki-z-1100-2026-mod-sagat_1.webp?v=1776938058|role:construction detail || https://cdn.shopify.com/s/files/1/0076/8301/4754/files/seat-cover-compatible-kawasaki-z-1100-2026-mod-sagat_2.webp?v=1776938058|role:side profile,3,false,/products/tappezzeria-mod-sagat-seat-cover-for-kawasaki-z1100,/products/tappezzeria-mod-sagat-seat-cover-for-kawasaki-z1100
