migration_key,source_shopify_handle,name,source_title,slug,description,source_description_html,description_plain_text,price,compare_at_price,available_on,status,brand,weight,weight_unit,meta_title,meta_description,verified_feature_summary,title_change_reason,title_confidence,requires_review,primary_taxon_path,category_confidence,category_reason,variants,variant_skus,variant_count,images,image_count,image_alt_texts,tags,tag_count,story_title,story_introduction,story_module_design,story_module_experience,story_module_feature_focus,story_module_use_case,story_module_buyer_note,story_module_closing,story_eligible,story_editorial_status,story_media_refs,story_media_count,redirect_required,redirect_from,redirect_to
new-rage-cycles-led-fender-eliminator-for-ducati-panigale-959,new-rage-cycles-led-fender-eliminator-for-ducati-panigale-959,New Rage Cycles Fender Eliminator for Ducati Panigale 959,New Rage Cycles Fender Eliminator for Ducati Panigale 959,new-rage-cycles-led-fender-eliminator-for-ducati-panigale-959,The New Rage LED Fender Eliminator cleans up the back end on your 959 with flush mounted LED turn signals and a discrete plate mount… • CNC machined polycarbonate lenses. • CNC machined billet aluminum. • Black powder coated finish. • License plate mount and light included.,"The New Rage LED Fender Eliminator cleans up the back end on your 959 with flush mounted LED turn signals and a discrete plate mount that tucks underneath your tail. Polycarbonate lenses and 1mm super bright LEDs enhance the stealth look of this fender eliminator and the plug and play installation is a snap.<br><br>
<h3>Features:</h3>
<ul>
<li>CNC machined polycarbonate lenses</li>
<li>CNC machined billet aluminum </li>
<li>Black powder coated finish</li>
<li>License plate mount and light included</li>
<li>Plug and play connection</li>
<li>Does not require resistors (load equalizers)</li>
<li>Made in the USA</li>
</ul>","The New Rage LED Fender Eliminator cleans up the back end on your 959 with flush mounted LED turn signals and a discrete plate mount that tucks underneath your tail. Polycarbonate lenses and 1mm super bright LEDs enhance the stealth look of this fender eliminator and the plug and play installation is a snap.

Features:

• CNC machined polycarbonate lenses

• CNC machined billet aluminum 

• Black powder coated finish

• License plate mount and light included

• Plug and play connection

• Does not require resistors (load equalizers)

• Made in the USA",34000,,2026-07-26,active,New Rage Cycles,2000,g,New Rage Cycles Fender Eliminator for Ducati Panigale 959 | Mi…,The New Rage LED Fender Eliminator cleans up the back end on your 959 with flush mounted LED turn signals and a discrete plate mount… CNC machined…,CNC machined polycarbonate lenses | CNC machined billet aluminum | Black powder coated finish | License plate mount and light included,Cleaned noise; brand verified,High,false,Motorcycle Accessories > Tail Tidies,High,"Mapped from Shopify Type ""Tail Tidy""",new-rage-cycles-led-fender-eliminator-for-ducati-panigale-959-1|Default Title|price:34000.00|compare:|weight:2000|barcode:|qty:0,new-rage-cycles-led-fender-eliminator-for-ducati-panigale-959-1,1,https://cdn.shopify.com/s/files/1/0076/8301/4754/files/Ducati_959_Panigale_Fender_Eliminator_Kit_2016_-_2019.webp?v=1779688428|pos:1|alt:New Rage Cycles New Rage Cycles Fender Eliminator for Ducati Panigale 959 – front view || https://cdn.shopify.com/s/files/1/0076/8301/4754/files/Ducati1299PanigaleFenderEliminator6_55e0f581-08c2-464c-8b73-bcdeb3033e4d.webp?v=1779688428|pos:2|alt:New Rage Cycles New Rage Cycles Fender Eliminator for Ducati Panigale 959 – side view || https://cdn.shopify.com/s/files/1/0076/8301/4754/files/Ducati1299PanigaleFenderEliminator2_af166cfd-bb37-4b1a-ac7e-ee254e77000f.webp?v=1779688428|pos:3|alt:New Rage Cycles New Rage Cycles Fender Eliminator for Ducati Panigale 959 – rear view,3,New Rage Cycles New Rage Cycles Fender Eliminator for Ducati Panigale 959 – front view | New Rage Cycles New Rage Cycles Fender Eliminator for Ducati Panigale 959 – side view | New Rage Cycles New Rage Cycles Fender Eliminator for Ducati Panigale 959 – rear view,,0,New Rage Cycles Fender Eliminator for Ducati Panigale 959,New Rage Cycles Fender Eliminator for Ducati Panigale 959. The New Rage LED Fender Eliminator cleans up the back end on your 959 with flush mounted LED turn signals and a discrete plate mount… • CNC machined polycarbonate lenses.,CNC machined polycarbonate lenses. CNC machined billet aluminum.,,Black powder coated finish. License plate mount and light included.,,,New Rage Cycles Fender Eliminator for Ducati Panigale 959 — a tail Tidy built to the specifications listed above.,true,draft,https://cdn.shopify.com/s/files/1/0076/8301/4754/files/Ducati_959_Panigale_Fender_Eliminator_Kit_2016_-_2019.webp?v=1779688428|role:hero || https://cdn.shopify.com/s/files/1/0076/8301/4754/files/Ducati1299PanigaleFenderEliminator6_55e0f581-08c2-464c-8b73-bcdeb3033e4d.webp?v=1779688428|role:construction detail || https://cdn.shopify.com/s/files/1/0076/8301/4754/files/Ducati1299PanigaleFenderEliminator2_af166cfd-bb37-4b1a-ac7e-ee254e77000f.webp?v=1779688428|role:side profile,3,false,/products/new-rage-cycles-led-fender-eliminator-for-ducati-panigale-959,/products/new-rage-cycles-led-fender-eliminator-for-ducati-panigale-959
new-rage-cycles-led-fender-eliminator-for-ducati-supersport,new-rage-cycles-led-fender-eliminator-for-ducati-supersport,New Rage Cycles LED Fender Eliminator for Ducati SuperSport,New Rage Cycles LED Fender Eliminator for Ducati SuperSport,new-rage-cycles-led-fender-eliminator-for-ducati-supersport,The New Rage LED Fender Eliminator cleans up the back end on your SuperSport with flush mounted LED turn signals and a discrete plate mount… • CNC machined polycarbonate lenses. • CNC machined billet aluminum. • Black powder coated finish. • Load equalizers (resistors) not required.,"The New Rage LED Fender Eliminator cleans up the back end on your SuperSport with flush mounted LED turn signals and a discrete plate mount that tucks underneath your tail. Polycarbonate lenses and 1mm super bright LEDs enhance the stealth look of this fender eliminator.<br><br>
<h3>Features:</h3>
<ul>
<li>CNC machined polycarbonate lenses</li>
<li>CNC machined billet aluminum </li>
<li>Black powder coated finish</li>
<li>Load equalizers (resistors) not required</li>
<li>License plate mount and LED light included</li>
<li>Plug-and-play harness</li>
<li>Made in the USA</li>
</ul>","The New Rage LED Fender Eliminator cleans up the back end on your SuperSport with flush mounted LED turn signals and a discrete plate mount that tucks underneath your tail. Polycarbonate lenses and 1mm super bright LEDs enhance the stealth look of this fender eliminator.

Features:

• CNC machined polycarbonate lenses

• CNC machined billet aluminum 

• Black powder coated finish

• Load equalizers (resistors) not required

• License plate mount and LED light included

• Plug-and-play harness

• Made in the USA",26300,,2026-07-26,active,New Rage Cycles,2000,g,New Rage Cycles LED Fender Eliminator for Ducati SuperSport | …,The New Rage LED Fender Eliminator cleans up the back end on your SuperSport with flush mounted LED turn signals and a discrete plate mount… CNC machined…,CNC machined polycarbonate lenses | CNC machined billet aluminum | Black powder coated finish | Load equalizers (resistors) not required,Cleaned noise; brand verified,High,false,Motorcycle Accessories > Tail Tidies,High,"Mapped from Shopify Type ""Tail Tidy""",new-rage-cycles-led-fender-eliminator-for-ducati-supersport-1|Default Title|price:26300.00|compare:|weight:2000|barcode:|qty:0,new-rage-cycles-led-fender-eliminator-for-ducati-supersport-1,1,https://cdn.shopify.com/s/files/1/0076/8301/4754/products/new_rage_cycles_led_fender_eliminator_ducati_supersport_s2017_750x750_9c730ce1-f463-423f-84db-31570b66ff1b.jpg?v=1562143986|pos:1|alt:New Rage Cycles New Rage Cycles LED Fender Eliminator for Ducati SuperSport – front view || https://cdn.shopify.com/s/files/1/0076/8301/4754/products/new_rage_cycles_led_fender_eliminator_ducati_supersport_s2017_750x750_1.jpg?v=1562143988|pos:2|alt:New Rage Cycles New Rage Cycles LED Fender Eliminator for Ducati SuperSport – side view || https://cdn.shopify.com/s/files/1/0076/8301/4754/products/new_rage_cycles_led_fender_eliminator_ducati_supersport_s2017_750x750_2.jpg?v=1562143991|pos:3|alt:New Rage Cycles New Rage Cycles LED Fender Eliminator for Ducati SuperSport – rear view || https://cdn.shopify.com/s/files/1/0076/8301/4754/products/new_rage_cycles_led_fender_eliminator_ducati_supersport_s2017_750x750_3.jpg?v=1562143994|pos:4|alt:New Rage Cycles New Rage Cycles LED Fender Eliminator for Ducati SuperSport – detail view,4,New Rage Cycles New Rage Cycles LED Fender Eliminator for Ducati SuperSport – front view | New Rage Cycles New Rage Cycles LED Fender Eliminator for Ducati SuperSport – side view | New Rage Cycles New Rage Cycles LED Fender Eliminator for Ducati SuperSport – rear view | New Rage Cycles New Rage Cycles LED Fender Eliminator for Ducati SuperSport – detail view,,0,New Rage Cycles LED Fender Eliminator for Ducati SuperSport,New Rage Cycles LED Fender Eliminator for Ducati SuperSport. The New Rage LED Fender Eliminator cleans up the back end on your SuperSport with flush mounted LED turn signals and a discrete plate mount… • CNC machined polycarbonate lenses.,CNC machined polycarbonate lenses. CNC machined billet aluminum.,,Black powder coated finish. Load equalizers (resistors) not required.,,,New Rage Cycles LED Fender Eliminator for Ducati SuperSport — a tail Tidy built to the specifications listed above.,true,draft,https://cdn.shopify.com/s/files/1/0076/8301/4754/products/new_rage_cycles_led_fender_eliminator_ducati_supersport_s2017_750x750_9c730ce1-f463-423f-84db-31570b66ff1b.jpg?v=1562143986|role:hero || https://cdn.shopify.com/s/files/1/0076/8301/4754/products/new_rage_cycles_led_fender_eliminator_ducati_supersport_s2017_750x750_1.jpg?v=1562143988|role:construction detail || https://cdn.shopify.com/s/files/1/0076/8301/4754/products/new_rage_cycles_led_fender_eliminator_ducati_supersport_s2017_750x750_2.jpg?v=1562143991|role:side profile,3,false,/products/new-rage-cycles-led-fender-eliminator-for-ducati-supersport,/products/new-rage-cycles-led-fender-eliminator-for-ducati-supersport
new-rage-cycles-tail-tidy-for-aprilia-rsv4,new-rage-cycles-tail-tidy-for-aprilia-rsv4,New Rage Cycles Tail Tidy for Aprilia RSV4,New Rage Cycles Tail Tidy for Aprilia RSV4,new-rage-cycles-tail-tidy-for-aprilia-rsv4,"Take your Aprilia RSV4 to the next level with our DIY fender eliminator. NRC kit comes with LED turn signals, license plate bracket, and LED…","<span>Take your Aprilia RSV4 to the next level with our DIY fender eliminator. NRC kit comes with LED turn signals, license plate bracket, and LED license plate light for a full LED replacement. This RSV4 was designed with a powerful and creative twist to it. Why not add to the styling with our unique and creative design?</span><br><br><span>Fender eliminator also comes with an adjustable license plate bracket so you can keep your plate in a standard or tucked location!</span><br><br><span>Comes with all necessary hardware to install, and OEM connectors to make for a simple bolt-on / plug-in fender eliminator.</span>","Take your Aprilia RSV4 to the next level with our DIY fender eliminator. NRC kit comes with LED turn signals, license plate bracket, and LED license plate light for a full LED replacement. This RSV4 was designed with a powerful and creative twist to it. Why not add to the styling with our unique and creative design?

Fender eliminator also comes with an adjustable license plate bracket so you can keep your plate in a standard or tucked location!

Comes with all necessary hardware to install, and OEM connectors to make for a simple bolt-on / plug-in fender eliminator.",27100,,2026-07-26,active,New Rage Cycles,2000,g,Buy New Rage Cycles Tail Tidy for Aprilia RSV4 | Mile 27 Store,"Take your Aprilia RSV4 to the next level with our DIY fender eliminator. NRC kit comes with LED turn signals, license plate bracket, and LED…",,Cleaned noise; brand verified,High,false,Motorcycle Accessories > Tail Tidies,High,"Mapped from Shopify Type ""Tail Tidy""",new-rage-cycles-tail-tidy-for-aprilia-rsv4-1|Default Title|price:27100.00|compare:|weight:2000|barcode:|qty:0,new-rage-cycles-tail-tidy-for-aprilia-rsv4-1,1,https://cdn.shopify.com/s/files/1/0076/8301/4754/products/RSV4-FE-2.jpg?v=1563881341|pos:1|alt:New Rage Cycles New Rage Cycles Tail Tidy for Aprilia RSV4 – front view || https://cdn.shopify.com/s/files/1/0076/8301/4754/products/RSV4-FE-3.jpg?v=1563881343|pos:2|alt:New Rage Cycles New Rage Cycles Tail Tidy for Aprilia RSV4 – side view || https://cdn.shopify.com/s/files/1/0076/8301/4754/products/RSV4-FE-8.jpg?v=1563881346|pos:3|alt:New Rage Cycles New Rage Cycles Tail Tidy for Aprilia RSV4 – rear view,3,New Rage Cycles New Rage Cycles Tail Tidy for Aprilia RSV4 – front view | New Rage Cycles New Rage Cycles Tail Tidy for Aprilia RSV4 – side view | New Rage Cycles New Rage Cycles Tail Tidy for Aprilia RSV4 – rear view,,0,,,,,,,,,false,not_eligible,,0,false,/products/new-rage-cycles-tail-tidy-for-aprilia-rsv4,/products/new-rage-cycles-tail-tidy-for-aprilia-rsv4
new-rage-cycles-tail-tidy-for-aprilia-tuono-v4-1100-rr,new-rage-cycles-tail-tidy-for-aprilia-tuono-v4-1100-rr,New Rage Cycles Tail Tidy for Aprilia Tuono V4 1100 RR,New Rage Cycles Tail Tidy for Aprilia Tuono V4 1100 RR,new-rage-cycles-tail-tidy-for-aprilia-tuono-v4-1100-rr,"Take your Aprilia Tuono 1100 V4 to the next level with our DIY fender eliminator. NRC kit comes with LED turn signals, license plate bracket,…","<span>Take your Aprilia Tuono 1100 V4 to the next level with our DIY fender eliminator. NRC kit comes with LED turn signals, license plate bracket, and LED license plate light for a full LED replacement. This Tuono 1100 V4 was designed with a powerful and creative twist to it. Why not add to the styling with our unique and creative design?</span><br><br><span>Fender eliminator also comes with an adjustable license plate bracket so you can keep your plate in a standard or tucked location!</span><br><br><span>Comes with all necessary hardware to install, and OEM connectors to make for a simple bolt-on / plug-in fender eliminator.</span>","Take your Aprilia Tuono 1100 V4 to the next level with our DIY fender eliminator. NRC kit comes with LED turn signals, license plate bracket, and LED license plate light for a full LED replacement. This Tuono 1100 V4 was designed with a powerful and creative twist to it. Why not add to the styling with our unique and creative design?

Fender eliminator also comes with an adjustable license plate bracket so you can keep your plate in a standard or tucked location!

Comes with all necessary hardware to install, and OEM connectors to make for a simple bolt-on / plug-in fender eliminator.",27100,,2026-07-26,active,New Rage Cycles,2000,g,New Rage Cycles Tail Tidy for Aprilia Tuono V4 1100 RR | Mile …,"Take your Aprilia Tuono 1100 V4 to the next level with our DIY fender eliminator. NRC kit comes with LED turn signals, license plate bracket,…",,Cleaned noise; brand verified,High,false,Motorcycle Accessories > Tail Tidies,High,"Mapped from Shopify Type ""Tail Tidy""",new-rage-cycles-tail-tidy-for-aprilia-tuono-v4-1100-rr-1|Default Title|price:27100.00|compare:|weight:2000|barcode:|qty:0,new-rage-cycles-tail-tidy-for-aprilia-tuono-v4-1100-rr-1,1,https://cdn.shopify.com/s/files/1/0076/8301/4754/products/RSV4-FE-2_c093543d-0cb9-48bc-a6b1-8ed1f40a599d.jpg?v=1563884573|pos:1|alt:New Rage Cycles New Rage Cycles Tail Tidy for Aprilia Tuono V4 1100 RR – front view || https://cdn.shopify.com/s/files/1/0076/8301/4754/products/RSV4-FE-3_8dbc9dea-c090-40c3-8c4e-218b615ef605.jpg?v=1563884575|pos:2|alt:New Rage Cycles New Rage Cycles Tail Tidy for Aprilia Tuono V4 1100 RR – side view || https://cdn.shopify.com/s/files/1/0076/8301/4754/products/RSV4-FE-8_1312fbfe-1569-456c-b3f3-f680c4aa1e78.jpg?v=1563884577|pos:3|alt:New Rage Cycles New Rage Cycles Tail Tidy for Aprilia Tuono V4 1100 RR – rear view,3,New Rage Cycles New Rage Cycles Tail Tidy for Aprilia Tuono V4 1100 RR – front view | New Rage Cycles New Rage Cycles Tail Tidy for Aprilia Tuono V4 1100 RR – side view | New Rage Cycles New Rage Cycles Tail Tidy for Aprilia Tuono V4 1100 RR – rear view,,0,,,,,,,,,false,not_eligible,,0,false,/products/new-rage-cycles-tail-tidy-for-aprilia-tuono-v4-1100-rr,/products/new-rage-cycles-tail-tidy-for-aprilia-tuono-v4-1100-rr
new-rage-cycles-tail-tidy-for-bmw-s1000rr,new-rage-cycles-tail-tidy-for-bmw-s1000rr,New Rage Cycles Tail Tidy for BMW S1000RR,New Rage Cycles Tail Tidy for BMW S1000RR,new-rage-cycles-tail-tidy-for-bmw-s1000rr,Add style to your S1000RR / S1000R with the sickest fender eliminator on the market! If you are looking to remove your stock turn signal… • Plug & Play LED turn signals. • Flush mounted tail plate sealing the exposed gap after removing stock fender. • Adjustable US or EU license plate bracket allowing a standard or tucked plate location. • LED license plate light.,"<span color=""#000000"" face=""Times"" size=""3"" style=""color: #000000; font-family: Times; font-size: medium;"">Add style to your S1000RR / S1000R with the sickest fender eliminator on the market! If you are looking to remove your stock turn signal setup, we offer you a complete fender eliminator kit that will completely clean up your S1K!</span><br><span color=""#000000"" face=""Times"" size=""3"" style=""color: #000000; font-family: Times; font-size: medium;""></span><br><span color=""#000000"" face=""Times"" size=""3"" style=""color: #000000; font-family: Times; font-size: medium;"">Fender eliminator comes with the following components:</span><br><span color=""#000000"" face=""Times"" size=""3"" style=""color: #000000; font-family: Times; font-size: medium;""></span><br><b><span color=""#000000"" face=""Times"" size=""3"" style=""color: #000000; font-family: Times; font-size: medium;"">- Plug &amp; Play LED turn signals<span> </span></span><br><span color=""#000000"" face=""Times"" size=""3"" style=""color: #000000; font-family: Times; font-size: medium;"">- Flush mounted tail plate sealing the exposed gap after removing stock fender</span><br><span color=""#000000"" face=""Times"" size=""3"" style=""color: #000000; font-family: Times; font-size: medium;"">- Adjustable US or EU license plate bracket allowing a standard or tucked plate location</span><br><span color=""#000000"" face=""Times"" size=""3"" style=""color: #000000; font-family: Times; font-size: medium;"">- LED license plate light</span></b><br><span color=""#000000"" face=""Times"" size=""3"" style=""color: #000000; font-family: Times; font-size: medium;""></span><br><span color=""#000000"" face=""Times"" size=""3"" style=""color: #000000; font-family: Times; font-size: medium;""></span><span>NRC turn signals are plug and play, saving you less time and money on installation, and allowing you to plug in and ride on. </span><span><br><br></span><span color=""#000000"" face=""Times"" size=""3"" style=""color: #000000; font-family: Times; font-size: medium;"">Turn signal lenses are CNC machined from polycarbonate and all plates and brackets are powder coated aluminum.<span> </span></span>","Add style to your S1000RR / S1000R with the sickest fender eliminator on the market! If you are looking to remove your stock turn signal setup, we offer you a complete fender eliminator kit that will completely clean up your S1K!

Fender eliminator comes with the following components:

- Plug & Play LED turn signals 
- Flush mounted tail plate sealing the exposed gap after removing stock fender
- Adjustable US or EU license plate bracket allowing a standard or tucked plate location
- LED license plate light

NRC turn signals are plug and play, saving you less time and money on installation, and allowing you to plug in and ride on. 

Turn signal lenses are CNC machined from polycarbonate and all plates and brackets are powder coated aluminum.",34100,,2026-07-26,active,New Rage Cycles,2000,g,Buy New Rage Cycles Tail Tidy for BMW S1000RR | Mile 27 Store,Add style to your S1000RR / S1000R with the sickest fender eliminator on the market! If you are looking to remove your stock turn signal… Plug & Play LED…,Plug & Play LED turn signals | Flush mounted tail plate sealing the exposed gap after removing stock fender | Adjustable US or EU license plate bracket allowing a standard or tucked plate location | LED license plate light,Cleaned noise; brand verified,High,false,Motorcycle Accessories > Tail Tidies,High,"Mapped from Shopify Type ""Tail Tidy""",new-rage-cycles-tail-tidy-for-bmw-s1000rr-1|License Plate Location:Standard|price:34100.00|compare:|weight:2000|barcode:|qty:0 | new-rage-cycles-tail-tidy-for-bmw-s1000rr-2|License Plate Location:Tucked|price:34100.00|compare:|weight:2000|barcode:|qty:0,"new-rage-cycles-tail-tidy-for-bmw-s1000rr-1,new-rage-cycles-tail-tidy-for-bmw-s1000rr-2",2,https://cdn.shopify.com/s/files/1/0076/8301/4754/products/S1K20-FE-246-T.jpg?v=1571913324|pos:1|alt:New Rage Cycles New Rage Cycles Tail Tidy for BMW S1000RR – front view || https://cdn.shopify.com/s/files/1/0076/8301/4754/products/S1K20-FE-9T.jpg?v=1571913324|pos:2|alt:New Rage Cycles New Rage Cycles Tail Tidy for BMW S1000RR – side view || https://cdn.shopify.com/s/files/1/0076/8301/4754/files/2023-bmw-S1000RR-US-standard-tucked-06.jpg?v=1700470319|pos:3|alt:New Rage Cycles New Rage Cycles Tail Tidy for BMW S1000RR – rear view || https://cdn.shopify.com/s/files/1/0076/8301/4754/files/2023-bmw-S1000RR-US-standard-tucked-05.jpg?v=1700470374|pos:4|alt:New Rage Cycles New Rage Cycles Tail Tidy for BMW S1000RR – detail view,4,New Rage Cycles New Rage Cycles Tail Tidy for BMW S1000RR – front view | New Rage Cycles New Rage Cycles Tail Tidy for BMW S1000RR – side view | New Rage Cycles New Rage Cycles Tail Tidy for BMW S1000RR – rear view | New Rage Cycles New Rage Cycles Tail Tidy for BMW S1000RR – detail view,,0,New Rage Cycles Tail Tidy for BMW S1000RR,New Rage Cycles Tail Tidy for BMW S1000RR. Add style to your S1000RR / S1000R with the sickest fender eliminator on the market! If you are looking to remove your stock turn signal… • Plug & Play LED turn signals.,,,Plug & Play LED turn signals. Flush mounted tail plate sealing the exposed gap after removing stock fender. Adjustable US or EU license plate bracket allowing a standard or tucked plate location. LED license plate light.,,,New Rage Cycles Tail Tidy for BMW S1000RR — a tail Tidy built to the specifications listed above.,true,draft,https://cdn.shopify.com/s/files/1/0076/8301/4754/products/S1K20-FE-246-T.jpg?v=1571913324|role:hero || https://cdn.shopify.com/s/files/1/0076/8301/4754/products/S1K20-FE-9T.jpg?v=1571913324|role:construction detail || https://cdn.shopify.com/s/files/1/0076/8301/4754/files/2023-bmw-S1000RR-US-standard-tucked-06.jpg?v=1700470319|role:side profile,3,false,/products/new-rage-cycles-tail-tidy-for-bmw-s1000rr,/products/new-rage-cycles-tail-tidy-for-bmw-s1000rr
new-rage-cycles-tail-tidy-for-bmw-r-ninet,new-rage-cycles-tail-tidy-for-bmw-r-ninet,New Rage Cycles Tail Tidy for BMW R NineT,New Rage Cycles Tail Tidy for BMW R NineT,new-rage-cycles-tail-tidy-for-bmw-r-ninet,New Rage Cycles now offers a PLUG & PLAY fender eliminator kit for the BMW R Nine T. This kit cleans up the rear end…,"<span color=""#000000"" face=""Times"" size=""3"" style=""color: #000000; font-family: Times; font-size: medium;"">New Rage Cycles now offers a PLUG &amp; PLAY fender eliminator kit for the BMW R Nine T. This kit cleans up the rear end of your R Nine T with the brightest turn signals on the market. Our dual lens offers you a top tiered bright brake light strip, as well as a bottom tiered lens for incredibly bright LED turn signals.<br><br>No other fender eliminator kit exists on the market today! Works<span> </span><b>both</b><span> </span>with or without the seat pod!</span><br><br><span>Our plug &amp; play kit saves you time and money on installation, and lets you plug right in and ride on!</span><br><span></span><br><span>Turn signal lenses are CNC machined from polycarbonate and our turn signal bracket is machined from billet aluminum. Our kit also comes with an LED license plate light providing you with everything you need for a very clean fender eliminator kit.</span>","New Rage Cycles now offers a PLUG & PLAY fender eliminator kit for the BMW R Nine T. This kit cleans up the rear end of your R Nine T with the brightest turn signals on the market. Our dual lens offers you a top tiered bright brake light strip, as well as a bottom tiered lens for incredibly bright LED turn signals.

No other fender eliminator kit exists on the market today! Works both with or without the seat pod!

Our plug & play kit saves you time and money on installation, and lets you plug right in and ride on!

Turn signal lenses are CNC machined from polycarbonate and our turn signal bracket is machined from billet aluminum. Our kit also comes with an LED license plate light providing you with everything you need for a very clean fender eliminator kit.",38700,,2026-07-26,active,New Rage Cycles,2000,g,Buy New Rage Cycles Tail Tidy for BMW R NineT | Mile 27 Store,New Rage Cycles now offers a PLUG & PLAY fender eliminator kit for the BMW R Nine T. This kit cleans up the rear end…,,Cleaned noise; brand verified,High,false,Motorcycle Accessories > Tail Tidies,High,"Mapped from Shopify Type ""Tail Tidy""",new-rage-cycles-tail-tidy-for-bmw-r-ninet-1|Variant:Standard Tail|price:44100.00|compare:|weight:2000|barcode:|qty:0 | new-rage-cycles-tail-tidy-for-bmw-r-ninet-2|Variant:Bobber Tail|price:38700.00|compare:|weight:2000|barcode:|qty:0,"new-rage-cycles-tail-tidy-for-bmw-r-ninet-1,new-rage-cycles-tail-tidy-for-bmw-r-ninet-2",2,https://cdn.shopify.com/s/files/1/0076/8301/4754/products/new_rage_cycles_fender_eliminator_kit_bmwr_nine_t_750x750_3761ed19-9514-4f73-9237-cce23ec642b1.jpg?v=1582880104|pos:1|alt:New Rage Cycles New Rage Cycles Tail Tidy for BMW R NineT – front view || https://cdn.shopify.com/s/files/1/0076/8301/4754/products/new_rage_cycles_fender_eliminator_kit_bmwr_nine_t_750x750_1.jpg?v=1582880104|pos:2|alt:New Rage Cycles New Rage Cycles Tail Tidy for BMW R NineT – side view || https://cdn.shopify.com/s/files/1/0076/8301/4754/products/new_rage_cycles_led_fender_eliminator_bmw_rnine_t20142016_rollover.jpg?v=1582880104|pos:3|alt:New Rage Cycles New Rage Cycles Tail Tidy for BMW R NineT – rear view || https://cdn.shopify.com/s/files/1/0076/8301/4754/products/new_rage_cycles_led_fender_eliminator_bmw_rnine_t20142016_rollover_1.jpg?v=1582880104|pos:4|alt:New Rage Cycles New Rage Cycles Tail Tidy for BMW R NineT – detail view,4,New Rage Cycles New Rage Cycles Tail Tidy for BMW R NineT – front view | New Rage Cycles New Rage Cycles Tail Tidy for BMW R NineT – side view | New Rage Cycles New Rage Cycles Tail Tidy for BMW R NineT – rear view | New Rage Cycles New Rage Cycles Tail Tidy for BMW R NineT – detail view,,0,,,,,,,,,false,not_eligible,,0,false,/products/new-rage-cycles-tail-tidy-for-bmw-r-ninet,/products/new-rage-cycles-tail-tidy-for-bmw-r-ninet
new-rage-cycles-tail-tidy-for-bmw-s1000r,new-rage-cycles-tail-tidy-for-bmw-s1000r,New Rage Cycles Tail Tidy for BMW S1000R,New Rage Cycles Tail Tidy for BMW S1000R,new-rage-cycles-tail-tidy-for-bmw-s1000r,Add style to your S1000RR / S1000R with the sickest fender eliminator on the market! If you are looking to remove your stock turn signal… • Plug & Play LED turn signals. • Flush mounted tail plate sealing the exposed gap after removing stock fender. • Adjustable US or EU license plate bracket allowing a standard or tucked plate location. • LED license plate light.,"<span color=""#000000"" face=""Times"" size=""3"" style=""color: #000000; font-family: Times; font-size: medium;"">Add style to your S1000RR / S1000R with the sickest fender eliminator on the market! If you are looking to remove your stock turn signal setup, we offer you a complete fender eliminator kit that will completely clean up your S1K!</span><br><span color=""#000000"" face=""Times"" size=""3"" style=""color: #000000; font-family: Times; font-size: medium;""></span><br><span color=""#000000"" face=""Times"" size=""3"" style=""color: #000000; font-family: Times; font-size: medium;"">Fender eliminator comes with the following components:</span><br><span color=""#000000"" face=""Times"" size=""3"" style=""color: #000000; font-family: Times; font-size: medium;""></span><br><b><span color=""#000000"" face=""Times"" size=""3"" style=""color: #000000; font-family: Times; font-size: medium;"">- Plug &amp; Play LED turn signals<span> </span></span><br><span color=""#000000"" face=""Times"" size=""3"" style=""color: #000000; font-family: Times; font-size: medium;"">- Flush mounted tail plate sealing the exposed gap after removing stock fender</span><br><span color=""#000000"" face=""Times"" size=""3"" style=""color: #000000; font-family: Times; font-size: medium;"">- Adjustable US or EU license plate bracket allowing a standard or tucked plate location</span><br><span color=""#000000"" face=""Times"" size=""3"" style=""color: #000000; font-family: Times; font-size: medium;"">- LED license plate light</span></b><br><span color=""#000000"" face=""Times"" size=""3"" style=""color: #000000; font-family: Times; font-size: medium;""></span><br><span color=""#000000"" face=""Times"" size=""3"" style=""color: #000000; font-family: Times; font-size: medium;""></span><span>NRC turn signals are plug and play, saving you less time and money on installation, and allowing you to plug in and ride on. </span><span><br><br></span><span color=""#000000"" face=""Times"" size=""3"" style=""color: #000000; font-family: Times; font-size: medium;"">Turn signal lenses are CNC machined from polycarbonate and all plates and brackets are powder coated aluminum.</span>","Add style to your S1000RR / S1000R with the sickest fender eliminator on the market! If you are looking to remove your stock turn signal setup, we offer you a complete fender eliminator kit that will completely clean up your S1K!

Fender eliminator comes with the following components:

- Plug & Play LED turn signals 
- Flush mounted tail plate sealing the exposed gap after removing stock fender
- Adjustable US or EU license plate bracket allowing a standard or tucked plate location
- LED license plate light

NRC turn signals are plug and play, saving you less time and money on installation, and allowing you to plug in and ride on. 

Turn signal lenses are CNC machined from polycarbonate and all plates and brackets are powder coated aluminum.",32500,,2026-07-26,active,New Rage Cycles,2000,g,Buy New Rage Cycles Tail Tidy for BMW S1000R | Mile 27 Store,Add style to your S1000RR / S1000R with the sickest fender eliminator on the market! If you are looking to remove your stock turn signal… Plug & Play LED…,Plug & Play LED turn signals | Flush mounted tail plate sealing the exposed gap after removing stock fender | Adjustable US or EU license plate bracket allowing a standard or tucked plate location | LED license plate light,Cleaned noise; brand verified,High,false,Motorcycle Accessories > Tail Tidies,High,"Mapped from Shopify Type ""Tail Tidy""",new-rage-cycles-tail-tidy-for-bmw-s1000r-1|Default Title|price:32500.00|compare:|weight:2000|barcode:|qty:0,new-rage-cycles-tail-tidy-for-bmw-s1000r-1,1,https://cdn.shopify.com/s/files/1/0076/8301/4754/products/BMW1000-FE-2_55cd441f-0874-46d4-bb09-55d554690493.jpg?v=1563886331|pos:1|alt:New Rage Cycles New Rage Cycles Tail Tidy for BMW S1000R – front view || https://cdn.shopify.com/s/files/1/0076/8301/4754/products/BMW1000-FE-4_d780e7ba-9b86-4cb1-a5b8-814d4e19d156.jpg?v=1563886333|pos:2|alt:New Rage Cycles New Rage Cycles Tail Tidy for BMW S1000R – side view || https://cdn.shopify.com/s/files/1/0076/8301/4754/products/BMW1000-FE-5.jpg?v=1563886336|pos:3|alt:New Rage Cycles New Rage Cycles Tail Tidy for BMW S1000R – rear view,3,New Rage Cycles New Rage Cycles Tail Tidy for BMW S1000R – front view | New Rage Cycles New Rage Cycles Tail Tidy for BMW S1000R – side view | New Rage Cycles New Rage Cycles Tail Tidy for BMW S1000R – rear view,,0,New Rage Cycles Tail Tidy for BMW S1000R,New Rage Cycles Tail Tidy for BMW S1000R. Add style to your S1000RR / S1000R with the sickest fender eliminator on the market! If you are looking to remove your stock turn signal… • Plug & Play LED turn signals.,,,Plug & Play LED turn signals. Flush mounted tail plate sealing the exposed gap after removing stock fender. Adjustable US or EU license plate bracket allowing a standard or tucked plate location. LED license plate light.,,,New Rage Cycles Tail Tidy for BMW S1000R — a tail Tidy built to the specifications listed above.,true,draft,https://cdn.shopify.com/s/files/1/0076/8301/4754/products/BMW1000-FE-2_55cd441f-0874-46d4-bb09-55d554690493.jpg?v=1563886331|role:hero || https://cdn.shopify.com/s/files/1/0076/8301/4754/products/BMW1000-FE-4_d780e7ba-9b86-4cb1-a5b8-814d4e19d156.jpg?v=1563886333|role:construction detail || https://cdn.shopify.com/s/files/1/0076/8301/4754/products/BMW1000-FE-5.jpg?v=1563886336|role:side profile,3,false,/products/new-rage-cycles-tail-tidy-for-bmw-s1000r,/products/new-rage-cycles-tail-tidy-for-bmw-s1000r
new-rage-cycles-tail-tidy-for-ducati-scrambler-cafe-racer,new-rage-cycles-tail-tidy-for-ducati-scrambler-cafe-racer,New Rage Cycles Tail Tidy for Ducati Scrambler Cafe Racer,New Rage Cycles Tail Tidy for Ducati Scrambler Cafe Racer,new-rage-cycles-tail-tidy-for-ducati-scrambler-cafe-racer,NRC releases a PLUG & PLAY fender eliminator kit for the entire Ducati Scrambler line of bikes! If you are looking to remove the rear…,"<span>NRC releases a PLUG &amp; PLAY fender eliminator kit for the entire Ducati Scrambler line of bikes! If you are looking to remove the rear fender, this is the kit for you! Our kit is sold as turn signals only, as well as a complete fender eliminator solution with a license plate bracket included. If you want to keep the stock license plate, no problem! You can order just the signals with splash guard -- or add the license plate bracket and tuck it up underneath the bike.<br><br></span><span>Our plug &amp; play kit saves you time and money on installation, and lets you plug right in and ride on!</span>","NRC releases a PLUG & PLAY fender eliminator kit for the entire Ducati Scrambler line of bikes! If you are looking to remove the rear fender, this is the kit for you! Our kit is sold as turn signals only, as well as a complete fender eliminator solution with a license plate bracket included. If you want to keep the stock license plate, no problem! You can order just the signals with splash guard -- or add the license plate bracket and tuck it up underneath the bike.

Our plug & play kit saves you time and money on installation, and lets you plug right in and ride on!",25700,,2026-07-26,active,New Rage Cycles,2000,g,New Rage Cycles Tail Tidy for Ducati Scrambler Cafe Racer | Mi…,NRC releases a PLUG & PLAY fender eliminator kit for the entire Ducati Scrambler line of bikes! If you are looking to remove the rear…,,Cleaned noise; brand verified,High,false,Motorcycle Accessories > Tail Tidies,High,"Mapped from Shopify Type ""Tail Tidy""",new-rage-cycles-tail-tidy-for-ducati-scrambler-cafe-racer-1|Default Title|price:25700.00|compare:|weight:2000|barcode:|qty:0,new-rage-cycles-tail-tidy-for-ducati-scrambler-cafe-racer-1,1,https://cdn.shopify.com/s/files/1/0076/8301/4754/products/ICFU-FE-3.jpg?v=1563886931|pos:1|alt:New Rage Cycles New Rage Cycles Tail Tidy for Ducati Scrambler Cafe Racer – front view || https://cdn.shopify.com/s/files/1/0076/8301/4754/products/ICFU-FE-5.jpg?v=1563886934|pos:2|alt:New Rage Cycles New Rage Cycles Tail Tidy for Ducati Scrambler Cafe Racer – side view,2,New Rage Cycles New Rage Cycles Tail Tidy for Ducati Scrambler Cafe Racer – front view | New Rage Cycles New Rage Cycles Tail Tidy for Ducati Scrambler Cafe Racer – side view,,0,,,,,,,,,false,not_eligible,,0,false,/products/new-rage-cycles-tail-tidy-for-ducati-scrambler-cafe-racer,/products/new-rage-cycles-tail-tidy-for-ducati-scrambler-cafe-racer
new-rage-cycles-tail-tidy-for-ducati-scrambler-1100,new-rage-cycles-tail-tidy-for-ducati-scrambler-1100,New Rage Cycles Tail Tidy for Ducati Scrambler 1100,New Rage Cycles Tail Tidy for Ducati Scrambler 1100,new-rage-cycles-tail-tidy-for-ducati-scrambler-1100,Ducati Scrambler 1100 fender eliminator from New Rage Cycles is a bolt on and plug and play kit that will clean up the rear end… • Fully integrated tail light with the brightest LEDs in the market. • Standard or Tucked plate mounts. • LED plate light. • Plug and play harness.,"<span color=""#000000"" face=""Times"" size=""3"" style=""color: #000000; font-family: Times; font-size: medium;"">Ducati Scrambler 1100 fender eliminator from New Rage Cycles is a bolt on and plug and play kit that will clean up the rear end of your bike completely! What does our kit include?<br><br>- Fully integrated tail light with the brightest LEDs in the market<span> </span><br>- Standard or Tucked plate mounts<br>- LED plate light<br>- Plug and play harness<br>- Accommodates both US and EU license plates<br><br></span><span>Our plug &amp; play kit saves you time and money on installation, and lets you plug right in and ride on!</span>","Ducati Scrambler 1100 fender eliminator from New Rage Cycles is a bolt on and plug and play kit that will clean up the rear end of your bike completely! What does our kit include?

- Fully integrated tail light with the brightest LEDs in the market 
- Standard or Tucked plate mounts
- LED plate light
- Plug and play harness
- Accommodates both US and EU license plates

Our plug & play kit saves you time and money on installation, and lets you plug right in and ride on!",38700,,2026-07-26,active,New Rage Cycles,2000,g,New Rage Cycles Tail Tidy for Ducati Scrambler 1100 | Mile 27 …,Ducati Scrambler 1100 fender eliminator from New Rage Cycles is a bolt on and plug and play kit that will clean up the rear end… Fully integrated tail…,Fully integrated tail light with the brightest LEDs in the market | Standard or Tucked plate mounts | LED plate light | Plug and play harness,Cleaned noise; brand verified,High,false,Motorcycle Accessories > Tail Tidies,High,"Mapped from Shopify Type ""Tail Tidy""",new-rage-cycles-tail-tidy-for-ducati-scrambler-1100-1|Default Title|price:38700.00|compare:|weight:2000|barcode:|qty:0,new-rage-cycles-tail-tidy-for-ducati-scrambler-1100-1,1,https://cdn.shopify.com/s/files/1/0076/8301/4754/products/S1100-FE-5.jpg?v=1563887489|pos:1|alt:New Rage Cycles New Rage Cycles Tail Tidy for Ducati Scrambler 1100 – front view || https://cdn.shopify.com/s/files/1/0076/8301/4754/products/S1100-FE-2.jpg?v=1563887492|pos:2|alt:New Rage Cycles New Rage Cycles Tail Tidy for Ducati Scrambler 1100 – side view || https://cdn.shopify.com/s/files/1/0076/8301/4754/products/S1100-FE-7.jpg?v=1563887494|pos:3|alt:New Rage Cycles New Rage Cycles Tail Tidy for Ducati Scrambler 1100 – rear view,3,New Rage Cycles New Rage Cycles Tail Tidy for Ducati Scrambler 1100 – front view | New Rage Cycles New Rage Cycles Tail Tidy for Ducati Scrambler 1100 – side view | New Rage Cycles New Rage Cycles Tail Tidy for Ducati Scrambler 1100 – rear view,,0,New Rage Cycles Tail Tidy for Ducati Scrambler 1100,New Rage Cycles Tail Tidy for Ducati Scrambler 1100. Ducati Scrambler 1100 fender eliminator from New Rage Cycles is a bolt on and plug and play kit that will clean up the rear end… • Fully integrated tail light with the brightest LEDs in the market.,,,Fully integrated tail light with the brightest LEDs in the market. Standard or Tucked plate mounts. LED plate light. Plug and play harness.,,,New Rage Cycles Tail Tidy for Ducati Scrambler 1100 — a tail Tidy built to the specifications listed above.,true,draft,https://cdn.shopify.com/s/files/1/0076/8301/4754/products/S1100-FE-5.jpg?v=1563887489|role:hero || https://cdn.shopify.com/s/files/1/0076/8301/4754/products/S1100-FE-2.jpg?v=1563887492|role:construction detail || https://cdn.shopify.com/s/files/1/0076/8301/4754/products/S1100-FE-7.jpg?v=1563887494|role:side profile,3,false,/products/new-rage-cycles-tail-tidy-for-ducati-scrambler-1100,/products/new-rage-cycles-tail-tidy-for-ducati-scrambler-1100
new-rage-cycles-tail-tidy-for-ducati-monster-821,new-rage-cycles-tail-tidy-for-ducati-monster-821,New Rage Cycles Tail Tidy for Ducati Monster 821,New Rage Cycles Tail Tidy for Ducati Monster 821,new-rage-cycles-tail-tidy-for-ducati-monster-821,"Take your 2018 - Present Ducati Monster 821 to the next level with our DIY fender eliminator. Our kit comes with LED turn signals, license… • Brightest LED turn signals in the market. • Signals that light up all the way around so it can be seen from behind and from the side. • Belly pan to protect your seat underneath the bike. • LED plate light.","<span>Take your 2018 - Present Ducati Monster 821 to the next level with our DIY fender eliminator. Our kit comes with LED turn signals, license plate bracket, and LED license plate light for a full LED replacement. This new Monster model was designed with a creative twist to it. Why not add to the styling with our unique and creative design?<br><br></span><span color=""#000000"" face=""Times"" size=""3"" style=""color: #000000; font-family: Times; font-size: medium;"">What does our kit include?<br><br>- Brightest LED turn signals in the market<span> </span><br>- Signals that light up all the way around so it can be seen from behind and from the side<span> </span><br>- Belly pan to protect your seat underneath the bike<br>- LED plate light<br>- Plug and play harness<br>- Accommodates both US and EU license plates<br><br></span><span>Our plug &amp; play kit saves you time and money on installation, and lets you plug right in and ride on!</span>","Take your 2018 - Present Ducati Monster 821 to the next level with our DIY fender eliminator. Our kit comes with LED turn signals, license plate bracket, and LED license plate light for a full LED replacement. This new Monster model was designed with a creative twist to it. Why not add to the styling with our unique and creative design?

What does our kit include?

- Brightest LED turn signals in the market 
- Signals that light up all the way around so it can be seen from behind and from the side 
- Belly pan to protect your seat underneath the bike
- LED plate light
- Plug and play harness
- Accommodates both US and EU license plates

Our plug & play kit saves you time and money on installation, and lets you plug right in and ride on!",27800,,2026-07-26,active,New Rage Cycles,2000,g,New Rage Cycles Tail Tidy for Ducati Monster 821 | Mile 27 Store,"Take your 2018 - Present Ducati Monster 821 to the next level with our DIY fender eliminator. Our kit comes with LED turn signals, license… Brightest LED…",Brightest LED turn signals in the market | Signals that light up all the way around so it can be seen from behind and from the side | Belly pan to protect your seat underneath the bike | LED plate light,Cleaned noise; brand verified,High,false,Motorcycle Accessories > Tail Tidies,High,"Mapped from Shopify Type ""Tail Tidy""",new-rage-cycles-tail-tidy-for-ducati-monster-821-1|Default Title|price:27800.00|compare:|weight:2000|barcode:|qty:0,new-rage-cycles-tail-tidy-for-ducati-monster-821-1,1,https://cdn.shopify.com/s/files/1/0076/8301/4754/products/821-FE-18-2.jpg?v=1563958729|pos:1|alt:New Rage Cycles New Rage Cycles Tail Tidy for Ducati Monster 821 – front view || https://cdn.shopify.com/s/files/1/0076/8301/4754/products/821-FE-18-3.jpg?v=1563958731|pos:2|alt:New Rage Cycles New Rage Cycles Tail Tidy for Ducati Monster 821 – side view || https://cdn.shopify.com/s/files/1/0076/8301/4754/products/821-FE-18-4.jpg?v=1563958733|pos:3|alt:New Rage Cycles New Rage Cycles Tail Tidy for Ducati Monster 821 – rear view,3,New Rage Cycles New Rage Cycles Tail Tidy for Ducati Monster 821 – front view | New Rage Cycles New Rage Cycles Tail Tidy for Ducati Monster 821 – side view | New Rage Cycles New Rage Cycles Tail Tidy for Ducati Monster 821 – rear view,,0,New Rage Cycles Tail Tidy for Ducati Monster 821,New Rage Cycles Tail Tidy for Ducati Monster 821. Take your 2018 - Present Ducati Monster 821 to the next level with our DIY fender eliminator.,,,Brightest LED turn signals in the market. Signals that light up all the way around so it can be seen from behind and from the side. Belly pan to protect your seat underneath the bike. LED plate light.,,,New Rage Cycles Tail Tidy for Ducati Monster 821 — a tail Tidy built to the specifications listed above.,true,draft,https://cdn.shopify.com/s/files/1/0076/8301/4754/products/821-FE-18-2.jpg?v=1563958729|role:hero || https://cdn.shopify.com/s/files/1/0076/8301/4754/products/821-FE-18-3.jpg?v=1563958731|role:construction detail || https://cdn.shopify.com/s/files/1/0076/8301/4754/products/821-FE-18-4.jpg?v=1563958733|role:side profile,3,false,/products/new-rage-cycles-tail-tidy-for-ducati-monster-821,/products/new-rage-cycles-tail-tidy-for-ducati-monster-821
new-rage-cycles-tail-tidy-for-ducati-panigale-v4,new-rage-cycles-tail-tidy-for-ducati-panigale-v4,New Rage Cycles Tail Tidy for Ducati Panigale V4,New Rage Cycles Tail Tidy for Ducati Panigale V4,new-rage-cycles-tail-tidy-for-ducati-panigale-v4,"Fender Eliminator from New Rage Cycles for the newly released Ducati Panigale V4 • Allows you to mount license plate in 'Standard' or 'Tucked' position - hardware provided for both and can be swapped anytime. • Plug & play saving you time and money on installation, and lets you plug right in and ride on. • Install in less than 30 minutes. • No resistors or added components whatsoever.","<span>Fender Eliminator from New Rage Cycles for the newly released Ducati Panigale V4</span><br><br><span>- Allows you to mount license plate in 'Standard' or 'Tucked' position - hardware provided for both and can be swapped anytime</span><br><span>- Plug &amp; play saving you time and money on installation, and lets you plug right in and ride on</span><br><span>- Install in less than 30 minutes</span><br><span>- No resistors or added components whatsoever</span><br><span>- Brightest LEDs in the market</span><br><span>- Made in the NRC facility in New York</span>","Fender Eliminator from New Rage Cycles for the newly released Ducati Panigale V4

- Allows you to mount license plate in 'Standard' or 'Tucked' position - hardware provided for both and can be swapped anytime
- Plug & play saving you time and money on installation, and lets you plug right in and ride on
- Install in less than 30 minutes
- No resistors or added components whatsoever
- Brightest LEDs in the market
- Made in the NRC facility in New York",32500,,2026-07-26,active,New Rage Cycles,2000,g,New Rage Cycles Tail Tidy for Ducati Panigale V4 | Mile 27 Store,Fender Eliminator from New Rage Cycles for the newly released Ducati Panigale V4 Allows you to mount license plate in 'Standard' or 'Tucked' position -…,"Allows you to mount license plate in 'Standard' or 'Tucked' position - hardware provided for both and can be swapped anytime | Plug & play saving you time and money on installation, and lets you plug right in and ride on | Install in less than 30 minutes | No resistors or added components whatsoever",Cleaned noise; brand verified,High,false,Motorcycle Accessories > Tail Tidies,High,"Mapped from Shopify Type ""Tail Tidy""",new-rage-cycles-tail-tidy-for-ducati-panigale-v4-1|Default Title|price:32500.00|compare:|weight:2000|barcode:|qty:0,new-rage-cycles-tail-tidy-for-ducati-panigale-v4-1,1,https://cdn.shopify.com/s/files/1/0076/8301/4754/products/V4-FE-3.jpg?v=1563959480|pos:1|alt:New Rage Cycles New Rage Cycles Tail Tidy for Ducati Panigale V4 – front view || https://cdn.shopify.com/s/files/1/0076/8301/4754/products/V4-FE-2.jpg?v=1563959481|pos:2|alt:New Rage Cycles New Rage Cycles Tail Tidy for Ducati Panigale V4 – side view || https://cdn.shopify.com/s/files/1/0076/8301/4754/products/V4-FE-7.jpg?v=1563959483|pos:3|alt:New Rage Cycles New Rage Cycles Tail Tidy for Ducati Panigale V4 – rear view,3,New Rage Cycles New Rage Cycles Tail Tidy for Ducati Panigale V4 – front view | New Rage Cycles New Rage Cycles Tail Tidy for Ducati Panigale V4 – side view | New Rage Cycles New Rage Cycles Tail Tidy for Ducati Panigale V4 – rear view,,0,New Rage Cycles Tail Tidy for Ducati Panigale V4,New Rage Cycles Tail Tidy for Ducati Panigale V4. Fender Eliminator from New Rage Cycles for the newly released Ducati Panigale V4 • Allows you to mount license plate in 'Standard' or 'Tucked'.,,,"Allows you to mount license plate in 'Standard' or 'Tucked' position - hardware provided for both and can be swapped anytime. Plug & play saving you time and money on installation, and lets you plug right in and ride on. Install in less than 30 minutes. No resistors or added components whatsoever.",,,New Rage Cycles Tail Tidy for Ducati Panigale V4 — a tail Tidy built to the specifications listed above.,true,draft,https://cdn.shopify.com/s/files/1/0076/8301/4754/products/V4-FE-3.jpg?v=1563959480|role:hero || https://cdn.shopify.com/s/files/1/0076/8301/4754/products/V4-FE-2.jpg?v=1563959481|role:construction detail || https://cdn.shopify.com/s/files/1/0076/8301/4754/products/V4-FE-7.jpg?v=1563959483|role:side profile,3,false,/products/new-rage-cycles-tail-tidy-for-ducati-panigale-v4,/products/new-rage-cycles-tail-tidy-for-ducati-panigale-v4
new-rage-cycles-tail-tidy-for-ducati-scrambler-icon,new-rage-cycles-tail-tidy-for-ducati-scrambler-icon,New Rage Cycles Tail Tidy for Ducati Scrambler Icon,New Rage Cycles Tail Tidy for Ducati Scrambler Icon,new-rage-cycles-tail-tidy-for-ducati-scrambler-icon,New Rage Cycles releases a wrap around PLUG & PLAY fender eliminator kit for your Ducati Scrambler Icon & Urban Enduro! This kit keeps the…,"<span color=""#000000"" face=""Times"" size=""3"" style=""color: #000000; font-family: Times; font-size: medium;"">New Rage Cycles releases a wrap around PLUG &amp; PLAY fender eliminator kit for your Ducati Scrambler Icon &amp; Urban Enduro! This kit keeps the rear fender on the bike and our turn signals wrap around the back end of the stock fender creating a sleek replacement.<span> </span><br><br>Tail Tidy Includes:<br><br></span><span>-LED Turn Signals</span><br><span>-LED License Plate Light<br></span><span></span><span>-Powder Coated Splash Guard + Signal Bracket</span><span color=""#000000"" face=""Times"" size=""3"" style=""color: #000000; font-family: Times; font-size: medium;""><br></span><span><br>Our plug &amp; play kit saves you time and money on installation, and lets you plug right in and ride on!</span>","New Rage Cycles releases a wrap around PLUG & PLAY fender eliminator kit for your Ducati Scrambler Icon & Urban Enduro! This kit keeps the rear fender on the bike and our turn signals wrap around the back end of the stock fender creating a sleek replacement. 

Tail Tidy Includes:

-LED Turn Signals
-LED License Plate Light
-Powder Coated Splash Guard + Signal Bracket

Our plug & play kit saves you time and money on installation, and lets you plug right in and ride on!",27100,,2026-07-26,active,New Rage Cycles,2000,g,New Rage Cycles Tail Tidy for Ducati Scrambler Icon | Mile 27 …,New Rage Cycles releases a wrap around PLUG & PLAY fender eliminator kit for your Ducati Scrambler Icon & Urban Enduro! This kit keeps the…,,Cleaned noise; brand verified,High,false,Motorcycle Accessories > Tail Tidies,High,"Mapped from Shopify Type ""Tail Tidy""",new-rage-cycles-tail-tidy-for-ducati-scrambler-icon-1|Default Title|price:27100.00|compare:|weight:2000|barcode:|qty:0,new-rage-cycles-tail-tidy-for-ducati-scrambler-icon-1,1,https://cdn.shopify.com/s/files/1/0076/8301/4754/products/ICURB-WFE-2.jpg?v=1563960935|pos:1|alt:New Rage Cycles New Rage Cycles Tail Tidy for Ducati Scrambler Icon – front view || https://cdn.shopify.com/s/files/1/0076/8301/4754/products/ICURB-WFE-7.jpg?v=1563960938|pos:2|alt:New Rage Cycles New Rage Cycles Tail Tidy for Ducati Scrambler Icon – side view || https://cdn.shopify.com/s/files/1/0076/8301/4754/products/ICURB-WFE-8.jpg?v=1563960940|pos:3|alt:New Rage Cycles New Rage Cycles Tail Tidy for Ducati Scrambler Icon – rear view,3,New Rage Cycles New Rage Cycles Tail Tidy for Ducati Scrambler Icon – front view | New Rage Cycles New Rage Cycles Tail Tidy for Ducati Scrambler Icon – side view | New Rage Cycles New Rage Cycles Tail Tidy for Ducati Scrambler Icon – rear view,,0,,,,,,,,,false,not_eligible,,0,false,/products/new-rage-cycles-tail-tidy-for-ducati-scrambler-icon,/products/new-rage-cycles-tail-tidy-for-ducati-scrambler-icon
new-rage-cycles-tail-tidy-for-ducati-panigale-899,new-rage-cycles-tail-tidy-for-ducati-panigale-899,New Rage Cycles Tail Tidy for Ducati Panigale 899,New Rage Cycles Tail Tidy for Ducati Panigale 899,new-rage-cycles-tail-tidy-for-ducati-panigale-899,Newly released Ducati Panigale fender eliminator now offered with adjustable license plate bracket; mounted directly under the tail section.,"<span>Newly released Ducati Panigale fender eliminator now offered with adjustable license plate bracket; mounted directly under the tail section.</span><br><br><span>Offered with an adjustable license plate for 'Standard' or 'Tucked' plate locations</span><br><span>Plug &amp; play saving you time and money on installation, and lets you plug right in and ride on</span>","Newly released Ducati Panigale fender eliminator now offered with adjustable license plate bracket; mounted directly under the tail section.

Offered with an adjustable license plate for 'Standard' or 'Tucked' plate locations
Plug & play saving you time and money on installation, and lets you plug right in and ride on",29300,,2026-07-26,active,New Rage Cycles,2000,g,New Rage Cycles Tail Tidy for Ducati Panigale 899 | Mile 27 Store,Newly released Ducati Panigale fender eliminator now offered with adjustable license plate bracket; mounted directly under the tail section.,,Cleaned noise; brand verified,High,false,Motorcycle Accessories > Tail Tidies,High,"Mapped from Shopify Type ""Tail Tidy""",new-rage-cycles-tail-tidy-for-ducati-panigale-899-1|Default Title|price:29300.00|compare:|weight:2000|barcode:|qty:0,new-rage-cycles-tail-tidy-for-ducati-panigale-899-1,1,https://cdn.shopify.com/s/files/1/0076/8301/4754/products/PANIGALE-FE-3.jpg?v=1563961532|pos:1|alt:New Rage Cycles New Rage Cycles Tail Tidy for Ducati Panigale 899 – front view || https://cdn.shopify.com/s/files/1/0076/8301/4754/products/PANIGALE-FE-2.jpg?v=1563961534|pos:2|alt:New Rage Cycles New Rage Cycles Tail Tidy for Ducati Panigale 899 – side view || https://cdn.shopify.com/s/files/1/0076/8301/4754/products/PANIGALE-FE-7.jpg?v=1563961536|pos:3|alt:New Rage Cycles New Rage Cycles Tail Tidy for Ducati Panigale 899 – rear view,3,New Rage Cycles New Rage Cycles Tail Tidy for Ducati Panigale 899 – front view | New Rage Cycles New Rage Cycles Tail Tidy for Ducati Panigale 899 – side view | New Rage Cycles New Rage Cycles Tail Tidy for Ducati Panigale 899 – rear view,,0,,,,,,,,,false,not_eligible,,0,false,/products/new-rage-cycles-tail-tidy-for-ducati-panigale-899,/products/new-rage-cycles-tail-tidy-for-ducati-panigale-899
new-rage-cycles-tail-tidy-for-kawasaki-zx-10r,new-rage-cycles-tail-tidy-for-kawasaki-zx-10r,New Rage Cycles Tail Tidy for Kawasaki ZX-10R,New Rage Cycles Tail Tidy for Kawasaki ZX-10R,new-rage-cycles-tail-tidy-for-kawasaki-zx-10r,NEW custom designed Fender Eliminator Kit for the Kawasaki ZX10R. This kit completely cleans up the rear end of your ZX10! Flush mounted license plate…,"<span>NEW custom designed Fender Eliminator Kit for the Kawasaki ZX10R. This kit completely cleans up the rear end of your ZX10! Flush mounted license plate relocater bracket constructed from billet aluminum and black powdercoated for a very clean finish, as well as giving you extremely bright LED turn signals! Kit comes with turn signals, license plate bracket, and plate light</span><br><br><span>This fender eliminator kit is for the Gen5 ZX10 (2016 - Present).</span><br><br><span>Turn signal lenses are CNC machined from polycarbonate while the bracket is machined from billet aluminum. We use 1 millimeter LEDs, giving you extremely bright turn signals... Day or Night!</span>","NEW custom designed Fender Eliminator Kit for the Kawasaki ZX10R. This kit completely cleans up the rear end of your ZX10! Flush mounted license plate relocater bracket constructed from billet aluminum and black powdercoated for a very clean finish, as well as giving you extremely bright LED turn signals! Kit comes with turn signals, license plate bracket, and plate light

This fender eliminator kit is for the Gen5 ZX10 (2016 - Present).

Turn signal lenses are CNC machined from polycarbonate while the bracket is machined from billet aluminum. We use 1 millimeter LEDs, giving you extremely bright turn signals... Day or Night!",22500,,2026-07-26,active,New Rage Cycles,2000,g,Buy New Rage Cycles Tail Tidy for Kawasaki ZX-10R | Mile 27 Store,NEW custom designed Fender Eliminator Kit for the Kawasaki ZX10R. This kit completely cleans up the rear end of your ZX10! Flush mounted license plate…,,Cleaned noise; brand verified,High,false,Motorcycle Accessories > Tail Tidies,High,"Mapped from Shopify Type ""Tail Tidy""",new-rage-cycles-tail-tidy-for-kawasaki-zx-10r-1|Default Title|price:22500.00|compare:|weight:2000|barcode:|qty:0,new-rage-cycles-tail-tidy-for-kawasaki-zx-10r-1,1,https://cdn.shopify.com/s/files/1/0076/8301/4754/products/ZX10-FE-16-5.jpg?v=1563962850|pos:1|alt:New Rage Cycles New Rage Cycles Tail Tidy for Kawasaki ZX-10R – front view || https://cdn.shopify.com/s/files/1/0076/8301/4754/products/ZX10-FE-16-2.jpg?v=1563962852|pos:2|alt:New Rage Cycles New Rage Cycles Tail Tidy for Kawasaki ZX-10R – side view || https://cdn.shopify.com/s/files/1/0076/8301/4754/products/ZX10-FE-16-4.jpg?v=1563962854|pos:3|alt:New Rage Cycles New Rage Cycles Tail Tidy for Kawasaki ZX-10R – rear view,3,New Rage Cycles New Rage Cycles Tail Tidy for Kawasaki ZX-10R – front view | New Rage Cycles New Rage Cycles Tail Tidy for Kawasaki ZX-10R – side view | New Rage Cycles New Rage Cycles Tail Tidy for Kawasaki ZX-10R – rear view,,0,,,,,,,,,false,not_eligible,,0,false,/products/new-rage-cycles-tail-tidy-for-kawasaki-zx-10r,/products/new-rage-cycles-tail-tidy-for-kawasaki-zx-10r
new-rage-cycles-tail-tidy-for-kawasaki-z900,new-rage-cycles-tail-tidy-for-kawasaki-z900,New Rage Cycles Tail Tidy for Kawasaki Z900,New Rage Cycles Tail Tidy for Kawasaki Z900,new-rage-cycles-tail-tidy-for-kawasaki-z900,"Take your Kawasaki Z900 to the next level with our DIY fender eliminator. NRC kit comes with LED turn signals, license plate bracket, and LED…","<span>Take your Kawasaki Z900 to the next level with our DIY fender eliminator. NRC kit comes with LED turn signals, license plate bracket, and LED license plate light for a full LED replacement. This newly released Z900 was designed with a creative twist to it. Why not add to the styling with our unique and creative design?</span><br><br><span>Comes with all necessary hardware to install, and OEM connectors to make for a simple bolt-on / plug-in fender eliminator.</span><br><br><span>Add a Dual-Load Equalizer to stabilize the flash speed. It is not required, but the turn signals will flash slightly faster than stock without some kind of resistor.</span>","Take your Kawasaki Z900 to the next level with our DIY fender eliminator. NRC kit comes with LED turn signals, license plate bracket, and LED license plate light for a full LED replacement. This newly released Z900 was designed with a creative twist to it. Why not add to the styling with our unique and creative design?

Comes with all necessary hardware to install, and OEM connectors to make for a simple bolt-on / plug-in fender eliminator.

Add a Dual-Load Equalizer to stabilize the flash speed. It is not required, but the turn signals will flash slightly faster than stock without some kind of resistor.",24000,,2026-07-26,active,New Rage Cycles,2000,g,Buy New Rage Cycles Tail Tidy for Kawasaki Z900 | Mile 27 Store,"Take your Kawasaki Z900 to the next level with our DIY fender eliminator. NRC kit comes with LED turn signals, license plate bracket, and LED…",,Cleaned noise; brand verified,High,false,Motorcycle Accessories > Tail Tidies,High,"Mapped from Shopify Type ""Tail Tidy""",new-rage-cycles-tail-tidy-for-kawasaki-z900-1|Default Title|price:24000.00|compare:|weight:2000|barcode:|qty:0,new-rage-cycles-tail-tidy-for-kawasaki-z900-1,1,https://cdn.shopify.com/s/files/1/0076/8301/4754/products/Z900-FE-3.jpg?v=1563964367|pos:1|alt:New Rage Cycles New Rage Cycles Tail Tidy for Kawasaki Z900 – front view || https://cdn.shopify.com/s/files/1/0076/8301/4754/products/Z900-FE-2.jpg?v=1563964370|pos:2|alt:New Rage Cycles New Rage Cycles Tail Tidy for Kawasaki Z900 – side view || https://cdn.shopify.com/s/files/1/0076/8301/4754/products/Z900-FE-6.jpg?v=1563964372|pos:3|alt:New Rage Cycles New Rage Cycles Tail Tidy for Kawasaki Z900 – rear view,3,New Rage Cycles New Rage Cycles Tail Tidy for Kawasaki Z900 – front view | New Rage Cycles New Rage Cycles Tail Tidy for Kawasaki Z900 – side view | New Rage Cycles New Rage Cycles Tail Tidy for Kawasaki Z900 – rear view,,0,,,,,,,,,false,not_eligible,,0,false,/products/new-rage-cycles-tail-tidy-for-kawasaki-z900,/products/new-rage-cycles-tail-tidy-for-kawasaki-z900
new-rage-cycles-tail-tidy-for-kawasaki-ninja-300,new-rage-cycles-tail-tidy-for-kawasaki-ninja-300,New Rage Cycles Tail Tidy for Kawasaki Ninja 300,New Rage Cycles Tail Tidy for Kawasaki Ninja 300,new-rage-cycles-tail-tidy-for-kawasaki-ninja-300,Plug-and-play fender eliminator for Kawasaki Ninja 300 riders is now available from New Rage Cycles. Spend more time riding with our line of plug-and-play kits.… • Completely Plug & Play. • Tucked license plate location. • Black textured finish for professional look. • Comes with load equalizer so no additional modules required.,<span>Plug-and-play fender eliminator for Kawasaki Ninja 300 riders is now available from New Rage Cycles. Spend more time riding with our line of plug-and-play kits. Visibility during the day or night with the brightest 1mm LEDs offered in the industry.</span><br><br><span>- Completely Plug &amp; Play</span><br><span>- Tucked license plate location</span><br><span>- Black textured finish for professional look</span><br><span>- Comes with load equalizer so no additional modules required</span>,"Plug-and-play fender eliminator for Kawasaki Ninja 300 riders is now available from New Rage Cycles. Spend more time riding with our line of plug-and-play kits. Visibility during the day or night with the brightest 1mm LEDs offered in the industry.

- Completely Plug & Play
- Tucked license plate location
- Black textured finish for professional look
- Comes with load equalizer so no additional modules required",15500,,2026-07-26,active,New Rage Cycles,2000,g,New Rage Cycles Tail Tidy for Kawasaki Ninja 300 | Mile 27 Store,Plug-and-play fender eliminator for Kawasaki Ninja 300 riders is now available from New Rage Cycles. Spend more time riding with our line of plug-and-play…,Completely Plug & Play | Tucked license plate location | Black textured finish for professional look | Comes with load equalizer so no additional modules required,Cleaned noise; brand verified,High,false,Motorcycle Accessories > Tail Tidies,High,"Mapped from Shopify Type ""Tail Tidy""",new-rage-cycles-tail-tidy-for-kawasaki-ninja-300-1|Default Title|price:15500.00|compare:|weight:2000|barcode:|qty:0,new-rage-cycles-tail-tidy-for-kawasaki-ninja-300-1,1,https://cdn.shopify.com/s/files/1/0076/8301/4754/products/N300-FE-2.jpg?v=1563965573|pos:1|alt:New Rage Cycles New Rage Cycles Tail Tidy for Kawasaki Ninja 300 – front view || https://cdn.shopify.com/s/files/1/0076/8301/4754/products/N300-FE-3.jpg?v=1563965574|pos:2|alt:New Rage Cycles New Rage Cycles Tail Tidy for Kawasaki Ninja 300 – side view,2,New Rage Cycles New Rage Cycles Tail Tidy for Kawasaki Ninja 300 – front view | New Rage Cycles New Rage Cycles Tail Tidy for Kawasaki Ninja 300 – side view,,0,New Rage Cycles Tail Tidy for Kawasaki Ninja 300,New Rage Cycles Tail Tidy for Kawasaki Ninja 300. Plug-and-play fender eliminator for Kawasaki Ninja 300 riders is now available from New Rage Cycles.,,,Completely Plug & Play. Tucked license plate location. Black textured finish for professional look. Comes with load equalizer so no additional modules required.,,,New Rage Cycles Tail Tidy for Kawasaki Ninja 300 — a tail Tidy built to the specifications listed above.,true,draft,https://cdn.shopify.com/s/files/1/0076/8301/4754/products/N300-FE-2.jpg?v=1563965573|role:hero || https://cdn.shopify.com/s/files/1/0076/8301/4754/products/N300-FE-3.jpg?v=1563965574|role:construction detail,2,false,/products/new-rage-cycles-tail-tidy-for-kawasaki-ninja-300,/products/new-rage-cycles-tail-tidy-for-kawasaki-ninja-300
new-rage-cycles-tail-tidy-for-yamaha-r6,new-rage-cycles-tail-tidy-for-yamaha-r6,New Rage Cycles Tail Tidy for Yamaha R6,New Rage Cycles Tail Tidy for Yamaha R6,new-rage-cycles-tail-tidy-for-yamaha-r6,"Take your Yamaha R6 to the next level with our DIY fender eliminator. NRC kit comes with LED turn signals, license plate bracket, and LED…","<span>Take your Yamaha R6 to the next level with our DIY fender eliminator. NRC kit comes with LED turn signals, license plate bracket, and LED license plate light for a full LED replacement. This redesigned R6 was designed with a creative twist to it. Why not add to the styling with our unique and creative design?</span><br><br><span>Comes with all necessary hardware to install, and OEM connectors to make for a simple bolt-on / plug-in fender eliminator.</span>","Take your Yamaha R6 to the next level with our DIY fender eliminator. NRC kit comes with LED turn signals, license plate bracket, and LED license plate light for a full LED replacement. This redesigned R6 was designed with a creative twist to it. Why not add to the styling with our unique and creative design?

Comes with all necessary hardware to install, and OEM connectors to make for a simple bolt-on / plug-in fender eliminator.",23200,,2026-07-26,active,New Rage Cycles,2000,g,Buy New Rage Cycles Tail Tidy for Yamaha R6 | Mile 27 Store,"Take your Yamaha R6 to the next level with our DIY fender eliminator. NRC kit comes with LED turn signals, license plate bracket, and LED…",,Cleaned noise; brand verified,High,false,Motorcycle Accessories > Tail Tidies,High,"Mapped from Shopify Type ""Tail Tidy""",new-rage-cycles-tail-tidy-for-yamaha-r6-1|Default Title|price:23200.00|compare:|weight:2000|barcode:|qty:0,new-rage-cycles-tail-tidy-for-yamaha-r6-1,1,https://cdn.shopify.com/s/files/1/0076/8301/4754/products/R6-FE-6.jpg?v=1563967925|pos:1|alt:New Rage Cycles New Rage Cycles Tail Tidy for Yamaha R6 – front view || https://cdn.shopify.com/s/files/1/0076/8301/4754/products/R6-FE-2.jpg?v=1563967927|pos:2|alt:New Rage Cycles New Rage Cycles Tail Tidy for Yamaha R6 – side view || https://cdn.shopify.com/s/files/1/0076/8301/4754/products/R6-FE-3.jpg?v=1563967929|pos:3|alt:New Rage Cycles New Rage Cycles Tail Tidy for Yamaha R6 – rear view,3,New Rage Cycles New Rage Cycles Tail Tidy for Yamaha R6 – front view | New Rage Cycles New Rage Cycles Tail Tidy for Yamaha R6 – side view | New Rage Cycles New Rage Cycles Tail Tidy for Yamaha R6 – rear view,,0,,,,,,,,,false,not_eligible,,0,false,/products/new-rage-cycles-tail-tidy-for-yamaha-r6,/products/new-rage-cycles-tail-tidy-for-yamaha-r6
new-rage-cycles-tail-tidy-for-yamaha-r1,new-rage-cycles-tail-tidy-for-yamaha-r1,New Rage Cycles Tail Tidy for Yamaha R1,New Rage Cycles Tail Tidy for Yamaha R1,new-rage-cycles-tail-tidy-for-yamaha-r1,"Take your Yamaha R1 to the next level with our DIY fender eliminator. NRC kit comes with LED turn signals, license plate bracket, and LED…","<span>Take your Yamaha R1 to the next level with our DIY fender eliminator. NRC kit comes with LED turn signals, license plate bracket, and LED license plate light for a full LED replacement. This newly updated R1 was designed with a creative twist to it. Why not add to the styling with our unique and creative design?</span><br><br><span>Comes with all necessary hardware to install, and OEM connectors to make for a simple bolt-on / plug-in fender eliminator.</span>","Take your Yamaha R1 to the next level with our DIY fender eliminator. NRC kit comes with LED turn signals, license plate bracket, and LED license plate light for a full LED replacement. This newly updated R1 was designed with a creative twist to it. Why not add to the styling with our unique and creative design?

Comes with all necessary hardware to install, and OEM connectors to make for a simple bolt-on / plug-in fender eliminator.",23200,,2026-07-26,active,New Rage Cycles,2000,g,Buy New Rage Cycles Tail Tidy for Yamaha R1 | Mile 27 Store,"Take your Yamaha R1 to the next level with our DIY fender eliminator. NRC kit comes with LED turn signals, license plate bracket, and LED…",,Cleaned noise; brand verified,High,false,Motorcycle Accessories > Tail Tidies,High,"Mapped from Shopify Type ""Tail Tidy""",new-rage-cycles-tail-tidy-for-yamaha-r1-1|Default Title|price:23200.00|compare:|weight:2000|barcode:|qty:0,new-rage-cycles-tail-tidy-for-yamaha-r1-1,1,https://cdn.shopify.com/s/files/1/0076/8301/4754/products/R1-FE-2.jpg?v=1563970922|pos:1|alt:New Rage Cycles New Rage Cycles Tail Tidy for Yamaha R1 – front view || https://cdn.shopify.com/s/files/1/0076/8301/4754/products/R1-FE-3.jpg?v=1563970924|pos:2|alt:New Rage Cycles New Rage Cycles Tail Tidy for Yamaha R1 – side view,2,New Rage Cycles New Rage Cycles Tail Tidy for Yamaha R1 – front view | New Rage Cycles New Rage Cycles Tail Tidy for Yamaha R1 – side view,,0,,,,,,,,,false,not_eligible,,0,false,/products/new-rage-cycles-tail-tidy-for-yamaha-r1,/products/new-rage-cycles-tail-tidy-for-yamaha-r1
new-rage-cycles-tail-tidy-for-suzuki-gsxr-1000,new-rage-cycles-tail-tidy-for-suzuki-gsxr-1000,New Rage Cycles Tail Tidy for Suzuki GSXR 1000,New Rage Cycles Tail Tidy for Suzuki GSXR 1000,new-rage-cycles-tail-tidy-for-suzuki-gsxr-1000,"- Brightest 1mm LEDs in the market • Brightest 1mm LEDs in the market. • Flush, tucked license plate with LED plate light. • Completely Plug & Play. • Black textured finish for professional look.","<span>- Brightest 1mm LEDs in the market</span><br><span>- Flush, tucked license plate with LED plate light</span><br><span>- Completely Plug &amp; Play</span><br><span>- Black textured finish for professional look</span>","- Brightest 1mm LEDs in the market
- Flush, tucked license plate with LED plate light
- Completely Plug & Play
- Black textured finish for professional look",31000,,2026-07-26,active,New Rage Cycles,2000,g,New Rage Cycles Tail Tidy for Suzuki GSXR 1000 | Mile 27 Store,"- Brightest 1mm LEDs in the market Brightest 1mm LEDs in the market. Flush, tucked license plate with LED plate light. Completely Plug & Play. Black…","Brightest 1mm LEDs in the market | Flush, tucked license plate with LED plate light | Completely Plug & Play | Black textured finish for professional look",Cleaned noise; brand verified,High,false,Motorcycle Accessories > Tail Tidies,High,"Mapped from Shopify Type ""Tail Tidy""",new-rage-cycles-tail-tidy-for-suzuki-gsxr-1000-1|Default Title|price:31000.00|compare:|weight:2000|barcode:|qty:0,new-rage-cycles-tail-tidy-for-suzuki-gsxr-1000-1,1,https://cdn.shopify.com/s/files/1/0076/8301/4754/products/GSXR1000-FE-T-2.jpg?v=1563971527|pos:1|alt:New Rage Cycles New Rage Cycles Tail Tidy for Suzuki GSXR 1000 – front view || https://cdn.shopify.com/s/files/1/0076/8301/4754/products/GSXR1000-FE-T-4.jpg?v=1563971529|pos:2|alt:New Rage Cycles New Rage Cycles Tail Tidy for Suzuki GSXR 1000 – side view || https://cdn.shopify.com/s/files/1/0076/8301/4754/products/GSXR1000-FE-T-5.jpg?v=1563971531|pos:3|alt:New Rage Cycles New Rage Cycles Tail Tidy for Suzuki GSXR 1000 – rear view,3,New Rage Cycles New Rage Cycles Tail Tidy for Suzuki GSXR 1000 – front view | New Rage Cycles New Rage Cycles Tail Tidy for Suzuki GSXR 1000 – side view | New Rage Cycles New Rage Cycles Tail Tidy for Suzuki GSXR 1000 – rear view,,0,New Rage Cycles Tail Tidy for Suzuki GSXR 1000,New Rage Cycles Tail Tidy for Suzuki GSXR 1000. - Brightest 1mm LEDs in the market • Brightest 1mm LEDs in the market.,,,"Brightest 1mm LEDs in the market. Flush, tucked license plate with LED plate light. Completely Plug & Play. Black textured finish for professional look.",,,New Rage Cycles Tail Tidy for Suzuki GSXR 1000 — a tail Tidy built to the specifications listed above.,true,draft,https://cdn.shopify.com/s/files/1/0076/8301/4754/products/GSXR1000-FE-T-2.jpg?v=1563971527|role:hero || https://cdn.shopify.com/s/files/1/0076/8301/4754/products/GSXR1000-FE-T-4.jpg?v=1563971529|role:construction detail || https://cdn.shopify.com/s/files/1/0076/8301/4754/products/GSXR1000-FE-T-5.jpg?v=1563971531|role:side profile,3,false,/products/new-rage-cycles-tail-tidy-for-suzuki-gsxr-1000,/products/new-rage-cycles-tail-tidy-for-suzuki-gsxr-1000
new-rage-cycles-tail-tidy-for-honda-cbr-1000rr,new-rage-cycles-tail-tidy-for-honda-cbr-1000rr,New Rage Cycles Tail Tidy for Honda CBR 1000RR,New Rage Cycles Tail Tidy for Honda CBR 1000RR,new-rage-cycles-tail-tidy-for-honda-cbr-1000rr,- Brightest LED turn signals in the market • Brightest LED turn signals in the market. • Completely Plug & Play. • Black textured finish for professional look. • Offered with a tucked or standard plate location.,<span>- Brightest LED turn signals in the market</span><br><span>- Completely Plug &amp; Play</span><br><span>- Black textured finish for professional look</span><br><span>- Offered with a tucked or standard plate location</span><br><span>- Proper flash speed; no additional modules required</span>,"- Brightest LED turn signals in the market
- Completely Plug & Play
- Black textured finish for professional look
- Offered with a tucked or standard plate location
- Proper flash speed; no additional modules required",27100,,2026-07-26,active,New Rage Cycles,2000,g,New Rage Cycles Tail Tidy for Honda CBR 1000RR | Mile 27 Store,- Brightest LED turn signals in the market Brightest LED turn signals in the market. Completely Plug & Play. Black textured finish for professional look.…,Brightest LED turn signals in the market | Completely Plug & Play | Black textured finish for professional look | Offered with a tucked or standard plate location,Cleaned noise; brand verified,High,false,Motorcycle Accessories > Tail Tidies,High,"Mapped from Shopify Type ""Tail Tidy""",new-rage-cycles-tail-tidy-for-honda-cbr-1000rr-1|Default Title|price:27100.00|compare:|weight:2000|barcode:|qty:0,new-rage-cycles-tail-tidy-for-honda-cbr-1000rr-1,1,https://cdn.shopify.com/s/files/1/0076/8301/4754/products/CBR1000-FE-2.jpg?v=1563973147|pos:1|alt:New Rage Cycles New Rage Cycles Tail Tidy for Honda CBR 1000RR – front view || https://cdn.shopify.com/s/files/1/0076/8301/4754/products/CBR1000-FE-3.jpg?v=1563973149|pos:2|alt:New Rage Cycles New Rage Cycles Tail Tidy for Honda CBR 1000RR – side view || https://cdn.shopify.com/s/files/1/0076/8301/4754/products/CBR1000-FE-4.jpg?v=1563973151|pos:3|alt:New Rage Cycles New Rage Cycles Tail Tidy for Honda CBR 1000RR – rear view,3,New Rage Cycles New Rage Cycles Tail Tidy for Honda CBR 1000RR – front view | New Rage Cycles New Rage Cycles Tail Tidy for Honda CBR 1000RR – side view | New Rage Cycles New Rage Cycles Tail Tidy for Honda CBR 1000RR – rear view,,0,New Rage Cycles Tail Tidy for Honda CBR 1000RR,New Rage Cycles Tail Tidy for Honda CBR 1000RR. - Brightest LED turn signals in the market • Brightest LED turn signals in the market.,,,Brightest LED turn signals in the market. Completely Plug & Play. Black textured finish for professional look. Offered with a tucked or standard plate location.,,,New Rage Cycles Tail Tidy for Honda CBR 1000RR — a tail Tidy built to the specifications listed above.,true,draft,https://cdn.shopify.com/s/files/1/0076/8301/4754/products/CBR1000-FE-2.jpg?v=1563973147|role:hero || https://cdn.shopify.com/s/files/1/0076/8301/4754/products/CBR1000-FE-3.jpg?v=1563973149|role:construction detail || https://cdn.shopify.com/s/files/1/0076/8301/4754/products/CBR1000-FE-4.jpg?v=1563973151|role:side profile,3,false,/products/new-rage-cycles-tail-tidy-for-honda-cbr-1000rr,/products/new-rage-cycles-tail-tidy-for-honda-cbr-1000rr
new-rage-cycles-tail-tidy-for-triumph-street-twin,new-rage-cycles-tail-tidy-for-triumph-street-twin,New Rage Cycles Tail Tidy for Triumph Street Twin,New Rage Cycles Tail Tidy for Triumph Street Twin,new-rage-cycles-tail-tidy-for-triumph-street-twin,NRC hits the market with a plug and play fender eliminator kit for your Triumph Street Twin. Our kit cleans up the back of your…,"<span color=""#000000"" face=""Times"" size=""3"" style=""color: #000000; font-family: Times; font-size: medium;"">NRC hits the market with a plug and play fender eliminator kit for your Triumph Street Twin. Our kit cleans up the back of your Street Twin with the brightest signals and brake light on the market! Our design follows the contour of the seat and lights up ALL the way around providing an incredible signal replacement. This kit also provides a belly pan to protect your seat underneath the bike.<br><br>Our license plate bracket is constructed from aluminum, black powder coated, and tucks up underneath your Street Twin, providing a very clean finish, as well as giving you extremely bright LED signals! Accomodates both US and EU license plates.<br><br></span><span>Our plug &amp; play kit saves you time and money on installation, and lets you plug right in and ride on!</span><span color=""#000000"" face=""Times"" size=""3"" style=""color: #000000; font-family: Times; font-size: medium;""><br></span><span><br>A load equalizer is an optional module that will slow the flash rate. As is, it will flash a little faster than stock.</span>","NRC hits the market with a plug and play fender eliminator kit for your Triumph Street Twin. Our kit cleans up the back of your Street Twin with the brightest signals and brake light on the market! Our design follows the contour of the seat and lights up ALL the way around providing an incredible signal replacement. This kit also provides a belly pan to protect your seat underneath the bike.

Our license plate bracket is constructed from aluminum, black powder coated, and tucks up underneath your Street Twin, providing a very clean finish, as well as giving you extremely bright LED signals! Accomodates both US and EU license plates.

Our plug & play kit saves you time and money on installation, and lets you plug right in and ride on!

A load equalizer is an optional module that will slow the flash rate. As is, it will flash a little faster than stock.",38700,,2026-07-26,active,New Rage Cycles,2000,g,New Rage Cycles Tail Tidy for Triumph Street Twin | Mile 27 Store,NRC hits the market with a plug and play fender eliminator kit for your Triumph Street Twin. Our kit cleans up the back of your…,,Cleaned noise; brand verified,High,false,Motorcycle Accessories > Tail Tidies,High,"Mapped from Shopify Type ""Tail Tidy""",new-rage-cycles-tail-tidy-for-triumph-street-twin-1|Default Title|price:38700.00|compare:|weight:2000|barcode:|qty:0,new-rage-cycles-tail-tidy-for-triumph-street-twin-1,1,https://cdn.shopify.com/s/files/1/0076/8301/4754/products/TWIN-FE-2.jpg?v=1564043940|pos:1|alt:New Rage Cycles New Rage Cycles Tail Tidy for Triumph Street Twin – front view || https://cdn.shopify.com/s/files/1/0076/8301/4754/products/TWIN-FE-3.jpg?v=1564043942|pos:2|alt:New Rage Cycles New Rage Cycles Tail Tidy for Triumph Street Twin – side view || https://cdn.shopify.com/s/files/1/0076/8301/4754/products/TWIN-FE-4.jpg?v=1564043944|pos:3|alt:New Rage Cycles New Rage Cycles Tail Tidy for Triumph Street Twin – rear view,3,New Rage Cycles New Rage Cycles Tail Tidy for Triumph Street Twin – front view | New Rage Cycles New Rage Cycles Tail Tidy for Triumph Street Twin – side view | New Rage Cycles New Rage Cycles Tail Tidy for Triumph Street Twin – rear view,,0,,,,,,,,,false,not_eligible,,0,false,/products/new-rage-cycles-tail-tidy-for-triumph-street-twin,/products/new-rage-cycles-tail-tidy-for-triumph-street-twin
new-rage-cycles-led-fender-eliminator-for-bmw-s1000rr,new-rage-cycles-led-fender-eliminator-for-bmw-s1000rr,New Rage Cycles LED Fender Eliminator for BMW S1000RR 2015-18,New Rage Cycles LED Fender Eliminator for BMW S1000RR 2015-18,new-rage-cycles-led-fender-eliminator-for-bmw-s1000rr,The New Rage LED Fender Eliminator cleans up the back end on your S1K with flush mounted LED turn signals and a discrete plate mount… • CNC machined polycarbonate lenses. • CNC machined billet aluminum. • Black powder coated finish. • License plate mount and light included.,"The New Rage LED Fender Eliminator cleans up the back end on your S1K with flush mounted LED turn signals and a discrete plate mount that tucks underneath your tail. Polycarbonate lenses and 1mm super bright LEDs enhance the stealth look of this fender eliminator and the plug and play installation is a snap.<br><br>
<h3>Features:</h3>
<ul>
<li>CNC machined polycarbonate lenses</li>
<li>CNC machined billet aluminum </li>
<li>Black powder coated finish</li>
<li>License plate mount and light included</li>
<li>Does not require resistors (load equalizers)</li>
<li>Made in the USA</li>
</ul>","The New Rage LED Fender Eliminator cleans up the back end on your S1K with flush mounted LED turn signals and a discrete plate mount that tucks underneath your tail. Polycarbonate lenses and 1mm super bright LEDs enhance the stealth look of this fender eliminator and the plug and play installation is a snap.

Features:

• CNC machined polycarbonate lenses

• CNC machined billet aluminum 

• Black powder coated finish

• License plate mount and light included

• Does not require resistors (load equalizers)

• Made in the USA",32500,,2026-07-26,active,New Rage Cycles,2000,g,New Rage Cycles LED Fender Eliminator for BMW S1000RR 2015-18 …,The New Rage LED Fender Eliminator cleans up the back end on your S1K with flush mounted LED turn signals and a discrete plate mount… CNC machined…,CNC machined polycarbonate lenses | CNC machined billet aluminum | Black powder coated finish | License plate mount and light included,Cleaned noise; brand verified,High,false,Motorcycle Accessories > Tail Tidies,High,"Mapped from Shopify Type ""Tail Tidy""",new-rage-cycles-led-fender-eliminator-for-bmw-s1000rr-1|Default Title|price:32500.00|compare:|weight:2000|barcode:|qty:0,new-rage-cycles-led-fender-eliminator-for-bmw-s1000rr-1,1,https://cdn.shopify.com/s/files/1/0076/8301/4754/products/new_rage_cycles_fender_eliminator_bmws1000_rr_750x750_78d0d155-036c-4d31-9512-c07695c15f2a.jpg?v=1582879636|pos:1|alt:New Rage Cycles New Rage Cycles LED Fender Eliminator for BMW S1000RR 2015-18 – front view || https://cdn.shopify.com/s/files/1/0076/8301/4754/products/new_rage_cycles_fender_eliminator_bmws1000_rr_750x750_1.jpg?v=1582879636|pos:2|alt:New Rage Cycles New Rage Cycles LED Fender Eliminator for BMW S1000RR 2015-18 – side view || https://cdn.shopify.com/s/files/1/0076/8301/4754/products/new_rage_cycles_fender_eliminator_bmws1000_rr_750x750_2.jpg?v=1582879636|pos:3|alt:New Rage Cycles New Rage Cycles LED Fender Eliminator for BMW S1000RR 2015-18 – rear view,3,New Rage Cycles New Rage Cycles LED Fender Eliminator for BMW S1000RR 2015-18 – front view | New Rage Cycles New Rage Cycles LED Fender Eliminator for BMW S1000RR 2015-18 – side view | New Rage Cycles New Rage Cycles LED Fender Eliminator for BMW S1000RR 2015-18 – rear view,,0,New Rage Cycles LED Fender Eliminator for BMW S1000RR 2015-18,New Rage Cycles LED Fender Eliminator for BMW S1000RR 2015-18. The New Rage LED Fender Eliminator cleans up the back end on your S1K with flush mounted LED turn signals and a discrete plate mount… • CNC machined polycarbonate lenses.,CNC machined polycarbonate lenses. CNC machined billet aluminum.,,Black powder coated finish. License plate mount and light included.,,,New Rage Cycles LED Fender Eliminator for BMW S1000RR 2015-18 — a tail Tidy built to the specifications listed above.,true,draft,https://cdn.shopify.com/s/files/1/0076/8301/4754/products/new_rage_cycles_fender_eliminator_bmws1000_rr_750x750_78d0d155-036c-4d31-9512-c07695c15f2a.jpg?v=1582879636|role:hero || https://cdn.shopify.com/s/files/1/0076/8301/4754/products/new_rage_cycles_fender_eliminator_bmws1000_rr_750x750_1.jpg?v=1582879636|role:construction detail || https://cdn.shopify.com/s/files/1/0076/8301/4754/products/new_rage_cycles_fender_eliminator_bmws1000_rr_750x750_2.jpg?v=1582879636|role:side profile,3,false,/products/new-rage-cycles-led-fender-eliminator-for-bmw-s1000rr,/products/new-rage-cycles-led-fender-eliminator-for-bmw-s1000rr
new-rage-cycles-led-fender-eliminator-for-kawasaki-zx-6r,new-rage-cycles-led-fender-eliminator-for-kawasaki-zx-6r,New Rage Cycles LED Fender Eliminator for Kawasaki ZX-6R,New Rage Cycles LED Fender Eliminator for Kawasaki ZX-6R,new-rage-cycles-led-fender-eliminator-for-kawasaki-zx-6r,The New Rage LED Fender Eliminator cleans up the back end on your XSR with flush mounted LED turn signals and a discrete plate mount… • CNC machined polycarbonate lenses. • CNC machined billet aluminum. • Black powder coated finish. • License plate mount and light included.,"The New Rage LED Fender Eliminator cleans up the back end on your XSR with flush mounted LED turn signals and a discrete plate mount that tucks underneath your tail. Polycarbonate lenses and 1mm super bright LEDs enhance the stealth look of this fender eliminator and the plug and play installation is a snap.<br><br>
<h3>Features:</h3>
<ul>
<li>CNC machined polycarbonate lenses</li>
<li>CNC machined billet aluminum </li>
<li>Black powder coated finish</li>
<li>License plate mount and light included</li>
<li>Made in the USA</li>
</ul>","The New Rage LED Fender Eliminator cleans up the back end on your XSR with flush mounted LED turn signals and a discrete plate mount that tucks underneath your tail. Polycarbonate lenses and 1mm super bright LEDs enhance the stealth look of this fender eliminator and the plug and play installation is a snap.

Features:

• CNC machined polycarbonate lenses

• CNC machined billet aluminum 

• Black powder coated finish

• License plate mount and light included

• Made in the USA",23200,,2026-07-26,active,New Rage Cycles,2000,g,New Rage Cycles LED Fender Eliminator for Kawasaki ZX-6R | Mil…,The New Rage LED Fender Eliminator cleans up the back end on your XSR with flush mounted LED turn signals and a discrete plate mount… CNC machined…,CNC machined polycarbonate lenses | CNC machined billet aluminum | Black powder coated finish | License plate mount and light included,Cleaned noise; brand verified,High,false,Motorcycle Accessories > Tail Tidies,High,"Mapped from Shopify Type ""Tail Tidy""",new-rage-cycles-led-fender-eliminator-for-kawasaki-zx-6r-1|Default Title|price:23200.00|compare:|weight:2000|barcode:|qty:0,new-rage-cycles-led-fender-eliminator-for-kawasaki-zx-6r-1,1,https://cdn.shopify.com/s/files/1/0076/8301/4754/products/new_rage_cycles_zx6_r_fender_eliminator_tucked_750x750_de5f8837-444b-493f-8e51-25468430f4d2.jpg?v=1582883934|pos:1|alt:New Rage Cycles New Rage Cycles LED Fender Eliminator for Kawasaki ZX-6R – front view || https://cdn.shopify.com/s/files/1/0076/8301/4754/products/new_rage_cycles_zx6_r_fender_eliminator_tucked_750x750_1.jpg?v=1582883934|pos:2|alt:New Rage Cycles New Rage Cycles LED Fender Eliminator for Kawasaki ZX-6R – side view,2,New Rage Cycles New Rage Cycles LED Fender Eliminator for Kawasaki ZX-6R – front view | New Rage Cycles New Rage Cycles LED Fender Eliminator for Kawasaki ZX-6R – side view,,0,New Rage Cycles LED Fender Eliminator for Kawasaki ZX-6R,New Rage Cycles LED Fender Eliminator for Kawasaki ZX-6R. The New Rage LED Fender Eliminator cleans up the back end on your XSR with flush mounted LED turn signals and a discrete plate mount… • CNC machined polycarbonate lenses.,CNC machined polycarbonate lenses. CNC machined billet aluminum.,,Black powder coated finish. License plate mount and light included.,,,New Rage Cycles LED Fender Eliminator for Kawasaki ZX-6R — a tail Tidy built to the specifications listed above.,true,draft,https://cdn.shopify.com/s/files/1/0076/8301/4754/products/new_rage_cycles_zx6_r_fender_eliminator_tucked_750x750_de5f8837-444b-493f-8e51-25468430f4d2.jpg?v=1582883934|role:hero || https://cdn.shopify.com/s/files/1/0076/8301/4754/products/new_rage_cycles_zx6_r_fender_eliminator_tucked_750x750_1.jpg?v=1582883934|role:construction detail,2,false,/products/new-rage-cycles-led-fender-eliminator-for-kawasaki-zx-6r,/products/new-rage-cycles-led-fender-eliminator-for-kawasaki-zx-6r
new-rage-cycles-led-fender-eliminator-for-kawasaki-ninja-400,new-rage-cycles-led-fender-eliminator-for-kawasaki-ninja-400,New Rage Cycles LED Fender Eliminator for Kawasaki Ninja 400,New Rage Cycles LED Fender Eliminator for Kawasaki Ninja 400,new-rage-cycles-led-fender-eliminator-for-kawasaki-ninja-400,The New Rage LED Fender Eliminator cleans up the back end on your ride with flush mounted LED turn signals and a discrete plate mount… • CNC machined polycarbonate lenses. • CNC machined billet aluminum. • Black textured finish. • License plate mount included.,"The New Rage LED Fender Eliminator cleans up the back end on your ride with flush mounted LED turn signals and a discrete plate mount that tucks underneath your tail. Polycarbonate lenses and 1mm super bright LEDs enhance the stealth look of this fender eliminator and the plug and play installation is a snap.<br><br>
<h3>Features:</h3>
<ul>
<li>CNC machined polycarbonate lenses</li>
<li>CNC machined billet aluminum </li>
<li>Black textured finish</li>
<li>License plate mount included</li>
<li>Made in the USA</li>
</ul>","The New Rage LED Fender Eliminator cleans up the back end on your ride with flush mounted LED turn signals and a discrete plate mount that tucks underneath your tail. Polycarbonate lenses and 1mm super bright LEDs enhance the stealth look of this fender eliminator and the plug and play installation is a snap.

Features:

• CNC machined polycarbonate lenses

• CNC machined billet aluminum 

• Black textured finish

• License plate mount included

• Made in the USA",24800,,2026-07-26,active,New Rage Cycles,2000,g,New Rage Cycles LED Fender Eliminator for Kawasaki Ninja 400 |…,The New Rage LED Fender Eliminator cleans up the back end on your ride with flush mounted LED turn signals and a discrete plate mount… CNC machined…,CNC machined polycarbonate lenses | CNC machined billet aluminum | Black textured finish | License plate mount included,Cleaned noise; brand verified,High,false,Motorcycle Accessories > Tail Tidies,High,"Mapped from Shopify Type ""Tail Tidy""",new-rage-cycles-led-fender-eliminator-for-kawasaki-ninja-400-1|Default Title|price:24800.00|compare:|weight:2000|barcode:|qty:0,new-rage-cycles-led-fender-eliminator-for-kawasaki-ninja-400-1,1,https://cdn.shopify.com/s/files/1/0076/8301/4754/products/new_rage_cycles_kawasaki_ninja400_fender_eliminator_750x750_1.jpg?v=1582884914|pos:1|alt:New Rage Cycles New Rage Cycles LED Fender Eliminator for Kawasaki Ninja 400 – front view || https://cdn.shopify.com/s/files/1/0076/8301/4754/products/new_rage_cycles_kawasaki_ninja400_fender_eliminator_750x750_2.jpg?v=1582884914|pos:2|alt:New Rage Cycles New Rage Cycles LED Fender Eliminator for Kawasaki Ninja 400 – side view || https://cdn.shopify.com/s/files/1/0076/8301/4754/products/new_rage_cycles_kawasaki_ninja400_fender_eliminator_750x750_3.jpg?v=1582884914|pos:3|alt:New Rage Cycles New Rage Cycles LED Fender Eliminator for Kawasaki Ninja 400 – rear view || https://cdn.shopify.com/s/files/1/0076/8301/4754/products/new_rage_cycles_kawasaki_ninja400_fender_eliminator_750x750_67fad195-1cc4-4363-8811-dfff61deae17.jpg?v=1582884914|pos:4|alt:New Rage Cycles New Rage Cycles LED Fender Eliminator for Kawasaki Ninja 400 – detail view,4,New Rage Cycles New Rage Cycles LED Fender Eliminator for Kawasaki Ninja 400 – front view | New Rage Cycles New Rage Cycles LED Fender Eliminator for Kawasaki Ninja 400 – side view | New Rage Cycles New Rage Cycles LED Fender Eliminator for Kawasaki Ninja 400 – rear view | New Rage Cycles New Rage Cycles LED Fender Eliminator for Kawasaki Ninja 400 – detail view,,0,New Rage Cycles LED Fender Eliminator for Kawasaki Ninja 400,New Rage Cycles LED Fender Eliminator for Kawasaki Ninja 400. The New Rage LED Fender Eliminator cleans up the back end on your ride with flush mounted LED turn signals and a discrete plate mount… • CNC machined polycarbonate lenses.,CNC machined polycarbonate lenses. CNC machined billet aluminum.,,Black textured finish. License plate mount included.,,,New Rage Cycles LED Fender Eliminator for Kawasaki Ninja 400 — a tail Tidy built to the specifications listed above.,true,draft,https://cdn.shopify.com/s/files/1/0076/8301/4754/products/new_rage_cycles_kawasaki_ninja400_fender_eliminator_750x750_1.jpg?v=1582884914|role:hero || https://cdn.shopify.com/s/files/1/0076/8301/4754/products/new_rage_cycles_kawasaki_ninja400_fender_eliminator_750x750_2.jpg?v=1582884914|role:construction detail || https://cdn.shopify.com/s/files/1/0076/8301/4754/products/new_rage_cycles_kawasaki_ninja400_fender_eliminator_750x750_3.jpg?v=1582884914|role:side profile,3,false,/products/new-rage-cycles-led-fender-eliminator-for-kawasaki-ninja-400,/products/new-rage-cycles-led-fender-eliminator-for-kawasaki-ninja-400
new-rage-cycles-led-fender-eliminator-for-yamaha-mt-09,new-rage-cycles-led-fender-eliminator-for-yamaha-mt-09,New Rage Cycles LED Fender Eliminator for Yamaha MT-09,New Rage Cycles LED Fender Eliminator for Yamaha MT-09,new-rage-cycles-led-fender-eliminator-for-yamaha-mt-09,The New Rage LED Fender Eliminator cleans up the back end on your ride with flush mounted LED turn signals and a discrete plate mount… • CNC machined polycarbonate lenses. • CNC machined billet aluminum. • Black powder coated finish. • License plate mount and light included.,"The New Rage LED Fender Eliminator cleans up the back end on your ride with flush mounted LED turn signals and a discrete plate mount that tucks underneath your tail. Polycarbonate lenses and 1mm super bright LEDs enhance the stealth look of this fender eliminator and the plug and play installation is a snap.<br><br>
<h3>Features:</h3>
<ul>
<li>CNC machined polycarbonate lenses</li>
<li>CNC machined billet aluminum </li>
<li>Black powder coated finish</li>
<li>License plate mount and light included</li>
<li>Includes replacement chain adjust block</li>
<li>Side Mounted option supports vertical or horizontal mounting</li>
<li>Made in the USA</li>
</ul>","The New Rage LED Fender Eliminator cleans up the back end on your ride with flush mounted LED turn signals and a discrete plate mount that tucks underneath your tail. Polycarbonate lenses and 1mm super bright LEDs enhance the stealth look of this fender eliminator and the plug and play installation is a snap.

Features:

• CNC machined polycarbonate lenses

• CNC machined billet aluminum 

• Black powder coated finish

• License plate mount and light included

• Includes replacement chain adjust block

• Side Mounted option supports vertical or horizontal mounting

• Made in the USA",28700,,2026-07-26,active,New Rage Cycles,2000,g,New Rage Cycles LED Fender Eliminator for Yamaha MT-09 | Mile …,The New Rage LED Fender Eliminator cleans up the back end on your ride with flush mounted LED turn signals and a discrete plate mount… CNC machined…,CNC machined polycarbonate lenses | CNC machined billet aluminum | Black powder coated finish | License plate mount and light included,Cleaned noise; brand verified,High,false,Motorcycle Accessories > Tail Tidies,High,"Mapped from Shopify Type ""Tail Tidy""",new-rage-cycles-led-fender-eliminator-for-yamaha-mt-09-1|Variant:LED Signals With Tucked Plate|price:28700.00|compare:|weight:2000|barcode:|qty:0 | new-rage-cycles-led-fender-eliminator-for-yamaha-mt-09-2|Variant:LED Signals With Side Mounted Plate|price:51100.00|compare:|weight:2000|barcode:|qty:0,"new-rage-cycles-led-fender-eliminator-for-yamaha-mt-09-1,new-rage-cycles-led-fender-eliminator-for-yamaha-mt-09-2",2,https://cdn.shopify.com/s/files/1/0076/8301/4754/products/new_rage_cycles_yamaha_mt09_fender_eliminator2017_present_tucked_plate_750x750_7f48b2da-95c1-46e9-93a9-520247d7486d.jpg?v=1582886648|pos:1|alt:New Rage Cycles New Rage Cycles LED Fender Eliminator for Yamaha MT-09 – front view || https://cdn.shopify.com/s/files/1/0076/8301/4754/products/new_rage_cycles_yamaha_mt09_fender_eliminator2017_present_tucked_plate_750x750_1.jpg?v=1582886648|pos:2|alt:New Rage Cycles New Rage Cycles LED Fender Eliminator for Yamaha MT-09 – side view || https://cdn.shopify.com/s/files/1/0076/8301/4754/products/new_rage_cycles_yamaha_mt09_fender_eliminator2017_present_tucked_plate_750x750_2.jpg?v=1582886648|pos:3|alt:New Rage Cycles New Rage Cycles LED Fender Eliminator for Yamaha MT-09 – rear view || https://cdn.shopify.com/s/files/1/0076/8301/4754/products/new_rage_cycles_yamaha_mt09_fender_eliminator2017_present_side_mounted_plate_750x750_c0222b55-35cd-4cc7-a797-e09976d38470.jpg?v=1582886648|pos:4|alt:New Rage Cycles New Rage Cycles LED Fender Eliminator for Yamaha MT-09 – detail view,4,New Rage Cycles New Rage Cycles LED Fender Eliminator for Yamaha MT-09 – front view | New Rage Cycles New Rage Cycles LED Fender Eliminator for Yamaha MT-09 – side view | New Rage Cycles New Rage Cycles LED Fender Eliminator for Yamaha MT-09 – rear view | New Rage Cycles New Rage Cycles LED Fender Eliminator for Yamaha MT-09 – detail view,,0,New Rage Cycles LED Fender Eliminator for Yamaha MT-09,New Rage Cycles LED Fender Eliminator for Yamaha MT-09. The New Rage LED Fender Eliminator cleans up the back end on your ride with flush mounted LED turn signals and a discrete plate mount… • CNC machined polycarbonate lenses.,CNC machined polycarbonate lenses. CNC machined billet aluminum.,,Black powder coated finish. License plate mount and light included.,,,New Rage Cycles LED Fender Eliminator for Yamaha MT-09 — a tail Tidy built to the specifications listed above.,true,draft,https://cdn.shopify.com/s/files/1/0076/8301/4754/products/new_rage_cycles_yamaha_mt09_fender_eliminator2017_present_tucked_plate_750x750_7f48b2da-95c1-46e9-93a9-520247d7486d.jpg?v=1582886648|role:hero || https://cdn.shopify.com/s/files/1/0076/8301/4754/products/new_rage_cycles_yamaha_mt09_fender_eliminator2017_present_tucked_plate_750x750_1.jpg?v=1582886648|role:construction detail || https://cdn.shopify.com/s/files/1/0076/8301/4754/products/new_rage_cycles_yamaha_mt09_fender_eliminator2017_present_tucked_plate_750x750_2.jpg?v=1582886648|role:side profile,3,false,/products/new-rage-cycles-led-fender-eliminator-for-yamaha-mt-09,/products/new-rage-cycles-led-fender-eliminator-for-yamaha-mt-09
new-rage-cycles-led-fender-eliminator-for-aprilia-rsv4-rr,new-rage-cycles-led-fender-eliminator-for-aprilia-rsv4-rr,New Rage Cycles LED Fender Eliminator for Aprilia RSV4 RR,New Rage Cycles LED Fender Eliminator for Aprilia RSV4 RR,new-rage-cycles-led-fender-eliminator-for-aprilia-rsv4-rr,The New Rage LED Fender Eliminator cleans up the back end on your bike with flush mounted LED turn signals and a discrete plate mount… • Adjustable plate bracket included. • CNC machined polycarbonate lenses. • CNC machined billet aluminum. • Black powder coated finish.,"The New Rage LED Fender Eliminator cleans up the back end on your bike with flush mounted LED turn signals and a discrete plate mount that tucks underneath your tail. Polycarbonate lenses and 1mm super bright LEDs enhance the stealth look of this fender eliminator and the plug and play installation is a snap. Includes adjustable license plate bracket to secure plate in either standard or tucked position.<br><br>
<h3>Features:</h3>
<ul>
<li>Adjustable plate bracket included</li>
<li>CNC machined polycarbonate lenses</li>
<li>CNC machined billet aluminum </li>
<li>Black powder coated finish</li>
<li>Made in the USA</li>
</ul>","The New Rage LED Fender Eliminator cleans up the back end on your bike with flush mounted LED turn signals and a discrete plate mount that tucks underneath your tail. Polycarbonate lenses and 1mm super bright LEDs enhance the stealth look of this fender eliminator and the plug and play installation is a snap. Includes adjustable license plate bracket to secure plate in either standard or tucked position.

Features:

• Adjustable plate bracket included

• CNC machined polycarbonate lenses

• CNC machined billet aluminum 

• Black powder coated finish

• Made in the USA",27100,,2026-07-26,active,New Rage Cycles,2000,g,New Rage Cycles LED Fender Eliminator for Aprilia RSV4 RR | Mi…,The New Rage LED Fender Eliminator cleans up the back end on your bike with flush mounted LED turn signals and a discrete plate mount… Adjustable plate…,Adjustable plate bracket included | CNC machined polycarbonate lenses | CNC machined billet aluminum | Black powder coated finish,Cleaned noise; brand verified,High,false,Motorcycle Accessories > Tail Tidies,High,"Mapped from Shopify Type ""Tail Tidy""",new-rage-cycles-led-fender-eliminator-for-aprilia-rsv4-rr-1|Default Title|price:27100.00|compare:|weight:2000|barcode:|qty:0,new-rage-cycles-led-fender-eliminator-for-aprilia-rsv4-rr-1,1,https://cdn.shopify.com/s/files/1/0076/8301/4754/products/new_rage_cycles_led_fender_eliminator_aprilia_tuono_v41100_750x750_67ff76c8-2254-47e8-846b-b625681df9b0.jpg?v=1582888143|pos:1|alt:New Rage Cycles New Rage Cycles LED Fender Eliminator for Aprilia RSV4 RR – front view || https://cdn.shopify.com/s/files/1/0076/8301/4754/products/new_rage_cycles_led_fender_eliminator_aprilia_tuono_v41100_750x750_1.jpg?v=1582888143|pos:2|alt:New Rage Cycles New Rage Cycles LED Fender Eliminator for Aprilia RSV4 RR – side view || https://cdn.shopify.com/s/files/1/0076/8301/4754/products/new_rage_cycles_led_fender_eliminator_aprilia_tuono_v41100_750x750_2.jpg?v=1582888143|pos:3|alt:New Rage Cycles New Rage Cycles LED Fender Eliminator for Aprilia RSV4 RR – rear view || https://cdn.shopify.com/s/files/1/0076/8301/4754/products/new_rage_cycles_led_fender_eliminator_aprilia_tuono_v41100_750x750_3.jpg?v=1582888143|pos:4|alt:New Rage Cycles New Rage Cycles LED Fender Eliminator for Aprilia RSV4 RR – detail view || https://cdn.shopify.com/s/files/1/0076/8301/4754/products/new_rage_cycles_led_fender_eliminator_aprilia_tuono_v41100_750x750_4.jpg?v=1582888143|pos:5|alt:New Rage Cycles New Rage Cycles LED Fender Eliminator for Aprilia RSV4 RR – top view,5,New Rage Cycles New Rage Cycles LED Fender Eliminator for Aprilia RSV4 RR – front view | New Rage Cycles New Rage Cycles LED Fender Eliminator for Aprilia RSV4 RR – side view | New Rage Cycles New Rage Cycles LED Fender Eliminator for Aprilia RSV4 RR – rear view | New Rage Cycles New Rage Cycles LED Fender Eliminator for Aprilia RSV4 RR – detail view | New Rage Cycles New Rage Cycles LED Fender Eliminator for Aprilia RSV4 RR – top view,,0,New Rage Cycles LED Fender Eliminator for Aprilia RSV4 RR,New Rage Cycles LED Fender Eliminator for Aprilia RSV4 RR. The New Rage LED Fender Eliminator cleans up the back end on your bike with flush mounted LED turn signals and a discrete plate mount… • Adjustable plate bracket included.,CNC machined polycarbonate lenses. CNC machined billet aluminum.,,Adjustable plate bracket included. Black powder coated finish.,,,New Rage Cycles LED Fender Eliminator for Aprilia RSV4 RR — a tail Tidy built to the specifications listed above.,true,draft,https://cdn.shopify.com/s/files/1/0076/8301/4754/products/new_rage_cycles_led_fender_eliminator_aprilia_tuono_v41100_750x750_67ff76c8-2254-47e8-846b-b625681df9b0.jpg?v=1582888143|role:hero || https://cdn.shopify.com/s/files/1/0076/8301/4754/products/new_rage_cycles_led_fender_eliminator_aprilia_tuono_v41100_750x750_1.jpg?v=1582888143|role:construction detail || https://cdn.shopify.com/s/files/1/0076/8301/4754/products/new_rage_cycles_led_fender_eliminator_aprilia_tuono_v41100_750x750_2.jpg?v=1582888143|role:side profile,3,false,/products/new-rage-cycles-led-fender-eliminator-for-aprilia-rsv4-rr,/products/new-rage-cycles-led-fender-eliminator-for-aprilia-rsv4-rr
new-rage-cycles-led-fender-eliminator-for-aprilia-rsv4-rf,new-rage-cycles-led-fender-eliminator-for-aprilia-rsv4-rf,New Rage Cycles LED Fender Eliminator for Aprilia RSV4 RF,New Rage Cycles LED Fender Eliminator for Aprilia RSV4 RF,new-rage-cycles-led-fender-eliminator-for-aprilia-rsv4-rf,The New Rage LED Fender Eliminator cleans up the back end on your bike with flush mounted LED turn signals and a discrete plate mount… • Adjustable plate bracket included. • CNC machined polycarbonate lenses. • CNC machined billet aluminum. • Black powder coated finish.,"The New Rage LED Fender Eliminator cleans up the back end on your bike with flush mounted LED turn signals and a discrete plate mount that tucks underneath your tail. Polycarbonate lenses and 1mm super bright LEDs enhance the stealth look of this fender eliminator and the plug and play installation is a snap. Includes adjustable license plate bracket to secure plate in either standard or tucked position.<br><br>
<h3>Features:</h3>
<ul>
<li>Adjustable plate bracket included</li>
<li>CNC machined polycarbonate lenses</li>
<li>CNC machined billet aluminum </li>
<li>Black powder coated finish</li>
<li>Made in the USA</li>
</ul>","The New Rage LED Fender Eliminator cleans up the back end on your bike with flush mounted LED turn signals and a discrete plate mount that tucks underneath your tail. Polycarbonate lenses and 1mm super bright LEDs enhance the stealth look of this fender eliminator and the plug and play installation is a snap. Includes adjustable license plate bracket to secure plate in either standard or tucked position.

Features:

• Adjustable plate bracket included

• CNC machined polycarbonate lenses

• CNC machined billet aluminum 

• Black powder coated finish

• Made in the USA",27100,,2026-07-26,active,New Rage Cycles,2000,g,New Rage Cycles LED Fender Eliminator for Aprilia RSV4 RF | Mi…,The New Rage LED Fender Eliminator cleans up the back end on your bike with flush mounted LED turn signals and a discrete plate mount… Adjustable plate…,Adjustable plate bracket included | CNC machined polycarbonate lenses | CNC machined billet aluminum | Black powder coated finish,Cleaned noise; brand verified,High,false,Motorcycle Accessories > Tail Tidies,High,"Mapped from Shopify Type ""Tail Tidy""",new-rage-cycles-led-fender-eliminator-for-aprilia-rsv4-rf-1|Default Title|price:27100.00|compare:|weight:2000|barcode:|qty:0,new-rage-cycles-led-fender-eliminator-for-aprilia-rsv4-rf-1,1,https://cdn.shopify.com/s/files/1/0076/8301/4754/products/new_rage_cycles_led_fender_eliminator_aprilia_tuono_v41100_750x750_f2be53e7-04a7-44c3-8d1d-4a0444f75595.jpg?v=1582889904|pos:1|alt:New Rage Cycles New Rage Cycles LED Fender Eliminator for Aprilia RSV4 RF – front view || https://cdn.shopify.com/s/files/1/0076/8301/4754/products/new_rage_cycles_led_fender_eliminator_aprilia_tuono_v41100_750x750_1_028ccd83-193e-45cb-bbf3-8b942d1add2e.jpg?v=1582889904|pos:2|alt:New Rage Cycles New Rage Cycles LED Fender Eliminator for Aprilia RSV4 RF – side view || https://cdn.shopify.com/s/files/1/0076/8301/4754/products/new_rage_cycles_led_fender_eliminator_aprilia_tuono_v41100_750x750_2_3cdd6a4b-9841-4694-a134-7216fe2aa4f1.jpg?v=1582889904|pos:3|alt:New Rage Cycles New Rage Cycles LED Fender Eliminator for Aprilia RSV4 RF – rear view || https://cdn.shopify.com/s/files/1/0076/8301/4754/products/new_rage_cycles_led_fender_eliminator_aprilia_tuono_v41100_750x750_3_116dc4a2-09e2-4e28-ae80-32c69396b411.jpg?v=1582889904|pos:4|alt:New Rage Cycles New Rage Cycles LED Fender Eliminator for Aprilia RSV4 RF – detail view || https://cdn.shopify.com/s/files/1/0076/8301/4754/products/new_rage_cycles_led_fender_eliminator_aprilia_tuono_v41100_750x750_4_cef6eb44-827e-4613-bacb-7288e97c604f.jpg?v=1582889904|pos:5|alt:New Rage Cycles New Rage Cycles LED Fender Eliminator for Aprilia RSV4 RF – top view,5,New Rage Cycles New Rage Cycles LED Fender Eliminator for Aprilia RSV4 RF – front view | New Rage Cycles New Rage Cycles LED Fender Eliminator for Aprilia RSV4 RF – side view | New Rage Cycles New Rage Cycles LED Fender Eliminator for Aprilia RSV4 RF – rear view | New Rage Cycles New Rage Cycles LED Fender Eliminator for Aprilia RSV4 RF – detail view | New Rage Cycles New Rage Cycles LED Fender Eliminator for Aprilia RSV4 RF – top view,,0,New Rage Cycles LED Fender Eliminator for Aprilia RSV4 RF,New Rage Cycles LED Fender Eliminator for Aprilia RSV4 RF. The New Rage LED Fender Eliminator cleans up the back end on your bike with flush mounted LED turn signals and a discrete plate mount… • Adjustable plate bracket included.,CNC machined polycarbonate lenses. CNC machined billet aluminum.,,Adjustable plate bracket included. Black powder coated finish.,,,New Rage Cycles LED Fender Eliminator for Aprilia RSV4 RF — a tail Tidy built to the specifications listed above.,true,draft,https://cdn.shopify.com/s/files/1/0076/8301/4754/products/new_rage_cycles_led_fender_eliminator_aprilia_tuono_v41100_750x750_f2be53e7-04a7-44c3-8d1d-4a0444f75595.jpg?v=1582889904|role:hero || https://cdn.shopify.com/s/files/1/0076/8301/4754/products/new_rage_cycles_led_fender_eliminator_aprilia_tuono_v41100_750x750_1_028ccd83-193e-45cb-bbf3-8b942d1add2e.jpg?v=1582889904|role:construction detail || https://cdn.shopify.com/s/files/1/0076/8301/4754/products/new_rage_cycles_led_fender_eliminator_aprilia_tuono_v41100_750x750_2_3cdd6a4b-9841-4694-a134-7216fe2aa4f1.jpg?v=1582889904|role:side profile,3,false,/products/new-rage-cycles-led-fender-eliminator-for-aprilia-rsv4-rf,/products/new-rage-cycles-led-fender-eliminator-for-aprilia-rsv4-rf
new-rage-cycles-mirror-block-off-led-turn-signals-for-ducati-panigale-v4,new-rage-cycles-mirror-block-off-led-turn-signals-for-ducati-panigale-v4,New Rage Cycles Mirror Block Off LED Turn Signals for Ducati Panigale V4,New Rage Cycles Mirror Block Off LED Turn Signals for Ducati Panigale V4,new-rage-cycles-mirror-block-off-led-turn-signals-for-ducati-panigale-v4,Pre Order Import on Order only • CNC machined polycarbonate. • CNC machined aluminum. • Plug and play connection. • Resistors (load equalizers) not required.,"[des]
<div class=""delivery_oder"">
<p><strong>Pre Order </strong><span> Import on Order only</span></p>
<p><strong>Delivery Time</strong> 25-30<span> Days</span></p>
</div>
<p>[/des]</p>
<p>These sleek signals replace the stock mirrors on your bike. They serve as mirror block off plates and turn signals in one! These mount flush to the same location the mirrors were.</p>
<h3>Features:</h3>
<ul>
<li>CNC machined polycarbonate</li>
<li>CNC machined aluminum</li>
<li>Plug and play connection</li>
<li>Resistors (load equalizers) not required</li>
<li>Sold as a pair</li>
<li>Made in the USA</li>
</ul>","[des]

Pre Order  Import on Order only

Delivery Time 25-30 Days

[/des]

These sleek signals replace the stock mirrors on your bike. They serve as mirror block off plates and turn signals in one! These mount flush to the same location the mirrors were.

Features:

• CNC machined polycarbonate

• CNC machined aluminum

• Plug and play connection

• Resistors (load equalizers) not required

• Sold as a pair

• Made in the USA",19000,,2026-07-26,active,New Rage Cycles,1000,g,New Rage Cycles Mirror Block Off LED Turn Signals for Ducati P…,Pre Order Import on Order only CNC machined polycarbonate. CNC machined aluminum. Plug and play connection. Resistors (load equalizers) not required.,CNC machined polycarbonate | CNC machined aluminum | Plug and play connection | Resistors (load equalizers) not required,Cleaned noise; brand verified,High,false,Motorcycle Accessories > Mirrors,High,"Refined by title keyword: ""\b(mirror)\b""",new-rage-cycles-mirror-block-off-led-turn-signals-for-ducati-panigale-v4-1|Default Title|price:19000.00|compare:|weight:1000|barcode:|qty:0,new-rage-cycles-mirror-block-off-led-turn-signals-for-ducati-panigale-v4-1,1,https://cdn.shopify.com/s/files/1/0076/8301/4754/products/new_rage_cycles_ducati_panigale_v4_mirror_block_off_turn_signals_750x750_89f9c93e-9354-4774-8d5b-11f3b8938ffb.jpg?v=1615194802|pos:1|alt:New Rage Cycles New Rage Cycles Mirror Block Off LED Turn Signals for Ducati Panigale V4 – front view || https://cdn.shopify.com/s/files/1/0076/8301/4754/products/new_rage_cycles_ducati_panigale_v4_mirror_block_off_turn_signals_750x750_1.jpg?v=1615194802|pos:2|alt:New Rage Cycles New Rage Cycles Mirror Block Off LED Turn Signals for Ducati Panigale V4 – side view || https://cdn.shopify.com/s/files/1/0076/8301/4754/products/new_rage_cycles_ducati_panigale_v4_mirror_block_off_turn_signals_750x750_2.jpg?v=1615194802|pos:3|alt:New Rage Cycles New Rage Cycles Mirror Block Off LED Turn Signals for Ducati Panigale V4 – rear view,3,New Rage Cycles New Rage Cycles Mirror Block Off LED Turn Signals for Ducati Panigale V4 – front view | New Rage Cycles New Rage Cycles Mirror Block Off LED Turn Signals for Ducati Panigale V4 – side view | New Rage Cycles New Rage Cycles Mirror Block Off LED Turn Signals for Ducati Panigale V4 – rear view,,0,New Rage Cycles Mirror Block Off LED Turn Signals for Ducati Panigale V4,New Rage Cycles Mirror Block Off LED Turn Signals for Ducati Panigale V4. Pre Order Import on Order only • CNC machined polycarbonate.,CNC machined polycarbonate. CNC machined aluminum.,,Plug and play connection. Resistors (load equalizers) not required.,,,New Rage Cycles Mirror Block Off LED Turn Signals for Ducati Panigale V4 — a mirror built to the specifications listed above.,true,draft,https://cdn.shopify.com/s/files/1/0076/8301/4754/products/new_rage_cycles_ducati_panigale_v4_mirror_block_off_turn_signals_750x750_89f9c93e-9354-4774-8d5b-11f3b8938ffb.jpg?v=1615194802|role:hero || https://cdn.shopify.com/s/files/1/0076/8301/4754/products/new_rage_cycles_ducati_panigale_v4_mirror_block_off_turn_signals_750x750_1.jpg?v=1615194802|role:construction detail || https://cdn.shopify.com/s/files/1/0076/8301/4754/products/new_rage_cycles_ducati_panigale_v4_mirror_block_off_turn_signals_750x750_2.jpg?v=1615194802|role:side profile,3,false,/products/new-rage-cycles-mirror-block-off-led-turn-signals-for-ducati-panigale-v4,/products/new-rage-cycles-mirror-block-off-led-turn-signals-for-ducati-panigale-v4
new-rage-cycles-tail-taidy-for-ducati-panigale-v2,new-rage-cycles-tail-taidy-for-ducati-panigale-v2,New Rage Cycles Tail Taidy for Ducati Panigale V2,New Rage Cycles Tail Taidy for Ducati Panigale V2,new-rage-cycles-tail-taidy-for-ducati-panigale-v2,Fender Eliminator from New Rage Cycles for the newly released Ducati Panigale V2.- Allows you to mount license plate in 'Standard' or 'Tucked' position -…,"<span data-mce-fragment=""1"">Fender Eliminator from New Rage Cycles for the newly released Ducati Panigale V2.</span><br data-mce-fragment=""1""><br data-mce-fragment=""1""><span data-mce-fragment=""1"">- Allows you to mount license plate in 'Standard' or 'Tucked' position - hardware provided for both and can be swapped anytime</span><br data-mce-fragment=""1""><span data-mce-fragment=""1"">- Plug &amp; play saving you time and money on installation, and lets you plug right in and ride on</span><br data-mce-fragment=""1""><span data-mce-fragment=""1"">- Install in less than 30 minutes</span><br data-mce-fragment=""1""><span data-mce-fragment=""1"">- No resistors or added components whatsoever</span><br data-mce-fragment=""1""><span data-mce-fragment=""1"">- Brightest LEDs in the market</span><br data-mce-fragment=""1""><span data-mce-fragment=""1"">- Made in the NRC facility in New York</span>","Fender Eliminator from New Rage Cycles for the newly released Ducati Panigale V2.- Allows you to mount license plate in 'Standard' or 'Tucked' position - hardware provided for both and can be swapped anytime- Plug & play saving you time and money on installation, and lets you plug right in and ride on- Install in less than 30 minutes- No resistors or added components whatsoever- Brightest LEDs in the market- Made in the NRC facility in New York",28800,,2026-07-26,active,New Rage Cycles,2000,g,New Rage Cycles Tail Taidy for Ducati Panigale V2 | Mile 27 Store,Fender Eliminator from New Rage Cycles for the newly released Ducati Panigale V2.- Allows you to mount license plate in 'Standard' or 'Tucked' position -…,,Cleaned noise; brand verified,High,false,Motorcycle Accessories > Tail Tidies,High,"Mapped from Shopify Type ""Tail Tidy""",new-rage-cycles-tail-taidy-for-ducati-panigale-v2-1|Default Title|price:28800.00|compare:|weight:2000|barcode:|qty:0,new-rage-cycles-tail-taidy-for-ducati-panigale-v2-1,1,https://cdn.shopify.com/s/files/1/0076/8301/4754/products/Screenshot_2_23b987a4-be12-48d4-a96c-e85bf87ff433.png?v=1618808422|pos:1|alt:New Rage Cycles New Rage Cycles Tail Taidy for Ducati Panigale V2 – front view || https://cdn.shopify.com/s/files/1/0076/8301/4754/products/Screenshot_1_7560c759-2f01-4b12-a7ed-132df174a9a9.png?v=1618808422|pos:2|alt:New Rage Cycles New Rage Cycles Tail Taidy for Ducati Panigale V2 – side view,2,New Rage Cycles New Rage Cycles Tail Taidy for Ducati Panigale V2 – front view | New Rage Cycles New Rage Cycles Tail Taidy for Ducati Panigale V2 – side view,,0,,,,,,,,,false,not_eligible,,0,false,/products/new-rage-cycles-tail-taidy-for-ducati-panigale-v2,/products/new-rage-cycles-tail-taidy-for-ducati-panigale-v2
new-rage-cycles-tail-tidy-for-ducati-panigale-1199-2013-14,new-rage-cycles-tail-tidy-for-ducati-panigale-1199-2013-14,New Rage Cycles Tail Tidy for Ducati Panigale 1199 2013-14,New Rage Cycles Tail Tidy for Ducati Panigale 1199 2013-14,new-rage-cycles-tail-tidy-for-ducati-panigale-1199-2013-14,The New Rage LED Fender Eliminator cleans up the back end on your 1199 with flush mounted LED turn signals and a discrete plate mount… • CNC machined polycarbonate lenses. • CNC machined billet aluminum. • Black powder coated finish. • License plate mount and light included.,"The New Rage LED Fender Eliminator cleans up the back end on your 1199 with flush mounted LED turn signals and a discrete plate mount that tucks underneath your tail. Polycarbonate lenses and 1mm super bright LEDs enhance the stealth look of this fender eliminator and the plug and play installation is a snap.<br><br>
<h3 data-mce-fragment=""1"">Features:</h3>
<ul data-mce-fragment=""1"">
<li data-mce-fragment=""1"">CNC machined polycarbonate lenses</li>
<li data-mce-fragment=""1"">CNC machined billet aluminum </li>
<li data-mce-fragment=""1"">Black powder coated finish</li>
<li data-mce-fragment=""1"">License plate mount and light included</li>
<li data-mce-fragment=""1"">Plug and play connection</li>
<li data-mce-fragment=""1"">Does not require resistors (load equalizers)</li>
<li data-mce-fragment=""1"">Made in the USA</li>
</ul>","The New Rage LED Fender Eliminator cleans up the back end on your 1199 with flush mounted LED turn signals and a discrete plate mount that tucks underneath your tail. Polycarbonate lenses and 1mm super bright LEDs enhance the stealth look of this fender eliminator and the plug and play installation is a snap.

Features:

• CNC machined polycarbonate lenses

• CNC machined billet aluminum 

• Black powder coated finish

• License plate mount and light included

• Plug and play connection

• Does not require resistors (load equalizers)

• Made in the USA",24222,,2026-07-26,active,New Rage Cycles,2000,g,New Rage Cycles Tail Tidy for Ducati Panigale 1199 2013-14 | M…,The New Rage LED Fender Eliminator cleans up the back end on your 1199 with flush mounted LED turn signals and a discrete plate mount… CNC machined…,CNC machined polycarbonate lenses | CNC machined billet aluminum | Black powder coated finish | License plate mount and light included,Cleaned noise; brand verified,High,false,Motorcycle Accessories > Tail Tidies,High,"Mapped from Shopify Type ""Tail Tidy""",new-rage-cycles-tail-tidy-for-ducati-panigale-1199-2013-14-1|Default Title|price:24222.00|compare:|weight:2000|barcode:|qty:0,new-rage-cycles-tail-tidy-for-ducati-panigale-1199-2013-14-1,1,https://cdn.shopify.com/s/files/1/0076/8301/4754/products/new_rage_cycles_fender_eliminator_ducati1199_panigale_rollover.jpg?v=1668167538|pos:1|alt:New Rage Cycles New Rage Cycles Tail Tidy for Ducati Panigale 1199 2013-14 – front view || https://cdn.shopify.com/s/files/1/0076/8301/4754/products/new_rage_cycles_fender_eliminator_ducati1199_panigale_750x750_1.jpg?v=1668167536|pos:2|alt:New Rage Cycles New Rage Cycles Tail Tidy for Ducati Panigale 1199 2013-14 – side view || https://cdn.shopify.com/s/files/1/0076/8301/4754/products/new_rage_cycles_fender_eliminator_ducati1199_panigale_750x750_60d012eb-a2fd-4b82-93b0-157adeb88b49.jpg?v=1668167536|pos:3|alt:New Rage Cycles New Rage Cycles Tail Tidy for Ducati Panigale 1199 2013-14 – rear view,3,New Rage Cycles New Rage Cycles Tail Tidy for Ducati Panigale 1199 2013-14 – front view | New Rage Cycles New Rage Cycles Tail Tidy for Ducati Panigale 1199 2013-14 – side view | New Rage Cycles New Rage Cycles Tail Tidy for Ducati Panigale 1199 2013-14 – rear view,,0,New Rage Cycles Tail Tidy for Ducati Panigale 1199 2013-14,New Rage Cycles Tail Tidy for Ducati Panigale 1199 2013-14. The New Rage LED Fender Eliminator cleans up the back end on your 1199 with flush mounted LED turn signals and a discrete plate mount… • CNC machined polycarbonate lenses.,CNC machined polycarbonate lenses. CNC machined billet aluminum.,,Black powder coated finish. License plate mount and light included.,,,New Rage Cycles Tail Tidy for Ducati Panigale 1199 2013-14 — a tail Tidy built to the specifications listed above.,true,draft,https://cdn.shopify.com/s/files/1/0076/8301/4754/products/new_rage_cycles_fender_eliminator_ducati1199_panigale_rollover.jpg?v=1668167538|role:hero || https://cdn.shopify.com/s/files/1/0076/8301/4754/products/new_rage_cycles_fender_eliminator_ducati1199_panigale_750x750_1.jpg?v=1668167536|role:construction detail || https://cdn.shopify.com/s/files/1/0076/8301/4754/products/new_rage_cycles_fender_eliminator_ducati1199_panigale_750x750_60d012eb-a2fd-4b82-93b0-157adeb88b49.jpg?v=1668167536|role:side profile,3,false,/products/new-rage-cycles-tail-tidy-for-ducati-panigale-1199-2013-14,/products/new-rage-cycles-tail-tidy-for-ducati-panigale-1199-2013-14
new-rage-cycles-tail-tidy-for-kawasaki-z900-2024,new-rage-cycles-tail-tidy-for-kawasaki-z900-2024,New Rage Cycles Tail Tidy for Kawasaki Z900 2024+,New Rage Cycles Tail Tidy for Kawasaki Z900 2024+,new-rage-cycles-tail-tidy-for-kawasaki-z900-2024,"Upgrade your 2024–Present Kawasaki Z900 with a sharp, race-inspired LED tail tidy.Purpose-built for the redesigned Z900 platform, this fender eliminator kit replaces the oversized factory…","<p data-start=""421"" data-end=""777""><strong data-start=""449"" data-end=""535"">Upgrade your 2024–Present Kawasaki Z900 with a sharp, race-inspired LED tail tidy.</strong><br data-start=""535"" data-end=""538"">Purpose-built for the redesigned Z900 platform, this fender eliminator kit replaces the oversized factory fender with a compact unit featuring ultra-bright integrated LEDs and a durable plug-and-play setup that preserves OEM functionality.</p>
<ul data-start=""779"" data-end=""1241"">
<li data-start=""779"" data-end=""850"">
<p data-start=""781"" data-end=""850"">Integrated LED tail light and turn signals for a sleek, modern look</p>
</li>
<li data-start=""851"" data-end=""942"">
<p data-start=""853"" data-end=""942"">CNC-machined aluminum bracket finished in black powder coat for long-lasting durability</p>
</li>
<li data-start=""943"" data-end=""1019"">
<p data-start=""945"" data-end=""1019"">Plug-and-play wiring with OEM connectors—no cutting or splicing required</p>
</li>
<li data-start=""1020"" data-end=""1091"">
<p data-start=""1022"" data-end=""1091"">Engineered to deliver proper flash speed without additional modules</p>
</li>
<li data-start=""1092"" data-end=""1162"">
<p data-start=""1094"" data-end=""1162"">Includes all necessary mounting hardware for a smooth installation</p>
</li>
<li data-start=""1163"" data-end=""1241"">
<p data-start=""1165"" data-end=""1241"">Optional<span> </span>front turn signals<span> </span>available to purchase separately</p>
</li>
</ul>
<p data-start=""1243"" data-end=""1359"">Ideal for Z900 riders seeking a clean, street-legal rear-end conversion with aggressive styling and high visibility.</p>","Upgrade your 2024–Present Kawasaki Z900 with a sharp, race-inspired LED tail tidy.Purpose-built for the redesigned Z900 platform, this fender eliminator kit replaces the oversized factory fender with a compact unit featuring ultra-bright integrated LEDs and a durable plug-and-play setup that preserves OEM functionality.

• 
Integrated LED tail light and turn signals for a sleek, modern look

• 
CNC-machined aluminum bracket finished in black powder coat for long-lasting durability

• 
Plug-and-play wiring with OEM connectors—no cutting or splicing required

• 
Engineered to deliver proper flash speed without additional modules

• 
Includes all necessary mounting hardware for a smooth installation

• 
Optional front turn signals available to purchase separately

Ideal for Z900 riders seeking a clean, street-legal rear-end conversion with aggressive styling and high visibility.",25000,,2026-07-26,active,New Rage Cycles,2000,g,New Rage Cycles Tail Tidy for Kawasaki Z900 2024+ | Mile 27 Store,"Upgrade your 2024–Present Kawasaki Z900 with a sharp, race-inspired LED tail tidy.Purpose-built for the redesigned Z900 platform, this fender eliminator…",,Cleaned noise; brand verified,High,false,Motorcycle Accessories > Tail Tidies,High,"Mapped from Shopify Type ""Tail Tidy""",new-rage-cycles-tail-tidy-for-kawasaki-z900-2024-1|Default Title|price:25000.00|compare:|weight:2000|barcode:|qty:0,new-rage-cycles-tail-tidy-for-kawasaki-z900-2024-1,1,https://cdn.shopify.com/s/files/1/0076/8301/4754/files/2024KawasakiZ900FenderEliminator2.webp?v=1764589752|pos:1|alt:New Rage Cycles New Rage Cycles Tail Tidy for Kawasaki Z900 2024+ – front view || https://cdn.shopify.com/s/files/1/0076/8301/4754/files/Kawasaki_Z900_Fender_Eliminator_2024-Present.webp?v=1764589752|pos:2|alt:New Rage Cycles New Rage Cycles Tail Tidy for Kawasaki Z900 2024+ – side view,2,New Rage Cycles New Rage Cycles Tail Tidy for Kawasaki Z900 2024+ – front view | New Rage Cycles New Rage Cycles Tail Tidy for Kawasaki Z900 2024+ – side view,,0,,,,,,,,,false,not_eligible,,0,false,/products/new-rage-cycles-tail-tidy-for-kawasaki-z900-2024,/products/new-rage-cycles-tail-tidy-for-kawasaki-z900-2024
new-rage-cycles-mirror-block-off-turn-signals-for-ducati-panigale-v2,new-rage-cycles-mirror-block-off-turn-signals-for-ducati-panigale-v2,New Rage Cycles Mirror Block Off Turn Signals for Ducati Panigale V2,New Rage Cycles Mirror Block Off Turn Signals for Ducati Panigale V2,new-rage-cycles-mirror-block-off-turn-signals-for-ducati-panigale-v2,"Enhance your Ducati Panigale V2’s front style with our precise LED mirror block-off turn signal kit.Created for 2020–Present Ducati Panigale V2 models, this kit replaces… • Optional fender eliminator kit available to purchase separately.","<p data-start=""486"" data-end=""772""><strong data-start=""486"" data-end=""590"">Enhance your Ducati Panigale V2’s front style with our precise LED mirror block-off turn signal kit.</strong><br data-start=""590"" data-end=""593"">Created for 2020–Present Ducati Panigale V2 models, this kit replaces OEM mirror block-offs with integrated LED indicators—offering a refined, sporty look with full functionality.</p>
<ul data-start=""774"" data-end=""1016"">
<li data-start=""774"" data-end=""823"">
<p data-start=""776"" data-end=""823"">CNC-machined aluminum mirror block-off plates</p>
</li>
<li data-start=""824"" data-end=""883"">
<p data-start=""826"" data-end=""883"">Integrated LED turn signals for clear front-end signals</p>
</li>
<li data-start=""884"" data-end=""935"">
<p data-start=""886"" data-end=""935"">Plug-and-play installation using OEM connectors</p>
</li>
<li data-start=""936"" data-end=""971"">
<p data-start=""938"" data-end=""971"">No cutting or splicing required</p>
</li>
<li data-start=""972"" data-end=""1016"">
<p data-start=""974"" data-end=""1016"">Includes all necessary mounting hardware</p>
</li>
<li data-start=""972"" data-end=""1016"">Optional<span> </span>fender eliminator kit available<span> </span>to purchase separately </li>
</ul>","Enhance your Ducati Panigale V2’s front style with our precise LED mirror block-off turn signal kit.Created for 2020–Present Ducati Panigale V2 models, this kit replaces OEM mirror block-offs with integrated LED indicators—offering a refined, sporty look with full functionality.

• 
CNC-machined aluminum mirror block-off plates

• 
Integrated LED turn signals for clear front-end signals

• 
Plug-and-play installation using OEM connectors

• 
No cutting or splicing required

• 
Includes all necessary mounting hardware

• Optional fender eliminator kit available to purchase separately",18000,,2026-07-26,active,New Rage Cycles,2000,g,New Rage Cycles Mirror Block Off Turn Signals for Ducati Panig…,"Enhance your Ducati Panigale V2’s front style with our precise LED mirror block-off turn signal kit.Created for 2020–Present Ducati Panigale V2 models,…",Optional fender eliminator kit available to purchase separately,Cleaned noise; brand verified,High,false,Motorcycle Accessories > Lighting > Indicators,High,"Mapped from Shopify Type ""Indicator""",new-rage-cycles-mirror-block-off-turn-signals-for-ducati-panigale-v2-1|Default Title|price:18000.00|compare:|weight:2000|barcode:|qty:0,new-rage-cycles-mirror-block-off-turn-signals-for-ducati-panigale-v2-1,1,https://cdn.shopify.com/s/files/1/0076/8301/4754/files/DucatiPanigaleV4MirrorBlockOffTurnSignals6_c111d3d9-64da-4eb6-be5b-8f64223747d6.webp?v=1761636169|pos:1|alt:New Rage Cycles New Rage Cycles Mirror Block Off Turn Signals for Ducati Panigale V2 – front view || https://cdn.shopify.com/s/files/1/0076/8301/4754/files/DucatiPanigaleV4MirrorBlockOffTurnSignals4.webp?v=1761636168|pos:2|alt:New Rage Cycles New Rage Cycles Mirror Block Off Turn Signals for Ducati Panigale V2 – side view || https://cdn.shopify.com/s/files/1/0076/8301/4754/files/DucatiPanigaleV4MirrorBlockOffTurnSignals2.webp?v=1761636169|pos:3|alt:New Rage Cycles New Rage Cycles Mirror Block Off Turn Signals for Ducati Panigale V2 – rear view || https://cdn.shopify.com/s/files/1/0076/8301/4754/files/V2-MBO-2Ducati_Panigale_V2_Mirror_Block_Off_Turn_Signals_2020_-_2024.webp?v=1761636169|pos:4|alt:New Rage Cycles New Rage Cycles Mirror Block Off Turn Signals for Ducati Panigale V2 – detail view,4,New Rage Cycles New Rage Cycles Mirror Block Off Turn Signals for Ducati Panigale V2 – front view | New Rage Cycles New Rage Cycles Mirror Block Off Turn Signals for Ducati Panigale V2 – side view | New Rage Cycles New Rage Cycles Mirror Block Off Turn Signals for Ducati Panigale V2 – rear view | New Rage Cycles New Rage Cycles Mirror Block Off Turn Signals for Ducati Panigale V2 – detail view,,0,New Rage Cycles Mirror Block Off Turn Signals for Ducati Panigale V2,New Rage Cycles Mirror Block Off Turn Signals for Ducati Panigale V2. Enhance your Ducati Panigale V2’s front style with our precise LED mirror block-off turn signal kit.Created for 2020–Present Ducati Panigale V2.,,,Optional fender eliminator kit available to purchase separately.,,,New Rage Cycles Mirror Block Off Turn Signals for Ducati Panigale V2 — an indicator built to the specifications listed above.,true,draft,https://cdn.shopify.com/s/files/1/0076/8301/4754/files/DucatiPanigaleV4MirrorBlockOffTurnSignals6_c111d3d9-64da-4eb6-be5b-8f64223747d6.webp?v=1761636169|role:hero || https://cdn.shopify.com/s/files/1/0076/8301/4754/files/DucatiPanigaleV4MirrorBlockOffTurnSignals4.webp?v=1761636168|role:construction detail || https://cdn.shopify.com/s/files/1/0076/8301/4754/files/DucatiPanigaleV4MirrorBlockOffTurnSignals2.webp?v=1761636169|role:side profile,3,false,/products/new-rage-cycles-mirror-block-off-turn-signals-for-ducati-panigale-v2,/products/new-rage-cycles-mirror-block-off-turn-signals-for-ducati-panigale-v2
nrc-tail-tidy-for-kawasaki-eliminator-450,nrc-tail-tidy-for-kawasaki-eliminator-450,New Rage Cycles NRC Tail Tidy for Kawasaki Eliminator 450,NRC Tail Tidy for Kawasaki Eliminator 450,nrc-tail-tidy-for-kawasaki-eliminator-450,"Crafted specifically for the 2024–Present Kawasaki Eliminator 450, this front turn signal kit replaces bulky stock indicators with slim, aggressively styled LEDs. Designed for seamless… • Optional front turn signals available to purchase separately.","<p data-start=""466"" data-end=""818"">Crafted specifically for the 2024–Present Kawasaki Eliminator 450, this front turn signal kit replaces bulky stock indicators with slim, aggressively styled LEDs. Designed for seamless installation and enhanced performance.</p>
<ul data-start=""820"" data-end=""1229"">
<li data-start=""820"" data-end=""879"">
<p data-start=""822"" data-end=""879"">Compact LED front turn signals with ultra-bright output</p>
</li>
<li data-start=""880"" data-end=""958"">
<p data-start=""882"" data-end=""958"">Redesigned for a modern, minimalist look that complements the bike’s lines</p>
</li>
<li data-start=""959"" data-end=""1037"">
<p data-start=""961"" data-end=""1037"">Plug-and-play fitment using OEM connectors—no cutting or splicing required</p>
</li>
<li data-start=""1038"" data-end=""1119"">
<p data-start=""1040"" data-end=""1119"">Black powder-coated aluminum mounting bracket for a durable, OEM-style finish</p>
</li>
<li data-start=""1120"" data-end=""1190"">
<p data-start=""1122"" data-end=""1190"">Engineered for proper flash rate—no resistors or modules necessary</p>
</li>
<li data-start=""1191"" data-end=""1229"">
<p data-start=""1193"" data-end=""1229"">All installation hardware included</p>
</li>
<li data-start=""1191"" data-end=""1229"">Optional<span> </span>front turn signals<span> </span>available to purchase separately </li>
</ul>","Crafted specifically for the 2024–Present Kawasaki Eliminator 450, this front turn signal kit replaces bulky stock indicators with slim, aggressively styled LEDs. Designed for seamless installation and enhanced performance.

• 
Compact LED front turn signals with ultra-bright output

• 
Redesigned for a modern, minimalist look that complements the bike’s lines

• 
Plug-and-play fitment using OEM connectors—no cutting or splicing required

• 
Black powder-coated aluminum mounting bracket for a durable, OEM-style finish

• 
Engineered for proper flash rate—no resistors or modules necessary

• 
All installation hardware included

• Optional front turn signals available to purchase separately",30000,,2026-07-26,active,New Rage Cycles,2000,g,New Rage Cycles NRC Tail Tidy for Kawasaki Eliminator 450 | Mi…,"Crafted specifically for the 2024–Present Kawasaki Eliminator 450, this front turn signal kit replaces bulky stock indicators with slim, aggressively…",Optional front turn signals available to purchase separately,"Removed location/price noise, normalised format",High,false,Motorcycle Accessories > Tail Tidies,High,"Mapped from Shopify Type ""Tail Tidy""",nrc-tail-tidy-for-kawasaki-eliminator-450-1|Default Title|price:30000.00|compare:|weight:2000|barcode:|qty:0,nrc-tail-tidy-for-kawasaki-eliminator-450-1,1,https://cdn.shopify.com/s/files/1/0076/8301/4754/files/Kawasaki_Eliminator_450_Fender_Eliminator_2024-Present_1500x_8dab8d9b-158c-4db0-9202-87bb66efaed7.webp?v=1757914481|pos:1|alt:New Rage Cycles New Rage Cycles NRC Tail Tidy for Kawasaki Eliminator 450 – front view || https://cdn.shopify.com/s/files/1/0076/8301/4754/files/kawasaki-eliminator-fender-006_1500x_58c5704c-a728-4286-8f08-09f0de93a3a3.webp?v=1757914481|pos:2|alt:New Rage Cycles New Rage Cycles NRC Tail Tidy for Kawasaki Eliminator 450 – side view || https://cdn.shopify.com/s/files/1/0076/8301/4754/files/kawasaki-eliminator-fender-002_1500x_a27f9577-d154-48ce-94dd-3095f463a0c2.webp?v=1757914481|pos:3|alt:New Rage Cycles New Rage Cycles NRC Tail Tidy for Kawasaki Eliminator 450 – rear view,3,New Rage Cycles New Rage Cycles NRC Tail Tidy for Kawasaki Eliminator 450 – front view | New Rage Cycles New Rage Cycles NRC Tail Tidy for Kawasaki Eliminator 450 – side view | New Rage Cycles New Rage Cycles NRC Tail Tidy for Kawasaki Eliminator 450 – rear view,,0,New Rage Cycles NRC Tail Tidy for Kawasaki Eliminator 450,"New Rage Cycles NRC Tail Tidy for Kawasaki Eliminator 450. Crafted specifically for the 2024–Present Kawasaki Eliminator 450, this front turn signal kit replaces bulky stock indicators with slim, aggressively styled LEDs.",,,Optional front turn signals available to purchase separately.,,,New Rage Cycles NRC Tail Tidy for Kawasaki Eliminator 450 — a tail Tidy built to the specifications listed above.,true,draft,https://cdn.shopify.com/s/files/1/0076/8301/4754/files/Kawasaki_Eliminator_450_Fender_Eliminator_2024-Present_1500x_8dab8d9b-158c-4db0-9202-87bb66efaed7.webp?v=1757914481|role:hero || https://cdn.shopify.com/s/files/1/0076/8301/4754/files/kawasaki-eliminator-fender-006_1500x_58c5704c-a728-4286-8f08-09f0de93a3a3.webp?v=1757914481|role:construction detail || https://cdn.shopify.com/s/files/1/0076/8301/4754/files/kawasaki-eliminator-fender-002_1500x_a27f9577-d154-48ce-94dd-3095f463a0c2.webp?v=1757914481|role:side profile,3,false,/products/nrc-tail-tidy-for-kawasaki-eliminator-450,/products/nrc-tail-tidy-for-kawasaki-eliminator-450
new-rage-cycles-tail-tidy-for-ducati-monster-937-2021-25,new-rage-cycles-tail-tidy-for-ducati-monster-937-2021-25,New Rage Cycles Tail Tidy for Ducati Monster 937 2021-25,New Rage Cycles Tail Tidy for Ducati Monster 937 2021-25,new-rage-cycles-tail-tidy-for-ducati-monster-937-2021-25,"Designed specifically for 2021–Present Ducati Monster 937 models, this kit replaces the bulky stock rear fender with a sleek LED tail tidy that sharpens the…","<p data-start=""496"" data-end=""810"">Designed specifically for 2021–Present Ducati Monster 937 models, this kit replaces the bulky stock rear fender with a sleek LED tail tidy that sharpens the bike’s look while preserving full lighting compliance.</p>
<ul data-start=""812"" data-end=""1135"">
<li data-start=""812"" data-end=""875"">
<p data-start=""814"" data-end=""875"">Integrated LED brake and turn signals for modern visibility</p>
</li>
<li data-start=""876"" data-end=""933"">
<p data-start=""878"" data-end=""933"">LED license plate light and mounting bracket included</p>
</li>
<li data-start=""934"" data-end=""1002"">
<p data-start=""936"" data-end=""1002"">CNC-machined aluminum construction with black powder-coat finish</p>
</li>
<li data-start=""1003"" data-end=""1054"">
<p data-start=""1005"" data-end=""1054"">Plug-and-play installation using OEM connectors</p>
</li>
<li data-start=""1055"" data-end=""1090"">
<p data-start=""1057"" data-end=""1090"">No cutting or splicing required</p>
</li>
<li data-start=""1091"" data-end=""1135"">
<p data-start=""1093"" data-end=""1135"">Includes all necessary mounting hardware</p>
</li>
</ul>","Designed specifically for 2021–Present Ducati Monster 937 models, this kit replaces the bulky stock rear fender with a sleek LED tail tidy that sharpens the bike’s look while preserving full lighting compliance.

• 
Integrated LED brake and turn signals for modern visibility

• 
LED license plate light and mounting bracket included

• 
CNC-machined aluminum construction with black powder-coat finish

• 
Plug-and-play installation using OEM connectors

• 
No cutting or splicing required

• 
Includes all necessary mounting hardware",27000,,2026-07-26,active,New Rage Cycles,2000,g,New Rage Cycles Tail Tidy for Ducati Monster 937 2021-25 | Mil…,"Designed specifically for 2021–Present Ducati Monster 937 models, this kit replaces the bulky stock rear fender with a sleek LED tail tidy that sharpens…",,Cleaned noise; brand verified,High,false,Motorcycle Accessories > Tail Tidies,High,"Mapped from Shopify Type ""Tail Tidy""",new-rage-cycles-tail-tidy-for-ducati-monster-937-2021-25-1|Default Title|price:27000.00|compare:|weight:2000|barcode:|qty:0,new-rage-cycles-tail-tidy-for-ducati-monster-937-2021-25-1,1,https://cdn.shopify.com/s/files/1/0076/8301/4754/files/ducati-937-monster-fender-eliminator-04.webp?v=1752736329|pos:1|alt:New Rage Cycles New Rage Cycles Tail Tidy for Ducati Monster 937 2021-25 – front view || https://cdn.shopify.com/s/files/1/0076/8301/4754/files/ducati-937-monster-fender-eliminator-01.webp?v=1752736329|pos:2|alt:New Rage Cycles New Rage Cycles Tail Tidy for Ducati Monster 937 2021-25 – side view || https://cdn.shopify.com/s/files/1/0076/8301/4754/files/Ducati_Monster_937_Fender_Eliminator_Kit_2021_-_Present.webp?v=1752736329|pos:3|alt:New Rage Cycles New Rage Cycles Tail Tidy for Ducati Monster 937 2021-25 – rear view,3,New Rage Cycles New Rage Cycles Tail Tidy for Ducati Monster 937 2021-25 – front view | New Rage Cycles New Rage Cycles Tail Tidy for Ducati Monster 937 2021-25 – side view | New Rage Cycles New Rage Cycles Tail Tidy for Ducati Monster 937 2021-25 – rear view,,0,,,,,,,,,false,not_eligible,,0,false,/products/new-rage-cycles-tail-tidy-for-ducati-monster-937-2021-25,/products/new-rage-cycles-tail-tidy-for-ducati-monster-937-2021-25
new-rage-cycles-mirror-block-off-plates-for-kawasaki-zx-10r-2022,new-rage-cycles-mirror-block-off-plates-for-kawasaki-zx-10r-2022,New Rage Cycles Mirror Block-off Plates for Kawasaki ZX-10R 2022,New Rage Cycles Mirror Block-off Plates for Kawasaki ZX-10R 2022,new-rage-cycles-mirror-block-off-plates-for-kawasaki-zx-10r-2022,"If you are removing your stock mirrors for any aftermarket front blinker replacement, these block off plates fill the void on the front fairing.","<span data-mce-fragment=""1"">If you are removing your stock mirrors for any aftermarket front blinker replacement, these block off plates fill the void on the front fairing.</span>","If you are removing your stock mirrors for any aftermarket front blinker replacement, these block off plates fill the void on the front fairing.",6299,,2026-07-26,active,New Rage Cycles,1000,g,New Rage Cycles Mirror Block-off Plates for Kawasaki ZX-10R 20…,"If you are removing your stock mirrors for any aftermarket front blinker replacement, these block off plates fill the void on the front fairing.",,Cleaned noise; brand verified,High,false,Motorcycle Accessories > Mirrors,High,"Refined by title keyword: ""\b(mirror)\b""",new-rage-cycles-mirror-block-off-plates-for-kawasaki-zx-10r-2022-1|Default Title|price:6299.00|compare:|weight:1000|barcode:|qty:0,new-rage-cycles-mirror-block-off-plates-for-kawasaki-zx-10r-2022-1,1,https://cdn.shopify.com/s/files/1/0076/8301/4754/products/ZX10-MBO-20-2_1024x1024_2x_e0c66ca3-468b-456f-907e-00b4c849d275.jpg?v=1651484744|pos:1|alt:New Rage Cycles New Rage Cycles Mirror Block-off Plates for Kawasaki ZX-10R 2022 – front view || https://cdn.shopify.com/s/files/1/0076/8301/4754/products/ZX10-MBO-20-3_1024x1024_2x_99de6555-32c6-48e8-926e-3b24eb91dd01.jpg?v=1651484744|pos:2|alt:New Rage Cycles New Rage Cycles Mirror Block-off Plates for Kawasaki ZX-10R 2022 – side view || https://cdn.shopify.com/s/files/1/0076/8301/4754/products/ZX10-MBO-20-4_1024x1024_2x_6e8bb659-acbe-4948-8416-3aba8a126acb.jpg?v=1651484744|pos:3|alt:New Rage Cycles New Rage Cycles Mirror Block-off Plates for Kawasaki ZX-10R 2022 – rear view,3,New Rage Cycles New Rage Cycles Mirror Block-off Plates for Kawasaki ZX-10R 2022 – front view | New Rage Cycles New Rage Cycles Mirror Block-off Plates for Kawasaki ZX-10R 2022 – side view | New Rage Cycles New Rage Cycles Mirror Block-off Plates for Kawasaki ZX-10R 2022 – rear view,,0,,,,,,,,,false,not_eligible,,0,false,/products/new-rage-cycles-mirror-block-off-plates-for-kawasaki-zx-10r-2022,/products/new-rage-cycles-mirror-block-off-plates-for-kawasaki-zx-10r-2022
nrc-rage360-turn-signals-for-ducati-monster-797,nrc-rage360-turn-signals-for-ducati-monster-797,New Rage Cycles NRC Rage360 Turn Signals for Ducati Monster 797,NRC Rage360 Turn Signals for Ducati Monster 797,nrc-rage360-turn-signals-for-ducati-monster-797,"Pre Order Import on Order only • No hardware required to mount. • No zip ties, set screws, or adhesive elements for proper mount. • No disassembling of fork tubes. • Anyone can install, regardless of mechanical expertise!. Available in multiple sizes and/or colours — select your variant.","[des]
<div class=""delivery_oder"">
<p><strong>Pre Order </strong><span> Import on Order only</span></p>
<p><strong>Delivery Time</strong> 25-30<span> Days</span></p>
</div>
<p>[/des]</p>
<p><span>Rage360 Turn Signals offer the latest in front signal design, giving you nearly 360 degrees of light that's never been done before. Molded PETG tubing with incredible memory forming capabilities, our one of a kind design will snap on to any fork tube without sacrificing durability.</span><br><br><span>Installation has never been easier:</span><br></p>
<ul>
<li>No hardware required to mount</li>
<li>No zip ties, set screws, or adhesive elements for proper mount</li>
<li>No disassembling of fork tubes</li>
<li>Anyone can install, regardless of mechanical expertise!</li>
</ul>
<p><span>This simply, well.. simplifies everything for you. These universal turn signals fit all fork applications without compromising shape, brightness, or durability.</span><br><br><span>Our LEDs have our standard lifetime warrantee - no questions asked.</span><br><br><span>Optional modules that can be added to your order:</span><br></p>
<ul>
<li>Load equalizer to slow the flash rate. Without this module, these signals may flash slightly faster than stock, but is not required for product to function properly.</li>
<li>Running Light upgrade turns the signals into a half intensity running light, and full intensity blinker when applied.</li>
</ul>","[des]

Pre Order  Import on Order only

Delivery Time 25-30 Days

[/des]

Rage360 Turn Signals offer the latest in front signal design, giving you nearly 360 degrees of light that's never been done before. Molded PETG tubing with incredible memory forming capabilities, our one of a kind design will snap on to any fork tube without sacrificing durability.

Installation has never been easier:

• No hardware required to mount

• No zip ties, set screws, or adhesive elements for proper mount

• No disassembling of fork tubes

• Anyone can install, regardless of mechanical expertise!

This simply, well.. simplifies everything for you. These universal turn signals fit all fork applications without compromising shape, brightness, or durability.

Our LEDs have our standard lifetime warrantee - no questions asked.

Optional modules that can be added to your order:

• Load equalizer to slow the flash rate. Without this module, these signals may flash slightly faster than stock, but is not required for product to function properly.

• Running Light upgrade turns the signals into a half intensity running light, and full intensity blinker when applied.",13500,,2026-07-26,active,New Rage Cycles,1000,g,New Rage Cycles NRC Rage360 Turn Signals for Ducati Monster 79…,"Pre Order Import on Order only No hardware required to mount. No zip ties, set screws, or adhesive elements for proper mount. No disassembling of fork…","No hardware required to mount | No zip ties, set screws, or adhesive elements for proper mount | No disassembling of fork tubes | Anyone can install, regardless of mechanical expertise!","Removed location/price noise, normalised format",High,false,Motorcycle Accessories,High,"Mapped from Shopify Type ""Bike Parts""",nrc-rage360-turn-signals-for-ducati-monster-797-1|Size:39MM|price:13500.00|compare:|weight:1000|barcode:|qty:0 | nrc-rage360-turn-signals-for-ducati-monster-797-2|Size:41MM|price:13500.00|compare:|weight:1000|barcode:|qty:0 | nrc-rage360-turn-signals-for-ducati-monster-797-3|Size:43MM|price:13500.00|compare:|weight:1000|barcode:|qty:0 | nrc-rage360-turn-signals-for-ducati-monster-797-4|Size:45MM|price:15000.00|compare:|weight:1000|barcode:|qty:0 | nrc-rage360-turn-signals-for-ducati-monster-797-5|Size:46MM|price:15000.00|compare:|weight:1000|barcode:|qty:0 | nrc-rage360-turn-signals-for-ducati-monster-797-6|Size:47MM|price:15000.00|compare:|weight:1000|barcode:|qty:0 | nrc-rage360-turn-signals-for-ducati-monster-797-7|Size:49MM|price:15000.00|compare:|weight:1000|barcode:|qty:0 | nrc-rage360-turn-signals-for-ducati-monster-797-8|Size:50MM|price:15000.00|compare:|weight:1000|barcode:|qty:0 | nrc-rage360-turn-signals-for-ducati-monster-797-9|Size:52MM|price:16500.00|compare:|weight:1000|barcode:|qty:0 | nrc-rage360-turn-signals-for-ducati-monster-797-10|Size:54MM|price:16500.00|compare:|weight:1000|barcode:|qty:0 | nrc-rage360-turn-signals-for-ducati-monster-797-11|Size:56MM|price:16500.00|compare:|weight:1000|barcode:|qty:0 | nrc-rage360-turn-signals-for-ducati-monster-797-12|Size:58MM|price:16500.00|compare:|weight:1000|barcode:|qty:0,"nrc-rage360-turn-signals-for-ducati-monster-797-1,nrc-rage360-turn-signals-for-ducati-monster-797-2,nrc-rage360-turn-signals-for-ducati-monster-797-3,nrc-rage360-turn-signals-for-ducati-monster-797-4,nrc-rage360-turn-signals-for-ducati-monster-797-5,nrc-rage360-turn-signals-for-ducati-monster-797-6,nrc-rage360-turn-signals-for-ducati-monster-797-7,nrc-rage360-turn-signals-for-ducati-monster-797-8,nrc-rage360-turn-signals-for-ducati-monster-797-9,nrc-rage360-turn-signals-for-ducati-monster-797-10,nrc-rage360-turn-signals-for-ducati-monster-797-11,nrc-rage360-turn-signals-for-ducati-monster-797-12",12,https://cdn.shopify.com/s/files/1/0076/8301/4754/products/RAGE-360-5_2000x_46df1ac9-b8cc-4ac4-92d5-283bd875ee1e.webp?v=1649482568|pos:1|alt:New Rage Cycles New Rage Cycles NRC Rage360 Turn Signals for Ducati Monster 797 – front view || https://cdn.shopify.com/s/files/1/0076/8301/4754/products/RAGE-360-6_2000x_90e6d69d-2d9c-407f-a5bc-4ab44dd41e68.webp?v=1649482568|pos:2|alt:New Rage Cycles New Rage Cycles NRC Rage360 Turn Signals for Ducati Monster 797 – side view || https://cdn.shopify.com/s/files/1/0076/8301/4754/products/RAGE-360-8_2000x_b493c483-3d40-4719-a4d4-cd4779114ddb.webp?v=1649482568|pos:3|alt:New Rage Cycles New Rage Cycles NRC Rage360 Turn Signals for Ducati Monster 797 – rear view || https://cdn.shopify.com/s/files/1/0076/8301/4754/products/RAGE-360-10_2000x_3c7ec1ca-2c91-4fc7-ab52-4ad40faab772.webp?v=1649482568|pos:4|alt:New Rage Cycles New Rage Cycles NRC Rage360 Turn Signals for Ducati Monster 797 – detail view || https://cdn.shopify.com/s/files/1/0076/8301/4754/products/RAGE-360-11_2000x_09e917f0-e810-42f9-810a-9cf611e0f7f8.webp?v=1649482569|pos:5|alt:New Rage Cycles New Rage Cycles NRC Rage360 Turn Signals for Ducati Monster 797 – top view,5,New Rage Cycles New Rage Cycles NRC Rage360 Turn Signals for Ducati Monster 797 – front view | New Rage Cycles New Rage Cycles NRC Rage360 Turn Signals for Ducati Monster 797 – side view | New Rage Cycles New Rage Cycles NRC Rage360 Turn Signals for Ducati Monster 797 – rear view | New Rage Cycles New Rage Cycles NRC Rage360 Turn Signals for Ducati Monster 797 – detail view | New Rage Cycles New Rage Cycles NRC Rage360 Turn Signals for Ducati Monster 797 – top view,,0,New Rage Cycles NRC Rage360 Turn Signals for Ducati Monster 797,New Rage Cycles NRC Rage360 Turn Signals for Ducati Monster 797. Pre Order Import on Order only • No hardware required to mount.,,,"No hardware required to mount. No zip ties, set screws, or adhesive elements for proper mount. No disassembling of fork tubes. Anyone can install, regardless of mechanical expertise!.",,Available in multiple sizes. Check the size guide before ordering.,New Rage Cycles NRC Rage360 Turn Signals for Ducati Monster 797 — a motorcycle Accessory built to the specifications listed above.,true,draft,https://cdn.shopify.com/s/files/1/0076/8301/4754/products/RAGE-360-5_2000x_46df1ac9-b8cc-4ac4-92d5-283bd875ee1e.webp?v=1649482568|role:hero || https://cdn.shopify.com/s/files/1/0076/8301/4754/products/RAGE-360-6_2000x_90e6d69d-2d9c-407f-a5bc-4ab44dd41e68.webp?v=1649482568|role:construction detail || https://cdn.shopify.com/s/files/1/0076/8301/4754/products/RAGE-360-8_2000x_b493c483-3d40-4719-a4d4-cd4779114ddb.webp?v=1649482568|role:side profile,3,false,/products/nrc-rage360-turn-signals-for-ducati-monster-797,/products/nrc-rage360-turn-signals-for-ducati-monster-797
nrc-dual-load-equalizer-for-ducati-monster-797,nrc-dual-load-equalizer-for-ducati-monster-797,New Rage Cycles NRC Dual Load Equalizer for Ducati Monster 797,NRC Dual Load Equalizer for Ducati Monster 797,nrc-dual-load-equalizer-for-ducati-monster-797,Pre Order Import on Order only,"[des]
<div class=""delivery_oder"">
<p><strong>Pre Order </strong><span> Import on Order only</span></p>
<p><strong>Delivery Time</strong> 25-30<span> Days</span></p>
</div>
<p>[/des]</p>
<p><span>The Dual Load Equalizer is designed to slow down the flash rate of your turn signals. It does this by adding back the load to your mechanical flasher relay that was removed by converting stock incandescent turn signals to LEDs.</span></p>","[des]

Pre Order  Import on Order only

Delivery Time 25-30 Days

[/des]

The Dual Load Equalizer is designed to slow down the flash rate of your turn signals. It does this by adding back the load to your mechanical flasher relay that was removed by converting stock incandescent turn signals to LEDs.",3000,,2026-07-26,active,New Rage Cycles,1000,g,New Rage Cycles NRC Dual Load Equalizer for Ducati Monster 797…,Pre Order Import on Order only,,"Removed location/price noise, normalised format",High,false,Motorcycle Accessories,High,"Mapped from Shopify Type ""Bike Parts""",nrc-dual-load-equalizer-for-ducati-monster-797-1|Default Title|price:3000.00|compare:|weight:1000|barcode:|qty:0,nrc-dual-load-equalizer-for-ducati-monster-797-1,1,https://cdn.shopify.com/s/files/1/0076/8301/4754/products/LOAD-EQ-2_2000x_e1521bd4-50e5-4112-9b8c-874978e43e05.webp?v=1649482094|pos:1|alt:New Rage Cycles New Rage Cycles NRC Dual Load Equalizer for Ducati Monster 797 – front view || https://cdn.shopify.com/s/files/1/0076/8301/4754/products/LOAD-EQ-3_2000x_e09965f7-9e38-460a-8b54-0de6d55ec2ad.webp?v=1649482094|pos:2|alt:New Rage Cycles New Rage Cycles NRC Dual Load Equalizer for Ducati Monster 797 – side view,2,New Rage Cycles New Rage Cycles NRC Dual Load Equalizer for Ducati Monster 797 – front view | New Rage Cycles New Rage Cycles NRC Dual Load Equalizer for Ducati Monster 797 – side view,,0,,,,,,,,,false,not_eligible,,0,false,/products/nrc-dual-load-equalizer-for-ducati-monster-797,/products/nrc-dual-load-equalizer-for-ducati-monster-797
nrc-tail-tidy-for-ducati-monster-797,nrc-tail-tidy-for-ducati-monster-797,New Rage Cycles NRC Tail Tidy for Ducati Monster 797,NRC Tail Tidy for Ducati Monster 797,nrc-tail-tidy-for-ducati-monster-797,NRC Tail Tidy for Ducati Monster 797,NRC Tail Tidy for Ducati Monster 797,NRC Tail Tidy for Ducati Monster 797,25000,,2026-07-26,active,New Rage Cycles,2000,g,New Rage Cycles NRC Tail Tidy for Ducati Monster 797 | Mile 27…,NRC Tail Tidy for Ducati Monster 797,,"Removed location/price noise, normalised format",High,false,Motorcycle Accessories > Tail Tidies,High,"Mapped from Shopify Type ""Tail Tidy""",nrc-tail-tidy-for-ducati-monster-797-1|Default Title|price:25000.00|compare:|weight:2000|barcode:|qty:0,nrc-tail-tidy-for-ducati-monster-797-1,1,https://cdn.shopify.com/s/files/1/0076/8301/4754/products/797-1200-FE-5_2000x_6be1efbf-5fc5-478b-bab8-b56bbe46b700.webp?v=1649481914|pos:1|alt:New Rage Cycles New Rage Cycles NRC Tail Tidy for Ducati Monster 797 – front view || https://cdn.shopify.com/s/files/1/0076/8301/4754/products/797-1200-FE-6_2000x_d0e40028-81c0-431c-aeb3-b57ac0dafd1f.webp?v=1649481913|pos:2|alt:New Rage Cycles New Rage Cycles NRC Tail Tidy for Ducati Monster 797 – side view || https://cdn.shopify.com/s/files/1/0076/8301/4754/products/797-1200-FE-7_2000x_ae2a94c3-70c2-4815-9d8a-00ef25eb1b82.webp?v=1649481913|pos:3|alt:New Rage Cycles New Rage Cycles NRC Tail Tidy for Ducati Monster 797 – rear view,3,New Rage Cycles New Rage Cycles NRC Tail Tidy for Ducati Monster 797 – front view | New Rage Cycles New Rage Cycles NRC Tail Tidy for Ducati Monster 797 – side view | New Rage Cycles New Rage Cycles NRC Tail Tidy for Ducati Monster 797 – rear view,,0,,,,,,,,,false,not_eligible,,0,false,/products/nrc-tail-tidy-for-ducati-monster-797,/products/nrc-tail-tidy-for-ducati-monster-797
new-rage-cycles-tail-tidy-for-ducati-panigale-1299-2017,new-rage-cycles-tail-tidy-for-ducati-panigale-1299-2017,New Rage Cycles Tail Tidy for Ducati Panigale 1299 2017,New Rage Cycles Tail Tidy for Ducati Panigale 1299 2017,new-rage-cycles-tail-tidy-for-ducati-panigale-1299-2017,Order NRC's PLUG & PLAY custom designed fender eliminator kit for your Ducati 1299 Panigale! This kit completely cleans up the back end of your…,"<span data-mce-fragment=""1"">Order NRC's PLUG &amp; PLAY custom designed fender eliminator kit for your Ducati 1299 Panigale! This kit completely cleans up the back end of your 1299 with the brightest signals on the market! Our flush mounted license plate relocater bracket constructed from billet aluminum and black powdercoated tucks underneath your 1299, providing a very clean finish, as well as giving you extremely bright LED turn signals!<br data-mce-fragment=""1""><br data-mce-fragment=""1""></span><span data-mce-fragment=""1"">Our plug &amp; play kit saves you time and money on installation, and lets you plug right in and ride on!</span><br data-mce-fragment=""1""><span data-mce-fragment=""1""></span><br data-mce-fragment=""1""><span data-mce-fragment=""1"">Turn signal lenses are CNC machined from polycarbonate and our turn signal bracket is machined from aluminum. We use extremely bright 1mm LEDs, giving you exceptional turn signals... Day or Night!</span><br data-mce-fragment=""1""><span data-mce-fragment=""1""></span><br data-mce-fragment=""1""><span data-mce-fragment=""1"">Hardware is provided with your kit should you want to mount the passenger pegs, and our kit DOES come with a license plate light. Plug right in and ride on!</span>","Order NRC's PLUG & PLAY custom designed fender eliminator kit for your Ducati 1299 Panigale! This kit completely cleans up the back end of your 1299 with the brightest signals on the market! Our flush mounted license plate relocater bracket constructed from billet aluminum and black powdercoated tucks underneath your 1299, providing a very clean finish, as well as giving you extremely bright LED turn signals!Our plug & play kit saves you time and money on installation, and lets you plug right in and ride on!Turn signal lenses are CNC machined from polycarbonate and our turn signal bracket is machined from aluminum. We use extremely bright 1mm LEDs, giving you exceptional turn signals... Day or Night!Hardware is provided with your kit should you want to mount the passenger pegs, and our kit DOES come with a license plate light. Plug right in and ride on!",23800,,2026-07-26,active,New Rage Cycles,2000,g,New Rage Cycles Tail Tidy for Ducati Panigale 1299 2017 | Mile…,Order NRC's PLUG & PLAY custom designed fender eliminator kit for your Ducati 1299 Panigale! This kit completely cleans up the back end of your…,,Cleaned noise; brand verified,High,false,Motorcycle Accessories > Tail Tidies,Medium,Inferred from title keyword only (no Shopify Type),new-rage-cycles-tail-tidy-for-ducati-panigale-1299-2017-1|Default Title|price:23800.00|compare:|weight:2000|barcode:|qty:0,new-rage-cycles-tail-tidy-for-ducati-panigale-1299-2017-1,1,https://cdn.shopify.com/s/files/1/0076/8301/4754/products/Screenshot_1_f1b7c86f-b42a-40d8-878e-7100a5ecd9a2.png?v=1637067650|pos:1|alt:New Rage Cycles New Rage Cycles Tail Tidy for Ducati Panigale 1299 2017 – front view || https://cdn.shopify.com/s/files/1/0076/8301/4754/products/Screenshot_2_dbe3e82e-97e1-4336-82be-36d901fff095.png?v=1637067650|pos:2|alt:New Rage Cycles New Rage Cycles Tail Tidy for Ducati Panigale 1299 2017 – side view || https://cdn.shopify.com/s/files/1/0076/8301/4754/products/Screenshot_3_ba6b4a93-6c21-4d1d-a431-c7dba4fe304d.png?v=1637067650|pos:3|alt:New Rage Cycles New Rage Cycles Tail Tidy for Ducati Panigale 1299 2017 – rear view || https://cdn.shopify.com/s/files/1/0076/8301/4754/products/Screenshot_4_14088c88-1c4c-4ceb-94bf-6fead4e98cc6.png?v=1637067650|pos:4|alt:New Rage Cycles New Rage Cycles Tail Tidy for Ducati Panigale 1299 2017 – detail view,4,New Rage Cycles New Rage Cycles Tail Tidy for Ducati Panigale 1299 2017 – front view | New Rage Cycles New Rage Cycles Tail Tidy for Ducati Panigale 1299 2017 – side view | New Rage Cycles New Rage Cycles Tail Tidy for Ducati Panigale 1299 2017 – rear view | New Rage Cycles New Rage Cycles Tail Tidy for Ducati Panigale 1299 2017 – detail view,,0,,,,,,,,,false,not_eligible,,0,false,/products/new-rage-cycles-tail-tidy-for-ducati-panigale-1299-2017,/products/new-rage-cycles-tail-tidy-for-ducati-panigale-1299-2017
new-rage-cycles-tail-tidy-for-bmw-s-1000-rr-2025,new-rage-cycles-tail-tidy-for-bmw-s-1000-rr-2025,New Rage Cycles Tail Tidy for BMW S 1000 RR 2025,New Rage Cycles Tail Tidy for BMW S 1000 RR 2025,new-rage-cycles-tail-tidy-for-bmw-s-1000-rr-2025,"Designed specifically for 2023–Present BMW S1000RR models, this kit replaces the bulky stock fender with a compact LED tail tidy, offering a cleaner and more…","<p data-start=""622"" data-end=""828"">Designed specifically for 2023–Present BMW S1000RR models, this kit replaces the bulky stock fender with a compact LED tail tidy, offering a cleaner and more aggressive look while maintaining functionality.</p>
<ul data-start=""830"" data-end=""1207"">
<li data-start=""830"" data-end=""893"">
<p data-start=""832"" data-end=""893"">Integrated LED brake and turn signals for a modern appearance</p>
</li>
<li data-start=""894"" data-end=""940"">
<p data-start=""896"" data-end=""940"">LED license plate light and bracket included</p>
</li>
<li data-start=""941"" data-end=""989"">
<p data-start=""943"" data-end=""989"">Plug-and-play installation with OEM connectors</p>
</li>
<li data-start=""990"" data-end=""1023"">
<p data-start=""992"" data-end=""1023"">No cutting or splicing required</p>
</li>
<li data-start=""1024"" data-end=""1066"">
<p data-start=""1026"" data-end=""1066"">Includes all necessary mounting hardware</p>
</li>
</ul>","Designed specifically for 2023–Present BMW S1000RR models, this kit replaces the bulky stock fender with a compact LED tail tidy, offering a cleaner and more aggressive look while maintaining functionality.

• 
Integrated LED brake and turn signals for a modern appearance

• 
LED license plate light and bracket included

• 
Plug-and-play installation with OEM connectors

• 
No cutting or splicing required

• 
Includes all necessary mounting hardware",32000,,2026-07-26,active,New Rage Cycles,2000,g,New Rage Cycles Tail Tidy for BMW S 1000 RR 2025 | Mile 27 Store,"Designed specifically for 2023–Present BMW S1000RR models, this kit replaces the bulky stock fender with a compact LED tail tidy, offering a cleaner and…",,Cleaned noise; brand verified,High,false,Motorcycle Accessories > Tail Tidies,High,"Mapped from Shopify Type ""Tail Tidy""",new-rage-cycles-tail-tidy-for-bmw-s-1000-rr-2025-1|License Plate Location:Standard|price:32000.00|compare:|weight:2000|barcode:|qty:0 | new-rage-cycles-tail-tidy-for-bmw-s-1000-rr-2025-2|License Plate Location:Tucked|price:32000.00|compare:|weight:2000|barcode:|qty:0,"new-rage-cycles-tail-tidy-for-bmw-s-1000-rr-2025-1,new-rage-cycles-tail-tidy-for-bmw-s-1000-rr-2025-2",2,https://cdn.shopify.com/s/files/1/0076/8301/4754/files/2023-bmw-S1000RR-US-standard-tucked-01.webp?v=1780560276|pos:1|alt:New Rage Cycles New Rage Cycles Tail Tidy for BMW S 1000 RR 2025 – front view || https://cdn.shopify.com/s/files/1/0076/8301/4754/files/2023-bmw-S1000RR-US-standard-tucked-05.webp?v=1780560276|pos:2|alt:New Rage Cycles New Rage Cycles Tail Tidy for BMW S 1000 RR 2025 – side view || https://cdn.shopify.com/s/files/1/0076/8301/4754/files/2023-bmw-S1000RR-US-standard-tucked-03.webp?v=1780560370|pos:3|alt:New Rage Cycles New Rage Cycles Tail Tidy for BMW S 1000 RR 2025 – rear view || https://cdn.shopify.com/s/files/1/0076/8301/4754/files/BMW_S1000RR_S1000R_M1000R_R_Fender_Eliminator_Kit_2023-Present.webp?v=1780560370|pos:4|alt:New Rage Cycles New Rage Cycles Tail Tidy for BMW S 1000 RR 2025 – detail view,4,New Rage Cycles New Rage Cycles Tail Tidy for BMW S 1000 RR 2025 – front view | New Rage Cycles New Rage Cycles Tail Tidy for BMW S 1000 RR 2025 – side view | New Rage Cycles New Rage Cycles Tail Tidy for BMW S 1000 RR 2025 – rear view | New Rage Cycles New Rage Cycles Tail Tidy for BMW S 1000 RR 2025 – detail view,,0,,,,,,,,,false,not_eligible,,0,false,/products/new-rage-cycles-tail-tidy-for-bmw-s-1000-rr-2025,/products/new-rage-cycles-tail-tidy-for-bmw-s-1000-rr-2025
nrc-tail-tidy-for-ducati-diavel-v4,nrc-tail-tidy-for-ducati-diavel-v4,New Rage Cycles NRC Tail Tidy for Ducati Diavel V4,NRC Tail Tidy for Ducati Diavel V4,nrc-tail-tidy-for-ducati-diavel-v4,Plug-and-play fender eliminator for Ducati Diavel V4 riders is now available from New Rage Cycles. • Tucked License Plate Location- Brightest LED turn signals in the market- Completely Plug & Play- Black textured finish for professional look- Prope….,"<p data-mce-fragment=""1""><span data-mce-fragment=""1"">Plug-and-play fender eliminator for Ducati Diavel V4 riders is now available from New Rage Cycles.</span></p>
<p data-mce-fragment=""1"">- Tucked License Plate Location<br data-mce-fragment=""1""><span data-mce-fragment=""1"">- Brightest LED turn signals in the market</span><br data-mce-fragment=""1""><span data-mce-fragment=""1"">- Completely Plug &amp; Play</span><br data-mce-fragment=""1""><span data-mce-fragment=""1"">- Black textured finish for professional look</span><br data-mce-fragment=""1""><span data-mce-fragment=""1"">- Proper flash speed; no additional modules required</span></p>
<p data-mce-fragment=""1""><span data-mce-fragment=""1"">Our plug &amp; play kit saves you time and money on installation, and lets you plug right in and ride on!</span></p>","Plug-and-play fender eliminator for Ducati Diavel V4 riders is now available from New Rage Cycles.

- Tucked License Plate Location- Brightest LED turn signals in the market- Completely Plug & Play- Black textured finish for professional look- Proper flash speed; no additional modules required

Our plug & play kit saves you time and money on installation, and lets you plug right in and ride on!",32000,,2026-07-26,active,New Rage Cycles,2000,g,New Rage Cycles NRC Tail Tidy for Ducati Diavel V4 | Mile 27 S…,Plug-and-play fender eliminator for Ducati Diavel V4 riders is now available from New Rage Cycles. Tucked License Plate Location- Brightest LED turn…,Tucked License Plate Location- Brightest LED turn signals in the market- Completely Plug & Play- Black textured finish for professional look- Prope…,"Removed location/price noise, normalised format",High,false,Motorcycle Accessories > Tail Tidies,High,"Mapped from Shopify Type ""Tail Tidy""",nrc-tail-tidy-for-ducati-diavel-v4-1|Default Title|price:32000.00|compare:|weight:2000|barcode:|qty:0,nrc-tail-tidy-for-ducati-diavel-v4-1,1,https://cdn.shopify.com/s/files/1/0076/8301/4754/files/Ducati-Diavel-V4-fender-eliminator-002.webp?v=1734093251|pos:1|alt:New Rage Cycles New Rage Cycles NRC Tail Tidy for Ducati Diavel V4 – front view || https://cdn.shopify.com/s/files/1/0076/8301/4754/files/Ducati-Diavel-V4-fender-eliminator-003.webp?v=1734093251|pos:2|alt:New Rage Cycles New Rage Cycles NRC Tail Tidy for Ducati Diavel V4 – side view || https://cdn.shopify.com/s/files/1/0076/8301/4754/files/Ducati-Diavel-V4-fender-eliminator-006.webp?v=1734093251|pos:3|alt:New Rage Cycles New Rage Cycles NRC Tail Tidy for Ducati Diavel V4 – rear view,3,New Rage Cycles New Rage Cycles NRC Tail Tidy for Ducati Diavel V4 – front view | New Rage Cycles New Rage Cycles NRC Tail Tidy for Ducati Diavel V4 – side view | New Rage Cycles New Rage Cycles NRC Tail Tidy for Ducati Diavel V4 – rear view,,0,New Rage Cycles NRC Tail Tidy for Ducati Diavel V4,New Rage Cycles NRC Tail Tidy for Ducati Diavel V4. Plug-and-play fender eliminator for Ducati Diavel V4 riders is now available from New Rage Cycles.,,,Tucked License Plate Location- Brightest LED turn signals in the market- Completely Plug & Play- Black textured finish for professional look- Prope….,,,New Rage Cycles NRC Tail Tidy for Ducati Diavel V4 — a tail Tidy built to the specifications listed above.,true,draft,https://cdn.shopify.com/s/files/1/0076/8301/4754/files/Ducati-Diavel-V4-fender-eliminator-002.webp?v=1734093251|role:hero || https://cdn.shopify.com/s/files/1/0076/8301/4754/files/Ducati-Diavel-V4-fender-eliminator-003.webp?v=1734093251|role:construction detail || https://cdn.shopify.com/s/files/1/0076/8301/4754/files/Ducati-Diavel-V4-fender-eliminator-006.webp?v=1734093251|role:side profile,3,false,/products/nrc-tail-tidy-for-ducati-diavel-v4,/products/nrc-tail-tidy-for-ducati-diavel-v4
new-rage-cycles-fender-eliminator-for-ducati-streetfighter-v4,new-rage-cycles-fender-eliminator-for-ducati-streetfighter-v4,New Rage Cycles Fender Eliminator for Ducati Streetfighter V4,New Rage Cycles Fender Eliminator for Ducati Streetfighter V4,new-rage-cycles-fender-eliminator-for-ducati-streetfighter-v4,Take your Ducati Streetfighter V4 | V2 to the next level with our DIY fender eliminator.,"<p data-mce-fragment=""1""><span data-mce-fragment=""1"">Take your Ducati Streetfighter V4 | V2 to the next level with our DIY fender eliminator.</span></p>
<p data-mce-fragment=""1""><span data-mce-fragment=""1"">The newly released Streetfighter was designed with a creative twist to it. Why not add to the styling with our unique and creative design?</span><br data-mce-fragment=""1""><br data-mce-fragment=""1""><span data-mce-fragment=""1"">Comes with all necessary connectors and hardware to install, making it a simply bolt on and plug and play front signal replacement.</span><br data-mce-fragment=""1""><br data-mce-fragment=""1""><span data-mce-fragment=""1"">Spend less time installing, and more time riding with our complete line of plug and play accessories.</span></p>
<!---->","Take your Ducati Streetfighter V4 | V2 to the next level with our DIY fender eliminator.

The newly released Streetfighter was designed with a creative twist to it. Why not add to the styling with our unique and creative design?Comes with all necessary connectors and hardware to install, making it a simply bolt on and plug and play front signal replacement.Spend less time installing, and more time riding with our complete line of plug and play accessories.",30000,,2026-07-26,active,New Rage Cycles,2000,g,New Rage Cycles Fender Eliminator for Ducati Streetfighter V4 …,"Take your Ducati Streetfighter V4 , V2 to the next level with our DIY fender eliminator.",,Cleaned noise; brand verified,High,false,Motorcycle Accessories > Tail Tidies,High,"Mapped from Shopify Type ""Tail Tidy""",new-rage-cycles-fender-eliminator-for-ducati-streetfighter-v4-1|Default Title|price:30000.00|compare:|weight:2000|barcode:|qty:0,new-rage-cycles-fender-eliminator-for-ducati-streetfighter-v4-1,1,https://cdn.shopify.com/s/files/1/0076/8301/4754/files/V4-FE-2_44f5d587-934a-4aaa-9805-5ebb5a8eb2ad.webp?v=1723801012|pos:1|alt:New Rage Cycles New Rage Cycles Fender Eliminator for Ducati Streetfighter V4 – front view,1,New Rage Cycles New Rage Cycles Fender Eliminator for Ducati Streetfighter V4 – front view,,0,,,,,,,,,false,not_eligible,,0,false,/products/new-rage-cycles-fender-eliminator-for-ducati-streetfighter-v4,/products/new-rage-cycles-fender-eliminator-for-ducati-streetfighter-v4
