migration_key,source_shopify_handle,name,source_title,slug,description,source_description_html,description_plain_text,price,compare_at_price,available_on,status,brand,weight,weight_unit,meta_title,meta_description,verified_feature_summary,title_change_reason,title_confidence,requires_review,primary_taxon_path,category_confidence,category_reason,variants,variant_skus,variant_count,images,image_count,image_alt_texts,tags,tag_count,story_title,story_introduction,story_module_design,story_module_experience,story_module_feature_focus,story_module_use_case,story_module_buyer_note,story_module_closing,story_eligible,story_editorial_status,story_media_refs,story_media_count,redirect_required,redirect_from,redirect_to
caberg-uptown-loft-helmet,caberg-uptown-loft-helmet,Caberg Uptown Loft Helmet,Caberg Uptown Loft Helmet,caberg-uptown-loft-helmet,"The classic and elegant jet helmet Uptown from Caberg is ideal for your comfort during a short city trip or daily city traffic, as well… • Scratch-resistant Visor. • Pinlock ready. • integrated sun visor. • easy and quick change of visor. Available in multiple sizes and/or colours — select your variant.","The classic and elegant jet helmet Uptown from Caberg is ideal for your comfort during a short city trip or daily city traffic, as well as for longer tours.<br><br>

<b>Features:</b><br>

<li>Scratch-resistant Visor</li>
<li>Pinlock ready</li>
<li>integrated sun visor</li>
<li>easy and quick change of visor</li>
<li>head ventilation</li>
<li>anti-rain profile</li>
<li>wind tunnel tested aerodynamics</li>
<li>double anti-turbulent neck guard</li>
<li>removable and washable interior equipment</li>
<li>high-quality multi-layer coating with UV protection</li>
<li>prepared for Bluetooth communication set</li><br>
<b>Specifications:</b><br>

<li>Thermoplastic (ABS)</li>
<li>100% polyester lining</li>
<li>ECE 22.05</li>
<li>shell sizes: small helmet shell (XS-M); large helmet shell (L-2XL)</li>
<li>Closure: Micro Ratchet Closure</li>
<li>Weight: 1.150g (+/-50g)</li><br>
<b>Contents:</b><br>

<li>1 x Caberg Uptown Jethelmet</li>
<li>1 x Helmet Bag</li>","The classic and elegant jet helmet Uptown from Caberg is ideal for your comfort during a short city trip or daily city traffic, as well as for longer tours.

Features:

• Scratch-resistant Visor

• Pinlock ready

• integrated sun visor

• easy and quick change of visor

• head ventilation

• anti-rain profile

• wind tunnel tested aerodynamics

• double anti-turbulent neck guard

• removable and washable interior equipment

• high-quality multi-layer coating with UV protection

• prepared for Bluetooth communication set

Specifications:

• Thermoplastic (ABS)

• 100% polyester lining

• ECE 22.05

• shell sizes: small helmet shell (XS-M); large helmet shell (L-2XL)

• Closure: Micro Ratchet Closure

• Weight: 1.150g (+/-50g)

Contents:

• 1 x Caberg Uptown Jethelmet

• 1 x Helmet Bag",24500,,2026-07-26,active,Caberg,5000,g,Buy Caberg Uptown Loft Helmet | Mile 27 Store,"The classic and elegant jet helmet Uptown from Caberg is ideal for your comfort during a short city trip or daily city traffic, as well… Scratch-resistant…",Scratch-resistant Visor | Pinlock ready | integrated sun visor | easy and quick change of visor,Cleaned noise; brand verified,High,false,Helmets,High,"Mapped from Shopify Type ""Helmets""",caberg-uptown-loft-helmet-1|Size:XS:Colour:Black Matt/Green|price:24500.00|compare:|weight:5000|barcode:|qty:0 | caberg-uptown-loft-helmet-2|Size:XS:Colour:Black Matt/Orange|price:24500.00|compare:|weight:5000|barcode:|qty:0 | caberg-uptown-loft-helmet-3|Size:XS:Colour:Gray Matt|price:24500.00|compare:|weight:5000|barcode:|qty:0 | caberg-uptown-loft-helmet-4|Size:S:Colour:Black Matt/Green|price:24500.00|compare:|weight:5000|barcode:|qty:0 | caberg-uptown-loft-helmet-5|Size:S:Colour:Black Matt/Orange|price:24500.00|compare:|weight:5000|barcode:|qty:0 | caberg-uptown-loft-helmet-6|Size:S:Colour:Gray Matt|price:24500.00|compare:|weight:5000|barcode:|qty:0 | caberg-uptown-loft-helmet-7|Size:M:Colour:Black Matt/Green|price:24500.00|compare:|weight:5000|barcode:|qty:0 | caberg-uptown-loft-helmet-8|Size:M:Colour:Black Matt/Orange|price:24500.00|compare:|weight:5000|barcode:|qty:0 | caberg-uptown-loft-helmet-9|Size:M:Colour:Gray Matt|price:24500.00|compare:|weight:5000|barcode:|qty:0 | caberg-uptown-loft-helmet-10|Size:L:Colour:Black Matt/Green|price:24500.00|compare:|weight:5000|barcode:|qty:0 | caberg-uptown-loft-helmet-11|Size:L:Colour:Black Matt/Orange|price:24500.00|compare:|weight:5000|barcode:|qty:0 | caberg-uptown-loft-helmet-12|Size:L:Colour:Gray Matt|price:24500.00|compare:|weight:5000|barcode:|qty:0 | caberg-uptown-loft-helmet-13|Size:XL:Colour:Black Matt/Green|price:24500.00|compare:|weight:5000|barcode:|qty:0 | caberg-uptown-loft-helmet-14|Size:XL:Colour:Black Matt/Orange|price:24500.00|compare:|weight:5000|barcode:|qty:0 | caberg-uptown-loft-helmet-15|Size:XL:Colour:Gray Matt|price:24500.00|compare:|weight:5000|barcode:|qty:0 | caberg-uptown-loft-helmet-16|Size:XXL:Colour:Black Matt/Green|price:24500.00|compare:|weight:5000|barcode:|qty:0 | caberg-uptown-loft-helmet-17|Size:XXL:Colour:Black Matt/Orange|price:24500.00|compare:|weight:5000|barcode:|qty:0 | caberg-uptown-loft-helmet-18|Size:XXL:Colour:Gray Matt|price:24500.00|compare:|weight:5000|barcode:|qty:0,"caberg-uptown-loft-helmet-1,caberg-uptown-loft-helmet-2,caberg-uptown-loft-helmet-3,caberg-uptown-loft-helmet-4,caberg-uptown-loft-helmet-5,caberg-uptown-loft-helmet-6,caberg-uptown-loft-helmet-7,caberg-uptown-loft-helmet-8,caberg-uptown-loft-helmet-9,caberg-uptown-loft-helmet-10,caberg-uptown-loft-helmet-11,caberg-uptown-loft-helmet-12,caberg-uptown-loft-helmet-13,caberg-uptown-loft-helmet-14,caberg-uptown-loft-helmet-15,caberg-uptown-loft-helmet-16,caberg-uptown-loft-helmet-17,caberg-uptown-loft-helmet-18",18,https://cdn.shopify.com/s/files/1/0076/8301/4754/products/Uptwon-Loft-Matt-Black-Yellow-Fluo-Anthracite-3-4.jpg?v=1661344098|pos:1|alt:Caberg Caberg Uptown Loft Helmet – front view || https://cdn.shopify.com/s/files/1/0076/8301/4754/products/Uptwon-Loft-Matt-Black-Yellow-Fluo-Anthracite-rear.jpg?v=1661344098|pos:2|alt:Caberg Caberg Uptown Loft Helmet – side view || https://cdn.shopify.com/s/files/1/0076/8301/4754/products/Uptwon-Loft-Matt-Black-Orange-Fluo-Anthracite-3-4.jpg?v=1661344101|pos:3|alt:Caberg Caberg Uptown Loft Helmet – rear view || https://cdn.shopify.com/s/files/1/0076/8301/4754/products/Uptwon-Loft-Matt-Black-Orange-Fluo-Anthracite-rear.jpg?v=1661344098|pos:4|alt:Caberg Caberg Uptown Loft Helmet – detail view || https://cdn.shopify.com/s/files/1/0076/8301/4754/products/Uptwon-Loft-Matt-Grey-Silver-Black-3-4.jpg?v=1661344100|pos:5|alt:Caberg Caberg Uptown Loft Helmet – top view || https://cdn.shopify.com/s/files/1/0076/8301/4754/products/Uptwon-Loft-Matt-Grey-Silver-Black-rear.jpg?v=1661344100|pos:6|alt:Caberg Caberg Uptown Loft Helmet – product view,6,Caberg Caberg Uptown Loft Helmet – front view | Caberg Caberg Uptown Loft Helmet – side view | Caberg Caberg Uptown Loft Helmet – rear view | Caberg Caberg Uptown Loft Helmet – detail view | Caberg Caberg Uptown Loft Helmet – top view | Caberg Caberg Uptown Loft Helmet – product view,,0,Caberg Uptown Loft Helmet,"Caberg Uptown Loft Helmet. The classic and elegant jet helmet Uptown from Caberg is ideal for your comfort during a short city trip or daily city traffic, as well… • Scratch-resistant Visor.",,,Scratch-resistant Visor. Pinlock ready. integrated sun visor. easy and quick change of visor.,,Available in multiple sizes. Check the size guide before ordering.,Caberg Uptown Loft Helmet — a helmet built to the specifications listed above.,true,draft,https://cdn.shopify.com/s/files/1/0076/8301/4754/products/Uptwon-Loft-Matt-Black-Yellow-Fluo-Anthracite-3-4.jpg?v=1661344098|role:hero || https://cdn.shopify.com/s/files/1/0076/8301/4754/products/Uptwon-Loft-Matt-Black-Yellow-Fluo-Anthracite-rear.jpg?v=1661344098|role:construction detail || https://cdn.shopify.com/s/files/1/0076/8301/4754/products/Uptwon-Loft-Matt-Black-Orange-Fluo-Anthracite-3-4.jpg?v=1661344101|role:side profile,3,false,/products/caberg-uptown-loft-helmet,/products/caberg-uptown-loft-helmet
caberg-uptown-bloom-helmet,caberg-uptown-bloom-helmet,Caberg Uptown Bloom Helmet,Caberg Uptown Bloom Helmet,caberg-uptown-bloom-helmet,"The classic and elegant jet helmet Uptown from Caberg is ideal for your comfort during a short city trip or daily city traffic, as well… • Scratch-resistant Visor. • Pinlock ready. • integrated sun visor. • easy and quick change of visor. Available in multiple sizes and/or colours — select your variant.","The classic and elegant jet helmet Uptown from Caberg is ideal for your comfort during a short city trip or daily city traffic, as well as for longer tours.<br><br>

<b>Features:</b><br>

<li>Scratch-resistant Visor</li>
<li>Pinlock ready</li>
<li>integrated sun visor</li>
<li>easy and quick change of visor</li>
<li>head ventilation</li>
<li>anti-rain profile</li>
<li>wind tunnel tested aerodynamics</li>
<li>double anti-turbulent neck guard</li>
<li>removable and washable interior equipment</li>
<li>high-quality multi-layer coating with UV protection</li>
<li>prepared for Bluetooth communication set</li><br>
<b>Specifications:</b><br>

<li>Thermoplastic (ABS)</li>
<li>100% polyester lining</li>
<li>ECE 22.05</li>
<li>shell sizes: small helmet shell (XS-M); large helmet shell (L-2XL)</li>
<li>Closure: Micro Ratchet Closure</li>
<li>Weight: 1.150g (+/-50g)</li><br>
<b>Contents:</b><br>

<li>1 x Caberg Uptown Jethelmet</li>
<li>1 x Helmet Bag</li>","The classic and elegant jet helmet Uptown from Caberg is ideal for your comfort during a short city trip or daily city traffic, as well as for longer tours.

Features:

• Scratch-resistant Visor

• Pinlock ready

• integrated sun visor

• easy and quick change of visor

• head ventilation

• anti-rain profile

• wind tunnel tested aerodynamics

• double anti-turbulent neck guard

• removable and washable interior equipment

• high-quality multi-layer coating with UV protection

• prepared for Bluetooth communication set

Specifications:

• Thermoplastic (ABS)

• 100% polyester lining

• ECE 22.05

• shell sizes: small helmet shell (XS-M); large helmet shell (L-2XL)

• Closure: Micro Ratchet Closure

• Weight: 1.150g (+/-50g)

Contents:

• 1 x Caberg Uptown Jethelmet

• 1 x Helmet Bag",24500,,2026-07-26,active,Caberg,5000,g,Buy Caberg Uptown Bloom Helmet | Mile 27 Store,"The classic and elegant jet helmet Uptown from Caberg is ideal for your comfort during a short city trip or daily city traffic, as well… Scratch-resistant…",Scratch-resistant Visor | Pinlock ready | integrated sun visor | easy and quick change of visor,Cleaned noise; brand verified,High,false,Helmets,High,"Mapped from Shopify Type ""Helmets""",caberg-uptown-bloom-helmet-1|Size:XS|price:24500.00|compare:|weight:5000|barcode:|qty:0 | caberg-uptown-bloom-helmet-2|Size:S|price:24500.00|compare:|weight:5000|barcode:|qty:0 | caberg-uptown-bloom-helmet-3|Size:M|price:24500.00|compare:|weight:5000|barcode:|qty:0,"caberg-uptown-bloom-helmet-1,caberg-uptown-bloom-helmet-2,caberg-uptown-bloom-helmet-3",3,https://cdn.shopify.com/s/files/1/0076/8301/4754/products/30550061.jpg?v=1661343743|pos:1|alt:Caberg Caberg Uptown Bloom Helmet – front view || https://cdn.shopify.com/s/files/1/0076/8301/4754/products/30550061_2.jpg?v=1661343743|pos:2|alt:Caberg Caberg Uptown Bloom Helmet – side view,2,Caberg Caberg Uptown Bloom Helmet – front view | Caberg Caberg Uptown Bloom Helmet – side view,,0,Caberg Uptown Bloom Helmet,"Caberg Uptown Bloom Helmet. The classic and elegant jet helmet Uptown from Caberg is ideal for your comfort during a short city trip or daily city traffic, as well… • Scratch-resistant Visor.",,,Scratch-resistant Visor. Pinlock ready. integrated sun visor. easy and quick change of visor.,,Available in multiple sizes. Check the size guide before ordering.,Caberg Uptown Bloom Helmet — a helmet built to the specifications listed above.,true,draft,https://cdn.shopify.com/s/files/1/0076/8301/4754/products/30550061.jpg?v=1661343743|role:hero || https://cdn.shopify.com/s/files/1/0076/8301/4754/products/30550061_2.jpg?v=1661343743|role:construction detail,2,false,/products/caberg-uptown-bloom-helmet,/products/caberg-uptown-bloom-helmet
caberg-uptown-helmet,caberg-uptown-helmet,Caberg Uptown Helmet,Caberg Uptown Helmet,caberg-uptown-helmet,• Scratch resistant visor • Scratch resistant visor. • Pinlock® prepared. • Integrated sun visor. • Easy and fast visor change. Available in multiple sizes and/or colours — select your variant.,"<ul data-mce-fragment=""1"">
<li data-mce-fragment=""1"">Scratch resistant visor</li>
<li data-mce-fragment=""1"">Pinlock® prepared</li>
<li data-mce-fragment=""1"">Integrated sun visor</li>
<li data-mce-fragment=""1"">Easy and fast visor change</li>
<li data-mce-fragment=""1"">head ventilation</li>
<li data-mce-fragment=""1"">Antirain Profile</li>
<li data-mce-fragment=""1"">In the wind tunnel tested aerodynamics</li>
<li data-mce-fragment=""1"">Double antiturbulenter Nackenschutz</li>
<li data-mce-fragment=""1"">Micro Metric helmet lock</li>
<li data-mce-fragment=""1"">High-quality multi-layer coating with UV protection</li>
<li data-mce-fragment=""1"">Removable and washable inner lining</li>
<li data-mce-fragment=""1"">Two shell sizes (small shell: XS - M / large shell: L - 2XL)</li>
<li data-mce-fragment=""1"">ECE 2205</li>
<li data-mce-fragment=""1"">Weight: 1.150g +/- 50g</li>
</ul>","• Scratch resistant visor

• Pinlock® prepared

• Integrated sun visor

• Easy and fast visor change

• head ventilation

• Antirain Profile

• In the wind tunnel tested aerodynamics

• Double antiturbulenter Nackenschutz

• Micro Metric helmet lock

• High-quality multi-layer coating with UV protection

• Removable and washable inner lining

• Two shell sizes (small shell: XS - M / large shell: L - 2XL)

• ECE 2205

• Weight: 1.150g +/- 50g",21500,,2026-07-26,active,Caberg,5000,g,Buy Caberg Uptown Helmet | Mile 27 Store,Scratch resistant visor Scratch resistant visor. Pinlock® prepared. Integrated sun visor. Easy and fast visor change.,Scratch resistant visor | Pinlock® prepared | Integrated sun visor | Easy and fast visor change,Cleaned noise; brand verified,High,false,Helmets,High,"Mapped from Shopify Type ""Helmets""",caberg-uptown-helmet-1|Size:XS:Colour:Matt Black|price:21500.00|compare:|weight:5000|barcode:|qty:0 | caberg-uptown-helmet-2|Size:XS:Colour:Matt Blue|price:21500.00|compare:|weight:5000|barcode:|qty:0 | caberg-uptown-helmet-3|Size:XS:Colour:Matt Gun Metal|price:21500.00|compare:|weight:5000|barcode:|qty:0 | caberg-uptown-helmet-4|Size:XS:Colour:White|price:21500.00|compare:|weight:5000|barcode:|qty:0 | caberg-uptown-helmet-5|Size:S:Colour:Matt Black|price:21500.00|compare:|weight:5000|barcode:|qty:0 | caberg-uptown-helmet-6|Size:S:Colour:Matt Blue|price:21500.00|compare:|weight:5000|barcode:|qty:0 | caberg-uptown-helmet-7|Size:S:Colour:Matt Gun Metal|price:21500.00|compare:|weight:5000|barcode:|qty:0 | caberg-uptown-helmet-8|Size:S:Colour:White|price:21500.00|compare:|weight:5000|barcode:|qty:0 | caberg-uptown-helmet-9|Size:M:Colour:Matt Black|price:21500.00|compare:|weight:5000|barcode:|qty:0 | caberg-uptown-helmet-10|Size:M:Colour:Matt Blue|price:21500.00|compare:|weight:5000|barcode:|qty:0 | caberg-uptown-helmet-11|Size:M:Colour:Matt Gun Metal|price:21500.00|compare:|weight:5000|barcode:|qty:0 | caberg-uptown-helmet-12|Size:M:Colour:White|price:21500.00|compare:|weight:5000|barcode:|qty:0 | caberg-uptown-helmet-13|Size:L:Colour:Matt Black|price:21500.00|compare:|weight:5000|barcode:|qty:0 | caberg-uptown-helmet-14|Size:L:Colour:Matt Blue|price:21500.00|compare:|weight:5000|barcode:|qty:0 | caberg-uptown-helmet-15|Size:L:Colour:Matt Gun Metal|price:21500.00|compare:|weight:5000|barcode:|qty:0 | caberg-uptown-helmet-16|Size:L:Colour:White|price:21500.00|compare:|weight:5000|barcode:|qty:0 | caberg-uptown-helmet-17|Size:XL:Colour:Matt Black|price:21500.00|compare:|weight:5000|barcode:|qty:0 | caberg-uptown-helmet-18|Size:XL:Colour:Matt Blue|price:21500.00|compare:|weight:5000|barcode:|qty:0 | caberg-uptown-helmet-19|Size:XL:Colour:Matt Gun Metal|price:21500.00|compare:|weight:5000|barcode:|qty:0 | caberg-uptown-helmet-20|Size:XL:Colour:White|price:21500.00|compare:|weight:5000|barcode:|qty:0 | caberg-uptown-helmet-21|Size:XXL:Colour:Matt Black|price:21500.00|compare:|weight:5000|barcode:|qty:0 | caberg-uptown-helmet-22|Size:XXL:Colour:Matt Blue|price:21500.00|compare:|weight:5000|barcode:|qty:0 | caberg-uptown-helmet-23|Size:XXL:Colour:Matt Gun Metal|price:21500.00|compare:|weight:5000|barcode:|qty:0 | caberg-uptown-helmet-24|Size:XXL:Colour:White|price:21500.00|compare:|weight:5000|barcode:|qty:0,"caberg-uptown-helmet-1,caberg-uptown-helmet-2,caberg-uptown-helmet-3,caberg-uptown-helmet-4,caberg-uptown-helmet-5,caberg-uptown-helmet-6,caberg-uptown-helmet-7,caberg-uptown-helmet-8,caberg-uptown-helmet-9,caberg-uptown-helmet-10,caberg-uptown-helmet-11,caberg-uptown-helmet-12,caberg-uptown-helmet-13,caberg-uptown-helmet-14,caberg-uptown-helmet-15,caberg-uptown-helmet-16,caberg-uptown-helmet-17,caberg-uptown-helmet-18,caberg-uptown-helmet-19,caberg-uptown-helmet-20,caberg-uptown-helmet-21,caberg-uptown-helmet-22,caberg-uptown-helmet-23,caberg-uptown-helmet-24",24,https://cdn.shopify.com/s/files/1/0076/8301/4754/products/1_c9446040-280f-4b9d-ac93-9e28d21915ea.jpg?v=1661343212|pos:1|alt:Caberg Caberg Uptown Helmet – front view || https://cdn.shopify.com/s/files/1/0076/8301/4754/products/3_933bbe6e-1091-4a92-80dc-71637db3f91e.jpg?v=1661343211|pos:2|alt:Caberg Caberg Uptown Helmet – side view || https://cdn.shopify.com/s/files/1/0076/8301/4754/products/5_b3abd278-9b12-43d9-bd81-aad12b840512.jpg?v=1661343215|pos:3|alt:Caberg Caberg Uptown Helmet – rear view || https://cdn.shopify.com/s/files/1/0076/8301/4754/products/1_1_41d684a5-5c63-42be-be3d-00f6c6c2cd70.jpg?v=1661343213|pos:4|alt:Caberg Caberg Uptown Helmet – detail view || https://cdn.shopify.com/s/files/1/0076/8301/4754/products/3_1_fe4935d7-974f-4e07-b298-5a9177df273b.jpg?v=1661343212|pos:5|alt:Caberg Caberg Uptown Helmet – top view || https://cdn.shopify.com/s/files/1/0076/8301/4754/products/1_2_86c453e8-f5c8-48cc-99ba-29b8160431e8.jpg?v=1661343212|pos:6|alt:Caberg Caberg Uptown Helmet – product view || https://cdn.shopify.com/s/files/1/0076/8301/4754/products/3_2_ae031841-4d4b-4a8e-8612-b82e15862620.jpg?v=1661343212|pos:7|alt:Caberg Caberg Uptown Helmet – product view || https://cdn.shopify.com/s/files/1/0076/8301/4754/products/1_3.jpg?v=1661343211|pos:8|alt:Caberg Caberg Uptown Helmet – product view || https://cdn.shopify.com/s/files/1/0076/8301/4754/products/3_3.jpg?v=1661343211|pos:9|alt:Caberg Caberg Uptown Helmet – product view || https://cdn.shopify.com/s/files/1/0076/8301/4754/products/5_1_a919a966-7388-4c18-bdb6-10a7c53fc9d5.jpg?v=1661343212|pos:10|alt:Caberg Caberg Uptown Helmet – product view,10,Caberg Caberg Uptown Helmet – front view | Caberg Caberg Uptown Helmet – side view | Caberg Caberg Uptown Helmet – rear view | Caberg Caberg Uptown Helmet – detail view | Caberg Caberg Uptown Helmet – top view | Caberg Caberg Uptown Helmet – product view,,0,Caberg Uptown Helmet,Caberg Uptown Helmet. • Scratch resistant visor • Scratch resistant visor.,,,Scratch resistant visor. Pinlock® prepared. Integrated sun visor. Easy and fast visor change.,,Available in multiple sizes. Check the size guide before ordering.,Caberg Uptown Helmet — a helmet built to the specifications listed above.,true,draft,https://cdn.shopify.com/s/files/1/0076/8301/4754/products/1_c9446040-280f-4b9d-ac93-9e28d21915ea.jpg?v=1661343212|role:hero || https://cdn.shopify.com/s/files/1/0076/8301/4754/products/3_933bbe6e-1091-4a92-80dc-71637db3f91e.jpg?v=1661343211|role:construction detail || https://cdn.shopify.com/s/files/1/0076/8301/4754/products/5_b3abd278-9b12-43d9-bd81-aad12b840512.jpg?v=1661343215|role:side profile,3,false,/products/caberg-uptown-helmet,/products/caberg-uptown-helmet
caberg-ghost-rusty-helmet,caberg-ghost-rusty-helmet,Caberg Ghost Rusty Helmet,Caberg Ghost Rusty Helmet,caberg-ghost-rusty-helmet,• Helmet can be converted into 4 versions • Helmet can be converted into 4 versions. • Fold-up mask in the front area. • Mask locked in folded up condition. • Mask is removable. Available in multiple sizes and/or colours — select your variant.,"<b>Features:</b><br>

<li>Helmet can be converted into 4 versions</li>
<li>Fold-up mask in the front area</li>
<li>Mask locked in folded up condition</li>
<li>Mask is removable</li>
<li>Scratch-resistant visor including Pinlock®</li>
<li>Foam profiles at the bottom of the visor (for optimal sealing of the face) available in 3 different thicknesses: 18 mm, 21 mm and 25 mm</li>
<li>double anti-turbulent neck protection</li>
<li>Removable nose spoiler</li>
<li>Removable and washable interior Sanitized® treated</li>
<li>Eyeglasses loop at the back</li>
<li>Micro Metric helmet closure</li>
<li>High-quality multi-layer coating with UV protection</li>
<li>Prepared for Bluetooth communication set</li>
<li>ECE 22.05</li><br>
<b>Two shell sizes:</b><br>

<li>Small helmet shell (XS-L)</li>
<li>large helmet shell (XL-2XL)</li><br>
<b>Material:</b><br>

<li>Fiberglass</li>
<li>Kevlar</li>
<li>Carbon</li><br>
<b>Weight:</b><br>

<li>1.150g (+/- 50g)</li>","Features:

• Helmet can be converted into 4 versions

• Fold-up mask in the front area

• Mask locked in folded up condition

• Mask is removable

• Scratch-resistant visor including Pinlock®

• Foam profiles at the bottom of the visor (for optimal sealing of the face) available in 3 different thicknesses: 18 mm, 21 mm and 25 mm

• double anti-turbulent neck protection

• Removable nose spoiler

• Removable and washable interior Sanitized® treated

• Eyeglasses loop at the back

• Micro Metric helmet closure

• High-quality multi-layer coating with UV protection

• Prepared for Bluetooth communication set

• ECE 22.05

Two shell sizes:

• Small helmet shell (XS-L)

• large helmet shell (XL-2XL)

Material:

• Fiberglass

• Kevlar

• Carbon

Weight:

• 1.150g (+/- 50g)",43000,,2026-07-26,active,Caberg,5000,g,Buy Caberg Ghost Rusty Helmet | Mile 27 Store,Helmet can be converted into 4 versions Helmet can be converted into 4 versions. Fold-up mask in the front area. Mask locked in folded up condition. Mask…,Helmet can be converted into 4 versions | Fold-up mask in the front area | Mask locked in folded up condition | Mask is removable,Cleaned noise; brand verified,High,false,Helmets,High,"Mapped from Shopify Type ""Helmets""",caberg-ghost-rusty-helmet-1|Size:XS|price:43000.00|compare:|weight:5000|barcode:|qty:0 | caberg-ghost-rusty-helmet-2|Size:S|price:43000.00|compare:|weight:5000|barcode:|qty:0 | caberg-ghost-rusty-helmet-3|Size:M|price:43000.00|compare:|weight:5000|barcode:|qty:0 | caberg-ghost-rusty-helmet-4|Size:L|price:43000.00|compare:|weight:5000|barcode:|qty:0 | caberg-ghost-rusty-helmet-5|Size:XL|price:43000.00|compare:|weight:5000|barcode:|qty:0 | caberg-ghost-rusty-helmet-6|Size:XXL|price:43000.00|compare:|weight:5000|barcode:|qty:0,"caberg-ghost-rusty-helmet-1,caberg-ghost-rusty-helmet-2,caberg-ghost-rusty-helmet-3,caberg-ghost-rusty-helmet-4,caberg-ghost-rusty-helmet-5,caberg-ghost-rusty-helmet-6",6,https://cdn.shopify.com/s/files/1/0076/8301/4754/products/30040091.jpg?v=1661342076|pos:1|alt:Caberg Caberg Ghost Rusty Helmet – front view || https://cdn.shopify.com/s/files/1/0076/8301/4754/products/30040091_2.jpg?v=1661342075|pos:2|alt:Caberg Caberg Ghost Rusty Helmet – side view || https://cdn.shopify.com/s/files/1/0076/8301/4754/products/Ghost-Rusty-rear.jpg?v=1661342074|pos:3|alt:Caberg Caberg Ghost Rusty Helmet – rear view,3,Caberg Caberg Ghost Rusty Helmet – front view | Caberg Caberg Ghost Rusty Helmet – side view | Caberg Caberg Ghost Rusty Helmet – rear view,,0,Caberg Ghost Rusty Helmet,Caberg Ghost Rusty Helmet. • Helmet can be converted into 4 versions • Helmet can be converted into 4 versions.,,,Helmet can be converted into 4 versions. Fold-up mask in the front area. Mask locked in folded up condition. Mask is removable.,,Available in multiple sizes. Check the size guide before ordering.,Caberg Ghost Rusty Helmet — a helmet built to the specifications listed above.,true,draft,https://cdn.shopify.com/s/files/1/0076/8301/4754/products/30040091.jpg?v=1661342076|role:hero || https://cdn.shopify.com/s/files/1/0076/8301/4754/products/30040091_2.jpg?v=1661342075|role:construction detail || https://cdn.shopify.com/s/files/1/0076/8301/4754/products/Ghost-Rusty-rear.jpg?v=1661342074|role:side profile,3,false,/products/caberg-ghost-rusty-helmet,/products/caberg-ghost-rusty-helmet
caberg-ghost-nuke-helmet,caberg-ghost-nuke-helmet,Caberg Ghost Nuke Helmet,Caberg Ghost Nuke Helmet,caberg-ghost-nuke-helmet,The Caberg Ghost is a special Jet Helmet for all bikers who want to look special and extraordinary. The aggressive look and form have been… • Helmet can be modified in 4 versions. • foldable mask in the front area. • Mask locks when folded up. • Mask is removable. Available in multiple sizes and/or colours — select your variant.,"The Caberg Ghost is a special Jet Helmet for all bikers who want to look special and extraordinary. The aggressive look and form have been combined with functionality. The Ghost can be used in four different configurations.<br><br>

<b>Features:</b><br>

<li>Helmet can be modified in 4 versions</li>
<li>foldable mask in the front area</li>
<li>Mask locks when folded up</li>
<li>Mask is removable</li>
<li>scratchproof visor</li>
<li>Foam profiles on the lower edge of the visor (for optimum sealing of the face) available in 3 different thicknesses: 18 mm, 21 mm and 25 mm</li>
<li>double anti-turbulent neck guard</li>
<li>detachable nose spoiler </li>
<li>removable and washable interior Sanitized® treated</li>
<li>Rear loop for glasses</li>
<li>high-quality multi-layer coating with UV protection</li>
<li>prepared for Bluetooth communication set</li><br>
<b>Specifications:</b><br>

<li>Fiberglass</li>
<li>100% polyester lining</li>
<li>ECE 22.05</li>
<li>Closure: Micro Ratchet Closure</li>
<li>small helmet shell (XS-M): 1100g (+/-50g)</li>
<li>large helmet shell (L-2XL): 1150g (+/-50g)</li><br>
<b>Contents:</b><br>

<li>1 x Caberg Ghost Jet Helmet</li>
<li>1 x Pinlock Lens</li>","The Caberg Ghost is a special Jet Helmet for all bikers who want to look special and extraordinary. The aggressive look and form have been combined with functionality. The Ghost can be used in four different configurations.

Features:

• Helmet can be modified in 4 versions

• foldable mask in the front area

• Mask locks when folded up

• Mask is removable

• scratchproof visor

• Foam profiles on the lower edge of the visor (for optimum sealing of the face) available in 3 different thicknesses: 18 mm, 21 mm and 25 mm

• double anti-turbulent neck guard

• detachable nose spoiler 

• removable and washable interior Sanitized® treated

• Rear loop for glasses

• high-quality multi-layer coating with UV protection

• prepared for Bluetooth communication set

Specifications:

• Fiberglass

• 100% polyester lining

• ECE 22.05

• Closure: Micro Ratchet Closure

• small helmet shell (XS-M): 1100g (+/-50g)

• large helmet shell (L-2XL): 1150g (+/-50g)

Contents:

• 1 x Caberg Ghost Jet Helmet

• 1 x Pinlock Lens",43000,,2026-07-26,active,Caberg,5000,g,Buy Caberg Ghost Nuke Helmet | Mile 27 Store,The Caberg Ghost is a special Jet Helmet for all bikers who want to look special and extraordinary. The aggressive look and form have been… Helmet can be…,Helmet can be modified in 4 versions | foldable mask in the front area | Mask locks when folded up | Mask is removable,Cleaned noise; brand verified,High,false,Helmets,High,"Mapped from Shopify Type ""Helmets""",caberg-ghost-nuke-helmet-1|Size:XS|price:43000.00|compare:|weight:5000|barcode:|qty:0 | caberg-ghost-nuke-helmet-2|Size:S|price:43000.00|compare:|weight:5000|barcode:|qty:0 | caberg-ghost-nuke-helmet-3|Size:M|price:43000.00|compare:|weight:5000|barcode:|qty:0 | caberg-ghost-nuke-helmet-4|Size:L|price:43000.00|compare:|weight:5000|barcode:|qty:0 | caberg-ghost-nuke-helmet-5|Size:XL|price:43000.00|compare:|weight:5000|barcode:|qty:0 | caberg-ghost-nuke-helmet-6|Size:XXL|price:43000.00|compare:|weight:5000|barcode:|qty:0,"caberg-ghost-nuke-helmet-1,caberg-ghost-nuke-helmet-2,caberg-ghost-nuke-helmet-3,caberg-ghost-nuke-helmet-4,caberg-ghost-nuke-helmet-5,caberg-ghost-nuke-helmet-6",6,https://cdn.shopify.com/s/files/1/0076/8301/4754/products/Ghost-Nuke-Matt-Black-Grey-3-4.jpg?v=1661341868|pos:1|alt:Caberg Caberg Ghost Nuke Helmet – front view || https://cdn.shopify.com/s/files/1/0076/8301/4754/products/Ghost-Nuke-Matt-Black-Grey-3-4-open.jpg?v=1661341868|pos:2|alt:Caberg Caberg Ghost Nuke Helmet – side view || https://cdn.shopify.com/s/files/1/0076/8301/4754/products/Ghost-Nuke-Matt-Black-Grey-rear.jpg?v=1661341871|pos:3|alt:Caberg Caberg Ghost Nuke Helmet – rear view,3,Caberg Caberg Ghost Nuke Helmet – front view | Caberg Caberg Ghost Nuke Helmet – side view | Caberg Caberg Ghost Nuke Helmet – rear view,,0,Caberg Ghost Nuke Helmet,Caberg Ghost Nuke Helmet. The Caberg Ghost is a special Jet Helmet for all bikers who want to look special and extraordinary.,,,Helmet can be modified in 4 versions. foldable mask in the front area. Mask locks when folded up. Mask is removable.,,Available in multiple sizes. Check the size guide before ordering.,Caberg Ghost Nuke Helmet — a helmet built to the specifications listed above.,true,draft,https://cdn.shopify.com/s/files/1/0076/8301/4754/products/Ghost-Nuke-Matt-Black-Grey-3-4.jpg?v=1661341868|role:hero || https://cdn.shopify.com/s/files/1/0076/8301/4754/products/Ghost-Nuke-Matt-Black-Grey-3-4-open.jpg?v=1661341868|role:construction detail || https://cdn.shopify.com/s/files/1/0076/8301/4754/products/Ghost-Nuke-Matt-Black-Grey-rear.jpg?v=1661341871|role:side profile,3,false,/products/caberg-ghost-nuke-helmet,/products/caberg-ghost-nuke-helmet
caberg-ghost-maori-helmet,caberg-ghost-maori-helmet,Caberg Ghost Maori Helmet,Caberg Ghost Maori Helmet,caberg-ghost-maori-helmet,The Caberg Ghost is a special Jet Helmet for all bikers who want to look special and extraordinary. The aggressive look and form have been… • Helmet can be modified in 4 versions. • foldable mask in the front area. • Mask locks when folded up. • Mask is removable. Available in multiple sizes and/or colours — select your variant.,"The Caberg Ghost is a special Jet Helmet for all bikers who want to look special and extraordinary. The aggressive look and form have been combined with functionality. The Ghost can be used in four different configurations.<br><br>

<b>Features:</b><br>

<li>Helmet can be modified in 4 versions</li>
<li>foldable mask in the front area</li>
<li>Mask locks when folded up</li>
<li>Mask is removable</li>
<li>scratchproof visor</li>
<li>Foam profiles on the lower edge of the visor (for optimum sealing of the face) available in 3 different thicknesses: 18 mm, 21 mm and 25 mm</li>
<li>double anti-turbulent neck guard</li>
<li>detachable nose spoiler </li>
<li>removable and washable interior Sanitized® treated</li>
<li>Rear loop for glasses</li>
<li>high-quality multi-layer coating with UV protection</li>
<li>prepared for Bluetooth communication set</li><br>
<b>Specifications:</b><br>

<li>Fiberglass</li>
<li>100% polyester lining</li>
<li>ECE 22.05</li>
<li>Closure: Micro Ratchet Closure</li>
<li>small helmet shell (XS-M): 1100g (+/-50g)</li>
<li>large helmet shell (L-2XL): 1150g (+/-50g)</li><br>
<b>Contents:</b><br>

<li>1 x Caberg Ghost Jet Helmet</li>
<li>1 x Pinlock Lens</li>","The Caberg Ghost is a special Jet Helmet for all bikers who want to look special and extraordinary. The aggressive look and form have been combined with functionality. The Ghost can be used in four different configurations.

Features:

• Helmet can be modified in 4 versions

• foldable mask in the front area

• Mask locks when folded up

• Mask is removable

• scratchproof visor

• Foam profiles on the lower edge of the visor (for optimum sealing of the face) available in 3 different thicknesses: 18 mm, 21 mm and 25 mm

• double anti-turbulent neck guard

• detachable nose spoiler 

• removable and washable interior Sanitized® treated

• Rear loop for glasses

• high-quality multi-layer coating with UV protection

• prepared for Bluetooth communication set

Specifications:

• Fiberglass

• 100% polyester lining

• ECE 22.05

• Closure: Micro Ratchet Closure

• small helmet shell (XS-M): 1100g (+/-50g)

• large helmet shell (L-2XL): 1150g (+/-50g)

Contents:

• 1 x Caberg Ghost Jet Helmet

• 1 x Pinlock Lens",43000,,2026-07-26,active,Caberg,5000,g,Buy Caberg Ghost Maori Helmet | Mile 27 Store,The Caberg Ghost is a special Jet Helmet for all bikers who want to look special and extraordinary. The aggressive look and form have been… Helmet can be…,Helmet can be modified in 4 versions | foldable mask in the front area | Mask locks when folded up | Mask is removable,Cleaned noise; brand verified,High,false,Helmets,High,"Mapped from Shopify Type ""Helmets""",caberg-ghost-maori-helmet-1|Size:XS|price:43000.00|compare:|weight:5000|barcode:|qty:0 | caberg-ghost-maori-helmet-2|Size:S|price:43000.00|compare:|weight:5000|barcode:|qty:0 | caberg-ghost-maori-helmet-3|Size:M|price:43000.00|compare:|weight:5000|barcode:|qty:0 | caberg-ghost-maori-helmet-4|Size:L|price:43000.00|compare:|weight:5000|barcode:|qty:0 | caberg-ghost-maori-helmet-5|Size:XL|price:43000.00|compare:|weight:5000|barcode:|qty:0 | caberg-ghost-maori-helmet-6|Size:XXL|price:43000.00|compare:|weight:5000|barcode:|qty:0,"caberg-ghost-maori-helmet-1,caberg-ghost-maori-helmet-2,caberg-ghost-maori-helmet-3,caberg-ghost-maori-helmet-4,caberg-ghost-maori-helmet-5,caberg-ghost-maori-helmet-6",6,https://cdn.shopify.com/s/files/1/0076/8301/4754/products/30040095.jpg?v=1661341346|pos:1|alt:Caberg Caberg Ghost Maori Helmet – front view || https://cdn.shopify.com/s/files/1/0076/8301/4754/products/30040095_1.jpg?v=1661341348|pos:2|alt:Caberg Caberg Ghost Maori Helmet – side view || https://cdn.shopify.com/s/files/1/0076/8301/4754/products/30040095_3.jpg?v=1661341346|pos:3|alt:Caberg Caberg Ghost Maori Helmet – rear view,3,Caberg Caberg Ghost Maori Helmet – front view | Caberg Caberg Ghost Maori Helmet – side view | Caberg Caberg Ghost Maori Helmet – rear view,,0,Caberg Ghost Maori Helmet,Caberg Ghost Maori Helmet. The Caberg Ghost is a special Jet Helmet for all bikers who want to look special and extraordinary.,,,Helmet can be modified in 4 versions. foldable mask in the front area. Mask locks when folded up. Mask is removable.,,Available in multiple sizes. Check the size guide before ordering.,Caberg Ghost Maori Helmet — a helmet built to the specifications listed above.,true,draft,https://cdn.shopify.com/s/files/1/0076/8301/4754/products/30040095.jpg?v=1661341346|role:hero || https://cdn.shopify.com/s/files/1/0076/8301/4754/products/30040095_1.jpg?v=1661341348|role:construction detail || https://cdn.shopify.com/s/files/1/0076/8301/4754/products/30040095_3.jpg?v=1661341346|role:side profile,3,false,/products/caberg-ghost-maori-helmet,/products/caberg-ghost-maori-helmet
caberg-ghost-legend-helmet,caberg-ghost-legend-helmet,Caberg Ghost Legend Helmet,Caberg Ghost Legend Helmet,caberg-ghost-legend-helmet,"The aggressive look and shapes are combined with great functionality, that is unique on the market. This Jet, in fact, is equipped not only with… • Shell: tricomposite (fiber glass, kevlar, carbon). • Shell: carbon (model Ghost Carbon). • Double shell size. • Antiscratch visor with Pinlock Max Vision. Available in multiple sizes and/or colours — select your variant.","The aggressive look and shapes are combined with great functionality, that is unique on the market. This Jet, in fact, is equipped not only with a particular goggle shape visor that adheres to the face thanks to the foam profile along the inner lower side of the visor, but also with a mask easy to use to protect the face from the cold in the winter months and from swallowing too many gnats in the summer time…  <br><br>

Thanks to a spring tilting system, it is very simple and intuitive to open and close the visor with only one hand. This characteristic differs the Ghost from the other open face helmets on the market equipped with simple goggle, mask, and standard elastic strap bands.<br><br>

Ghost can be used in 4 different configurations: 1) equipped with the visor, the foam profile along the inner lower side of the visor, and the mask; 2) equipped with the visor and the mask, but without the foam profile of the visor; 3) equipped with the visor and the foam profile but without the mask; 4) equipped only with the visor, without the foam profile and the mask. <br><br>

The shell is made of tri-composite material (fiber, carbon and kevlar) and is offered in two shell sizes, it is also available the full carbon version with the shell entirely made of carbon fiber.<br><br>

An easy to mount and remove double Pinlock lens is included to prevent the visor from fogging up.<br><br>

The lining is completely removable and washable made with breathable fabrics. The finishing of the refined materials and features, all made in Italy, such as the five rivets on the rim, the steel air intakes on the neck devise and the leather inserts, remark the care and attention to details.<br><br>

Ghost can be equipped also with the Caberg Bluetooth communication system JUST SPEAK S, thanks to the space below the removable lining to nestle the speakers. To customize your Ghost, besides the standard light smoked visor, there are available, as spares, a mirror visor, dark visor, transparent, and a yellow one. For a perfect adhesion of the mask foam to the face, Caberg offers the possibility to buy the visor foam profile in 3 different thicknesses: 18mm, 21mm, and 25mm.<br><br>

<li>Shell: tricomposite (fiber glass, kevlar, carbon)</li>
<li>Shell: carbon (model Ghost Carbon)</li>
<li>Double shell size</li>
<li>Antiscratch visor with Pinlock Max Vision</li>
<li>Micrometric buckle</li>
<li>Removable and washable liner</li>
<li>""SANITIZED"" lining</li>
<li>Removable nose-shield</li>
<li>Goggle foam available in 3 different thicknesses</li>
<li>Ready for Just Speak S</li>","The aggressive look and shapes are combined with great functionality, that is unique on the market. This Jet, in fact, is equipped not only with a particular goggle shape visor that adheres to the face thanks to the foam profile along the inner lower side of the visor, but also with a mask easy to use to protect the face from the cold in the winter months and from swallowing too many gnats in the summer time…  

Thanks to a spring tilting system, it is very simple and intuitive to open and close the visor with only one hand. This characteristic differs the Ghost from the other open face helmets on the market equipped with simple goggle, mask, and standard elastic strap bands.

Ghost can be used in 4 different configurations: 1) equipped with the visor, the foam profile along the inner lower side of the visor, and the mask; 2) equipped with the visor and the mask, but without the foam profile of the visor; 3) equipped with the visor and the foam profile but without the mask; 4) equipped only with the visor, without the foam profile and the mask. 

The shell is made of tri-composite material (fiber, carbon and kevlar) and is offered in two shell sizes, it is also available the full carbon version with the shell entirely made of carbon fiber.

An easy to mount and remove double Pinlock lens is included to prevent the visor from fogging up.

The lining is completely removable and washable made with breathable fabrics. The finishing of the refined materials and features, all made in Italy, such as the five rivets on the rim, the steel air intakes on the neck devise and the leather inserts, remark the care and attention to details.

Ghost can be equipped also with the Caberg Bluetooth communication system JUST SPEAK S, thanks to the space below the removable lining to nestle the speakers. To customize your Ghost, besides the standard light smoked visor, there are available, as spares, a mirror visor, dark visor, transparent, and a yellow one. For a perfect adhesion of the mask foam to the face, Caberg offers the possibility to buy the visor foam profile in 3 different thicknesses: 18mm, 21mm, and 25mm.

• Shell: tricomposite (fiber glass, kevlar, carbon)

• Shell: carbon (model Ghost Carbon)

• Double shell size

• Antiscratch visor with Pinlock Max Vision

• Micrometric buckle

• Removable and washable liner

• ""SANITIZED"" lining

• Removable nose-shield

• Goggle foam available in 3 different thicknesses

• Ready for Just Speak S",43000,,2026-07-26,active,Caberg,5000,g,Buy Caberg Ghost Legend Helmet | Mile 27 Store,"The aggressive look and shapes are combined with great functionality, that is unique on the market. This Jet, in fact, is equipped not only with… Shell:…","Shell: tricomposite (fiber glass, kevlar, carbon) | Shell: carbon (model Ghost Carbon) | Double shell size | Antiscratch visor with Pinlock Max Vision",Cleaned noise; brand verified,High,false,Helmets,High,"Mapped from Shopify Type ""Helmets""",caberg-ghost-legend-helmet-1|Size:XS|price:43000.00|compare:|weight:5000|barcode:|qty:0 | caberg-ghost-legend-helmet-2|Size:S|price:43000.00|compare:|weight:5000|barcode:|qty:0 | caberg-ghost-legend-helmet-3|Size:M|price:43000.00|compare:|weight:5000|barcode:|qty:0 | caberg-ghost-legend-helmet-4|Size:L|price:43000.00|compare:|weight:5000|barcode:|qty:0 | caberg-ghost-legend-helmet-5|Size:XL|price:43000.00|compare:|weight:5000|barcode:|qty:0 | caberg-ghost-legend-helmet-6|Size:XXL|price:43000.00|compare:|weight:5000|barcode:|qty:0,"caberg-ghost-legend-helmet-1,caberg-ghost-legend-helmet-2,caberg-ghost-legend-helmet-3,caberg-ghost-legend-helmet-4,caberg-ghost-legend-helmet-5,caberg-ghost-legend-helmet-6",6,https://cdn.shopify.com/s/files/1/0076/8301/4754/products/GHOST-LEGEND-3-4.jpg?v=1661338991|pos:1|alt:Caberg Caberg Ghost Legend Helmet – front view,1,Caberg Caberg Ghost Legend Helmet – front view,,0,Caberg Ghost Legend Helmet,"Caberg Ghost Legend Helmet. The aggressive look and shapes are combined with great functionality, that is unique on the market.","Shell: tricomposite (fiber glass, kevlar, carbon). Shell: carbon (model Ghost Carbon). Double shell size.",,Antiscratch visor with Pinlock Max Vision.,,Available in multiple sizes. Check the size guide before ordering.,Caberg Ghost Legend Helmet — a helmet built to the specifications listed above.,true,draft,https://cdn.shopify.com/s/files/1/0076/8301/4754/products/GHOST-LEGEND-3-4.jpg?v=1661338991|role:hero,1,false,/products/caberg-ghost-legend-helmet,/products/caberg-ghost-legend-helmet
caberg-ghost-helmet,caberg-ghost-helmet,Caberg Ghost Helmet,Caberg Ghost Helmet,caberg-ghost-helmet,"The aggressive look and shapes are combined with great functionality. That is unique on the market. This Jet, in fact, is equipped not only with… • 4 possible configurations. • 2 shell sizes (XS - L, XL - XXL). • shell made of composite fibre. • anti-scratch visor with Pinlock Max Vision. Available in multiple sizes and/or colours — select your variant.","The aggressive look and shapes are combined with great functionality. That is unique on the market. This Jet, in fact, is equipped not only with a particular goggle shape visor that adheres to the face thanks to the foam profile along the inner lower side of the visor, but also with a mask easy to use to protect the face from the cold in the winter months and from swallowing too many gnats in the summer time. Thanks to a spring tilting system, it is very simple and intuitive to open and close the visor with only one hand. This characteristic differs the Ghost from the other open face helmets on the market equipped with simple goggle, mask, and standard elastic strap bands. The Ghost helmet can be used in 4 different configurations.<br><br>

equipped with the visor, the foam profile along the inner lower side of the visor, and the mask
equipped with the visor and the mask, but without the foam profile of the visor
equipped with the visor and the foam profile but without the mask
equipped only with the visor, without the foam profile and the mask
The shell is offered in two shell sizes and an easy to mount and remove double Pinlock lens is included to prevent the visor from fogging up. The lining made with breathable fabrics is completely removable and washable. The finishing of the refined materials and features, all made in Italy, such as the five rivets on the rim, the steel air intakes on the neck devise and the leather inserts, remark the care and attention to details. Ghost can be equipped also with the Caberg Bluetooth communication system JUST SPEAK S, thanks to the space below the removable lining to nestle the speakers. To customize your Ghost, you have the possibility to change the visor for a tinted one. For a perfect adhesion of the mask foam to the face, Caberg offers the possibility to buy the visor foam profile in 3 different thicknesses: 18, 21 and 25 mm.<br><br>

<b>Features:</b><br>

<li>4 possible configurations</li>
<li>2 shell sizes (XS - L, XL - XXL)</li>
<li>shell made of composite fibre</li>
<li>anti-scratch visor with Pinlock Max Vision</li>
<li>micrometic buckle</li>
<li>removable and washable liner</li>
<li>sanitized lining</li>
<li>removable nose shield</li>
<li>goggle foam available in 3 different thicknesses</li>
<li>ready for Just Speak S Bluetooth communication system</li>
<li>weight: 1150 g (+/- 50 g)</li>
<li>meets ECE-2205</li>","The aggressive look and shapes are combined with great functionality. That is unique on the market. This Jet, in fact, is equipped not only with a particular goggle shape visor that adheres to the face thanks to the foam profile along the inner lower side of the visor, but also with a mask easy to use to protect the face from the cold in the winter months and from swallowing too many gnats in the summer time. Thanks to a spring tilting system, it is very simple and intuitive to open and close the visor with only one hand. This characteristic differs the Ghost from the other open face helmets on the market equipped with simple goggle, mask, and standard elastic strap bands. The Ghost helmet can be used in 4 different configurations.

equipped with the visor, the foam profile along the inner lower side of the visor, and the mask
equipped with the visor and the mask, but without the foam profile of the visor
equipped with the visor and the foam profile but without the mask
equipped only with the visor, without the foam profile and the mask
The shell is offered in two shell sizes and an easy to mount and remove double Pinlock lens is included to prevent the visor from fogging up. The lining made with breathable fabrics is completely removable and washable. The finishing of the refined materials and features, all made in Italy, such as the five rivets on the rim, the steel air intakes on the neck devise and the leather inserts, remark the care and attention to details. Ghost can be equipped also with the Caberg Bluetooth communication system JUST SPEAK S, thanks to the space below the removable lining to nestle the speakers. To customize your Ghost, you have the possibility to change the visor for a tinted one. For a perfect adhesion of the mask foam to the face, Caberg offers the possibility to buy the visor foam profile in 3 different thicknesses: 18, 21 and 25 mm.

Features:

• 4 possible configurations

• 2 shell sizes (XS - L, XL - XXL)

• shell made of composite fibre

• anti-scratch visor with Pinlock Max Vision

• micrometic buckle

• removable and washable liner

• sanitized lining

• removable nose shield

• goggle foam available in 3 different thicknesses

• ready for Just Speak S Bluetooth communication system

• weight: 1150 g (+/- 50 g)

• meets ECE-2205",40000,,2026-07-26,active,Caberg,5000,g,Buy Caberg Ghost Helmet | Mile 27 Store,"The aggressive look and shapes are combined with great functionality. That is unique on the market. This Jet, in fact, is equipped not only with… 4…","4 possible configurations | 2 shell sizes (XS - L, XL - XXL) | shell made of composite fibre | anti-scratch visor with Pinlock Max Vision",Cleaned noise; brand verified,High,false,Helmets,High,"Mapped from Shopify Type ""Helmets""",caberg-ghost-helmet-1|Size:XS:Colour:Matt Black|price:40000.00|compare:|weight:5000|barcode:|qty:0 | caberg-ghost-helmet-2|Size:XS:Colour:Matt Gun Metal|price:40000.00|compare:|weight:5000|barcode:|qty:0 | caberg-ghost-helmet-3|Size:XS:Colour:Matt Military Green|price:40000.00|compare:|weight:5000|barcode:|qty:0 | caberg-ghost-helmet-4|Size:S:Colour:Matt Black|price:40000.00|compare:|weight:5000|barcode:|qty:0 | caberg-ghost-helmet-5|Size:S:Colour:Matt Gun Metal|price:40000.00|compare:|weight:5000|barcode:|qty:0 | caberg-ghost-helmet-6|Size:S:Colour:Matt Military Green|price:40000.00|compare:|weight:5000|barcode:|qty:0 | caberg-ghost-helmet-7|Size:M:Colour:Matt Black|price:40000.00|compare:|weight:5000|barcode:|qty:0 | caberg-ghost-helmet-8|Size:M:Colour:Matt Gun Metal|price:40000.00|compare:|weight:5000|barcode:|qty:0 | caberg-ghost-helmet-9|Size:M:Colour:Matt Military Green|price:40000.00|compare:|weight:5000|barcode:|qty:0 | caberg-ghost-helmet-10|Size:L:Colour:Matt Black|price:40000.00|compare:|weight:5000|barcode:|qty:0 | caberg-ghost-helmet-11|Size:L:Colour:Matt Gun Metal|price:40000.00|compare:|weight:5000|barcode:|qty:0 | caberg-ghost-helmet-12|Size:L:Colour:Matt Military Green|price:40000.00|compare:|weight:5000|barcode:|qty:0 | caberg-ghost-helmet-13|Size:XL:Colour:Matt Black|price:40000.00|compare:|weight:5000|barcode:|qty:0 | caberg-ghost-helmet-14|Size:XL:Colour:Matt Gun Metal|price:40000.00|compare:|weight:5000|barcode:|qty:0 | caberg-ghost-helmet-15|Size:XL:Colour:Matt Military Green|price:40000.00|compare:|weight:5000|barcode:|qty:0 | caberg-ghost-helmet-16|Size:XXL:Colour:Matt Black|price:40000.00|compare:|weight:5000|barcode:|qty:0 | caberg-ghost-helmet-17|Size:XXL:Colour:Matt Gun Metal|price:40000.00|compare:|weight:5000|barcode:|qty:0 | caberg-ghost-helmet-18|Size:XXL:Colour:Matt Military Green|price:40000.00|compare:|weight:5000|barcode:|qty:0,"caberg-ghost-helmet-1,caberg-ghost-helmet-2,caberg-ghost-helmet-3,caberg-ghost-helmet-4,caberg-ghost-helmet-5,caberg-ghost-helmet-6,caberg-ghost-helmet-7,caberg-ghost-helmet-8,caberg-ghost-helmet-9,caberg-ghost-helmet-10,caberg-ghost-helmet-11,caberg-ghost-helmet-12,caberg-ghost-helmet-13,caberg-ghost-helmet-14,caberg-ghost-helmet-15,caberg-ghost-helmet-16,caberg-ghost-helmet-17,caberg-ghost-helmet-18",18,https://cdn.shopify.com/s/files/1/0076/8301/4754/products/1_4aa65425-ff96-4839-ae9e-b9c0981dca6b.jpg?v=1661332870|pos:1|alt:Caberg Caberg Ghost Helmet – front view || https://cdn.shopify.com/s/files/1/0076/8301/4754/products/6_d2ea4787-184e-4abb-8608-413740ed9eed.jpg?v=1661332870|pos:2|alt:Caberg Caberg Ghost Helmet – side view || https://cdn.shopify.com/s/files/1/0076/8301/4754/products/8_d371370f-39ee-4def-8a56-89939fe7b9f2.jpg?v=1661332870|pos:3|alt:Caberg Caberg Ghost Helmet – rear view || https://cdn.shopify.com/s/files/1/0076/8301/4754/products/1_1_4b9ed6f7-bdbc-4ba1-8ebd-ee39011726c9.jpg?v=1661332870|pos:4|alt:Caberg Caberg Ghost Helmet – detail view || https://cdn.shopify.com/s/files/1/0076/8301/4754/products/1_2_d3f1c164-9379-416d-a1b6-21e350d1a666.jpg?v=1661332870|pos:5|alt:Caberg Caberg Ghost Helmet – top view,5,Caberg Caberg Ghost Helmet – front view | Caberg Caberg Ghost Helmet – side view | Caberg Caberg Ghost Helmet – rear view | Caberg Caberg Ghost Helmet – detail view | Caberg Caberg Ghost Helmet – top view,,0,Caberg Ghost Helmet,Caberg Ghost Helmet. The aggressive look and shapes are combined with great functionality.,"2 shell sizes (XS - L, XL - XXL). shell made of composite fibre.",,4 possible configurations. anti-scratch visor with Pinlock Max Vision.,,Available in multiple sizes. Check the size guide before ordering.,Caberg Ghost Helmet — a helmet built to the specifications listed above.,true,draft,https://cdn.shopify.com/s/files/1/0076/8301/4754/products/1_4aa65425-ff96-4839-ae9e-b9c0981dca6b.jpg?v=1661332870|role:hero || https://cdn.shopify.com/s/files/1/0076/8301/4754/products/6_d2ea4787-184e-4abb-8608-413740ed9eed.jpg?v=1661332870|role:construction detail || https://cdn.shopify.com/s/files/1/0076/8301/4754/products/8_d371370f-39ee-4def-8a56-89939fe7b9f2.jpg?v=1661332870|role:side profile,3,false,/products/caberg-ghost-helmet,/products/caberg-ghost-helmet
caberg-flyon-rio-helmet,caberg-flyon-rio-helmet,Caberg Flyon Rio Helmet,Caberg Flyon Rio Helmet,caberg-flyon-rio-helmet,"The new Flyon jet helmet is the ideal companion for daily city rides, but the helmet is also well suited for long distances. Its many… • Scratch-resistant visor including Pinlock®.. • Integrated sun visor. • Locking system for the visor. • Easy and quick visor change. Available in multiple sizes and/or colours — select your variant.","The new Flyon jet helmet is the ideal companion for daily city rides, but the helmet is also well suited for long distances. Its many features make the Flyon a contemporary helmet that will satisfy the most demanding touring bikers.<br><br>

<b>Features:</b><br>

<li>Scratch-resistant visor including Pinlock®.</li>
<li>Integrated sun visor</li>
<li>Locking system for the visor</li>
<li>Easy and quick visor change</li>
<li>Head ventilation</li>
<li>Anti-rain profile</li>
<li>Removable and washable cheek pads</li>
<li>Micrometric closure</li>
<li>High quality multi-layer paint with UV protection</li>
<li>Prepared for Bluetooth communication systems</li>
<li>Suitable for spectacle wearers</li>
<li>ECE 22.05</li><br>
<b>Two shell sizes:</b><br>

<li>Small helmet shell (XS-M)</li>
<li>Large helmet shell (L-2XL)</li><br>
<b>Material:</b><br>

<li>Fiberglass</li>
<li>Lining: 100% Polyester</li>
<li>Weight:</li>
<li>Small helmet shell: 1.320g (+/-50g).</li>
<li>Large helmet shell: 1.420g (+/-50g)</li><br>
<b>Sizes:</b><br>

<li>XS (53-54)</li>
<li>S (55-56)</li>
<li>M (57-58)</li>
<li>L (59-60)</li>
<li>XL (61-62)</li>
<li>2XL (63-64)</li><br>
<b>Contents:</b><br>

<li>1x Caberg Flyon Rio Jet Helmet</li>
<li>1x Pinlock lens</li>","The new Flyon jet helmet is the ideal companion for daily city rides, but the helmet is also well suited for long distances. Its many features make the Flyon a contemporary helmet that will satisfy the most demanding touring bikers.

Features:

• Scratch-resistant visor including Pinlock®.

• Integrated sun visor

• Locking system for the visor

• Easy and quick visor change

• Head ventilation

• Anti-rain profile

• Removable and washable cheek pads

• Micrometric closure

• High quality multi-layer paint with UV protection

• Prepared for Bluetooth communication systems

• Suitable for spectacle wearers

• ECE 22.05

Two shell sizes:

• Small helmet shell (XS-M)

• Large helmet shell (L-2XL)

Material:

• Fiberglass

• Lining: 100% Polyester

• Weight:

• Small helmet shell: 1.320g (+/-50g).

• Large helmet shell: 1.420g (+/-50g)

Sizes:

• XS (53-54)

• S (55-56)

• M (57-58)

• L (59-60)

• XL (61-62)

• 2XL (63-64)

Contents:

• 1x Caberg Flyon Rio Jet Helmet

• 1x Pinlock lens",42000,,2026-07-26,active,Caberg,5000,g,Buy Caberg Flyon Rio Helmet | Mile 27 Store,"The new Flyon jet helmet is the ideal companion for daily city rides, but the helmet is also well suited for long distances. Its many… Scratch-resistant…",Scratch-resistant visor including Pinlock®. | Integrated sun visor | Locking system for the visor | Easy and quick visor change,Cleaned noise; brand verified,High,false,Helmets,High,"Mapped from Shopify Type ""Helmets""",caberg-flyon-rio-helmet-1|Size:XS:Colour:Black Matt/Red|price:42000.00|compare:|weight:5000|barcode:|qty:0 | caberg-flyon-rio-helmet-2|Size:XS:Colour:Blue/Neon Yellow|price:42000.00|compare:|weight:5000|barcode:|qty:0 | caberg-flyon-rio-helmet-3|Size:S:Colour:Black Matt/Red|price:42000.00|compare:|weight:5000|barcode:|qty:0 | caberg-flyon-rio-helmet-4|Size:S:Colour:Blue/Neon Yellow|price:42000.00|compare:|weight:5000|barcode:|qty:0 | caberg-flyon-rio-helmet-5|Size:M:Colour:Black Matt/Red|price:42000.00|compare:|weight:5000|barcode:|qty:0 | caberg-flyon-rio-helmet-6|Size:M:Colour:Blue/Neon Yellow|price:42000.00|compare:|weight:5000|barcode:|qty:0 | caberg-flyon-rio-helmet-7|Size:L:Colour:Black Matt/Red|price:42000.00|compare:|weight:5000|barcode:|qty:0 | caberg-flyon-rio-helmet-8|Size:L:Colour:Blue/Neon Yellow|price:42000.00|compare:|weight:5000|barcode:|qty:0 | caberg-flyon-rio-helmet-9|Size:XL:Colour:Black Matt/Red|price:42000.00|compare:|weight:5000|barcode:|qty:0 | caberg-flyon-rio-helmet-10|Size:XL:Colour:Blue/Neon Yellow|price:42000.00|compare:|weight:5000|barcode:|qty:0 | caberg-flyon-rio-helmet-11|Size:XXL:Colour:Black Matt/Red|price:42000.00|compare:|weight:5000|barcode:|qty:0 | caberg-flyon-rio-helmet-12|Size:XXL:Colour:Blue/Neon Yellow|price:42000.00|compare:|weight:5000|barcode:|qty:0,"caberg-flyon-rio-helmet-1,caberg-flyon-rio-helmet-2,caberg-flyon-rio-helmet-3,caberg-flyon-rio-helmet-4,caberg-flyon-rio-helmet-5,caberg-flyon-rio-helmet-6,caberg-flyon-rio-helmet-7,caberg-flyon-rio-helmet-8,caberg-flyon-rio-helmet-9,caberg-flyon-rio-helmet-10,caberg-flyon-rio-helmet-11,caberg-flyon-rio-helmet-12",12,https://cdn.shopify.com/s/files/1/0076/8301/4754/products/Flyon-Rio-Matt-Black-Red-Anthracite-Silver-3-4.jpg?v=1661332245|pos:1|alt:Caberg Caberg Flyon Rio Helmet – front view || https://cdn.shopify.com/s/files/1/0076/8301/4754/products/3_364bbda7-3e03-4a47-9966-636ab3355a0e.jpg?v=1661332245|pos:2|alt:Caberg Caberg Flyon Rio Helmet – side view || https://cdn.shopify.com/s/files/1/0076/8301/4754/products/Flyon-Rio-Matt-Blue-Yama-White-Yellow-Fluo-Silver-3-4.jpg?v=1661332245|pos:3|alt:Caberg Caberg Flyon Rio Helmet – rear view || https://cdn.shopify.com/s/files/1/0076/8301/4754/products/3_1_f4b73c41-597d-48a1-940d-3ca63067ba1c.jpg?v=1661332245|pos:4|alt:Caberg Caberg Flyon Rio Helmet – detail view,4,Caberg Caberg Flyon Rio Helmet – front view | Caberg Caberg Flyon Rio Helmet – side view | Caberg Caberg Flyon Rio Helmet – rear view | Caberg Caberg Flyon Rio Helmet – detail view,,0,Caberg Flyon Rio Helmet,"Caberg Flyon Rio Helmet. The new Flyon jet helmet is the ideal companion for daily city rides, but the helmet is also well suited for long distances.",,,Scratch-resistant visor including Pinlock®. Integrated sun visor. Locking system for the visor. Easy and quick visor change.,,Available in multiple sizes. Check the size guide before ordering.,Caberg Flyon Rio Helmet — a helmet built to the specifications listed above.,true,draft,https://cdn.shopify.com/s/files/1/0076/8301/4754/products/Flyon-Rio-Matt-Black-Red-Anthracite-Silver-3-4.jpg?v=1661332245|role:hero || https://cdn.shopify.com/s/files/1/0076/8301/4754/products/3_364bbda7-3e03-4a47-9966-636ab3355a0e.jpg?v=1661332245|role:construction detail || https://cdn.shopify.com/s/files/1/0076/8301/4754/products/Flyon-Rio-Matt-Blue-Yama-White-Yellow-Fluo-Silver-3-4.jpg?v=1661332245|role:side profile,3,false,/products/caberg-flyon-rio-helmet,/products/caberg-flyon-rio-helmet
caberg-flyon-bakari-helmet,caberg-flyon-bakari-helmet,Caberg Flyon Bakari Helmet,Caberg Flyon Bakari Helmet,caberg-flyon-bakari-helmet,"The new jet helmet Flyon is the ideal companion for the daily city trips, but also for long distances the helmet is well suitable. Due… • scratch resistant visor including Pinlock®. • integrated sun visor. • locking system for the visor. • easy and quick change of visor. Available in multiple sizes and/or colours — select your variant.","The new jet helmet Flyon is the ideal companion for the daily city trips, but also for long distances the helmet is well suitable. Due to its many features, the Flyon is a contemporary helmet that satisfies the demanding touring biker.<br><br>

<b>Features:</b><br>

<li>scratch resistant visor including Pinlock®</li>
<li>integrated sun visor</li>
<li>locking system for the visor</li>
<li>easy and quick change of visor</li>
<li>head ventilation</li>
<li>anti-rain profile</li>
<li>removable and washable cheek pads</li>
<li>high-quality multi-layer coating with UV protection</li>
<li>prepared for Bluetooth communication set</li><br>
<b>Specifications:</b><br>

<li>fiberglass</li>
<li>100% polyester lining</li>
<li>ECE 22.05</li>
<li>Closure: Micro Ratchet Closure</li>
<li>Weight: small helmet shell (XS-M): 1320g (+/-50g); large helmet shell (L-2XL): 1420g (+/-50g)</li><br>
<b>Contents:</b><br>

<li>1 x Caberg Flyon jet helmet</li>
<li>1 x Pinlock Lens</li>","The new jet helmet Flyon is the ideal companion for the daily city trips, but also for long distances the helmet is well suitable. Due to its many features, the Flyon is a contemporary helmet that satisfies the demanding touring biker.

Features:

• scratch resistant visor including Pinlock®

• integrated sun visor

• locking system for the visor

• easy and quick change of visor

• head ventilation

• anti-rain profile

• removable and washable cheek pads

• high-quality multi-layer coating with UV protection

• prepared for Bluetooth communication set

Specifications:

• fiberglass

• 100% polyester lining

• ECE 22.05

• Closure: Micro Ratchet Closure

• Weight: small helmet shell (XS-M): 1320g (+/-50g); large helmet shell (L-2XL): 1420g (+/-50g)

Contents:

• 1 x Caberg Flyon jet helmet

• 1 x Pinlock Lens",42000,,2026-07-26,active,Caberg,5000,g,Buy Caberg Flyon Bakari Helmet | Mile 27 Store,"The new jet helmet Flyon is the ideal companion for the daily city trips, but also for long distances the helmet is well suitable. Due… scratch resistant…",scratch resistant visor including Pinlock® | integrated sun visor | locking system for the visor | easy and quick change of visor,Cleaned noise; brand verified,High,false,Helmets,High,"Mapped from Shopify Type ""Helmets""",caberg-flyon-bakari-helmet-1|Size:XS:Colour:White/Red/Blue|price:42000.00|compare:|weight:5000|barcode:|qty:0 | caberg-flyon-bakari-helmet-2|Size:XS:Colour:Black/Yellow|price:42000.00|compare:|weight:5000|barcode:|qty:0 | caberg-flyon-bakari-helmet-3|Size:XS:Colour:Anthracite/Black|price:42000.00|compare:|weight:5000|barcode:|qty:0 | caberg-flyon-bakari-helmet-4|Size:S:Colour:White/Red/Blue|price:42000.00|compare:|weight:5000|barcode:|qty:0 | caberg-flyon-bakari-helmet-5|Size:S:Colour:Black/Yellow|price:42000.00|compare:|weight:5000|barcode:|qty:0 | caberg-flyon-bakari-helmet-6|Size:S:Colour:Anthracite/Black|price:42000.00|compare:|weight:5000|barcode:|qty:0 | caberg-flyon-bakari-helmet-7|Size:M:Colour:White/Red/Blue|price:42000.00|compare:|weight:5000|barcode:|qty:0 | caberg-flyon-bakari-helmet-8|Size:M:Colour:Black/Yellow|price:42000.00|compare:|weight:5000|barcode:|qty:0 | caberg-flyon-bakari-helmet-9|Size:M:Colour:Anthracite/Black|price:42000.00|compare:|weight:5000|barcode:|qty:0 | caberg-flyon-bakari-helmet-10|Size:L:Colour:White/Red/Blue|price:42000.00|compare:|weight:5000|barcode:|qty:0 | caberg-flyon-bakari-helmet-11|Size:L:Colour:Black/Yellow|price:42000.00|compare:|weight:5000|barcode:|qty:0 | caberg-flyon-bakari-helmet-12|Size:L:Colour:Anthracite/Black|price:42000.00|compare:|weight:5000|barcode:|qty:0 | caberg-flyon-bakari-helmet-13|Size:XL:Colour:White/Red/Blue|price:42000.00|compare:|weight:5000|barcode:|qty:0 | caberg-flyon-bakari-helmet-14|Size:XL:Colour:Black/Yellow|price:42000.00|compare:|weight:5000|barcode:|qty:0 | caberg-flyon-bakari-helmet-15|Size:XL:Colour:Anthracite/Black|price:42000.00|compare:|weight:5000|barcode:|qty:0 | caberg-flyon-bakari-helmet-16|Size:XXL:Colour:White/Red/Blue|price:42000.00|compare:|weight:5000|barcode:|qty:0 | caberg-flyon-bakari-helmet-17|Size:XXL:Colour:Black/Yellow|price:42000.00|compare:|weight:5000|barcode:|qty:0 | caberg-flyon-bakari-helmet-18|Size:XXL:Colour:Anthracite/Black|price:42000.00|compare:|weight:5000|barcode:|qty:0,"caberg-flyon-bakari-helmet-1,caberg-flyon-bakari-helmet-2,caberg-flyon-bakari-helmet-3,caberg-flyon-bakari-helmet-4,caberg-flyon-bakari-helmet-5,caberg-flyon-bakari-helmet-6,caberg-flyon-bakari-helmet-7,caberg-flyon-bakari-helmet-8,caberg-flyon-bakari-helmet-9,caberg-flyon-bakari-helmet-10,caberg-flyon-bakari-helmet-11,caberg-flyon-bakari-helmet-12,caberg-flyon-bakari-helmet-13,caberg-flyon-bakari-helmet-14,caberg-flyon-bakari-helmet-15,caberg-flyon-bakari-helmet-16,caberg-flyon-bakari-helmet-17,caberg-flyon-bakari-helmet-18",18,https://cdn.shopify.com/s/files/1/0076/8301/4754/products/30560021.jpg?v=1661331957|pos:1|alt:Caberg Caberg Flyon Bakari Helmet – front view || https://cdn.shopify.com/s/files/1/0076/8301/4754/products/30560021_3.jpg?v=1661331957|pos:2|alt:Caberg Caberg Flyon Bakari Helmet – side view || https://cdn.shopify.com/s/files/1/0076/8301/4754/products/30560025.jpg?v=1661331958|pos:3|alt:Caberg Caberg Flyon Bakari Helmet – rear view || https://cdn.shopify.com/s/files/1/0076/8301/4754/products/30560025_3.jpg?v=1661331958|pos:4|alt:Caberg Caberg Flyon Bakari Helmet – detail view || https://cdn.shopify.com/s/files/1/0076/8301/4754/products/30560029.jpg?v=1661331958|pos:5|alt:Caberg Caberg Flyon Bakari Helmet – top view || https://cdn.shopify.com/s/files/1/0076/8301/4754/products/30560029_3.jpg?v=1661331960|pos:6|alt:Caberg Caberg Flyon Bakari Helmet – product view,6,Caberg Caberg Flyon Bakari Helmet – front view | Caberg Caberg Flyon Bakari Helmet – side view | Caberg Caberg Flyon Bakari Helmet – rear view | Caberg Caberg Flyon Bakari Helmet – detail view | Caberg Caberg Flyon Bakari Helmet – top view | Caberg Caberg Flyon Bakari Helmet – product view,,0,Caberg Flyon Bakari Helmet,"Caberg Flyon Bakari Helmet. The new jet helmet Flyon is the ideal companion for the daily city trips, but also for long distances the helmet is well suitable.",,,scratch resistant visor including Pinlock®. integrated sun visor. locking system for the visor. easy and quick change of visor.,,Available in multiple sizes. Check the size guide before ordering.,Caberg Flyon Bakari Helmet — a helmet built to the specifications listed above.,true,draft,https://cdn.shopify.com/s/files/1/0076/8301/4754/products/30560021.jpg?v=1661331957|role:hero || https://cdn.shopify.com/s/files/1/0076/8301/4754/products/30560021_3.jpg?v=1661331957|role:construction detail || https://cdn.shopify.com/s/files/1/0076/8301/4754/products/30560025.jpg?v=1661331958|role:side profile,3,false,/products/caberg-flyon-bakari-helmet,/products/caberg-flyon-bakari-helmet
caberg-flyon-helmet,caberg-flyon-helmet,Caberg Flyon Helmet,Caberg Flyon Helmet,caberg-flyon-helmet,"The new jet helmet Flyon is the ideal companion for the daily city trips, but also for long distances the helmet is well suitable. Due… • scratch resistant visor including Pinlock®. • integrated sun visor. • locking system for the visor. • easy and quick change of visor. Available in multiple sizes and/or colours — select your variant.","The new jet helmet Flyon is the ideal companion for the daily city trips, but also for long distances the helmet is well suitable. Due to its many features, the Flyon is a contemporary helmet that satisfies the demanding touring biker.<br><br>

<b>Features:</b><br>

<li>scratch resistant visor including Pinlock®</li>
<li>integrated sun visor</li>
<li>locking system for the visor</li>
<li>easy and quick change of visor</li>
<li>head ventilation</li>
<li>anti-rain profile</li>
<li>removable and washable cheek pads</li>
<li>high-quality multi-layer coating with UV protection</li>
<li>prepared for Bluetooth communication set</li><br>
<b>Specifications:</b><br>

<li>fiberglass</li>
<li>100% polyester lining</li>
<li>ECE 22.05</li>
<li>Closure: Micro Ratchet Closure</li>
<li>Weight: small helmet shell (XS-M): 1320g (+/-50g); large helmet shell (L-2XL): 1420g (+/-50g)</li><br>
<b>Contents:</b><br>

<li>1 x Caberg Flyon jet helmet</li>
<li>1 x Pinlock Lens</li>","The new jet helmet Flyon is the ideal companion for the daily city trips, but also for long distances the helmet is well suitable. Due to its many features, the Flyon is a contemporary helmet that satisfies the demanding touring biker.

Features:

• scratch resistant visor including Pinlock®

• integrated sun visor

• locking system for the visor

• easy and quick change of visor

• head ventilation

• anti-rain profile

• removable and washable cheek pads

• high-quality multi-layer coating with UV protection

• prepared for Bluetooth communication set

Specifications:

• fiberglass

• 100% polyester lining

• ECE 22.05

• Closure: Micro Ratchet Closure

• Weight: small helmet shell (XS-M): 1320g (+/-50g); large helmet shell (L-2XL): 1420g (+/-50g)

Contents:

• 1 x Caberg Flyon jet helmet

• 1 x Pinlock Lens",36000,,2026-07-26,active,Caberg,5000,g,Buy Caberg Flyon Helmet | Mile 27 Store,"The new jet helmet Flyon is the ideal companion for the daily city trips, but also for long distances the helmet is well suitable. Due… scratch resistant…",scratch resistant visor including Pinlock® | integrated sun visor | locking system for the visor | easy and quick change of visor,Cleaned noise; brand verified,High,false,Helmets,High,"Mapped from Shopify Type ""Helmets""",caberg-flyon-helmet-1|Size:XS:Colour:White|price:36000.00|compare:|weight:5000|barcode:|qty:0 | caberg-flyon-helmet-2|Size:XS:Colour:Black Matt|price:36000.00|compare:|weight:5000|barcode:|qty:0 | caberg-flyon-helmet-3|Size:XS:Colour:Blue Matt|price:36000.00|compare:|weight:5000|barcode:|qty:0 | caberg-flyon-helmet-4|Size:S:Colour:White|price:36000.00|compare:|weight:5000|barcode:|qty:0 | caberg-flyon-helmet-5|Size:S:Colour:Black Matt|price:36000.00|compare:|weight:5000|barcode:|qty:0 | caberg-flyon-helmet-6|Size:S:Colour:Blue Matt|price:36000.00|compare:|weight:5000|barcode:|qty:0 | caberg-flyon-helmet-7|Size:M:Colour:White|price:36000.00|compare:|weight:5000|barcode:|qty:0 | caberg-flyon-helmet-8|Size:M:Colour:Black Matt|price:36000.00|compare:|weight:5000|barcode:|qty:0 | caberg-flyon-helmet-9|Size:M:Colour:Blue Matt|price:36000.00|compare:|weight:5000|barcode:|qty:0 | caberg-flyon-helmet-10|Size:L:Colour:White|price:36000.00|compare:|weight:5000|barcode:|qty:0 | caberg-flyon-helmet-11|Size:L:Colour:Black Matt|price:36000.00|compare:|weight:5000|barcode:|qty:0 | caberg-flyon-helmet-12|Size:L:Colour:Blue Matt|price:36000.00|compare:|weight:5000|barcode:|qty:0 | caberg-flyon-helmet-13|Size:XL:Colour:White|price:36000.00|compare:|weight:5000|barcode:|qty:0 | caberg-flyon-helmet-14|Size:XL:Colour:Black Matt|price:36000.00|compare:|weight:5000|barcode:|qty:0 | caberg-flyon-helmet-15|Size:XL:Colour:Blue Matt|price:36000.00|compare:|weight:5000|barcode:|qty:0 | caberg-flyon-helmet-16|Size:XXL:Colour:White|price:36000.00|compare:|weight:5000|barcode:|qty:0 | caberg-flyon-helmet-17|Size:XXL:Colour:Black Matt|price:36000.00|compare:|weight:5000|barcode:|qty:0 | caberg-flyon-helmet-18|Size:XXL:Colour:Blue Matt|price:36000.00|compare:|weight:5000|barcode:|qty:0,"caberg-flyon-helmet-1,caberg-flyon-helmet-2,caberg-flyon-helmet-3,caberg-flyon-helmet-4,caberg-flyon-helmet-5,caberg-flyon-helmet-6,caberg-flyon-helmet-7,caberg-flyon-helmet-8,caberg-flyon-helmet-9,caberg-flyon-helmet-10,caberg-flyon-helmet-11,caberg-flyon-helmet-12,caberg-flyon-helmet-13,caberg-flyon-helmet-14,caberg-flyon-helmet-15,caberg-flyon-helmet-16,caberg-flyon-helmet-17,caberg-flyon-helmet-18",18,https://cdn.shopify.com/s/files/1/0076/8301/4754/products/30560001.jpg?v=1661330575|pos:1|alt:Caberg Caberg Flyon Helmet – front view || https://cdn.shopify.com/s/files/1/0076/8301/4754/products/30560001_2.jpg?v=1661330576|pos:2|alt:Caberg Caberg Flyon Helmet – side view || https://cdn.shopify.com/s/files/1/0076/8301/4754/products/30560017.jpg?v=1661330575|pos:3|alt:Caberg Caberg Flyon Helmet – rear view || https://cdn.shopify.com/s/files/1/0076/8301/4754/products/30560017_3.jpg?v=1661330575|pos:4|alt:Caberg Caberg Flyon Helmet – detail view || https://cdn.shopify.com/s/files/1/0076/8301/4754/products/30560004.jpg?v=1661330575|pos:5|alt:Caberg Caberg Flyon Helmet – top view || https://cdn.shopify.com/s/files/1/0076/8301/4754/products/30560004_2.jpg?v=1661330575|pos:6|alt:Caberg Caberg Flyon Helmet – product view,6,Caberg Caberg Flyon Helmet – front view | Caberg Caberg Flyon Helmet – side view | Caberg Caberg Flyon Helmet – rear view | Caberg Caberg Flyon Helmet – detail view | Caberg Caberg Flyon Helmet – top view | Caberg Caberg Flyon Helmet – product view,,0,Caberg Flyon Helmet,"Caberg Flyon Helmet. The new jet helmet Flyon is the ideal companion for the daily city trips, but also for long distances the helmet is well suitable.",,,scratch resistant visor including Pinlock®. integrated sun visor. locking system for the visor. easy and quick change of visor.,,Available in multiple sizes. Check the size guide before ordering.,Caberg Flyon Helmet — a helmet built to the specifications listed above.,true,draft,https://cdn.shopify.com/s/files/1/0076/8301/4754/products/30560001.jpg?v=1661330575|role:hero || https://cdn.shopify.com/s/files/1/0076/8301/4754/products/30560001_2.jpg?v=1661330576|role:construction detail || https://cdn.shopify.com/s/files/1/0076/8301/4754/products/30560017.jpg?v=1661330575|role:side profile,3,false,/products/caberg-flyon-helmet,/products/caberg-flyon-helmet
caberg-sintesi-helmet,caberg-sintesi-helmet,Caberg Sintesi Helmet,Caberg Sintesi Helmet,caberg-sintesi-helmet,"• Fog resistant, antiscratch transparent visor • Fog resistant, antiscratch transparent visor. • adjustable antiscratch inner sun visor. • Fully removable & washable lining Sanitized® treated. • Adjustable top ventilation with inner air channels. Available in multiple sizes and/or colours — select your variant.","<ul data-mce-fragment=""1"">
<li data-mce-fragment=""1"">Fog resistant, antiscratch transparent visor</li>
<li data-mce-fragment=""1"">adjustable antiscratch inner sun visor</li>
<li data-mce-fragment=""1"">Fully removable &amp; washable lining Sanitized® treated</li>
<li data-mce-fragment=""1"">Adjustable top ventilation with inner air channels</li>
<li data-mce-fragment=""1"">Inner sun visor</li>
<li data-mce-fragment=""1"">Adjustable chin ventilation</li>
<li data-mce-fragment=""1"">Removable nose device</li>
<li data-mce-fragment=""1"">removable stop wind</li>
<li data-mce-fragment=""1"">Airflow rear extraction</li>
<li data-mce-fragment=""1"">Just speak device</li>
<li data-mce-fragment=""1"">Rotational chin guard locking system for jet configuration</li>
<li data-mce-fragment=""1"">Double shell size</li>
<li data-mce-fragment=""1"">ready for the Just Speak Kit</li>
</ul>","• Fog resistant, antiscratch transparent visor

• adjustable antiscratch inner sun visor

• Fully removable & washable lining Sanitized® treated

• Adjustable top ventilation with inner air channels

• Inner sun visor

• Adjustable chin ventilation

• Removable nose device

• removable stop wind

• Airflow rear extraction

• Just speak device

• Rotational chin guard locking system for jet configuration

• Double shell size

• ready for the Just Speak Kit",43000,,2026-07-26,active,Caberg,5000,g,Buy Caberg Sintesi Helmet | Mile 27 Store,"Fog resistant, antiscratch transparent visor Fog resistant, antiscratch transparent visor. adjustable antiscratch inner sun visor. Fully removable &…","Fog resistant, antiscratch transparent visor | adjustable antiscratch inner sun visor | Fully removable & washable lining Sanitized® treated | Adjustable top ventilation with inner air channels",Cleaned noise; brand verified,High,false,Helmets,High,"Mapped from Shopify Type ""Helmets""",caberg-sintesi-helmet-1|Size:XS:Colour:White|price:43000.00|compare:|weight:5000|barcode:|qty:0 | caberg-sintesi-helmet-2|Size:XS:Colour:Matt Black|price:43000.00|compare:|weight:5000|barcode:|qty:0 | caberg-sintesi-helmet-3|Size:S:Colour:White|price:43000.00|compare:|weight:5000|barcode:|qty:0 | caberg-sintesi-helmet-4|Size:S:Colour:Matt Black|price:43000.00|compare:|weight:5000|barcode:|qty:0 | caberg-sintesi-helmet-5|Size:M:Colour:White|price:43000.00|compare:|weight:5000|barcode:|qty:0 | caberg-sintesi-helmet-6|Size:M:Colour:Matt Black|price:43000.00|compare:|weight:5000|barcode:|qty:0 | caberg-sintesi-helmet-7|Size:L:Colour:White|price:43000.00|compare:|weight:5000|barcode:|qty:0 | caberg-sintesi-helmet-8|Size:L:Colour:Matt Black|price:43000.00|compare:|weight:5000|barcode:|qty:0 | caberg-sintesi-helmet-9|Size:XL:Colour:White|price:43000.00|compare:|weight:5000|barcode:|qty:0 | caberg-sintesi-helmet-10|Size:XL:Colour:Matt Black|price:43000.00|compare:|weight:5000|barcode:|qty:0 | caberg-sintesi-helmet-11|Size:XXL:Colour:White|price:43000.00|compare:|weight:5000|barcode:|qty:0 | caberg-sintesi-helmet-12|Size:XXL:Colour:Matt Black|price:43000.00|compare:|weight:5000|barcode:|qty:0 | caberg-sintesi-helmet-13|Size:XXXL:Colour:White|price:43000.00|compare:|weight:5000|barcode:|qty:0 | caberg-sintesi-helmet-14|Size:XXXL:Colour:Matt Black|price:43000.00|compare:|weight:5000|barcode:|qty:0,"caberg-sintesi-helmet-1,caberg-sintesi-helmet-2,caberg-sintesi-helmet-3,caberg-sintesi-helmet-4,caberg-sintesi-helmet-5,caberg-sintesi-helmet-6,caberg-sintesi-helmet-7,caberg-sintesi-helmet-8,caberg-sintesi-helmet-9,caberg-sintesi-helmet-10,caberg-sintesi-helmet-11,caberg-sintesi-helmet-12,caberg-sintesi-helmet-13,caberg-sintesi-helmet-14",14,https://cdn.shopify.com/s/files/1/0076/8301/4754/products/1_4473dda1-55f0-4364-bea5-c2b445dc81d7.jpg?v=1661259317|pos:1|alt:Caberg Caberg Sintesi Helmet – front view || https://cdn.shopify.com/s/files/1/0076/8301/4754/products/3_a44443ed-df9d-4bca-90dc-9481bf3decdf.jpg?v=1661259317|pos:2|alt:Caberg Caberg Sintesi Helmet – side view || https://cdn.shopify.com/s/files/1/0076/8301/4754/products/5_1f7a9378-d8f2-4194-933f-65fa7dd5b1b0.jpg?v=1661259317|pos:3|alt:Caberg Caberg Sintesi Helmet – rear view || https://cdn.shopify.com/s/files/1/0076/8301/4754/products/1_1_6a8dbe28-75d8-4412-ae9b-1a0af8ab9fc6.jpg?v=1661259316|pos:4|alt:Caberg Caberg Sintesi Helmet – detail view || https://cdn.shopify.com/s/files/1/0076/8301/4754/products/3_1_6e31c8b3-aea9-465a-86f9-78050380a13f.jpg?v=1661259316|pos:5|alt:Caberg Caberg Sintesi Helmet – top view || https://cdn.shopify.com/s/files/1/0076/8301/4754/products/5_1_777a73e6-ca43-44bd-af50-89989fd88aee.jpg?v=1661259314|pos:6|alt:Caberg Caberg Sintesi Helmet – product view,6,Caberg Caberg Sintesi Helmet – front view | Caberg Caberg Sintesi Helmet – side view | Caberg Caberg Sintesi Helmet – rear view | Caberg Caberg Sintesi Helmet – detail view | Caberg Caberg Sintesi Helmet – top view | Caberg Caberg Sintesi Helmet – product view,,0,Caberg Sintesi Helmet,"Caberg Sintesi Helmet. • Fog resistant, antiscratch transparent visor • Fog resistant, antiscratch transparent visor.",,Adjustable top ventilation with inner air channels.,"Fog resistant, antiscratch transparent visor. adjustable antiscratch inner sun visor. Fully removable & washable lining Sanitized® treated.",,Available in multiple sizes. Check the size guide before ordering.,Caberg Sintesi Helmet — a helmet built to the specifications listed above.,true,draft,https://cdn.shopify.com/s/files/1/0076/8301/4754/products/1_4473dda1-55f0-4364-bea5-c2b445dc81d7.jpg?v=1661259317|role:hero || https://cdn.shopify.com/s/files/1/0076/8301/4754/products/3_a44443ed-df9d-4bca-90dc-9481bf3decdf.jpg?v=1661259317|role:construction detail || https://cdn.shopify.com/s/files/1/0076/8301/4754/products/5_1f7a9378-d8f2-4194-933f-65fa7dd5b1b0.jpg?v=1661259317|role:side profile,3,false,/products/caberg-sintesi-helmet,/products/caberg-sintesi-helmet
caberg-tourmax-titan-helmet,caberg-tourmax-titan-helmet,Caberg Tourmax Titan Helmet,Caberg Tourmax Titan Helmet,caberg-tourmax-titan-helmet,The Tourmax is a comfortable and very safe Helmet from Caberg. The double homologation makes it possible to drive with the front part open or… • Folding helmet with one-hand operation. • Front part locks when opened. • Helmet is by folding up the front part also as a jet helmet mobile. • homologated as integral and jet helmet (P/J). Available in multiple sizes and/or colours — select your variant.,"The Tourmax is a comfortable and very safe Helmet from Caberg. The double homologation makes it possible to drive with the front part open or closed.<br><br>

<b>Features:</b><br>

<li>Folding helmet with one-hand operation</li>
<li>Front part locks when opened</li>
<li>Helmet is by folding up the front part also as a jet helmet mobile</li>
<li>homologated as integral and jet helmet (P/J)</li>
<li>scratch-resistant visor including Pinlock</li>
<li>integrated sun visor</li>
<li>easy and quick change of visor</li>
<li>Sight and head ventilation</li>
<li>anti-rain profile</li>
<li>double anti-turbulent neck guard</li>
<li>detachable windstopper</li>
<li>removable and washable interior equipment</li>
<li>high-quality multi-layer coating with UV protection</li>
<li>prepared for Bluetooth communication set</li><br>
<b>Specifications:</b><br>

<li>Thermoplastic (ABS)</li>
<li>100% polyester lining</li>
<li>ECE 22.05</li>
<li>Closure: Micro Ratchet Closure</li>
<li>Weight: 1730 g (+/-50g)</li><br>
<b>Contents:</b><br>

<li>1 x Caberg Tourmax Helmet</li>
<li>1 x Pinlock Lens</li>","The Tourmax is a comfortable and very safe Helmet from Caberg. The double homologation makes it possible to drive with the front part open or closed.

Features:

• Folding helmet with one-hand operation

• Front part locks when opened

• Helmet is by folding up the front part also as a jet helmet mobile

• homologated as integral and jet helmet (P/J)

• scratch-resistant visor including Pinlock

• integrated sun visor

• easy and quick change of visor

• Sight and head ventilation

• anti-rain profile

• double anti-turbulent neck guard

• detachable windstopper

• removable and washable interior equipment

• high-quality multi-layer coating with UV protection

• prepared for Bluetooth communication set

Specifications:

• Thermoplastic (ABS)

• 100% polyester lining

• ECE 22.05

• Closure: Micro Ratchet Closure

• Weight: 1730 g (+/-50g)

Contents:

• 1 x Caberg Tourmax Helmet

• 1 x Pinlock Lens",43000,,2026-07-26,active,Caberg,5000,g,Buy Caberg Tourmax Titan Helmet | Mile 27 Store,The Tourmax is a comfortable and very safe Helmet from Caberg. The double homologation makes it possible to drive with the front part open or… Folding…,Folding helmet with one-hand operation | Front part locks when opened | Helmet is by folding up the front part also as a jet helmet mobile | homologated as integral and jet helmet (P/J),Cleaned noise; brand verified,High,false,Helmets,High,"Mapped from Shopify Type ""Helmets""",caberg-tourmax-titan-helmet-1|Size:XS:Colour:White/Blue/Red|price:43000.00|compare:|weight:5000|barcode:|qty:0 | caberg-tourmax-titan-helmet-2|Size:XS:Colour:Gray/Orange|price:43000.00|compare:|weight:5000|barcode:|qty:0 | caberg-tourmax-titan-helmet-3|Size:S:Colour:White/Blue/Red|price:43000.00|compare:|weight:5000|barcode:|qty:0 | caberg-tourmax-titan-helmet-4|Size:S:Colour:Gray/Orange|price:43000.00|compare:|weight:5000|barcode:|qty:0 | caberg-tourmax-titan-helmet-5|Size:M:Colour:White/Blue/Red|price:43000.00|compare:|weight:5000|barcode:|qty:0 | caberg-tourmax-titan-helmet-6|Size:M:Colour:Gray/Orange|price:43000.00|compare:|weight:5000|barcode:|qty:0 | caberg-tourmax-titan-helmet-7|Size:L:Colour:White/Blue/Red|price:43000.00|compare:|weight:5000|barcode:|qty:0 | caberg-tourmax-titan-helmet-8|Size:L:Colour:Gray/Orange|price:43000.00|compare:|weight:5000|barcode:|qty:0 | caberg-tourmax-titan-helmet-9|Size:XL:Colour:White/Blue/Red|price:43000.00|compare:|weight:5000|barcode:|qty:0 | caberg-tourmax-titan-helmet-10|Size:XL:Colour:Gray/Orange|price:43000.00|compare:|weight:5000|barcode:|qty:0,"caberg-tourmax-titan-helmet-1,caberg-tourmax-titan-helmet-2,caberg-tourmax-titan-helmet-3,caberg-tourmax-titan-helmet-4,caberg-tourmax-titan-helmet-5,caberg-tourmax-titan-helmet-6,caberg-tourmax-titan-helmet-7,caberg-tourmax-titan-helmet-8,caberg-tourmax-titan-helmet-9,caberg-tourmax-titan-helmet-10",10,https://cdn.shopify.com/s/files/1/0076/8301/4754/products/30880034.jpg?v=1661258466|pos:1|alt:Caberg Caberg Tourmax Titan Helmet – front view || https://cdn.shopify.com/s/files/1/0076/8301/4754/products/30880034_1.jpg?v=1661258466|pos:2|alt:Caberg Caberg Tourmax Titan Helmet – side view || https://cdn.shopify.com/s/files/1/0076/8301/4754/products/30880034_3.jpg?v=1661258466|pos:3|alt:Caberg Caberg Tourmax Titan Helmet – rear view || https://cdn.shopify.com/s/files/1/0076/8301/4754/products/30880036.jpg?v=1661258466|pos:4|alt:Caberg Caberg Tourmax Titan Helmet – detail view || https://cdn.shopify.com/s/files/1/0076/8301/4754/products/30880036_1.jpg?v=1661258466|pos:5|alt:Caberg Caberg Tourmax Titan Helmet – top view || https://cdn.shopify.com/s/files/1/0076/8301/4754/products/30880036_3.jpg?v=1661258468|pos:6|alt:Caberg Caberg Tourmax Titan Helmet – product view,6,Caberg Caberg Tourmax Titan Helmet – front view | Caberg Caberg Tourmax Titan Helmet – side view | Caberg Caberg Tourmax Titan Helmet – rear view | Caberg Caberg Tourmax Titan Helmet – detail view | Caberg Caberg Tourmax Titan Helmet – top view | Caberg Caberg Tourmax Titan Helmet – product view,,0,Caberg Tourmax Titan Helmet,Caberg Tourmax Titan Helmet. The Tourmax is a comfortable and very safe Helmet from Caberg.,,,Folding helmet with one-hand operation. Front part locks when opened. Helmet is by folding up the front part also as a jet helmet mobile. homologated as integral and jet helmet (P/J).,,Available in multiple sizes. Check the size guide before ordering.,Caberg Tourmax Titan Helmet — a helmet built to the specifications listed above.,true,draft,https://cdn.shopify.com/s/files/1/0076/8301/4754/products/30880034.jpg?v=1661258466|role:hero || https://cdn.shopify.com/s/files/1/0076/8301/4754/products/30880034_1.jpg?v=1661258466|role:construction detail || https://cdn.shopify.com/s/files/1/0076/8301/4754/products/30880034_3.jpg?v=1661258466|role:side profile,3,false,/products/caberg-tourmax-titan-helmet,/products/caberg-tourmax-titan-helmet
caberg-tourmax-marathon-helmet,caberg-tourmax-marathon-helmet,Caberg Tourmax Marathon Helmet,Caberg Tourmax Marathon Helmet,caberg-tourmax-marathon-helmet,The Tourmax is a comfortable and very safe helmet from Caberg. The dual homologation allows you to ride with the front part open or closed. • Flip-up helmet with one-handed operation. • Front part locked in unfolded state. • Helmet is by folding the front part as a jet helmet mobile. • Homologated as integral and open face helmet (P / J). Available in multiple sizes and/or colours — select your variant.,"The Tourmax is a comfortable and very safe helmet from Caberg. The dual homologation allows you to ride with the front part open or closed.<br><br>

<b>Features:</b><br>

<li>Flip-up helmet with one-handed operation</li>
<li>Front part locked in unfolded state</li>
<li>Helmet is by folding the front part as a jet helmet mobile</li>
<li>Homologated as integral and open face helmet (P / J)</li>
<li>Scratch-resistant visor including Pinlock®</li>
<li>Integrated sun visor</li>
<li>Easy and quick change of visor</li>
<li>Visor and head ventilation</li>
<li>Anti rain profile</li>
<li>Double anti-turbulent neck protection</li>
<li>Removable windstopper</li>
<li>Removable and washable interior</li>
<li>Micro Metric helmet closure</li>
<li>High-quality multi-layer coating with UV protection</li>
<li>Prepared for Bluetooth communication set</li>
<li>ECE 22.05</li><br>
<b>Material:</b><br>

<li>Thermoplastic</li>
<b>Weight:</b><br>

<li>1.730g (+/- 50g)</li>","The Tourmax is a comfortable and very safe helmet from Caberg. The dual homologation allows you to ride with the front part open or closed.

Features:

• Flip-up helmet with one-handed operation

• Front part locked in unfolded state

• Helmet is by folding the front part as a jet helmet mobile

• Homologated as integral and open face helmet (P / J)

• Scratch-resistant visor including Pinlock®

• Integrated sun visor

• Easy and quick change of visor

• Visor and head ventilation

• Anti rain profile

• Double anti-turbulent neck protection

• Removable windstopper

• Removable and washable interior

• Micro Metric helmet closure

• High-quality multi-layer coating with UV protection

• Prepared for Bluetooth communication set

• ECE 22.05

Material:

• Thermoplastic

Weight:

• 1.730g (+/- 50g)",43000,,2026-07-26,active,Caberg,5000,g,Buy Caberg Tourmax Marathon Helmet | Mile 27 Store,The Tourmax is a comfortable and very safe helmet from Caberg. The dual homologation allows you to ride with the front part open or closed. Flip-up helmet…,Flip-up helmet with one-handed operation | Front part locked in unfolded state | Helmet is by folding the front part as a jet helmet mobile | Homologated as integral and open face helmet (P / J),Cleaned noise; brand verified,High,false,Helmets,High,"Mapped from Shopify Type ""Helmets""",caberg-tourmax-marathon-helmet-1|Size:XS:Colour:Black/Green|price:43000.00|compare:|weight:5000|barcode:|qty:0 | caberg-tourmax-marathon-helmet-2|Size:XS:Colour:Black/Gray|price:43000.00|compare:|weight:5000|barcode:|qty:0 | caberg-tourmax-marathon-helmet-3|Size:S:Colour:Black/Green|price:43000.00|compare:|weight:5000|barcode:|qty:0 | caberg-tourmax-marathon-helmet-4|Size:S:Colour:Black/Gray|price:43000.00|compare:|weight:5000|barcode:|qty:0 | caberg-tourmax-marathon-helmet-5|Size:M:Colour:Black/Green|price:43000.00|compare:|weight:5000|barcode:|qty:0 | caberg-tourmax-marathon-helmet-6|Size:M:Colour:Black/Gray|price:43000.00|compare:|weight:5000|barcode:|qty:0 | caberg-tourmax-marathon-helmet-7|Size:L:Colour:Black/Green|price:43000.00|compare:|weight:5000|barcode:|qty:0 | caberg-tourmax-marathon-helmet-8|Size:L:Colour:Black/Gray|price:43000.00|compare:|weight:5000|barcode:|qty:0 | caberg-tourmax-marathon-helmet-9|Size:XL:Colour:Black/Green|price:43000.00|compare:|weight:5000|barcode:|qty:0 | caberg-tourmax-marathon-helmet-10|Size:XL:Colour:Black/Gray|price:43000.00|compare:|weight:5000|barcode:|qty:0,"caberg-tourmax-marathon-helmet-1,caberg-tourmax-marathon-helmet-2,caberg-tourmax-marathon-helmet-3,caberg-tourmax-marathon-helmet-4,caberg-tourmax-marathon-helmet-5,caberg-tourmax-marathon-helmet-6,caberg-tourmax-marathon-helmet-7,caberg-tourmax-marathon-helmet-8,caberg-tourmax-marathon-helmet-9,caberg-tourmax-marathon-helmet-10",10,https://cdn.shopify.com/s/files/1/0076/8301/4754/products/30880025_1_gross-oben.jpg?v=1661257004|pos:1|alt:Caberg Caberg Tourmax Marathon Helmet – front view || https://cdn.shopify.com/s/files/1/0076/8301/4754/products/30880025_01.jpg?v=1661257006|pos:2|alt:Caberg Caberg Tourmax Marathon Helmet – side view || https://cdn.shopify.com/s/files/1/0076/8301/4754/products/30880025_3_rechts_unten.jpg?v=1661257005|pos:3|alt:Caberg Caberg Tourmax Marathon Helmet – rear view || https://cdn.shopify.com/s/files/1/0076/8301/4754/products/30880027_1_unten_im_weissem_Feld.jpg?v=1661257006|pos:4|alt:Caberg Caberg Tourmax Marathon Helmet – detail view || https://cdn.shopify.com/s/files/1/0076/8301/4754/products/30880027_2_unter-der-Tabelle-groesser.jpg?v=1661257005|pos:5|alt:Caberg Caberg Tourmax Marathon Helmet – top view || https://cdn.shopify.com/s/files/1/0076/8301/4754/products/Tourmax-Marathon-Matt-Black-White-Anthracite-rear.jpg?v=1661257007|pos:6|alt:Caberg Caberg Tourmax Marathon Helmet – product view,6,Caberg Caberg Tourmax Marathon Helmet – front view | Caberg Caberg Tourmax Marathon Helmet – side view | Caberg Caberg Tourmax Marathon Helmet – rear view | Caberg Caberg Tourmax Marathon Helmet – detail view | Caberg Caberg Tourmax Marathon Helmet – top view | Caberg Caberg Tourmax Marathon Helmet – product view,,0,Caberg Tourmax Marathon Helmet,Caberg Tourmax Marathon Helmet. The Tourmax is a comfortable and very safe helmet from Caberg.,,,Flip-up helmet with one-handed operation. Front part locked in unfolded state. Helmet is by folding the front part as a jet helmet mobile. Homologated as integral and open face helmet (P / J).,,Available in multiple sizes. Check the size guide before ordering.,Caberg Tourmax Marathon Helmet — a helmet built to the specifications listed above.,true,draft,https://cdn.shopify.com/s/files/1/0076/8301/4754/products/30880025_1_gross-oben.jpg?v=1661257004|role:hero || https://cdn.shopify.com/s/files/1/0076/8301/4754/products/30880025_01.jpg?v=1661257006|role:construction detail || https://cdn.shopify.com/s/files/1/0076/8301/4754/products/30880025_3_rechts_unten.jpg?v=1661257005|role:side profile,3,false,/products/caberg-tourmax-marathon-helmet,/products/caberg-tourmax-marathon-helmet
caberg-tourmax-helmet,caberg-tourmax-helmet,Caberg Tourmax Helmet,Caberg Tourmax Helmet,caberg-tourmax-helmet,"Tourmax is the first flip up Adventure on the market conceived for all the Eunduro and Maxi Enduro motorcycles owners. As result of the long… • Air resistance. • Thermoplast. • Completely removable, washable and sanitized with reflective inserts.. • Removable Stop Wind. Available in multiple sizes and/or colours — select your variant.","Tourmax is the first flip up Adventure on the market conceived for all the Eunduro and Maxi Enduro motorcycles owners. As result of the long experience gained by Caberg, the first Italian company to produce flip up helmets, the new TOURMAX 100% Made in Italy is equipped with a peak that automatically moves close to the visor when opening the chin guard in order to minimize<br><br>

<b>Features:</b><br>

<li>Air resistance
Tourmax comes with the dual homologation P/J which allows you to ride with the chin guard open guarantying safety thanks to
the lever P/J on the left hand side of the helmet. This lever when in the “J” position, blocks the chin guard in the fully open position
avoiding the chin guard to accidentally close.</li>
Tourmax is equipped with the exclusive Double Visor Tech system that, thanks to the easy to use inner sunvisor, allows you to ride
always with the right light and in safety. The inner sun visor is treated anti scratch , while the outer clear visor is not only antiscratch 
but also antifog thanks to the double lens Pinlock. Ventilation is guaranteed by two wide vents placed on the chin guard and on
the shell that are easy to maneuver also with gloves. The air is channelled through grooves on the inner liner that ensure perfect 
ventilation of the helmet. The lining is completely removable and washable, realized with breathable and hypoallergenic fabric for 
maximum freshness, with reflective inserts at the back of the neck.
Tourmax is offered in the single col :matt black, matt gun metal, and white metal; and in a sport graphic version the SONIC with white base.
Tourmax has a seating to accommodate the Caberg Bluetooth communication system “JUST SPEAK EASY” which allows to com-municate not only with your own mobile phone and your passenger but also to connect to a GPS system, listen to music through your mobile or an MP3 player. Just Speak Easy is equipped with Bluetooth A2DP that permits to listen in high quality stereo.<br>
<b>Specifications:</b><br>

<b>Outer shell:</b><br>
<li>Thermoplast</li>
<b>Lining:</b><br>
<li>Completely removable, washable and sanitized with reflective inserts.</li>
<li>Removable Stop Wind</li>
<b>Ventialation:</b><br>
<li>Chin venting to avoid condensation to the visor</li>
<li>Adjustable top venting for extra air flow</li>
<b>Visors:</b><br>
<li>Double Visor Tech system. Transparent, antiscratch</li>
<li>Pin lock fitted visor as standard</li>
<li>Sunvisor antiscratch</li>
<b>Fastening:</b><br>
<li>Micrometric adjustable buckle</li>
<b>Sizes:</b><br>
<li>XS - S - M - L - XL</li>
<b>Homologation:</b><br>
<li>ECE 22.05 P/J</li>
<b>Weight:</b><br>
<li>1600 gr. +/- 50 gr.</li>","Tourmax is the first flip up Adventure on the market conceived for all the Eunduro and Maxi Enduro motorcycles owners. As result of the long experience gained by Caberg, the first Italian company to produce flip up helmets, the new TOURMAX 100% Made in Italy is equipped with a peak that automatically moves close to the visor when opening the chin guard in order to minimize

Features:

• Air resistance
Tourmax comes with the dual homologation P/J which allows you to ride with the chin guard open guarantying safety thanks to
the lever P/J on the left hand side of the helmet. This lever when in the “J” position, blocks the chin guard in the fully open position
avoiding the chin guard to accidentally close.

Tourmax is equipped with the exclusive Double Visor Tech system that, thanks to the easy to use inner sunvisor, allows you to ride
always with the right light and in safety. The inner sun visor is treated anti scratch , while the outer clear visor is not only antiscratch 
but also antifog thanks to the double lens Pinlock. Ventilation is guaranteed by two wide vents placed on the chin guard and on
the shell that are easy to maneuver also with gloves. The air is channelled through grooves on the inner liner that ensure perfect 
ventilation of the helmet. The lining is completely removable and washable, realized with breathable and hypoallergenic fabric for 
maximum freshness, with reflective inserts at the back of the neck.
Tourmax is offered in the single col :matt black, matt gun metal, and white metal; and in a sport graphic version the SONIC with white base.
Tourmax has a seating to accommodate the Caberg Bluetooth communication system “JUST SPEAK EASY” which allows to com-municate not only with your own mobile phone and your passenger but also to connect to a GPS system, listen to music through your mobile or an MP3 player. Just Speak Easy is equipped with Bluetooth A2DP that permits to listen in high quality stereo.

Specifications:

Outer shell:

• Thermoplast

Lining:

• Completely removable, washable and sanitized with reflective inserts.

• Removable Stop Wind

Ventialation:

• Chin venting to avoid condensation to the visor

• Adjustable top venting for extra air flow

Visors:

• Double Visor Tech system. Transparent, antiscratch

• Pin lock fitted visor as standard

• Sunvisor antiscratch

Fastening:

• Micrometric adjustable buckle

Sizes:

• XS - S - M - L - XL

Homologation:

• ECE 22.05 P/J

Weight:

• 1600 gr. +/- 50 gr.",38000,,2026-07-26,active,Caberg,5000,g,Buy Caberg Tourmax Helmet | Mile 27 Store,Tourmax is the first flip up Adventure on the market conceived for all the Eunduro and Maxi Enduro motorcycles owners. As result of the long… Air…,"Air resistance | Thermoplast | Completely removable, washable and sanitized with reflective inserts. | Removable Stop Wind",Cleaned noise; brand verified,High,false,Helmets,High,"Mapped from Shopify Type ""Helmets""",caberg-tourmax-helmet-1|Size:XS:Colour:White|price:38000.00|compare:|weight:5000|barcode:|qty:0 | caberg-tourmax-helmet-2|Size:XS:Colour:Black Matt|price:38000.00|compare:|weight:5000|barcode:|qty:0 | caberg-tourmax-helmet-3|Size:XS:Colour:Matt Gunmetal|price:38000.00|compare:|weight:5000|barcode:|qty:0 | caberg-tourmax-helmet-4|Size:S:Colour:White|price:38000.00|compare:|weight:5000|barcode:|qty:0 | caberg-tourmax-helmet-5|Size:S:Colour:Black Matt|price:38000.00|compare:|weight:5000|barcode:|qty:0 | caberg-tourmax-helmet-6|Size:S:Colour:Matt Gunmetal|price:38000.00|compare:|weight:5000|barcode:|qty:0 | caberg-tourmax-helmet-7|Size:M:Colour:White|price:38000.00|compare:|weight:5000|barcode:|qty:0 | caberg-tourmax-helmet-8|Size:M:Colour:Black Matt|price:38000.00|compare:|weight:5000|barcode:|qty:0 | caberg-tourmax-helmet-9|Size:M:Colour:Matt Gunmetal|price:38000.00|compare:|weight:5000|barcode:|qty:0 | caberg-tourmax-helmet-10|Size:L:Colour:White|price:38000.00|compare:|weight:5000|barcode:|qty:0 | caberg-tourmax-helmet-11|Size:L:Colour:Black Matt|price:38000.00|compare:|weight:5000|barcode:|qty:0 | caberg-tourmax-helmet-12|Size:L:Colour:Matt Gunmetal|price:38000.00|compare:|weight:5000|barcode:|qty:0 | caberg-tourmax-helmet-13|Size:XL:Colour:White|price:38000.00|compare:|weight:5000|barcode:|qty:0 | caberg-tourmax-helmet-14|Size:XL:Colour:Black Matt|price:38000.00|compare:|weight:5000|barcode:|qty:0 | caberg-tourmax-helmet-15|Size:XL:Colour:Matt Gunmetal|price:38000.00|compare:|weight:5000|barcode:|qty:0,"caberg-tourmax-helmet-1,caberg-tourmax-helmet-2,caberg-tourmax-helmet-3,caberg-tourmax-helmet-4,caberg-tourmax-helmet-5,caberg-tourmax-helmet-6,caberg-tourmax-helmet-7,caberg-tourmax-helmet-8,caberg-tourmax-helmet-9,caberg-tourmax-helmet-10,caberg-tourmax-helmet-11,caberg-tourmax-helmet-12,caberg-tourmax-helmet-13,caberg-tourmax-helmet-14,caberg-tourmax-helmet-15",15,https://cdn.shopify.com/s/files/1/0076/8301/4754/products/30880001a.jpg?v=1661256630|pos:1|alt:Caberg Caberg Tourmax Helmet – front view || https://cdn.shopify.com/s/files/1/0076/8301/4754/products/30880001_1.jpg?v=1661256632|pos:2|alt:Caberg Caberg Tourmax Helmet – side view || https://cdn.shopify.com/s/files/1/0076/8301/4754/products/30880017a.jpg?v=1661256632|pos:3|alt:Caberg Caberg Tourmax Helmet – rear view || https://cdn.shopify.com/s/files/1/0076/8301/4754/products/30880091_5a.jpg?v=1661256631|pos:4|alt:Caberg Caberg Tourmax Helmet – detail view || https://cdn.shopify.com/s/files/1/0076/8301/4754/products/30880091a.jpg?v=1661256632|pos:5|alt:Caberg Caberg Tourmax Helmet – top view || https://cdn.shopify.com/s/files/1/0076/8301/4754/products/30880091_1.jpg?v=1661256630|pos:6|alt:Caberg Caberg Tourmax Helmet – product view,6,Caberg Caberg Tourmax Helmet – front view | Caberg Caberg Tourmax Helmet – side view | Caberg Caberg Tourmax Helmet – rear view | Caberg Caberg Tourmax Helmet – detail view | Caberg Caberg Tourmax Helmet – top view | Caberg Caberg Tourmax Helmet – product view,,0,Caberg Tourmax Helmet,Caberg Tourmax Helmet. Tourmax is the first flip up Adventure on the market conceived for all the Eunduro and Maxi Enduro motorcycles owners.,,,"Air resistance. Thermoplast. Completely removable, washable and sanitized with reflective inserts. Removable Stop Wind.",,Available in multiple sizes. Check the size guide before ordering.,Caberg Tourmax Helmet — a helmet built to the specifications listed above.,true,draft,https://cdn.shopify.com/s/files/1/0076/8301/4754/products/30880001a.jpg?v=1661256630|role:hero || https://cdn.shopify.com/s/files/1/0076/8301/4754/products/30880001_1.jpg?v=1661256632|role:construction detail || https://cdn.shopify.com/s/files/1/0076/8301/4754/products/30880017a.jpg?v=1661256632|role:side profile,3,false,/products/caberg-tourmax-helmet,/products/caberg-tourmax-helmet
caberg-duke-ii-tour-helmet,caberg-duke-ii-tour-helmet,Caberg Duke II Tour Helmet,Caberg Duke II Tour Helmet,caberg-duke-ii-tour-helmet,"Fascinating, comfortable and safe! Captivating, thanks to a sporty and fancy look. Dual homologation (P/J) allows the helmet to be driven closed and open. Extreme… • Folding helmet with one-hand operation. • Front part locks in the opened state. • Helmet can also be driven as a jet helmet by folding up the front part. • Homologated as integral and jet helmet (P/J). Available in multiple sizes and/or colours — select your variant.","Fascinating, comfortable and safe! Captivating, thanks to a sporty and fancy look. Dual homologation (P/J) allows the helmet to be driven closed and open. Extreme safety,confirmed by the 5 star SHARP rating.<br><br>

<b>Features:</b><br>

<li>Folding helmet with one-hand operation</li>
<li>Front part locks in the opened state</li>
<li>Helmet can also be driven as a jet helmet by folding up the front part</li>
<li>Homologated as integral and jet helmet (P/J)</li>
<li>Scratch-proof visor including Pinlock</li>
<li>Integrated sun visor</li>
<li>Easy and quick visor change</li>
<li>Visor and head ventilation</li>
<li>Anti-rain profile</li>
<li>Double anti-turbulence neck guard</li>
<li>Removable wind stopper</li>
<li>Removable and washable liner</li>
<li>High quality multilayer coating with UV protection</li>
<li>Prepared for Bluetooth communication set</li><br>
<b>Specifications:</b><br>

<li>Material: thermoplastic (ABS)</li>
<li>Lining: 100% polyester</li>
<li>Closure: Micro ratchet closure</li>
<li>ECE 22.05</li>
<li>Weight: 1550 g (+/-50g)</li><br>
<b>Contents:</b><br>

<li>1x Caberg Duke II Tour Helmet</li>
<li>1x Pinlock lens</li>","Fascinating, comfortable and safe! Captivating, thanks to a sporty and fancy look. Dual homologation (P/J) allows the helmet to be driven closed and open. Extreme safety,confirmed by the 5 star SHARP rating.

Features:

• Folding helmet with one-hand operation

• Front part locks in the opened state

• Helmet can also be driven as a jet helmet by folding up the front part

• Homologated as integral and jet helmet (P/J)

• Scratch-proof visor including Pinlock

• Integrated sun visor

• Easy and quick visor change

• Visor and head ventilation

• Anti-rain profile

• Double anti-turbulence neck guard

• Removable wind stopper

• Removable and washable liner

• High quality multilayer coating with UV protection

• Prepared for Bluetooth communication set

Specifications:

• Material: thermoplastic (ABS)

• Lining: 100% polyester

• Closure: Micro ratchet closure

• ECE 22.05

• Weight: 1550 g (+/-50g)

Contents:

• 1x Caberg Duke II Tour Helmet

• 1x Pinlock lens",36000,,2026-07-26,active,Caberg,5000,g,Buy Caberg Duke II Tour Helmet | Mile 27 Store,"Fascinating, comfortable and safe! Captivating, thanks to a sporty and fancy look. Dual homologation (P/J) allows the helmet to be driven closed and open.…",Folding helmet with one-hand operation | Front part locks in the opened state | Helmet can also be driven as a jet helmet by folding up the front part | Homologated as integral and jet helmet (P/J),Cleaned noise; brand verified,High,false,Helmets,High,"Mapped from Shopify Type ""Helmets""",caberg-duke-ii-tour-helmet-1|Size:XS:Colour:Black/Grey/Green|price:36000.00|compare:|weight:5000|barcode:|qty:0 | caberg-duke-ii-tour-helmet-2|Size:XS:Colour:Black/Pink|price:36000.00|compare:|weight:5000|barcode:|qty:0 | caberg-duke-ii-tour-helmet-3|Size:S:Colour:Black/Grey/Green|price:36000.00|compare:|weight:5000|barcode:|qty:0 | caberg-duke-ii-tour-helmet-4|Size:S:Colour:Black/Pink|price:36000.00|compare:|weight:5000|barcode:|qty:0 | caberg-duke-ii-tour-helmet-5|Size:M:Colour:Black/Grey/Green|price:36000.00|compare:|weight:5000|barcode:|qty:0 | caberg-duke-ii-tour-helmet-6|Size:M:Colour:Black/Pink|price:36000.00|compare:|weight:5000|barcode:|qty:0 | caberg-duke-ii-tour-helmet-7|Size:L:Colour:Black/Grey/Green|price:36000.00|compare:|weight:5000|barcode:|qty:0 | caberg-duke-ii-tour-helmet-8|Size:L:Colour:Black/Pink|price:36000.00|compare:|weight:5000|barcode:|qty:0 | caberg-duke-ii-tour-helmet-9|Size:XL:Colour:Black/Grey/Green|price:36000.00|compare:|weight:5000|barcode:|qty:0 | caberg-duke-ii-tour-helmet-10|Size:XL:Colour:Black/Pink|price:36000.00|compare:|weight:5000|barcode:|qty:0,"caberg-duke-ii-tour-helmet-1,caberg-duke-ii-tour-helmet-2,caberg-duke-ii-tour-helmet-3,caberg-duke-ii-tour-helmet-4,caberg-duke-ii-tour-helmet-5,caberg-duke-ii-tour-helmet-6,caberg-duke-ii-tour-helmet-7,caberg-duke-ii-tour-helmet-8,caberg-duke-ii-tour-helmet-9,caberg-duke-ii-tour-helmet-10",10,https://cdn.shopify.com/s/files/1/0076/8301/4754/products/Duke-II-Tour-Matt-Black-Yellow-Fluo-Anthracite-Silver-3-4.jpg?v=1661255757|pos:1|alt:Caberg Caberg Duke II Tour Helmet – front view || https://cdn.shopify.com/s/files/1/0076/8301/4754/products/Duke-II-Tour-Matt-Black-Yellow-Fluo-Anthracite-Silver-3-4-open.jpg?v=1661255757|pos:2|alt:Caberg Caberg Duke II Tour Helmet – side view || https://cdn.shopify.com/s/files/1/0076/8301/4754/products/Duke-II-Tour-Matt-Black-Yellow-Fluo-Anthracite-Silver-rear.jpg?v=1661255757|pos:3|alt:Caberg Caberg Duke II Tour Helmet – rear view || https://cdn.shopify.com/s/files/1/0076/8301/4754/products/Duke-II-Tour-Matt-Black-Pink-Anthracite-Silver-3-4.jpg?v=1661255755|pos:4|alt:Caberg Caberg Duke II Tour Helmet – detail view || https://cdn.shopify.com/s/files/1/0076/8301/4754/products/Duke-II-Tour-Matt-Black-Pink-Anthracite-Silver-3-4-open.jpg?v=1661255756|pos:5|alt:Caberg Caberg Duke II Tour Helmet – top view || https://cdn.shopify.com/s/files/1/0076/8301/4754/products/Duke-II-Tour-Matt-Black-Pink-Anthracite-Silver-rear.jpg?v=1661255757|pos:6|alt:Caberg Caberg Duke II Tour Helmet – product view,6,Caberg Caberg Duke II Tour Helmet – front view | Caberg Caberg Duke II Tour Helmet – side view | Caberg Caberg Duke II Tour Helmet – rear view | Caberg Caberg Duke II Tour Helmet – detail view | Caberg Caberg Duke II Tour Helmet – top view | Caberg Caberg Duke II Tour Helmet – product view,use:touring,1,Caberg Duke II Tour Helmet,"Caberg Duke II Tour Helmet. Fascinating, comfortable and safe! Captivating, thanks to a sporty and fancy look.",,,Folding helmet with one-hand operation. Front part locks in the opened state. Helmet can also be driven as a jet helmet by folding up the front part. Homologated as integral and jet helmet (P/J).,,Available in multiple sizes. Check the size guide before ordering.,Caberg Duke II Tour Helmet — a helmet built to the specifications listed above.,true,draft,https://cdn.shopify.com/s/files/1/0076/8301/4754/products/Duke-II-Tour-Matt-Black-Yellow-Fluo-Anthracite-Silver-3-4.jpg?v=1661255757|role:hero || https://cdn.shopify.com/s/files/1/0076/8301/4754/products/Duke-II-Tour-Matt-Black-Yellow-Fluo-Anthracite-Silver-3-4-open.jpg?v=1661255757|role:construction detail || https://cdn.shopify.com/s/files/1/0076/8301/4754/products/Duke-II-Tour-Matt-Black-Yellow-Fluo-Anthracite-Silver-rear.jpg?v=1661255757|role:side profile,3,false,/products/caberg-duke-ii-tour-helmet,/products/caberg-duke-ii-tour-helmet
caberg-duke-ii-superlegend-helmet,caberg-duke-ii-superlegend-helmet,Caberg Duke II Superlegend Helmet,Caberg Duke II Superlegend Helmet,caberg-duke-ii-superlegend-helmet,"Fascinating, comfortable and safe! Captivating, thanks to its sporty and unusual look. Due to the dual homologation (P/J) the helmet can be ridden closed and… • Folding helmet with one-hand operation. • Front part locks when opened. • Helmet is by folding up the front part also as a jet helmet mobile. • homologated as integral and jet helmet (P/J). Available in multiple sizes and/or colours — select your variant.","Fascinating, comfortable and safe! Captivating, thanks to its sporty and unusual look. Due to the dual homologation (P/J) the helmet can be ridden closed and open. Extreme safety approved by the 5 stars SHARP rating.<br><br>

<b>Features:</b><br>

<li>Folding helmet with one-hand operation</li>
<li>Front part locks when opened</li>
<li>Helmet is by folding up the front part also as a jet helmet mobile</li>
<li>homologated as integral and jet helmet (P/J)</li>
<li>scratch-resistant visor including Pinlock</li>
<li>integrated sun visor</li>
<li>easy and quick change of visor</li>
<li>Sight and head ventilation</li>
<li>anti-rain profile</li>
<li>double anti-turbulent neck guard</li>
<li>detachable windstopper</li>
<li>removable and washable interior equipment</li>
<li>high-quality multi-layer coating with UV protection</li>
<li>prepared for Bluetooth communication set</li><br>
<b>Specifications:</b><br>

<li>Thermoplastic (ABS)</li>
<li>100% polyester lining</li>
<li>ECE 22.05</li>
<li>Closure: Micro Ratchet Closure</li>
<li>Weight: 1550 g (+/-50g)</li><br>
<b>Contents:</b><br>

<li>1 x Caberg Duke II Helmet</li>
<li>1 x Pinlock Lens</li>","Fascinating, comfortable and safe! Captivating, thanks to its sporty and unusual look. Due to the dual homologation (P/J) the helmet can be ridden closed and open. Extreme safety approved by the 5 stars SHARP rating.

Features:

• Folding helmet with one-hand operation

• Front part locks when opened

• Helmet is by folding up the front part also as a jet helmet mobile

• homologated as integral and jet helmet (P/J)

• scratch-resistant visor including Pinlock

• integrated sun visor

• easy and quick change of visor

• Sight and head ventilation

• anti-rain profile

• double anti-turbulent neck guard

• detachable windstopper

• removable and washable interior equipment

• high-quality multi-layer coating with UV protection

• prepared for Bluetooth communication set

Specifications:

• Thermoplastic (ABS)

• 100% polyester lining

• ECE 22.05

• Closure: Micro Ratchet Closure

• Weight: 1550 g (+/-50g)

Contents:

• 1 x Caberg Duke II Helmet

• 1 x Pinlock Lens",35000,,2026-07-26,active,Caberg,5000,g,Buy Caberg Duke II Superlegend Helmet | Mile 27 Store,"Fascinating, comfortable and safe! Captivating, thanks to its sporty and unusual look. Due to the dual homologation (P/J) the helmet can be ridden closed…",Folding helmet with one-hand operation | Front part locks when opened | Helmet is by folding up the front part also as a jet helmet mobile | homologated as integral and jet helmet (P/J),Cleaned noise; brand verified,High,false,Helmets,High,"Mapped from Shopify Type ""Helmets""",caberg-duke-ii-superlegend-helmet-1|Size:XS:Colour:Black/Yellow|price:35000.00|compare:|weight:5000|barcode:|qty:0 | caberg-duke-ii-superlegend-helmet-2|Size:XS:Colour:Red/White|price:35000.00|compare:|weight:5000|barcode:|qty:0 | caberg-duke-ii-superlegend-helmet-3|Size:S:Colour:Black/Yellow|price:35000.00|compare:|weight:5000|barcode:|qty:0 | caberg-duke-ii-superlegend-helmet-4|Size:S:Colour:Red/White|price:35000.00|compare:|weight:5000|barcode:|qty:0 | caberg-duke-ii-superlegend-helmet-5|Size:M:Colour:Black/Yellow|price:35000.00|compare:|weight:5000|barcode:|qty:0 | caberg-duke-ii-superlegend-helmet-6|Size:M:Colour:Red/White|price:35000.00|compare:|weight:5000|barcode:|qty:0 | caberg-duke-ii-superlegend-helmet-7|Size:L:Colour:Black/Yellow|price:35000.00|compare:|weight:5000|barcode:|qty:0 | caberg-duke-ii-superlegend-helmet-8|Size:L:Colour:Red/White|price:35000.00|compare:|weight:5000|barcode:|qty:0 | caberg-duke-ii-superlegend-helmet-9|Size:XL:Colour:Black/Yellow|price:35000.00|compare:|weight:5000|barcode:|qty:0 | caberg-duke-ii-superlegend-helmet-10|Size:XL:Colour:Red/White|price:35000.00|compare:|weight:5000|barcode:|qty:0,"caberg-duke-ii-superlegend-helmet-1,caberg-duke-ii-superlegend-helmet-2,caberg-duke-ii-superlegend-helmet-3,caberg-duke-ii-superlegend-helmet-4,caberg-duke-ii-superlegend-helmet-5,caberg-duke-ii-superlegend-helmet-6,caberg-duke-ii-superlegend-helmet-7,caberg-duke-ii-superlegend-helmet-8,caberg-duke-ii-superlegend-helmet-9,caberg-duke-ii-superlegend-helmet-10",10,https://cdn.shopify.com/s/files/1/0076/8301/4754/products/30865065.jpg?v=1661253810|pos:1|alt:Caberg Caberg Duke II Superlegend Helmet – front view || https://cdn.shopify.com/s/files/1/0076/8301/4754/products/30865065_1.jpg?v=1661253813|pos:2|alt:Caberg Caberg Duke II Superlegend Helmet – side view || https://cdn.shopify.com/s/files/1/0076/8301/4754/products/30865065_3.jpg?v=1661253810|pos:3|alt:Caberg Caberg Duke II Superlegend Helmet – rear view || https://cdn.shopify.com/s/files/1/0076/8301/4754/products/30865073.jpg?v=1661253812|pos:4|alt:Caberg Caberg Duke II Superlegend Helmet – detail view || https://cdn.shopify.com/s/files/1/0076/8301/4754/products/30865073_1.jpg?v=1661253812|pos:5|alt:Caberg Caberg Duke II Superlegend Helmet – top view || https://cdn.shopify.com/s/files/1/0076/8301/4754/products/30865073_3.jpg?v=1661253813|pos:6|alt:Caberg Caberg Duke II Superlegend Helmet – product view,6,Caberg Caberg Duke II Superlegend Helmet – front view | Caberg Caberg Duke II Superlegend Helmet – side view | Caberg Caberg Duke II Superlegend Helmet – rear view | Caberg Caberg Duke II Superlegend Helmet – detail view | Caberg Caberg Duke II Superlegend Helmet – top view | Caberg Caberg Duke II Superlegend Helmet – product view,,0,Caberg Duke II Superlegend Helmet,"Caberg Duke II Superlegend Helmet. Fascinating, comfortable and safe! Captivating, thanks to its sporty and unusual look.",,,Folding helmet with one-hand operation. Front part locks when opened. Helmet is by folding up the front part also as a jet helmet mobile. homologated as integral and jet helmet (P/J).,,Available in multiple sizes. Check the size guide before ordering.,Caberg Duke II Superlegend Helmet — a helmet built to the specifications listed above.,true,draft,https://cdn.shopify.com/s/files/1/0076/8301/4754/products/30865065.jpg?v=1661253810|role:hero || https://cdn.shopify.com/s/files/1/0076/8301/4754/products/30865065_1.jpg?v=1661253813|role:construction detail || https://cdn.shopify.com/s/files/1/0076/8301/4754/products/30865065_3.jpg?v=1661253810|role:side profile,3,false,/products/caberg-duke-ii-superlegend-helmet,/products/caberg-duke-ii-superlegend-helmet
caberg-duke-ii-kito-helmet,caberg-duke-ii-kito-helmet,Caberg Duke II Kito Helmet,Caberg Duke II Kito Helmet,caberg-duke-ii-kito-helmet,"Fascinating, comfortable and safe! Captivating, thanks to a sporty and fancy look. Dual homologation (P/J) allows the helmet to be ridden closed and open. • Folding helmet with one-hand operation. • Front part locks in the open position. • Helmet can also be driven as a jet helmet by folding up the front part. • Homologated as integral and jet helmet (P/J). Available in multiple sizes and/or colours — select your variant.","Fascinating, comfortable and safe! Captivating, thanks to a sporty and fancy look. Dual homologation (P/J) allows the helmet to be ridden closed and open.<br><br>

<b>Features:</b>

<li>Folding helmet with one-hand operation</li>
<li>Front part locks in the open position</li>
<li>Helmet can also be driven as a jet helmet by folding up the front part</li>
<li>Homologated as integral and jet helmet (P/J)</li>
<li>Scratch-proof visor including Pinlock</li>
<li>Integrated sun visor</li>
<li>Easy and quick visor change</li>
<li>Visor and head ventilation</li>
<li>Anti-rain profile</li>
<li>Double anti-turbulence neck guard</li>
<li>Removable wind stopper</li>
<li>Removable and washable liner</li>
<li>Micrometric buckle closure</li>
<li>High quality multi-layer paint with UV protection</li>
<li>Prepared for Bluetooth communication systems</li>
<li>ECE 22.05</li>
<b>Specifications:</b>

<b>Material:</b>

<li>Helmet shell: Thermoplastic (ABS)</li>
<li>Lining: 100% polyester</li>
<b>Weight:</b>

<li>1,550g (+/-50g)</li>
<b>Sizes:</b>

<li>XS (53-54)</li>
<li>S (55-56)</li>
<li>M (57-58)</li>
<li>L (59-60)</li>
<li>XL (61-62)</li>
<b>Contents:</b>

<li>1x Caberg Duke II Kito Helmet</li>
<li>1x Pinlock lens</li>","Fascinating, comfortable and safe! Captivating, thanks to a sporty and fancy look. Dual homologation (P/J) allows the helmet to be ridden closed and open.

Features:

• Folding helmet with one-hand operation

• Front part locks in the open position

• Helmet can also be driven as a jet helmet by folding up the front part

• Homologated as integral and jet helmet (P/J)

• Scratch-proof visor including Pinlock

• Integrated sun visor

• Easy and quick visor change

• Visor and head ventilation

• Anti-rain profile

• Double anti-turbulence neck guard

• Removable wind stopper

• Removable and washable liner

• Micrometric buckle closure

• High quality multi-layer paint with UV protection

• Prepared for Bluetooth communication systems

• ECE 22.05

Specifications:

Material:

• Helmet shell: Thermoplastic (ABS)

• Lining: 100% polyester

Weight:

• 1,550g (+/-50g)

Sizes:

• XS (53-54)

• S (55-56)

• M (57-58)

• L (59-60)

• XL (61-62)

Contents:

• 1x Caberg Duke II Kito Helmet

• 1x Pinlock lens",38000,,2026-07-26,active,Caberg,5000,g,Buy Caberg Duke II Kito Helmet | Mile 27 Store,"Fascinating, comfortable and safe! Captivating, thanks to a sporty and fancy look. Dual homologation (P/J) allows the helmet to be ridden closed and open.…",Folding helmet with one-hand operation | Front part locks in the open position | Helmet can also be driven as a jet helmet by folding up the front part | Homologated as integral and jet helmet (P/J),Cleaned noise; brand verified,High,false,Helmets,High,"Mapped from Shopify Type ""Helmets""",caberg-duke-ii-kito-helmet-1|Size:XS|price:38000.00|compare:|weight:5000|barcode:|qty:0 | caberg-duke-ii-kito-helmet-2|Size:S|price:38000.00|compare:|weight:5000|barcode:|qty:0 | caberg-duke-ii-kito-helmet-3|Size:M|price:38000.00|compare:|weight:5000|barcode:|qty:0 | caberg-duke-ii-kito-helmet-4|Size:L|price:38000.00|compare:|weight:5000|barcode:|qty:0 | caberg-duke-ii-kito-helmet-5|Size:XL|price:38000.00|compare:|weight:5000|barcode:|qty:0,"caberg-duke-ii-kito-helmet-1,caberg-duke-ii-kito-helmet-2,caberg-duke-ii-kito-helmet-3,caberg-duke-ii-kito-helmet-4,caberg-duke-ii-kito-helmet-5",5,https://cdn.shopify.com/s/files/1/0076/8301/4754/products/Duke-II-Kito-Matt-Black-Anthracite-3-4.jpg?v=1661253485|pos:1|alt:Caberg Caberg Duke II Kito Helmet – front view || https://cdn.shopify.com/s/files/1/0076/8301/4754/products/Duke-II-Kito-Matt-Black-Anthracite-3-4-open.jpg?v=1661253484|pos:2|alt:Caberg Caberg Duke II Kito Helmet – side view || https://cdn.shopify.com/s/files/1/0076/8301/4754/products/Duke-II-Kito-Matt-Black-Anthracite-profile.jpg?v=1661253484|pos:3|alt:Caberg Caberg Duke II Kito Helmet – rear view,3,Caberg Caberg Duke II Kito Helmet – front view | Caberg Caberg Duke II Kito Helmet – side view | Caberg Caberg Duke II Kito Helmet – rear view,,0,Caberg Duke II Kito Helmet,"Caberg Duke II Kito Helmet. Fascinating, comfortable and safe! Captivating, thanks to a sporty and fancy look.",,,Folding helmet with one-hand operation. Front part locks in the open position. Helmet can also be driven as a jet helmet by folding up the front part. Homologated as integral and jet helmet (P/J).,,Available in multiple sizes. Check the size guide before ordering.,Caberg Duke II Kito Helmet — a helmet built to the specifications listed above.,true,draft,https://cdn.shopify.com/s/files/1/0076/8301/4754/products/Duke-II-Kito-Matt-Black-Anthracite-3-4.jpg?v=1661253485|role:hero || https://cdn.shopify.com/s/files/1/0076/8301/4754/products/Duke-II-Kito-Matt-Black-Anthracite-3-4-open.jpg?v=1661253484|role:construction detail || https://cdn.shopify.com/s/files/1/0076/8301/4754/products/Duke-II-Kito-Matt-Black-Anthracite-profile.jpg?v=1661253484|role:side profile,3,false,/products/caberg-duke-ii-kito-helmet,/products/caberg-duke-ii-kito-helmet
caberg-duke-ii-helmet,caberg-duke-ii-helmet,Caberg Duke II Helmet,Caberg Duke II Helmet,caberg-duke-ii-helmet,DUKE IS THE CABERG FLIP UP 100% MADE IN ITALY WITH A CAPTIVATING LOOK AND INNOVATIVE TECHNICAL SOLUTIONS. • Shell: polycarbonate. • Double visor (clear + smoke). • Visor quick release system. • Double anti-turbolence neck roll. Available in multiple sizes and/or colours — select your variant.,"<b>DUKE IS THE CABERG FLIP UP 100% MADE IN ITALY WITH A CAPTIVATING LOOK AND INNOVATIVE TECHNICAL SOLUTIONS.</b><br><br>

Duke is the result of the acquired experience of Caberg who was the first Italian company to produce flip up helmets. <br><br>

Duke comes with the dual homologation P/J which allows you to ride with the chin guard open guarantying safety thanks to the lever P/J on the left hand side of the helmet. This lever when in the “J” position, blocks the chin guard in the fully opened position avoiding the chin guard to accidentally close. Thanks to the reduced dimensions of the helmet, the weight of the new Duke is only 1550 gr +/- 50gr. <br><br>

The Duke is equipped with the exclusive Double Visor Tech system that, thanks to the easy to use inner sunvisor, allows you to ride always with the right light and in safety. The inner sun visor is treated antiscratch, while the outer clear visor is antiscratch. Ventilation is guaranteed by two easy to use vents, one positioned on the chin guard and one on top of the shell. The air is channelled through grooves on the inner liner that ensures perfect ventilation of the helmet. The lining is completely removable and washable, realized with breathable and hypoallergenic fabric for maximum freshness, with reflective inserts at the back of the neck.<br><br>

DUKE is offered in 4 solid colors versions: besides the Matt black and the Metal White, there is the SMART black version not painted and the Hi-VIZION hi visibility in Yellow Fluo. As far as Graphic versions, there are the sporty GRAVITY and the LEGEND that comes with matt and bright finishing.<br><br>

The Duke has the seating to accommodate the Caberg Bluetooth communication system JUST SPEAK S which allows to communicate not only with your own mobile phone and your passenger but also to connect to a GPS system, listen to music through your mobile or an MP3 player. Just Speak S is equipped with Bluetooth A2DP that permits to listen in high quality stereo.<br><br>

<li>Shell: polycarbonate</li>
<li>Double visor (clear + smoke)</li>
<li>Visor quick release system</li>
<li>Double anti-turbolence neck roll</li>
<li>Antiscratch visor ,Pinlock ready</li>
<li>Micrometric buckle</li>
<li>Internal air-circulation</li>
<li>Removable and washable liner</li>
<li>Removable wind-stop</li>
<li>Rain protection rims</li>
<li>Ready for Just Speak S</li>","DUKE IS THE CABERG FLIP UP 100% MADE IN ITALY WITH A CAPTIVATING LOOK AND INNOVATIVE TECHNICAL SOLUTIONS.

Duke is the result of the acquired experience of Caberg who was the first Italian company to produce flip up helmets. 

Duke comes with the dual homologation P/J which allows you to ride with the chin guard open guarantying safety thanks to the lever P/J on the left hand side of the helmet. This lever when in the “J” position, blocks the chin guard in the fully opened position avoiding the chin guard to accidentally close. Thanks to the reduced dimensions of the helmet, the weight of the new Duke is only 1550 gr +/- 50gr. 

The Duke is equipped with the exclusive Double Visor Tech system that, thanks to the easy to use inner sunvisor, allows you to ride always with the right light and in safety. The inner sun visor is treated antiscratch, while the outer clear visor is antiscratch. Ventilation is guaranteed by two easy to use vents, one positioned on the chin guard and one on top of the shell. The air is channelled through grooves on the inner liner that ensures perfect ventilation of the helmet. The lining is completely removable and washable, realized with breathable and hypoallergenic fabric for maximum freshness, with reflective inserts at the back of the neck.

DUKE is offered in 4 solid colors versions: besides the Matt black and the Metal White, there is the SMART black version not painted and the Hi-VIZION hi visibility in Yellow Fluo. As far as Graphic versions, there are the sporty GRAVITY and the LEGEND that comes with matt and bright finishing.

The Duke has the seating to accommodate the Caberg Bluetooth communication system JUST SPEAK S which allows to communicate not only with your own mobile phone and your passenger but also to connect to a GPS system, listen to music through your mobile or an MP3 player. Just Speak S is equipped with Bluetooth A2DP that permits to listen in high quality stereo.

• Shell: polycarbonate

• Double visor (clear + smoke)

• Visor quick release system

• Double anti-turbolence neck roll

• Antiscratch visor ,Pinlock ready

• Micrometric buckle

• Internal air-circulation

• Removable and washable liner

• Removable wind-stop

• Rain protection rims

• Ready for Just Speak S",34000,,2026-07-26,active,Caberg,5000,g,Buy Caberg Duke II Helmet | Mile 27 Store,DUKE IS THE CABERG FLIP UP 100% MADE IN ITALY WITH A CAPTIVATING LOOK AND INNOVATIVE TECHNICAL SOLUTIONS. Shell: polycarbonate. Double visor (clear +…,Shell: polycarbonate | Double visor (clear + smoke) | Visor quick release system | Double anti-turbolence neck roll,Cleaned noise; brand verified,High,false,Helmets,High,"Mapped from Shopify Type ""Helmets""",caberg-duke-ii-helmet-1|Size:XS:Colour:Black|price:34000.00|compare:|weight:5000|barcode:|qty:0 | caberg-duke-ii-helmet-2|Size:XS:Colour:Matte Black|price:34000.00|compare:|weight:5000|barcode:|qty:0 | caberg-duke-ii-helmet-3|Size:XS:Colour:Matte Blue|price:34000.00|compare:|weight:5000|barcode:|qty:0 | caberg-duke-ii-helmet-4|Size:XS:Colour:Matte Gunmetal|price:34000.00|compare:|weight:5000|barcode:|qty:0 | caberg-duke-ii-helmet-5|Size:XS:Colour:White|price:34000.00|compare:|weight:5000|barcode:|qty:0 | caberg-duke-ii-helmet-6|Size:S:Colour:Black|price:34000.00|compare:|weight:5000|barcode:|qty:0 | caberg-duke-ii-helmet-7|Size:S:Colour:Matte Black|price:34000.00|compare:|weight:5000|barcode:|qty:0 | caberg-duke-ii-helmet-8|Size:S:Colour:Matte Blue|price:34000.00|compare:|weight:5000|barcode:|qty:0 | caberg-duke-ii-helmet-9|Size:S:Colour:Matte Gunmetal|price:34000.00|compare:|weight:5000|barcode:|qty:0 | caberg-duke-ii-helmet-10|Size:S:Colour:White|price:34000.00|compare:|weight:5000|barcode:|qty:0 | caberg-duke-ii-helmet-11|Size:M:Colour:Black|price:34000.00|compare:|weight:5000|barcode:|qty:0 | caberg-duke-ii-helmet-12|Size:M:Colour:Matte Black|price:34000.00|compare:|weight:5000|barcode:|qty:0 | caberg-duke-ii-helmet-13|Size:M:Colour:Matte Blue|price:34000.00|compare:|weight:5000|barcode:|qty:0 | caberg-duke-ii-helmet-14|Size:M:Colour:Matte Gunmetal|price:34000.00|compare:|weight:5000|barcode:|qty:0 | caberg-duke-ii-helmet-15|Size:M:Colour:White|price:34000.00|compare:|weight:5000|barcode:|qty:0 | caberg-duke-ii-helmet-16|Size:L:Colour:Black|price:34000.00|compare:|weight:5000|barcode:|qty:0 | caberg-duke-ii-helmet-17|Size:L:Colour:Matte Black|price:34000.00|compare:|weight:5000|barcode:|qty:0 | caberg-duke-ii-helmet-18|Size:L:Colour:Matte Blue|price:34000.00|compare:|weight:5000|barcode:|qty:0 | caberg-duke-ii-helmet-19|Size:L:Colour:Matte Gunmetal|price:34000.00|compare:|weight:5000|barcode:|qty:0 | caberg-duke-ii-helmet-20|Size:L:Colour:White|price:34000.00|compare:|weight:5000|barcode:|qty:0 | caberg-duke-ii-helmet-21|Size:XL:Colour:Black|price:34000.00|compare:|weight:5000|barcode:|qty:0 | caberg-duke-ii-helmet-22|Size:XL:Colour:Matte Black|price:34000.00|compare:|weight:5000|barcode:|qty:0 | caberg-duke-ii-helmet-23|Size:XL:Colour:Matte Blue|price:34000.00|compare:|weight:5000|barcode:|qty:0 | caberg-duke-ii-helmet-24|Size:XL:Colour:Matte Gunmetal|price:34000.00|compare:|weight:5000|barcode:|qty:0 | caberg-duke-ii-helmet-25|Size:XL:Colour:White|price:34000.00|compare:|weight:5000|barcode:|qty:0,"caberg-duke-ii-helmet-1,caberg-duke-ii-helmet-2,caberg-duke-ii-helmet-3,caberg-duke-ii-helmet-4,caberg-duke-ii-helmet-5,caberg-duke-ii-helmet-6,caberg-duke-ii-helmet-7,caberg-duke-ii-helmet-8,caberg-duke-ii-helmet-9,caberg-duke-ii-helmet-10,caberg-duke-ii-helmet-11,caberg-duke-ii-helmet-12,caberg-duke-ii-helmet-13,caberg-duke-ii-helmet-14,caberg-duke-ii-helmet-15,caberg-duke-ii-helmet-16,caberg-duke-ii-helmet-17,caberg-duke-ii-helmet-18,caberg-duke-ii-helmet-19,caberg-duke-ii-helmet-20,caberg-duke-ii-helmet-21,caberg-duke-ii-helmet-22,caberg-duke-ii-helmet-23,caberg-duke-ii-helmet-24,caberg-duke-ii-helmet-25",25,https://cdn.shopify.com/s/files/1/0076/8301/4754/products/1_93530993-4f9f-40bd-8d16-667662f0650d.jpg?v=1661252677|pos:1|alt:Caberg Caberg Duke II Helmet – front view || https://cdn.shopify.com/s/files/1/0076/8301/4754/products/2_6788abc1-335b-4f61-91f7-7be06c4d1e99.jpg?v=1661252676|pos:2|alt:Caberg Caberg Duke II Helmet – side view || https://cdn.shopify.com/s/files/1/0076/8301/4754/products/3_fd268762-28e9-41fb-8f9f-7da6a59d819b.jpg?v=1661252677|pos:3|alt:Caberg Caberg Duke II Helmet – rear view || https://cdn.shopify.com/s/files/1/0076/8301/4754/products/1_1.jpg?v=1661252676|pos:4|alt:Caberg Caberg Duke II Helmet – detail view || https://cdn.shopify.com/s/files/1/0076/8301/4754/products/3_1.jpg?v=1661252680|pos:5|alt:Caberg Caberg Duke II Helmet – top view || https://cdn.shopify.com/s/files/1/0076/8301/4754/products/5_422b20be-5958-4e99-9bd2-12f41e9e90a3.jpg?v=1661252680|pos:6|alt:Caberg Caberg Duke II Helmet – product view || https://cdn.shopify.com/s/files/1/0076/8301/4754/products/1_2.jpg?v=1661252681|pos:7|alt:Caberg Caberg Duke II Helmet – product view || https://cdn.shopify.com/s/files/1/0076/8301/4754/products/3_2.jpg?v=1661252681|pos:8|alt:Caberg Caberg Duke II Helmet – product view || https://cdn.shopify.com/s/files/1/0076/8301/4754/products/5_1.jpg?v=1661252677|pos:9|alt:Caberg Caberg Duke II Helmet – product view || https://cdn.shopify.com/s/files/1/0076/8301/4754/products/30865019.jpg?v=1661252676|pos:10|alt:Caberg Caberg Duke II Helmet – product view || https://cdn.shopify.com/s/files/1/0076/8301/4754/products/30865019_1-1.jpg?v=1661252677|pos:11|alt:Caberg Caberg Duke II Helmet – product view || https://cdn.shopify.com/s/files/1/0076/8301/4754/products/30865019_4.jpg?v=1661252680|pos:12|alt:Caberg Caberg Duke II Helmet – product view || https://cdn.shopify.com/s/files/1/0076/8301/4754/products/Duke-MetalWhite-3-4.jpg?v=1661252676|pos:13|alt:Caberg Caberg Duke II Helmet – product view || https://cdn.shopify.com/s/files/1/0076/8301/4754/products/Duke-MetalWhite-3-4-Open.jpg?v=1661252679|pos:14|alt:Caberg Caberg Duke II Helmet – product view,14,Caberg Caberg Duke II Helmet – front view | Caberg Caberg Duke II Helmet – side view | Caberg Caberg Duke II Helmet – rear view | Caberg Caberg Duke II Helmet – detail view | Caberg Caberg Duke II Helmet – top view | Caberg Caberg Duke II Helmet – product view,,0,Caberg Duke II Helmet,Caberg Duke II Helmet. DUKE IS THE CABERG FLIP UP 100% MADE IN ITALY WITH A CAPTIVATING LOOK AND INNOVATIVE TECHNICAL SOLUTIONS.,Shell: polycarbonate.,,Double visor (clear + smoke). Visor quick release system. Double anti-turbolence neck roll.,,Available in multiple sizes. Check the size guide before ordering.,Caberg Duke II Helmet — a helmet built to the specifications listed above.,true,draft,https://cdn.shopify.com/s/files/1/0076/8301/4754/products/1_93530993-4f9f-40bd-8d16-667662f0650d.jpg?v=1661252677|role:hero || https://cdn.shopify.com/s/files/1/0076/8301/4754/products/2_6788abc1-335b-4f61-91f7-7be06c4d1e99.jpg?v=1661252676|role:construction detail || https://cdn.shopify.com/s/files/1/0076/8301/4754/products/3_fd268762-28e9-41fb-8f9f-7da6a59d819b.jpg?v=1661252677|role:side profile,3,false,/products/caberg-duke-ii-helmet,/products/caberg-duke-ii-helmet
caberg-droid-iron-helmet,caberg-droid-iron-helmet,Caberg Droid Iron Helmet,Caberg Droid Iron Helmet,caberg-droid-iron-helmet,• Flip-up helmet with one-handed operation • Flip-up helmet with one-handed operation. • Front part locked in unfolded state. • Helmet is by folding the front part as a jet helmet mobile. • homologated as integral and open face helmet P / J. Available in multiple sizes and/or colours — select your variant.,"<li>Flip-up helmet with one-handed operation</li>
<li>Front part locked in unfolded state</li>
<li>Helmet is by folding the front part as a jet helmet mobile</li>
<li>homologated as integral and open face helmet P / J</li>
<li>Scratch-resistant visor including Pinlock®</li>
<li>integrated sun visor</li>
<li>easy and quick change of visor</li>
<li>Visor and head ventilation</li>
<li>Chin guard has two individually adjustable ventilation</li>
<li>Anti-rain profile</li>
<li>Double anti-turbulent neck protection</li>
<li>removable windstopper</li>
<li>removable and washable interior</li>
<li>Micro Metric helmet closure</li>
<li>high-quality multi-layer coating with UV protection</li>
<li>prepared for Bluetooth communication set</li>
<li>ECE 22.05</li><br>
<b>Material:</b><br>

<li>thermoplastic</li><br>
<b>weight:</b><br>

<li>1.600g (+/- 50g)</li>","• Flip-up helmet with one-handed operation

• Front part locked in unfolded state

• Helmet is by folding the front part as a jet helmet mobile

• homologated as integral and open face helmet P / J

• Scratch-resistant visor including Pinlock®

• integrated sun visor

• easy and quick change of visor

• Visor and head ventilation

• Chin guard has two individually adjustable ventilation

• Anti-rain profile

• Double anti-turbulent neck protection

• removable windstopper

• removable and washable interior

• Micro Metric helmet closure

• high-quality multi-layer coating with UV protection

• prepared for Bluetooth communication set

• ECE 22.05

Material:

• thermoplastic

weight:

• 1.600g (+/- 50g)",43000,,2026-07-26,active,Caberg,5000,g,Buy Caberg Droid Iron Helmet | Mile 27 Store,Flip-up helmet with one-handed operation Flip-up helmet with one-handed operation. Front part locked in unfolded state. Helmet is by folding the front…,Flip-up helmet with one-handed operation | Front part locked in unfolded state | Helmet is by folding the front part as a jet helmet mobile | homologated as integral and open face helmet P / J,Cleaned noise; brand verified,High,false,Helmets,High,"Mapped from Shopify Type ""Helmets""",caberg-droid-iron-helmet-1|Size:XS|price:43000.00|compare:|weight:5000|barcode:|qty:0 | caberg-droid-iron-helmet-2|Size:S|price:43000.00|compare:|weight:5000|barcode:|qty:0 | caberg-droid-iron-helmet-3|Size:M|price:43000.00|compare:|weight:5000|barcode:|qty:0 | caberg-droid-iron-helmet-4|Size:L|price:43000.00|compare:|weight:5000|barcode:|qty:0 | caberg-droid-iron-helmet-5|Size:XL|price:43000.00|compare:|weight:5000|barcode:|qty:0,"caberg-droid-iron-helmet-1,caberg-droid-iron-helmet-2,caberg-droid-iron-helmet-3,caberg-droid-iron-helmet-4,caberg-droid-iron-helmet-5",5,https://cdn.shopify.com/s/files/1/0076/8301/4754/products/30910090.jpg?v=1661251563|pos:1|alt:Caberg Caberg Droid Iron Helmet – front view || https://cdn.shopify.com/s/files/1/0076/8301/4754/products/droid-iron-3-4-open.jpg?v=1661251563|pos:2|alt:Caberg Caberg Droid Iron Helmet – side view || https://cdn.shopify.com/s/files/1/0076/8301/4754/products/droid-iron-rear.jpg?v=1661251563|pos:3|alt:Caberg Caberg Droid Iron Helmet – rear view,3,Caberg Caberg Droid Iron Helmet – front view | Caberg Caberg Droid Iron Helmet – side view | Caberg Caberg Droid Iron Helmet – rear view,,0,Caberg Droid Iron Helmet,Caberg Droid Iron Helmet. • Flip-up helmet with one-handed operation • Flip-up helmet with one-handed operation.,,,Flip-up helmet with one-handed operation. Front part locked in unfolded state. Helmet is by folding the front part as a jet helmet mobile. homologated as integral and open face helmet P / J.,,Available in multiple sizes. Check the size guide before ordering.,Caberg Droid Iron Helmet — a helmet built to the specifications listed above.,true,draft,https://cdn.shopify.com/s/files/1/0076/8301/4754/products/30910090.jpg?v=1661251563|role:hero || https://cdn.shopify.com/s/files/1/0076/8301/4754/products/droid-iron-3-4-open.jpg?v=1661251563|role:construction detail || https://cdn.shopify.com/s/files/1/0076/8301/4754/products/droid-iron-rear.jpg?v=1661251563|role:side profile,3,false,/products/caberg-droid-iron-helmet,/products/caberg-droid-iron-helmet
caberg-droid-helmet,caberg-droid-helmet,Caberg Droid Helmet,Caberg Droid Helmet,caberg-droid-helmet,DROID IS THE NEW CABERG FLIP UP WHICH IS 100% MADE IN ITALY WITH INNOVATIVE TECHNICAL SOLUTIONS AND AGGRESSIVE DESIGN CONCEIVED FOR THOSE MOTORCYCLISTS WHO… • Shell: polycarbonate. • Double visor (clear + smoke). • Visor quick release system. • Antiscratch visor with Pinlock Max Vision. Available in multiple sizes and/or colours — select your variant.,"<b>DROID IS THE NEW CABERG FLIP UP WHICH IS 100% MADE IN ITALY WITH INNOVATIVE TECHNICAL SOLUTIONS AND AGGRESSIVE DESIGN CONCEIVED FOR THOSE MOTORCYCLISTS WHO DO NOT WANT TO GO UNNOTICED.</b><br><br>

The chin guard has two individually adjustable air vents to drive air directly to the inner surface of the visor avoiding misting even during extreme weather conditions. Moreover, helmet ventilation is guaranteed by a wide adjustable frontal vent and inner air grooves. DROID is the result of the gained experience by the first Italian company to produce flip up helmets; It comes with the dual homologation P/J which allows to ride also with the chin guard open thanks to the lever on the left side of the helmet; This lever when in the “J” position, blocks the chin guard in the fully open position avoiding accidental closing. Thanks to the reduced dimensions of the helmet, the weight of the DROID is only 1550 gr +/- 50gr.<br>
DROID is equipped with the exclusive Double Visor Tech system that, thanks to the easy to use inner sun-visor, allows to ride always with the right light and in safety. The inner sun-visor is treated anti-scratch, while the outer clear visor is not only anti-scratch but also anti-fog thanks to the Max Vision Pinlock lens.
The lining, made with the best hypoallergenic and transpiring fabrics to grant maximum freshness, is entirely removable and washable. Moreover the cheek pads have been conceived to permit the accommodation of glasses.<br>
DROID is ready to be equipped with the Caberg JUST SPEAK communication system which allows to communicate not only with your own mobile phone and your passenger but also to connect to a GPS system, listen to music through your mobile or an MP3 player. JUST SPEAK S is equipped with Bluetooth A2DP that permits to listen in high quality stereo.
DROID is offered in the solid colors Matt Black, Metal White, and Matt Anthracite; the Hi-VIZION hi visibility version with Yellow Fluo shell and Matt Black chin guard. Moreover, there is the graphic version BLAZE offered in three different matt colors combinations.<br><br>

<li>Shell: polycarbonate</li>
<li>Double visor (clear + smoke)</li>
<li>Visor quick release system</li>
<li>Antiscratch visor with Pinlock Max Vision</li>
<li>Micrometric buckle</li>
<li>Internal air-circulation</li>
<li>Removable and washable liner</li>
<li>Removable wind-stop</li>
<li>Rain protection rims</li>
<li>Ready for Just Speak S</li>","DROID IS THE NEW CABERG FLIP UP WHICH IS 100% MADE IN ITALY WITH INNOVATIVE TECHNICAL SOLUTIONS AND AGGRESSIVE DESIGN CONCEIVED FOR THOSE MOTORCYCLISTS WHO DO NOT WANT TO GO UNNOTICED.

The chin guard has two individually adjustable air vents to drive air directly to the inner surface of the visor avoiding misting even during extreme weather conditions. Moreover, helmet ventilation is guaranteed by a wide adjustable frontal vent and inner air grooves. DROID is the result of the gained experience by the first Italian company to produce flip up helmets; It comes with the dual homologation P/J which allows to ride also with the chin guard open thanks to the lever on the left side of the helmet; This lever when in the “J” position, blocks the chin guard in the fully open position avoiding accidental closing. Thanks to the reduced dimensions of the helmet, the weight of the DROID is only 1550 gr +/- 50gr.

DROID is equipped with the exclusive Double Visor Tech system that, thanks to the easy to use inner sun-visor, allows to ride always with the right light and in safety. The inner sun-visor is treated anti-scratch, while the outer clear visor is not only anti-scratch but also anti-fog thanks to the Max Vision Pinlock lens.
The lining, made with the best hypoallergenic and transpiring fabrics to grant maximum freshness, is entirely removable and washable. Moreover the cheek pads have been conceived to permit the accommodation of glasses.

DROID is ready to be equipped with the Caberg JUST SPEAK communication system which allows to communicate not only with your own mobile phone and your passenger but also to connect to a GPS system, listen to music through your mobile or an MP3 player. JUST SPEAK S is equipped with Bluetooth A2DP that permits to listen in high quality stereo.
DROID is offered in the solid colors Matt Black, Metal White, and Matt Anthracite; the Hi-VIZION hi visibility version with Yellow Fluo shell and Matt Black chin guard. Moreover, there is the graphic version BLAZE offered in three different matt colors combinations.

• Shell: polycarbonate

• Double visor (clear + smoke)

• Visor quick release system

• Antiscratch visor with Pinlock Max Vision

• Micrometric buckle

• Internal air-circulation

• Removable and washable liner

• Removable wind-stop

• Rain protection rims

• Ready for Just Speak S",38000,,2026-07-26,active,Caberg,5000,g,Buy Caberg Droid Helmet | Mile 27 Store,DROID IS THE NEW CABERG FLIP UP WHICH IS 100% MADE IN ITALY WITH INNOVATIVE TECHNICAL SOLUTIONS AND AGGRESSIVE DESIGN CONCEIVED FOR THOSE MOTORCYCLISTS…,Shell: polycarbonate | Double visor (clear + smoke) | Visor quick release system | Antiscratch visor with Pinlock Max Vision,Cleaned noise; brand verified,High,false,Helmets,High,"Mapped from Shopify Type ""Helmets""",caberg-droid-helmet-1|Size:XS:Colour:White|price:38000.00|compare:|weight:5000|barcode:|qty:0 | caberg-droid-helmet-2|Size:XS:Colour:Black Matt|price:38000.00|compare:|weight:5000|barcode:|qty:0 | caberg-droid-helmet-3|Size:XS:Colour:Anthracite|price:38000.00|compare:|weight:5000|barcode:|qty:0 | caberg-droid-helmet-4|Size:XS:Colour:Yellow/Black|price:38000.00|compare:|weight:5000|barcode:|qty:0 | caberg-droid-helmet-5|Size:S:Colour:White|price:38000.00|compare:|weight:5000|barcode:|qty:0 | caberg-droid-helmet-6|Size:S:Colour:Black Matt|price:38000.00|compare:|weight:5000|barcode:|qty:0 | caberg-droid-helmet-7|Size:S:Colour:Anthracite|price:38000.00|compare:|weight:5000|barcode:|qty:0 | caberg-droid-helmet-8|Size:S:Colour:Yellow/Black|price:38000.00|compare:|weight:5000|barcode:|qty:0 | caberg-droid-helmet-9|Size:M:Colour:White|price:38000.00|compare:|weight:5000|barcode:|qty:0 | caberg-droid-helmet-10|Size:M:Colour:Black Matt|price:38000.00|compare:|weight:5000|barcode:|qty:0 | caberg-droid-helmet-11|Size:M:Colour:Anthracite|price:38000.00|compare:|weight:5000|barcode:|qty:0 | caberg-droid-helmet-12|Size:M:Colour:Yellow/Black|price:38000.00|compare:|weight:5000|barcode:|qty:0 | caberg-droid-helmet-13|Size:L:Colour:White|price:38000.00|compare:|weight:5000|barcode:|qty:0 | caberg-droid-helmet-14|Size:L:Colour:Black Matt|price:38000.00|compare:|weight:5000|barcode:|qty:0 | caberg-droid-helmet-15|Size:L:Colour:Anthracite|price:38000.00|compare:|weight:5000|barcode:|qty:0 | caberg-droid-helmet-16|Size:L:Colour:Yellow/Black|price:38000.00|compare:|weight:5000|barcode:|qty:0 | caberg-droid-helmet-17|Size:XL:Colour:White|price:38000.00|compare:|weight:5000|barcode:|qty:0 | caberg-droid-helmet-18|Size:XL:Colour:Black Matt|price:38000.00|compare:|weight:5000|barcode:|qty:0 | caberg-droid-helmet-19|Size:XL:Colour:Anthracite|price:38000.00|compare:|weight:5000|barcode:|qty:0 | caberg-droid-helmet-20|Size:XL:Colour:Yellow/Black|price:38000.00|compare:|weight:5000|barcode:|qty:0,"caberg-droid-helmet-1,caberg-droid-helmet-2,caberg-droid-helmet-3,caberg-droid-helmet-4,caberg-droid-helmet-5,caberg-droid-helmet-6,caberg-droid-helmet-7,caberg-droid-helmet-8,caberg-droid-helmet-9,caberg-droid-helmet-10,caberg-droid-helmet-11,caberg-droid-helmet-12,caberg-droid-helmet-13,caberg-droid-helmet-14,caberg-droid-helmet-15,caberg-droid-helmet-16,caberg-droid-helmet-17,caberg-droid-helmet-18,caberg-droid-helmet-19,caberg-droid-helmet-20",20,https://cdn.shopify.com/s/files/1/0076/8301/4754/products/30910001_neu.jpg?v=1661250662|pos:1|alt:Caberg Caberg Droid Helmet – front view || https://cdn.shopify.com/s/files/1/0076/8301/4754/products/30910001_4_neu.jpg?v=1661250662|pos:2|alt:Caberg Caberg Droid Helmet – side view || https://cdn.shopify.com/s/files/1/0076/8301/4754/products/30910001_11_neu.jpg?v=1661250661|pos:3|alt:Caberg Caberg Droid Helmet – rear view || https://cdn.shopify.com/s/files/1/0076/8301/4754/products/DROID-MATT-BLACK-3-4.jpg?v=1661250662|pos:4|alt:Caberg Caberg Droid Helmet – detail view || https://cdn.shopify.com/s/files/1/0076/8301/4754/products/DROID-MATT-BLACK-3-4-OPEN.jpg?v=1661250662|pos:5|alt:Caberg Caberg Droid Helmet – top view || https://cdn.shopify.com/s/files/1/0076/8301/4754/products/DROID-MATT-GUN-METAL-3-4.jpg?v=1661250665|pos:6|alt:Caberg Caberg Droid Helmet – product view || https://cdn.shopify.com/s/files/1/0076/8301/4754/products/DROID-MATT-BLACK-PROFILE-OPEN.jpg?v=1661250665|pos:7|alt:Caberg Caberg Droid Helmet – product view || https://cdn.shopify.com/s/files/1/0076/8301/4754/products/DROID-HIVIZION-3-4.jpg?v=1661250662|pos:8|alt:Caberg Caberg Droid Helmet – product view || https://cdn.shopify.com/s/files/1/0076/8301/4754/products/DROID-HIVIZION-3-4-OPEN.jpg?v=1661250667|pos:9|alt:Caberg Caberg Droid Helmet – product view || https://cdn.shopify.com/s/files/1/0076/8301/4754/products/DROID-HIVIZION-REAR.jpg?v=1661250667|pos:10|alt:Caberg Caberg Droid Helmet – product view,10,Caberg Caberg Droid Helmet – front view | Caberg Caberg Droid Helmet – side view | Caberg Caberg Droid Helmet – rear view | Caberg Caberg Droid Helmet – detail view | Caberg Caberg Droid Helmet – top view | Caberg Caberg Droid Helmet – product view,,0,Caberg Droid Helmet,Caberg Droid Helmet. DROID IS THE NEW CABERG FLIP UP WHICH IS 100% MADE IN ITALY WITH INNOVATIVE TECHNICAL SOLUTIONS AND AGGRESSIVE DESIGN CONCEIVED FOR THOSE MOTORCYCLISTS WHO… • Shell: polycarbonate.,Shell: polycarbonate.,,Double visor (clear + smoke). Visor quick release system. Antiscratch visor with Pinlock Max Vision.,,Available in multiple sizes. Check the size guide before ordering.,Caberg Droid Helmet — a helmet built to the specifications listed above.,true,draft,https://cdn.shopify.com/s/files/1/0076/8301/4754/products/30910001_neu.jpg?v=1661250662|role:hero || https://cdn.shopify.com/s/files/1/0076/8301/4754/products/30910001_4_neu.jpg?v=1661250662|role:construction detail || https://cdn.shopify.com/s/files/1/0076/8301/4754/products/30910001_11_neu.jpg?v=1661250661|role:side profile,3,false,/products/caberg-droid-helmet,/products/caberg-droid-helmet
caberg-horus-scout-helmet,caberg-horus-scout-helmet,Caberg Horus Scout Helmet,Caberg Horus Scout Helmet,caberg-horus-scout-helmet,"Thanks to its double homologation (P/J), the new Horus Scout Helmet from Caberg is designed for both touring and city driving. The elegant design and… • Folding helmet with one-hand operation. • front part locked in opened state. • Helmet is by folding up the front part also as a jet helmet mobile. • homologated as integral and jet helmet (P/J). Available in multiple sizes and/or colours — select your variant.","Thanks to its double homologation (P/J), the new Horus Scout Helmet from Caberg is designed for both touring and city driving. The elegant design and valuable technical details make the Horus the ideal travel companion.<br><br>

<b>Features:</b><br>

<li>Folding helmet with one-hand operation</li>
<li>front part locked in opened state</li>
<li>Helmet is by folding up the front part also as a jet helmet mobile</li>
<li>homologated as integral and jet helmet (P/J)</li>
<li>double homologation (chin protection has a rotation independent of the visor)</li>
<li>scratchproof visor</li>
<li>integrated sun visor</li>
<li>easy and quick change of visor</li>
<li>Sight and head ventilation</li>
<li>anti-rain profile</li>
<li>double anti-turbulent neck guard</li>
<li>detachable windstopper</li>
<li>removable and washable interior equipment</li>
<li>high-quality multi-layer coating with UV protection</li>
<li>prepared for Bluetooth communication set</li><br>
<b>Specifications:</b><br>

<li>thermoplastic</li>
<li>100% polyester lining</li>
<li>ECE 22.05</li>
<li>Closure: Micro Ratchet Closure</li>
<li>Weight: 1650 g (+/-50g)</li><br>
<b>Contents:</b><br>

<li>1 x Caberg Horus Helmet</li>
<li>1 x Pinlock Lens</li>","Thanks to its double homologation (P/J), the new Horus Scout Helmet from Caberg is designed for both touring and city driving. The elegant design and valuable technical details make the Horus the ideal travel companion.

Features:

• Folding helmet with one-hand operation

• front part locked in opened state

• Helmet is by folding up the front part also as a jet helmet mobile

• homologated as integral and jet helmet (P/J)

• double homologation (chin protection has a rotation independent of the visor)

• scratchproof visor

• integrated sun visor

• easy and quick change of visor

• Sight and head ventilation

• anti-rain profile

• double anti-turbulent neck guard

• detachable windstopper

• removable and washable interior equipment

• high-quality multi-layer coating with UV protection

• prepared for Bluetooth communication set

Specifications:

• thermoplastic

• 100% polyester lining

• ECE 22.05

• Closure: Micro Ratchet Closure

• Weight: 1650 g (+/-50g)

Contents:

• 1 x Caberg Horus Helmet

• 1 x Pinlock Lens",43000,,2026-07-26,active,Caberg,5000,g,Buy Caberg Horus Scout Helmet | Mile 27 Store,"Thanks to its double homologation (P/J), the new Horus Scout Helmet from Caberg is designed for both touring and city driving. The elegant design and……",Folding helmet with one-hand operation | front part locked in opened state | Helmet is by folding up the front part also as a jet helmet mobile | homologated as integral and jet helmet (P/J),Cleaned noise; brand verified,High,false,Helmets,High,"Mapped from Shopify Type ""Helmets""",caberg-horus-scout-helmet-1|Size:XS:Colour:White/Red/Blue|price:43000.00|compare:|weight:5000|barcode:|qty:0 | caberg-horus-scout-helmet-2|Size:XS:Colour:Black Matt/Red|price:43000.00|compare:|weight:5000|barcode:|qty:0 | caberg-horus-scout-helmet-3|Size:XS:Colour:Black Matt/Yellow|price:43000.00|compare:|weight:5000|barcode:|qty:0 | caberg-horus-scout-helmet-4|Size:S:Colour:White/Red/Blue|price:43000.00|compare:|weight:5000|barcode:|qty:0 | caberg-horus-scout-helmet-5|Size:S:Colour:Black Matt/Red|price:43000.00|compare:|weight:5000|barcode:|qty:0 | caberg-horus-scout-helmet-6|Size:S:Colour:Black Matt/Yellow|price:43000.00|compare:|weight:5000|barcode:|qty:0 | caberg-horus-scout-helmet-7|Size:M:Colour:White/Red/Blue|price:43000.00|compare:|weight:5000|barcode:|qty:0 | caberg-horus-scout-helmet-8|Size:M:Colour:Black Matt/Red|price:43000.00|compare:|weight:5000|barcode:|qty:0 | caberg-horus-scout-helmet-9|Size:M:Colour:Black Matt/Yellow|price:43000.00|compare:|weight:5000|barcode:|qty:0 | caberg-horus-scout-helmet-10|Size:L:Colour:White/Red/Blue|price:43000.00|compare:|weight:5000|barcode:|qty:0 | caberg-horus-scout-helmet-11|Size:L:Colour:Black Matt/Red|price:43000.00|compare:|weight:5000|barcode:|qty:0 | caberg-horus-scout-helmet-12|Size:L:Colour:Black Matt/Yellow|price:43000.00|compare:|weight:5000|barcode:|qty:0 | caberg-horus-scout-helmet-13|Size:XL:Colour:White/Red/Blue|price:43000.00|compare:|weight:5000|barcode:|qty:0 | caberg-horus-scout-helmet-14|Size:XL:Colour:Black Matt/Red|price:43000.00|compare:|weight:5000|barcode:|qty:0 | caberg-horus-scout-helmet-15|Size:XL:Colour:Black Matt/Yellow|price:43000.00|compare:|weight:5000|barcode:|qty:0 | caberg-horus-scout-helmet-16|Size:XXL:Colour:White/Red/Blue|price:43000.00|compare:|weight:5000|barcode:|qty:0 | caberg-horus-scout-helmet-17|Size:XXL:Colour:Black Matt/Red|price:43000.00|compare:|weight:5000|barcode:|qty:0 | caberg-horus-scout-helmet-18|Size:XXL:Colour:Black Matt/Yellow|price:43000.00|compare:|weight:5000|barcode:|qty:0,"caberg-horus-scout-helmet-1,caberg-horus-scout-helmet-2,caberg-horus-scout-helmet-3,caberg-horus-scout-helmet-4,caberg-horus-scout-helmet-5,caberg-horus-scout-helmet-6,caberg-horus-scout-helmet-7,caberg-horus-scout-helmet-8,caberg-horus-scout-helmet-9,caberg-horus-scout-helmet-10,caberg-horus-scout-helmet-11,caberg-horus-scout-helmet-12,caberg-horus-scout-helmet-13,caberg-horus-scout-helmet-14,caberg-horus-scout-helmet-15,caberg-horus-scout-helmet-16,caberg-horus-scout-helmet-17,caberg-horus-scout-helmet-18",18,https://cdn.shopify.com/s/files/1/0076/8301/4754/products/30930023.jpg?v=1661249602|pos:1|alt:Caberg Caberg Horus Scout Helmet – front view || https://cdn.shopify.com/s/files/1/0076/8301/4754/products/30930023_1.jpg?v=1661249602|pos:2|alt:Caberg Caberg Horus Scout Helmet – side view || https://cdn.shopify.com/s/files/1/0076/8301/4754/products/30930023_3.jpg?v=1661249605|pos:3|alt:Caberg Caberg Horus Scout Helmet – rear view || https://cdn.shopify.com/s/files/1/0076/8301/4754/products/30930033.jpg?v=1661249602|pos:4|alt:Caberg Caberg Horus Scout Helmet – detail view || https://cdn.shopify.com/s/files/1/0076/8301/4754/products/30930033_1.jpg?v=1661249604|pos:5|alt:Caberg Caberg Horus Scout Helmet – top view || https://cdn.shopify.com/s/files/1/0076/8301/4754/products/30930033_3.jpg?v=1661249605|pos:6|alt:Caberg Caberg Horus Scout Helmet – product view || https://cdn.shopify.com/s/files/1/0076/8301/4754/products/30930035.jpg?v=1661249602|pos:7|alt:Caberg Caberg Horus Scout Helmet – product view || https://cdn.shopify.com/s/files/1/0076/8301/4754/products/30930035_1.jpg?v=1661249604|pos:8|alt:Caberg Caberg Horus Scout Helmet – product view || https://cdn.shopify.com/s/files/1/0076/8301/4754/products/30930035_5.jpg?v=1661249602|pos:9|alt:Caberg Caberg Horus Scout Helmet – product view,9,Caberg Caberg Horus Scout Helmet – front view | Caberg Caberg Horus Scout Helmet – side view | Caberg Caberg Horus Scout Helmet – rear view | Caberg Caberg Horus Scout Helmet – detail view | Caberg Caberg Horus Scout Helmet – top view | Caberg Caberg Horus Scout Helmet – product view,,0,Caberg Horus Scout Helmet,"Caberg Horus Scout Helmet. Thanks to its double homologation (P/J), the new Horus Scout Helmet from Caberg is designed for both touring and city driving.",,,Folding helmet with one-hand operation. front part locked in opened state. Helmet is by folding up the front part also as a jet helmet mobile. homologated as integral and jet helmet (P/J).,,Available in multiple sizes. Check the size guide before ordering.,Caberg Horus Scout Helmet — a helmet built to the specifications listed above.,true,draft,https://cdn.shopify.com/s/files/1/0076/8301/4754/products/30930023.jpg?v=1661249602|role:hero || https://cdn.shopify.com/s/files/1/0076/8301/4754/products/30930023_1.jpg?v=1661249602|role:construction detail || https://cdn.shopify.com/s/files/1/0076/8301/4754/products/30930023_3.jpg?v=1661249605|role:side profile,3,false,/products/caberg-horus-scout-helmet,/products/caberg-horus-scout-helmet
caberg-horus-helmet,caberg-horus-helmet,Caberg Horus Helmet,Caberg Horus Helmet,caberg-horus-helmet,"Thanks to its double homologation (P/J), the new Horus Helmet from Caberg is designed for both touring and city driving. The elegant design and valuable… • Folding helmet with one-hand operation. • front part locked in opened state. • Helmet is by folding up the front part also as a jet helmet mobile. • homologated as integral and jet helmet (P/J). Available in multiple sizes and/or colours — select your variant.","Thanks to its double homologation (P/J), the new Horus Helmet from Caberg is designed for both touring and city driving. The elegant design and valuable technical details make the Horus the ideal travel companion.<br><br>

<b>Features:</b><br>

<li>Folding helmet with one-hand operation</li>
<li>front part locked in opened state</li>
<li>Helmet is by folding up the front part also as a jet helmet mobile</li>
<li>homologated as integral and jet helmet (P/J)</li>
<li>double homologation (chin protection has a rotation independent of the visor)</li>
<li>scratchproof visor</li>
<li>integrated sun visor</li>
<li>easy and quick change of visor</li>
<li>Sight and head ventilation</li>
<li>anti-rain profile</li>
<li>double anti-turbulent neck guard</li>
<li>detachable windstopper</li>
<li>removable and washable interior equipment</li>
<li>high-quality multi-layer coating with UV protection</li>
<li>prepared for Bluetooth communication set</li><br>
<b>Specifications:</b><br>

<li>thermoplastic</li>
<li>100% polyester lining</li>
<li>ECE 22.05</li>
<li>Closure: Micro Ratchet Closure</li>
<li>Weight: 1650 g (+/-50g)</li><br>
<b>Contents:</b><br>

<li>1 x Caberg Horus Helmet</li>
<li>1 x Pinlock Lens</li>","Thanks to its double homologation (P/J), the new Horus Helmet from Caberg is designed for both touring and city driving. The elegant design and valuable technical details make the Horus the ideal travel companion.

Features:

• Folding helmet with one-hand operation

• front part locked in opened state

• Helmet is by folding up the front part also as a jet helmet mobile

• homologated as integral and jet helmet (P/J)

• double homologation (chin protection has a rotation independent of the visor)

• scratchproof visor

• integrated sun visor

• easy and quick change of visor

• Sight and head ventilation

• anti-rain profile

• double anti-turbulent neck guard

• detachable windstopper

• removable and washable interior equipment

• high-quality multi-layer coating with UV protection

• prepared for Bluetooth communication set

Specifications:

• thermoplastic

• 100% polyester lining

• ECE 22.05

• Closure: Micro Ratchet Closure

• Weight: 1650 g (+/-50g)

Contents:

• 1 x Caberg Horus Helmet

• 1 x Pinlock Lens",38000,,2026-07-26,active,Caberg,5000,g,Buy Caberg Horus Helmet | Mile 27 Store,"Thanks to its double homologation (P/J), the new Horus Helmet from Caberg is designed for both touring and city driving. The elegant design and valuable……",Folding helmet with one-hand operation | front part locked in opened state | Helmet is by folding up the front part also as a jet helmet mobile | homologated as integral and jet helmet (P/J),Cleaned noise; brand verified,High,false,Helmets,High,"Mapped from Shopify Type ""Helmets""",caberg-horus-helmet-1|Size:XS:Colour:White Metallic|price:38000.00|compare:|weight:5000|barcode:|qty:0 | caberg-horus-helmet-2|Size:XS:Colour:Black Matt|price:38000.00|compare:|weight:5000|barcode:|qty:0 | caberg-horus-helmet-3|Size:XS:Colour:Blue Matt|price:38000.00|compare:|weight:5000|barcode:|qty:0 | caberg-horus-helmet-4|Size:XS:Colour:Gray Matt|price:38000.00|compare:|weight:5000|barcode:|qty:0 | caberg-horus-helmet-5|Size:S:Colour:White Metallic|price:38000.00|compare:|weight:5000|barcode:|qty:0 | caberg-horus-helmet-6|Size:S:Colour:Black Matt|price:38000.00|compare:|weight:5000|barcode:|qty:0 | caberg-horus-helmet-7|Size:S:Colour:Blue Matt|price:38000.00|compare:|weight:5000|barcode:|qty:0 | caberg-horus-helmet-8|Size:S:Colour:Gray Matt|price:38000.00|compare:|weight:5000|barcode:|qty:0 | caberg-horus-helmet-9|Size:M:Colour:White Metallic|price:38000.00|compare:|weight:5000|barcode:|qty:0 | caberg-horus-helmet-10|Size:M:Colour:Black Matt|price:38000.00|compare:|weight:5000|barcode:|qty:0 | caberg-horus-helmet-11|Size:M:Colour:Blue Matt|price:38000.00|compare:|weight:5000|barcode:|qty:0 | caberg-horus-helmet-12|Size:M:Colour:Gray Matt|price:38000.00|compare:|weight:5000|barcode:|qty:0 | caberg-horus-helmet-13|Size:L:Colour:White Metallic|price:38000.00|compare:|weight:5000|barcode:|qty:0 | caberg-horus-helmet-14|Size:L:Colour:Black Matt|price:38000.00|compare:|weight:5000|barcode:|qty:0 | caberg-horus-helmet-15|Size:L:Colour:Blue Matt|price:38000.00|compare:|weight:5000|barcode:|qty:0 | caberg-horus-helmet-16|Size:L:Colour:Gray Matt|price:38000.00|compare:|weight:5000|barcode:|qty:0 | caberg-horus-helmet-17|Size:XL:Colour:White Metallic|price:38000.00|compare:|weight:5000|barcode:|qty:0 | caberg-horus-helmet-18|Size:XL:Colour:Black Matt|price:38000.00|compare:|weight:5000|barcode:|qty:0 | caberg-horus-helmet-19|Size:XL:Colour:Blue Matt|price:38000.00|compare:|weight:5000|barcode:|qty:0 | caberg-horus-helmet-20|Size:XL:Colour:Gray Matt|price:38000.00|compare:|weight:5000|barcode:|qty:0 | caberg-horus-helmet-21|Size:XXL:Colour:White Metallic|price:38000.00|compare:|weight:5000|barcode:|qty:0 | caberg-horus-helmet-22|Size:XXL:Colour:Black Matt|price:38000.00|compare:|weight:5000|barcode:|qty:0 | caberg-horus-helmet-23|Size:XXL:Colour:Blue Matt|price:38000.00|compare:|weight:5000|barcode:|qty:0 | caberg-horus-helmet-24|Size:XXL:Colour:Gray Matt|price:38000.00|compare:|weight:5000|barcode:|qty:0,"caberg-horus-helmet-1,caberg-horus-helmet-2,caberg-horus-helmet-3,caberg-horus-helmet-4,caberg-horus-helmet-5,caberg-horus-helmet-6,caberg-horus-helmet-7,caberg-horus-helmet-8,caberg-horus-helmet-9,caberg-horus-helmet-10,caberg-horus-helmet-11,caberg-horus-helmet-12,caberg-horus-helmet-13,caberg-horus-helmet-14,caberg-horus-helmet-15,caberg-horus-helmet-16,caberg-horus-helmet-17,caberg-horus-helmet-18,caberg-horus-helmet-19,caberg-horus-helmet-20,caberg-horus-helmet-21,caberg-horus-helmet-22,caberg-horus-helmet-23,caberg-horus-helmet-24",24,https://cdn.shopify.com/s/files/1/0076/8301/4754/products/30930001.jpg?v=1661172811|pos:1|alt:Caberg Caberg Horus Helmet – front view || https://cdn.shopify.com/s/files/1/0076/8301/4754/products/30930001_1.jpg?v=1661172812|pos:2|alt:Caberg Caberg Horus Helmet – side view || https://cdn.shopify.com/s/files/1/0076/8301/4754/products/30930001_3.jpg?v=1661172811|pos:3|alt:Caberg Caberg Horus Helmet – rear view || https://cdn.shopify.com/s/files/1/0076/8301/4754/products/30930017.jpg?v=1661172812|pos:4|alt:Caberg Caberg Horus Helmet – detail view || https://cdn.shopify.com/s/files/1/0076/8301/4754/products/30930017_1.jpg?v=1661172811|pos:5|alt:Caberg Caberg Horus Helmet – top view || https://cdn.shopify.com/s/files/1/0076/8301/4754/products/30930004.jpg?v=1661172812|pos:6|alt:Caberg Caberg Horus Helmet – product view || https://cdn.shopify.com/s/files/1/0076/8301/4754/products/30930004_1.jpg?v=1661172812|pos:7|alt:Caberg Caberg Horus Helmet – product view || https://cdn.shopify.com/s/files/1/0076/8301/4754/products/Horus-Matt-Grey-Kamo-3-41.jpg?v=1661172811|pos:8|alt:Caberg Caberg Horus Helmet – product view || https://cdn.shopify.com/s/files/1/0076/8301/4754/products/Horus-Matt-Grey-Kamo-3-41-open.jpg?v=1661172812|pos:9|alt:Caberg Caberg Horus Helmet – product view,9,Caberg Caberg Horus Helmet – front view | Caberg Caberg Horus Helmet – side view | Caberg Caberg Horus Helmet – rear view | Caberg Caberg Horus Helmet – detail view | Caberg Caberg Horus Helmet – top view | Caberg Caberg Horus Helmet – product view,,0,Caberg Horus Helmet,"Caberg Horus Helmet. Thanks to its double homologation (P/J), the new Horus Helmet from Caberg is designed for both touring and city driving.",,,Folding helmet with one-hand operation. front part locked in opened state. Helmet is by folding up the front part also as a jet helmet mobile. homologated as integral and jet helmet (P/J).,,Available in multiple sizes. Check the size guide before ordering.,Caberg Horus Helmet — a helmet built to the specifications listed above.,true,draft,https://cdn.shopify.com/s/files/1/0076/8301/4754/products/30930001.jpg?v=1661172811|role:hero || https://cdn.shopify.com/s/files/1/0076/8301/4754/products/30930001_1.jpg?v=1661172812|role:construction detail || https://cdn.shopify.com/s/files/1/0076/8301/4754/products/30930001_3.jpg?v=1661172811|role:side profile,3,false,/products/caberg-horus-helmet,/products/caberg-horus-helmet
caberg-xtrace-savana-helmet,caberg-xtrace-savana-helmet,Caberg Xtrace Savana Helmet,Caberg Xtrace Savana Helmet,caberg-xtrace-savana-helmet,"The Caberg Helmet Xtrace is perfect for use on the road, as well as for off-road tracks. The helmet can be used in three different… • large sunshade. • scratchproof visor. • Pinlock® prepared. • integrated sun visor. Available in multiple sizes and/or colours — select your variant.","The Caberg Helmet Xtrace is perfect for use on the road, as well as for off-road tracks. The helmet can be used in three different versions to offer you the best possible comfort: with shield and visor, without shield or with shield and without visor.<br><br>

<b>Features:</b><br>

<li>large sunshade</li>
<li>scratchproof visor</li>
<li>Pinlock® prepared</li>
<li>integrated sun visor</li>
<li>easy and quick change of visor</li>
<li>Sight and head ventilation</li>
<li>anti-rain profile</li>
<li>detachable windstopper</li>
<li>detachable nose spoiler</li>
<li>removable and washable interior equipment</li>
<li>Micro Metric Helmet Closure</li>
<li>high-quality multi-layer coating with UV protection</li><br>
<b>Specifications:</b><br>

<li>Thermoplastic (ABS)</li>
<li>100% polyester lining</li>
<li>ECE 22.05</li>
<li>Closure: Double D</li>
<li>Weight: small helmet shell (XS-L): 1500g (+/-50g);large helmet shell (XL-2XL): 1550g (+/-50g)</li><br>
<b>Contents:</b><br>

<li>1 x Caberg Xtrace Enduro helmet</li>
<li>1 x Helmet Bag</li>","The Caberg Helmet Xtrace is perfect for use on the road, as well as for off-road tracks. The helmet can be used in three different versions to offer you the best possible comfort: with shield and visor, without shield or with shield and without visor.

Features:

• large sunshade

• scratchproof visor

• Pinlock® prepared

• integrated sun visor

• easy and quick change of visor

• Sight and head ventilation

• anti-rain profile

• detachable windstopper

• detachable nose spoiler

• removable and washable interior equipment

• Micro Metric Helmet Closure

• high-quality multi-layer coating with UV protection

Specifications:

• Thermoplastic (ABS)

• 100% polyester lining

• ECE 22.05

• Closure: Double D

• Weight: small helmet shell (XS-L): 1500g (+/-50g);large helmet shell (XL-2XL): 1550g (+/-50g)

Contents:

• 1 x Caberg Xtrace Enduro helmet

• 1 x Helmet Bag",33500,,2026-07-26,active,Caberg,5000,g,Buy Caberg Xtrace Savana Helmet | Mile 27 Store,"The Caberg Helmet Xtrace is perfect for use on the road, as well as for off-road tracks. The helmet can be used in three different… large sunshade.…",large sunshade | scratchproof visor | Pinlock® prepared | integrated sun visor,Cleaned noise; brand verified,High,false,Helmets,High,"Mapped from Shopify Type ""Helmets""",caberg-xtrace-savana-helmet-1|Size:XS:Colour:White/Red/Blue|price:33500.00|compare:|weight:5000|barcode:|qty:0 | caberg-xtrace-savana-helmet-2|Size:XS:Colour:Gray/Orange|price:33500.00|compare:|weight:5000|barcode:|qty:0 | caberg-xtrace-savana-helmet-3|Size:S:Colour:White/Red/Blue|price:33500.00|compare:|weight:5000|barcode:|qty:0 | caberg-xtrace-savana-helmet-4|Size:S:Colour:Gray/Orange|price:33500.00|compare:|weight:5000|barcode:|qty:0 | caberg-xtrace-savana-helmet-5|Size:M:Colour:White/Red/Blue|price:33500.00|compare:|weight:5000|barcode:|qty:0 | caberg-xtrace-savana-helmet-6|Size:M:Colour:Gray/Orange|price:33500.00|compare:|weight:5000|barcode:|qty:0 | caberg-xtrace-savana-helmet-7|Size:L:Colour:White/Red/Blue|price:33500.00|compare:|weight:5000|barcode:|qty:0 | caberg-xtrace-savana-helmet-8|Size:L:Colour:Gray/Orange|price:33500.00|compare:|weight:5000|barcode:|qty:0 | caberg-xtrace-savana-helmet-9|Size:XL:Colour:White/Red/Blue|price:33500.00|compare:|weight:5000|barcode:|qty:0 | caberg-xtrace-savana-helmet-10|Size:XL:Colour:Gray/Orange|price:33500.00|compare:|weight:5000|barcode:|qty:0 | caberg-xtrace-savana-helmet-11|Size:XXL:Colour:White/Red/Blue|price:33500.00|compare:|weight:5000|barcode:|qty:0 | caberg-xtrace-savana-helmet-12|Size:XXL:Colour:Gray/Orange|price:33500.00|compare:|weight:5000|barcode:|qty:0,"caberg-xtrace-savana-helmet-1,caberg-xtrace-savana-helmet-2,caberg-xtrace-savana-helmet-3,caberg-xtrace-savana-helmet-4,caberg-xtrace-savana-helmet-5,caberg-xtrace-savana-helmet-6,caberg-xtrace-savana-helmet-7,caberg-xtrace-savana-helmet-8,caberg-xtrace-savana-helmet-9,caberg-xtrace-savana-helmet-10,caberg-xtrace-savana-helmet-11,caberg-xtrace-savana-helmet-12",12,https://cdn.shopify.com/s/files/1/0076/8301/4754/products/30240034.jpg?v=1661171493|pos:1|alt:Caberg Caberg Xtrace Savana Helmet – front view || https://cdn.shopify.com/s/files/1/0076/8301/4754/products/30240034_2.jpg?v=1661171493|pos:2|alt:Caberg Caberg Xtrace Savana Helmet – side view || https://cdn.shopify.com/s/files/1/0076/8301/4754/products/30240036.jpg?v=1661171492|pos:3|alt:Caberg Caberg Xtrace Savana Helmet – rear view || https://cdn.shopify.com/s/files/1/0076/8301/4754/products/30240036_3.jpg?v=1661171494|pos:4|alt:Caberg Caberg Xtrace Savana Helmet – detail view,4,Caberg Caberg Xtrace Savana Helmet – front view | Caberg Caberg Xtrace Savana Helmet – side view | Caberg Caberg Xtrace Savana Helmet – rear view | Caberg Caberg Xtrace Savana Helmet – detail view,,0,Caberg Xtrace Savana Helmet,"Caberg Xtrace Savana Helmet. The Caberg Helmet Xtrace is perfect for use on the road, as well as for off-road tracks.",,,large sunshade. scratchproof visor. Pinlock® prepared. integrated sun visor.,,Available in multiple sizes. Check the size guide before ordering.,Caberg Xtrace Savana Helmet — a helmet built to the specifications listed above.,true,draft,https://cdn.shopify.com/s/files/1/0076/8301/4754/products/30240034.jpg?v=1661171493|role:hero || https://cdn.shopify.com/s/files/1/0076/8301/4754/products/30240034_2.jpg?v=1661171493|role:construction detail || https://cdn.shopify.com/s/files/1/0076/8301/4754/products/30240036.jpg?v=1661171492|role:side profile,3,false,/products/caberg-xtrace-savana-helmet,/products/caberg-xtrace-savana-helmet
caberg-xtrace-helmet,caberg-xtrace-helmet,Caberg Xtrace Helmet,Caberg Xtrace Helmet,caberg-xtrace-helmet,• integrated sun shield • integrated sun shield. • scratchproof visor. • Pinlock® prepared. • integrated sun visor. Available in multiple sizes and/or colours — select your variant.,"<ul data-mce-fragment=""1"">
<li data-mce-fragment=""1"">integrated sun shield</li>
<li data-mce-fragment=""1"">scratchproof visor</li>
<li data-mce-fragment=""1"">Pinlock® prepared</li>
<li data-mce-fragment=""1"">integrated sun visor</li>
<li data-mce-fragment=""1"">easier and faster replacement of the visor</li>
<li data-mce-fragment=""1"">Visor and head ventilation</li>
<li data-mce-fragment=""1"">rain protection profile</li>
<li data-mce-fragment=""1"">tested in the wind tunnel aerodynamics</li>
<li data-mce-fragment=""1"">double antiturbulenter Nackenschutz</li>
<li data-mce-fragment=""1"">removable Windstopper</li>
<li data-mce-fragment=""1"">nose spoiler</li>
<li data-mce-fragment=""1"">Micro Metric helmet lock</li>
<li data-mce-fragment=""1"">high-quality multi-layer coating with UV protection</li>
<li data-mce-fragment=""1"">removable and washable inner lining</li>
<li data-mce-fragment=""1"">two shell sizes (small shell: XS - L / large shell: XL - 2XL)</li>
<li data-mce-fragment=""1"">ECE 2205</li>
<li data-mce-fragment=""1"">Weight: 1500g +/- 50g (small shell) - 1.550g +/- 50g (large shell)</li>
</ul>","• integrated sun shield

• scratchproof visor

• Pinlock® prepared

• integrated sun visor

• easier and faster replacement of the visor

• Visor and head ventilation

• rain protection profile

• tested in the wind tunnel aerodynamics

• double antiturbulenter Nackenschutz

• removable Windstopper

• nose spoiler

• Micro Metric helmet lock

• high-quality multi-layer coating with UV protection

• removable and washable inner lining

• two shell sizes (small shell: XS - L / large shell: XL - 2XL)

• ECE 2205

• Weight: 1500g +/- 50g (small shell) - 1.550g +/- 50g (large shell)",29000,,2026-07-26,active,Caberg,5000,g,Buy Caberg Xtrace Helmet | Mile 27 Store,integrated sun shield integrated sun shield. scratchproof visor. Pinlock® prepared. integrated sun visor.,integrated sun shield | scratchproof visor | Pinlock® prepared | integrated sun visor,Cleaned noise; brand verified,High,false,Helmets,High,"Mapped from Shopify Type ""Helmets""",caberg-xtrace-helmet-1|Size:XS|price:29000.00|compare:|weight:5000|barcode:|qty:0 | caberg-xtrace-helmet-2|Size:S|price:29000.00|compare:|weight:5000|barcode:|qty:0 | caberg-xtrace-helmet-3|Size:M|price:29000.00|compare:|weight:5000|barcode:|qty:0 | caberg-xtrace-helmet-4|Size:L|price:29000.00|compare:|weight:5000|barcode:|qty:0 | caberg-xtrace-helmet-5|Size:XL|price:29000.00|compare:|weight:5000|barcode:|qty:0 | caberg-xtrace-helmet-6|Size:XXL|price:29000.00|compare:|weight:5000|barcode:|qty:0,"caberg-xtrace-helmet-1,caberg-xtrace-helmet-2,caberg-xtrace-helmet-3,caberg-xtrace-helmet-4,caberg-xtrace-helmet-5,caberg-xtrace-helmet-6",6,https://cdn.shopify.com/s/files/1/0076/8301/4754/products/Caberg-Xtrace-Enduro-Helmet-17-MatteBlack-1.jpg?v=1661171035|pos:1|alt:Caberg Caberg Xtrace Helmet – front view || https://cdn.shopify.com/s/files/1/0076/8301/4754/products/Caberg-Xtrace-Enduro-Helmet-17-MatteBlack-2.jpg?v=1661171035|pos:2|alt:Caberg Caberg Xtrace Helmet – side view || https://cdn.shopify.com/s/files/1/0076/8301/4754/products/Caberg-Xtrace-Enduro-Helmet-17-MatteBlack-3.jpg?v=1661171037|pos:3|alt:Caberg Caberg Xtrace Helmet – rear view,3,Caberg Caberg Xtrace Helmet – front view | Caberg Caberg Xtrace Helmet – side view | Caberg Caberg Xtrace Helmet – rear view,,0,Caberg Xtrace Helmet,Caberg Xtrace Helmet. • integrated sun shield • integrated sun shield.,,,integrated sun shield. scratchproof visor. Pinlock® prepared. integrated sun visor.,,Available in multiple sizes. Check the size guide before ordering.,Caberg Xtrace Helmet — a helmet built to the specifications listed above.,true,draft,https://cdn.shopify.com/s/files/1/0076/8301/4754/products/Caberg-Xtrace-Enduro-Helmet-17-MatteBlack-1.jpg?v=1661171035|role:hero || https://cdn.shopify.com/s/files/1/0076/8301/4754/products/Caberg-Xtrace-Enduro-Helmet-17-MatteBlack-2.jpg?v=1661171035|role:construction detail || https://cdn.shopify.com/s/files/1/0076/8301/4754/products/Caberg-Xtrace-Enduro-Helmet-17-MatteBlack-3.jpg?v=1661171037|role:side profile,3,false,/products/caberg-xtrace-helmet,/products/caberg-xtrace-helmet
caberg-avalon-hawk-helmet,caberg-avalon-hawk-helmet,Caberg Avalon Hawk Helmet,Caberg Avalon Hawk Helmet,caberg-avalon-hawk-helmet,"The new helmet Avalon from Caberg stands for its sporty and inspiring design. Due to the hypoallergenic and breathable lining, the helmet offers a high… • Scratch resistant visor. • FoGCity®Go prepared. • Integrated sun visor. • Easy and quick visor change. Available in multiple sizes and/or colours — select your variant.","The new helmet Avalon from Caberg stands for its sporty and inspiring design. Due to the hypoallergenic and breathable lining, the helmet offers a high wearing comfort. The Avalon is the ideal helmet for everyday use, but also suitable for long and more demanding routes.<br><br>

<b>Features:</b><br>

<li>Scratch resistant visor</li>
<li>FoGCity®Go prepared</li>
<li>Integrated sun visor</li>
<li>Easy and quick visor change</li>
<li>Quick release visor mechanism for fine adjustment of the visor</li>
<li>Visor and head ventilation</li>
<li>Anti-rain profile</li>
<li>Double anti-turbulence neck guard</li>
<li>Removable nose spoiler</li>
<li>Removable wind stopper</li>
<li>Removable and washable hypoallergenic lining</li>
<li>Micrometric buckle closure</li>
<li>High quality multi-layer paint with UV protection</li>
<li>Prepared for Bluetooth communication systems</li>
<li>Suitable for spectacle wearers</li>
<li>ECE 22.05</li><br>
<b>Specifications:</b><br>

<b>Two shell sizes:</b><br>

<li>Small helmet shell (XS-M)</li>
<li>Large helmet shell (L-2XL)</li><br>
<b>Material:</b><br>

<li>Thermoplastic (ABS)</li>
<li>Lining: 100% Polyester</li><br>
<b>Weight:</b><br>

<li>Small helmet shell: 1.500g (+/-50g)</li>
<li>Large helmet shell: 1.550g (+/-50g)</li><br>
<b>Sizes:</b><br>

<li>XS (53-54)</li>
<li>S (55-56)</li>
<li>M (57-58)</li>
<li>L (59-60)</li>
<li>XL (61-62)</li>
<li>2XL (63-64)</li><br>
<b>Contents:</b><br>

<li>1X Caberg Avalon Hawk Helmet</li>","The new helmet Avalon from Caberg stands for its sporty and inspiring design. Due to the hypoallergenic and breathable lining, the helmet offers a high wearing comfort. The Avalon is the ideal helmet for everyday use, but also suitable for long and more demanding routes.

Features:

• Scratch resistant visor

• FoGCity®Go prepared

• Integrated sun visor

• Easy and quick visor change

• Quick release visor mechanism for fine adjustment of the visor

• Visor and head ventilation

• Anti-rain profile

• Double anti-turbulence neck guard

• Removable nose spoiler

• Removable wind stopper

• Removable and washable hypoallergenic lining

• Micrometric buckle closure

• High quality multi-layer paint with UV protection

• Prepared for Bluetooth communication systems

• Suitable for spectacle wearers

• ECE 22.05

Specifications:

Two shell sizes:

• Small helmet shell (XS-M)

• Large helmet shell (L-2XL)

Material:

• Thermoplastic (ABS)

• Lining: 100% Polyester

Weight:

• Small helmet shell: 1.500g (+/-50g)

• Large helmet shell: 1.550g (+/-50g)

Sizes:

• XS (53-54)

• S (55-56)

• M (57-58)

• L (59-60)

• XL (61-62)

• 2XL (63-64)

Contents:

• 1X Caberg Avalon Hawk Helmet",27500,,2026-07-26,active,Caberg,5000,g,Buy Caberg Avalon Hawk Helmet | Mile 27 Store,"The new helmet Avalon from Caberg stands for its sporty and inspiring design. Due to the hypoallergenic and breathable lining, the helmet offers a high……",Scratch resistant visor | FoGCity®Go prepared | Integrated sun visor | Easy and quick visor change,Cleaned noise; brand verified,High,false,Helmets,High,"Mapped from Shopify Type ""Helmets""",caberg-avalon-hawk-helmet-1|Size:XS|price:27500.00|compare:|weight:5000|barcode:|qty:0 | caberg-avalon-hawk-helmet-2|Size:S|price:27500.00|compare:|weight:5000|barcode:|qty:0 | caberg-avalon-hawk-helmet-3|Size:M|price:27500.00|compare:|weight:5000|barcode:|qty:0 | caberg-avalon-hawk-helmet-4|Size:L|price:27500.00|compare:|weight:5000|barcode:|qty:0 | caberg-avalon-hawk-helmet-5|Size:XL|price:27500.00|compare:|weight:5000|barcode:|qty:0 | caberg-avalon-hawk-helmet-6|Size:XXL|price:27500.00|compare:|weight:5000|barcode:|qty:0,"caberg-avalon-hawk-helmet-1,caberg-avalon-hawk-helmet-2,caberg-avalon-hawk-helmet-3,caberg-avalon-hawk-helmet-4,caberg-avalon-hawk-helmet-5,caberg-avalon-hawk-helmet-6",6,https://cdn.shopify.com/s/files/1/0076/8301/4754/products/Avalon-Hawk-White-Black-Blue-3-4.jpg?v=1661170523|pos:1|alt:Caberg Caberg Avalon Hawk Helmet – front view || https://cdn.shopify.com/s/files/1/0076/8301/4754/products/Avalon-Hawk-White-Black-Blue-front.jpg?v=1661170524|pos:2|alt:Caberg Caberg Avalon Hawk Helmet – side view || https://cdn.shopify.com/s/files/1/0076/8301/4754/products/Avalon-Hawk-White-Black-Blue-rear.jpg?v=1661170525|pos:3|alt:Caberg Caberg Avalon Hawk Helmet – rear view,3,Caberg Caberg Avalon Hawk Helmet – front view | Caberg Caberg Avalon Hawk Helmet – side view | Caberg Caberg Avalon Hawk Helmet – rear view,,0,Caberg Avalon Hawk Helmet,Caberg Avalon Hawk Helmet. The new helmet Avalon from Caberg stands for its sporty and inspiring design.,,,Scratch resistant visor. FoGCity®Go prepared. Integrated sun visor. Easy and quick visor change.,,Available in multiple sizes. Check the size guide before ordering.,Caberg Avalon Hawk Helmet — a helmet built to the specifications listed above.,true,draft,https://cdn.shopify.com/s/files/1/0076/8301/4754/products/Avalon-Hawk-White-Black-Blue-3-4.jpg?v=1661170523|role:hero || https://cdn.shopify.com/s/files/1/0076/8301/4754/products/Avalon-Hawk-White-Black-Blue-front.jpg?v=1661170524|role:construction detail || https://cdn.shopify.com/s/files/1/0076/8301/4754/products/Avalon-Hawk-White-Black-Blue-rear.jpg?v=1661170525|role:side profile,3,false,/products/caberg-avalon-hawk-helmet,/products/caberg-avalon-hawk-helmet
caberg-avalon-giga-helmet,caberg-avalon-giga-helmet,Caberg Avalon Giga Helmet,Caberg Avalon Giga Helmet,caberg-avalon-giga-helmet,"The new helmet Avalon from Caberg stands for its sporty and inspiring design. Due to the hypoallergenic and breathable lining, the helmet offers a high… • Scratch resistant visor. • FoGCity®Go prepared. • Integrated sun visor. • Easy and quick visor change. Available in multiple sizes and/or colours — select your variant.","The new helmet Avalon from Caberg stands for its sporty and inspiring design. Due to the hypoallergenic and breathable lining, the helmet offers a high wearing comfort. The Avalon is the ideal helmet for everyday use, but also suitable for long and more demanding routes.<br><br>

<b>Features:</b><br>

<li>Scratch resistant visor</li>
<li>FoGCity®Go prepared</li>
<li>Integrated sun visor</li>
<li>Easy and quick visor change</li>
<li>Quick release visor mechanism for fine adjustment of the visor</li>
<li>Visor and head ventilation</li>
<li>Anti-rain profile</li>
<li>Double anti-turbulence neck guard</li>
<li>Removable nose spoiler</li>
<li>Removable wind stopper</li>
<li>Removable and washable hypoallergenic lining</li>
<li>Micrometric buckle closure</li>
<li>High quality multi-layer paint with UV protection</li>
<li>Prepared for Bluetooth communication systems</li>
<li>Suitable for spectacle wearers</li>
<li>ECE 22.05</li><br>
<b>Specifications:</b><br>

<b>Two shell sizes:</b>

<li>Small helmet shell (XS-M)</li>
<li>Large helmet shell (L-2XL)</li><br>
<b>Material:</b><br>

<li>Thermoplastic (ABS)</li>
<li>Lining: 100% Polyester</li><br>
<b>Weight:</b><br>

<li>Small helmet shell: 1.500g (+/-50g)</li>
<li>Large helmet shell: 1.550g (+/-50g)</li><br>
<b>Sizes:</b><br>

<li>XS (53-54)</li>
<li>S (55-56)</li>
<li>M (57-58)</li>
<li>L (59-60)</li>
<li>XL (61-62)</li>
<li>2XL (63-64)</li><br>
<b>Contents:</b><br>

<li>1X Caberg Avalon Giga Helmet</li>","The new helmet Avalon from Caberg stands for its sporty and inspiring design. Due to the hypoallergenic and breathable lining, the helmet offers a high wearing comfort. The Avalon is the ideal helmet for everyday use, but also suitable for long and more demanding routes.

Features:

• Scratch resistant visor

• FoGCity®Go prepared

• Integrated sun visor

• Easy and quick visor change

• Quick release visor mechanism for fine adjustment of the visor

• Visor and head ventilation

• Anti-rain profile

• Double anti-turbulence neck guard

• Removable nose spoiler

• Removable wind stopper

• Removable and washable hypoallergenic lining

• Micrometric buckle closure

• High quality multi-layer paint with UV protection

• Prepared for Bluetooth communication systems

• Suitable for spectacle wearers

• ECE 22.05

Specifications:

Two shell sizes:

• Small helmet shell (XS-M)

• Large helmet shell (L-2XL)

Material:

• Thermoplastic (ABS)

• Lining: 100% Polyester

Weight:

• Small helmet shell: 1.500g (+/-50g)

• Large helmet shell: 1.550g (+/-50g)

Sizes:

• XS (53-54)

• S (55-56)

• M (57-58)

• L (59-60)

• XL (61-62)

• 2XL (63-64)

Contents:

• 1X Caberg Avalon Giga Helmet",27500,,2026-07-26,active,Caberg,5000,g,Buy Caberg Avalon Giga Helmet | Mile 27 Store,"The new helmet Avalon from Caberg stands for its sporty and inspiring design. Due to the hypoallergenic and breathable lining, the helmet offers a high……",Scratch resistant visor | FoGCity®Go prepared | Integrated sun visor | Easy and quick visor change,Cleaned noise; brand verified,High,false,Helmets,High,"Mapped from Shopify Type ""Helmets""",caberg-avalon-giga-helmet-1|Size:XS:Colour:White/Red/Yellow|price:27500.00|compare:|weight:5000|barcode:|qty:0 | caberg-avalon-giga-helmet-2|Size:XS:Colour:Black/Green/Red|price:27500.00|compare:|weight:5000|barcode:|qty:0 | caberg-avalon-giga-helmet-3|Size:S:Colour:White/Red/Yellow|price:27500.00|compare:|weight:5000|barcode:|qty:0 | caberg-avalon-giga-helmet-4|Size:S:Colour:Black/Green/Red|price:27500.00|compare:|weight:5000|barcode:|qty:0 | caberg-avalon-giga-helmet-5|Size:M:Colour:White/Red/Yellow|price:27500.00|compare:|weight:5000|barcode:|qty:0 | caberg-avalon-giga-helmet-6|Size:M:Colour:Black/Green/Red|price:27500.00|compare:|weight:5000|barcode:|qty:0 | caberg-avalon-giga-helmet-7|Size:L:Colour:White/Red/Yellow|price:27500.00|compare:|weight:5000|barcode:|qty:0 | caberg-avalon-giga-helmet-8|Size:L:Colour:Black/Green/Red|price:27500.00|compare:|weight:5000|barcode:|qty:0 | caberg-avalon-giga-helmet-9|Size:XL:Colour:White/Red/Yellow|price:27500.00|compare:|weight:5000|barcode:|qty:0 | caberg-avalon-giga-helmet-10|Size:XL:Colour:Black/Green/Red|price:27500.00|compare:|weight:5000|barcode:|qty:0 | caberg-avalon-giga-helmet-11|Size:XXL:Colour:White/Red/Yellow|price:27500.00|compare:|weight:5000|barcode:|qty:0 | caberg-avalon-giga-helmet-12|Size:XXL:Colour:Black/Green/Red|price:27500.00|compare:|weight:5000|barcode:|qty:0,"caberg-avalon-giga-helmet-1,caberg-avalon-giga-helmet-2,caberg-avalon-giga-helmet-3,caberg-avalon-giga-helmet-4,caberg-avalon-giga-helmet-5,caberg-avalon-giga-helmet-6,caberg-avalon-giga-helmet-7,caberg-avalon-giga-helmet-8,caberg-avalon-giga-helmet-9,caberg-avalon-giga-helmet-10,caberg-avalon-giga-helmet-11,caberg-avalon-giga-helmet-12",12,https://cdn.shopify.com/s/files/1/0076/8301/4754/products/Avalon-Giga-White-Red-Yellow-3-4.jpg?v=1661170101|pos:1|alt:Caberg Caberg Avalon Giga Helmet – front view || https://cdn.shopify.com/s/files/1/0076/8301/4754/products/Avalon-Giga-White-Red-Yellow-rear.jpg?v=1661170101|pos:2|alt:Caberg Caberg Avalon Giga Helmet – side view || https://cdn.shopify.com/s/files/1/0076/8301/4754/products/Avalon-Giga-Matt-Black-Yellow-Fluo-Red-Fluo-3-4.jpg?v=1661170101|pos:3|alt:Caberg Caberg Avalon Giga Helmet – rear view || https://cdn.shopify.com/s/files/1/0076/8301/4754/products/Avalon-Giga-Matt-Black-Yellow-Fluo-Red-Fluo-rear.jpg?v=1661170103|pos:4|alt:Caberg Caberg Avalon Giga Helmet – detail view,4,Caberg Caberg Avalon Giga Helmet – front view | Caberg Caberg Avalon Giga Helmet – side view | Caberg Caberg Avalon Giga Helmet – rear view | Caberg Caberg Avalon Giga Helmet – detail view,,0,Caberg Avalon Giga Helmet,Caberg Avalon Giga Helmet. The new helmet Avalon from Caberg stands for its sporty and inspiring design.,,,Scratch resistant visor. FoGCity®Go prepared. Integrated sun visor. Easy and quick visor change.,,Available in multiple sizes. Check the size guide before ordering.,Caberg Avalon Giga Helmet — a helmet built to the specifications listed above.,true,draft,https://cdn.shopify.com/s/files/1/0076/8301/4754/products/Avalon-Giga-White-Red-Yellow-3-4.jpg?v=1661170101|role:hero || https://cdn.shopify.com/s/files/1/0076/8301/4754/products/Avalon-Giga-White-Red-Yellow-rear.jpg?v=1661170101|role:construction detail || https://cdn.shopify.com/s/files/1/0076/8301/4754/products/Avalon-Giga-Matt-Black-Yellow-Fluo-Red-Fluo-3-4.jpg?v=1661170101|role:side profile,3,false,/products/caberg-avalon-giga-helmet,/products/caberg-avalon-giga-helmet
caberg-avalon-forge-helmet,caberg-avalon-forge-helmet,Caberg Avalon Forge Helmet,Caberg Avalon Forge Helmet,caberg-avalon-forge-helmet,"The new full-face helmet Avalon from Caberg stands for its sporty and inspiring design. Due to the hypoallergenic and breathable lining, the helmet offers a… • Scratch resistant visor. • FoGCity®Go prepared. • Integrated sun visor. • Easy and quick visor change. Available in multiple sizes and/or colours — select your variant.","The new full-face helmet Avalon from Caberg stands for its sporty and inspiring design. Due to the hypoallergenic and breathable lining, the helmet offers a high wearing comfort. The Avalon is the ideal helmet for everyday use, but also suitable for long and more demanding routes.<br><br>

<b>Features:</b><br>

<li>Scratch resistant visor</li>
<li>FoGCity®Go prepared</li>
<li>Integrated sun visor</li>
<li>Easy and quick visor change</li>
<li>Quick release visor mechanism for fine adjustment of the visor</li>
<li>Visor and head ventilation</li>
<li>Anti-rain profile</li>
<li>Double anti-turbulence neck guard</li>
<li>Removable nose spoiler</li>
<li>Removable wind stopper</li>
<li>Removable and washable hypoallergenic lining</li>
<li>Micrometric buckle closure</li>
<li>High quality multi-layer paint with UV protection</li>
<li>Prepared for Bluetooth communication systems</li>
<li>Suitable for spectacle wearers</li>
<b>Specifications:</b><br>

<b>Material:</b><br>

<li>Thermoplastic (ABS)</li>
<li>Lining: 100% Polyester</li>
<li>Closure: Micro ratchet closure</li>
<li>ECE 22.05</li>
<li>Two shell sizes: Small helmet shell (XS-M), Large helmet shell (L-2XL)</li>
<li>Weight: Small helmet shell: 1.500g (+/-50g), Large helmet shell: 1.550g (+/-50g)</li>
<b>Contents:</b><br>

<li>1X Caberg Avalon Forge Helmet</li>","The new full-face helmet Avalon from Caberg stands for its sporty and inspiring design. Due to the hypoallergenic and breathable lining, the helmet offers a high wearing comfort. The Avalon is the ideal helmet for everyday use, but also suitable for long and more demanding routes.

Features:

• Scratch resistant visor

• FoGCity®Go prepared

• Integrated sun visor

• Easy and quick visor change

• Quick release visor mechanism for fine adjustment of the visor

• Visor and head ventilation

• Anti-rain profile

• Double anti-turbulence neck guard

• Removable nose spoiler

• Removable wind stopper

• Removable and washable hypoallergenic lining

• Micrometric buckle closure

• High quality multi-layer paint with UV protection

• Prepared for Bluetooth communication systems

• Suitable for spectacle wearers

Specifications:

Material:

• Thermoplastic (ABS)

• Lining: 100% Polyester

• Closure: Micro ratchet closure

• ECE 22.05

• Two shell sizes: Small helmet shell (XS-M), Large helmet shell (L-2XL)

• Weight: Small helmet shell: 1.500g (+/-50g), Large helmet shell: 1.550g (+/-50g)

Contents:

• 1X Caberg Avalon Forge Helmet",27500,,2026-07-26,active,Caberg,5000,g,Buy Caberg Avalon Forge Helmet | Mile 27 Store,"The new full-face helmet Avalon from Caberg stands for its sporty and inspiring design. Due to the hypoallergenic and breathable lining, the helmet offers…",Scratch resistant visor | FoGCity®Go prepared | Integrated sun visor | Easy and quick visor change,Cleaned noise; brand verified,High,false,Helmets,High,"Mapped from Shopify Type ""Helmets""",caberg-avalon-forge-helmet-1|Size:XS:Colour:White/Orange|price:27500.00|compare:|weight:5000|barcode:|qty:0 | caberg-avalon-forge-helmet-2|Size:XS:Colour:Black/Pink|price:27500.00|compare:|weight:5000|barcode:|qty:0 | caberg-avalon-forge-helmet-3|Size:XS:Colour:Blue/Green|price:27500.00|compare:|weight:5000|barcode:|qty:0 | caberg-avalon-forge-helmet-4|Size:S:Colour:White/Orange|price:27500.00|compare:|weight:5000|barcode:|qty:0 | caberg-avalon-forge-helmet-5|Size:S:Colour:Black/Pink|price:27500.00|compare:|weight:5000|barcode:|qty:0 | caberg-avalon-forge-helmet-6|Size:S:Colour:Blue/Green|price:27500.00|compare:|weight:5000|barcode:|qty:0 | caberg-avalon-forge-helmet-7|Size:M:Colour:White/Orange|price:27500.00|compare:|weight:5000|barcode:|qty:0 | caberg-avalon-forge-helmet-8|Size:M:Colour:Black/Pink|price:27500.00|compare:|weight:5000|barcode:|qty:0 | caberg-avalon-forge-helmet-9|Size:M:Colour:Blue/Green|price:27500.00|compare:|weight:5000|barcode:|qty:0 | caberg-avalon-forge-helmet-10|Size:L:Colour:White/Orange|price:27500.00|compare:|weight:5000|barcode:|qty:0 | caberg-avalon-forge-helmet-11|Size:L:Colour:Black/Pink|price:27500.00|compare:|weight:5000|barcode:|qty:0 | caberg-avalon-forge-helmet-12|Size:L:Colour:Blue/Green|price:27500.00|compare:|weight:5000|barcode:|qty:0 | caberg-avalon-forge-helmet-13|Size:XL:Colour:White/Orange|price:27500.00|compare:|weight:5000|barcode:|qty:0 | caberg-avalon-forge-helmet-14|Size:XL:Colour:Black/Pink|price:27500.00|compare:|weight:5000|barcode:|qty:0 | caberg-avalon-forge-helmet-15|Size:XL:Colour:Blue/Green|price:27500.00|compare:|weight:5000|barcode:|qty:0 | caberg-avalon-forge-helmet-16|Size:XXL:Colour:White/Orange|price:27500.00|compare:|weight:5000|barcode:|qty:0 | caberg-avalon-forge-helmet-17|Size:XXL:Colour:Black/Pink|price:27500.00|compare:|weight:5000|barcode:|qty:0 | caberg-avalon-forge-helmet-18|Size:XXL:Colour:Blue/Green|price:27500.00|compare:|weight:5000|barcode:|qty:0,"caberg-avalon-forge-helmet-1,caberg-avalon-forge-helmet-2,caberg-avalon-forge-helmet-3,caberg-avalon-forge-helmet-4,caberg-avalon-forge-helmet-5,caberg-avalon-forge-helmet-6,caberg-avalon-forge-helmet-7,caberg-avalon-forge-helmet-8,caberg-avalon-forge-helmet-9,caberg-avalon-forge-helmet-10,caberg-avalon-forge-helmet-11,caberg-avalon-forge-helmet-12,caberg-avalon-forge-helmet-13,caberg-avalon-forge-helmet-14,caberg-avalon-forge-helmet-15,caberg-avalon-forge-helmet-16,caberg-avalon-forge-helmet-17,caberg-avalon-forge-helmet-18",18,https://cdn.shopify.com/s/files/1/0076/8301/4754/products/Avalon-Forge-Matt-White-Orange-Fluo-Anthracite-Silver-3-4.jpg?v=1661169730|pos:1|alt:Caberg Caberg Avalon Forge Helmet – front view || https://cdn.shopify.com/s/files/1/0076/8301/4754/products/Avalon-Forge-Matt-White-Orange-Fluo-Anthracite-Silver-rear.jpg?v=1661169729|pos:2|alt:Caberg Caberg Avalon Forge Helmet – side view || https://cdn.shopify.com/s/files/1/0076/8301/4754/products/Avalon-Forge-Matt-Black-Pink-Anthracite-Gold-3-4.jpg?v=1661169729|pos:3|alt:Caberg Caberg Avalon Forge Helmet – rear view || https://cdn.shopify.com/s/files/1/0076/8301/4754/products/Avalon-Forge-Matt-Black-Pink-Anthracite-Gold-rear.jpg?v=1661169730|pos:4|alt:Caberg Caberg Avalon Forge Helmet – detail view || https://cdn.shopify.com/s/files/1/0076/8301/4754/products/Avalon-Forge-Matt-Blue-Yama-White-Yellow-Fluo-Silver-3-4.jpg?v=1661169729|pos:5|alt:Caberg Caberg Avalon Forge Helmet – top view || https://cdn.shopify.com/s/files/1/0076/8301/4754/products/Avalon-Forge-Matt-Blue-Yama-White-Yellow-Fluo-Silver-rear.jpg?v=1661169729|pos:6|alt:Caberg Caberg Avalon Forge Helmet – product view,6,Caberg Caberg Avalon Forge Helmet – front view | Caberg Caberg Avalon Forge Helmet – side view | Caberg Caberg Avalon Forge Helmet – rear view | Caberg Caberg Avalon Forge Helmet – detail view | Caberg Caberg Avalon Forge Helmet – top view | Caberg Caberg Avalon Forge Helmet – product view,,0,Caberg Avalon Forge Helmet,Caberg Avalon Forge Helmet. The new full-face helmet Avalon from Caberg stands for its sporty and inspiring design.,,,Scratch resistant visor. FoGCity®Go prepared. Integrated sun visor. Easy and quick visor change.,,Available in multiple sizes. Check the size guide before ordering.,Caberg Avalon Forge Helmet — a helmet built to the specifications listed above.,true,draft,https://cdn.shopify.com/s/files/1/0076/8301/4754/products/Avalon-Forge-Matt-White-Orange-Fluo-Anthracite-Silver-3-4.jpg?v=1661169730|role:hero || https://cdn.shopify.com/s/files/1/0076/8301/4754/products/Avalon-Forge-Matt-White-Orange-Fluo-Anthracite-Silver-rear.jpg?v=1661169729|role:construction detail || https://cdn.shopify.com/s/files/1/0076/8301/4754/products/Avalon-Forge-Matt-Black-Pink-Anthracite-Gold-3-4.jpg?v=1661169729|role:side profile,3,false,/products/caberg-avalon-forge-helmet,/products/caberg-avalon-forge-helmet
caberg-avalon-blast-helmet,caberg-avalon-blast-helmet,Caberg Avalon Blast Helmet,Caberg Avalon Blast Helmet,caberg-avalon-blast-helmet,"The new full-face helmet Avalon from Caberg stands for its sporty and inspiring design. Due to the hypoallergenic and breathable lining, the helmet offers a… • Scratch resistant visor. • FoGCity®Go prepared. • Integrated sun visor. • Easy and quick visor change. Available in multiple sizes and/or colours — select your variant.","The new full-face helmet Avalon from Caberg stands for its sporty and inspiring design. Due to the hypoallergenic and breathable lining, the helmet offers a high wearing comfort. The Avalon is the ideal helmet for everyday use, but also suitable for long and more demanding routes.<br><br>

<b>Features:</b><br>

<li>Scratch resistant visor</li>
<li>FoGCity®Go prepared</li>
<li>Integrated sun visor</li>
<li>Easy and quick visor change</li>
<li>Quick release visor mechanism for fine adjustment of the visor</li>
<li>Visor and head ventilation</li>
<li>Anti-rain profile</li>
<li>Double anti-turbulence neck guard</li>
<li>Removable nose spoiler</li>
<li>Removable wind stopper</li>
<li>Removable and washable hypoallergenic lining</li>
<li>Micrometric buckle closure</li>
<li>High quality multi-layer paint with UV protection</li>
<li>Prepared for Bluetooth communication systems</li>
<li>Suitable for spectacle wearers</li>
<li>ECE 22.05</li><br>
<b>Specifications:</b><br>

<b>Two shell sizes:</b>

<li>Small helmet shell (XS-M)</li>
<li>Large helmet shell (L-2XL)</li><br>
<b>Material:</b><br>

<li>Thermoplastic (ABS)</li>
<li>Lining: 100% Polyester</li><br>
<b>Weight:</b><br>

<li>Small helmet shell: 1.500g (+/-50g)</li>
<li>Large helmet shell: 1.550g (+/-50g)</li><br>
<b>Sizes:</b><br>

<li>XS (53-54)</li>
<li>S (55-56)</li>
<li>M (57-58)</li>
<li>L (59-60)</li>
<li>XL (61-62)</li>
<li>2XL (63-64)</li><br>
<b>Contents:</b><br>

<li>1X Caberg Avalon Helmet</li>","The new full-face helmet Avalon from Caberg stands for its sporty and inspiring design. Due to the hypoallergenic and breathable lining, the helmet offers a high wearing comfort. The Avalon is the ideal helmet for everyday use, but also suitable for long and more demanding routes.

Features:

• Scratch resistant visor

• FoGCity®Go prepared

• Integrated sun visor

• Easy and quick visor change

• Quick release visor mechanism for fine adjustment of the visor

• Visor and head ventilation

• Anti-rain profile

• Double anti-turbulence neck guard

• Removable nose spoiler

• Removable wind stopper

• Removable and washable hypoallergenic lining

• Micrometric buckle closure

• High quality multi-layer paint with UV protection

• Prepared for Bluetooth communication systems

• Suitable for spectacle wearers

• ECE 22.05

Specifications:

Two shell sizes:

• Small helmet shell (XS-M)

• Large helmet shell (L-2XL)

Material:

• Thermoplastic (ABS)

• Lining: 100% Polyester

Weight:

• Small helmet shell: 1.500g (+/-50g)

• Large helmet shell: 1.550g (+/-50g)

Sizes:

• XS (53-54)

• S (55-56)

• M (57-58)

• L (59-60)

• XL (61-62)

• 2XL (63-64)

Contents:

• 1X Caberg Avalon Helmet",27500,,2026-07-26,active,Caberg,5000,g,Buy Caberg Avalon Blast Helmet | Mile 27 Store,"The new full-face helmet Avalon from Caberg stands for its sporty and inspiring design. Due to the hypoallergenic and breathable lining, the helmet offers…",Scratch resistant visor | FoGCity®Go prepared | Integrated sun visor | Easy and quick visor change,Cleaned noise; brand verified,High,false,Helmets,High,"Mapped from Shopify Type ""Helmets""",caberg-avalon-blast-helmet-1|Size:XS:Colour:Gray/Black|price:27500.00|compare:|weight:5000|barcode:|qty:0 | caberg-avalon-blast-helmet-2|Size:XS:Colour:Black Matt/Red|price:27500.00|compare:|weight:5000|barcode:|qty:0 | caberg-avalon-blast-helmet-3|Size:XS:Colour:Black Matt/Yellow|price:27500.00|compare:|weight:5000|barcode:|qty:0 | caberg-avalon-blast-helmet-4|Size:S:Colour:Gray/Black|price:27500.00|compare:|weight:5000|barcode:|qty:0 | caberg-avalon-blast-helmet-5|Size:S:Colour:Black Matt/Red|price:27500.00|compare:|weight:5000|barcode:|qty:0 | caberg-avalon-blast-helmet-6|Size:S:Colour:Black Matt/Yellow|price:27500.00|compare:|weight:5000|barcode:|qty:0 | caberg-avalon-blast-helmet-7|Size:M:Colour:Gray/Black|price:27500.00|compare:|weight:5000|barcode:|qty:0 | caberg-avalon-blast-helmet-8|Size:M:Colour:Black Matt/Red|price:27500.00|compare:|weight:5000|barcode:|qty:0 | caberg-avalon-blast-helmet-9|Size:M:Colour:Black Matt/Yellow|price:27500.00|compare:|weight:5000|barcode:|qty:0 | caberg-avalon-blast-helmet-10|Size:L:Colour:Gray/Black|price:27500.00|compare:|weight:5000|barcode:|qty:0 | caberg-avalon-blast-helmet-11|Size:L:Colour:Black Matt/Red|price:27500.00|compare:|weight:5000|barcode:|qty:0 | caberg-avalon-blast-helmet-12|Size:L:Colour:Black Matt/Yellow|price:27500.00|compare:|weight:5000|barcode:|qty:0 | caberg-avalon-blast-helmet-13|Size:XL:Colour:Gray/Black|price:27500.00|compare:|weight:5000|barcode:|qty:0 | caberg-avalon-blast-helmet-14|Size:XL:Colour:Black Matt/Red|price:27500.00|compare:|weight:5000|barcode:|qty:0 | caberg-avalon-blast-helmet-15|Size:XL:Colour:Black Matt/Yellow|price:27500.00|compare:|weight:5000|barcode:|qty:0 | caberg-avalon-blast-helmet-16|Size:XXL:Colour:Gray/Black|price:27500.00|compare:|weight:5000|barcode:|qty:0 | caberg-avalon-blast-helmet-17|Size:XXL:Colour:Black Matt/Red|price:27500.00|compare:|weight:5000|barcode:|qty:0 | caberg-avalon-blast-helmet-18|Size:XXL:Colour:Black Matt/Yellow|price:27500.00|compare:|weight:5000|barcode:|qty:0,"caberg-avalon-blast-helmet-1,caberg-avalon-blast-helmet-2,caberg-avalon-blast-helmet-3,caberg-avalon-blast-helmet-4,caberg-avalon-blast-helmet-5,caberg-avalon-blast-helmet-6,caberg-avalon-blast-helmet-7,caberg-avalon-blast-helmet-8,caberg-avalon-blast-helmet-9,caberg-avalon-blast-helmet-10,caberg-avalon-blast-helmet-11,caberg-avalon-blast-helmet-12,caberg-avalon-blast-helmet-13,caberg-avalon-blast-helmet-14,caberg-avalon-blast-helmet-15,caberg-avalon-blast-helmet-16,caberg-avalon-blast-helmet-17,caberg-avalon-blast-helmet-18",18,https://cdn.shopify.com/s/files/1/0076/8301/4754/products/Avalon-Blast-Matt-Grey-Black-3-4.jpg?v=1661169233|pos:1|alt:Caberg Caberg Avalon Blast Helmet – front view || https://cdn.shopify.com/s/files/1/0076/8301/4754/products/Avalon-Blast-Matt-Grey-Black-rear.jpg?v=1661169233|pos:2|alt:Caberg Caberg Avalon Blast Helmet – side view || https://cdn.shopify.com/s/files/1/0076/8301/4754/products/Avalon-Blast-Matt-Black-White-Red-Fluo-3-4.jpg?v=1661169235|pos:3|alt:Caberg Caberg Avalon Blast Helmet – rear view || https://cdn.shopify.com/s/files/1/0076/8301/4754/products/Avalon-Blast-Matt-Black-White-Red-Fluo_rear.jpg?v=1661169258|pos:4|alt:Caberg Caberg Avalon Blast Helmet – detail view || https://cdn.shopify.com/s/files/1/0076/8301/4754/products/Avalon-Blast-Matt-Black-White-Yellow-Fluo-3-4.jpg?v=1661169233|pos:5|alt:Caberg Caberg Avalon Blast Helmet – top view || https://cdn.shopify.com/s/files/1/0076/8301/4754/products/Avalon-Blast-Matt-Black-White-Yellow-Fluo-rear.jpg?v=1661169233|pos:6|alt:Caberg Caberg Avalon Blast Helmet – product view,6,Caberg Caberg Avalon Blast Helmet – front view | Caberg Caberg Avalon Blast Helmet – side view | Caberg Caberg Avalon Blast Helmet – rear view | Caberg Caberg Avalon Blast Helmet – detail view | Caberg Caberg Avalon Blast Helmet – top view | Caberg Caberg Avalon Blast Helmet – product view,,0,Caberg Avalon Blast Helmet,Caberg Avalon Blast Helmet. The new full-face helmet Avalon from Caberg stands for its sporty and inspiring design.,,,Scratch resistant visor. FoGCity®Go prepared. Integrated sun visor. Easy and quick visor change.,,Available in multiple sizes. Check the size guide before ordering.,Caberg Avalon Blast Helmet — a helmet built to the specifications listed above.,true,draft,https://cdn.shopify.com/s/files/1/0076/8301/4754/products/Avalon-Blast-Matt-Grey-Black-3-4.jpg?v=1661169233|role:hero || https://cdn.shopify.com/s/files/1/0076/8301/4754/products/Avalon-Blast-Matt-Grey-Black-rear.jpg?v=1661169233|role:construction detail || https://cdn.shopify.com/s/files/1/0076/8301/4754/products/Avalon-Blast-Matt-Black-White-Red-Fluo-3-4.jpg?v=1661169235|role:side profile,3,false,/products/caberg-avalon-blast-helmet,/products/caberg-avalon-blast-helmet
caberg-avalon-helmet,caberg-avalon-helmet,Caberg Avalon Helmet,Caberg Avalon Helmet,caberg-avalon-helmet,"The new full-face helmet Avalon from Caberg stands for its sporty and inspiring design. Due to the hypoallergenic and breathable lining, the helmet offers a… • Scratch resistant visor. • FoGCity®Go prepared. • Integrated sun visor. • Easy and quick visor change. Available in multiple sizes and/or colours — select your variant.","The new full-face helmet Avalon from Caberg stands for its sporty and inspiring design. Due to the hypoallergenic and breathable lining, the helmet offers a high wearing comfort. The Avalon is the ideal helmet for everyday use, but also suitable for long and more demanding routes.<br><br>

<b>Features:</b><br>

<li>Scratch resistant visor</li>
<li>FoGCity®Go prepared</li>
<li>Integrated sun visor</li>
<li>Easy and quick visor change</li>
<li>Quick release visor mechanism for fine adjustment of the visor</li>
<li>Visor and head ventilation</li>
<li>Anti-rain profile</li>
<li>Double anti-turbulence neck guard</li>
<li>Removable nose spoiler</li>
<li>Removable wind stopper</li>
<li>Removable and washable hypoallergenic lining</li>
<li>Micrometric buckle closure</li>
<li>High quality multi-layer paint with UV protection</li>
<li>Prepared for Bluetooth communication systems</li>
<li>Suitable for spectacle wearers</li>
<li>ECE 22.05</li><br>
<b>Specifications:</b><br>

<b>Two shell sizes:</b>

<li>Small helmet shell (XS-M)</li>
<li>Large helmet shell (L-2XL)</li><br>
<b>Material:</b><br>

<li>Thermoplastic (ABS)</li>
<li>Lining: 100% Polyester</li><br>
<b>Weight:</b><br>

<li>Small helmet shell: 1.500g (+/-50g)</li>
<li>Large helmet shell: 1.550g (+/-50g)</li><br>
<b>Sizes:</b><br>

<li>XS (53-54)</li>
<li>S (55-56)</li>
<li>M (57-58)</li>
<li>L (59-60)</li>
<li>XL (61-62)</li>
<li>2XL (63-64)</li><br>
<b>Contents:</b><br>

<li>1X Caberg Avalon Helmet</li>","The new full-face helmet Avalon from Caberg stands for its sporty and inspiring design. Due to the hypoallergenic and breathable lining, the helmet offers a high wearing comfort. The Avalon is the ideal helmet for everyday use, but also suitable for long and more demanding routes.

Features:

• Scratch resistant visor

• FoGCity®Go prepared

• Integrated sun visor

• Easy and quick visor change

• Quick release visor mechanism for fine adjustment of the visor

• Visor and head ventilation

• Anti-rain profile

• Double anti-turbulence neck guard

• Removable nose spoiler

• Removable wind stopper

• Removable and washable hypoallergenic lining

• Micrometric buckle closure

• High quality multi-layer paint with UV protection

• Prepared for Bluetooth communication systems

• Suitable for spectacle wearers

• ECE 22.05

Specifications:

Two shell sizes:

• Small helmet shell (XS-M)

• Large helmet shell (L-2XL)

Material:

• Thermoplastic (ABS)

• Lining: 100% Polyester

Weight:

• Small helmet shell: 1.500g (+/-50g)

• Large helmet shell: 1.550g (+/-50g)

Sizes:

• XS (53-54)

• S (55-56)

• M (57-58)

• L (59-60)

• XL (61-62)

• 2XL (63-64)

Contents:

• 1X Caberg Avalon Helmet",23500,,2026-07-26,active,Caberg,5000,g,Buy Caberg Avalon Helmet | Mile 27 Store,"The new full-face helmet Avalon from Caberg stands for its sporty and inspiring design. Due to the hypoallergenic and breathable lining, the helmet offers…",Scratch resistant visor | FoGCity®Go prepared | Integrated sun visor | Easy and quick visor change,Cleaned noise; brand verified,High,false,Helmets,High,"Mapped from Shopify Type ""Helmets""",caberg-avalon-helmet-1|Size:XS:Colour:Black Matt|price:23500.00|compare:|weight:5000|barcode:|qty:0 | caberg-avalon-helmet-2|Size:XS:Colour:White Metallic|price:23500.00|compare:|weight:5000|barcode:|qty:0 | caberg-avalon-helmet-3|Size:S:Colour:Black Matt|price:23500.00|compare:|weight:5000|barcode:|qty:0 | caberg-avalon-helmet-4|Size:S:Colour:White Metallic|price:23500.00|compare:|weight:5000|barcode:|qty:0 | caberg-avalon-helmet-5|Size:M:Colour:Black Matt|price:23500.00|compare:|weight:5000|barcode:|qty:0 | caberg-avalon-helmet-6|Size:M:Colour:White Metallic|price:23500.00|compare:|weight:5000|barcode:|qty:0 | caberg-avalon-helmet-7|Size:L:Colour:Black Matt|price:23500.00|compare:|weight:5000|barcode:|qty:0 | caberg-avalon-helmet-8|Size:L:Colour:White Metallic|price:23500.00|compare:|weight:5000|barcode:|qty:0 | caberg-avalon-helmet-9|Size:XL:Colour:Black Matt|price:23500.00|compare:|weight:5000|barcode:|qty:0 | caberg-avalon-helmet-10|Size:XL:Colour:White Metallic|price:23500.00|compare:|weight:5000|barcode:|qty:0 | caberg-avalon-helmet-11|Size:XXL:Colour:Black Matt|price:23500.00|compare:|weight:5000|barcode:|qty:0 | caberg-avalon-helmet-12|Size:XXL:Colour:White Metallic|price:23500.00|compare:|weight:5000|barcode:|qty:0,"caberg-avalon-helmet-1,caberg-avalon-helmet-2,caberg-avalon-helmet-3,caberg-avalon-helmet-4,caberg-avalon-helmet-5,caberg-avalon-helmet-6,caberg-avalon-helmet-7,caberg-avalon-helmet-8,caberg-avalon-helmet-9,caberg-avalon-helmet-10,caberg-avalon-helmet-11,caberg-avalon-helmet-12",12,https://cdn.shopify.com/s/files/1/0076/8301/4754/products/Avalon-Matt-Black-3-4.jpg?v=1661166406|pos:1|alt:Caberg Caberg Avalon Helmet – front view || https://cdn.shopify.com/s/files/1/0076/8301/4754/products/Avalon-Matt-Black-rear.jpg?v=1661166406|pos:2|alt:Caberg Caberg Avalon Helmet – side view || https://cdn.shopify.com/s/files/1/0076/8301/4754/products/Avalon-White-3-4.jpg?v=1661166405|pos:3|alt:Caberg Caberg Avalon Helmet – rear view || https://cdn.shopify.com/s/files/1/0076/8301/4754/products/Avalon-White-rear.jpg?v=1661166405|pos:4|alt:Caberg Caberg Avalon Helmet – detail view,4,Caberg Caberg Avalon Helmet – front view | Caberg Caberg Avalon Helmet – side view | Caberg Caberg Avalon Helmet – rear view | Caberg Caberg Avalon Helmet – detail view,,0,Caberg Avalon Helmet,Caberg Avalon Helmet. The new full-face helmet Avalon from Caberg stands for its sporty and inspiring design.,,,Scratch resistant visor. FoGCity®Go prepared. Integrated sun visor. Easy and quick visor change.,,Available in multiple sizes. Check the size guide before ordering.,Caberg Avalon Helmet — a helmet built to the specifications listed above.,true,draft,https://cdn.shopify.com/s/files/1/0076/8301/4754/products/Avalon-Matt-Black-3-4.jpg?v=1661166406|role:hero || https://cdn.shopify.com/s/files/1/0076/8301/4754/products/Avalon-Matt-Black-rear.jpg?v=1661166406|role:construction detail || https://cdn.shopify.com/s/files/1/0076/8301/4754/products/Avalon-White-3-4.jpg?v=1661166405|role:side profile,3,false,/products/caberg-avalon-helmet,/products/caberg-avalon-helmet
caberg-drift-evo-helmet,caberg-drift-evo-helmet,Caberg Drift Evo Helmet,Caberg Drift Evo Helmet,caberg-drift-evo-helmet,"Drift Evo joins the well-known Caberg Drift models, raising the standards even more to satisfy the most demanding riders. This helmet is the result of… • Tricomposite shell: Fiber glass - aramide - carbon. • two shell sizes: XS-M and L-2XL. • Scratch-resistant visor including Pinlock®. • integrated sun visor. Available in multiple sizes and/or colours — select your variant.","Drift Evo joins the well-known Caberg Drift models, raising the standards even more to satisfy the most demanding riders. This helmet is the result of the experience gained by the company’s racing department and the riders who wear the DRIFT EVO in many championships.<br><br>

<b>Features:</b><br>
<li>Tricomposite shell: Fiber glass - aramide - carbon</li>
<li>two shell sizes: XS-M and L-2XL</li>
<li>Scratch-resistant visor including Pinlock®</li>
<li>integrated sun visor</li>
<li>easy and quick change of visor</li>
<li>Quick release visor mechanism for fine adjustment of the visor</li>
<li>Visor and head ventilation</li>
<li>Anti rain profile</li>
<li>Wind tunnel tested aerodynamics</li>
<li>double anti-turbulent neck protection</li>
<li>removable windstopper</li>
<li>removable and washable interior</li>
<li>Double D-ring helmet closure</li>
<li>high-quality multi-layer coating with UV protection</li>
<li>prepared for Bluetooth communication set</li>
<li>ECE 22.05</li>
<li>1.350g (+/- 50g)</li>","Drift Evo joins the well-known Caberg Drift models, raising the standards even more to satisfy the most demanding riders. This helmet is the result of the experience gained by the company’s racing department and the riders who wear the DRIFT EVO in many championships.

Features:

• Tricomposite shell: Fiber glass - aramide - carbon

• two shell sizes: XS-M and L-2XL

• Scratch-resistant visor including Pinlock®

• integrated sun visor

• easy and quick change of visor

• Quick release visor mechanism for fine adjustment of the visor

• Visor and head ventilation

• Anti rain profile

• Wind tunnel tested aerodynamics

• double anti-turbulent neck protection

• removable windstopper

• removable and washable interior

• Double D-ring helmet closure

• high-quality multi-layer coating with UV protection

• prepared for Bluetooth communication set

• ECE 22.05

• 1.350g (+/- 50g)",44000,,2026-07-26,active,Caberg,5000,g,Buy Caberg Drift Evo Helmet | Mile 27 Store,"Drift Evo joins the well-known Caberg Drift models, raising the standards even more to satisfy the most demanding riders. This helmet is the result of……",Tricomposite shell: Fiber glass - aramide - carbon | two shell sizes: XS-M and L-2XL | Scratch-resistant visor including Pinlock® | integrated sun visor,Cleaned noise; brand verified,High,false,Helmets,High,"Mapped from Shopify Type ""Helmets""",caberg-drift-evo-helmet-1|Size:XS:Colour:White|price:44000.00|compare:|weight:5000|barcode:|qty:0 | caberg-drift-evo-helmet-2|Size:XS:Colour:Black Matt|price:44000.00|compare:|weight:5000|barcode:|qty:0 | caberg-drift-evo-helmet-3|Size:S:Colour:White|price:44000.00|compare:|weight:5000|barcode:|qty:0 | caberg-drift-evo-helmet-4|Size:S:Colour:Black Matt|price:44000.00|compare:|weight:5000|barcode:|qty:0 | caberg-drift-evo-helmet-5|Size:M:Colour:White|price:44000.00|compare:|weight:5000|barcode:|qty:0 | caberg-drift-evo-helmet-6|Size:M:Colour:Black Matt|price:44000.00|compare:|weight:5000|barcode:|qty:0 | caberg-drift-evo-helmet-7|Size:L:Colour:White|price:44000.00|compare:|weight:5000|barcode:|qty:0 | caberg-drift-evo-helmet-8|Size:L:Colour:Black Matt|price:44000.00|compare:|weight:5000|barcode:|qty:0 | caberg-drift-evo-helmet-9|Size:XL:Colour:White|price:44000.00|compare:|weight:5000|barcode:|qty:0 | caberg-drift-evo-helmet-10|Size:XL:Colour:Black Matt|price:44000.00|compare:|weight:5000|barcode:|qty:0 | caberg-drift-evo-helmet-11|Size:XXL:Colour:White|price:44000.00|compare:|weight:5000|barcode:|qty:0 | caberg-drift-evo-helmet-12|Size:XXL:Colour:Black Matt|price:44000.00|compare:|weight:5000|barcode:|qty:0,"caberg-drift-evo-helmet-1,caberg-drift-evo-helmet-2,caberg-drift-evo-helmet-3,caberg-drift-evo-helmet-4,caberg-drift-evo-helmet-5,caberg-drift-evo-helmet-6,caberg-drift-evo-helmet-7,caberg-drift-evo-helmet-8,caberg-drift-evo-helmet-9,caberg-drift-evo-helmet-10,caberg-drift-evo-helmet-11,caberg-drift-evo-helmet-12",12,https://cdn.shopify.com/s/files/1/0076/8301/4754/products/30130001.jpg?v=1654678439|pos:1|alt:Caberg Caberg Drift Evo Helmet – front view || https://cdn.shopify.com/s/files/1/0076/8301/4754/products/30130001_1.jpg?v=1654678439|pos:2|alt:Caberg Caberg Drift Evo Helmet – side view || https://cdn.shopify.com/s/files/1/0076/8301/4754/products/30130001_2.jpg?v=1654678439|pos:3|alt:Caberg Caberg Drift Evo Helmet – rear view || https://cdn.shopify.com/s/files/1/0076/8301/4754/products/30130017.jpg?v=1654678439|pos:4|alt:Caberg Caberg Drift Evo Helmet – detail view,4,Caberg Caberg Drift Evo Helmet – front view | Caberg Caberg Drift Evo Helmet – side view | Caberg Caberg Drift Evo Helmet – rear view | Caberg Caberg Drift Evo Helmet – detail view,,0,Caberg Drift Evo Helmet,"Caberg Drift Evo Helmet. Drift Evo joins the well-known Caberg Drift models, raising the standards even more to satisfy the most demanding riders.",Tricomposite shell: Fiber glass - aramide - carbon. two shell sizes: XS-M and L-2XL.,,Scratch-resistant visor including Pinlock®. integrated sun visor.,,Available in multiple sizes. Check the size guide before ordering.,Caberg Drift Evo Helmet — a helmet built to the specifications listed above.,true,draft,https://cdn.shopify.com/s/files/1/0076/8301/4754/products/30130001.jpg?v=1654678439|role:hero || https://cdn.shopify.com/s/files/1/0076/8301/4754/products/30130001_1.jpg?v=1654678439|role:construction detail || https://cdn.shopify.com/s/files/1/0076/8301/4754/products/30130001_2.jpg?v=1654678439|role:side profile,3,false,/products/caberg-drift-evo-helmet,/products/caberg-drift-evo-helmet
caberg-drift-evo-lb29-helmet,caberg-drift-evo-lb29-helmet,Caberg Drift Evo LB29 Helmet,Caberg Drift Evo LB29 Helmet,caberg-drift-evo-lb29-helmet,The full-face helmet Drift Evo Storm from Caberg offers an even sportier and more aggressive design than the well-known full-face helmet Drift. Due to a… • Integrated sun visor. • Easy and quick visor change. • Quick release visor mechanism for fine adjustment of the visor. • Visor and head ventilation. Available in multiple sizes and/or colours — select your variant.,"The full-face helmet Drift Evo Storm from Caberg offers an even sportier and more aggressive design than the well-known full-face helmet Drift. Due to a completely redesigned inner lining, the Drift Evo has a good fit and comfort. The rear spoiler increases aerodynamics at higher speeds and reduces turbulence.<br><br>

<b>Features:</b><br>

<li>Integrated sun visor</li>
<li>Easy and quick visor change</li>
<li>Quick release visor mechanism for fine adjustment of the visor</li>
<li>Visor and head ventilation</li>
<li>Anti-rain profile</li>
<li>Wind tunnel tested aerodynamics</li>
<li>Double anti-turbulence neck guard</li>
<li>Removable wind stopper</li>
<li>Removable and washable inner lining</li>
<li>High quality multilayer coating with UV protection</li>
<li>Prepared for Bluetooth communication set</li><br>
<b>Specifications:</b><br>

<li>Fiberglass</li>
<li>Lining: 100% polyester</li>
<li>Closure: Double-D</li>
<li>ECE 22.05</li>
<li>Weight: small helmet shell (XS-M): 1340g (+/-50g); large helmet shell (L-2XL): 1400g (+/-50g)</li><br>
<b>Contents:</b><br>

<li>1x Caberg Drift Evo LB29 helmet</li>
<li>1x Pinlock lens</li>","The full-face helmet Drift Evo Storm from Caberg offers an even sportier and more aggressive design than the well-known full-face helmet Drift. Due to a completely redesigned inner lining, the Drift Evo has a good fit and comfort. The rear spoiler increases aerodynamics at higher speeds and reduces turbulence.

Features:

• Integrated sun visor

• Easy and quick visor change

• Quick release visor mechanism for fine adjustment of the visor

• Visor and head ventilation

• Anti-rain profile

• Wind tunnel tested aerodynamics

• Double anti-turbulence neck guard

• Removable wind stopper

• Removable and washable inner lining

• High quality multilayer coating with UV protection

• Prepared for Bluetooth communication set

Specifications:

• Fiberglass

• Lining: 100% polyester

• Closure: Double-D

• ECE 22.05

• Weight: small helmet shell (XS-M): 1340g (+/-50g); large helmet shell (L-2XL): 1400g (+/-50g)

Contents:

• 1x Caberg Drift Evo LB29 helmet

• 1x Pinlock lens",49000,,2026-07-26,active,Caberg,5000,g,Buy Caberg Drift Evo LB29 Helmet | Mile 27 Store,The full-face helmet Drift Evo Storm from Caberg offers an even sportier and more aggressive design than the well-known full-face helmet Drift. Due to a……,Integrated sun visor | Easy and quick visor change | Quick release visor mechanism for fine adjustment of the visor | Visor and head ventilation,Cleaned noise; brand verified,High,false,Helmets,High,"Mapped from Shopify Type ""Helmets""",caberg-drift-evo-lb29-helmet-1|Size:XS:Colour:Black/Grey/Red|price:49000.00|compare:|weight:5000|barcode:|qty:0 | caberg-drift-evo-lb29-helmet-2|Size:XS:Colour:Blue/Green|price:49000.00|compare:|weight:5000|barcode:|qty:0 | caberg-drift-evo-lb29-helmet-3|Size:S:Colour:Black/Grey/Red|price:49000.00|compare:|weight:5000|barcode:|qty:0 | caberg-drift-evo-lb29-helmet-4|Size:S:Colour:Blue/Green|price:49000.00|compare:|weight:5000|barcode:|qty:0 | caberg-drift-evo-lb29-helmet-5|Size:M:Colour:Black/Grey/Red|price:49000.00|compare:|weight:5000|barcode:|qty:0 | caberg-drift-evo-lb29-helmet-6|Size:M:Colour:Blue/Green|price:49000.00|compare:|weight:5000|barcode:|qty:0 | caberg-drift-evo-lb29-helmet-7|Size:L:Colour:Black/Grey/Red|price:49000.00|compare:|weight:5000|barcode:|qty:0 | caberg-drift-evo-lb29-helmet-8|Size:L:Colour:Blue/Green|price:49000.00|compare:|weight:5000|barcode:|qty:0 | caberg-drift-evo-lb29-helmet-9|Size:XL:Colour:Black/Grey/Red|price:49000.00|compare:|weight:5000|barcode:|qty:0 | caberg-drift-evo-lb29-helmet-10|Size:XL:Colour:Blue/Green|price:49000.00|compare:|weight:5000|barcode:|qty:0 | caberg-drift-evo-lb29-helmet-11|Size:XXL:Colour:Black/Grey/Red|price:49000.00|compare:|weight:5000|barcode:|qty:0 | caberg-drift-evo-lb29-helmet-12|Size:XXL:Colour:Blue/Green|price:49000.00|compare:|weight:5000|barcode:|qty:0,"caberg-drift-evo-lb29-helmet-1,caberg-drift-evo-lb29-helmet-2,caberg-drift-evo-lb29-helmet-3,caberg-drift-evo-lb29-helmet-4,caberg-drift-evo-lb29-helmet-5,caberg-drift-evo-lb29-helmet-6,caberg-drift-evo-lb29-helmet-7,caberg-drift-evo-lb29-helmet-8,caberg-drift-evo-lb29-helmet-9,caberg-drift-evo-lb29-helmet-10,caberg-drift-evo-lb29-helmet-11,caberg-drift-evo-lb29-helmet-12",12,https://cdn.shopify.com/s/files/1/0076/8301/4754/products/Drift-Evo-LB29-Black-Anthracite-Red-3-4.jpg?v=1654678098|pos:1|alt:Caberg Caberg Drift Evo LB29 Helmet – front view || https://cdn.shopify.com/s/files/1/0076/8301/4754/products/Drift-Evo-LB29-Black-Anthracite-Red-profile.jpg?v=1654678099|pos:2|alt:Caberg Caberg Drift Evo LB29 Helmet – side view || https://cdn.shopify.com/s/files/1/0076/8301/4754/products/Drift-Evo-LB29-Black-Anthracite-Red-rear.jpg?v=1654678099|pos:3|alt:Caberg Caberg Drift Evo LB29 Helmet – rear view || https://cdn.shopify.com/s/files/1/0076/8301/4754/products/Drift-Evo-LB29-Black-Yellow-Fluo-Blue-3-4.jpg?v=1654678100|pos:4|alt:Caberg Caberg Drift Evo LB29 Helmet – detail view || https://cdn.shopify.com/s/files/1/0076/8301/4754/products/Drift-Evo-LB29-Black-Yellow-Fluo-Blue-rear.jpg?v=1654678100|pos:5|alt:Caberg Caberg Drift Evo LB29 Helmet – top view,5,Caberg Caberg Drift Evo LB29 Helmet – front view | Caberg Caberg Drift Evo LB29 Helmet – side view | Caberg Caberg Drift Evo LB29 Helmet – rear view | Caberg Caberg Drift Evo LB29 Helmet – detail view | Caberg Caberg Drift Evo LB29 Helmet – top view,,0,Caberg Drift Evo LB29 Helmet,Caberg Drift Evo LB29 Helmet. The full-face helmet Drift Evo Storm from Caberg offers an even sportier and more aggressive design than the well-known full-face helmet Drift.,,Visor and head ventilation.,Integrated sun visor. Easy and quick visor change. Quick release visor mechanism for fine adjustment of the visor.,,Available in multiple sizes. Check the size guide before ordering.,Caberg Drift Evo LB29 Helmet — a helmet built to the specifications listed above.,true,draft,https://cdn.shopify.com/s/files/1/0076/8301/4754/products/Drift-Evo-LB29-Black-Anthracite-Red-3-4.jpg?v=1654678098|role:hero || https://cdn.shopify.com/s/files/1/0076/8301/4754/products/Drift-Evo-LB29-Black-Anthracite-Red-profile.jpg?v=1654678099|role:construction detail || https://cdn.shopify.com/s/files/1/0076/8301/4754/products/Drift-Evo-LB29-Black-Anthracite-Red-rear.jpg?v=1654678099|role:side profile,3,false,/products/caberg-drift-evo-lb29-helmet,/products/caberg-drift-evo-lb29-helmet
caberg-drift-evo-integra-helmet,caberg-drift-evo-integra-helmet,Caberg Drift Evo Integra Helmet,Caberg Drift Evo Integra Helmet,caberg-drift-evo-integra-helmet,"Drift Evo joins the well-known Caberg Drift models, raising the standards even more to satisfy the most demanding riders. This helmet is the result of… • Tricomposite shell: Fiber glass - aramide - carbon. • two shell sizes: XS-M and L-2XL. • Scratch-resistant visor including Pinlock®. • integrated sun visor. Available in multiple sizes and/or colours — select your variant.","Drift Evo joins the well-known Caberg Drift models, raising the standards even more to satisfy the most demanding riders. This helmet is the result of the experience gained by the company’s racing department and the riders who wear the DRIFT EVO in many championships.<br><br>
<b>Features:</b><br>

<li>Tricomposite shell: Fiber glass - aramide - carbon</li>
<li>two shell sizes: XS-M and L-2XL</li>
<li>Scratch-resistant visor including Pinlock®</li>
<li>integrated sun visor</li>
<li>easy and quick change of visor</li>
<li>Quick release visor mechanism for fine adjustment of the visor</li>
<li>Visor and head ventilation</li>
<li>Anti rain profile</li>
<li>Wind tunnel tested aerodynamics</li>
<li>double anti-turbulent neck protection</li>
<li>removable windstopper</li>
<li>removable and washable interior</li>
<li>Double D-ring helmet closure</li>
<li>high-quality multi-layer coating with UV protection</li>
<li>prepared for Bluetooth communication set</li>
<li>ECE 22.05</li>
<li>1.350g (+/- 50g)</li>","Drift Evo joins the well-known Caberg Drift models, raising the standards even more to satisfy the most demanding riders. This helmet is the result of the experience gained by the company’s racing department and the riders who wear the DRIFT EVO in many championships.

Features:

• Tricomposite shell: Fiber glass - aramide - carbon

• two shell sizes: XS-M and L-2XL

• Scratch-resistant visor including Pinlock®

• integrated sun visor

• easy and quick change of visor

• Quick release visor mechanism for fine adjustment of the visor

• Visor and head ventilation

• Anti rain profile

• Wind tunnel tested aerodynamics

• double anti-turbulent neck protection

• removable windstopper

• removable and washable interior

• Double D-ring helmet closure

• high-quality multi-layer coating with UV protection

• prepared for Bluetooth communication set

• ECE 22.05

• 1.350g (+/- 50g)",49000,,2026-07-26,active,Caberg,5000,g,Buy Caberg Drift Evo Integra Helmet | Mile 27 Store,"Drift Evo joins the well-known Caberg Drift models, raising the standards even more to satisfy the most demanding riders. This helmet is the result of……",Tricomposite shell: Fiber glass - aramide - carbon | two shell sizes: XS-M and L-2XL | Scratch-resistant visor including Pinlock® | integrated sun visor,Cleaned noise; brand verified,High,false,Helmets,High,"Mapped from Shopify Type ""Helmets""",caberg-drift-evo-integra-helmet-1|Size:XS:Colour:Black Matt/White|price:49000.00|compare:|weight:5000|barcode:|qty:0 | caberg-drift-evo-integra-helmet-2|Size:XS:Colour:Black Matt/Red|price:49000.00|compare:|weight:5000|barcode:|qty:0 | caberg-drift-evo-integra-helmet-3|Size:S:Colour:Black Matt/White|price:49000.00|compare:|weight:5000|barcode:|qty:0 | caberg-drift-evo-integra-helmet-4|Size:S:Colour:Black Matt/Red|price:49000.00|compare:|weight:5000|barcode:|qty:0 | caberg-drift-evo-integra-helmet-5|Size:M:Colour:Black Matt/White|price:49000.00|compare:|weight:5000|barcode:|qty:0 | caberg-drift-evo-integra-helmet-6|Size:M:Colour:Black Matt/Red|price:49000.00|compare:|weight:5000|barcode:|qty:0 | caberg-drift-evo-integra-helmet-7|Size:L:Colour:Black Matt/White|price:49000.00|compare:|weight:5000|barcode:|qty:0 | caberg-drift-evo-integra-helmet-8|Size:L:Colour:Black Matt/Red|price:49000.00|compare:|weight:5000|barcode:|qty:0 | caberg-drift-evo-integra-helmet-9|Size:XL:Colour:Black Matt/White|price:49000.00|compare:|weight:5000|barcode:|qty:0 | caberg-drift-evo-integra-helmet-10|Size:XL:Colour:Black Matt/Red|price:49000.00|compare:|weight:5000|barcode:|qty:0 | caberg-drift-evo-integra-helmet-11|Size:XXL:Colour:Black Matt/White|price:49000.00|compare:|weight:5000|barcode:|qty:0 | caberg-drift-evo-integra-helmet-12|Size:XXL:Colour:Black Matt/Red|price:49000.00|compare:|weight:5000|barcode:|qty:0,"caberg-drift-evo-integra-helmet-1,caberg-drift-evo-integra-helmet-2,caberg-drift-evo-integra-helmet-3,caberg-drift-evo-integra-helmet-4,caberg-drift-evo-integra-helmet-5,caberg-drift-evo-integra-helmet-6,caberg-drift-evo-integra-helmet-7,caberg-drift-evo-integra-helmet-8,caberg-drift-evo-integra-helmet-9,caberg-drift-evo-integra-helmet-10,caberg-drift-evo-integra-helmet-11,caberg-drift-evo-integra-helmet-12",12,https://cdn.shopify.com/s/files/1/0076/8301/4754/products/30130037.jpg?v=1654677800|pos:1|alt:Caberg Caberg Drift Evo Integra Helmet – front view || https://cdn.shopify.com/s/files/1/0076/8301/4754/products/30130037_3.jpg?v=1654677802|pos:2|alt:Caberg Caberg Drift Evo Integra Helmet – side view || https://cdn.shopify.com/s/files/1/0076/8301/4754/products/30130037_1.jpg?v=1654677802|pos:3|alt:Caberg Caberg Drift Evo Integra Helmet – rear view || https://cdn.shopify.com/s/files/1/0076/8301/4754/products/30130033.jpg?v=1654677801|pos:4|alt:Caberg Caberg Drift Evo Integra Helmet – detail view,4,Caberg Caberg Drift Evo Integra Helmet – front view | Caberg Caberg Drift Evo Integra Helmet – side view | Caberg Caberg Drift Evo Integra Helmet – rear view | Caberg Caberg Drift Evo Integra Helmet – detail view,,0,Caberg Drift Evo Integra Helmet,"Caberg Drift Evo Integra Helmet. Drift Evo joins the well-known Caberg Drift models, raising the standards even more to satisfy the most demanding riders.",Tricomposite shell: Fiber glass - aramide - carbon. two shell sizes: XS-M and L-2XL.,,Scratch-resistant visor including Pinlock®. integrated sun visor.,,Available in multiple sizes. Check the size guide before ordering.,Caberg Drift Evo Integra Helmet — a helmet built to the specifications listed above.,true,draft,https://cdn.shopify.com/s/files/1/0076/8301/4754/products/30130037.jpg?v=1654677800|role:hero || https://cdn.shopify.com/s/files/1/0076/8301/4754/products/30130037_3.jpg?v=1654677802|role:construction detail || https://cdn.shopify.com/s/files/1/0076/8301/4754/products/30130037_1.jpg?v=1654677802|role:side profile,3,false,/products/caberg-drift-evo-integra-helmet,/products/caberg-drift-evo-integra-helmet
caberg-drift-evo-storm-helmet,caberg-drift-evo-storm-helmet,Caberg Drift Evo Storm Helmet,Caberg Drift Evo Storm Helmet,caberg-drift-evo-storm-helmet,The integral helmet Drift Evo Storm from Caberg offers an even sportier and more aggressive design than the well-known integral helmet Drift. With a completely… • integrated sun visor. • easy and quick change of visor. • Quick Release visor mechanism for fine adjustment of the visor. • Sight and head ventilation. Available in multiple sizes and/or colours — select your variant.,"The integral helmet Drift Evo Storm from Caberg offers an even sportier and more aggressive design than the well-known integral helmet Drift. With a completely redesigned lining, the Drift Evo has a good fit and comfort. The rear spoiler increases aerodynamics at higher speeds and reduces turbulence.<br><br>

<b>Features:</b><br>

<li>integrated sun visor</li>
<li>easy and quick change of visor</li>
<li>Quick Release visor mechanism for fine adjustment of the visor</li>
<li>Sight and head ventilation</li>
<li>anti-rain profile</li>
<li>wind tunnel tested aerodynamics</li>
<li>double anti-turbulent neck guard</li>
<li>detachable windstopper</li>
<li>removable and washable interior equipment</li>
<li>high-quality multi-layer coating with UV protection</li>
<li>prepared for Bluetooth communication set</li><br>
<b>Specifications:</b><br>

<li>fiberglass</li>
<li>100% polyester lining</li>
<li>ECE 22.05</li>
<li>Closure: Double D</li>
<li>Weight: small helmet shell (XS-M): 1340g (+/-50g); large helmet shell (L-2XL): 1400g (+/-50g)</li><br>
<b>Contents:</b><br>

<li>1 x Caberg Drift Evo helmet</li>
<li>1 x Pinlock Lens</li>","The integral helmet Drift Evo Storm from Caberg offers an even sportier and more aggressive design than the well-known integral helmet Drift. With a completely redesigned lining, the Drift Evo has a good fit and comfort. The rear spoiler increases aerodynamics at higher speeds and reduces turbulence.

Features:

• integrated sun visor

• easy and quick change of visor

• Quick Release visor mechanism for fine adjustment of the visor

• Sight and head ventilation

• anti-rain profile

• wind tunnel tested aerodynamics

• double anti-turbulent neck guard

• detachable windstopper

• removable and washable interior equipment

• high-quality multi-layer coating with UV protection

• prepared for Bluetooth communication set

Specifications:

• fiberglass

• 100% polyester lining

• ECE 22.05

• Closure: Double D

• Weight: small helmet shell (XS-M): 1340g (+/-50g); large helmet shell (L-2XL): 1400g (+/-50g)

Contents:

• 1 x Caberg Drift Evo helmet

• 1 x Pinlock Lens",49000,,2026-07-26,active,Caberg,5000,g,Buy Caberg Drift Evo Storm Helmet | Mile 27 Store,The integral helmet Drift Evo Storm from Caberg offers an even sportier and more aggressive design than the well-known integral helmet Drift. With a…,integrated sun visor | easy and quick change of visor | Quick Release visor mechanism for fine adjustment of the visor | Sight and head ventilation,Cleaned noise; brand verified,High,false,Helmets,High,"Mapped from Shopify Type ""Helmets""",caberg-drift-evo-storm-helmet-1|Size:XS:Colour:Black Matt/Red|price:49000.00|compare:|weight:5000|barcode:|qty:0 | caberg-drift-evo-storm-helmet-2|Size:XS:Colour:Blue Matt|price:49000.00|compare:|weight:5000|barcode:|qty:0 | caberg-drift-evo-storm-helmet-3|Size:S:Colour:Black Matt/Red|price:49000.00|compare:|weight:5000|barcode:|qty:0 | caberg-drift-evo-storm-helmet-4|Size:S:Colour:Blue Matt|price:49000.00|compare:|weight:5000|barcode:|qty:0 | caberg-drift-evo-storm-helmet-5|Size:M:Colour:Black Matt/Red|price:49000.00|compare:|weight:5000|barcode:|qty:0 | caberg-drift-evo-storm-helmet-6|Size:M:Colour:Blue Matt|price:49000.00|compare:|weight:5000|barcode:|qty:0 | caberg-drift-evo-storm-helmet-7|Size:L:Colour:Black Matt/Red|price:49000.00|compare:|weight:5000|barcode:|qty:0 | caberg-drift-evo-storm-helmet-8|Size:L:Colour:Blue Matt|price:49000.00|compare:|weight:5000|barcode:|qty:0 | caberg-drift-evo-storm-helmet-9|Size:XL:Colour:Black Matt/Red|price:49000.00|compare:|weight:5000|barcode:|qty:0 | caberg-drift-evo-storm-helmet-10|Size:XL:Colour:Blue Matt|price:49000.00|compare:|weight:5000|barcode:|qty:0 | caberg-drift-evo-storm-helmet-11|Size:XXL:Colour:Black Matt/Red|price:49000.00|compare:|weight:5000|barcode:|qty:0 | caberg-drift-evo-storm-helmet-12|Size:XXL:Colour:Blue Matt|price:49000.00|compare:|weight:5000|barcode:|qty:0,"caberg-drift-evo-storm-helmet-1,caberg-drift-evo-storm-helmet-2,caberg-drift-evo-storm-helmet-3,caberg-drift-evo-storm-helmet-4,caberg-drift-evo-storm-helmet-5,caberg-drift-evo-storm-helmet-6,caberg-drift-evo-storm-helmet-7,caberg-drift-evo-storm-helmet-8,caberg-drift-evo-storm-helmet-9,caberg-drift-evo-storm-helmet-10,caberg-drift-evo-storm-helmet-11,caberg-drift-evo-storm-helmet-12",12,https://cdn.shopify.com/s/files/1/0076/8301/4754/products/30130063.jpg?v=1654677545|pos:1|alt:Caberg Caberg Drift Evo Storm Helmet – front view || https://cdn.shopify.com/s/files/1/0076/8301/4754/products/30130063_1.jpg?v=1654677545|pos:2|alt:Caberg Caberg Drift Evo Storm Helmet – side view || https://cdn.shopify.com/s/files/1/0076/8301/4754/products/30130063_2.jpg?v=1654677545|pos:3|alt:Caberg Caberg Drift Evo Storm Helmet – rear view || https://cdn.shopify.com/s/files/1/0076/8301/4754/products/30130064.jpg?v=1654677546|pos:4|alt:Caberg Caberg Drift Evo Storm Helmet – detail view || https://cdn.shopify.com/s/files/1/0076/8301/4754/products/30130064_2.jpg?v=1654677545|pos:5|alt:Caberg Caberg Drift Evo Storm Helmet – top view,5,Caberg Caberg Drift Evo Storm Helmet – front view | Caberg Caberg Drift Evo Storm Helmet – side view | Caberg Caberg Drift Evo Storm Helmet – rear view | Caberg Caberg Drift Evo Storm Helmet – detail view | Caberg Caberg Drift Evo Storm Helmet – top view,,0,Caberg Drift Evo Storm Helmet,Caberg Drift Evo Storm Helmet. The integral helmet Drift Evo Storm from Caberg offers an even sportier and more aggressive design than the well-known integral helmet Drift.,,Sight and head ventilation.,integrated sun visor. easy and quick change of visor. Quick Release visor mechanism for fine adjustment of the visor.,,Available in multiple sizes. Check the size guide before ordering.,Caberg Drift Evo Storm Helmet — a helmet built to the specifications listed above.,true,draft,https://cdn.shopify.com/s/files/1/0076/8301/4754/products/30130063.jpg?v=1654677545|role:hero || https://cdn.shopify.com/s/files/1/0076/8301/4754/products/30130063_1.jpg?v=1654677545|role:construction detail || https://cdn.shopify.com/s/files/1/0076/8301/4754/products/30130063_2.jpg?v=1654677545|role:side profile,3,false,/products/caberg-drift-evo-storm-helmet,/products/caberg-drift-evo-storm-helmet
caberg-ghost-carbon-helmet,caberg-ghost-carbon-helmet,Caberg Ghost Carbon Helmet,Caberg Ghost Carbon Helmet,caberg-ghost-carbon-helmet,"Caberg Ghost is a jet helmet for all bikers who want to look special and extraordinary. The aggressive look and shape have been combined with… • scratch-resistant visor, Pinlock ® included.. • flip-up mask in the front area. • Mask locks in the raised position. • mask removable. Available in multiple sizes and/or colours — select your variant.","Caberg Ghost is a jet helmet for all bikers who want to look special and extraordinary. The aggressive look and shape have been combined with functionality. The Ghost can be used in four different configurations.<br><br>

<b>Features:</b><br>

<li>scratch-resistant visor, Pinlock ® included.</li>
<li>flip-up mask in the front area</li>
<li>Mask locks in the raised position</li>
<li>mask removable</li>
<li>helmet can be converted into 4 versions</li>
<li>foam profiles at the lower edge of the visor (for optimal sealing of the face) available in 3 different thicknesses: 18 mm, 21 mm and 25 mm</li>
<li>double anti-turbulent neck guard</li>
<li>multi-layer coating with UV protection</li>
<li>high quality interior</li>
<li>goggle loop at the back</li>
<li>ECE 22 05</li>
<li>weight: 1.150g +/-50g</li>
<li>Weight: 1.050g +/- 50g Carbon version</li><br>
<b>Material:</b><br>

<li>Carbon</li>","Caberg Ghost is a jet helmet for all bikers who want to look special and extraordinary. The aggressive look and shape have been combined with functionality. The Ghost can be used in four different configurations.

Features:

• scratch-resistant visor, Pinlock ® included.

• flip-up mask in the front area

• Mask locks in the raised position

• mask removable

• helmet can be converted into 4 versions

• foam profiles at the lower edge of the visor (for optimal sealing of the face) available in 3 different thicknesses: 18 mm, 21 mm and 25 mm

• double anti-turbulent neck guard

• multi-layer coating with UV protection

• high quality interior

• goggle loop at the back

• ECE 22 05

• weight: 1.150g +/-50g

• Weight: 1.050g +/- 50g Carbon version

Material:

• Carbon",50000,,2026-07-26,active,Caberg,5000,g,Buy Caberg Ghost Carbon Helmet | Mile 27 Store,Caberg Ghost is a jet helmet for all bikers who want to look special and extraordinary. The aggressive look and shape have been combined with……,"scratch-resistant visor, Pinlock ® included. | flip-up mask in the front area | Mask locks in the raised position | mask removable",Cleaned noise; brand verified,High,false,Helmets,High,"Mapped from Shopify Type ""Helmets""",caberg-ghost-carbon-helmet-1|Size:XS|price:50000.00|compare:|weight:5000|barcode:|qty:0 | caberg-ghost-carbon-helmet-2|Size:S|price:50000.00|compare:|weight:5000|barcode:|qty:0 | caberg-ghost-carbon-helmet-3|Size:M|price:50000.00|compare:|weight:5000|barcode:|qty:0 | caberg-ghost-carbon-helmet-4|Size:L|price:50000.00|compare:|weight:5000|barcode:|qty:0 | caberg-ghost-carbon-helmet-5|Size:XL|price:50000.00|compare:|weight:5000|barcode:|qty:0 | caberg-ghost-carbon-helmet-6|Size:XXL|price:50000.00|compare:|weight:5000|barcode:|qty:0,"caberg-ghost-carbon-helmet-1,caberg-ghost-carbon-helmet-2,caberg-ghost-carbon-helmet-3,caberg-ghost-carbon-helmet-4,caberg-ghost-carbon-helmet-5,caberg-ghost-carbon-helmet-6",6,https://cdn.shopify.com/s/files/1/0076/8301/4754/products/GHOST-CARBON-3-4.jpg?v=1654672129|pos:1|alt:Caberg Caberg Ghost Carbon Helmet – front view || https://cdn.shopify.com/s/files/1/0076/8301/4754/products/GHOST-CARBON-PROFILE.jpg?v=1654672129|pos:2|alt:Caberg Caberg Ghost Carbon Helmet – side view || https://cdn.shopify.com/s/files/1/0076/8301/4754/products/GHOST-CARBON-3-4-OPEN.jpg?v=1654672129|pos:3|alt:Caberg Caberg Ghost Carbon Helmet – rear view || https://cdn.shopify.com/s/files/1/0076/8301/4754/products/GHOST-CARBON-PROFILE-OPEN.jpg?v=1654672129|pos:4|alt:Caberg Caberg Ghost Carbon Helmet – detail view,4,Caberg Caberg Ghost Carbon Helmet – front view | Caberg Caberg Ghost Carbon Helmet – side view | Caberg Caberg Ghost Carbon Helmet – rear view | Caberg Caberg Ghost Carbon Helmet – detail view,,0,Caberg Ghost Carbon Helmet,Caberg Ghost Carbon Helmet. Caberg Ghost is a jet helmet for all bikers who want to look special and extraordinary.,,,"scratch-resistant visor, Pinlock ® included. flip-up mask in the front area. Mask locks in the raised position. mask removable.",,Available in multiple sizes. Check the size guide before ordering.,Caberg Ghost Carbon Helmet — a helmet built to the specifications listed above.,true,draft,https://cdn.shopify.com/s/files/1/0076/8301/4754/products/GHOST-CARBON-3-4.jpg?v=1654672129|role:hero || https://cdn.shopify.com/s/files/1/0076/8301/4754/products/GHOST-CARBON-PROFILE.jpg?v=1654672129|role:construction detail || https://cdn.shopify.com/s/files/1/0076/8301/4754/products/GHOST-CARBON-3-4-OPEN.jpg?v=1654672129|role:side profile,3,false,/products/caberg-ghost-carbon-helmet,/products/caberg-ghost-carbon-helmet
caberg-drift-evo-mr55-helmet,caberg-drift-evo-mr55-helmet,Caberg Drift Evo MR55 Helmet,Caberg Drift Evo MR55 Helmet,caberg-drift-evo-mr55-helmet,The full-face helmet Drift Evo from Caberg offers an even sportier and more aggressive design than the well-known helmet Caberg Drift. With a completely redesigned… • Scratch-resistant visor including Pinlock®.. • Integrated sun visor. • Easy and quick visor change. • Quick release visor mechanism for fine adjustment of the visor. Available in multiple sizes and/or colours — select your variant.,"The full-face helmet Drift Evo from Caberg offers an even sportier and more aggressive design than the well-known helmet Caberg Drift.  With a completely redesigned inner lining, the Drift Evo has a good fit and comfort. The rear spoiler increases aerodynamics at higher speeds and reduces turbulence.<br><br>

<b>Features:</b><br>

<li>Scratch-resistant visor including Pinlock®.</li>
<li>Integrated sun visor</li>
<li>Easy and quick visor change</li>
<li>Quick release visor mechanism for fine adjustment of the visor</li>
<li>Visor and head ventilation</li>
<li>Anti-rain profile</li>
<li>Wind tunnel tested aerodynamics</li>
<li>Double anti-turbulence neck guard</li>
<li>Removable wind stopper</li>
<li>Removable and washable liner</li>
<li>Double D-Ring helmet closure</li>
<li>High quality multi-layer coating with UV protection</li>
<li>Prepared for Bluetooth communication systems</li><br>
<b>Two shell sizes:</b><br>

<li>Small helmet shell (XS-M)</li>
<li>Large helmet shell (L-2XL)</li>
<li>ECE 22.05</li><br>
<b>Material:</b><br>

<li>Fiberglass</li>
<li>Lining: 100% Polyester</li><br>
<b>Weight:</b><br>

<li>Small helmet shell: 1,340g (+/-50g)</li>
<li>Large helmet shell: 1.400g (+/-50g)</li><br>
<b>Sizes:</b><br>

<li>XS (53-54)</li>
<li>S (55-56)</li>
<li>M (57-58)</li>
<li>L (59-60)</li>
<li>XL (61-62)</li>
<li>2XL (63-64)</li><br>
<b>Contents:</b><br>

<li>1x Caberg Drift Evo MR55 Helmet</li>
<li>1x Pinlock lens</li>","The full-face helmet Drift Evo from Caberg offers an even sportier and more aggressive design than the well-known helmet Caberg Drift.  With a completely redesigned inner lining, the Drift Evo has a good fit and comfort. The rear spoiler increases aerodynamics at higher speeds and reduces turbulence.

Features:

• Scratch-resistant visor including Pinlock®.

• Integrated sun visor

• Easy and quick visor change

• Quick release visor mechanism for fine adjustment of the visor

• Visor and head ventilation

• Anti-rain profile

• Wind tunnel tested aerodynamics

• Double anti-turbulence neck guard

• Removable wind stopper

• Removable and washable liner

• Double D-Ring helmet closure

• High quality multi-layer coating with UV protection

• Prepared for Bluetooth communication systems

Two shell sizes:

• Small helmet shell (XS-M)

• Large helmet shell (L-2XL)

• ECE 22.05

Material:

• Fiberglass

• Lining: 100% Polyester

Weight:

• Small helmet shell: 1,340g (+/-50g)

• Large helmet shell: 1.400g (+/-50g)

Sizes:

• XS (53-54)

• S (55-56)

• M (57-58)

• L (59-60)

• XL (61-62)

• 2XL (63-64)

Contents:

• 1x Caberg Drift Evo MR55 Helmet

• 1x Pinlock lens",50000,,2026-07-26,active,Caberg,5000,g,Buy Caberg Drift Evo MR55 Helmet | Mile 27 Store,The full-face helmet Drift Evo from Caberg offers an even sportier and more aggressive design than the well-known helmet Caberg Drift. With a completely…,Scratch-resistant visor including Pinlock®. | Integrated sun visor | Easy and quick visor change | Quick release visor mechanism for fine adjustment of the visor,Cleaned noise; brand verified,High,false,Helmets,High,"Mapped from Shopify Type ""Helmets""",caberg-drift-evo-mr55-helmet-1|Size:XS|price:50000.00|compare:|weight:5000|barcode:|qty:0 | caberg-drift-evo-mr55-helmet-2|Size:S|price:50000.00|compare:|weight:5000|barcode:|qty:0 | caberg-drift-evo-mr55-helmet-3|Size:M|price:50000.00|compare:|weight:5000|barcode:|qty:0 | caberg-drift-evo-mr55-helmet-4|Size:L|price:50000.00|compare:|weight:5000|barcode:|qty:0 | caberg-drift-evo-mr55-helmet-5|Size:XL|price:50000.00|compare:|weight:5000|barcode:|qty:0 | caberg-drift-evo-mr55-helmet-6|Size:XXL|price:50000.00|compare:|weight:5000|barcode:|qty:0,"caberg-drift-evo-mr55-helmet-1,caberg-drift-evo-mr55-helmet-2,caberg-drift-evo-mr55-helmet-3,caberg-drift-evo-mr55-helmet-4,caberg-drift-evo-mr55-helmet-5,caberg-drift-evo-mr55-helmet-6",6,https://cdn.shopify.com/s/files/1/0076/8301/4754/products/Drift-Evo-Mr55-White-Red-Blue-3-4.jpg?v=1654670700|pos:1|alt:Caberg Caberg Drift Evo MR55 Helmet – front view || https://cdn.shopify.com/s/files/1/0076/8301/4754/products/Drift-Evo-Mr55-White-Red-Blue-profile.jpg?v=1654670699|pos:2|alt:Caberg Caberg Drift Evo MR55 Helmet – side view || https://cdn.shopify.com/s/files/1/0076/8301/4754/products/Drift-Evo-Mr55-White-Red-Blue-rear.jpg?v=1654670699|pos:3|alt:Caberg Caberg Drift Evo MR55 Helmet – rear view,3,Caberg Caberg Drift Evo MR55 Helmet – front view | Caberg Caberg Drift Evo MR55 Helmet – side view | Caberg Caberg Drift Evo MR55 Helmet – rear view,,0,Caberg Drift Evo MR55 Helmet,Caberg Drift Evo MR55 Helmet. The full-face helmet Drift Evo from Caberg offers an even sportier and more aggressive design than the well-known helmet Caberg Drift.,,,Scratch-resistant visor including Pinlock®. Integrated sun visor. Easy and quick visor change. Quick release visor mechanism for fine adjustment of the visor.,,Available in multiple sizes. Check the size guide before ordering.,Caberg Drift Evo MR55 Helmet — a helmet built to the specifications listed above.,true,draft,https://cdn.shopify.com/s/files/1/0076/8301/4754/products/Drift-Evo-Mr55-White-Red-Blue-3-4.jpg?v=1654670700|role:hero || https://cdn.shopify.com/s/files/1/0076/8301/4754/products/Drift-Evo-Mr55-White-Red-Blue-profile.jpg?v=1654670699|role:construction detail || https://cdn.shopify.com/s/files/1/0076/8301/4754/products/Drift-Evo-Mr55-White-Red-Blue-rear.jpg?v=1654670699|role:side profile,3,false,/products/caberg-drift-evo-mr55-helmet,/products/caberg-drift-evo-mr55-helmet
caberg-flyon-carbon-jet-helmet,caberg-flyon-carbon-jet-helmet,Caberg Flyon Carbon Jet Helmet,Caberg Flyon Carbon Jet Helmet,caberg-flyon-carbon-jet-helmet,"The new jet helmet Flyon is the ideal companion for the daily city trips, but also for long distances the helmet is well suitable. Due… • scratch resistant visor including Pinlock®. • integrated sun visor. • locking system for the visor. • easy and quick change of visor. Available in multiple sizes and/or colours — select your variant.","The new jet helmet Flyon is the ideal companion for the daily city trips, but also for long distances the helmet is well suitable. Due to its many features, the Flyon is a contemporary helmet that satisfies the demanding touring biker.<br><br>

<b>Features:</b><br>

<li>scratch resistant visor including Pinlock®</li>
<li>integrated sun visor</li>
<li>locking system for the visor</li>
<li>easy and quick change of visor</li>
<li>head ventilation</li>
<li>anti-rain profile</li>
<li>removable and washable cheek pads</li>
<li>high-quality multi-layer coating with UV protection</li>
<li>prepared for Bluetooth communication set</li><br>
<b>Specifications:</b><br>

<li>Carbon</li>
<li>100% polyester lining</li>
<li>ECE 22.05</li>
<li>Closure: Micro Ratchet Closure</li>
<li>Weight: small helmet shell (XS-M): 1320g (+/-50g); large helmet shell (L-2XL): 1420g (+/-50g)</li><br>
<b>Contents:</b><br>

<li>1 x Caberg Flyon jet helmet</li>
<li>1 x Pinlock Lens</li>","The new jet helmet Flyon is the ideal companion for the daily city trips, but also for long distances the helmet is well suitable. Due to its many features, the Flyon is a contemporary helmet that satisfies the demanding touring biker.

Features:

• scratch resistant visor including Pinlock®

• integrated sun visor

• locking system for the visor

• easy and quick change of visor

• head ventilation

• anti-rain profile

• removable and washable cheek pads

• high-quality multi-layer coating with UV protection

• prepared for Bluetooth communication set

Specifications:

• Carbon

• 100% polyester lining

• ECE 22.05

• Closure: Micro Ratchet Closure

• Weight: small helmet shell (XS-M): 1320g (+/-50g); large helmet shell (L-2XL): 1420g (+/-50g)

Contents:

• 1 x Caberg Flyon jet helmet

• 1 x Pinlock Lens",50000,,2026-07-26,active,Caberg,5000,g,Buy Caberg Flyon Carbon Jet Helmet | Mile 27 Store,"The new jet helmet Flyon is the ideal companion for the daily city trips, but also for long distances the helmet is well suitable. Due… scratch resistant…",scratch resistant visor including Pinlock® | integrated sun visor | locking system for the visor | easy and quick change of visor,Cleaned noise; brand verified,High,false,Helmets > Open-Face Helmets,High,"Refined by title keyword: ""\bopen[\s-]?face|open face|jet\b""",caberg-flyon-carbon-jet-helmet-1|Size:XS|price:50000.00|compare:|weight:5000|barcode:|qty:0 | caberg-flyon-carbon-jet-helmet-2|Size:S|price:50000.00|compare:|weight:5000|barcode:|qty:0 | caberg-flyon-carbon-jet-helmet-3|Size:M|price:50000.00|compare:|weight:5000|barcode:|qty:0 | caberg-flyon-carbon-jet-helmet-4|Size:L|price:50000.00|compare:|weight:5000|barcode:|qty:0 | caberg-flyon-carbon-jet-helmet-5|Size:XL|price:50000.00|compare:|weight:5000|barcode:|qty:0 | caberg-flyon-carbon-jet-helmet-6|Size:XXL|price:50000.00|compare:|weight:5000|barcode:|qty:0,"caberg-flyon-carbon-jet-helmet-1,caberg-flyon-carbon-jet-helmet-2,caberg-flyon-carbon-jet-helmet-3,caberg-flyon-carbon-jet-helmet-4,caberg-flyon-carbon-jet-helmet-5,caberg-flyon-carbon-jet-helmet-6",6,https://cdn.shopify.com/s/files/1/0076/8301/4754/products/30565001.jpg?v=1654670003|pos:1|alt:Caberg Caberg Flyon Carbon Jet Helmet – front view || https://cdn.shopify.com/s/files/1/0076/8301/4754/products/30565001_1.jpg?v=1654670004|pos:2|alt:Caberg Caberg Flyon Carbon Jet Helmet – side view || https://cdn.shopify.com/s/files/1/0076/8301/4754/products/30565001_5.jpg?v=1654670004|pos:3|alt:Caberg Caberg Flyon Carbon Jet Helmet – rear view,3,Caberg Caberg Flyon Carbon Jet Helmet – front view | Caberg Caberg Flyon Carbon Jet Helmet – side view | Caberg Caberg Flyon Carbon Jet Helmet – rear view,,0,Caberg Flyon Carbon Jet Helmet,"Caberg Flyon Carbon Jet Helmet. The new jet helmet Flyon is the ideal companion for the daily city trips, but also for long distances the helmet is well suitable.",,,scratch resistant visor including Pinlock®. integrated sun visor. locking system for the visor. easy and quick change of visor.,,Available in multiple sizes. Check the size guide before ordering.,Caberg Flyon Carbon Jet Helmet — an open-Face Helmet built to the specifications listed above.,true,draft,https://cdn.shopify.com/s/files/1/0076/8301/4754/products/30565001.jpg?v=1654670003|role:hero || https://cdn.shopify.com/s/files/1/0076/8301/4754/products/30565001_1.jpg?v=1654670004|role:construction detail || https://cdn.shopify.com/s/files/1/0076/8301/4754/products/30565001_5.jpg?v=1654670004|role:side profile,3,false,/products/caberg-flyon-carbon-jet-helmet,/products/caberg-flyon-carbon-jet-helmet
caberg-levo-helmet,caberg-levo-helmet,Caberg Levo Helmet,Caberg Levo Helmet,caberg-levo-helmet,"The outer shell is made of composite fiber (Carbon, Kevlar and fiber glass) besides also the version LEVANTE CARBON with shell made of carbon. • Shell: tricomposite (fiber glass, kevlar, carbon). • Double shell size. • Double visor (clear + smoke). • Visor quick release system. Available in multiple sizes and/or colours — select your variant.","The outer shell is made of composite fiber (Carbon, Kevlar and fiber glass) besides also the version LEVANTE CARBON with shell made of carbon. <br><br>

LEVANTE comes in two shell sizes to offer the best fitting proportion between the shell volume and the motorcyclist’s head size. It obtained the P/J dual homologation after passing the requirements set by ECE test regulations both for the full faces (P) and for the Jet configuration (J) which allows to ride also with the chin guard opened.<br><br>

Ventilation is guaranteed by 2 air front vents and 2 rear air extractors offering the best comfort even during the most extreme conditions. <br><br>

LEVANTE is standardly equipped with a panoramic ultra-wide visor that allows the best fields of vision; an integrated sunshade visor (DVT Double Visor Tech) easy to maneuver with gloves; and with the Pinlock MAX VISION lens to avoid misting. The lining, made with the best hypoallergenic and transpiring fabrics to grant maximum freshness, is entirely removable and washable. Moreover the cheek pads have been conceived to permit the accommodation of glasses.<br><br>

Thanks to the space for the microphone and speakers, LEVANTE is ready to be equipped with the main communication systems on the market.<br><br>
<b>Features:</b><br>

<li>Shell: tricomposite (fiber glass, kevlar, carbon)</li>
<li>Double shell size</li>
<li>Double visor (clear + smoke)</li>
<li>Visor quick release system</li>
<li>Double anti-turbolence neck roll</li>
<li>Antiscratch visor with Pinlock Max Vision</li>
<li>Micrometric buckle</li>
<li>Internal air-circulation</li>
<li>Removable and washable liner</li>
<li>Removable wind-stop</li>
<li>Aerodynamic capacity tested in the wind tunnel</li>
<li>Rain protection rims</li>
<li>Wide visor Max Vision</li>
<li>Ready for communication systems</li>","The outer shell is made of composite fiber (Carbon, Kevlar and fiber glass) besides also the version LEVANTE CARBON with shell made of carbon. 

LEVANTE comes in two shell sizes to offer the best fitting proportion between the shell volume and the motorcyclist’s head size. It obtained the P/J dual homologation after passing the requirements set by ECE test regulations both for the full faces (P) and for the Jet configuration (J) which allows to ride also with the chin guard opened.

Ventilation is guaranteed by 2 air front vents and 2 rear air extractors offering the best comfort even during the most extreme conditions. 

LEVANTE is standardly equipped with a panoramic ultra-wide visor that allows the best fields of vision; an integrated sunshade visor (DVT Double Visor Tech) easy to maneuver with gloves; and with the Pinlock MAX VISION lens to avoid misting. The lining, made with the best hypoallergenic and transpiring fabrics to grant maximum freshness, is entirely removable and washable. Moreover the cheek pads have been conceived to permit the accommodation of glasses.

Thanks to the space for the microphone and speakers, LEVANTE is ready to be equipped with the main communication systems on the market.

Features:

• Shell: tricomposite (fiber glass, kevlar, carbon)

• Double shell size

• Double visor (clear + smoke)

• Visor quick release system

• Double anti-turbolence neck roll

• Antiscratch visor with Pinlock Max Vision

• Micrometric buckle

• Internal air-circulation

• Removable and washable liner

• Removable wind-stop

• Aerodynamic capacity tested in the wind tunnel

• Rain protection rims

• Wide visor Max Vision

• Ready for communication systems",55000,,2026-07-26,active,Caberg,5000,g,Buy Caberg Levo Helmet | Mile 27 Store,"The outer shell is made of composite fiber (Carbon, Kevlar and fiber glass) besides also the version LEVANTE CARBON with shell made of carbon. Shell:…","Shell: tricomposite (fiber glass, kevlar, carbon) | Double shell size | Double visor (clear + smoke) | Visor quick release system",Cleaned noise; brand verified,High,false,Helmets,High,"Mapped from Shopify Type ""Helmets""",caberg-levo-helmet-1|Size:XS:Colour:White|price:55000.00|compare:|weight:5000|barcode:|qty:0 | caberg-levo-helmet-2|Size:XS:Colour:Black Matt|price:55000.00|compare:|weight:5000|barcode:|qty:0 | caberg-levo-helmet-3|Size:XS:Colour:Blue Matt|price:55000.00|compare:|weight:5000|barcode:|qty:0 | caberg-levo-helmet-4|Size:XS:Colour:Fluo Yellow|price:55000.00|compare:|weight:5000|barcode:|qty:0 | caberg-levo-helmet-5|Size:S:Colour:White|price:55000.00|compare:|weight:5000|barcode:|qty:0 | caberg-levo-helmet-6|Size:S:Colour:Black Matt|price:55000.00|compare:|weight:5000|barcode:|qty:0 | caberg-levo-helmet-7|Size:S:Colour:Blue Matt|price:55000.00|compare:|weight:5000|barcode:|qty:0 | caberg-levo-helmet-8|Size:S:Colour:Fluo Yellow|price:55000.00|compare:|weight:5000|barcode:|qty:0 | caberg-levo-helmet-9|Size:M:Colour:White|price:55000.00|compare:|weight:5000|barcode:|qty:0 | caberg-levo-helmet-10|Size:M:Colour:Black Matt|price:55000.00|compare:|weight:5000|barcode:|qty:0 | caberg-levo-helmet-11|Size:M:Colour:Blue Matt|price:55000.00|compare:|weight:5000|barcode:|qty:0 | caberg-levo-helmet-12|Size:M:Colour:Fluo Yellow|price:55000.00|compare:|weight:5000|barcode:|qty:0 | caberg-levo-helmet-13|Size:L:Colour:White|price:55000.00|compare:|weight:5000|barcode:|qty:0 | caberg-levo-helmet-14|Size:L:Colour:Black Matt|price:55000.00|compare:|weight:5000|barcode:|qty:0 | caberg-levo-helmet-15|Size:L:Colour:Blue Matt|price:55000.00|compare:|weight:5000|barcode:|qty:0 | caberg-levo-helmet-16|Size:L:Colour:Fluo Yellow|price:55000.00|compare:|weight:5000|barcode:|qty:0 | caberg-levo-helmet-17|Size:XL:Colour:White|price:55000.00|compare:|weight:5000|barcode:|qty:0 | caberg-levo-helmet-18|Size:XL:Colour:Black Matt|price:55000.00|compare:|weight:5000|barcode:|qty:0 | caberg-levo-helmet-19|Size:XL:Colour:Blue Matt|price:55000.00|compare:|weight:5000|barcode:|qty:0 | caberg-levo-helmet-20|Size:XL:Colour:Fluo Yellow|price:55000.00|compare:|weight:5000|barcode:|qty:0 | caberg-levo-helmet-21|Size:XXL:Colour:White|price:55000.00|compare:|weight:5000|barcode:|qty:0 | caberg-levo-helmet-22|Size:XXL:Colour:Black Matt|price:55000.00|compare:|weight:5000|barcode:|qty:0 | caberg-levo-helmet-23|Size:XXL:Colour:Blue Matt|price:55000.00|compare:|weight:5000|barcode:|qty:0 | caberg-levo-helmet-24|Size:XXL:Colour:Fluo Yellow|price:55000.00|compare:|weight:5000|barcode:|qty:0,"caberg-levo-helmet-1,caberg-levo-helmet-2,caberg-levo-helmet-3,caberg-levo-helmet-4,caberg-levo-helmet-5,caberg-levo-helmet-6,caberg-levo-helmet-7,caberg-levo-helmet-8,caberg-levo-helmet-9,caberg-levo-helmet-10,caberg-levo-helmet-11,caberg-levo-helmet-12,caberg-levo-helmet-13,caberg-levo-helmet-14,caberg-levo-helmet-15,caberg-levo-helmet-16,caberg-levo-helmet-17,caberg-levo-helmet-18,caberg-levo-helmet-19,caberg-levo-helmet-20,caberg-levo-helmet-21,caberg-levo-helmet-22,caberg-levo-helmet-23,caberg-levo-helmet-24",24,https://cdn.shopify.com/s/files/1/0076/8301/4754/products/30920001_ergebnis.jpg?v=1654666900|pos:1|alt:Caberg Caberg Levo Helmet – front view || https://cdn.shopify.com/s/files/1/0076/8301/4754/products/30920001_1_ergebnis.jpg?v=1654666901|pos:2|alt:Caberg Caberg Levo Helmet – side view || https://cdn.shopify.com/s/files/1/0076/8301/4754/products/30920001_2_ergebnis.jpg?v=1654666898|pos:3|alt:Caberg Caberg Levo Helmet – rear view || https://cdn.shopify.com/s/files/1/0076/8301/4754/products/30920001_3_ergebnis.jpg?v=1654666900|pos:4|alt:Caberg Caberg Levo Helmet – detail view || https://cdn.shopify.com/s/files/1/0076/8301/4754/products/30920001_4.jpg?v=1654666901|pos:5|alt:Caberg Caberg Levo Helmet – top view || https://cdn.shopify.com/s/files/1/0076/8301/4754/products/30920017_ergebnis.jpg?v=1654666898|pos:6|alt:Caberg Caberg Levo Helmet – product view || https://cdn.shopify.com/s/files/1/0076/8301/4754/products/Levo-Matt-Blue-Yama-3-4.jpg?v=1654666898|pos:7|alt:Caberg Caberg Levo Helmet – product view || https://cdn.shopify.com/s/files/1/0076/8301/4754/products/30920025_ergebnis.jpg?v=1654666901|pos:8|alt:Caberg Caberg Levo Helmet – product view,8,Caberg Caberg Levo Helmet – front view | Caberg Caberg Levo Helmet – side view | Caberg Caberg Levo Helmet – rear view | Caberg Caberg Levo Helmet – detail view | Caberg Caberg Levo Helmet – top view | Caberg Caberg Levo Helmet – product view,,0,Caberg Levo Helmet,"Caberg Levo Helmet. The outer shell is made of composite fiber (Carbon, Kevlar and fiber glass) besides also the version LEVANTE CARBON with shell made of carbon.","Shell: tricomposite (fiber glass, kevlar, carbon). Double shell size.",,Double visor (clear + smoke). Visor quick release system.,,Available in multiple sizes. Check the size guide before ordering.,Caberg Levo Helmet — a helmet built to the specifications listed above.,true,draft,https://cdn.shopify.com/s/files/1/0076/8301/4754/products/30920001_ergebnis.jpg?v=1654666900|role:hero || https://cdn.shopify.com/s/files/1/0076/8301/4754/products/30920001_1_ergebnis.jpg?v=1654666901|role:construction detail || https://cdn.shopify.com/s/files/1/0076/8301/4754/products/30920001_2_ergebnis.jpg?v=1654666898|role:side profile,3,false,/products/caberg-levo-helmet,/products/caberg-levo-helmet
caberg-drift-evo-sonic-carbon-helmet,caberg-drift-evo-sonic-carbon-helmet,Caberg Drift Evo Sonic Carbon Helmet,Caberg Drift Evo Sonic Carbon Helmet,caberg-drift-evo-sonic-carbon-helmet,The full-face helmet Drift Evo from Caberg offers an even sportier and more aggressive design than the well-known full-face helmet Drift. Due to a completely… • Scratch-resistant visor including Pinlock®.. • Integrated sun visor. • Easy and quick visor change. • Quick release visor mechanism for fine adjustment of the visor. Available in multiple sizes and/or colours — select your variant.,"The full-face helmet Drift Evo from Caberg offers an even sportier and more aggressive design than the well-known full-face helmet Drift. Due to a completely redesigned inner lining, the Drift Evo has a good fit and comfort. The rear spoiler increases aerodynamics at higher speeds and reduces turbulence.<br><br>

<b>Features:</b><br>
<li>Scratch-resistant visor including Pinlock®.</li>
<li>Integrated sun visor</li>
<li>Easy and quick visor change</li>
<li>Quick release visor mechanism for fine adjustment of the visor</li>
<li>Visor and head ventilation</li>
<li>Anti-rain profile</li>
<li>Wind tunnel tested aerodynamics</li>
<li>Double anti-turbulence neck guard</li>
<li>Removable wind stopper</li>
<li>Removable and washable inner lining</li>
<li>High quality multilayer coating with UV protection</li>
<li>Prepared for Bluetooth communication set</li><br>

<b>Specifications:</b><br>
<li>Material: Carbon</li>
<li>Lining made of 100% polyester</li>
<li>Closure: Double-D</li>
<li>ECE 22.05</li>
<li>Weight: small helmet shell (XS-M): 1280g (+/-50g); large helmet shell (L-2XL): 1340g (+/-50g)</li><br>

<b>Contents:</b><br>
<li>1x Caberg Drift Evo Sonic Carbon helmet</li>
<li>1x Heavily tinted visor</li>
<li>1x Pinlock lens</li>","The full-face helmet Drift Evo from Caberg offers an even sportier and more aggressive design than the well-known full-face helmet Drift. Due to a completely redesigned inner lining, the Drift Evo has a good fit and comfort. The rear spoiler increases aerodynamics at higher speeds and reduces turbulence.

Features:

• Scratch-resistant visor including Pinlock®.

• Integrated sun visor

• Easy and quick visor change

• Quick release visor mechanism for fine adjustment of the visor

• Visor and head ventilation

• Anti-rain profile

• Wind tunnel tested aerodynamics

• Double anti-turbulence neck guard

• Removable wind stopper

• Removable and washable inner lining

• High quality multilayer coating with UV protection

• Prepared for Bluetooth communication set

Specifications:

• Material: Carbon

• Lining made of 100% polyester

• Closure: Double-D

• ECE 22.05

• Weight: small helmet shell (XS-M): 1280g (+/-50g); large helmet shell (L-2XL): 1340g (+/-50g)

Contents:

• 1x Caberg Drift Evo Sonic Carbon helmet

• 1x Heavily tinted visor

• 1x Pinlock lens",60000,,2026-07-26,active,Caberg,5000,g,Buy Caberg Drift Evo Sonic Carbon Helmet | Mile 27 Store,The full-face helmet Drift Evo from Caberg offers an even sportier and more aggressive design than the well-known full-face helmet Drift. Due to a…,Scratch-resistant visor including Pinlock®. | Integrated sun visor | Easy and quick visor change | Quick release visor mechanism for fine adjustment of the visor,Cleaned noise; brand verified,High,false,Helmets,High,"Mapped from Shopify Type ""Helmets""",caberg-drift-evo-sonic-carbon-helmet-1|Size:XS:Colour:Black/White|price:60000.00|compare:|weight:5000|barcode:|qty:0 | caberg-drift-evo-sonic-carbon-helmet-2|Size:XS:Colour:Black/Red|price:60000.00|compare:|weight:5000|barcode:|qty:0 | caberg-drift-evo-sonic-carbon-helmet-3|Size:S:Colour:Black/White|price:60000.00|compare:|weight:5000|barcode:|qty:0 | caberg-drift-evo-sonic-carbon-helmet-4|Size:S:Colour:Black/Red|price:60000.00|compare:|weight:5000|barcode:|qty:0 | caberg-drift-evo-sonic-carbon-helmet-5|Size:M:Colour:Black/White|price:60000.00|compare:|weight:5000|barcode:|qty:0 | caberg-drift-evo-sonic-carbon-helmet-6|Size:M:Colour:Black/Red|price:60000.00|compare:|weight:5000|barcode:|qty:0 | caberg-drift-evo-sonic-carbon-helmet-7|Size:L:Colour:Black/White|price:60000.00|compare:|weight:5000|barcode:|qty:0 | caberg-drift-evo-sonic-carbon-helmet-8|Size:L:Colour:Black/Red|price:60000.00|compare:|weight:5000|barcode:|qty:0 | caberg-drift-evo-sonic-carbon-helmet-9|Size:XL:Colour:Black/White|price:60000.00|compare:|weight:5000|barcode:|qty:0 | caberg-drift-evo-sonic-carbon-helmet-10|Size:XL:Colour:Black/Red|price:60000.00|compare:|weight:5000|barcode:|qty:0 | caberg-drift-evo-sonic-carbon-helmet-11|Size:XXL:Colour:Black/White|price:60000.00|compare:|weight:5000|barcode:|qty:0 | caberg-drift-evo-sonic-carbon-helmet-12|Size:XXL:Colour:Black/Red|price:60000.00|compare:|weight:5000|barcode:|qty:0,"caberg-drift-evo-sonic-carbon-helmet-1,caberg-drift-evo-sonic-carbon-helmet-2,caberg-drift-evo-sonic-carbon-helmet-3,caberg-drift-evo-sonic-carbon-helmet-4,caberg-drift-evo-sonic-carbon-helmet-5,caberg-drift-evo-sonic-carbon-helmet-6,caberg-drift-evo-sonic-carbon-helmet-7,caberg-drift-evo-sonic-carbon-helmet-8,caberg-drift-evo-sonic-carbon-helmet-9,caberg-drift-evo-sonic-carbon-helmet-10,caberg-drift-evo-sonic-carbon-helmet-11,caberg-drift-evo-sonic-carbon-helmet-12",12,https://cdn.shopify.com/s/files/1/0076/8301/4754/products/Drift-Evo-Carbon-Sonic-Anthracite-White-3-4.jpg?v=1654665932|pos:1|alt:Caberg Caberg Drift Evo Sonic Carbon Helmet – front view || https://cdn.shopify.com/s/files/1/0076/8301/4754/products/Drift-Evo-Carbon-Sonic-Anthracite-White-profile.jpg?v=1654665934|pos:2|alt:Caberg Caberg Drift Evo Sonic Carbon Helmet – side view || https://cdn.shopify.com/s/files/1/0076/8301/4754/products/Drift-Evo-Carbon-Sonic-Anthracite-White-rear.jpg?v=1654665933|pos:3|alt:Caberg Caberg Drift Evo Sonic Carbon Helmet – rear view || https://cdn.shopify.com/s/files/1/0076/8301/4754/products/Drift-Evo-Carbon-Sonic-Anthracite-Red-3-4.jpg?v=1654665933|pos:4|alt:Caberg Caberg Drift Evo Sonic Carbon Helmet – detail view || https://cdn.shopify.com/s/files/1/0076/8301/4754/products/Drift-Evo-Carbon-Sonic-Anthracite-Red-rear.jpg?v=1654665933|pos:5|alt:Caberg Caberg Drift Evo Sonic Carbon Helmet – top view,5,Caberg Caberg Drift Evo Sonic Carbon Helmet – front view | Caberg Caberg Drift Evo Sonic Carbon Helmet – side view | Caberg Caberg Drift Evo Sonic Carbon Helmet – rear view | Caberg Caberg Drift Evo Sonic Carbon Helmet – detail view | Caberg Caberg Drift Evo Sonic Carbon Helmet – top view,,0,Caberg Drift Evo Sonic Carbon Helmet,Caberg Drift Evo Sonic Carbon Helmet. The full-face helmet Drift Evo from Caberg offers an even sportier and more aggressive design than the well-known full-face helmet Drift.,,,Scratch-resistant visor including Pinlock®. Integrated sun visor. Easy and quick visor change. Quick release visor mechanism for fine adjustment of the visor.,,Available in multiple sizes. Check the size guide before ordering.,Caberg Drift Evo Sonic Carbon Helmet — a helmet built to the specifications listed above.,true,draft,https://cdn.shopify.com/s/files/1/0076/8301/4754/products/Drift-Evo-Carbon-Sonic-Anthracite-White-3-4.jpg?v=1654665932|role:hero || https://cdn.shopify.com/s/files/1/0076/8301/4754/products/Drift-Evo-Carbon-Sonic-Anthracite-White-profile.jpg?v=1654665934|role:construction detail || https://cdn.shopify.com/s/files/1/0076/8301/4754/products/Drift-Evo-Carbon-Sonic-Anthracite-White-rear.jpg?v=1654665933|role:side profile,3,false,/products/caberg-drift-evo-sonic-carbon-helmet,/products/caberg-drift-evo-sonic-carbon-helmet
caberg-drift-evo-carbon-pro-helmet,caberg-drift-evo-carbon-pro-helmet,Caberg Drift Evo Carbon Pro Helmet,Caberg Drift Evo Carbon Pro Helmet,caberg-drift-evo-carbon-pro-helmet,The integral helmet Drift Evo from Caberg offers an even sportier and more aggressive design than the well-known integral helmet Drift. With a completely redesigned… • scratch-resistant visor including Pinlock. • integrated sun visor. • easy and quick change of visor. • Quick Release visor mechanism for fine adjustment of the visor. Available in multiple sizes and/or colours — select your variant.,"The integral helmet Drift Evo from Caberg offers an even sportier and more aggressive design than the well-known integral helmet Drift. With a completely redesigned lining, the Drift Evo has a good fit and comfort. The rear spoiler increases aerodynamics at higher speeds and reduces turbulence.<br><br>

<b>Features:</b><br>

<li>scratch-resistant visor including Pinlock</li>
<li>integrated sun visor</li>
<li>easy and quick change of visor</li>
<li>Quick Release visor mechanism for fine adjustment of the visor</li>
<li>Sight and head ventilation</li>
<li>anti-rain profile</li>
<li>wind tunnel tested aerodynamics</li>
<li>double anti-turbulent neck guard</li>
<li>detachable windstopper</li>
<li>removable and washable interior equipment</li>
<li>high-quality multi-layer coating with UV protection</li>
<li>prepared for Bluetooth communication set</li><br>
<b>Specifications:</b><br>

<li>Carbon</li>
<li>100% polyester lining</li>
<li>ECE 22.05</li>
<li>Closure: Double D</li>
<li>Weight: small helmet shell (XS-M): 1280g (+/-50g); large helmet shell (L-2XL): 1340g (+/-50g)</li><br>
<b>Contents:</b><br>

<li>1 x Caberg Carbon Helmet</li>
<li>1 x strong tinted visor</li>
<li>1 x Pinlock Lens</li>","The integral helmet Drift Evo from Caberg offers an even sportier and more aggressive design than the well-known integral helmet Drift. With a completely redesigned lining, the Drift Evo has a good fit and comfort. The rear spoiler increases aerodynamics at higher speeds and reduces turbulence.

Features:

• scratch-resistant visor including Pinlock

• integrated sun visor

• easy and quick change of visor

• Quick Release visor mechanism for fine adjustment of the visor

• Sight and head ventilation

• anti-rain profile

• wind tunnel tested aerodynamics

• double anti-turbulent neck guard

• detachable windstopper

• removable and washable interior equipment

• high-quality multi-layer coating with UV protection

• prepared for Bluetooth communication set

Specifications:

• Carbon

• 100% polyester lining

• ECE 22.05

• Closure: Double D

• Weight: small helmet shell (XS-M): 1280g (+/-50g); large helmet shell (L-2XL): 1340g (+/-50g)

Contents:

• 1 x Caberg Carbon Helmet

• 1 x strong tinted visor

• 1 x Pinlock Lens",60000,,2026-07-26,active,Caberg,5000,g,Buy Caberg Drift Evo Carbon Pro Helmet | Mile 27 Store,The integral helmet Drift Evo from Caberg offers an even sportier and more aggressive design than the well-known integral helmet Drift. With a completely…,scratch-resistant visor including Pinlock | integrated sun visor | easy and quick change of visor | Quick Release visor mechanism for fine adjustment of the visor,Cleaned noise; brand verified,High,false,Helmets,High,"Mapped from Shopify Type ""Helmets""",caberg-drift-evo-carbon-pro-helmet-1|Size:XS|price:60000.00|compare:|weight:5000|barcode:|qty:0 | caberg-drift-evo-carbon-pro-helmet-2|Size:S|price:60000.00|compare:|weight:5000|barcode:|qty:0 | caberg-drift-evo-carbon-pro-helmet-3|Size:M|price:60000.00|compare:|weight:5000|barcode:|qty:0 | caberg-drift-evo-carbon-pro-helmet-4|Size:L|price:60000.00|compare:|weight:5000|barcode:|qty:0 | caberg-drift-evo-carbon-pro-helmet-5|Size:XL|price:60000.00|compare:|weight:5000|barcode:|qty:0 | caberg-drift-evo-carbon-pro-helmet-6|Size:XXL|price:60000.00|compare:|weight:5000|barcode:|qty:0,"caberg-drift-evo-carbon-pro-helmet-1,caberg-drift-evo-carbon-pro-helmet-2,caberg-drift-evo-carbon-pro-helmet-3,caberg-drift-evo-carbon-pro-helmet-4,caberg-drift-evo-carbon-pro-helmet-5,caberg-drift-evo-carbon-pro-helmet-6",6,https://cdn.shopify.com/s/files/1/0076/8301/4754/products/30135001.jpg?v=1654665614|pos:1|alt:Caberg Caberg Drift Evo Carbon Pro Helmet – front view || https://cdn.shopify.com/s/files/1/0076/8301/4754/products/30135001_3.jpg?v=1654665614|pos:2|alt:Caberg Caberg Drift Evo Carbon Pro Helmet – side view || https://cdn.shopify.com/s/files/1/0076/8301/4754/products/30135001_4.jpg?v=1654665615|pos:3|alt:Caberg Caberg Drift Evo Carbon Pro Helmet – rear view || https://cdn.shopify.com/s/files/1/0076/8301/4754/products/30135001_5.jpg?v=1654665614|pos:4|alt:Caberg Caberg Drift Evo Carbon Pro Helmet – detail view,4,Caberg Caberg Drift Evo Carbon Pro Helmet – front view | Caberg Caberg Drift Evo Carbon Pro Helmet – side view | Caberg Caberg Drift Evo Carbon Pro Helmet – rear view | Caberg Caberg Drift Evo Carbon Pro Helmet – detail view,,0,Caberg Drift Evo Carbon Pro Helmet,Caberg Drift Evo Carbon Pro Helmet. The integral helmet Drift Evo from Caberg offers an even sportier and more aggressive design than the well-known integral helmet Drift.,,,scratch-resistant visor including Pinlock. integrated sun visor. easy and quick change of visor. Quick Release visor mechanism for fine adjustment of the visor.,,Available in multiple sizes. Check the size guide before ordering.,Caberg Drift Evo Carbon Pro Helmet — a helmet built to the specifications listed above.,true,draft,https://cdn.shopify.com/s/files/1/0076/8301/4754/products/30135001.jpg?v=1654665614|role:hero || https://cdn.shopify.com/s/files/1/0076/8301/4754/products/30135001_3.jpg?v=1654665614|role:construction detail || https://cdn.shopify.com/s/files/1/0076/8301/4754/products/30135001_4.jpg?v=1654665615|role:side profile,3,false,/products/caberg-drift-evo-carbon-pro-helmet,/products/caberg-drift-evo-carbon-pro-helmet
caberg-levo-prospect-helmet,caberg-levo-prospect-helmet,Caberg Levo Prospect Helmet,Caberg Levo Prospect Helmet,caberg-levo-prospect-helmet,The new helmet Levo by Caberg offers a completely different panorama. The ultra wide visor guarantees a unique field of vision. Thanks to the dual… • helmet with one hand operation. • front part locked in unfolded state. • helmet is by folding the front part as a jet helmet mobile. • homologated as integral and open face helmet (P/J). Available in multiple sizes and/or colours — select your variant.,"The new helmet Levo by Caberg offers a completely different panorama. The ultra wide visor guarantees a unique field of vision. Thanks to the dual homologation P / J and an avant-garde ventilation system, it offers optimum comfort, even under the most extreme conditions.<br><br>

<b>Features:</b><br>

<li>helmet with one hand operation</li>
<li>front part locked in unfolded state</li>
<li>helmet is by folding the front part as a jet helmet mobile</li>
<li>homologated as integral and open face helmet (P/J)</li>
<li>scratch-resistant visor including Pinlock®</li>
<li>integrated sun visor</li>
<li>easy and quick change of visor</li>
<li>visor and head ventilation</li>
<li>anti-rain profile</li>
<li>wind tunnel tested aerodynamics</li>
<li>double anti-turbulent neck protection</li>
<li>removable windstopper</li>
<li>removable and washable interior</li>
<li>Micro Metric helmet closure</li>
<li>high-quality multi-layer coating with UV protection</li>
<li>prepared for Bluetooth communication set</li>
<li>two shell sizes (XS - M and L - 2XL)</li><br>
<b>Specifications:</b><br>

<li>fibre glass</li>
<li>lining made of 100% Polyester</li>
<li>ECE 22.05</li>
<li>Closure: Micro Ratchet Closure</li>
<li>Weight: small helmet shell: 1550 g +/- 50 g; big helmet shell: 1650 g +/- 50 g</li><br>
<b>Contents:</b><br>

<li>1 x Caberg Levo Helmet</li>
<li>1 x Pinlock lens</li>","The new helmet Levo by Caberg offers a completely different panorama. The ultra wide visor guarantees a unique field of vision. Thanks to the dual homologation P / J and an avant-garde ventilation system, it offers optimum comfort, even under the most extreme conditions.

Features:

• helmet with one hand operation

• front part locked in unfolded state

• helmet is by folding the front part as a jet helmet mobile

• homologated as integral and open face helmet (P/J)

• scratch-resistant visor including Pinlock®

• integrated sun visor

• easy and quick change of visor

• visor and head ventilation

• anti-rain profile

• wind tunnel tested aerodynamics

• double anti-turbulent neck protection

• removable windstopper

• removable and washable interior

• Micro Metric helmet closure

• high-quality multi-layer coating with UV protection

• prepared for Bluetooth communication set

• two shell sizes (XS - M and L - 2XL)

Specifications:

• fibre glass

• lining made of 100% Polyester

• ECE 22.05

• Closure: Micro Ratchet Closure

• Weight: small helmet shell: 1550 g +/- 50 g; big helmet shell: 1650 g +/- 50 g

Contents:

• 1 x Caberg Levo Helmet

• 1 x Pinlock lens",60000,,2026-07-26,active,Caberg,5000,g,Buy Caberg Levo Prospect Helmet | Mile 27 Store,The new helmet Levo by Caberg offers a completely different panorama. The ultra wide visor guarantees a unique field of vision. Thanks to the dual… helmet…,helmet with one hand operation | front part locked in unfolded state | helmet is by folding the front part as a jet helmet mobile | homologated as integral and open face helmet (P/J),Cleaned noise; brand verified,High,false,Helmets,High,"Mapped from Shopify Type ""Helmets""",caberg-levo-prospect-helmet-1|Size:XS:Colour:Black Matt/Camel|price:60000.00|compare:|weight:5000|barcode:|qty:0 | caberg-levo-prospect-helmet-2|Size:XS:Colour:Black Matt/White|price:60000.00|compare:|weight:5000|barcode:|qty:0 | caberg-levo-prospect-helmet-3|Size:XS:Colour:Black Matt/Yellow|price:60000.00|compare:|weight:5000|barcode:|qty:0 | caberg-levo-prospect-helmet-4|Size:S:Colour:Black Matt/Camel|price:60000.00|compare:|weight:5000|barcode:|qty:0 | caberg-levo-prospect-helmet-5|Size:S:Colour:Black Matt/White|price:60000.00|compare:|weight:5000|barcode:|qty:0 | caberg-levo-prospect-helmet-6|Size:S:Colour:Black Matt/Yellow|price:60000.00|compare:|weight:5000|barcode:|qty:0 | caberg-levo-prospect-helmet-7|Size:M:Colour:Black Matt/Camel|price:60000.00|compare:|weight:5000|barcode:|qty:0 | caberg-levo-prospect-helmet-8|Size:M:Colour:Black Matt/White|price:60000.00|compare:|weight:5000|barcode:|qty:0 | caberg-levo-prospect-helmet-9|Size:M:Colour:Black Matt/Yellow|price:60000.00|compare:|weight:5000|barcode:|qty:0 | caberg-levo-prospect-helmet-10|Size:L:Colour:Black Matt/Camel|price:60000.00|compare:|weight:5000|barcode:|qty:0 | caberg-levo-prospect-helmet-11|Size:L:Colour:Black Matt/White|price:60000.00|compare:|weight:5000|barcode:|qty:0 | caberg-levo-prospect-helmet-12|Size:L:Colour:Black Matt/Yellow|price:60000.00|compare:|weight:5000|barcode:|qty:0 | caberg-levo-prospect-helmet-13|Size:XL:Colour:Black Matt/Camel|price:60000.00|compare:|weight:5000|barcode:|qty:0 | caberg-levo-prospect-helmet-14|Size:XL:Colour:Black Matt/White|price:60000.00|compare:|weight:5000|barcode:|qty:0 | caberg-levo-prospect-helmet-15|Size:XL:Colour:Black Matt/Yellow|price:60000.00|compare:|weight:5000|barcode:|qty:0 | caberg-levo-prospect-helmet-16|Size:XXL:Colour:Black Matt/Camel|price:60000.00|compare:|weight:5000|barcode:|qty:0 | caberg-levo-prospect-helmet-17|Size:XXL:Colour:Black Matt/White|price:60000.00|compare:|weight:5000|barcode:|qty:0 | caberg-levo-prospect-helmet-18|Size:XXL:Colour:Black Matt/Yellow|price:60000.00|compare:|weight:5000|barcode:|qty:0,"caberg-levo-prospect-helmet-1,caberg-levo-prospect-helmet-2,caberg-levo-prospect-helmet-3,caberg-levo-prospect-helmet-4,caberg-levo-prospect-helmet-5,caberg-levo-prospect-helmet-6,caberg-levo-prospect-helmet-7,caberg-levo-prospect-helmet-8,caberg-levo-prospect-helmet-9,caberg-levo-prospect-helmet-10,caberg-levo-prospect-helmet-11,caberg-levo-prospect-helmet-12,caberg-levo-prospect-helmet-13,caberg-levo-prospect-helmet-14,caberg-levo-prospect-helmet-15,caberg-levo-prospect-helmet-16,caberg-levo-prospect-helmet-17,caberg-levo-prospect-helmet-18",18,https://cdn.shopify.com/s/files/1/0076/8301/4754/products/30920048.jpg?v=1654665277|pos:1|alt:Caberg Caberg Levo Prospect Helmet – front view || https://cdn.shopify.com/s/files/1/0076/8301/4754/products/30920048_1.jpg?v=1654665277|pos:2|alt:Caberg Caberg Levo Prospect Helmet – side view || https://cdn.shopify.com/s/files/1/0076/8301/4754/products/30920048_2.jpg?v=1654665280|pos:3|alt:Caberg Caberg Levo Prospect Helmet – rear view || https://cdn.shopify.com/s/files/1/0076/8301/4754/products/30920048_3.jpg?v=1654665280|pos:4|alt:Caberg Caberg Levo Prospect Helmet – detail view || https://cdn.shopify.com/s/files/1/0076/8301/4754/products/30920042.jpg?v=1654665281|pos:5|alt:Caberg Caberg Levo Prospect Helmet – top view || https://cdn.shopify.com/s/files/1/0076/8301/4754/products/30920045.jpg?v=1654665277|pos:6|alt:Caberg Caberg Levo Prospect Helmet – product view,6,Caberg Caberg Levo Prospect Helmet – front view | Caberg Caberg Levo Prospect Helmet – side view | Caberg Caberg Levo Prospect Helmet – rear view | Caberg Caberg Levo Prospect Helmet – detail view | Caberg Caberg Levo Prospect Helmet – top view | Caberg Caberg Levo Prospect Helmet – product view,,0,Caberg Levo Prospect Helmet,Caberg Levo Prospect Helmet. The new helmet Levo by Caberg offers a completely different panorama.,,,helmet with one hand operation. front part locked in unfolded state. helmet is by folding the front part as a jet helmet mobile. homologated as integral and open face helmet (P/J).,,Available in multiple sizes. Check the size guide before ordering.,Caberg Levo Prospect Helmet — a helmet built to the specifications listed above.,true,draft,https://cdn.shopify.com/s/files/1/0076/8301/4754/products/30920048.jpg?v=1654665277|role:hero || https://cdn.shopify.com/s/files/1/0076/8301/4754/products/30920048_1.jpg?v=1654665277|role:construction detail || https://cdn.shopify.com/s/files/1/0076/8301/4754/products/30920048_2.jpg?v=1654665280|role:side profile,3,false,/products/caberg-levo-prospect-helmet,/products/caberg-levo-prospect-helmet
caberg-levo-sonar-helmet,caberg-levo-sonar-helmet,Caberg Levo Sonar Helmet,Caberg Levo Sonar Helmet,caberg-levo-sonar-helmet,The new flip-up helmet Levo from Caberg offers a completely different panorama. The ultra-wide visor guarantees a unique field of vision. Thanks to the dual… • Folding helmet with one-hand operation. • Front part locks in the open position. • Helmet can also be used as a jet helmet by folding up the front part. • Homologated as integral and jet helmet (P/J). Available in multiple sizes and/or colours — select your variant.,"The new flip-up helmet Levo from Caberg offers a completely different panorama. The ultra-wide visor guarantees a unique field of vision. Thanks to the dual homologation P/J and an avant-garde ventilation system, it offers optimal comfort, even in the most extreme conditions.<br><br>

<b>Features:</b><br>

<li>Folding helmet with one-hand operation</li>
<li>Front part locks in the open position</li>
<li>Helmet can also be used as a jet helmet by folding up the front part</li>
<li>Homologated as integral and jet helmet (P/J)</li>
<li>Scratch resistant visor</li>
<li>Integrated sun visor</li>
<li>Easy and fast visor change</li>
<li>Visor and head ventilation</li>
<li>Anti-rain profile</li>
<li>Wind tunnel tested aerodynamics</li>
<li>Double anti-turbulence neck guard</li>
<li>Removable wind stopper</li>
<li>Removable and washable liner</li>
<li>Micro Metric helmet closure</li>
<li>High quality multi-layer paint with UV protection</li>
<li>Prepared for Bluetooth communication set</li>
<li>Two shell sizes (XS - M and L - 2XL)</li><br>
<b>Specifications:</b><br>

<li>Material: fiberglass</li>
<li>Lining: 100% polyester</li>
<li>Closure: Micro ratchet closure</li>
<li>ECE 22.05</li>
<li>Weight: small helmet shell: 1550 g +/- 50 g; large helmet shell: 1650 g +/- 50 g</li><br>
<b>Contents:</b><br>

<li>1 x Caberg Levo Sonar Helmet</li>
<li>1 x Pinlock lens</li>","The new flip-up helmet Levo from Caberg offers a completely different panorama. The ultra-wide visor guarantees a unique field of vision. Thanks to the dual homologation P/J and an avant-garde ventilation system, it offers optimal comfort, even in the most extreme conditions.

Features:

• Folding helmet with one-hand operation

• Front part locks in the open position

• Helmet can also be used as a jet helmet by folding up the front part

• Homologated as integral and jet helmet (P/J)

• Scratch resistant visor

• Integrated sun visor

• Easy and fast visor change

• Visor and head ventilation

• Anti-rain profile

• Wind tunnel tested aerodynamics

• Double anti-turbulence neck guard

• Removable wind stopper

• Removable and washable liner

• Micro Metric helmet closure

• High quality multi-layer paint with UV protection

• Prepared for Bluetooth communication set

• Two shell sizes (XS - M and L - 2XL)

Specifications:

• Material: fiberglass

• Lining: 100% polyester

• Closure: Micro ratchet closure

• ECE 22.05

• Weight: small helmet shell: 1550 g +/- 50 g; large helmet shell: 1650 g +/- 50 g

Contents:

• 1 x Caberg Levo Sonar Helmet

• 1 x Pinlock lens",60000,,2026-07-26,active,Caberg,5000,g,Buy Caberg Levo Sonar Helmet | Mile 27 Store,The new flip-up helmet Levo from Caberg offers a completely different panorama. The ultra-wide visor guarantees a unique field of vision. Thanks to the…,Folding helmet with one-hand operation | Front part locks in the open position | Helmet can also be used as a jet helmet by folding up the front part | Homologated as integral and jet helmet (P/J),Cleaned noise; brand verified,High,false,Helmets,High,"Mapped from Shopify Type ""Helmets""",caberg-levo-sonar-helmet-1|Size:XS:Colour:White/Blue/Red|price:60000.00|compare:|weight:5000|barcode:|qty:0 | caberg-levo-sonar-helmet-2|Size:XS:Colour:Black/Grey/White|price:60000.00|compare:|weight:5000|barcode:|qty:0 | caberg-levo-sonar-helmet-3|Size:XS:Colour:Black/Red|price:60000.00|compare:|weight:5000|barcode:|qty:0 | caberg-levo-sonar-helmet-4|Size:S:Colour:White/Blue/Red|price:60000.00|compare:|weight:5000|barcode:|qty:0 | caberg-levo-sonar-helmet-5|Size:S:Colour:Black/Grey/White|price:60000.00|compare:|weight:5000|barcode:|qty:0 | caberg-levo-sonar-helmet-6|Size:S:Colour:Black/Red|price:60000.00|compare:|weight:5000|barcode:|qty:0 | caberg-levo-sonar-helmet-7|Size:M:Colour:White/Blue/Red|price:60000.00|compare:|weight:5000|barcode:|qty:0 | caberg-levo-sonar-helmet-8|Size:M:Colour:Black/Grey/White|price:60000.00|compare:|weight:5000|barcode:|qty:0 | caberg-levo-sonar-helmet-9|Size:M:Colour:Black/Red|price:60000.00|compare:|weight:5000|barcode:|qty:0 | caberg-levo-sonar-helmet-10|Size:L:Colour:White/Blue/Red|price:60000.00|compare:|weight:5000|barcode:|qty:0 | caberg-levo-sonar-helmet-11|Size:L:Colour:Black/Grey/White|price:60000.00|compare:|weight:5000|barcode:|qty:0 | caberg-levo-sonar-helmet-12|Size:L:Colour:Black/Red|price:60000.00|compare:|weight:5000|barcode:|qty:0 | caberg-levo-sonar-helmet-13|Size:XL:Colour:White/Blue/Red|price:60000.00|compare:|weight:5000|barcode:|qty:0 | caberg-levo-sonar-helmet-14|Size:XL:Colour:Black/Grey/White|price:60000.00|compare:|weight:5000|barcode:|qty:0 | caberg-levo-sonar-helmet-15|Size:XL:Colour:Black/Red|price:60000.00|compare:|weight:5000|barcode:|qty:0 | caberg-levo-sonar-helmet-16|Size:XXL:Colour:White/Blue/Red|price:60000.00|compare:|weight:5000|barcode:|qty:0 | caberg-levo-sonar-helmet-17|Size:XXL:Colour:Black/Grey/White|price:60000.00|compare:|weight:5000|barcode:|qty:0 | caberg-levo-sonar-helmet-18|Size:XXL:Colour:Black/Red|price:60000.00|compare:|weight:5000|barcode:|qty:0,"caberg-levo-sonar-helmet-1,caberg-levo-sonar-helmet-2,caberg-levo-sonar-helmet-3,caberg-levo-sonar-helmet-4,caberg-levo-sonar-helmet-5,caberg-levo-sonar-helmet-6,caberg-levo-sonar-helmet-7,caberg-levo-sonar-helmet-8,caberg-levo-sonar-helmet-9,caberg-levo-sonar-helmet-10,caberg-levo-sonar-helmet-11,caberg-levo-sonar-helmet-12,caberg-levo-sonar-helmet-13,caberg-levo-sonar-helmet-14,caberg-levo-sonar-helmet-15,caberg-levo-sonar-helmet-16,caberg-levo-sonar-helmet-17,caberg-levo-sonar-helmet-18",18,https://cdn.shopify.com/s/files/1/0076/8301/4754/products/Levo-Sonar-White-Blue-Light-Blue-Red-3-4.jpg?v=1654665006|pos:1|alt:Caberg Caberg Levo Sonar Helmet – front view || https://cdn.shopify.com/s/files/1/0076/8301/4754/products/Levo-Sonar-White-Blue-Light-Blue-Red-3-4-open.jpg?v=1654665009|pos:2|alt:Caberg Caberg Levo Sonar Helmet – side view || https://cdn.shopify.com/s/files/1/0076/8301/4754/products/Levo-Sonar-White-Blue-Light-Blue-Red-profile.jpg?v=1654665006|pos:3|alt:Caberg Caberg Levo Sonar Helmet – rear view || https://cdn.shopify.com/s/files/1/0076/8301/4754/products/Levo-Sonar-White-Blue-Light-Blue-Red-rear.jpg?v=1654665008|pos:4|alt:Caberg Caberg Levo Sonar Helmet – detail view || https://cdn.shopify.com/s/files/1/0076/8301/4754/products/Levo-Sonar-Matt-Black-White-Anthracite-Silver-3-4.jpg?v=1654665008|pos:5|alt:Caberg Caberg Levo Sonar Helmet – top view || https://cdn.shopify.com/s/files/1/0076/8301/4754/products/Levo-Sonar-Black-Red-Anthracite-Silver-3-4.jpg?v=1654665008|pos:6|alt:Caberg Caberg Levo Sonar Helmet – product view,6,Caberg Caberg Levo Sonar Helmet – front view | Caberg Caberg Levo Sonar Helmet – side view | Caberg Caberg Levo Sonar Helmet – rear view | Caberg Caberg Levo Sonar Helmet – detail view | Caberg Caberg Levo Sonar Helmet – top view | Caberg Caberg Levo Sonar Helmet – product view,,0,Caberg Levo Sonar Helmet,Caberg Levo Sonar Helmet. The new flip-up helmet Levo from Caberg offers a completely different panorama.,,,Folding helmet with one-hand operation. Front part locks in the open position. Helmet can also be used as a jet helmet by folding up the front part. Homologated as integral and jet helmet (P/J).,,Available in multiple sizes. Check the size guide before ordering.,Caberg Levo Sonar Helmet — a helmet built to the specifications listed above.,true,draft,https://cdn.shopify.com/s/files/1/0076/8301/4754/products/Levo-Sonar-White-Blue-Light-Blue-Red-3-4.jpg?v=1654665006|role:hero || https://cdn.shopify.com/s/files/1/0076/8301/4754/products/Levo-Sonar-White-Blue-Light-Blue-Red-3-4-open.jpg?v=1654665009|role:construction detail || https://cdn.shopify.com/s/files/1/0076/8301/4754/products/Levo-Sonar-White-Blue-Light-Blue-Red-profile.jpg?v=1654665006|role:side profile,3,false,/products/caberg-levo-sonar-helmet,/products/caberg-levo-sonar-helmet
caberg-levo-flow-helmet,caberg-levo-flow-helmet,Caberg Levo Flow Helmet,Caberg Levo Flow Helmet,caberg-levo-flow-helmet,The new helmet Levo by Caberg offers a completely different panorama. The ultra wide visor guarantees a unique field of vision. Thanks to the dual… • helmet with one hand operation. • front part locked in unfolded state. • helmet is by folding the front part as a jet helmet mobile. • homologated as integral and open face helmet (P/J). Available in multiple sizes and/or colours — select your variant.,"The new helmet Levo by Caberg offers a completely different panorama. The ultra wide visor guarantees a unique field of vision. Thanks to the dual homologation P / J and an avant-garde ventilation system, it offers optimum comfort, even under the most extreme conditions.<br><br>

<b>Features:</b><br>

<li>helmet with one hand operation</li>
<li>front part locked in unfolded state</li>
<li>helmet is by folding the front part as a jet helmet mobile</li>
<li>homologated as integral and open face helmet (P/J)</li>
<li>scratch-resistant visor including Pinlock®</li>
<li>integrated sun visor</li>
<li>easy and quick change of visor</li>
<li>visor and head ventilation</li>
<li>anti-rain profile</li>
<li>wind tunnel tested aerodynamics</li>
<li>double anti-turbulent neck protection</li>
<li>removable windstopper</li>
<li>removable and washable interior</li>
<li>Micro Metric helmet closure</li>
<li>high-quality multi-layer coating with UV protection</li>
<li>prepared for Bluetooth communication set</li>
<li>two shell sizes (XS - M and L - 2XL)</li><br>
<b>Specifications:</b><br>

<li>fibre glass</li>
<li>lining made of 100% Polyester</li>
<li>ECE 22.05</li><br>
<b>Weight:</b><br>

<li>small helmet shell: 1500 g +/- 50 g</li>
<li>big helmet shell: 1650 g +/- 50 g</li><br>
<b>Contents:</b><br>

<li>1 x Caberg Levo Flow Helmet</li>
<li>1 x Pinlock lens</li>","The new helmet Levo by Caberg offers a completely different panorama. The ultra wide visor guarantees a unique field of vision. Thanks to the dual homologation P / J and an avant-garde ventilation system, it offers optimum comfort, even under the most extreme conditions.

Features:

• helmet with one hand operation

• front part locked in unfolded state

• helmet is by folding the front part as a jet helmet mobile

• homologated as integral and open face helmet (P/J)

• scratch-resistant visor including Pinlock®

• integrated sun visor

• easy and quick change of visor

• visor and head ventilation

• anti-rain profile

• wind tunnel tested aerodynamics

• double anti-turbulent neck protection

• removable windstopper

• removable and washable interior

• Micro Metric helmet closure

• high-quality multi-layer coating with UV protection

• prepared for Bluetooth communication set

• two shell sizes (XS - M and L - 2XL)

Specifications:

• fibre glass

• lining made of 100% Polyester

• ECE 22.05

Weight:

• small helmet shell: 1500 g +/- 50 g

• big helmet shell: 1650 g +/- 50 g

Contents:

• 1 x Caberg Levo Flow Helmet

• 1 x Pinlock lens",60000,,2026-07-26,active,Caberg,5000,g,Buy Caberg Levo Flow Helmet | Mile 27 Store,The new helmet Levo by Caberg offers a completely different panorama. The ultra wide visor guarantees a unique field of vision. Thanks to the dual… helmet…,helmet with one hand operation | front part locked in unfolded state | helmet is by folding the front part as a jet helmet mobile | homologated as integral and open face helmet (P/J),Cleaned noise; brand verified,High,false,Helmets,High,"Mapped from Shopify Type ""Helmets""",caberg-levo-flow-helmet-1|Size:XS|price:60000.00|compare:|weight:5000|barcode:|qty:0 | caberg-levo-flow-helmet-2|Size:S|price:60000.00|compare:|weight:5000|barcode:|qty:0 | caberg-levo-flow-helmet-3|Size:M|price:60000.00|compare:|weight:5000|barcode:|qty:0 | caberg-levo-flow-helmet-4|Size:L|price:60000.00|compare:|weight:5000|barcode:|qty:0 | caberg-levo-flow-helmet-5|Size:XL|price:60000.00|compare:|weight:5000|barcode:|qty:0 | caberg-levo-flow-helmet-6|Size:XXL|price:60000.00|compare:|weight:5000|barcode:|qty:0,"caberg-levo-flow-helmet-1,caberg-levo-flow-helmet-2,caberg-levo-flow-helmet-3,caberg-levo-flow-helmet-4,caberg-levo-flow-helmet-5,caberg-levo-flow-helmet-6",6,https://cdn.shopify.com/s/files/1/0076/8301/4754/products/30900035.jpg?v=1654664760|pos:1|alt:Caberg Caberg Levo Flow Helmet – front view || https://cdn.shopify.com/s/files/1/0076/8301/4754/products/30920035_1_ergebnis.jpg?v=1654664759|pos:2|alt:Caberg Caberg Levo Flow Helmet – side view || https://cdn.shopify.com/s/files/1/0076/8301/4754/products/30920035_2_ergebnis.jpg?v=1654664762|pos:3|alt:Caberg Caberg Levo Flow Helmet – rear view || https://cdn.shopify.com/s/files/1/0076/8301/4754/products/30920035_5_ergebnis.jpg?v=1654664761|pos:4|alt:Caberg Caberg Levo Flow Helmet – detail view,4,Caberg Caberg Levo Flow Helmet – front view | Caberg Caberg Levo Flow Helmet – side view | Caberg Caberg Levo Flow Helmet – rear view | Caberg Caberg Levo Flow Helmet – detail view,,0,Caberg Levo Flow Helmet,Caberg Levo Flow Helmet. The new helmet Levo by Caberg offers a completely different panorama.,,,helmet with one hand operation. front part locked in unfolded state. helmet is by folding the front part as a jet helmet mobile. homologated as integral and open face helmet (P/J).,,Available in multiple sizes. Check the size guide before ordering.,Caberg Levo Flow Helmet — a helmet built to the specifications listed above.,true,draft,https://cdn.shopify.com/s/files/1/0076/8301/4754/products/30900035.jpg?v=1654664760|role:hero || https://cdn.shopify.com/s/files/1/0076/8301/4754/products/30920035_1_ergebnis.jpg?v=1654664759|role:construction detail || https://cdn.shopify.com/s/files/1/0076/8301/4754/products/30920035_2_ergebnis.jpg?v=1654664762|role:side profile,3,false,/products/caberg-levo-flow-helmet,/products/caberg-levo-flow-helmet
caberg-levo-carbon-helmet,caberg-levo-carbon-helmet,Caberg Levo Carbon Helmet,Caberg Levo Carbon Helmet,caberg-levo-carbon-helmet,The new helmet Levo by Caberg offers a completely different panorama. The ultra wide visor guarantees a unique field of vision. Thanks to the dual… • helmet with one hand operation. • front part locked in unfolded state. • helmet is by folding the front part as a jet helmet mobile. • homologated as integral and open face helmet (P/J). Available in multiple sizes and/or colours — select your variant.,"The new helmet Levo by Caberg offers a completely different panorama. The ultra wide visor guarantees a unique field of vision. Thanks to the dual homologation P / J and an avant-garde ventilation system, it offers optimum comfort, even under the most extreme conditions.<br><br>

<b>Features:</b><br>

<li>helmet with one hand operation</li>
<li>front part locked in unfolded state</li>
<li>helmet is by folding the front part as a jet helmet mobile</li>
<li>homologated as integral and open face helmet (P/J)</li>
<li>scratch-resistant visor including Pinlock®</li>
<li>integrated sun visor</li>
<li>easy and quick change of visor</li>
<li>visor and head ventilation</li>
<li>anti-rain profile</li>
<li>wind tunnel tested aerodynamics</li>
<li>double anti-turbulent neck protection</li>
<li>removable windstopper</li>
<li>removable and washable interior</li>
<li>Micro Metric helmet closure</li>
<li>high-quality multi-layer coating with UV protection</li>
<li>prepared for Bluetooth communication set</li>
<li>two shell sizes (XS - M and L - 2XL)</li><br>
<b>Specifications:</b><br>

<li>Tricomposite: fibre glass - carbon - aramid</li>
<li>lining made of 100% Polyester</li>
<li>ECE 22.05</li><br>
<b>Weight:</b><br>

<li>small helmet shell: 1450 g +/- 50 g</li>
<li>big helmet shell: 1550 g +/- 50 g</li><br>
<b>Contents:</b><br>

<li>1 x Caberg Levo Carbon Helmet</li>
<li>1 x Pinlock lens</li>","The new helmet Levo by Caberg offers a completely different panorama. The ultra wide visor guarantees a unique field of vision. Thanks to the dual homologation P / J and an avant-garde ventilation system, it offers optimum comfort, even under the most extreme conditions.

Features:

• helmet with one hand operation

• front part locked in unfolded state

• helmet is by folding the front part as a jet helmet mobile

• homologated as integral and open face helmet (P/J)

• scratch-resistant visor including Pinlock®

• integrated sun visor

• easy and quick change of visor

• visor and head ventilation

• anti-rain profile

• wind tunnel tested aerodynamics

• double anti-turbulent neck protection

• removable windstopper

• removable and washable interior

• Micro Metric helmet closure

• high-quality multi-layer coating with UV protection

• prepared for Bluetooth communication set

• two shell sizes (XS - M and L - 2XL)

Specifications:

• Tricomposite: fibre glass - carbon - aramid

• lining made of 100% Polyester

• ECE 22.05

Weight:

• small helmet shell: 1450 g +/- 50 g

• big helmet shell: 1550 g +/- 50 g

Contents:

• 1 x Caberg Levo Carbon Helmet

• 1 x Pinlock lens",70000,,2026-07-26,active,Caberg,5000,g,Buy Caberg Levo Carbon Helmet | Mile 27 Store,The new helmet Levo by Caberg offers a completely different panorama. The ultra wide visor guarantees a unique field of vision. Thanks to the dual… helmet…,helmet with one hand operation | front part locked in unfolded state | helmet is by folding the front part as a jet helmet mobile | homologated as integral and open face helmet (P/J),Cleaned noise; brand verified,High,false,Helmets,High,"Mapped from Shopify Type ""Helmets""",caberg-levo-carbon-helmet-1|Size:XS|price:70000.00|compare:|weight:5000|barcode:|qty:0 | caberg-levo-carbon-helmet-2|Size:S|price:70000.00|compare:|weight:5000|barcode:|qty:0 | caberg-levo-carbon-helmet-3|Size:M|price:70000.00|compare:|weight:5000|barcode:|qty:0 | caberg-levo-carbon-helmet-4|Size:L|price:70000.00|compare:|weight:5000|barcode:|qty:0 | caberg-levo-carbon-helmet-5|Size:XL|price:70000.00|compare:|weight:5000|barcode:|qty:0 | caberg-levo-carbon-helmet-6|Size:XXL|price:70000.00|compare:|weight:5000|barcode:|qty:0,"caberg-levo-carbon-helmet-1,caberg-levo-carbon-helmet-2,caberg-levo-carbon-helmet-3,caberg-levo-carbon-helmet-4,caberg-levo-carbon-helmet-5,caberg-levo-carbon-helmet-6",6,https://cdn.shopify.com/s/files/1/0076/8301/4754/products/30925011_ergebnis.jpg?v=1654664108|pos:1|alt:Caberg Caberg Levo Carbon Helmet – front view || https://cdn.shopify.com/s/files/1/0076/8301/4754/products/30925011_2_ergebnis.jpg?v=1654664109|pos:2|alt:Caberg Caberg Levo Carbon Helmet – side view || https://cdn.shopify.com/s/files/1/0076/8301/4754/products/30925011_5_ergebnis.jpg?v=1654664108|pos:3|alt:Caberg Caberg Levo Carbon Helmet – rear view || https://cdn.shopify.com/s/files/1/0076/8301/4754/products/30925011_1_ergebnis.jpg?v=1654664109|pos:4|alt:Caberg Caberg Levo Carbon Helmet – detail view || https://cdn.shopify.com/s/files/1/0076/8301/4754/products/30925011_4_ergebnis.jpg?v=1654664109|pos:5|alt:Caberg Caberg Levo Carbon Helmet – top view,5,Caberg Caberg Levo Carbon Helmet – front view | Caberg Caberg Levo Carbon Helmet – side view | Caberg Caberg Levo Carbon Helmet – rear view | Caberg Caberg Levo Carbon Helmet – detail view | Caberg Caberg Levo Carbon Helmet – top view,,0,Caberg Levo Carbon Helmet,Caberg Levo Carbon Helmet. The new helmet Levo by Caberg offers a completely different panorama.,,,helmet with one hand operation. front part locked in unfolded state. helmet is by folding the front part as a jet helmet mobile. homologated as integral and open face helmet (P/J).,,Available in multiple sizes. Check the size guide before ordering.,Caberg Levo Carbon Helmet — a helmet built to the specifications listed above.,true,draft,https://cdn.shopify.com/s/files/1/0076/8301/4754/products/30925011_ergebnis.jpg?v=1654664108|role:hero || https://cdn.shopify.com/s/files/1/0076/8301/4754/products/30925011_2_ergebnis.jpg?v=1654664109|role:construction detail || https://cdn.shopify.com/s/files/1/0076/8301/4754/products/30925011_5_ergebnis.jpg?v=1654664108|role:side profile,3,false,/products/caberg-levo-carbon-helmet,/products/caberg-levo-carbon-helmet
caberg-levo-x-manta-helmet,caberg-levo-x-manta-helmet,Caberg Levo X Manta Helmet,Caberg Levo X Manta Helmet,caberg-levo-x-manta-helmet,"The LEVO X is Caberg's flip-up, with innovative design and advanced technical solutions, developed for the most demanding touring riders. • P/J homologation. • Anti-fog visor. • Integrated sun visor. • Double visor (clear and tinted). Available in multiple sizes and/or colours — select your variant.","The LEVO X is Caberg's flip-up, with innovative design and advanced technical solutions, developed for the most demanding touring riders.<br><br>
<strong>Features:</strong>
<ul>
<li>P/J homologation</li>
<li>Anti-fog visor</li>
<li>Integrated sun visor</li>
<li>Double visor (clear and tinted)</li>
<li>Double anti-turbulence neck roll</li>
<li>Quick release system for the visor</li>
<li>Scratch resistant Pinlock Max Vision visor</li>
<li>Internal air circulation</li>
<li>Removable and washable inner liner</li>
<li>Rain protection edges</li>
<li>Removable wind stopper</li>
<li>Prepared for Bluetooth communication systems</li>
</ul>
<strong>Specifications:</strong>
<ul>
<li>2 shell sizes</li>
<li>Material: Fiberglass</li>
<li>Closure: Micormetric ratchet closure</li>
<li>Weight: 1600 gr. +/- 50 gr.</li>
<li>ECE 22.06</li>
</ul>
<strong>Contents:</strong>
<ul>
<li>1x Caberg Levo X Manta Helmet</li>
<li>1x Tinted visor</li>
<li>1x Pinlock visor</li>
</ul>","The LEVO X is Caberg's flip-up, with innovative design and advanced technical solutions, developed for the most demanding touring riders.

Features:

• P/J homologation

• Anti-fog visor

• Integrated sun visor

• Double visor (clear and tinted)

• Double anti-turbulence neck roll

• Quick release system for the visor

• Scratch resistant Pinlock Max Vision visor

• Internal air circulation

• Removable and washable inner liner

• Rain protection edges

• Removable wind stopper

• Prepared for Bluetooth communication systems

Specifications:

• 2 shell sizes

• Material: Fiberglass

• Closure: Micormetric ratchet closure

• Weight: 1600 gr. +/- 50 gr.

• ECE 22.06

Contents:

• 1x Caberg Levo X Manta Helmet

• 1x Tinted visor

• 1x Pinlock visor",67000,,2026-07-26,active,Caberg,5000,g,Buy Caberg Levo X Manta Helmet | Mile 27 Store,"The LEVO X is Caberg's flip-up, with innovative design and advanced technical solutions, developed for the most demanding touring riders. P/J…",P/J homologation | Anti-fog visor | Integrated sun visor | Double visor (clear and tinted),Cleaned noise; brand verified,High,false,Helmets,High,"Mapped from Shopify Type ""Helmets""",caberg-levo-x-manta-helmet-1|Size:XS:Colour:White/Blue/Red|price:67000.00|compare:|weight:5000|barcode:|qty:0 | caberg-levo-x-manta-helmet-2|Size:XS:Colour:White/Grey/Red|price:67000.00|compare:|weight:5000|barcode:|qty:0 | caberg-levo-x-manta-helmet-3|Size:XS:Colour:Black Matt/Grey/Red|price:67000.00|compare:|weight:5000|barcode:|qty:0 | caberg-levo-x-manta-helmet-4|Size:XS:Colour:Black Matt/Grey/Yellow|price:67000.00|compare:|weight:5000|barcode:|qty:0 | caberg-levo-x-manta-helmet-5|Size:S:Colour:White/Blue/Red|price:67000.00|compare:|weight:5000|barcode:|qty:0 | caberg-levo-x-manta-helmet-6|Size:S:Colour:White/Grey/Red|price:67000.00|compare:|weight:5000|barcode:|qty:0 | caberg-levo-x-manta-helmet-7|Size:S:Colour:Black Matt/Grey/Red|price:67000.00|compare:|weight:5000|barcode:|qty:0 | caberg-levo-x-manta-helmet-8|Size:S:Colour:Black Matt/Grey/Yellow|price:67000.00|compare:|weight:5000|barcode:|qty:0 | caberg-levo-x-manta-helmet-9|Size:M:Colour:White/Blue/Red|price:67000.00|compare:|weight:5000|barcode:|qty:0 | caberg-levo-x-manta-helmet-10|Size:M:Colour:White/Grey/Red|price:67000.00|compare:|weight:5000|barcode:|qty:0 | caberg-levo-x-manta-helmet-11|Size:M:Colour:Black Matt/Grey/Red|price:67000.00|compare:|weight:5000|barcode:|qty:0 | caberg-levo-x-manta-helmet-12|Size:M:Colour:Black Matt/Grey/Yellow|price:67000.00|compare:|weight:5000|barcode:|qty:0 | caberg-levo-x-manta-helmet-13|Size:L:Colour:White/Blue/Red|price:67000.00|compare:|weight:5000|barcode:|qty:0 | caberg-levo-x-manta-helmet-14|Size:L:Colour:White/Grey/Red|price:67000.00|compare:|weight:5000|barcode:|qty:0 | caberg-levo-x-manta-helmet-15|Size:L:Colour:Black Matt/Grey/Red|price:67000.00|compare:|weight:5000|barcode:|qty:0 | caberg-levo-x-manta-helmet-16|Size:L:Colour:Black Matt/Grey/Yellow|price:67000.00|compare:|weight:5000|barcode:|qty:0 | caberg-levo-x-manta-helmet-17|Size:XL:Colour:White/Blue/Red|price:67000.00|compare:|weight:5000|barcode:|qty:0 | caberg-levo-x-manta-helmet-18|Size:XL:Colour:White/Grey/Red|price:67000.00|compare:|weight:5000|barcode:|qty:0 | caberg-levo-x-manta-helmet-19|Size:XL:Colour:Black Matt/Grey/Red|price:67000.00|compare:|weight:5000|barcode:|qty:0 | caberg-levo-x-manta-helmet-20|Size:XL:Colour:Black Matt/Grey/Yellow|price:67000.00|compare:|weight:5000|barcode:|qty:0 | caberg-levo-x-manta-helmet-21|Size:XXL:Colour:White/Blue/Red|price:67000.00|compare:|weight:5000|barcode:|qty:0 | caberg-levo-x-manta-helmet-22|Size:XXL:Colour:White/Grey/Red|price:67000.00|compare:|weight:5000|barcode:|qty:0 | caberg-levo-x-manta-helmet-23|Size:XXL:Colour:Black Matt/Grey/Red|price:67000.00|compare:|weight:5000|barcode:|qty:0 | caberg-levo-x-manta-helmet-24|Size:XXL:Colour:Black Matt/Grey/Yellow|price:67000.00|compare:|weight:5000|barcode:|qty:0,"caberg-levo-x-manta-helmet-1,caberg-levo-x-manta-helmet-2,caberg-levo-x-manta-helmet-3,caberg-levo-x-manta-helmet-4,caberg-levo-x-manta-helmet-5,caberg-levo-x-manta-helmet-6,caberg-levo-x-manta-helmet-7,caberg-levo-x-manta-helmet-8,caberg-levo-x-manta-helmet-9,caberg-levo-x-manta-helmet-10,caberg-levo-x-manta-helmet-11,caberg-levo-x-manta-helmet-12,caberg-levo-x-manta-helmet-13,caberg-levo-x-manta-helmet-14,caberg-levo-x-manta-helmet-15,caberg-levo-x-manta-helmet-16,caberg-levo-x-manta-helmet-17,caberg-levo-x-manta-helmet-18,caberg-levo-x-manta-helmet-19,caberg-levo-x-manta-helmet-20,caberg-levo-x-manta-helmet-21,caberg-levo-x-manta-helmet-22,caberg-levo-x-manta-helmet-23,caberg-levo-x-manta-helmet-24",24,https://cdn.shopify.com/s/files/1/0076/8301/4754/products/Levo_X-Manta-White-Blue-Red-3-4.jpg?v=1681993061|pos:1|alt:Caberg Caberg Levo X Manta Helmet – front view || https://cdn.shopify.com/s/files/1/0076/8301/4754/products/Levo_X-Manta-White-Blue-Red-3-4-open.jpg?v=1681993062|pos:2|alt:Caberg Caberg Levo X Manta Helmet – side view || https://cdn.shopify.com/s/files/1/0076/8301/4754/products/Levo_X-Manta-White-Blue-Red-rear.jpg?v=1681993061|pos:3|alt:Caberg Caberg Levo X Manta Helmet – rear view || https://cdn.shopify.com/s/files/1/0076/8301/4754/products/Levo_X-Manta-White-Anthracite-Red-3-4.jpg?v=1681993063|pos:4|alt:Caberg Caberg Levo X Manta Helmet – detail view || https://cdn.shopify.com/s/files/1/0076/8301/4754/products/Levo_X-Manta-White-Anthracite-Red-3-4-open.jpg?v=1681993063|pos:5|alt:Caberg Caberg Levo X Manta Helmet – top view || https://cdn.shopify.com/s/files/1/0076/8301/4754/products/Levo_X-Manta-White-Anthracite-Red-rear.jpg?v=1681993062|pos:6|alt:Caberg Caberg Levo X Manta Helmet – product view || https://cdn.shopify.com/s/files/1/0076/8301/4754/products/Levo_X-Manta-Matt_Black-Anthracite-Red-3-4.jpg?v=1681993061|pos:7|alt:Caberg Caberg Levo X Manta Helmet – product view || https://cdn.shopify.com/s/files/1/0076/8301/4754/products/Levo_X-Manta-Matt-Black-Anthracite-Red-3-4-open.jpg?v=1681993062|pos:8|alt:Caberg Caberg Levo X Manta Helmet – product view || https://cdn.shopify.com/s/files/1/0076/8301/4754/products/Levo_X-Manta-Matt-Black-Anthracite-Red-rear.jpg?v=1681993062|pos:9|alt:Caberg Caberg Levo X Manta Helmet – product view || https://cdn.shopify.com/s/files/1/0076/8301/4754/products/Levo_X-Manta-Matt-Black-Anthracite-Yellow-Fluo-3-4.jpg?v=1681993062|pos:10|alt:Caberg Caberg Levo X Manta Helmet – product view || https://cdn.shopify.com/s/files/1/0076/8301/4754/products/Levo_X-Manta-Matt-Black-Anthracite-Yellow-Fluo-3-4-open.jpg?v=1681993061|pos:11|alt:Caberg Caberg Levo X Manta Helmet – product view || https://cdn.shopify.com/s/files/1/0076/8301/4754/products/Levo_X-Manta-Matt-Black-Anthracite-Yellow-Fluo-rear.jpg?v=1681993063|pos:12|alt:Caberg Caberg Levo X Manta Helmet – product view,12,Caberg Caberg Levo X Manta Helmet – front view | Caberg Caberg Levo X Manta Helmet – side view | Caberg Caberg Levo X Manta Helmet – rear view | Caberg Caberg Levo X Manta Helmet – detail view | Caberg Caberg Levo X Manta Helmet – top view | Caberg Caberg Levo X Manta Helmet – product view,,0,Caberg Levo X Manta Helmet,"Caberg Levo X Manta Helmet. The LEVO X is Caberg's flip-up, with innovative design and advanced technical solutions, developed for the most demanding touring riders.",,,P/J homologation. Anti-fog visor. Integrated sun visor. Double visor (clear and tinted).,,Available in multiple sizes. Check the size guide before ordering.,Caberg Levo X Manta Helmet — a helmet built to the specifications listed above.,true,draft,https://cdn.shopify.com/s/files/1/0076/8301/4754/products/Levo_X-Manta-White-Blue-Red-3-4.jpg?v=1681993061|role:hero || https://cdn.shopify.com/s/files/1/0076/8301/4754/products/Levo_X-Manta-White-Blue-Red-3-4-open.jpg?v=1681993062|role:construction detail || https://cdn.shopify.com/s/files/1/0076/8301/4754/products/Levo_X-Manta-White-Blue-Red-rear.jpg?v=1681993061|role:side profile,3,false,/products/caberg-levo-x-manta-helmet,/products/caberg-levo-x-manta-helmet
caberg-levo-x-carbon-helmet,caberg-levo-x-carbon-helmet,Caberg Levo X Carbon Helmet,Caberg Levo X Carbon Helmet,caberg-levo-x-carbon-helmet,"The LEVO X is Caberg's flip-up, with innovative design and advanced technical solutions, developed for the most demanding touring riders. • P/J homologation. • Anti-fog visor. • Integrated sun visor. • Double visor (clear and tinted). Available in multiple sizes and/or colours — select your variant.","The LEVO X is Caberg's flip-up, with innovative design and advanced technical solutions, developed for the most demanding touring riders.<br><br>
<strong>Features:</strong>
<ul>
<li>P/J homologation</li>
<li>Anti-fog visor</li>
<li>Integrated sun visor</li>
<li>Double visor (clear and tinted)</li>
<li>Double anti-turbulence neck roll</li>
<li>Quick release system for the visor</li>
<li>Scratch resistant Pinlock Max Vision visor</li>
<li>Internal air circulation</li>
<li>Removable and washable inner liner</li>
<li>Rain protection edges</li>
<li>Removable wind stopper</li>
<li>Prepared for Bluetooth communication systems</li>
</ul>
<strong>Specifications:</strong>
<ul>
<li>2 shell sizes</li>
<li>Material: Carbon</li>
<li>Closure: Micormetric ratchet closure</li>
<li>Weight: 1500 gr. +/- 50 gr.</li>
<li>ECE 22.06</li>
</ul>
<strong>Contents:</strong>
<ul>
<li>1x Caberg Levo X Carbon Helmet</li>
<li>1x Tinted visor</li>
<li>1x Pinlock visor</li>
</ul>","The LEVO X is Caberg's flip-up, with innovative design and advanced technical solutions, developed for the most demanding touring riders.

Features:

• P/J homologation

• Anti-fog visor

• Integrated sun visor

• Double visor (clear and tinted)

• Double anti-turbulence neck roll

• Quick release system for the visor

• Scratch resistant Pinlock Max Vision visor

• Internal air circulation

• Removable and washable inner liner

• Rain protection edges

• Removable wind stopper

• Prepared for Bluetooth communication systems

Specifications:

• 2 shell sizes

• Material: Carbon

• Closure: Micormetric ratchet closure

• Weight: 1500 gr. +/- 50 gr.

• ECE 22.06

Contents:

• 1x Caberg Levo X Carbon Helmet

• 1x Tinted visor

• 1x Pinlock visor",79000,,2026-07-26,active,Caberg,5000,g,Buy Caberg Levo X Carbon Helmet | Mile 27 Store,"The LEVO X is Caberg's flip-up, with innovative design and advanced technical solutions, developed for the most demanding touring riders. P/J…",P/J homologation | Anti-fog visor | Integrated sun visor | Double visor (clear and tinted),Cleaned noise; brand verified,High,false,Helmets,High,"Mapped from Shopify Type ""Helmets""",caberg-levo-x-carbon-helmet-1|Size:XS|price:79000.00|compare:|weight:5000|barcode:|qty:0 | caberg-levo-x-carbon-helmet-2|Size:S|price:79000.00|compare:|weight:5000|barcode:|qty:0 | caberg-levo-x-carbon-helmet-3|Size:M|price:79000.00|compare:|weight:5000|barcode:|qty:0 | caberg-levo-x-carbon-helmet-4|Size:L|price:79000.00|compare:|weight:5000|barcode:|qty:0 | caberg-levo-x-carbon-helmet-5|Size:XL|price:79000.00|compare:|weight:5000|barcode:|qty:0 | caberg-levo-x-carbon-helmet-6|Size:XXL|price:79000.00|compare:|weight:5000|barcode:|qty:0,"caberg-levo-x-carbon-helmet-1,caberg-levo-x-carbon-helmet-2,caberg-levo-x-carbon-helmet-3,caberg-levo-x-carbon-helmet-4,caberg-levo-x-carbon-helmet-5,caberg-levo-x-carbon-helmet-6",6,https://cdn.shopify.com/s/files/1/0076/8301/4754/products/Levo_X-Carbon-3-4.jpg?v=1681992140|pos:1|alt:Caberg Caberg Levo X Carbon Helmet – front view || https://cdn.shopify.com/s/files/1/0076/8301/4754/products/Levo_X-Carbon-3-4-open.jpg?v=1681992140|pos:2|alt:Caberg Caberg Levo X Carbon Helmet – side view || https://cdn.shopify.com/s/files/1/0076/8301/4754/products/Levo_X-Carbon-profile.jpg?v=1681992141|pos:3|alt:Caberg Caberg Levo X Carbon Helmet – rear view,3,Caberg Caberg Levo X Carbon Helmet – front view | Caberg Caberg Levo X Carbon Helmet – side view | Caberg Caberg Levo X Carbon Helmet – rear view,,0,Caberg Levo X Carbon Helmet,"Caberg Levo X Carbon Helmet. The LEVO X is Caberg's flip-up, with innovative design and advanced technical solutions, developed for the most demanding touring riders.",,,P/J homologation. Anti-fog visor. Integrated sun visor. Double visor (clear and tinted).,,Available in multiple sizes. Check the size guide before ordering.,Caberg Levo X Carbon Helmet — a helmet built to the specifications listed above.,true,draft,https://cdn.shopify.com/s/files/1/0076/8301/4754/products/Levo_X-Carbon-3-4.jpg?v=1681992140|role:hero || https://cdn.shopify.com/s/files/1/0076/8301/4754/products/Levo_X-Carbon-3-4-open.jpg?v=1681992140|role:construction detail || https://cdn.shopify.com/s/files/1/0076/8301/4754/products/Levo_X-Carbon-profile.jpg?v=1681992141|role:side profile,3,false,/products/caberg-levo-x-carbon-helmet,/products/caberg-levo-x-carbon-helmet
caberg-horus-x-helmet,caberg-horus-x-helmet,Caberg Horus X Helmet,Caberg Horus X Helmet,caberg-horus-x-helmet,"The HORUS X is Caberg's flip-up helmet designed for both touring and city riding. Thanks to the double homologation P/J, it is possible to ride… • P/J homologation. • Scratch resistant visor. • Integrated sun visor. • Double visor (clear and tinted). Available in multiple sizes and/or colours — select your variant.","The HORUS X is Caberg's flip-up helmet designed for both touring and city riding. Thanks to the double homologation P/J, it is possible to ride either with open (J configuration) or closed (P configuration) with chin guard.<br><br>
<strong>Features:</strong>
<ul>
<li>P/J homologation</li>
<li>Scratch resistant visor</li>
<li>Integrated sun visor</li>
<li>Double visor (clear and tinted)</li>
<li>Quick release system for the visor</li>
<li>Scratch resistant Pinlock Max Vision visor</li>
<li>Head ventilation</li>
<li>Removable and washable liner</li>
<li>Anti-rain profile</li>
<li>Removable wind stopper</li>
<li>Prepared for Bluetooth communication systems</li>
</ul>
<strong>Specifications:</strong>
<ul>
<li>Material: ABS polycarbonate</li>
<li>Closure: Micormetric ratchet closure</li>
<li>Weight: 1650 gr. +/- 50 gr.</li>
<li>ECE 22.06</li>
</ul>
<strong>Contents:</strong>
<ul>
<li>1x Caberg Horus X Helmet</li>
<li>1x Tinted visor</li>
<li>1x Pinlock visor</li>
</ul>","The HORUS X is Caberg's flip-up helmet designed for both touring and city riding. Thanks to the double homologation P/J, it is possible to ride either with open (J configuration) or closed (P configuration) with chin guard.

Features:

• P/J homologation

• Scratch resistant visor

• Integrated sun visor

• Double visor (clear and tinted)

• Quick release system for the visor

• Scratch resistant Pinlock Max Vision visor

• Head ventilation

• Removable and washable liner

• Anti-rain profile

• Removable wind stopper

• Prepared for Bluetooth communication systems

Specifications:

• Material: ABS polycarbonate

• Closure: Micormetric ratchet closure

• Weight: 1650 gr. +/- 50 gr.

• ECE 22.06

Contents:

• 1x Caberg Horus X Helmet

• 1x Tinted visor

• 1x Pinlock visor",40000,,2026-07-26,active,Caberg,5000,g,Buy Caberg Horus X Helmet | Mile 27 Store,"The HORUS X is Caberg's flip-up helmet designed for both touring and city riding. Thanks to the double homologation P/J, it is possible to ride… P/J…",P/J homologation | Scratch resistant visor | Integrated sun visor | Double visor (clear and tinted),Cleaned noise; brand verified,High,false,Helmets,High,"Mapped from Shopify Type ""Helmets""",caberg-horus-x-helmet-1|Size:XS:Colour:White|price:40000.00|compare:|weight:5000|barcode:|qty:0 | caberg-horus-x-helmet-2|Size:XS:Colour:Black Matt|price:40000.00|compare:|weight:5000|barcode:|qty:0 | caberg-horus-x-helmet-3|Size:XS:Colour:Blue Matt|price:40000.00|compare:|weight:5000|barcode:|qty:0 | caberg-horus-x-helmet-4|Size:XS:Colour:Gray Matt|price:40000.00|compare:|weight:5000|barcode:|qty:0 | caberg-horus-x-helmet-5|Size:S:Colour:White|price:40000.00|compare:|weight:5000|barcode:|qty:0 | caberg-horus-x-helmet-6|Size:S:Colour:Black Matt|price:40000.00|compare:|weight:5000|barcode:|qty:0 | caberg-horus-x-helmet-7|Size:S:Colour:Blue Matt|price:40000.00|compare:|weight:5000|barcode:|qty:0 | caberg-horus-x-helmet-8|Size:S:Colour:Gray Matt|price:40000.00|compare:|weight:5000|barcode:|qty:0 | caberg-horus-x-helmet-9|Size:M:Colour:White|price:40000.00|compare:|weight:5000|barcode:|qty:0 | caberg-horus-x-helmet-10|Size:M:Colour:Black Matt|price:40000.00|compare:|weight:5000|barcode:|qty:0 | caberg-horus-x-helmet-11|Size:M:Colour:Blue Matt|price:40000.00|compare:|weight:5000|barcode:|qty:0 | caberg-horus-x-helmet-12|Size:M:Colour:Gray Matt|price:40000.00|compare:|weight:5000|barcode:|qty:0 | caberg-horus-x-helmet-13|Size:L:Colour:White|price:40000.00|compare:|weight:5000|barcode:|qty:0 | caberg-horus-x-helmet-14|Size:L:Colour:Black Matt|price:40000.00|compare:|weight:5000|barcode:|qty:0 | caberg-horus-x-helmet-15|Size:L:Colour:Blue Matt|price:40000.00|compare:|weight:5000|barcode:|qty:0 | caberg-horus-x-helmet-16|Size:L:Colour:Gray Matt|price:40000.00|compare:|weight:5000|barcode:|qty:0 | caberg-horus-x-helmet-17|Size:XL:Colour:White|price:40000.00|compare:|weight:5000|barcode:|qty:0 | caberg-horus-x-helmet-18|Size:XL:Colour:Black Matt|price:40000.00|compare:|weight:5000|barcode:|qty:0 | caberg-horus-x-helmet-19|Size:XL:Colour:Blue Matt|price:40000.00|compare:|weight:5000|barcode:|qty:0 | caberg-horus-x-helmet-20|Size:XL:Colour:Gray Matt|price:40000.00|compare:|weight:5000|barcode:|qty:0,"caberg-horus-x-helmet-1,caberg-horus-x-helmet-2,caberg-horus-x-helmet-3,caberg-horus-x-helmet-4,caberg-horus-x-helmet-5,caberg-horus-x-helmet-6,caberg-horus-x-helmet-7,caberg-horus-x-helmet-8,caberg-horus-x-helmet-9,caberg-horus-x-helmet-10,caberg-horus-x-helmet-11,caberg-horus-x-helmet-12,caberg-horus-x-helmet-13,caberg-horus-x-helmet-14,caberg-horus-x-helmet-15,caberg-horus-x-helmet-16,caberg-horus-x-helmet-17,caberg-horus-x-helmet-18,caberg-horus-x-helmet-19,caberg-horus-x-helmet-20",20,https://cdn.shopify.com/s/files/1/0076/8301/4754/products/Horus_X-White-Metal-3-4.jpg?v=1681989249|pos:1|alt:Caberg Caberg Horus X Helmet – front view || https://cdn.shopify.com/s/files/1/0076/8301/4754/products/Horus_X-White-Metal-3-4-open.jpg?v=1681989248|pos:2|alt:Caberg Caberg Horus X Helmet – side view || https://cdn.shopify.com/s/files/1/0076/8301/4754/products/Horus_X-Matt-Black-3-4.jpg?v=1681989250|pos:3|alt:Caberg Caberg Horus X Helmet – rear view || https://cdn.shopify.com/s/files/1/0076/8301/4754/products/Horus_X-Matt-Black-3-4-open.jpg?v=1681989250|pos:4|alt:Caberg Caberg Horus X Helmet – detail view || https://cdn.shopify.com/s/files/1/0076/8301/4754/products/Horus_X-Matt-Blue-Yama-3-4.jpg?v=1681989250|pos:5|alt:Caberg Caberg Horus X Helmet – top view || https://cdn.shopify.com/s/files/1/0076/8301/4754/products/Horus_X-Matt-Blue-Yama-3-4-open.jpg?v=1681989249|pos:6|alt:Caberg Caberg Horus X Helmet – product view || https://cdn.shopify.com/s/files/1/0076/8301/4754/products/Horus_X-Matt-Grey-Kamo-3-4.jpg?v=1681989249|pos:7|alt:Caberg Caberg Horus X Helmet – product view || https://cdn.shopify.com/s/files/1/0076/8301/4754/products/Horus_X-Matt-Grey-Kamo-3-4-open.jpg?v=1681989249|pos:8|alt:Caberg Caberg Horus X Helmet – product view,8,Caberg Caberg Horus X Helmet – front view | Caberg Caberg Horus X Helmet – side view | Caberg Caberg Horus X Helmet – rear view | Caberg Caberg Horus X Helmet – detail view | Caberg Caberg Horus X Helmet – top view | Caberg Caberg Horus X Helmet – product view,,0,Caberg Horus X Helmet,Caberg Horus X Helmet. The HORUS X is Caberg's flip-up helmet designed for both touring and city riding.,,,P/J homologation. Scratch resistant visor. Integrated sun visor. Double visor (clear and tinted).,,Available in multiple sizes. Check the size guide before ordering.,Caberg Horus X Helmet — a helmet built to the specifications listed above.,true,draft,https://cdn.shopify.com/s/files/1/0076/8301/4754/products/Horus_X-White-Metal-3-4.jpg?v=1681989249|role:hero || https://cdn.shopify.com/s/files/1/0076/8301/4754/products/Horus_X-White-Metal-3-4-open.jpg?v=1681989248|role:construction detail || https://cdn.shopify.com/s/files/1/0076/8301/4754/products/Horus_X-Matt-Black-3-4.jpg?v=1681989250|role:side profile,3,false,/products/caberg-horus-x-helmet,/products/caberg-horus-x-helmet
caberg-horus-x-road-helmet,caberg-horus-x-road-helmet,Caberg Horus X Road Helmet,Caberg Horus X Road Helmet,caberg-horus-x-road-helmet,"The HORUS X is Caberg's flip-up helmet designed for both touring and city riding. Thanks to the double homologation P/J, it is possible to ride… • P/J homologation. • Scratch resistant visor. • Integrated sun visor. • Double visor (clear and tinted). Available in multiple sizes and/or colours — select your variant.","The HORUS X is Caberg's flip-up helmet designed for both touring and city riding. Thanks to the double homologation P/J, it is possible to ride either with open (J configuration) or closed (P configuration) with chin guard.<br><br>
<strong>Features:</strong>
<ul>
<li>P/J homologation</li>
<li>Scratch resistant visor</li>
<li>Integrated sun visor</li>
<li>Double visor (clear and tinted)</li>
<li>Quick release system for the visor</li>
<li>Scratch resistant Pinlock Max Vision visor</li>
<li>Head ventilation</li>
<li>Removable and washable liner</li>
<li>Anti-rain profile</li>
<li>Removable wind stopper</li>
<li>Prepared for Bluetooth communication systems</li>
</ul>
<strong>Specifications:</strong>
<ul>
<li>Material: ABS polycarbonate</li>
<li>Closure: Micormetric ratchet closure</li>
<li>Weight: 1650 gr. +/- 50 gr.</li>
<li>ECE 22.06</li>
</ul>
<strong>Contents:</strong>
<ul>
<li>1x Caberg Horus X Road Helmet</li>
<li>1x Tinted visor</li>
<li>1x Pinlock visor</li>
</ul>","The HORUS X is Caberg's flip-up helmet designed for both touring and city riding. Thanks to the double homologation P/J, it is possible to ride either with open (J configuration) or closed (P configuration) with chin guard.

Features:

• P/J homologation

• Scratch resistant visor

• Integrated sun visor

• Double visor (clear and tinted)

• Quick release system for the visor

• Scratch resistant Pinlock Max Vision visor

• Head ventilation

• Removable and washable liner

• Anti-rain profile

• Removable wind stopper

• Prepared for Bluetooth communication systems

Specifications:

• Material: ABS polycarbonate

• Closure: Micormetric ratchet closure

• Weight: 1650 gr. +/- 50 gr.

• ECE 22.06

Contents:

• 1x Caberg Horus X Road Helmet

• 1x Tinted visor

• 1x Pinlock visor",46000,,2026-07-26,active,Caberg,5000,g,Buy Caberg Horus X Road Helmet | Mile 27 Store,"The HORUS X is Caberg's flip-up helmet designed for both touring and city riding. Thanks to the double homologation P/J, it is possible to ride… P/J…",P/J homologation | Scratch resistant visor | Integrated sun visor | Double visor (clear and tinted),Cleaned noise; brand verified,High,false,Helmets,High,"Mapped from Shopify Type ""Helmets""",caberg-horus-x-road-helmet-1|Size:XS:Colour:White/Black/Blue|price:46000.00|compare:|weight:5000|barcode:|qty:0 | caberg-horus-x-road-helmet-2|Size:XS:Colour:Black Matt/Grey|price:46000.00|compare:|weight:5000|barcode:|qty:0 | caberg-horus-x-road-helmet-3|Size:XS:Colour:Grey/Fuxia|price:46000.00|compare:|weight:5000|barcode:|qty:0 | caberg-horus-x-road-helmet-4|Size:XS:Colour:Grey Matt/Yellow|price:46000.00|compare:|weight:5000|barcode:|qty:0 | caberg-horus-x-road-helmet-5|Size:S:Colour:White/Black/Blue|price:46000.00|compare:|weight:5000|barcode:|qty:0 | caberg-horus-x-road-helmet-6|Size:S:Colour:Black Matt/Grey|price:46000.00|compare:|weight:5000|barcode:|qty:0 | caberg-horus-x-road-helmet-7|Size:S:Colour:Grey/Fuxia|price:46000.00|compare:|weight:5000|barcode:|qty:0 | caberg-horus-x-road-helmet-8|Size:S:Colour:Grey Matt/Yellow|price:46000.00|compare:|weight:5000|barcode:|qty:0 | caberg-horus-x-road-helmet-9|Size:M:Colour:White/Black/Blue|price:46000.00|compare:|weight:5000|barcode:|qty:0 | caberg-horus-x-road-helmet-10|Size:M:Colour:Black Matt/Grey|price:46000.00|compare:|weight:5000|barcode:|qty:0 | caberg-horus-x-road-helmet-11|Size:M:Colour:Grey/Fuxia|price:46000.00|compare:|weight:5000|barcode:|qty:0 | caberg-horus-x-road-helmet-12|Size:M:Colour:Grey Matt/Yellow|price:46000.00|compare:|weight:5000|barcode:|qty:0 | caberg-horus-x-road-helmet-13|Size:L:Colour:White/Black/Blue|price:46000.00|compare:|weight:5000|barcode:|qty:0 | caberg-horus-x-road-helmet-14|Size:L:Colour:Black Matt/Grey|price:46000.00|compare:|weight:5000|barcode:|qty:0 | caberg-horus-x-road-helmet-15|Size:L:Colour:Grey/Fuxia|price:46000.00|compare:|weight:5000|barcode:|qty:0 | caberg-horus-x-road-helmet-16|Size:L:Colour:Grey Matt/Yellow|price:46000.00|compare:|weight:5000|barcode:|qty:0 | caberg-horus-x-road-helmet-17|Size:XL:Colour:White/Black/Blue|price:46000.00|compare:|weight:5000|barcode:|qty:0 | caberg-horus-x-road-helmet-18|Size:XL:Colour:Black Matt/Grey|price:46000.00|compare:|weight:5000|barcode:|qty:0 | caberg-horus-x-road-helmet-19|Size:XL:Colour:Grey/Fuxia|price:46000.00|compare:|weight:5000|barcode:|qty:0 | caberg-horus-x-road-helmet-20|Size:XL:Colour:Grey Matt/Yellow|price:46000.00|compare:|weight:5000|barcode:|qty:0,"caberg-horus-x-road-helmet-1,caberg-horus-x-road-helmet-2,caberg-horus-x-road-helmet-3,caberg-horus-x-road-helmet-4,caberg-horus-x-road-helmet-5,caberg-horus-x-road-helmet-6,caberg-horus-x-road-helmet-7,caberg-horus-x-road-helmet-8,caberg-horus-x-road-helmet-9,caberg-horus-x-road-helmet-10,caberg-horus-x-road-helmet-11,caberg-horus-x-road-helmet-12,caberg-horus-x-road-helmet-13,caberg-horus-x-road-helmet-14,caberg-horus-x-road-helmet-15,caberg-horus-x-road-helmet-16,caberg-horus-x-road-helmet-17,caberg-horus-x-road-helmet-18,caberg-horus-x-road-helmet-19,caberg-horus-x-road-helmet-20",20,https://cdn.shopify.com/s/files/1/0076/8301/4754/products/Horus_X-Road-White-Red-Blue-Light-Blue-3-4.jpg?v=1681988130|pos:1|alt:Caberg Caberg Horus X Road Helmet – front view || https://cdn.shopify.com/s/files/1/0076/8301/4754/products/Horus_X-Road-White-Red-Blue-Light-Blue-3-4-open.jpg?v=1681988130|pos:2|alt:Caberg Caberg Horus X Road Helmet – side view || https://cdn.shopify.com/s/files/1/0076/8301/4754/products/Horus_X-Road-White-Red-Blue-Light-Blue-rear.jpg?v=1681988131|pos:3|alt:Caberg Caberg Horus X Road Helmet – rear view || https://cdn.shopify.com/s/files/1/0076/8301/4754/products/Horus_X-Road-Matt-Black-Gun-Metal-White-3-4.jpg?v=1681988130|pos:4|alt:Caberg Caberg Horus X Road Helmet – detail view || https://cdn.shopify.com/s/files/1/0076/8301/4754/products/Horus_X-Road-Matt-Black-Gun-Metal-White-3-4-open.jpg?v=1681988131|pos:5|alt:Caberg Caberg Horus X Road Helmet – top view || https://cdn.shopify.com/s/files/1/0076/8301/4754/products/Horus_X-Road-Matt-Black-Gun-Metal-White-rear.jpg?v=1681988132|pos:6|alt:Caberg Caberg Horus X Road Helmet – product view || https://cdn.shopify.com/s/files/1/0076/8301/4754/products/Horus_X-Road-Matt-Gun-Metal-Fuchsia-Black-3-4.jpg?v=1681988131|pos:7|alt:Caberg Caberg Horus X Road Helmet – product view || https://cdn.shopify.com/s/files/1/0076/8301/4754/products/Horus_X-Road-Matt-Gun-Metal-Fuchsia-Black-3-4-open.jpg?v=1681988130|pos:8|alt:Caberg Caberg Horus X Road Helmet – product view || https://cdn.shopify.com/s/files/1/0076/8301/4754/products/Horus_X-Road-Matt-Gun-Metal-Fuchsia-Black-rear.jpg?v=1681988132|pos:9|alt:Caberg Caberg Horus X Road Helmet – product view || https://cdn.shopify.com/s/files/1/0076/8301/4754/products/Horus_X-Road-Matt-Gun-Metal-Yellow-Fluo-Black-3-4.jpg?v=1681988132|pos:10|alt:Caberg Caberg Horus X Road Helmet – product view || https://cdn.shopify.com/s/files/1/0076/8301/4754/products/Horus_X-Road-Matt-Gun-Metal-Yellow-Fluo-Black-3-4-open.jpg?v=1681988131|pos:11|alt:Caberg Caberg Horus X Road Helmet – product view || https://cdn.shopify.com/s/files/1/0076/8301/4754/products/Horus_X-Road-Matt-Gun-Metal-Yellow-Fluo-Black-rear.jpg?v=1681988130|pos:12|alt:Caberg Caberg Horus X Road Helmet – product view,12,Caberg Caberg Horus X Road Helmet – front view | Caberg Caberg Horus X Road Helmet – side view | Caberg Caberg Horus X Road Helmet – rear view | Caberg Caberg Horus X Road Helmet – detail view | Caberg Caberg Horus X Road Helmet – top view | Caberg Caberg Horus X Road Helmet – product view,,0,Caberg Horus X Road Helmet,Caberg Horus X Road Helmet. The HORUS X is Caberg's flip-up helmet designed for both touring and city riding.,,,P/J homologation. Scratch resistant visor. Integrated sun visor. Double visor (clear and tinted).,,Available in multiple sizes. Check the size guide before ordering.,Caberg Horus X Road Helmet — a helmet built to the specifications listed above.,true,draft,https://cdn.shopify.com/s/files/1/0076/8301/4754/products/Horus_X-Road-White-Red-Blue-Light-Blue-3-4.jpg?v=1681988130|role:hero || https://cdn.shopify.com/s/files/1/0076/8301/4754/products/Horus_X-Road-White-Red-Blue-Light-Blue-3-4-open.jpg?v=1681988130|role:construction detail || https://cdn.shopify.com/s/files/1/0076/8301/4754/products/Horus_X-Road-White-Red-Blue-Light-Blue-rear.jpg?v=1681988131|role:side profile,3,false,/products/caberg-horus-x-road-helmet,/products/caberg-horus-x-road-helmet
caberg-duke-x-tour-helmet,caberg-duke-x-tour-helmet,Caberg Duke X Tour Helmet,Caberg Duke X Tour Helmet,caberg-duke-x-tour-helmet,"The DUKE X is the new version of the popular Duke/Duke II with a new system for opening the chin guard, which has passed all… • P/J Homologation. • Anti-fog visor. • Integrated sun visor. • Quick release system for the visor. Available in multiple sizes and/or colours — select your variant.","The DUKE X is the new version of the popular Duke/Duke II with a new system for opening the chin guard, which has passed all the tests required by ECE 22.06 P/J.<br><br>
<strong>Features:</strong>
<ul>
<li>P/J Homologation</li>
<li>Anti-fog visor</li>
<li>Integrated sun visor</li>
<li>Quick release system for the visor</li>
<li>Double anti-turbulence neck roll</li>
<li>Anti-fog visor Pinlock</li>
<li>Internal air circulation</li>
<li>Removable and washable inner lining</li>
<li>Rain protection edges</li>
<li>Removable wind stopper</li>
<li>Prepared for Bluetooth communication systems</li>
</ul>
<strong>Specifications:</strong>
<ul>
<li>Material: ABS Polycarbonate</li>
<li>Closure: Micormetric ratchet closure</li>
<li>Weight: 1550 gr. +/- 50 gr.</li>
<li>ECE 22.06</li>
</ul>
<strong>Contents:</strong>
<ul>
<li>1x Caberg Duke X Tour Helmet</li>
<li>1x Tinted visor</li>
<li>1x Pinlock visor</li>
</ul>","The DUKE X is the new version of the popular Duke/Duke II with a new system for opening the chin guard, which has passed all the tests required by ECE 22.06 P/J.

Features:

• P/J Homologation

• Anti-fog visor

• Integrated sun visor

• Quick release system for the visor

• Double anti-turbulence neck roll

• Anti-fog visor Pinlock

• Internal air circulation

• Removable and washable inner lining

• Rain protection edges

• Removable wind stopper

• Prepared for Bluetooth communication systems

Specifications:

• Material: ABS Polycarbonate

• Closure: Micormetric ratchet closure

• Weight: 1550 gr. +/- 50 gr.

• ECE 22.06

Contents:

• 1x Caberg Duke X Tour Helmet

• 1x Tinted visor

• 1x Pinlock visor",39000,,2026-07-26,active,Caberg,5000,g,Buy Caberg Duke X Tour Helmet | Mile 27 Store,"The DUKE X is the new version of the popular Duke/Duke II with a new system for opening the chin guard, which has passed all… P/J Homologation. Anti-fog…",P/J Homologation | Anti-fog visor | Integrated sun visor | Quick release system for the visor,Cleaned noise; brand verified,High,false,Helmets,High,"Mapped from Shopify Type ""Helmets""",caberg-duke-x-tour-helmet-1|Size:XS:Colour:Grey/Fuxia|price:39000.00|compare:|weight:5000|barcode:|qty:0 | caberg-duke-x-tour-helmet-2|Size:XS:Colour:Gray/Yellow|price:39000.00|compare:|weight:5000|barcode:|qty:0 | caberg-duke-x-tour-helmet-3|Size:S:Colour:Grey/Fuxia|price:39000.00|compare:|weight:5000|barcode:|qty:0 | caberg-duke-x-tour-helmet-4|Size:S:Colour:Gray/Yellow|price:39000.00|compare:|weight:5000|barcode:|qty:0 | caberg-duke-x-tour-helmet-5|Size:M:Colour:Grey/Fuxia|price:39000.00|compare:|weight:5000|barcode:|qty:0 | caberg-duke-x-tour-helmet-6|Size:M:Colour:Gray/Yellow|price:39000.00|compare:|weight:5000|barcode:|qty:0 | caberg-duke-x-tour-helmet-7|Size:L:Colour:Grey/Fuxia|price:39000.00|compare:|weight:5000|barcode:|qty:0 | caberg-duke-x-tour-helmet-8|Size:L:Colour:Gray/Yellow|price:39000.00|compare:|weight:5000|barcode:|qty:0 | caberg-duke-x-tour-helmet-9|Size:XL:Colour:Grey/Fuxia|price:39000.00|compare:|weight:5000|barcode:|qty:0 | caberg-duke-x-tour-helmet-10|Size:XL:Colour:Gray/Yellow|price:39000.00|compare:|weight:5000|barcode:|qty:0,"caberg-duke-x-tour-helmet-1,caberg-duke-x-tour-helmet-2,caberg-duke-x-tour-helmet-3,caberg-duke-x-tour-helmet-4,caberg-duke-x-tour-helmet-5,caberg-duke-x-tour-helmet-6,caberg-duke-x-tour-helmet-7,caberg-duke-x-tour-helmet-8,caberg-duke-x-tour-helmet-9,caberg-duke-x-tour-helmet-10",10,https://cdn.shopify.com/s/files/1/0076/8301/4754/products/Duke_X-Tour-Matt-Black-Anthracite-Fucshia-3-4.jpg?v=1681986316|pos:1|alt:Caberg Caberg Duke X Tour Helmet – front view || https://cdn.shopify.com/s/files/1/0076/8301/4754/products/Duke_X-Tour-Matt-Black-Anthracite-Fucshia-3-4-open.jpg?v=1681986316|pos:2|alt:Caberg Caberg Duke X Tour Helmet – side view || https://cdn.shopify.com/s/files/1/0076/8301/4754/products/Duke_X-Tour-Matt-Black-Pink-Anthracite-Silver-rear.jpg?v=1681986315|pos:3|alt:Caberg Caberg Duke X Tour Helmet – rear view || https://cdn.shopify.com/s/files/1/0076/8301/4754/products/Duke_X-Tour-Matt-Black-Anthracite-Yellow-Fluo-3-4.jpg?v=1681986315|pos:4|alt:Caberg Caberg Duke X Tour Helmet – detail view || https://cdn.shopify.com/s/files/1/0076/8301/4754/products/Duke_X-Tour-Matt-Black-Anthracite-Yellow-Fluo-3-4-open.jpg?v=1681986315|pos:5|alt:Caberg Caberg Duke X Tour Helmet – top view || https://cdn.shopify.com/s/files/1/0076/8301/4754/products/Duke_X-Tour-Matt-Black-Yellow-Fluo-Anthracite-Silver-rear.jpg?v=1681986315|pos:6|alt:Caberg Caberg Duke X Tour Helmet – product view,6,Caberg Caberg Duke X Tour Helmet – front view | Caberg Caberg Duke X Tour Helmet – side view | Caberg Caberg Duke X Tour Helmet – rear view | Caberg Caberg Duke X Tour Helmet – detail view | Caberg Caberg Duke X Tour Helmet – top view | Caberg Caberg Duke X Tour Helmet – product view,use:touring,1,Caberg Duke X Tour Helmet,"Caberg Duke X Tour Helmet. The DUKE X is the new version of the popular Duke/Duke II with a new system for opening the chin guard, which has passed all… • P/J Homologation.",,,P/J Homologation. Anti-fog visor. Integrated sun visor. Quick release system for the visor.,,Available in multiple sizes. Check the size guide before ordering.,Caberg Duke X Tour Helmet — a helmet built to the specifications listed above.,true,draft,https://cdn.shopify.com/s/files/1/0076/8301/4754/products/Duke_X-Tour-Matt-Black-Anthracite-Fucshia-3-4.jpg?v=1681986316|role:hero || https://cdn.shopify.com/s/files/1/0076/8301/4754/products/Duke_X-Tour-Matt-Black-Anthracite-Fucshia-3-4-open.jpg?v=1681986316|role:construction detail || https://cdn.shopify.com/s/files/1/0076/8301/4754/products/Duke_X-Tour-Matt-Black-Pink-Anthracite-Silver-rear.jpg?v=1681986315|role:side profile,3,false,/products/caberg-duke-x-tour-helmet,/products/caberg-duke-x-tour-helmet
caberg-duke-evo-helmet,caberg-duke-evo-helmet,Caberg Duke Evo Helmet,Caberg Duke Evo Helmet,caberg-duke-evo-helmet,"The DUKE EVO is the evolution of the iconic Caberg DUKE flip-up helmet launched in 2012, that has been a great success among motorcyclists worldwide… • P/J Homologation. • Anti-fog visor. • Integrated sun visor. • Quick release system for the visor. Available in multiple sizes and/or colours — select your variant.","The DUKE EVO is the evolution of the iconic Caberg DUKE flip-up helmet launched in 2012, that has been a great success among motorcyclists worldwide for its excellent value for money, the compact dimension and weight, high safety standards, and a 5-star score by SHARP test.<br><br>
<strong>Features:</strong>
<ul>
<li>P/J Homologation</li>
<li>Anti-fog visor</li>
<li>Integrated sun visor</li>
<li>Quick release system for the visor</li>
<li>Double anti-turbulence neck roll</li>
<li>Scratch resistant Pinlock visor</li>
<li>Internal air circulation</li>
<li>Removable and washable inner lining</li>
<li>Rain protection edges</li>
<li>Removable wind stopper</li>
<li>Prepared for Bluetooth communication systems</li>
</ul>
<strong>Specifications:</strong>
<ul>
<li>Material: ABS Polycarbonate</li>
<li>Closure: Micormetric ratchet closure</li>
<li>Weight: 1600 gr. +/- 50 gr.</li>
<li>ECE 22.06</li>
</ul>
<strong>Contents:</strong>
<ul>
<li>1x Caberg Duke Evo Helmet</li>
<li>1x Tinted visor</li>
<li>1x Tinted and mirrored visor</li>
<li>1x Pinlock visor</li>
</ul>","The DUKE EVO is the evolution of the iconic Caberg DUKE flip-up helmet launched in 2012, that has been a great success among motorcyclists worldwide for its excellent value for money, the compact dimension and weight, high safety standards, and a 5-star score by SHARP test.

Features:

• P/J Homologation

• Anti-fog visor

• Integrated sun visor

• Quick release system for the visor

• Double anti-turbulence neck roll

• Scratch resistant Pinlock visor

• Internal air circulation

• Removable and washable inner lining

• Rain protection edges

• Removable wind stopper

• Prepared for Bluetooth communication systems

Specifications:

• Material: ABS Polycarbonate

• Closure: Micormetric ratchet closure

• Weight: 1600 gr. +/- 50 gr.

• ECE 22.06

Contents:

• 1x Caberg Duke Evo Helmet

• 1x Tinted visor

• 1x Tinted and mirrored visor

• 1x Pinlock visor",38000,,2026-07-26,active,Caberg,5000,g,Buy Caberg Duke Evo Helmet | Mile 27 Store,"The DUKE EVO is the evolution of the iconic Caberg DUKE flip-up helmet launched in 2012, that has been a great success among motorcyclists worldwide… P/J…",P/J Homologation | Anti-fog visor | Integrated sun visor | Quick release system for the visor,Cleaned noise; brand verified,High,false,Helmets,High,"Mapped from Shopify Type ""Helmets""",caberg-duke-evo-helmet-1|Size:XS:Colour:White|price:38000.00|compare:|weight:5000|barcode:|qty:0 | caberg-duke-evo-helmet-2|Size:XS:Colour:Black Matt|price:38000.00|compare:|weight:5000|barcode:|qty:0 | caberg-duke-evo-helmet-3|Size:XS:Colour:Blue Matt|price:38000.00|compare:|weight:5000|barcode:|qty:0 | caberg-duke-evo-helmet-4|Size:XS:Colour:Gray Matt|price:38000.00|compare:|weight:5000|barcode:|qty:0 | caberg-duke-evo-helmet-5|Size:S:Colour:White|price:38000.00|compare:|weight:5000|barcode:|qty:0 | caberg-duke-evo-helmet-6|Size:S:Colour:Black Matt|price:38000.00|compare:|weight:5000|barcode:|qty:0 | caberg-duke-evo-helmet-7|Size:S:Colour:Blue Matt|price:38000.00|compare:|weight:5000|barcode:|qty:0 | caberg-duke-evo-helmet-8|Size:S:Colour:Gray Matt|price:38000.00|compare:|weight:5000|barcode:|qty:0 | caberg-duke-evo-helmet-9|Size:M:Colour:White|price:38000.00|compare:|weight:5000|barcode:|qty:0 | caberg-duke-evo-helmet-10|Size:M:Colour:Black Matt|price:38000.00|compare:|weight:5000|barcode:|qty:0 | caberg-duke-evo-helmet-11|Size:M:Colour:Blue Matt|price:38000.00|compare:|weight:5000|barcode:|qty:0 | caberg-duke-evo-helmet-12|Size:M:Colour:Gray Matt|price:38000.00|compare:|weight:5000|barcode:|qty:0 | caberg-duke-evo-helmet-13|Size:L:Colour:White|price:38000.00|compare:|weight:5000|barcode:|qty:0 | caberg-duke-evo-helmet-14|Size:L:Colour:Black Matt|price:38000.00|compare:|weight:5000|barcode:|qty:0 | caberg-duke-evo-helmet-15|Size:L:Colour:Blue Matt|price:38000.00|compare:|weight:5000|barcode:|qty:0 | caberg-duke-evo-helmet-16|Size:L:Colour:Gray Matt|price:38000.00|compare:|weight:5000|barcode:|qty:0 | caberg-duke-evo-helmet-17|Size:XL:Colour:White|price:38000.00|compare:|weight:5000|barcode:|qty:0 | caberg-duke-evo-helmet-18|Size:XL:Colour:Black Matt|price:38000.00|compare:|weight:5000|barcode:|qty:0 | caberg-duke-evo-helmet-19|Size:XL:Colour:Blue Matt|price:38000.00|compare:|weight:5000|barcode:|qty:0 | caberg-duke-evo-helmet-20|Size:XL:Colour:Gray Matt|price:38000.00|compare:|weight:5000|barcode:|qty:0,"caberg-duke-evo-helmet-1,caberg-duke-evo-helmet-2,caberg-duke-evo-helmet-3,caberg-duke-evo-helmet-4,caberg-duke-evo-helmet-5,caberg-duke-evo-helmet-6,caberg-duke-evo-helmet-7,caberg-duke-evo-helmet-8,caberg-duke-evo-helmet-9,caberg-duke-evo-helmet-10,caberg-duke-evo-helmet-11,caberg-duke-evo-helmet-12,caberg-duke-evo-helmet-13,caberg-duke-evo-helmet-14,caberg-duke-evo-helmet-15,caberg-duke-evo-helmet-16,caberg-duke-evo-helmet-17,caberg-duke-evo-helmet-18,caberg-duke-evo-helmet-19,caberg-duke-evo-helmet-20",20,https://cdn.shopify.com/s/files/1/0076/8301/4754/products/Duke-Evo-White-Metal-3-4.jpg?v=1681985509|pos:1|alt:Caberg Caberg Duke Evo Helmet – front view || https://cdn.shopify.com/s/files/1/0076/8301/4754/products/Duke-Evo-White-Metal-3-4-open.jpg?v=1681985511|pos:2|alt:Caberg Caberg Duke Evo Helmet – side view || https://cdn.shopify.com/s/files/1/0076/8301/4754/products/Duke-Evo-White-Metal-rear.jpg?v=1681985509|pos:3|alt:Caberg Caberg Duke Evo Helmet – rear view || https://cdn.shopify.com/s/files/1/0076/8301/4754/products/Duke-Evo-Matt-Black-3-4.jpg?v=1681985510|pos:4|alt:Caberg Caberg Duke Evo Helmet – detail view || https://cdn.shopify.com/s/files/1/0076/8301/4754/products/Duke-Evo-Matt-Black-3-4-open.jpg?v=1681985510|pos:5|alt:Caberg Caberg Duke Evo Helmet – top view || https://cdn.shopify.com/s/files/1/0076/8301/4754/products/Duke-Evo-Matt-Blue-Yama-3-4.jpg?v=1681985510|pos:6|alt:Caberg Caberg Duke Evo Helmet – product view || https://cdn.shopify.com/s/files/1/0076/8301/4754/products/Duke-Evo-Matt-Blue-Yama-3-4-open.jpg?v=1681985509|pos:7|alt:Caberg Caberg Duke Evo Helmet – product view || https://cdn.shopify.com/s/files/1/0076/8301/4754/products/Duke-Evo-Matt-Gun-Metal-3-4.jpg?v=1681985509|pos:8|alt:Caberg Caberg Duke Evo Helmet – product view || https://cdn.shopify.com/s/files/1/0076/8301/4754/products/Duke-Evo-Matt-Gun-Metal-3-4-open.jpg?v=1681985509|pos:9|alt:Caberg Caberg Duke Evo Helmet – product view,9,Caberg Caberg Duke Evo Helmet – front view | Caberg Caberg Duke Evo Helmet – side view | Caberg Caberg Duke Evo Helmet – rear view | Caberg Caberg Duke Evo Helmet – detail view | Caberg Caberg Duke Evo Helmet – top view | Caberg Caberg Duke Evo Helmet – product view,,0,Caberg Duke Evo Helmet,"Caberg Duke Evo Helmet. The DUKE EVO is the evolution of the iconic Caberg DUKE flip-up helmet launched in 2012, that has been a great success among motorcyclists worldwide… • P/J Homologation.",,,P/J Homologation. Anti-fog visor. Integrated sun visor. Quick release system for the visor.,,Available in multiple sizes. Check the size guide before ordering.,Caberg Duke Evo Helmet — a helmet built to the specifications listed above.,true,draft,https://cdn.shopify.com/s/files/1/0076/8301/4754/products/Duke-Evo-White-Metal-3-4.jpg?v=1681985509|role:hero || https://cdn.shopify.com/s/files/1/0076/8301/4754/products/Duke-Evo-White-Metal-3-4-open.jpg?v=1681985511|role:construction detail || https://cdn.shopify.com/s/files/1/0076/8301/4754/products/Duke-Evo-White-Metal-rear.jpg?v=1681985509|role:side profile,3,false,/products/caberg-duke-evo-helmet,/products/caberg-duke-evo-helmet
caberg-duke-evo-move-helmet,caberg-duke-evo-move-helmet,Caberg Duke Evo Move Helmet,Caberg Duke Evo Move Helmet,caberg-duke-evo-move-helmet,"The DUKE EVO is the evolution of the iconic Caberg DUKE flip-up helmet launched in 2012, that has been a great success among motorcyclists worldwide… • P/J Homologation. • Anti-fog visor. • Integrated sun visor. • Quick release system for the visor. Available in multiple sizes and/or colours — select your variant.","The DUKE EVO is the evolution of the iconic Caberg DUKE flip-up helmet launched in 2012, that has been a great success among motorcyclists worldwide for its excellent value for money, the compact dimension and weight, high safety standards, and a 5-star score by SHARP test.<br><br>
<strong>Features:</strong>
<ul>
<li>P/J Homologation</li>
<li>Anti-fog visor</li>
<li>Integrated sun visor</li>
<li>Quick release system for the visor</li>
<li>Double anti-turbulence neck roll</li>
<li>Scratch resistant Pinlock visor</li>
<li>Internal air circulation</li>
<li>Removable and washable inner lining</li>
<li>Rain protection edges</li>
<li>Removable wind stopper</li>
<li>Prepared for Bluetooth communication systems</li>
</ul>
<strong>Specifications:</strong>
<ul>
<li>Material: ABS Polycarbonate</li>
<li>Closure: Micormetric ratchet closure</li>
<li>Weight: 1600 gr. +/- 50 gr.</li>
<li>ECE 22.06</li>
</ul>
<strong>Contents:</strong>
<ul>
<li>1x Caberg Duke Evo Move helmet</li>
<li>1x Tinted visor</li>
<li>1x Tinted and mirrored visor</li>
<li>1x Pinlock visor</li>
</ul>","The DUKE EVO is the evolution of the iconic Caberg DUKE flip-up helmet launched in 2012, that has been a great success among motorcyclists worldwide for its excellent value for money, the compact dimension and weight, high safety standards, and a 5-star score by SHARP test.

Features:

• P/J Homologation

• Anti-fog visor

• Integrated sun visor

• Quick release system for the visor

• Double anti-turbulence neck roll

• Scratch resistant Pinlock visor

• Internal air circulation

• Removable and washable inner lining

• Rain protection edges

• Removable wind stopper

• Prepared for Bluetooth communication systems

Specifications:

• Material: ABS Polycarbonate

• Closure: Micormetric ratchet closure

• Weight: 1600 gr. +/- 50 gr.

• ECE 22.06

Contents:

• 1x Caberg Duke Evo Move helmet

• 1x Tinted visor

• 1x Tinted and mirrored visor

• 1x Pinlock visor",43000,,2026-07-26,active,Caberg,5000,g,Buy Caberg Duke Evo Move Helmet | Mile 27 Store,"The DUKE EVO is the evolution of the iconic Caberg DUKE flip-up helmet launched in 2012, that has been a great success among motorcyclists worldwide… P/J…",P/J Homologation | Anti-fog visor | Integrated sun visor | Quick release system for the visor,Cleaned noise; brand verified,High,false,Helmets,High,"Mapped from Shopify Type ""Helmets""",caberg-duke-evo-move-helmet-1|Size:XS:Colour:Black/White/Red|price:43000.00|compare:|weight:5000|barcode:|qty:0 | caberg-duke-evo-move-helmet-2|Size:XS:Colour:Grey/Fuxia|price:43000.00|compare:|weight:5000|barcode:|qty:0 | caberg-duke-evo-move-helmet-3|Size:XS:Colour:Gray/Yellow|price:43000.00|compare:|weight:5000|barcode:|qty:0 | caberg-duke-evo-move-helmet-4|Size:XS:Colour:Grey/Black/Red|price:43000.00|compare:|weight:5000|barcode:|qty:0 | caberg-duke-evo-move-helmet-5|Size:S:Colour:Black/White/Red|price:43000.00|compare:|weight:5000|barcode:|qty:0 | caberg-duke-evo-move-helmet-6|Size:S:Colour:Grey/Fuxia|price:43000.00|compare:|weight:5000|barcode:|qty:0 | caberg-duke-evo-move-helmet-7|Size:S:Colour:Gray/Yellow|price:43000.00|compare:|weight:5000|barcode:|qty:0 | caberg-duke-evo-move-helmet-8|Size:S:Colour:Grey/Black/Red|price:43000.00|compare:|weight:5000|barcode:|qty:0 | caberg-duke-evo-move-helmet-9|Size:M:Colour:Black/White/Red|price:43000.00|compare:|weight:5000|barcode:|qty:0 | caberg-duke-evo-move-helmet-10|Size:M:Colour:Grey/Fuxia|price:43000.00|compare:|weight:5000|barcode:|qty:0 | caberg-duke-evo-move-helmet-11|Size:M:Colour:Gray/Yellow|price:43000.00|compare:|weight:5000|barcode:|qty:0 | caberg-duke-evo-move-helmet-12|Size:M:Colour:Grey/Black/Red|price:43000.00|compare:|weight:5000|barcode:|qty:0 | caberg-duke-evo-move-helmet-13|Size:L:Colour:Black/White/Red|price:43000.00|compare:|weight:5000|barcode:|qty:0 | caberg-duke-evo-move-helmet-14|Size:L:Colour:Grey/Fuxia|price:43000.00|compare:|weight:5000|barcode:|qty:0 | caberg-duke-evo-move-helmet-15|Size:L:Colour:Gray/Yellow|price:43000.00|compare:|weight:5000|barcode:|qty:0 | caberg-duke-evo-move-helmet-16|Size:L:Colour:Grey/Black/Red|price:43000.00|compare:|weight:5000|barcode:|qty:0 | caberg-duke-evo-move-helmet-17|Size:XL:Colour:Black/White/Red|price:43000.00|compare:|weight:5000|barcode:|qty:0 | caberg-duke-evo-move-helmet-18|Size:XL:Colour:Grey/Fuxia|price:43000.00|compare:|weight:5000|barcode:|qty:0 | caberg-duke-evo-move-helmet-19|Size:XL:Colour:Gray/Yellow|price:43000.00|compare:|weight:5000|barcode:|qty:0 | caberg-duke-evo-move-helmet-20|Size:XL:Colour:Grey/Black/Red|price:43000.00|compare:|weight:5000|barcode:|qty:0,"caberg-duke-evo-move-helmet-1,caberg-duke-evo-move-helmet-2,caberg-duke-evo-move-helmet-3,caberg-duke-evo-move-helmet-4,caberg-duke-evo-move-helmet-5,caberg-duke-evo-move-helmet-6,caberg-duke-evo-move-helmet-7,caberg-duke-evo-move-helmet-8,caberg-duke-evo-move-helmet-9,caberg-duke-evo-move-helmet-10,caberg-duke-evo-move-helmet-11,caberg-duke-evo-move-helmet-12,caberg-duke-evo-move-helmet-13,caberg-duke-evo-move-helmet-14,caberg-duke-evo-move-helmet-15,caberg-duke-evo-move-helmet-16,caberg-duke-evo-move-helmet-17,caberg-duke-evo-move-helmet-18,caberg-duke-evo-move-helmet-19,caberg-duke-evo-move-helmet-20",20,https://cdn.shopify.com/s/files/1/0076/8301/4754/products/Duke-Evo-Move-Black-White-Red-3-4.jpg?v=1681984339|pos:1|alt:Caberg Caberg Duke Evo Move Helmet – front view || https://cdn.shopify.com/s/files/1/0076/8301/4754/products/Duke-Evo-Move-Black-White-Red-3-4-open.jpg?v=1681984338|pos:2|alt:Caberg Caberg Duke Evo Move Helmet – side view || https://cdn.shopify.com/s/files/1/0076/8301/4754/products/Duke-Evo-Move-Black-White-Red-rear.jpg?v=1681984341|pos:3|alt:Caberg Caberg Duke Evo Move Helmet – rear view || https://cdn.shopify.com/s/files/1/0076/8301/4754/products/Duke-Evo-Move-Matt-Gun-Metal-Black-Fuchsia-3-4.jpg?v=1681984340|pos:4|alt:Caberg Caberg Duke Evo Move Helmet – detail view || https://cdn.shopify.com/s/files/1/0076/8301/4754/products/Duke-Evo-Move-Matt-Gun-Metal-Black-Fuchsia-3-4-open.jpg?v=1681984340|pos:5|alt:Caberg Caberg Duke Evo Move Helmet – top view || https://cdn.shopify.com/s/files/1/0076/8301/4754/products/Duke-Evo-Move-Matt-Gun-Metal-Black-Fuchsia-rear.jpg?v=1681984339|pos:6|alt:Caberg Caberg Duke Evo Move Helmet – product view || https://cdn.shopify.com/s/files/1/0076/8301/4754/products/Duke-Evo-Move-Matt-Gun-Metal-Black-Yellow-Fluo-3-4.jpg?v=1681984340|pos:7|alt:Caberg Caberg Duke Evo Move Helmet – product view || https://cdn.shopify.com/s/files/1/0076/8301/4754/products/Duke-Evo-Move-Matt-Gun-Metal-Black-Yellow-Fluo-3-4-open.jpg?v=1681984338|pos:8|alt:Caberg Caberg Duke Evo Move Helmet – product view || https://cdn.shopify.com/s/files/1/0076/8301/4754/products/Duke-Evo-Move-Matt-Gun-Metal-Black-Yellow-Fluo-rear.jpg?v=1681984341|pos:9|alt:Caberg Caberg Duke Evo Move Helmet – product view || https://cdn.shopify.com/s/files/1/0076/8301/4754/products/Duke-Evo-Move-Matt-Gun-Metal-Black-Red-3-4.jpg?v=1681984339|pos:10|alt:Caberg Caberg Duke Evo Move Helmet – product view || https://cdn.shopify.com/s/files/1/0076/8301/4754/products/Duke-Evo-Move-Matt-Gun-Metal-Black-Red-3-4-open.jpg?v=1681984339|pos:11|alt:Caberg Caberg Duke Evo Move Helmet – product view || https://cdn.shopify.com/s/files/1/0076/8301/4754/products/Duke-Evo-Move-Matt-Gun-Metal-Black-Red-rear.jpg?v=1681984339|pos:12|alt:Caberg Caberg Duke Evo Move Helmet – product view,12,Caberg Caberg Duke Evo Move Helmet – front view | Caberg Caberg Duke Evo Move Helmet – side view | Caberg Caberg Duke Evo Move Helmet – rear view | Caberg Caberg Duke Evo Move Helmet – detail view | Caberg Caberg Duke Evo Move Helmet – top view | Caberg Caberg Duke Evo Move Helmet – product view,,0,Caberg Duke Evo Move Helmet,"Caberg Duke Evo Move Helmet. The DUKE EVO is the evolution of the iconic Caberg DUKE flip-up helmet launched in 2012, that has been a great success among motorcyclists worldwide… • P/J Homologation.",,,P/J Homologation. Anti-fog visor. Integrated sun visor. Quick release system for the visor.,,Available in multiple sizes. Check the size guide before ordering.,Caberg Duke Evo Move Helmet — a helmet built to the specifications listed above.,true,draft,https://cdn.shopify.com/s/files/1/0076/8301/4754/products/Duke-Evo-Move-Black-White-Red-3-4.jpg?v=1681984339|role:hero || https://cdn.shopify.com/s/files/1/0076/8301/4754/products/Duke-Evo-Move-Black-White-Red-3-4-open.jpg?v=1681984338|role:construction detail || https://cdn.shopify.com/s/files/1/0076/8301/4754/products/Duke-Evo-Move-Black-White-Red-rear.jpg?v=1681984341|role:side profile,3,false,/products/caberg-duke-evo-move-helmet,/products/caberg-duke-evo-move-helmet
caberg-duke-evo-rusty-helmet,caberg-duke-evo-rusty-helmet,Caberg Duke Evo Rusty Helmet,Caberg Duke Evo Rusty Helmet,caberg-duke-evo-rusty-helmet,"The DUKE EVO is the evolution of the iconic Caberg DUKE flip-up helmet launched in 2012, that has been a great success among motorcyclists worldwide… • P/J Homologation. • Anti-fog visor. • Integrated sun visor. • Quick release system for the visor. Available in multiple sizes and/or colours — select your variant.","The DUKE EVO is the evolution of the iconic Caberg DUKE flip-up helmet launched in 2012, that has been a great success among motorcyclists worldwide for its excellent value for money, the compact dimension and weight, high safety standards, and a 5-star score by SHARP test.<br><br>
<strong>Features:</strong>
<ul>
<li>P/J Homologation</li>
<li>Anti-fog visor</li>
<li>Integrated sun visor</li>
<li>Quick release system for the visor</li>
<li>Double anti-turbulence neck roll</li>
<li>Scratch resistant Pinlock visor</li>
<li>Internal air circulation</li>
<li>Removable and washable inner lining</li>
<li>Rain protection edges</li>
<li>Removable wind stopper</li>
<li>Prepared for Bluetooth communication systems</li>
</ul>
<strong>Specifications:</strong>
<ul>
<li>Material: ABS Polycarbonate</li>
<li>Closure: Micormetric ratchet closure</li>
<li>Weight: 1600 gr. +/- 50 gr.</li>
<li>ECE 22.06</li>
</ul>
<strong>Contents:</strong>
<ul>
<li>1x Caberg Duke Evo Rusty Helmet</li>
<li>1x Tinted visor</li>
<li>1x Tinted and mirrored visor</li>
<li>1x Pinlock visor</li>
</ul>","The DUKE EVO is the evolution of the iconic Caberg DUKE flip-up helmet launched in 2012, that has been a great success among motorcyclists worldwide for its excellent value for money, the compact dimension and weight, high safety standards, and a 5-star score by SHARP test.

Features:

• P/J Homologation

• Anti-fog visor

• Integrated sun visor

• Quick release system for the visor

• Double anti-turbulence neck roll

• Scratch resistant Pinlock visor

• Internal air circulation

• Removable and washable inner lining

• Rain protection edges

• Removable wind stopper

• Prepared for Bluetooth communication systems

Specifications:

• Material: ABS Polycarbonate

• Closure: Micormetric ratchet closure

• Weight: 1600 gr. +/- 50 gr.

• ECE 22.06

Contents:

• 1x Caberg Duke Evo Rusty Helmet

• 1x Tinted visor

• 1x Tinted and mirrored visor

• 1x Pinlock visor",43000,,2026-07-26,active,Caberg,5000,g,Buy Caberg Duke Evo Rusty Helmet | Mile 27 Store,"The DUKE EVO is the evolution of the iconic Caberg DUKE flip-up helmet launched in 2012, that has been a great success among motorcyclists worldwide… P/J…",P/J Homologation | Anti-fog visor | Integrated sun visor | Quick release system for the visor,Cleaned noise; brand verified,High,false,Helmets,High,"Mapped from Shopify Type ""Helmets""",caberg-duke-evo-rusty-helmet-1|Size:XS|price:43000.00|compare:|weight:5000|barcode:|qty:0 | caberg-duke-evo-rusty-helmet-2|Size:S|price:43000.00|compare:|weight:5000|barcode:|qty:0 | caberg-duke-evo-rusty-helmet-3|Size:M|price:43000.00|compare:|weight:5000|barcode:|qty:0 | caberg-duke-evo-rusty-helmet-4|Size:L|price:43000.00|compare:|weight:5000|barcode:|qty:0 | caberg-duke-evo-rusty-helmet-5|Size:XL|price:43000.00|compare:|weight:5000|barcode:|qty:0,"caberg-duke-evo-rusty-helmet-1,caberg-duke-evo-rusty-helmet-2,caberg-duke-evo-rusty-helmet-3,caberg-duke-evo-rusty-helmet-4,caberg-duke-evo-rusty-helmet-5",5,https://cdn.shopify.com/s/files/1/0076/8301/4754/products/Duke-Evo-Rusty-3-4.jpg?v=1681981767|pos:1|alt:Caberg Caberg Duke Evo Rusty Helmet – front view || https://cdn.shopify.com/s/files/1/0076/8301/4754/products/Duke-Evo-Rusty-3-4-open.jpg?v=1681981767|pos:2|alt:Caberg Caberg Duke Evo Rusty Helmet – side view || https://cdn.shopify.com/s/files/1/0076/8301/4754/products/Duke-Evo-Rusty-rear.jpg?v=1681981767|pos:3|alt:Caberg Caberg Duke Evo Rusty Helmet – rear view,3,Caberg Caberg Duke Evo Rusty Helmet – front view | Caberg Caberg Duke Evo Rusty Helmet – side view | Caberg Caberg Duke Evo Rusty Helmet – rear view,,0,Caberg Duke Evo Rusty Helmet,"Caberg Duke Evo Rusty Helmet. The DUKE EVO is the evolution of the iconic Caberg DUKE flip-up helmet launched in 2012, that has been a great success among motorcyclists worldwide… • P/J Homologation.",,,P/J Homologation. Anti-fog visor. Integrated sun visor. Quick release system for the visor.,,Available in multiple sizes. Check the size guide before ordering.,Caberg Duke Evo Rusty Helmet — a helmet built to the specifications listed above.,true,draft,https://cdn.shopify.com/s/files/1/0076/8301/4754/products/Duke-Evo-Rusty-3-4.jpg?v=1681981767|role:hero || https://cdn.shopify.com/s/files/1/0076/8301/4754/products/Duke-Evo-Rusty-3-4-open.jpg?v=1681981767|role:construction detail || https://cdn.shopify.com/s/files/1/0076/8301/4754/products/Duke-Evo-Rusty-rear.jpg?v=1681981767|role:side profile,3,false,/products/caberg-duke-evo-rusty-helmet,/products/caberg-duke-evo-rusty-helmet
caberg-tourmax-x-helmet,caberg-tourmax-x-helmet,Caberg Tourmax X Helmet,Caberg Tourmax X Helmet,caberg-tourmax-x-helmet,"The Tourmax X is the first flip-up adventure helmet on the market, designed for all owners of enduro and maxi enduro motorcycles. The Tourmax X… • P/J Homologation. • Anti-fog visor. • Integrated sun visor. • Quick release system for the visor. Available in multiple sizes and/or colours — select your variant.","The Tourmax X is the first flip-up adventure helmet on the market, designed for all owners of enduro and maxi enduro motorcycles. The Tourmax X is the new version of the popular Tourmax with a new system for opening the chin guard, which has passed all the tests required by ECE 22.06 P/J.<br><br>
<strong>Features:</strong>
<ul>
<li>P/J Homologation</li>
<li>Anti-fog visor</li>
<li>Integrated sun visor</li>
<li>Quick release system for the visor</li>
<li>Double anti-turbulence neck roll</li>
<li>Scratch resistant Pinlock visor</li>
<li>Internal air circulation</li>
<li>Removable and washable inner lining</li>
<li>Rain protection edges</li>
<li>Removable wind stopper</li>
<li>Prepared for Bluetooth communication systems</li>
</ul>
<strong>Specifications:</strong>
<ul>
<li>Material: ABS Polycarbonate</li>
<li>Closure: Micormetric ratchet closure</li>
<li>Weight: 1650 gr. +/- 50 gr.</li>
<li>ECE 22.06</li>
</ul>
<strong>Contents:</strong>
<ul>
<li>1x Caberg Tourmax X Helmet</li>
<li>1x Pinlock visor</li>
</ul>","The Tourmax X is the first flip-up adventure helmet on the market, designed for all owners of enduro and maxi enduro motorcycles. The Tourmax X is the new version of the popular Tourmax with a new system for opening the chin guard, which has passed all the tests required by ECE 22.06 P/J.

Features:

• P/J Homologation

• Anti-fog visor

• Integrated sun visor

• Quick release system for the visor

• Double anti-turbulence neck roll

• Scratch resistant Pinlock visor

• Internal air circulation

• Removable and washable inner lining

• Rain protection edges

• Removable wind stopper

• Prepared for Bluetooth communication systems

Specifications:

• Material: ABS Polycarbonate

• Closure: Micormetric ratchet closure

• Weight: 1650 gr. +/- 50 gr.

• ECE 22.06

Contents:

• 1x Caberg Tourmax X Helmet

• 1x Pinlock visor",41000,,2026-07-26,active,Caberg,5000,g,Buy Caberg Tourmax X Helmet | Mile 27 Store,"The Tourmax X is the first flip-up adventure helmet on the market, designed for all owners of enduro and maxi enduro motorcycles. The Tourmax X… P/J…",P/J Homologation | Anti-fog visor | Integrated sun visor | Quick release system for the visor,Cleaned noise; brand verified,High,false,Helmets,High,"Mapped from Shopify Type ""Helmets""",caberg-tourmax-x-helmet-1|Size:XS:Colour:White|price:41000.00|compare:|weight:5000|barcode:|qty:0 | caberg-tourmax-x-helmet-2|Size:XS:Colour:Black Matt|price:41000.00|compare:|weight:5000|barcode:|qty:0 | caberg-tourmax-x-helmet-3|Size:XS:Colour:Gray Matt|price:41000.00|compare:|weight:5000|barcode:|qty:0 | caberg-tourmax-x-helmet-4|Size:S:Colour:White|price:41000.00|compare:|weight:5000|barcode:|qty:0 | caberg-tourmax-x-helmet-5|Size:S:Colour:Black Matt|price:41000.00|compare:|weight:5000|barcode:|qty:0 | caberg-tourmax-x-helmet-6|Size:S:Colour:Gray Matt|price:41000.00|compare:|weight:5000|barcode:|qty:0 | caberg-tourmax-x-helmet-7|Size:M:Colour:White|price:41000.00|compare:|weight:5000|barcode:|qty:0 | caberg-tourmax-x-helmet-8|Size:M:Colour:Black Matt|price:41000.00|compare:|weight:5000|barcode:|qty:0 | caberg-tourmax-x-helmet-9|Size:M:Colour:Gray Matt|price:41000.00|compare:|weight:5000|barcode:|qty:0 | caberg-tourmax-x-helmet-10|Size:L:Colour:White|price:41000.00|compare:|weight:5000|barcode:|qty:0 | caberg-tourmax-x-helmet-11|Size:L:Colour:Black Matt|price:41000.00|compare:|weight:5000|barcode:|qty:0 | caberg-tourmax-x-helmet-12|Size:L:Colour:Gray Matt|price:41000.00|compare:|weight:5000|barcode:|qty:0 | caberg-tourmax-x-helmet-13|Size:XL:Colour:White|price:41000.00|compare:|weight:5000|barcode:|qty:0 | caberg-tourmax-x-helmet-14|Size:XL:Colour:Black Matt|price:41000.00|compare:|weight:5000|barcode:|qty:0 | caberg-tourmax-x-helmet-15|Size:XL:Colour:Gray Matt|price:41000.00|compare:|weight:5000|barcode:|qty:0,"caberg-tourmax-x-helmet-1,caberg-tourmax-x-helmet-2,caberg-tourmax-x-helmet-3,caberg-tourmax-x-helmet-4,caberg-tourmax-x-helmet-5,caberg-tourmax-x-helmet-6,caberg-tourmax-x-helmet-7,caberg-tourmax-x-helmet-8,caberg-tourmax-x-helmet-9,caberg-tourmax-x-helmet-10,caberg-tourmax-x-helmet-11,caberg-tourmax-x-helmet-12,caberg-tourmax-x-helmet-13,caberg-tourmax-x-helmet-14,caberg-tourmax-x-helmet-15",15,https://cdn.shopify.com/s/files/1/0076/8301/4754/products/Tourmax_X-White-Metal-3-4.jpg?v=1681907327|pos:1|alt:Caberg Caberg Tourmax X Helmet – front view || https://cdn.shopify.com/s/files/1/0076/8301/4754/products/Tourmax_X-White-Metal-3-4-open.jpg?v=1681907327|pos:2|alt:Caberg Caberg Tourmax X Helmet – side view || https://cdn.shopify.com/s/files/1/0076/8301/4754/products/Tourmax_X-White-Metal-rear.jpg?v=1681907328|pos:3|alt:Caberg Caberg Tourmax X Helmet – rear view || https://cdn.shopify.com/s/files/1/0076/8301/4754/products/Tourmax_X-Matt-Black-3-4.jpg?v=1681907327|pos:4|alt:Caberg Caberg Tourmax X Helmet – detail view || https://cdn.shopify.com/s/files/1/0076/8301/4754/products/Tourmax_X-Matt-Black-3-4-open.jpg?v=1681907328|pos:5|alt:Caberg Caberg Tourmax X Helmet – top view || https://cdn.shopify.com/s/files/1/0076/8301/4754/products/Tourmax_X-Matt-Gun-Metal-3-4.jpg?v=1681907327|pos:6|alt:Caberg Caberg Tourmax X Helmet – product view || https://cdn.shopify.com/s/files/1/0076/8301/4754/products/Tourmax_X-Matt-Gun-Metal-3-4-open.jpg?v=1681907328|pos:7|alt:Caberg Caberg Tourmax X Helmet – product view,7,Caberg Caberg Tourmax X Helmet – front view | Caberg Caberg Tourmax X Helmet – side view | Caberg Caberg Tourmax X Helmet – rear view | Caberg Caberg Tourmax X Helmet – detail view | Caberg Caberg Tourmax X Helmet – top view | Caberg Caberg Tourmax X Helmet – product view,,0,Caberg Tourmax X Helmet,"Caberg Tourmax X Helmet. The Tourmax X is the first flip-up adventure helmet on the market, designed for all owners of enduro and maxi enduro motorcycles.",,,P/J Homologation. Anti-fog visor. Integrated sun visor. Quick release system for the visor.,,Available in multiple sizes. Check the size guide before ordering.,Caberg Tourmax X Helmet — a helmet built to the specifications listed above.,true,draft,https://cdn.shopify.com/s/files/1/0076/8301/4754/products/Tourmax_X-White-Metal-3-4.jpg?v=1681907327|role:hero || https://cdn.shopify.com/s/files/1/0076/8301/4754/products/Tourmax_X-White-Metal-3-4-open.jpg?v=1681907327|role:construction detail || https://cdn.shopify.com/s/files/1/0076/8301/4754/products/Tourmax_X-White-Metal-rear.jpg?v=1681907328|role:side profile,3,false,/products/caberg-tourmax-x-helmet,/products/caberg-tourmax-x-helmet
caberg-tourmax-x-sarabe-helmet,caberg-tourmax-x-sarabe-helmet,Caberg Tourmax X Sarabe Helmet,Caberg Tourmax X Sarabe Helmet,caberg-tourmax-x-sarabe-helmet,"The Tourmax X is the first flip-up adventure helmet on the market, designed for all owners of enduro and maxi enduro motorcycles. The Tourmax X… • P/J Homologation. • Anti-fog visor. • Integrated sun visor. • Quick release system for the visor. Available in multiple sizes and/or colours — select your variant.","The Tourmax X is the first flip-up adventure helmet on the market, designed for all owners of enduro and maxi enduro motorcycles. The Tourmax X is the new version of the popular Tourmax with a new system for opening the chin guard, which has passed all the tests required by ECE 22.06 P/J.<br><br>
<strong>Features:</strong>
<ul>
<li>P/J Homologation</li>
<li>Anti-fog visor</li>
<li>Integrated sun visor</li>
<li>Quick release system for the visor</li>
<li>Double anti-turbulence neck roll</li>
<li>Scratch resistant Pinlock visor</li>
<li>Internal air circulation</li>
<li>Removable and washable inner lining</li>
<li>Rain protection edges</li>
<li>Removable wind stopper</li>
<li>Prepared for Bluetooth communication systems</li>
</ul>
<strong>Specifications:</strong>
<ul>
<li>Material: ABS Polycarbonate</li>
<li>Closure: Micormetric ratchet closure</li>
<li>Weight: 1650 gr. +/- 50 gr.</li>
<li>ECE 22.06</li>
</ul>
<strong>Contents:</strong>
<ul>
<li>1x Caberg Tourmax X Sarabe Helmet</li>
<li>1x Pinlock visor</li>
</ul>","The Tourmax X is the first flip-up adventure helmet on the market, designed for all owners of enduro and maxi enduro motorcycles. The Tourmax X is the new version of the popular Tourmax with a new system for opening the chin guard, which has passed all the tests required by ECE 22.06 P/J.

Features:

• P/J Homologation

• Anti-fog visor

• Integrated sun visor

• Quick release system for the visor

• Double anti-turbulence neck roll

• Scratch resistant Pinlock visor

• Internal air circulation

• Removable and washable inner lining

• Rain protection edges

• Removable wind stopper

• Prepared for Bluetooth communication systems

Specifications:

• Material: ABS Polycarbonate

• Closure: Micormetric ratchet closure

• Weight: 1650 gr. +/- 50 gr.

• ECE 22.06

Contents:

• 1x Caberg Tourmax X Sarabe Helmet

• 1x Pinlock visor",47000,,2026-07-26,active,Caberg,5000,g,Buy Caberg Tourmax X Sarabe Helmet | Mile 27 Store,"The Tourmax X is the first flip-up adventure helmet on the market, designed for all owners of enduro and maxi enduro motorcycles. The Tourmax X… P/J…",P/J Homologation | Anti-fog visor | Integrated sun visor | Quick release system for the visor,Cleaned noise; brand verified,High,false,Helmets,High,"Mapped from Shopify Type ""Helmets""",caberg-tourmax-x-sarabe-helmet-1|Size:XS:Colour:Gray/Yellow|price:47000.00|compare:|weight:5000|barcode:|qty:0 | caberg-tourmax-x-sarabe-helmet-2|Size:XS:Colour:Gray/Blue|price:47000.00|compare:|weight:5000|barcode:|qty:0 | caberg-tourmax-x-sarabe-helmet-3|Size:XS:Colour:Grey/Black/Red|price:47000.00|compare:|weight:5000|barcode:|qty:0 | caberg-tourmax-x-sarabe-helmet-4|Size:S:Colour:Gray/Yellow|price:47000.00|compare:|weight:5000|barcode:|qty:0 | caberg-tourmax-x-sarabe-helmet-5|Size:S:Colour:Gray/Blue|price:47000.00|compare:|weight:5000|barcode:|qty:0 | caberg-tourmax-x-sarabe-helmet-6|Size:S:Colour:Grey/Black/Red|price:47000.00|compare:|weight:5000|barcode:|qty:0 | caberg-tourmax-x-sarabe-helmet-7|Size:M:Colour:Gray/Yellow|price:47000.00|compare:|weight:5000|barcode:|qty:0 | caberg-tourmax-x-sarabe-helmet-8|Size:M:Colour:Gray/Blue|price:47000.00|compare:|weight:5000|barcode:|qty:0 | caberg-tourmax-x-sarabe-helmet-9|Size:M:Colour:Grey/Black/Red|price:47000.00|compare:|weight:5000|barcode:|qty:0 | caberg-tourmax-x-sarabe-helmet-10|Size:L:Colour:Gray/Yellow|price:47000.00|compare:|weight:5000|barcode:|qty:0 | caberg-tourmax-x-sarabe-helmet-11|Size:L:Colour:Gray/Blue|price:47000.00|compare:|weight:5000|barcode:|qty:0 | caberg-tourmax-x-sarabe-helmet-12|Size:L:Colour:Grey/Black/Red|price:47000.00|compare:|weight:5000|barcode:|qty:0 | caberg-tourmax-x-sarabe-helmet-13|Size:XL:Colour:Gray/Yellow|price:47000.00|compare:|weight:5000|barcode:|qty:0 | caberg-tourmax-x-sarabe-helmet-14|Size:XL:Colour:Gray/Blue|price:47000.00|compare:|weight:5000|barcode:|qty:0 | caberg-tourmax-x-sarabe-helmet-15|Size:XL:Colour:Grey/Black/Red|price:47000.00|compare:|weight:5000|barcode:|qty:0,"caberg-tourmax-x-sarabe-helmet-1,caberg-tourmax-x-sarabe-helmet-2,caberg-tourmax-x-sarabe-helmet-3,caberg-tourmax-x-sarabe-helmet-4,caberg-tourmax-x-sarabe-helmet-5,caberg-tourmax-x-sarabe-helmet-6,caberg-tourmax-x-sarabe-helmet-7,caberg-tourmax-x-sarabe-helmet-8,caberg-tourmax-x-sarabe-helmet-9,caberg-tourmax-x-sarabe-helmet-10,caberg-tourmax-x-sarabe-helmet-11,caberg-tourmax-x-sarabe-helmet-12,caberg-tourmax-x-sarabe-helmet-13,caberg-tourmax-x-sarabe-helmet-14,caberg-tourmax-x-sarabe-helmet-15",15,https://cdn.shopify.com/s/files/1/0076/8301/4754/products/Tourmax_X-Sarabe-Matt-Gun-Metal-Black-Yellow-Fluo-3-4.jpg?v=1681902805|pos:1|alt:Caberg Caberg Tourmax X Sarabe Helmet – front view || https://cdn.shopify.com/s/files/1/0076/8301/4754/products/Tourmax_X-Sarabe-Matt-Gun-Metal-Black-Yellow-Fluo-3-4-open.jpg?v=1681902805|pos:2|alt:Caberg Caberg Tourmax X Sarabe Helmet – side view || https://cdn.shopify.com/s/files/1/0076/8301/4754/products/Tourmax_X-Sarabe-Matt-Gun-Metal-Black-Yellow-Fluo-rear.jpg?v=1681902804|pos:3|alt:Caberg Caberg Tourmax X Sarabe Helmet – rear view || https://cdn.shopify.com/s/files/1/0076/8301/4754/products/Tourmax_X-Sarabe-Matt-Gun-Metal-Black-Bmw-Colors-3-4.jpg?v=1681902805|pos:4|alt:Caberg Caberg Tourmax X Sarabe Helmet – detail view || https://cdn.shopify.com/s/files/1/0076/8301/4754/products/Tourmax_X-Sarabe-Matt-Gun-Metal-Black-Bmw-Colors-3-4-open.jpg?v=1681902807|pos:5|alt:Caberg Caberg Tourmax X Sarabe Helmet – top view || https://cdn.shopify.com/s/files/1/0076/8301/4754/products/Tourmax_X-Sarabe-Matt-Gun-Metal-Black-Bmw-Colors-rear.jpg?v=1681902804|pos:6|alt:Caberg Caberg Tourmax X Sarabe Helmet – product view || https://cdn.shopify.com/s/files/1/0076/8301/4754/products/Tourmax_X-Sarabe-Matt-Gun-Metal-Black-Red-3-4.jpg?v=1681902806|pos:7|alt:Caberg Caberg Tourmax X Sarabe Helmet – product view || https://cdn.shopify.com/s/files/1/0076/8301/4754/products/Tourmax_X-Sarabe-Matt-Gun-Metal-Black-Red-3-4-open.jpg?v=1681902806|pos:8|alt:Caberg Caberg Tourmax X Sarabe Helmet – product view || https://cdn.shopify.com/s/files/1/0076/8301/4754/products/Tourmax_X-Sarabe-Matt-Gun-Metal-Black-Red-rear.jpg?v=1681902805|pos:9|alt:Caberg Caberg Tourmax X Sarabe Helmet – product view,9,Caberg Caberg Tourmax X Sarabe Helmet – front view | Caberg Caberg Tourmax X Sarabe Helmet – side view | Caberg Caberg Tourmax X Sarabe Helmet – rear view | Caberg Caberg Tourmax X Sarabe Helmet – detail view | Caberg Caberg Tourmax X Sarabe Helmet – top view | Caberg Caberg Tourmax X Sarabe Helmet – product view,,0,Caberg Tourmax X Sarabe Helmet,"Caberg Tourmax X Sarabe Helmet. The Tourmax X is the first flip-up adventure helmet on the market, designed for all owners of enduro and maxi enduro motorcycles.",,,P/J Homologation. Anti-fog visor. Integrated sun visor. Quick release system for the visor.,,Available in multiple sizes. Check the size guide before ordering.,Caberg Tourmax X Sarabe Helmet — a helmet built to the specifications listed above.,true,draft,https://cdn.shopify.com/s/files/1/0076/8301/4754/products/Tourmax_X-Sarabe-Matt-Gun-Metal-Black-Yellow-Fluo-3-4.jpg?v=1681902805|role:hero || https://cdn.shopify.com/s/files/1/0076/8301/4754/products/Tourmax_X-Sarabe-Matt-Gun-Metal-Black-Yellow-Fluo-3-4-open.jpg?v=1681902805|role:construction detail || https://cdn.shopify.com/s/files/1/0076/8301/4754/products/Tourmax_X-Sarabe-Matt-Gun-Metal-Black-Yellow-Fluo-rear.jpg?v=1681902804|role:side profile,3,false,/products/caberg-tourmax-x-sarabe-helmet,/products/caberg-tourmax-x-sarabe-helmet
