migration_key,source_shopify_handle,name,source_title,slug,description,source_description_html,description_plain_text,price,compare_at_price,available_on,status,brand,weight,weight_unit,meta_title,meta_description,verified_feature_summary,title_change_reason,title_confidence,requires_review,primary_taxon_path,category_confidence,category_reason,variants,variant_skus,variant_count,images,image_count,image_alt_texts,tags,tag_count,story_title,story_introduction,story_module_design,story_module_experience,story_module_feature_focus,story_module_use_case,story_module_buyer_note,story_module_closing,story_eligible,story_editorial_status,story_media_refs,story_media_count,redirect_required,redirect_from,redirect_to
held-nashville-ii-boots,held-nashville-ii-boots,Held Nashville II Boots,Held Nashville II Boots,held-nashville-ii-boots,Outer shell • cowhide. • soft polyester lining. • easy entry via zip. • anti-slip sole. Available in multiple sizes and/or colours — select your variant.,"<p>Outer shell</p>
<ul>
<li>cowhide</li>
</ul>
<p>Lining</p>
<ul>
<li>soft polyester lining</li>
</ul>
<p>Fit/features</p>
<ul>
<li>easy entry via zip</li>
<li>anti-slip sole</li>
</ul>
<p>Protection</p>
<ul>
<li>certified under norm EN 13634:2017 “protective boots for motorcyclists”</li>
<li>ankle protection</li>
</ul>","Outer shell

• cowhide

Lining

• soft polyester lining

Fit/features

• easy entry via zip

• anti-slip sole

Protection

• certified under norm EN 13634:2017 “protective boots for motorcyclists”

• ankle protection",25000,,2026-07-26,active,Held,4000,g,Buy Held Nashville II Boots | Mile 27 Store,Outer shell cowhide. soft polyester lining. easy entry via zip. anti-slip sole.,cowhide | soft polyester lining | easy entry via zip | anti-slip sole,Cleaned noise; brand verified,High,false,Riding Gear > Riding Boots,High,"Mapped from Shopify Type ""Riding Boots""",held-nashville-ii-boots-1|Colour:Black:Size:37|price:25000.00|compare:|weight:4000|barcode:|qty:0 | held-nashville-ii-boots-2|Colour:Black:Size:38|price:25000.00|compare:|weight:4000|barcode:|qty:0 | held-nashville-ii-boots-3|Colour:Black:Size:39|price:25000.00|compare:|weight:4000|barcode:|qty:0 | held-nashville-ii-boots-4|Colour:Black:Size:40|price:25000.00|compare:|weight:4000|barcode:|qty:0 | held-nashville-ii-boots-5|Colour:Black:Size:41|price:25000.00|compare:|weight:4000|barcode:|qty:0 | held-nashville-ii-boots-6|Colour:Black:Size:42|price:25000.00|compare:|weight:4000|barcode:|qty:0 | held-nashville-ii-boots-7|Colour:Black:Size:43|price:25000.00|compare:|weight:4000|barcode:|qty:0 | held-nashville-ii-boots-8|Colour:Black:Size:44|price:25000.00|compare:|weight:4000|barcode:|qty:0 | held-nashville-ii-boots-9|Colour:Black:Size:45|price:25000.00|compare:|weight:4000|barcode:|qty:0 | held-nashville-ii-boots-10|Colour:Black:Size:46|price:25000.00|compare:|weight:4000|barcode:|qty:0 | held-nashville-ii-boots-11|Colour:Black:Size:47|price:25000.00|compare:|weight:4000|barcode:|qty:0 | held-nashville-ii-boots-12|Colour:Brown:Size:37|price:25000.00|compare:|weight:4000|barcode:|qty:0 | held-nashville-ii-boots-13|Colour:Brown:Size:38|price:25000.00|compare:|weight:4000|barcode:|qty:0 | held-nashville-ii-boots-14|Colour:Brown:Size:39|price:25000.00|compare:|weight:4000|barcode:|qty:0 | held-nashville-ii-boots-15|Colour:Brown:Size:40|price:25000.00|compare:|weight:4000|barcode:|qty:0 | held-nashville-ii-boots-16|Colour:Brown:Size:41|price:25000.00|compare:|weight:4000|barcode:|qty:0 | held-nashville-ii-boots-17|Colour:Brown:Size:42|price:25000.00|compare:|weight:4000|barcode:|qty:0 | held-nashville-ii-boots-18|Colour:Brown:Size:43|price:25000.00|compare:|weight:4000|barcode:|qty:0 | held-nashville-ii-boots-19|Colour:Brown:Size:44|price:25000.00|compare:|weight:4000|barcode:|qty:0 | held-nashville-ii-boots-20|Colour:Brown:Size:45|price:25000.00|compare:|weight:4000|barcode:|qty:0 | held-nashville-ii-boots-21|Colour:Brown:Size:46|price:25000.00|compare:|weight:4000|barcode:|qty:0 | held-nashville-ii-boots-22|Colour:Brown:Size:47|price:25000.00|compare:|weight:4000|barcode:|qty:0,"held-nashville-ii-boots-1,held-nashville-ii-boots-2,held-nashville-ii-boots-3,held-nashville-ii-boots-4,held-nashville-ii-boots-5,held-nashville-ii-boots-6,held-nashville-ii-boots-7,held-nashville-ii-boots-8,held-nashville-ii-boots-9,held-nashville-ii-boots-10,held-nashville-ii-boots-11,held-nashville-ii-boots-12,held-nashville-ii-boots-13,held-nashville-ii-boots-14,held-nashville-ii-boots-15,held-nashville-ii-boots-16,held-nashville-ii-boots-17,held-nashville-ii-boots-18,held-nashville-ii-boots-19,held-nashville-ii-boots-20,held-nashville-ii-boots-21,held-nashville-ii-boots-22",22,https://cdn.shopify.com/s/files/1/0076/8301/4754/files/08227500001_I_800x800_3f8ef0e7-6fa9-4b21-af14-8ad225e7b9dd.jpg?v=1750150472|pos:1|alt:Held Held Nashville II Boots – front view || https://cdn.shopify.com/s/files/1/0076/8301/4754/files/08227500001_J_800x800_7d1a1b57-ac1c-4a6a-add6-f18f4f933fdd.jpg?v=1750150473|pos:2|alt:Held Held Nashville II Boots – side view || https://cdn.shopify.com/s/files/1/0076/8301/4754/files/08227500052_I_800x800_8de91aff-f791-4afa-9581-61d5e85d5679.jpg?v=1750150472|pos:3|alt:Held Held Nashville II Boots – rear view || https://cdn.shopify.com/s/files/1/0076/8301/4754/files/08227500052_J_800x800_53a5ec1e-c131-46b6-8bc7-ffb309a95062.jpg?v=1750150472|pos:4|alt:Held Held Nashville II Boots – detail view,4,Held Held Nashville II Boots – front view | Held Held Nashville II Boots – side view | Held Held Nashville II Boots – rear view | Held Held Nashville II Boots – detail view,,0,Held Nashville II Boots,Held Nashville II Boots. Outer shell • cowhide.,,,cowhide. soft polyester lining. easy entry via zip. anti-slip sole.,,Multiple colour options available.,Held Nashville II Boots — a riding Boot built to the specifications listed above.,true,draft,https://cdn.shopify.com/s/files/1/0076/8301/4754/files/08227500001_I_800x800_3f8ef0e7-6fa9-4b21-af14-8ad225e7b9dd.jpg?v=1750150472|role:hero || https://cdn.shopify.com/s/files/1/0076/8301/4754/files/08227500001_J_800x800_7d1a1b57-ac1c-4a6a-add6-f18f4f933fdd.jpg?v=1750150473|role:construction detail || https://cdn.shopify.com/s/files/1/0076/8301/4754/files/08227500052_I_800x800_8de91aff-f791-4afa-9581-61d5e85d5679.jpg?v=1750150472|role:side profile,3,false,/products/held-nashville-ii-boots,/products/held-nashville-ii-boots
held-sambia-evo-gtx-gloves,held-sambia-evo-gtx-gloves,Held Sambia Evo GTX Gloves,Held Sambia Evo GTX Gloves,held-sambia-evo-gtx-gloves,"The Sambia Evo is a sporty touring glove and thanks to its GORE-TEX membrane it offers you enough safety in any weather condition. • Backhand made of elasthane with leather trim. • Underhand made of highly abrasion-resistant kangaroo leather. • Chamber ""breezy"" unlined. • Chamber ""dry"" with Pique-Push-Pull lining. Available in multiple sizes and/or colours — select your variant.","The Sambia Evo is a sporty touring glove and thanks to its GORE-TEX membrane it offers you enough safety in any weather condition.<br><br>
<strong>Features:</strong>
<ul>
<li>Backhand made of elasthane with leather trim</li>
<li>Underhand made of highly abrasion-resistant kangaroo leather</li>
<li>Chamber ""breezy"" unlined</li>
<li>Chamber ""dry"" with Pique-Push-Pull lining</li>
<li>GORE-TEX membrane based on PTFE material permanently waterproof/windproof and breathable</li>
<li>Gore 2in1 technology (1 chamber waterproof, 1 chamber unlined)</li>
<li>special stitching for optimal, pressure-free feeling</li>
<li>Ventilation inserts between the fingers (ACS-Air circulation System)</li>
<li>Stitched underhand for perfect breathability and tactility</li>
<li>Stretch material inserts on the backhand</li>
<li>Velcro closure on the cuff, visor wiper</li>
<li>Special leather on the index finger for operating smartphones</li>
<li>Index finger palm edge reinforcement</li>
<li>Knuckle protector made of hard plastic</li>
<li>Palm protection by SuperFabric®-brand material, underlaid with Armaprotec</li>
<li>Palm reinforcement</li>
<li>3M-Scotchlite™ reflective inserts</li>
</ul>
<h3>ADDITIONAL PRODUCT INFORMATION</h3>
<b>Material:</b> Backhand 1: 100% goatskin / Backhand 2: 95% polyamide, 5% elastane / Underhand: 100% kangaroo leather / Finger layers 1: 81% polyamide, 19% elastane / Finger layers 2: 100% goatskin / Lining: 100% polyester (Contains non-textile parts of animal origin)","The Sambia Evo is a sporty touring glove and thanks to its GORE-TEX membrane it offers you enough safety in any weather condition.

Features:

• Backhand made of elasthane with leather trim

• Underhand made of highly abrasion-resistant kangaroo leather

• Chamber ""breezy"" unlined

• Chamber ""dry"" with Pique-Push-Pull lining

• GORE-TEX membrane based on PTFE material permanently waterproof/windproof and breathable

• Gore 2in1 technology (1 chamber waterproof, 1 chamber unlined)

• special stitching for optimal, pressure-free feeling

• Ventilation inserts between the fingers (ACS-Air circulation System)

• Stitched underhand for perfect breathability and tactility

• Stretch material inserts on the backhand

• Velcro closure on the cuff, visor wiper

• Special leather on the index finger for operating smartphones

• Index finger palm edge reinforcement

• Knuckle protector made of hard plastic

• Palm protection by SuperFabric®-brand material, underlaid with Armaprotec

• Palm reinforcement

• 3M-Scotchlite™ reflective inserts

ADDITIONAL PRODUCT INFORMATION

Material: Backhand 1: 100% goatskin / Backhand 2: 95% polyamide, 5% elastane / Underhand: 100% kangaroo leather / Finger layers 1: 81% polyamide, 19% elastane / Finger layers 2: 100% goatskin / Lining: 100% polyester (Contains non-textile parts of animal origin)",24000,,2026-07-26,active,Held,2000,g,Buy Held Sambia Evo GTX Gloves | Mile 27 Store,The Sambia Evo is a sporty touring glove and thanks to its GORE-TEX membrane it offers you enough safety in any weather condition. Backhand made of…,"Backhand made of elasthane with leather trim | Underhand made of highly abrasion-resistant kangaroo leather | Chamber ""breezy"" unlined | Chamber ""dry"" with Pique-Push-Pull lining",Cleaned noise; brand verified,High,false,Riding Gear > Riding Gloves,High,"Mapped from Shopify Type ""Riding Gloves""",held-sambia-evo-gtx-gloves-1|Size:7:Colour:Black|price:24000.00|compare:|weight:2000|barcode:|qty:0 | held-sambia-evo-gtx-gloves-2|Size:7:Colour:Grey/Black|price:24000.00|compare:|weight:2000|barcode:|qty:0 | held-sambia-evo-gtx-gloves-3|Size:8:Colour:Black|price:24000.00|compare:|weight:2000|barcode:|qty:0 | held-sambia-evo-gtx-gloves-4|Size:8:Colour:Grey/Black|price:24000.00|compare:|weight:2000|barcode:|qty:0 | held-sambia-evo-gtx-gloves-5|Size:9:Colour:Black|price:24000.00|compare:|weight:2000|barcode:|qty:0 | held-sambia-evo-gtx-gloves-6|Size:9:Colour:Grey/Black|price:24000.00|compare:|weight:2000|barcode:|qty:0 | held-sambia-evo-gtx-gloves-7|Size:10:Colour:Black|price:24000.00|compare:|weight:2000|barcode:|qty:0 | held-sambia-evo-gtx-gloves-8|Size:10:Colour:Grey/Black|price:24000.00|compare:|weight:2000|barcode:|qty:0 | held-sambia-evo-gtx-gloves-9|Size:11:Colour:Black|price:24000.00|compare:|weight:2000|barcode:|qty:0 | held-sambia-evo-gtx-gloves-10|Size:11:Colour:Grey/Black|price:24000.00|compare:|weight:2000|barcode:|qty:0 | held-sambia-evo-gtx-gloves-11|Size:12:Colour:Black|price:24000.00|compare:|weight:2000|barcode:|qty:0 | held-sambia-evo-gtx-gloves-12|Size:12:Colour:Grey/Black|price:24000.00|compare:|weight:2000|barcode:|qty:0,"held-sambia-evo-gtx-gloves-1,held-sambia-evo-gtx-gloves-2,held-sambia-evo-gtx-gloves-3,held-sambia-evo-gtx-gloves-4,held-sambia-evo-gtx-gloves-5,held-sambia-evo-gtx-gloves-6,held-sambia-evo-gtx-gloves-7,held-sambia-evo-gtx-gloves-8,held-sambia-evo-gtx-gloves-9,held-sambia-evo-gtx-gloves-10,held-sambia-evo-gtx-gloves-11,held-sambia-evo-gtx-gloves-12",12,https://cdn.shopify.com/s/files/1/0076/8301/4754/products/022247-00-001-01.jpg?v=1652878946|pos:1|alt:Held Held Sambia Evo GTX Gloves – front view || https://cdn.shopify.com/s/files/1/0076/8301/4754/products/022247-00-001-02.jpg?v=1652878946|pos:2|alt:Held Held Sambia Evo GTX Gloves – side view || https://cdn.shopify.com/s/files/1/0076/8301/4754/products/022247-00-068-01.jpg?v=1652878945|pos:3|alt:Held Held Sambia Evo GTX Gloves – rear view || https://cdn.shopify.com/s/files/1/0076/8301/4754/products/022247-00-068-02.jpg?v=1652878945|pos:4|alt:Held Held Sambia Evo GTX Gloves – detail view,4,Held Held Sambia Evo GTX Gloves – front view | Held Held Sambia Evo GTX Gloves – side view | Held Held Sambia Evo GTX Gloves – rear view | Held Held Sambia Evo GTX Gloves – detail view,,0,Held Sambia Evo GTX Gloves,Held Sambia Evo GTX Gloves. The Sambia Evo is a sporty touring glove and thanks to its GORE-TEX membrane it offers you enough safety in any weather condition.,Backhand made of elasthane with leather trim. Underhand made of highly abrasion-resistant kangaroo leather.,,"Chamber ""breezy"" unlined. Chamber ""dry"" with Pique-Push-Pull lining.",,Available in multiple sizes. Check the size guide before ordering.,Held Sambia Evo GTX Gloves — a riding Glov built to the specifications listed above.,true,draft,https://cdn.shopify.com/s/files/1/0076/8301/4754/products/022247-00-001-01.jpg?v=1652878946|role:hero || https://cdn.shopify.com/s/files/1/0076/8301/4754/products/022247-00-001-02.jpg?v=1652878946|role:construction detail || https://cdn.shopify.com/s/files/1/0076/8301/4754/products/022247-00-068-01.jpg?v=1652878945|role:side profile,3,false,/products/held-sambia-evo-gtx-gloves,/products/held-sambia-evo-gtx-gloves
held-score-ktc-gloves,held-score-ktc-gloves,Held Score KTC Gloves,Held Score KTC Gloves,held-score-ktc-gloves,"The new Score KTC motorcycle gloves by Held are the perfect companions for your next adventure! Thanks to their high-quality material made of soft goat… • EN 13594:2015 ""protective glove for motorcyclists"". • Leather covered hard plastic knuckle protection. • Reinforced edge of hand. • Ball of thumb reinforced with SuperFabric®-brand material underlaied with Armaprotec. Available in multiple sizes and/or colours — select your variant.","The new Score KTC motorcycle gloves by Held are the perfect companions for your next adventure! Thanks to their high-quality material made of soft goat leather, they are particularly comfortable to wear and impress with their high safety standard!<br><br>
<strong>Features:</strong>
<ul>
<li>EN 13594:2015 ""protective glove for motorcyclists""</li>
<li>Leather covered hard plastic knuckle protection</li>
<li>Reinforced edge of hand</li>
<li>Ball of thumb reinforced with SuperFabric®-brand material underlaied with Armaprotec</li>
<li>Visor wiper</li>
<li>Knitted cuff</li>
<li>Stretch fabric panels on back</li>
<li>Special step seam avoids pressure points on inner hand &amp; enhances feel</li>
<li>Velcro adjustment at wrists</li>
<li>GORE-TEX membrane</li>
<li>+ Gore Grip technology</li>
<li>GORE-TEX Membrane (ePTFE)</li>
<li>Pique push-pull lining</li>
<li>Goatskin palm</li>
<li>Stretch fabric leather detailed back</li>
</ul>
<h3>ADDITIONAL PRODUCT INFORMATION</h3>
<b>Material</b> alm: 100% goatskin; Upper hand 1: 95% polyamide, 55% polyurethane, upper hand 2: 100% goatskin leather, upper hand 3: 100% polyester, upper hand 4: 94% polyamide, 6% polyurethane; Finger layer: 100% goatskin; Lining: 100% polyester; Membrane: 100% polytetrafluoroethylene (contains non-textile parts of animal origin)","The new Score KTC motorcycle gloves by Held are the perfect companions for your next adventure! Thanks to their high-quality material made of soft goat leather, they are particularly comfortable to wear and impress with their high safety standard!

Features:

• EN 13594:2015 ""protective glove for motorcyclists""

• Leather covered hard plastic knuckle protection

• Reinforced edge of hand

• Ball of thumb reinforced with SuperFabric®-brand material underlaied with Armaprotec

• Visor wiper

• Knitted cuff

• Stretch fabric panels on back

• Special step seam avoids pressure points on inner hand & enhances feel

• Velcro adjustment at wrists

• GORE-TEX membrane

• + Gore Grip technology

• GORE-TEX Membrane (ePTFE)

• Pique push-pull lining

• Goatskin palm

• Stretch fabric leather detailed back

ADDITIONAL PRODUCT INFORMATION

Material alm: 100% goatskin; Upper hand 1: 95% polyamide, 55% polyurethane, upper hand 2: 100% goatskin leather, upper hand 3: 100% polyester, upper hand 4: 94% polyamide, 6% polyurethane; Finger layer: 100% goatskin; Lining: 100% polyester; Membrane: 100% polytetrafluoroethylene (contains non-textile parts of animal origin)",20000,,2026-07-26,active,Held,2000,g,Buy Held Score KTC Gloves | Mile 27 Store,The new Score KTC motorcycle gloves by Held are the perfect companions for your next adventure! Thanks to their high-quality material made of soft goat……,"EN 13594:2015 ""protective glove for motorcyclists"" | Leather covered hard plastic knuckle protection | Reinforced edge of hand | Ball of thumb reinforced with SuperFabric®-brand material underlaied with Armaprotec",Cleaned noise; brand verified,High,false,Riding Gear > Riding Gloves,High,"Mapped from Shopify Type ""Riding Gloves""",held-score-ktc-gloves-1|Size:7|price:20000.00|compare:|weight:2000|barcode:|qty:0 | held-score-ktc-gloves-2|Size:8|price:20000.00|compare:|weight:2000|barcode:|qty:0 | held-score-ktc-gloves-3|Size:9|price:20000.00|compare:|weight:2000|barcode:|qty:0 | held-score-ktc-gloves-4|Size:10|price:20000.00|compare:|weight:2000|barcode:|qty:0 | held-score-ktc-gloves-5|Size:11|price:20000.00|compare:|weight:2000|barcode:|qty:0 | held-score-ktc-gloves-6|Size:12|price:20000.00|compare:|weight:2000|barcode:|qty:0,"held-score-ktc-gloves-1,held-score-ktc-gloves-2,held-score-ktc-gloves-3,held-score-ktc-gloves-4,held-score-ktc-gloves-5,held-score-ktc-gloves-6",6,https://cdn.shopify.com/s/files/1/0076/8301/4754/products/022140-00-001-01.jpg?v=1652878252|pos:1|alt:Held Held Score KTC Gloves – front view || https://cdn.shopify.com/s/files/1/0076/8301/4754/products/022140-00-001-02.jpg?v=1652878252|pos:2|alt:Held Held Score KTC Gloves – side view,2,Held Held Score KTC Gloves – front view | Held Held Score KTC Gloves – side view,,0,Held Score KTC Gloves,Held Score KTC Gloves. The new Score KTC motorcycle gloves by Held are the perfect companions for your next adventure! Thanks to their high-quality material made of soft.,Leather covered hard plastic knuckle protection. Ball of thumb reinforced with SuperFabric®-brand material underlaied with Armaprotec.,,"EN 13594:2015 ""protective glove for motorcyclists"". Reinforced edge of hand.",,Available in multiple sizes. Check the size guide before ordering.,Held Score KTC Gloves — a riding Glov built to the specifications listed above.,true,draft,https://cdn.shopify.com/s/files/1/0076/8301/4754/products/022140-00-001-01.jpg?v=1652878252|role:hero || https://cdn.shopify.com/s/files/1/0076/8301/4754/products/022140-00-001-02.jpg?v=1652878252|role:construction detail,2,false,/products/held-score-ktc-gloves,/products/held-score-ktc-gloves
held-score-4-0-gloves,held-score-4-0-gloves,Held Score 4.0 Gloves,Held Score 4.0 Gloves,held-score-4-0-gloves,"Palm: 100% goatskin; Upper hand: upper hand 1: 95% polyamide, 5% polyurethane, upper hand 2: 100% sheep leather; Schichtel: 100% goatskin; Lining: lining 1: 100%… • Held GORE-TEX® gloves + Gore Grip technology, optimal tactility for safe grip. • Stretch fabric leather detailed back. • Goatskin palm. • Pique push-pull lining. Available in multiple sizes and/or colours — select your variant.","<strong>Features:</strong>
<ul>
<li>Held GORE-TEX® gloves + Gore Grip technology, optimal tactility for safe grip</li>
<li>Stretch fabric leather detailed back</li>
<li>Goatskin palm</li>
<li>Pique push-pull lining</li>
<li>GORE-TEX® membrane</li>
<li>Gore Grip technology</li>
<li>Special step seam avoids pressure points on inner hand &amp; enhances feel</li>
<li>Velcro adjustment at wrists &amp; cuff s</li>
<li>Stretch fabric panels on back</li>
<li>Special leather at fi nger which allows smartphone operation</li>
<li>Visor wiper</li>
</ul>
<strong>Specifications:</strong>
<u>Protection:</u>
<ul>
<li>Safety tested according to norm EN 13594:2015 „protected glove for motorcyclists“</li>
<li>Knuckle protection tested (impact test for knuckle protection)</li>
<li>Leather covered hard plastic knuckle protection</li>
<li>Ball of thumb reinforced with SuperFabric®-brand material</li>
<li>Reinforced edge of hand</li>
</ul>
<h3>ADDITIONAL PRODUCT INFORMATION</h3>
<div>
<table class=""UserAttributes"">
<tbody>
<tr>
<td class=""AttributeLabel VerticalAlignMiddle"">Material</td>
<td class=""AttributeContent"">Palm: 100% goatskin; Upper hand: upper hand 1: 95% polyamide, 5% polyurethane, upper hand 2: 100% sheep leather; Schichtel: 100% goatskin; Lining: lining 1: 100% polyester, lining 2: 100% polyamide; Membrane: 100% polytetrafluoroethylene (Contains non-textile parts of animal origin)</td>
</tr>
</tbody>
</table>
</div>","Features:

• Held GORE-TEX® gloves + Gore Grip technology, optimal tactility for safe grip

• Stretch fabric leather detailed back

• Goatskin palm

• Pique push-pull lining

• GORE-TEX® membrane

• Gore Grip technology

• Special step seam avoids pressure points on inner hand & enhances feel

• Velcro adjustment at wrists & cuff s

• Stretch fabric panels on back

• Special leather at fi nger which allows smartphone operation

• Visor wiper

Specifications:
Protection:

• Safety tested according to norm EN 13594:2015 „protected glove for motorcyclists“

• Knuckle protection tested (impact test for knuckle protection)

• Leather covered hard plastic knuckle protection

• Ball of thumb reinforced with SuperFabric®-brand material

• Reinforced edge of hand

ADDITIONAL PRODUCT INFORMATION

Material | 
Palm: 100% goatskin; Upper hand: upper hand 1: 95% polyamide, 5% polyurethane, upper hand 2: 100% sheep leather; Schichtel: 100% goatskin; Lining: lining 1: 100% polyester, lining 2: 100% polyamide; Membrane: 100% polytetrafluoroethylene (Contains non-textile parts of animal origin) |",21000,,2026-07-26,active,Held,2000,g,Buy Held Score 4.0 Gloves | Mile 27 Store,"Palm: 100% goatskin; Upper hand: upper hand 1: 95% polyamide, 5% polyurethane, upper hand 2: 100% sheep leather; Schichtel: 100% goatskin; Lining: lining…","Held GORE-TEX® gloves + Gore Grip technology, optimal tactility for safe grip | Stretch fabric leather detailed back | Goatskin palm | Pique push-pull lining",Cleaned noise; brand verified,High,false,Riding Gear > Riding Gloves,High,"Mapped from Shopify Type ""Riding Gloves""",held-score-4-0-gloves-1|Size:7|price:21000.00|compare:|weight:2000|barcode:|qty:0 | held-score-4-0-gloves-2|Size:8|price:21000.00|compare:|weight:2000|barcode:|qty:0 | held-score-4-0-gloves-3|Size:9|price:21000.00|compare:|weight:2000|barcode:|qty:0 | held-score-4-0-gloves-4|Size:10|price:21000.00|compare:|weight:2000|barcode:|qty:0 | held-score-4-0-gloves-5|Size:11|price:21000.00|compare:|weight:2000|barcode:|qty:0 | held-score-4-0-gloves-6|Size:12|price:21000.00|compare:|weight:2000|barcode:|qty:0,"held-score-4-0-gloves-1,held-score-4-0-gloves-2,held-score-4-0-gloves-3,held-score-4-0-gloves-4,held-score-4-0-gloves-5,held-score-4-0-gloves-6",6,https://cdn.shopify.com/s/files/1/0076/8301/4754/products/022041-00-001-01.jpg?v=1652878024|pos:1|alt:Held Held Score 4.0 Gloves – front view || https://cdn.shopify.com/s/files/1/0076/8301/4754/products/022041-00-001-02.jpg?v=1652878024|pos:2|alt:Held Held Score 4.0 Gloves – side view,2,Held Held Score 4.0 Gloves – front view | Held Held Score 4.0 Gloves – side view,,0,Held Score 4.0 Gloves,"Held Score 4.0 Gloves. Palm: 100% goatskin; Upper hand: upper hand 1: 95% polyamide, 5% polyurethane, upper hand 2: 100% sheep leather; Schichtel: 100% goatskin; Lining:.",Stretch fabric leather detailed back.,,"Held GORE-TEX® gloves + Gore Grip technology, optimal tactility for safe grip. Goatskin palm. Pique push-pull lining.",,Available in multiple sizes. Check the size guide before ordering.,Held Score 4.0 Gloves — a riding Glov built to the specifications listed above.,true,draft,https://cdn.shopify.com/s/files/1/0076/8301/4754/products/022041-00-001-01.jpg?v=1652878024|role:hero || https://cdn.shopify.com/s/files/1/0076/8301/4754/products/022041-00-001-02.jpg?v=1652878024|role:construction detail,2,false,/products/held-score-4-0-gloves,/products/held-score-4-0-gloves
held-shack-boots,held-shack-boots,Held Shack Boots,Held Shack Boots,held-shack-boots,"Security • EN 13634: 2015 ""Protective footwear for motorcyclists"". • Reinforced shin protection. • Reflector inserts. • Variable calf adjustment by Velcro. Available in multiple sizes and/or colours — select your variant.","<strong>Security</strong>
<ul>
<li>EN 13634: 2015 ""Protective footwear for motorcyclists""</li>
<li>Reinforced shin protection</li>
<li>Reflector inserts</li>
</ul>
<strong>Comfort / features</strong>
<ul>
<li>Variable calf adjustment by Velcro</li>
<li>Reinforced gear shift</li>
<li>Slip, oil and petrol resistant sole</li>
<li>comfortable entry on both sides by hinged front</li>
</ul>
<strong>Membrane</strong>
<ul>
<li>HIPORA® membrane, water / windproof, breathable</li>
</ul>
<strong>Lining</strong>
<ul>
<li>comfortable polyester lining</li>
</ul>
<strong>Material</strong>
<ul>
<li>Cowhide</li>
</ul>
<strong>Shaft height (at size 43)</strong>
<ul>
<li>31 cm</li>
</ul>","Security

• EN 13634: 2015 ""Protective footwear for motorcyclists""

• Reinforced shin protection

• Reflector inserts

Comfort / features

• Variable calf adjustment by Velcro

• Reinforced gear shift

• Slip, oil and petrol resistant sole

• comfortable entry on both sides by hinged front

Membrane

• HIPORA® membrane, water / windproof, breathable

Lining

• comfortable polyester lining

Material

• Cowhide

Shaft height (at size 43)

• 31 cm",26000,,2026-07-26,active,Held,4000,g,Buy Held Shack Boots | Mile 27 Store,"Security EN 13634: 2015 ""Protective footwear for motorcyclists"". Reinforced shin protection. Reflector inserts. Variable calf adjustment by Velcro.","EN 13634: 2015 ""Protective footwear for motorcyclists"" | Reinforced shin protection | Reflector inserts | Variable calf adjustment by Velcro",Cleaned noise; brand verified,High,false,Riding Gear > Riding Boots,High,"Mapped from Shopify Type ""Riding Boots""",held-shack-boots-1|Size:37|price:26000.00|compare:|weight:4000|barcode:|qty:0 | held-shack-boots-2|Size:38|price:26000.00|compare:|weight:4000|barcode:|qty:0 | held-shack-boots-3|Size:39|price:26000.00|compare:|weight:4000|barcode:|qty:0 | held-shack-boots-4|Size:40|price:26000.00|compare:|weight:4000|barcode:|qty:0 | held-shack-boots-5|Size:41|price:26000.00|compare:|weight:4000|barcode:|qty:0 | held-shack-boots-6|Size:42|price:26000.00|compare:|weight:4000|barcode:|qty:0 | held-shack-boots-7|Size:43|price:26000.00|compare:|weight:4000|barcode:|qty:0 | held-shack-boots-8|Size:44|price:26000.00|compare:|weight:4000|barcode:|qty:0 | held-shack-boots-9|Size:45|price:26000.00|compare:|weight:4000|barcode:|qty:0 | held-shack-boots-10|Size:46|price:26000.00|compare:|weight:4000|barcode:|qty:0 | held-shack-boots-11|Size:47|price:26000.00|compare:|weight:4000|barcode:|qty:0 | held-shack-boots-12|Size:48|price:26000.00|compare:|weight:4000|barcode:|qty:0 | held-shack-boots-13|Size:49|price:26000.00|compare:|weight:4000|barcode:|qty:0 | held-shack-boots-14|Size:50|price:26000.00|compare:|weight:4000|barcode:|qty:0,"held-shack-boots-1,held-shack-boots-2,held-shack-boots-3,held-shack-boots-4,held-shack-boots-5,held-shack-boots-6,held-shack-boots-7,held-shack-boots-8,held-shack-boots-9,held-shack-boots-10,held-shack-boots-11,held-shack-boots-12,held-shack-boots-13,held-shack-boots-14",14,https://cdn.shopify.com/s/files/1/0076/8301/4754/products/Held-Shack-boot-1-8663_01_x.jpg?v=1652875791|pos:1|alt:Held Held Shack Boots – front view || https://cdn.shopify.com/s/files/1/0076/8301/4754/products/Held-Shack-boot-2-8663_01_x_innenseite.jpg?v=1652875790|pos:2|alt:Held Held Shack Boots – side view,2,Held Held Shack Boots – front view | Held Held Shack Boots – side view,,0,Held Shack Boots,"Held Shack Boots. Security • EN 13634: 2015 ""Protective footwear for motorcyclists"".",,,"EN 13634: 2015 ""Protective footwear for motorcyclists"". Reinforced shin protection. Reflector inserts. Variable calf adjustment by Velcro.",,Available in multiple sizes. Check the size guide before ordering.,Held Shack Boots — a riding Boot built to the specifications listed above.,true,draft,https://cdn.shopify.com/s/files/1/0076/8301/4754/products/Held-Shack-boot-1-8663_01_x.jpg?v=1652875791|role:hero || https://cdn.shopify.com/s/files/1/0076/8301/4754/products/Held-Shack-boot-2-8663_01_x_innenseite.jpg?v=1652875790|role:construction detail,2,false,/products/held-shack-boots,/products/held-shack-boots
held-antaris-textile-jacket,held-antaris-textile-jacket,Held Antaris Textile Jacket,Held Antaris Textile Jacket,held-antaris-textile-jacket,"Upper: 100% polyamide Lining: 100% polyester Removable lining: 100% polyester Membrane: 100% polyester Membrane coating: 100% polyurethane | • Connecting zip. • Soft protectors on shoulders and elbows, tested to EN 1621-1. • Back protector can be retrofitted, tested to EN 1621-2. • Reflective prints. Available in multiple sizes and/or colours — select your variant.","<strong>Security</strong>
<ul>
<li>Connecting zip</li>
<li>Soft protectors on shoulders and elbows, tested to EN 1621-1</li>
<li>Back protector can be retrofitted, tested to EN 1621-2</li>
<li>Reflective prints</li>
<li>Reinforcements made of abrasion-resistant material mix on shoulders and elbows</li>
</ul>
<strong>Comfort / features</strong>
<ul>
<li>Stretch on the inner arm</li>
<li>Soft collar</li>
<li>hip adjustment</li>
<li>Mobile phone pocket inside</li>
<li>Front zipper can also be used as an air vent</li>
<li>Double arm width adjustment</li>
<li>Venting zips</li>
<li>4 outer pockets</li>
<li>3 inside pockets</li>
<li>2 outer pockets can also be used as air vents</li>
</ul>
<strong>Membrane</strong>
<ul>
<li>Z-Liner moisture protection membrane, waterproof, windproof and breathable</li>
</ul>
<strong>Lining</strong>
<ul>
<li>Removable thermal vest</li>
<li>Breathable mesh lining</li>
</ul>
<strong>Material</strong>
<ul>
<li>AIRGUARD 500 D (Polyamid)</li>
</ul>
<h3>ADDITIONAL PRODUCT INFORMATION</h3>
<div>
<table class=""UserAttributes"">
<tbody>
<tr>
<td class=""AttributeLabel VerticalAlignMiddle"">Material</td>
<td class=""AttributeContent"">Upper: 100% polyamide Lining: 100% polyester Removable lining: 100% polyester Membrane: 100% polyester Membrane coating: 100% polyurethane</td>
</tr>
</tbody>
</table>
</div>","Security

• Connecting zip

• Soft protectors on shoulders and elbows, tested to EN 1621-1

• Back protector can be retrofitted, tested to EN 1621-2

• Reflective prints

• Reinforcements made of abrasion-resistant material mix on shoulders and elbows

Comfort / features

• Stretch on the inner arm

• Soft collar

• hip adjustment

• Mobile phone pocket inside

• Front zipper can also be used as an air vent

• Double arm width adjustment

• Venting zips

• 4 outer pockets

• 3 inside pockets

• 2 outer pockets can also be used as air vents

Membrane

• Z-Liner moisture protection membrane, waterproof, windproof and breathable

Lining

• Removable thermal vest

• Breathable mesh lining

Material

• AIRGUARD 500 D (Polyamid)

ADDITIONAL PRODUCT INFORMATION

Material | 
Upper: 100% polyamide Lining: 100% polyester Removable lining: 100% polyester Membrane: 100% polyester Membrane coating: 100% polyurethane |",42000,,2026-07-26,active,Held,6000,g,Buy Held Antaris Textile Jacket | Mile 27 Store,"Upper: 100% polyamide Lining: 100% polyester Removable lining: 100% polyester Membrane: 100% polyester Membrane coating: 100% polyurethane , Connecting…","Connecting zip | Soft protectors on shoulders and elbows, tested to EN 1621-1 | Back protector can be retrofitted, tested to EN 1621-2 | Reflective prints",Cleaned noise; brand verified,High,false,Riding Gear > Riding Jackets > Textile Jackets,High,"Refined by title keyword: ""\b(textile\s+jacket|touring\s+jacket|adventure\s+jacket)\b""",held-antaris-textile-jacket-1|Size:XS:Colour:Black|price:42000.00|compare:|weight:6000|barcode:|qty:0 | held-antaris-textile-jacket-2|Size:XS:Colour:Black/Red|price:42000.00|compare:|weight:6000|barcode:|qty:0 | held-antaris-textile-jacket-3|Size:XS:Colour:Black/White|price:42000.00|compare:|weight:6000|barcode:|qty:0 | held-antaris-textile-jacket-4|Size:XS:Colour:Black/Orange|price:42000.00|compare:|weight:6000|barcode:|qty:0 | held-antaris-textile-jacket-5|Size:XS:Colour:Grey/Yellow|price:42000.00|compare:|weight:6000|barcode:|qty:0 | held-antaris-textile-jacket-6|Size:S:Colour:Black|price:42000.00|compare:|weight:6000|barcode:|qty:0 | held-antaris-textile-jacket-7|Size:S:Colour:Black/Red|price:42000.00|compare:|weight:6000|barcode:|qty:0 | held-antaris-textile-jacket-8|Size:S:Colour:Black/White|price:42000.00|compare:|weight:6000|barcode:|qty:0 | held-antaris-textile-jacket-9|Size:S:Colour:Black/Orange|price:42000.00|compare:|weight:6000|barcode:|qty:0 | held-antaris-textile-jacket-10|Size:S:Colour:Grey/Yellow|price:42000.00|compare:|weight:6000|barcode:|qty:0 | held-antaris-textile-jacket-11|Size:M:Colour:Black|price:42000.00|compare:|weight:6000|barcode:|qty:0 | held-antaris-textile-jacket-12|Size:M:Colour:Black/Red|price:42000.00|compare:|weight:6000|barcode:|qty:0 | held-antaris-textile-jacket-13|Size:M:Colour:Black/White|price:42000.00|compare:|weight:6000|barcode:|qty:0 | held-antaris-textile-jacket-14|Size:M:Colour:Black/Orange|price:42000.00|compare:|weight:6000|barcode:|qty:0 | held-antaris-textile-jacket-15|Size:M:Colour:Grey/Yellow|price:42000.00|compare:|weight:6000|barcode:|qty:0 | held-antaris-textile-jacket-16|Size:L:Colour:Black|price:42000.00|compare:|weight:6000|barcode:|qty:0 | held-antaris-textile-jacket-17|Size:L:Colour:Black/Red|price:42000.00|compare:|weight:6000|barcode:|qty:0 | held-antaris-textile-jacket-18|Size:L:Colour:Black/White|price:42000.00|compare:|weight:6000|barcode:|qty:0 | held-antaris-textile-jacket-19|Size:L:Colour:Black/Orange|price:42000.00|compare:|weight:6000|barcode:|qty:0 | held-antaris-textile-jacket-20|Size:L:Colour:Grey/Yellow|price:42000.00|compare:|weight:6000|barcode:|qty:0 | held-antaris-textile-jacket-21|Size:XL:Colour:Black|price:42000.00|compare:|weight:6000|barcode:|qty:0 | held-antaris-textile-jacket-22|Size:XL:Colour:Black/Red|price:42000.00|compare:|weight:6000|barcode:|qty:0 | held-antaris-textile-jacket-23|Size:XL:Colour:Black/White|price:42000.00|compare:|weight:6000|barcode:|qty:0 | held-antaris-textile-jacket-24|Size:XL:Colour:Black/Orange|price:42000.00|compare:|weight:6000|barcode:|qty:0 | held-antaris-textile-jacket-25|Size:XL:Colour:Grey/Yellow|price:42000.00|compare:|weight:6000|barcode:|qty:0 | held-antaris-textile-jacket-26|Size:2XL:Colour:Black|price:42000.00|compare:|weight:6000|barcode:|qty:0 | held-antaris-textile-jacket-27|Size:2XL:Colour:Black/Red|price:42000.00|compare:|weight:6000|barcode:|qty:0 | held-antaris-textile-jacket-28|Size:2XL:Colour:Black/White|price:42000.00|compare:|weight:6000|barcode:|qty:0 | held-antaris-textile-jacket-29|Size:2XL:Colour:Black/Orange|price:42000.00|compare:|weight:6000|barcode:|qty:0 | held-antaris-textile-jacket-30|Size:2XL:Colour:Grey/Yellow|price:42000.00|compare:|weight:6000|barcode:|qty:0 | held-antaris-textile-jacket-31|Size:3XL:Colour:Black|price:42000.00|compare:|weight:6000|barcode:|qty:0 | held-antaris-textile-jacket-32|Size:3XL:Colour:Black/Red|price:42000.00|compare:|weight:6000|barcode:|qty:0 | held-antaris-textile-jacket-33|Size:3XL:Colour:Black/White|price:42000.00|compare:|weight:6000|barcode:|qty:0 | held-antaris-textile-jacket-34|Size:3XL:Colour:Black/Orange|price:42000.00|compare:|weight:6000|barcode:|qty:0 | held-antaris-textile-jacket-35|Size:3XL:Colour:Grey/Yellow|price:42000.00|compare:|weight:6000|barcode:|qty:0 | held-antaris-textile-jacket-36|Size:4XL:Colour:Black|price:42000.00|compare:|weight:6000|barcode:|qty:0 | held-antaris-textile-jacket-37|Size:4XL:Colour:Black/Red|price:42000.00|compare:|weight:6000|barcode:|qty:0 | held-antaris-textile-jacket-38|Size:4XL:Colour:Black/White|price:42000.00|compare:|weight:6000|barcode:|qty:0 | held-antaris-textile-jacket-39|Size:4XL:Colour:Black/Orange|price:42000.00|compare:|weight:6000|barcode:|qty:0 | held-antaris-textile-jacket-40|Size:4XL:Colour:Grey/Yellow|price:42000.00|compare:|weight:6000|barcode:|qty:0 | held-antaris-textile-jacket-41|Size:5XL:Colour:Black|price:42000.00|compare:|weight:6000|barcode:|qty:0 | held-antaris-textile-jacket-42|Size:5XL:Colour:Black/Red|price:42000.00|compare:|weight:6000|barcode:|qty:0 | held-antaris-textile-jacket-43|Size:5XL:Colour:Black/White|price:42000.00|compare:|weight:6000|barcode:|qty:0 | held-antaris-textile-jacket-44|Size:5XL:Colour:Black/Orange|price:42000.00|compare:|weight:6000|barcode:|qty:0 | held-antaris-textile-jacket-45|Size:5XL:Colour:Grey/Yellow|price:42000.00|compare:|weight:6000|barcode:|qty:0,"held-antaris-textile-jacket-1,held-antaris-textile-jacket-2,held-antaris-textile-jacket-3,held-antaris-textile-jacket-4,held-antaris-textile-jacket-5,held-antaris-textile-jacket-6,held-antaris-textile-jacket-7,held-antaris-textile-jacket-8,held-antaris-textile-jacket-9,held-antaris-textile-jacket-10,held-antaris-textile-jacket-11,held-antaris-textile-jacket-12,held-antaris-textile-jacket-13,held-antaris-textile-jacket-14,held-antaris-textile-jacket-15,held-antaris-textile-jacket-16,held-antaris-textile-jacket-17,held-antaris-textile-jacket-18,held-antaris-textile-jacket-19,held-antaris-textile-jacket-20,held-antaris-textile-jacket-21,held-antaris-textile-jacket-22,held-antaris-textile-jacket-23,held-antaris-textile-jacket-24,held-antaris-textile-jacket-25,held-antaris-textile-jacket-26,held-antaris-textile-jacket-27,held-antaris-textile-jacket-28,held-antaris-textile-jacket-29,held-antaris-textile-jacket-30,held-antaris-textile-jacket-31,held-antaris-textile-jacket-32,held-antaris-textile-jacket-33,held-antaris-textile-jacket-34,held-antaris-textile-jacket-35,held-antaris-textile-jacket-36,held-antaris-textile-jacket-37,held-antaris-textile-jacket-38,held-antaris-textile-jacket-39,held-antaris-textile-jacket-40,held-antaris-textile-jacket-41,held-antaris-textile-jacket-42,held-antaris-textile-jacket-43,held-antaris-textile-jacket-44,held-antaris-textile-jacket-45",45,https://cdn.shopify.com/s/files/1/0076/8301/4754/products/Held-Antaris-Jacket6524_01_x.jpg?v=1652874867|pos:1|alt:Held Held Antaris Textile Jacket – front view || https://cdn.shopify.com/s/files/1/0076/8301/4754/products/Held-Antaris-Jacket6524_02_x.jpg?v=1652874867|pos:2|alt:Held Held Antaris Textile Jacket – side view || https://cdn.shopify.com/s/files/1/0076/8301/4754/products/6524_02_x_rueckseite.jpg?v=1652874868|pos:3|alt:Held Held Antaris Textile Jacket – rear view || https://cdn.shopify.com/s/files/1/0076/8301/4754/products/Held-Antaris-Jacket6524_14_x.jpg?v=1652874867|pos:4|alt:Held Held Antaris Textile Jacket – detail view || https://cdn.shopify.com/s/files/1/0076/8301/4754/products/6524_14_x_rueckseite.jpg?v=1652874868|pos:5|alt:Held Held Antaris Textile Jacket – top view || https://cdn.shopify.com/s/files/1/0076/8301/4754/products/Held-Antaris-Jacket6524_10_x.jpg?v=1652874868|pos:6|alt:Held Held Antaris Textile Jacket – product view || https://cdn.shopify.com/s/files/1/0076/8301/4754/products/006524-00-025-01.jpg?v=1652874867|pos:7|alt:Held Held Antaris Textile Jacket – product view || https://cdn.shopify.com/s/files/1/0076/8301/4754/products/006524-00-025-02.jpg?v=1652874867|pos:8|alt:Held Held Antaris Textile Jacket – product view,8,Held Held Antaris Textile Jacket – front view | Held Held Antaris Textile Jacket – side view | Held Held Antaris Textile Jacket – rear view | Held Held Antaris Textile Jacket – detail view | Held Held Antaris Textile Jacket – top view | Held Held Antaris Textile Jacket – product view,,0,Held Antaris Textile Jacket,Held Antaris Textile Jacket. Upper: 100% polyamide Lining: 100% polyester Removable lining: 100% polyester Membrane: 100% polyester Membrane coating: 100% polyurethane | • Connecting zip.,,,"Connecting zip. Soft protectors on shoulders and elbows, tested to EN 1621-1. Back protector can be retrofitted, tested to EN 1621-2. Reflective prints.",,Available in multiple sizes. Check the size guide before ordering.,Held Antaris Textile Jacket — a textile Jacket built to the specifications listed above.,true,draft,https://cdn.shopify.com/s/files/1/0076/8301/4754/products/Held-Antaris-Jacket6524_01_x.jpg?v=1652874867|role:hero || https://cdn.shopify.com/s/files/1/0076/8301/4754/products/Held-Antaris-Jacket6524_02_x.jpg?v=1652874867|role:construction detail || https://cdn.shopify.com/s/files/1/0076/8301/4754/products/6524_02_x_rueckseite.jpg?v=1652874868|role:side profile,3,false,/products/held-antaris-textile-jacket,/products/held-antaris-textile-jacket
held-clip-in-gtx-evo-top-gore-packlite-jacket,held-clip-in-gtx-evo-top-gore-packlite-jacket,Held Clip-in GTX Evo Top Gore Packlite Jacket,Held Clip-in GTX Evo Top Gore Packlite Jacket,held-clip-in-gtx-evo-top-gore-packlite-jacket,The new Clip-in GTX Evo Top Gore Packlite Jacket by Held is the perfect addition to your Held motorcycle jacket! The jacket is suitable for… • Connecting zip. • Reflective print. • Optional storm collar art. 62181.21. • GORE-TEX 3-layer technology enables compact storage. Available in multiple sizes and/or colours — select your variant.,"The new Clip-in GTX Evo Top Gore Packlite Jacket by Held is the perfect addition to your Held motorcycle jacket! The jacket is suitable for all Held motorcycle jackets with clip-in technology.<br><br>
<strong>Features:</strong>
<ul>
<li>Connecting zip</li>
<li>Reflective print</li>
<li>Optional storm collar art. 62181.21</li>
<li>GORE-TEX 3-layer technology enables compact storage</li>
<li>Integrated hood - wear it under your helmet</li>
<li>Held Clip-in Technology</li>
<li>GORE super stretch panels in front and inner arms</li>
<li>2 external pockets</li>
<li>GORE-TEX 3-layer technology</li>
<li>Can be used attached inside, over the jacket or as a stand alone rain jacket</li>
<li>GORE-TEX Membrane (ePTFE)</li>
</ul>
<h3>ADDITIONAL PRODUCT INFORMATION</h3>
<div>
<table class=""UserAttributes"">
<tbody>
<tr>
<td class=""AttributeLabel VerticalAlignMiddle"">Material</td>
<td class=""AttributeContent"">Upper material 1: 100% polyamide; Shell 2: 44% polyester, 37% polymide, 19% elastane; Gore-Tex membrane: 100% polytetrafluoroethylene (ePTFE)</td>
</tr>
</tbody>
</table>
</div>","The new Clip-in GTX Evo Top Gore Packlite Jacket by Held is the perfect addition to your Held motorcycle jacket! The jacket is suitable for all Held motorcycle jackets with clip-in technology.

Features:

• Connecting zip

• Reflective print

• Optional storm collar art. 62181.21

• GORE-TEX 3-layer technology enables compact storage

• Integrated hood - wear it under your helmet

• Held Clip-in Technology

• GORE super stretch panels in front and inner arms

• 2 external pockets

• GORE-TEX 3-layer technology

• Can be used attached inside, over the jacket or as a stand alone rain jacket

• GORE-TEX Membrane (ePTFE)

ADDITIONAL PRODUCT INFORMATION

Material | 
Upper material 1: 100% polyamide; Shell 2: 44% polyester, 37% polymide, 19% elastane; Gore-Tex membrane: 100% polytetrafluoroethylene (ePTFE) |",37000,,2026-07-26,active,Held,6000,g,Buy Held Clip-in GTX Evo Top Gore Packlite Jacket | Mile 27 Store,The new Clip-in GTX Evo Top Gore Packlite Jacket by Held is the perfect addition to your Held motorcycle jacket! The jacket is suitable for… Connecting…,Connecting zip | Reflective print | Optional storm collar art. 62181.21 | GORE-TEX 3-layer technology enables compact storage,Cleaned noise; brand verified,High,false,Riding Gear > Riding Jackets,High,"Mapped from Shopify Type ""Jackets""",held-clip-in-gtx-evo-top-gore-packlite-jacket-1|Size:S|price:37000.00|compare:|weight:6000|barcode:|qty:0 | held-clip-in-gtx-evo-top-gore-packlite-jacket-2|Size:M|price:37000.00|compare:|weight:6000|barcode:|qty:0 | held-clip-in-gtx-evo-top-gore-packlite-jacket-3|Size:L|price:37000.00|compare:|weight:6000|barcode:|qty:0 | held-clip-in-gtx-evo-top-gore-packlite-jacket-4|Size:XL|price:37000.00|compare:|weight:6000|barcode:|qty:0 | held-clip-in-gtx-evo-top-gore-packlite-jacket-5|Size:2XL|price:37000.00|compare:|weight:6000|barcode:|qty:0 | held-clip-in-gtx-evo-top-gore-packlite-jacket-6|Size:3XL|price:37000.00|compare:|weight:6000|barcode:|qty:0 | held-clip-in-gtx-evo-top-gore-packlite-jacket-7|Size:4XL|price:37000.00|compare:|weight:6000|barcode:|qty:0 | held-clip-in-gtx-evo-top-gore-packlite-jacket-8|Size:5XL|price:37000.00|compare:|weight:6000|barcode:|qty:0,"held-clip-in-gtx-evo-top-gore-packlite-jacket-1,held-clip-in-gtx-evo-top-gore-packlite-jacket-2,held-clip-in-gtx-evo-top-gore-packlite-jacket-3,held-clip-in-gtx-evo-top-gore-packlite-jacket-4,held-clip-in-gtx-evo-top-gore-packlite-jacket-5,held-clip-in-gtx-evo-top-gore-packlite-jacket-6,held-clip-in-gtx-evo-top-gore-packlite-jacket-7,held-clip-in-gtx-evo-top-gore-packlite-jacket-8",8,https://cdn.shopify.com/s/files/1/0076/8301/4754/products/062181-00-001-01.jpg?v=1652874440|pos:1|alt:Held Held Clip-in GTX Evo Top Gore Packlite Jacket – front view || https://cdn.shopify.com/s/files/1/0076/8301/4754/products/062181-00-001-02.jpg?v=1652874439|pos:2|alt:Held Held Clip-in GTX Evo Top Gore Packlite Jacket – side view,2,Held Held Clip-in GTX Evo Top Gore Packlite Jacket – front view | Held Held Clip-in GTX Evo Top Gore Packlite Jacket – side view,,0,Held Clip-in GTX Evo Top Gore Packlite Jacket,Held Clip-in GTX Evo Top Gore Packlite Jacket. The new Clip-in GTX Evo Top Gore Packlite Jacket by Held is the perfect addition to your Held motorcycle jacket! The jacket is suitable for… • Connecting zip.,,,Connecting zip. Reflective print. Optional storm collar art. 62181.21. GORE-TEX 3-layer technology enables compact storage.,,Available in multiple sizes. Check the size guide before ordering.,Held Clip-in GTX Evo Top Gore Packlite Jacket — a riding Jacket built to the specifications listed above.,true,draft,https://cdn.shopify.com/s/files/1/0076/8301/4754/products/062181-00-001-01.jpg?v=1652874440|role:hero || https://cdn.shopify.com/s/files/1/0076/8301/4754/products/062181-00-001-02.jpg?v=1652874439|role:construction detail,2,false,/products/held-clip-in-gtx-evo-top-gore-packlite-jacket,/products/held-clip-in-gtx-evo-top-gore-packlite-jacket
held-baxley-top-textile-jacket,held-baxley-top-textile-jacket,Held Baxley Top Textile Jacket,Held Baxley Top Textile Jacket,held-baxley-top-textile-jacket,"Upper material 1: 100% polyester; Upper material 2: 90% polyamide, 10% polyurethane; Lining 1: 100% polyester; Lining 2: 82% polyamide, 18% elastane | • Touring jacket. • HEROS-TEC® 500D fabric. • Mesh lining. • Z-Liner membrane, waterproof, windproof and breathable. Available in multiple sizes and/or colours — select your variant.","<strong>Features:</strong>
<ul>
<li>Touring jacket</li>
<li>HEROS-TEC® 500D fabric</li>
<li>Mesh lining</li>
<li>Z-Liner membrane, waterproof, windproof and breathable</li>
<li>2 external pockets</li>
<li>1 inner pocket</li>
<li>Map / document pocket</li>
<li>Internal cellphone pocket</li>
<li>Soft collar</li>
</ul>
<strong>Specifications:</strong>
<b>Protection:</b>
<ul>
<li>Additional external hard shell shoulder &amp; elbow protectors</li>
<li>EN 1621-1:2012 safety tested soft protectors at shoulders &amp; elbows</li>
<li>optional EN 1621-2:2014 back protector</li>
<li>Double-stitched</li>
<li>Connecting zip</li>
<li>Safety tested according to FprEN 17092, protected garments for motorcyclists</li>
</ul>
<h3>ADDITIONAL PRODUCT INFORMATION</h3>
<div>
<table class=""UserAttributes"">
<tbody>
<tr>
<td class=""AttributeLabel VerticalAlignMiddle"">Material</td>
<td class=""AttributeContent"">Upper material 1: 100% polyester; Upper material 2: 90% polyamide, 10% polyurethane; Lining 1: 100% polyester; Lining 2: 82% polyamide, 18% elastane</td>
</tr>
</tbody>
</table>
</div>","Features:

• Touring jacket

• HEROS-TEC® 500D fabric

• Mesh lining

• Z-Liner membrane, waterproof, windproof and breathable

• 2 external pockets

• 1 inner pocket

• Map / document pocket

• Internal cellphone pocket

• Soft collar

Specifications:
Protection:

• Additional external hard shell shoulder & elbow protectors

• EN 1621-1:2012 safety tested soft protectors at shoulders & elbows

• optional EN 1621-2:2014 back protector

• Double-stitched

• Connecting zip

• Safety tested according to FprEN 17092, protected garments for motorcyclists

ADDITIONAL PRODUCT INFORMATION

Material | 
Upper material 1: 100% polyester; Upper material 2: 90% polyamide, 10% polyurethane; Lining 1: 100% polyester; Lining 2: 82% polyamide, 18% elastane |",23000,,2026-07-26,active,Held,6000,g,Buy Held Baxley Top Textile Jacket | Mile 27 Store,"Upper material 1: 100% polyester; Upper material 2: 90% polyamide, 10% polyurethane; Lining 1: 100% polyester; Lining 2: 82% polyamide, 18% elastane ,…","Touring jacket | HEROS-TEC® 500D fabric | Mesh lining | Z-Liner membrane, waterproof, windproof and breathable",Cleaned noise; brand verified,High,false,Riding Gear > Riding Jackets > Textile Jackets,High,"Refined by title keyword: ""\b(textile\s+jacket|touring\s+jacket|adventure\s+jacket)\b""",held-baxley-top-textile-jacket-1|Size:S:Colour:Black|price:23000.00|compare:|weight:6000|barcode:|qty:0 | held-baxley-top-textile-jacket-2|Size:S:Colour:Black/Red/Blue|price:23000.00|compare:|weight:6000|barcode:|qty:0 | held-baxley-top-textile-jacket-3|Size:S:Colour:Black/White|price:23000.00|compare:|weight:6000|barcode:|qty:0 | held-baxley-top-textile-jacket-4|Size:S:Colour:Black/Neon|price:23000.00|compare:|weight:6000|barcode:|qty:0 | held-baxley-top-textile-jacket-5|Size:M:Colour:Black|price:23000.00|compare:|weight:6000|barcode:|qty:0 | held-baxley-top-textile-jacket-6|Size:M:Colour:Black/Red/Blue|price:23000.00|compare:|weight:6000|barcode:|qty:0 | held-baxley-top-textile-jacket-7|Size:M:Colour:Black/White|price:23000.00|compare:|weight:6000|barcode:|qty:0 | held-baxley-top-textile-jacket-8|Size:M:Colour:Black/Neon|price:23000.00|compare:|weight:6000|barcode:|qty:0 | held-baxley-top-textile-jacket-9|Size:L:Colour:Black|price:23000.00|compare:|weight:6000|barcode:|qty:0 | held-baxley-top-textile-jacket-10|Size:L:Colour:Black/Red/Blue|price:23000.00|compare:|weight:6000|barcode:|qty:0 | held-baxley-top-textile-jacket-11|Size:L:Colour:Black/White|price:23000.00|compare:|weight:6000|barcode:|qty:0 | held-baxley-top-textile-jacket-12|Size:L:Colour:Black/Neon|price:23000.00|compare:|weight:6000|barcode:|qty:0 | held-baxley-top-textile-jacket-13|Size:XL:Colour:Black|price:23000.00|compare:|weight:6000|barcode:|qty:0 | held-baxley-top-textile-jacket-14|Size:XL:Colour:Black/Red/Blue|price:23000.00|compare:|weight:6000|barcode:|qty:0 | held-baxley-top-textile-jacket-15|Size:XL:Colour:Black/White|price:23000.00|compare:|weight:6000|barcode:|qty:0 | held-baxley-top-textile-jacket-16|Size:XL:Colour:Black/Neon|price:23000.00|compare:|weight:6000|barcode:|qty:0 | held-baxley-top-textile-jacket-17|Size:2XL:Colour:Black|price:23000.00|compare:|weight:6000|barcode:|qty:0 | held-baxley-top-textile-jacket-18|Size:2XL:Colour:Black/Red/Blue|price:23000.00|compare:|weight:6000|barcode:|qty:0 | held-baxley-top-textile-jacket-19|Size:2XL:Colour:Black/White|price:23000.00|compare:|weight:6000|barcode:|qty:0 | held-baxley-top-textile-jacket-20|Size:2XL:Colour:Black/Neon|price:23000.00|compare:|weight:6000|barcode:|qty:0 | held-baxley-top-textile-jacket-21|Size:3XL:Colour:Black|price:23000.00|compare:|weight:6000|barcode:|qty:0 | held-baxley-top-textile-jacket-22|Size:3XL:Colour:Black/Red/Blue|price:23000.00|compare:|weight:6000|barcode:|qty:0 | held-baxley-top-textile-jacket-23|Size:3XL:Colour:Black/White|price:23000.00|compare:|weight:6000|barcode:|qty:0 | held-baxley-top-textile-jacket-24|Size:3XL:Colour:Black/Neon|price:23000.00|compare:|weight:6000|barcode:|qty:0 | held-baxley-top-textile-jacket-25|Size:4XL:Colour:Black|price:23000.00|compare:|weight:6000|barcode:|qty:0 | held-baxley-top-textile-jacket-26|Size:4XL:Colour:Black/Red/Blue|price:23000.00|compare:|weight:6000|barcode:|qty:0 | held-baxley-top-textile-jacket-27|Size:4XL:Colour:Black/White|price:23000.00|compare:|weight:6000|barcode:|qty:0 | held-baxley-top-textile-jacket-28|Size:4XL:Colour:Black/Neon|price:23000.00|compare:|weight:6000|barcode:|qty:0 | held-baxley-top-textile-jacket-29|Size:5XL:Colour:Black|price:23000.00|compare:|weight:6000|barcode:|qty:0 | held-baxley-top-textile-jacket-30|Size:5XL:Colour:Black/Red/Blue|price:23000.00|compare:|weight:6000|barcode:|qty:0 | held-baxley-top-textile-jacket-31|Size:5XL:Colour:Black/White|price:23000.00|compare:|weight:6000|barcode:|qty:0 | held-baxley-top-textile-jacket-32|Size:5XL:Colour:Black/Neon|price:23000.00|compare:|weight:6000|barcode:|qty:0,"held-baxley-top-textile-jacket-1,held-baxley-top-textile-jacket-2,held-baxley-top-textile-jacket-3,held-baxley-top-textile-jacket-4,held-baxley-top-textile-jacket-5,held-baxley-top-textile-jacket-6,held-baxley-top-textile-jacket-7,held-baxley-top-textile-jacket-8,held-baxley-top-textile-jacket-9,held-baxley-top-textile-jacket-10,held-baxley-top-textile-jacket-11,held-baxley-top-textile-jacket-12,held-baxley-top-textile-jacket-13,held-baxley-top-textile-jacket-14,held-baxley-top-textile-jacket-15,held-baxley-top-textile-jacket-16,held-baxley-top-textile-jacket-17,held-baxley-top-textile-jacket-18,held-baxley-top-textile-jacket-19,held-baxley-top-textile-jacket-20,held-baxley-top-textile-jacket-21,held-baxley-top-textile-jacket-22,held-baxley-top-textile-jacket-23,held-baxley-top-textile-jacket-24,held-baxley-top-textile-jacket-25,held-baxley-top-textile-jacket-26,held-baxley-top-textile-jacket-27,held-baxley-top-textile-jacket-28,held-baxley-top-textile-jacket-29,held-baxley-top-textile-jacket-30,held-baxley-top-textile-jacket-31,held-baxley-top-textile-jacket-32",32,https://cdn.shopify.com/s/files/1/0076/8301/4754/products/062020-00-001-01.jpg?v=1652872196|pos:1|alt:Held Held Baxley Top Textile Jacket – front view || https://cdn.shopify.com/s/files/1/0076/8301/4754/products/062020-00-001-02.jpg?v=1652872196|pos:2|alt:Held Held Baxley Top Textile Jacket – side view || https://cdn.shopify.com/s/files/1/0076/8301/4754/products/062020-00-130-01.jpg?v=1652872198|pos:3|alt:Held Held Baxley Top Textile Jacket – rear view || https://cdn.shopify.com/s/files/1/0076/8301/4754/products/062020-00-014-01.jpg?v=1652872197|pos:4|alt:Held Held Baxley Top Textile Jacket – detail view || https://cdn.shopify.com/s/files/1/0076/8301/4754/products/062020-00-058-01.jpg?v=1652872197|pos:5|alt:Held Held Baxley Top Textile Jacket – top view,5,Held Held Baxley Top Textile Jacket – front view | Held Held Baxley Top Textile Jacket – side view | Held Held Baxley Top Textile Jacket – rear view | Held Held Baxley Top Textile Jacket – detail view | Held Held Baxley Top Textile Jacket – top view,,0,Held Baxley Top Textile Jacket,"Held Baxley Top Textile Jacket. Upper material 1: 100% polyester; Upper material 2: 90% polyamide, 10% polyurethane; Lining 1: 100% polyester; Lining 2: 82% polyamide, 18% elastane | • Touring jacket.",Mesh lining.,"Z-Liner membrane, waterproof, windproof and breathable.",Touring jacket. HEROS-TEC® 500D fabric.,,Available in multiple sizes. Check the size guide before ordering.,Held Baxley Top Textile Jacket — a textile Jacket built to the specifications listed above.,true,draft,https://cdn.shopify.com/s/files/1/0076/8301/4754/products/062020-00-001-01.jpg?v=1652872196|role:hero || https://cdn.shopify.com/s/files/1/0076/8301/4754/products/062020-00-001-02.jpg?v=1652872196|role:construction detail || https://cdn.shopify.com/s/files/1/0076/8301/4754/products/062020-00-130-01.jpg?v=1652872198|role:side profile,3,false,/products/held-baxley-top-textile-jacket,/products/held-baxley-top-textile-jacket
held-torno-ii-gore-tex-textile-pants,held-torno-ii-gore-tex-textile-pants,Held Torno II Gore-Tex Textile Pants,Held Torno II Gore-Tex Textile Pants,held-torno-ii-gore-tex-textile-pants,"Upper: 97% polyamide, 3% cowhide (Contains non-textile parts of animal origin) Lining: 100% polyester Removable membrane:100% Polytetrafluorethylen | • Connecting zip. • Pocket for tailbone protection, for retrofitting with 4t SAS-TEC® 3-D protection made of visco-elastic soft foam. • Hip protectors, can be retrofitted to EN 1621-1. • Height-adjustable SAS-TEC® 3-D protectors on the knee, made of visco-elastic soft foam, tested to EN 1621-1. Available in multiple sizes and/or colours — select your variant.","<strong>Security</strong>
<ul>
<li>Connecting zip</li>
<li>Pocket for tailbone protection, for retrofitting with 4t SAS-TEC® 3-D protection made of visco-elastic soft foam</li>
<li>Hip protectors, can be retrofitted to EN 1621-1</li>
<li>Height-adjustable SAS-TEC® 3-D protectors on the knee, made of visco-elastic soft foam, tested to EN 1621-1</li>
<li>3M Scotchlite ™ Reflex inserts</li>
</ul>
<strong>Comfort / features</strong>
<ul>
<li>Pockets can be opened via magnets and used as air vents</li>
<li>Stretch inserts on the knee</li>
<li>Zipper and Velcro at the leg end</li>
<li>PITTARDS® non-slip special leather on the buttocks</li>
<li>Buttons on the waistband for fixation of the suspenders</li>
<li>High cut with adjustable Velcro closures in the waistband</li>
<li>Double leg adjustment</li>
<li>Venting zips</li>
<li>4 outer pockets</li>
</ul>
<strong>Membrane</strong>
<ul>
<li>Removable GORE-TEX® liner with 3-layer technology</li>
<li>Worn as a rain cover in or over the pants</li>
</ul>
<strong>Lining</strong>
<ul>
<li>Breathable COOLMAX® mesh lining</li>
</ul>
<strong>Material</strong>
<ul>
<li>polyamide</li>
</ul>
<h3>ADDITIONAL PRODUCT INFORMATION</h3>
<div>
<table class=""UserAttributes"">
<tbody>
<tr>
<td class=""AttributeLabel VerticalAlignMiddle"">Material</td>
<td class=""AttributeContent"">Upper: 97% polyamide, 3% cowhide (Contains non-textile parts of animal origin) Lining: 100% polyester Removable membrane:100% Polytetrafluorethylen</td>
</tr>
</tbody>
</table>
</div>","Security

• Connecting zip

• Pocket for tailbone protection, for retrofitting with 4t SAS-TEC® 3-D protection made of visco-elastic soft foam

• Hip protectors, can be retrofitted to EN 1621-1

• Height-adjustable SAS-TEC® 3-D protectors on the knee, made of visco-elastic soft foam, tested to EN 1621-1

• 3M Scotchlite ™ Reflex inserts

Comfort / features

• Pockets can be opened via magnets and used as air vents

• Stretch inserts on the knee

• Zipper and Velcro at the leg end

• PITTARDS® non-slip special leather on the buttocks

• Buttons on the waistband for fixation of the suspenders

• High cut with adjustable Velcro closures in the waistband

• Double leg adjustment

• Venting zips

• 4 outer pockets

Membrane

• Removable GORE-TEX® liner with 3-layer technology

• Worn as a rain cover in or over the pants

Lining

• Breathable COOLMAX® mesh lining

Material

• polyamide

ADDITIONAL PRODUCT INFORMATION

Material | 
Upper: 97% polyamide, 3% cowhide (Contains non-textile parts of animal origin) Lining: 100% polyester Removable membrane:100% Polytetrafluorethylen |",65000,,2026-07-26,active,Held,6000,g,Buy Held Torno II Gore-Tex Textile Pants | Mile 27 Store,"Upper: 97% polyamide, 3% cowhide (Contains non-textile parts of animal origin) Lining: 100% polyester Removable membrane:100% Polytetrafluorethylen ,…","Connecting zip | Pocket for tailbone protection, for retrofitting with 4t SAS-TEC® 3-D protection made of visco-elastic soft foam | Hip protectors, can be retrofitted to EN 1621-1 | Height-adjustable SAS-TEC® 3-D protectors on the knee, made of visco-elastic soft foam, tested to EN 1621-1",Cleaned noise; brand verified,High,false,Riding Gear > Riding Pants > Textile Pants,High,"Refined by title keyword: ""\b(textile\s+pants|touring\s+pants)\b""",held-torno-ii-gore-tex-textile-pants-1|Size:XS:Colour:Black|price:65000.00|compare:|weight:6000|barcode:|qty:0 | held-torno-ii-gore-tex-textile-pants-2|Size:XS:Colour:Gray/Black|price:65000.00|compare:|weight:6000|barcode:|qty:0 | held-torno-ii-gore-tex-textile-pants-3|Size:XS:Colour:Grey/Red|price:65000.00|compare:|weight:6000|barcode:|qty:0 | held-torno-ii-gore-tex-textile-pants-4|Size:S:Colour:Black|price:65000.00|compare:|weight:6000|barcode:|qty:0 | held-torno-ii-gore-tex-textile-pants-5|Size:S:Colour:Gray/Black|price:65000.00|compare:|weight:6000|barcode:|qty:0 | held-torno-ii-gore-tex-textile-pants-6|Size:S:Colour:Grey/Red|price:65000.00|compare:|weight:6000|barcode:|qty:0 | held-torno-ii-gore-tex-textile-pants-7|Size:M:Colour:Black|price:65000.00|compare:|weight:6000|barcode:|qty:0 | held-torno-ii-gore-tex-textile-pants-8|Size:M:Colour:Gray/Black|price:65000.00|compare:|weight:6000|barcode:|qty:0 | held-torno-ii-gore-tex-textile-pants-9|Size:M:Colour:Grey/Red|price:65000.00|compare:|weight:6000|barcode:|qty:0 | held-torno-ii-gore-tex-textile-pants-10|Size:L:Colour:Black|price:65000.00|compare:|weight:6000|barcode:|qty:0 | held-torno-ii-gore-tex-textile-pants-11|Size:L:Colour:Gray/Black|price:65000.00|compare:|weight:6000|barcode:|qty:0 | held-torno-ii-gore-tex-textile-pants-12|Size:L:Colour:Grey/Red|price:65000.00|compare:|weight:6000|barcode:|qty:0 | held-torno-ii-gore-tex-textile-pants-13|Size:XL:Colour:Black|price:65000.00|compare:|weight:6000|barcode:|qty:0 | held-torno-ii-gore-tex-textile-pants-14|Size:XL:Colour:Gray/Black|price:65000.00|compare:|weight:6000|barcode:|qty:0 | held-torno-ii-gore-tex-textile-pants-15|Size:XL:Colour:Grey/Red|price:65000.00|compare:|weight:6000|barcode:|qty:0 | held-torno-ii-gore-tex-textile-pants-16|Size:2XL:Colour:Black|price:65000.00|compare:|weight:6000|barcode:|qty:0 | held-torno-ii-gore-tex-textile-pants-17|Size:2XL:Colour:Gray/Black|price:65000.00|compare:|weight:6000|barcode:|qty:0 | held-torno-ii-gore-tex-textile-pants-18|Size:2XL:Colour:Grey/Red|price:65000.00|compare:|weight:6000|barcode:|qty:0 | held-torno-ii-gore-tex-textile-pants-19|Size:3XL:Colour:Black|price:65000.00|compare:|weight:6000|barcode:|qty:0 | held-torno-ii-gore-tex-textile-pants-20|Size:3XL:Colour:Gray/Black|price:65000.00|compare:|weight:6000|barcode:|qty:0 | held-torno-ii-gore-tex-textile-pants-21|Size:3XL:Colour:Grey/Red|price:65000.00|compare:|weight:6000|barcode:|qty:0 | held-torno-ii-gore-tex-textile-pants-22|Size:4XL:Colour:Black|price:65000.00|compare:|weight:6000|barcode:|qty:0 | held-torno-ii-gore-tex-textile-pants-23|Size:4XL:Colour:Gray/Black|price:65000.00|compare:|weight:6000|barcode:|qty:0 | held-torno-ii-gore-tex-textile-pants-24|Size:4XL:Colour:Grey/Red|price:65000.00|compare:|weight:6000|barcode:|qty:0 | held-torno-ii-gore-tex-textile-pants-25|Size:5XL:Colour:Black|price:65000.00|compare:|weight:6000|barcode:|qty:0 | held-torno-ii-gore-tex-textile-pants-26|Size:5XL:Colour:Gray/Black|price:65000.00|compare:|weight:6000|barcode:|qty:0 | held-torno-ii-gore-tex-textile-pants-27|Size:5XL:Colour:Grey/Red|price:65000.00|compare:|weight:6000|barcode:|qty:0,"held-torno-ii-gore-tex-textile-pants-1,held-torno-ii-gore-tex-textile-pants-2,held-torno-ii-gore-tex-textile-pants-3,held-torno-ii-gore-tex-textile-pants-4,held-torno-ii-gore-tex-textile-pants-5,held-torno-ii-gore-tex-textile-pants-6,held-torno-ii-gore-tex-textile-pants-7,held-torno-ii-gore-tex-textile-pants-8,held-torno-ii-gore-tex-textile-pants-9,held-torno-ii-gore-tex-textile-pants-10,held-torno-ii-gore-tex-textile-pants-11,held-torno-ii-gore-tex-textile-pants-12,held-torno-ii-gore-tex-textile-pants-13,held-torno-ii-gore-tex-textile-pants-14,held-torno-ii-gore-tex-textile-pants-15,held-torno-ii-gore-tex-textile-pants-16,held-torno-ii-gore-tex-textile-pants-17,held-torno-ii-gore-tex-textile-pants-18,held-torno-ii-gore-tex-textile-pants-19,held-torno-ii-gore-tex-textile-pants-20,held-torno-ii-gore-tex-textile-pants-21,held-torno-ii-gore-tex-textile-pants-22,held-torno-ii-gore-tex-textile-pants-23,held-torno-ii-gore-tex-textile-pants-24,held-torno-ii-gore-tex-textile-pants-25,held-torno-ii-gore-tex-textile-pants-26,held-torno-ii-gore-tex-textile-pants-27",27,https://cdn.shopify.com/s/files/1/0076/8301/4754/products/006460-00-01-02.jpg?v=1652871813|pos:1|alt:Held Held Torno II Gore-Tex Textile Pants – front view || https://cdn.shopify.com/s/files/1/0076/8301/4754/products/006460-00-68-03.jpg?v=1652871813|pos:2|alt:Held Held Torno II Gore-Tex Textile Pants – side view || https://cdn.shopify.com/s/files/1/0076/8301/4754/products/006460-00-72-02.jpg?v=1652871814|pos:3|alt:Held Held Torno II Gore-Tex Textile Pants – rear view,3,Held Held Torno II Gore-Tex Textile Pants – front view | Held Held Torno II Gore-Tex Textile Pants – side view | Held Held Torno II Gore-Tex Textile Pants – rear view,,0,Held Torno II Gore-Tex Textile Pants,"Held Torno II Gore-Tex Textile Pants. Upper: 97% polyamide, 3% cowhide (Contains non-textile parts of animal origin) Lining: 100% polyester Removable membrane:100% Polytetrafluorethylen | • Connecting zip.",,,"Connecting zip. Pocket for tailbone protection, for retrofitting with 4t SAS-TEC® 3-D protection made of visco-elastic soft foam. Hip protectors, can be retrofitted to EN 1621-1. Height-adjustable SAS-TEC® 3-D protectors on the knee, made of visco-elastic soft foam, tested to EN 1621-1.",,Available in multiple sizes. Check the size guide before ordering.,Held Torno II Gore-Tex Textile Pants — a textile Pant built to the specifications listed above.,true,draft,https://cdn.shopify.com/s/files/1/0076/8301/4754/products/006460-00-01-02.jpg?v=1652871813|role:hero || https://cdn.shopify.com/s/files/1/0076/8301/4754/products/006460-00-68-03.jpg?v=1652871813|role:construction detail || https://cdn.shopify.com/s/files/1/0076/8301/4754/products/006460-00-72-02.jpg?v=1652871814|role:side profile,3,false,/products/held-torno-ii-gore-tex-textile-pants,/products/held-torno-ii-gore-tex-textile-pants
held-zorro-textile-jacket,held-zorro-textile-jacket,Held Zorro Textile Jacket,Held Zorro Textile Jacket,held-zorro-textile-jacket,Zorro Touring jacket • Outer shell HEROS-TEC® 500D fabric (100% polyester). • 900D reinforced double layer polyester at elbows. • Lining. • mesh lining (100% polyester). Available in multiple sizes and/or colours — select your variant.,"
<b>Zorro Touring jacket</b>
<ul>
<li>Outer shell <span>HEROS-TEC® 500D fabric (100% polyester)</span>
</li>
<li>900D reinforced double layer polyester at elbows</li>
<li>Lining</li>
<li>mesh lining (100% polyester)</li>
<li>detachable thermal liner (100% polyester)</li>
<li>Membrane</li>
<li>HUMAX-Z-Liner® (100% polyester with 100% polyurethane coating): waterproof, windproof &amp; breathable</li>
</ul>
<b>Fit/features</b>
<ul>
<li>4 external pockets</li>
<li>4 inner pockets</li>
<li>air-vent zippers</li>
<li>arm adjustment</li>
<li>waist belt</li>
<li>hip adjustment</li>
<li>soft collar</li>
</ul>
<b>Protection</b>
<ul>
<li>EN 1621-1 CE-certified soft protectors at shoulders &amp; elbows</li>
<li>optional EN 1621-2 back protector</li>
<li>reflective sections</li>
<li>Connecting zip</li>
</ul>","Zorro Touring jacket

• Outer shell HEROS-TEC® 500D fabric (100% polyester)

• 900D reinforced double layer polyester at elbows

• Lining

• mesh lining (100% polyester)

• detachable thermal liner (100% polyester)

• Membrane

• HUMAX-Z-Liner® (100% polyester with 100% polyurethane coating): waterproof, windproof & breathable

Fit/features

• 4 external pockets

• 4 inner pockets

• air-vent zippers

• arm adjustment

• waist belt

• hip adjustment

• soft collar

Protection

• EN 1621-1 CE-certified soft protectors at shoulders & elbows

• optional EN 1621-2 back protector

• reflective sections

• Connecting zip",27000,,2026-07-26,active,Held,6000,g,Buy Held Zorro Textile Jacket | Mile 27 Store,Zorro Touring jacket Outer shell HEROS-TEC® 500D fabric (100% polyester). 900D reinforced double layer polyester at elbows. Lining. mesh lining (100%…,Outer shell HEROS-TEC® 500D fabric (100% polyester) | 900D reinforced double layer polyester at elbows | Lining | mesh lining (100% polyester),Cleaned noise; brand verified,High,false,Riding Gear > Riding Jackets > Textile Jackets,High,"Refined by title keyword: ""\b(textile\s+jacket|touring\s+jacket|adventure\s+jacket)\b""",held-zorro-textile-jacket-1|Size:XS:Colour:Black|price:27000.00|compare:|weight:6000|barcode:|qty:0 | held-zorro-textile-jacket-2|Size:XS:Colour:Black/White|price:27000.00|compare:|weight:6000|barcode:|qty:0 | held-zorro-textile-jacket-3|Size:XS:Colour:Black/Yellow|price:27000.00|compare:|weight:6000|barcode:|qty:0 | held-zorro-textile-jacket-4|Size:XS:Colour:Grey/Yellow|price:27000.00|compare:|weight:6000|barcode:|qty:0 | held-zorro-textile-jacket-5|Size:S:Colour:Black|price:27000.00|compare:|weight:6000|barcode:|qty:0 | held-zorro-textile-jacket-6|Size:S:Colour:Black/White|price:27000.00|compare:|weight:6000|barcode:|qty:0 | held-zorro-textile-jacket-7|Size:S:Colour:Black/Yellow|price:27000.00|compare:|weight:6000|barcode:|qty:0 | held-zorro-textile-jacket-8|Size:S:Colour:Grey/Yellow|price:27000.00|compare:|weight:6000|barcode:|qty:0 | held-zorro-textile-jacket-9|Size:M:Colour:Black|price:27000.00|compare:|weight:6000|barcode:|qty:0 | held-zorro-textile-jacket-10|Size:M:Colour:Black/White|price:27000.00|compare:|weight:6000|barcode:|qty:0 | held-zorro-textile-jacket-11|Size:M:Colour:Black/Yellow|price:27000.00|compare:|weight:6000|barcode:|qty:0 | held-zorro-textile-jacket-12|Size:M:Colour:Grey/Yellow|price:27000.00|compare:|weight:6000|barcode:|qty:0 | held-zorro-textile-jacket-13|Size:L:Colour:Black|price:27000.00|compare:|weight:6000|barcode:|qty:0 | held-zorro-textile-jacket-14|Size:L:Colour:Black/White|price:27000.00|compare:|weight:6000|barcode:|qty:0 | held-zorro-textile-jacket-15|Size:L:Colour:Black/Yellow|price:27000.00|compare:|weight:6000|barcode:|qty:0 | held-zorro-textile-jacket-16|Size:L:Colour:Grey/Yellow|price:27000.00|compare:|weight:6000|barcode:|qty:0 | held-zorro-textile-jacket-17|Size:XL:Colour:Black|price:27000.00|compare:|weight:6000|barcode:|qty:0 | held-zorro-textile-jacket-18|Size:XL:Colour:Black/White|price:27000.00|compare:|weight:6000|barcode:|qty:0 | held-zorro-textile-jacket-19|Size:XL:Colour:Black/Yellow|price:27000.00|compare:|weight:6000|barcode:|qty:0 | held-zorro-textile-jacket-20|Size:XL:Colour:Grey/Yellow|price:27000.00|compare:|weight:6000|barcode:|qty:0 | held-zorro-textile-jacket-21|Size:2XL:Colour:Black|price:27000.00|compare:|weight:6000|barcode:|qty:0 | held-zorro-textile-jacket-22|Size:2XL:Colour:Black/White|price:27000.00|compare:|weight:6000|barcode:|qty:0 | held-zorro-textile-jacket-23|Size:2XL:Colour:Black/Yellow|price:27000.00|compare:|weight:6000|barcode:|qty:0 | held-zorro-textile-jacket-24|Size:2XL:Colour:Grey/Yellow|price:27000.00|compare:|weight:6000|barcode:|qty:0 | held-zorro-textile-jacket-25|Size:3XL:Colour:Black|price:27000.00|compare:|weight:6000|barcode:|qty:0 | held-zorro-textile-jacket-26|Size:3XL:Colour:Black/White|price:27000.00|compare:|weight:6000|barcode:|qty:0 | held-zorro-textile-jacket-27|Size:3XL:Colour:Black/Yellow|price:27000.00|compare:|weight:6000|barcode:|qty:0 | held-zorro-textile-jacket-28|Size:3XL:Colour:Grey/Yellow|price:27000.00|compare:|weight:6000|barcode:|qty:0 | held-zorro-textile-jacket-29|Size:4XL:Colour:Black|price:27000.00|compare:|weight:6000|barcode:|qty:0 | held-zorro-textile-jacket-30|Size:4XL:Colour:Black/White|price:27000.00|compare:|weight:6000|barcode:|qty:0 | held-zorro-textile-jacket-31|Size:4XL:Colour:Black/Yellow|price:27000.00|compare:|weight:6000|barcode:|qty:0 | held-zorro-textile-jacket-32|Size:4XL:Colour:Grey/Yellow|price:27000.00|compare:|weight:6000|barcode:|qty:0 | held-zorro-textile-jacket-33|Size:5XL:Colour:Black|price:27000.00|compare:|weight:6000|barcode:|qty:0 | held-zorro-textile-jacket-34|Size:5XL:Colour:Black/White|price:27000.00|compare:|weight:6000|barcode:|qty:0 | held-zorro-textile-jacket-35|Size:5XL:Colour:Black/Yellow|price:27000.00|compare:|weight:6000|barcode:|qty:0 | held-zorro-textile-jacket-36|Size:5XL:Colour:Grey/Yellow|price:27000.00|compare:|weight:6000|barcode:|qty:0,"held-zorro-textile-jacket-1,held-zorro-textile-jacket-2,held-zorro-textile-jacket-3,held-zorro-textile-jacket-4,held-zorro-textile-jacket-5,held-zorro-textile-jacket-6,held-zorro-textile-jacket-7,held-zorro-textile-jacket-8,held-zorro-textile-jacket-9,held-zorro-textile-jacket-10,held-zorro-textile-jacket-11,held-zorro-textile-jacket-12,held-zorro-textile-jacket-13,held-zorro-textile-jacket-14,held-zorro-textile-jacket-15,held-zorro-textile-jacket-16,held-zorro-textile-jacket-17,held-zorro-textile-jacket-18,held-zorro-textile-jacket-19,held-zorro-textile-jacket-20,held-zorro-textile-jacket-21,held-zorro-textile-jacket-22,held-zorro-textile-jacket-23,held-zorro-textile-jacket-24,held-zorro-textile-jacket-25,held-zorro-textile-jacket-26,held-zorro-textile-jacket-27,held-zorro-textile-jacket-28,held-zorro-textile-jacket-29,held-zorro-textile-jacket-30,held-zorro-textile-jacket-31,held-zorro-textile-jacket-32,held-zorro-textile-jacket-33,held-zorro-textile-jacket-34,held-zorro-textile-jacket-35,held-zorro-textile-jacket-36",36,https://cdn.shopify.com/s/files/1/0076/8301/4754/products/Held-Zorro-Black-6627_01_x_herren.jpg?v=1652871475|pos:1|alt:Held Held Zorro Textile Jacket – front view || https://cdn.shopify.com/s/files/1/0076/8301/4754/products/Held-Zorro-Black-white-1-6627_14_x_herren.jpg?v=1652871472|pos:2|alt:Held Held Zorro Textile Jacket – side view || https://cdn.shopify.com/s/files/1/0076/8301/4754/products/006627-00-058-01.jpg?v=1652871473|pos:3|alt:Held Held Zorro Textile Jacket – rear view || https://cdn.shopify.com/s/files/1/0076/8301/4754/products/Held-Zorro-Black-yellow-6627_25_x_herren.jpg?v=1652871472|pos:4|alt:Held Held Zorro Textile Jacket – detail view,4,Held Held Zorro Textile Jacket – front view | Held Held Zorro Textile Jacket – side view | Held Held Zorro Textile Jacket – rear view | Held Held Zorro Textile Jacket – detail view,,0,Held Zorro Textile Jacket,Held Zorro Textile Jacket. Zorro Touring jacket • Outer shell HEROS-TEC® 500D fabric (100% polyester).,Outer shell HEROS-TEC® 500D fabric (100% polyester). mesh lining (100% polyester).,,900D reinforced double layer polyester at elbows. Lining.,,Available in multiple sizes. Check the size guide before ordering.,Held Zorro Textile Jacket — a textile Jacket built to the specifications listed above.,true,draft,https://cdn.shopify.com/s/files/1/0076/8301/4754/products/Held-Zorro-Black-6627_01_x_herren.jpg?v=1652871475|role:hero || https://cdn.shopify.com/s/files/1/0076/8301/4754/products/Held-Zorro-Black-white-1-6627_14_x_herren.jpg?v=1652871472|role:construction detail || https://cdn.shopify.com/s/files/1/0076/8301/4754/products/006627-00-058-01.jpg?v=1652871473|role:side profile,3,false,/products/held-zorro-textile-jacket,/products/held-zorro-textile-jacket
held-carese-evo-gtx-textile-jacket,held-carese-evo-gtx-textile-jacket,Held Carese Evo GTX Textile Jacket,Held Carese Evo GTX Textile Jacket,held-carese-evo-gtx-textile-jacket,"The new Carese Evo motorcycle leather jacket by Held is exactly the right companion for your next adventure! In addition to its high functionality, it… • EN 17092, protective garments for motorcyclists. • Connecting zip. • Special Ripstop material reinforcement on crash zones. • 3M Scotchlite™ reflectors. Available in multiple sizes and/or colours — select your variant.","The new Carese Evo motorcycle leather jacket by Held is exactly the right companion for your next adventure! In addition to its high functionality, it also impresses with its safety and comfort.<br><br>
<strong>Features:</strong>
<ul>
<li>EN 17092, protective garments for motorcyclists</li>
<li>Connecting zip</li>
<li>Special Ripstop material reinforcement on crash zones</li>
<li>3M Scotchlite™ reflectors</li>
<li>Waterproof mobile phone and powerbank inner pocket</li>
<li>Pockets can be opened and used as airvent</li>
<li>Waist belt</li>
<li>Optional Held light system art. 91995</li>
<li>Optional Held drink bag art. 41941/42041</li>
<li>Integrated hood - wear it under your helmet</li>
<li>Held Clip-in Technology</li>
<li>H.P.A System (Held protector adjustment) at elbows</li>
<li>Front air-vent zipper (Held ACS)</li>
<li>Dual arm adjustment</li>
<li>Map / document pocket</li>
<li>Air-vent zippers in front, back &amp; arms</li>
<li>2 waterproof external pockets, 1 inner- and 1 backpocket</li>
<li>Reflecting print</li>
<li>Removable GORE-TEX 3-layer technology liner</li>
<li>GORE super stretch panels in front and inner arms</li>
<li>Can be used attached inside, over the jacket or as a stand alone rain jacket</li>
<li>Breathable 37,5® inner lining</li>
<li>3D air mesh panels in back to promote air circulation</li>
<li>DuPont® Cordura 500 D</li>
<li>GORE-TEX Membrane (ePTFE)</li>
</ul>
<strong>Specifications:</strong>
<b>Protectors:</b>
<ul>
<li>Optional EN 1621-2:2014 back protector (Protector not included)</li>
<li>Rib protector pocket for optional art. 9316 (Protector not included)</li>
<li>Velcro for optional 2 pcs chest protector art. 9784 (Protector not included)</li>
<li>Revolutionary EN 1621-1:2012 D3O® T5 EvoProX adaptive shoulder &amp; elbow protection</li>
</ul>
<h3>ADDITIONAL PRODUCT INFORMATION</h3>
<div>
<table class=""UserAttributes"">
<tbody>
<tr>
<td class=""AttributeLabel VerticalAlignMiddle"">Material</td>
<td class=""AttributeContent"">Upper material 1: 100% polyamide; Upper material 2: 92% polyamide, 8% elastane; Lining 1: 100% polyester; Lining 2: 100% polyamide; removable lining 1: 100% polyamide; removable lining 2: 44% polyester, 37% polymide, 19% elastane; membrane: 100% polytetrafluoroethylene (ePTFE)</td>
</tr>
</tbody>
</table>
</div>","The new Carese Evo motorcycle leather jacket by Held is exactly the right companion for your next adventure! In addition to its high functionality, it also impresses with its safety and comfort.

Features:

• EN 17092, protective garments for motorcyclists

• Connecting zip

• Special Ripstop material reinforcement on crash zones

• 3M Scotchlite™ reflectors

• Waterproof mobile phone and powerbank inner pocket

• Pockets can be opened and used as airvent

• Waist belt

• Optional Held light system art. 91995

• Optional Held drink bag art. 41941/42041

• Integrated hood - wear it under your helmet

• Held Clip-in Technology

• H.P.A System (Held protector adjustment) at elbows

• Front air-vent zipper (Held ACS)

• Dual arm adjustment

• Map / document pocket

• Air-vent zippers in front, back & arms

• 2 waterproof external pockets, 1 inner- and 1 backpocket

• Reflecting print

• Removable GORE-TEX 3-layer technology liner

• GORE super stretch panels in front and inner arms

• Can be used attached inside, over the jacket or as a stand alone rain jacket

• Breathable 37,5® inner lining

• 3D air mesh panels in back to promote air circulation

• DuPont® Cordura 500 D

• GORE-TEX Membrane (ePTFE)

Specifications:
Protectors:

• Optional EN 1621-2:2014 back protector (Protector not included)

• Rib protector pocket for optional art. 9316 (Protector not included)

• Velcro for optional 2 pcs chest protector art. 9784 (Protector not included)

• Revolutionary EN 1621-1:2012 D3O® T5 EvoProX adaptive shoulder & elbow protection

ADDITIONAL PRODUCT INFORMATION

Material | 
Upper material 1: 100% polyamide; Upper material 2: 92% polyamide, 8% elastane; Lining 1: 100% polyester; Lining 2: 100% polyamide; removable lining 1: 100% polyamide; removable lining 2: 44% polyester, 37% polymide, 19% elastane; membrane: 100% polytetrafluoroethylene (ePTFE) |",100000,,2026-07-26,active,Held,7000,g,Buy Held Carese Evo GTX Textile Jacket | Mile 27 Store,"The new Carese Evo motorcycle leather jacket by Held is exactly the right companion for your next adventure! In addition to its high functionality, it… EN…","EN 17092, protective garments for motorcyclists | Connecting zip | Special Ripstop material reinforcement on crash zones | 3M Scotchlite™ reflectors",Cleaned noise; brand verified,High,false,Riding Gear > Riding Jackets > Textile Jackets,High,"Refined by title keyword: ""\b(textile\s+jacket|touring\s+jacket|adventure\s+jacket)\b""",held-carese-evo-gtx-textile-jacket-1|Size:S:Colour:Black|price:100000.00|compare:|weight:7000|barcode:|qty:0 | held-carese-evo-gtx-textile-jacket-2|Size:S:Colour:Light Grey/Red|price:100000.00|compare:|weight:7000|barcode:|qty:0 | held-carese-evo-gtx-textile-jacket-3|Size:S:Colour:Light Grey/Blue|price:100000.00|compare:|weight:7000|barcode:|qty:0 | held-carese-evo-gtx-textile-jacket-4|Size:M:Colour:Black|price:100000.00|compare:|weight:7000|barcode:|qty:0 | held-carese-evo-gtx-textile-jacket-5|Size:M:Colour:Light Grey/Red|price:100000.00|compare:|weight:7000|barcode:|qty:0 | held-carese-evo-gtx-textile-jacket-6|Size:M:Colour:Light Grey/Blue|price:100000.00|compare:|weight:7000|barcode:|qty:0 | held-carese-evo-gtx-textile-jacket-7|Size:L:Colour:Black|price:100000.00|compare:|weight:7000|barcode:|qty:0 | held-carese-evo-gtx-textile-jacket-8|Size:L:Colour:Light Grey/Red|price:100000.00|compare:|weight:7000|barcode:|qty:0 | held-carese-evo-gtx-textile-jacket-9|Size:L:Colour:Light Grey/Blue|price:100000.00|compare:|weight:7000|barcode:|qty:0 | held-carese-evo-gtx-textile-jacket-10|Size:XL:Colour:Black|price:100000.00|compare:|weight:7000|barcode:|qty:0 | held-carese-evo-gtx-textile-jacket-11|Size:XL:Colour:Light Grey/Red|price:100000.00|compare:|weight:7000|barcode:|qty:0 | held-carese-evo-gtx-textile-jacket-12|Size:XL:Colour:Light Grey/Blue|price:100000.00|compare:|weight:7000|barcode:|qty:0 | held-carese-evo-gtx-textile-jacket-13|Size:2XL:Colour:Black|price:100000.00|compare:|weight:7000|barcode:|qty:0 | held-carese-evo-gtx-textile-jacket-14|Size:2XL:Colour:Light Grey/Red|price:100000.00|compare:|weight:7000|barcode:|qty:0 | held-carese-evo-gtx-textile-jacket-15|Size:2XL:Colour:Light Grey/Blue|price:100000.00|compare:|weight:7000|barcode:|qty:0 | held-carese-evo-gtx-textile-jacket-16|Size:3XL:Colour:Black|price:100000.00|compare:|weight:7000|barcode:|qty:0 | held-carese-evo-gtx-textile-jacket-17|Size:3XL:Colour:Light Grey/Red|price:100000.00|compare:|weight:7000|barcode:|qty:0 | held-carese-evo-gtx-textile-jacket-18|Size:3XL:Colour:Light Grey/Blue|price:100000.00|compare:|weight:7000|barcode:|qty:0 | held-carese-evo-gtx-textile-jacket-19|Size:4XL:Colour:Black|price:100000.00|compare:|weight:7000|barcode:|qty:0 | held-carese-evo-gtx-textile-jacket-20|Size:4XL:Colour:Light Grey/Red|price:100000.00|compare:|weight:7000|barcode:|qty:0 | held-carese-evo-gtx-textile-jacket-21|Size:4XL:Colour:Light Grey/Blue|price:100000.00|compare:|weight:7000|barcode:|qty:0 | held-carese-evo-gtx-textile-jacket-22|Size:5XL:Colour:Black|price:100000.00|compare:|weight:7000|barcode:|qty:0 | held-carese-evo-gtx-textile-jacket-23|Size:5XL:Colour:Light Grey/Red|price:100000.00|compare:|weight:7000|barcode:|qty:0 | held-carese-evo-gtx-textile-jacket-24|Size:5XL:Colour:Light Grey/Blue|price:100000.00|compare:|weight:7000|barcode:|qty:0,"held-carese-evo-gtx-textile-jacket-1,held-carese-evo-gtx-textile-jacket-2,held-carese-evo-gtx-textile-jacket-3,held-carese-evo-gtx-textile-jacket-4,held-carese-evo-gtx-textile-jacket-5,held-carese-evo-gtx-textile-jacket-6,held-carese-evo-gtx-textile-jacket-7,held-carese-evo-gtx-textile-jacket-8,held-carese-evo-gtx-textile-jacket-9,held-carese-evo-gtx-textile-jacket-10,held-carese-evo-gtx-textile-jacket-11,held-carese-evo-gtx-textile-jacket-12,held-carese-evo-gtx-textile-jacket-13,held-carese-evo-gtx-textile-jacket-14,held-carese-evo-gtx-textile-jacket-15,held-carese-evo-gtx-textile-jacket-16,held-carese-evo-gtx-textile-jacket-17,held-carese-evo-gtx-textile-jacket-18,held-carese-evo-gtx-textile-jacket-19,held-carese-evo-gtx-textile-jacket-20,held-carese-evo-gtx-textile-jacket-21,held-carese-evo-gtx-textile-jacket-22,held-carese-evo-gtx-textile-jacket-23,held-carese-evo-gtx-textile-jacket-24",24,https://cdn.shopify.com/s/files/1/0076/8301/4754/products/062140-00-001-01.jpg?v=1652871142|pos:1|alt:Held Held Carese Evo GTX Textile Jacket – front view || https://cdn.shopify.com/s/files/1/0076/8301/4754/products/062140-00-001-02.jpg?v=1652871142|pos:2|alt:Held Held Carese Evo GTX Textile Jacket – side view || https://cdn.shopify.com/s/files/1/0076/8301/4754/products/062140-00-072-01.jpg?v=1652871140|pos:3|alt:Held Held Carese Evo GTX Textile Jacket – rear view || https://cdn.shopify.com/s/files/1/0076/8301/4754/products/062140-00-072-02.jpg?v=1652871141|pos:4|alt:Held Held Carese Evo GTX Textile Jacket – detail view || https://cdn.shopify.com/s/files/1/0076/8301/4754/products/062140-00-069-01.jpg?v=1652871141|pos:5|alt:Held Held Carese Evo GTX Textile Jacket – top view || https://cdn.shopify.com/s/files/1/0076/8301/4754/products/062140-00-069-02.jpg?v=1652871142|pos:6|alt:Held Held Carese Evo GTX Textile Jacket – product view,6,Held Held Carese Evo GTX Textile Jacket – front view | Held Held Carese Evo GTX Textile Jacket – side view | Held Held Carese Evo GTX Textile Jacket – rear view | Held Held Carese Evo GTX Textile Jacket – detail view | Held Held Carese Evo GTX Textile Jacket – top view | Held Held Carese Evo GTX Textile Jacket – product view,,0,Held Carese Evo GTX Textile Jacket,"Held Carese Evo GTX Textile Jacket. The new Carese Evo motorcycle leather jacket by Held is exactly the right companion for your next adventure! In addition to its high functionality,.",Special Ripstop material reinforcement on crash zones.,,"EN 17092, protective garments for motorcyclists. Connecting zip. 3M Scotchlite™ reflectors.",,Available in multiple sizes. Check the size guide before ordering.,Held Carese Evo GTX Textile Jacket — a textile Jacket built to the specifications listed above.,true,draft,https://cdn.shopify.com/s/files/1/0076/8301/4754/products/062140-00-001-01.jpg?v=1652871142|role:hero || https://cdn.shopify.com/s/files/1/0076/8301/4754/products/062140-00-001-02.jpg?v=1652871142|role:construction detail || https://cdn.shopify.com/s/files/1/0076/8301/4754/products/062140-00-072-01.jpg?v=1652871140|role:side profile,3,false,/products/held-carese-evo-gtx-textile-jacket,/products/held-carese-evo-gtx-textile-jacket
held-dover-textile-pants,held-dover-textile-pants,Held Dover Textile Pants,Held Dover Textile Pants,held-dover-textile-pants,Sport touring pants • Art. 6565. • Lining. • breathable mesh lining (100% polyester). • Removable thermal lining (100% polyester). Available in multiple sizes and/or colours — select your variant.,"<b>Sport touring pants</b>
<li>Art. 6565</li>
<li>Lining</li>
<ul>
<li>breathable mesh lining (100% polyester)</li>
<li>Removable thermal lining (100% polyester)</li>
</ul>
<b>Membrane</b>
<ul>
<li>Z-Liner protective foil membrane, waterproof, windproof and breathable (100% polyester with 100% polyurethane coating)</li>
</ul>
<b>Comfort / Features</b>
<ul>
<li>2 outside pockets</li>
<li>Venting zips</li>
<li>Buttons at waist for fixing the suspender Art. 3057</li>
<li>Special stretch panels in crutch and calves</li>
<li>Waist belt</li>
<li>Stretch panels at back and knees</li>
<li>PITTARDS® special anti-slip leather seat patch for secure fit</li>
</ul>
<b>Security</b>
<ul>
<li>Height adjustable soft protectors at knee, certified according to EN 1621-1</li>
<li>retrofit hip protectors certified to EN 1621-1</li>
<li>Connecting zip</li>
<li>Reinforcements abrasion fabric at the knee (100% polyamide)</li>
<li>Reflective inserts</li>
<li>Colors</li>
<li>black 0</li>
<li>black and white 14</li>
</ul>","Sport touring pants
• Art. 6565

• Lining

• breathable mesh lining (100% polyester)

• Removable thermal lining (100% polyester)

Membrane

• Z-Liner protective foil membrane, waterproof, windproof and breathable (100% polyester with 100% polyurethane coating)

Comfort / Features

• 2 outside pockets

• Venting zips

• Buttons at waist for fixing the suspender Art. 3057

• Special stretch panels in crutch and calves

• Waist belt

• Stretch panels at back and knees

• PITTARDS® special anti-slip leather seat patch for secure fit

Security

• Height adjustable soft protectors at knee, certified according to EN 1621-1

• retrofit hip protectors certified to EN 1621-1

• Connecting zip

• Reinforcements abrasion fabric at the knee (100% polyamide)

• Reflective inserts

• Colors

• black 0

• black and white 14",36000,,2026-07-26,active,Held,6000,g,Buy Held Dover Textile Pants | Mile 27 Store,Sport touring pants Art. 6565. Lining. breathable mesh lining (100% polyester). Removable thermal lining (100% polyester).,Art. 6565 | Lining | breathable mesh lining (100% polyester) | Removable thermal lining (100% polyester),Cleaned noise; brand verified,High,false,Riding Gear > Riding Pants > Textile Pants,High,"Refined by title keyword: ""\b(textile\s+pants|touring\s+pants)\b""",held-dover-textile-pants-1|Size:XS:Colour:Black|price:36000.00|compare:|weight:6000|barcode:|qty:0 | held-dover-textile-pants-2|Size:XS:Colour:Black/White|price:36000.00|compare:|weight:6000|barcode:|qty:0 | held-dover-textile-pants-3|Size:S:Colour:Black|price:36000.00|compare:|weight:6000|barcode:|qty:0 | held-dover-textile-pants-4|Size:S:Colour:Black/White|price:36000.00|compare:|weight:6000|barcode:|qty:0 | held-dover-textile-pants-5|Size:M:Colour:Black|price:36000.00|compare:|weight:6000|barcode:|qty:0 | held-dover-textile-pants-6|Size:M:Colour:Black/White|price:36000.00|compare:|weight:6000|barcode:|qty:0 | held-dover-textile-pants-7|Size:L:Colour:Black|price:36000.00|compare:|weight:6000|barcode:|qty:0 | held-dover-textile-pants-8|Size:L:Colour:Black/White|price:36000.00|compare:|weight:6000|barcode:|qty:0 | held-dover-textile-pants-9|Size:XL:Colour:Black|price:36000.00|compare:|weight:6000|barcode:|qty:0 | held-dover-textile-pants-10|Size:XL:Colour:Black/White|price:36000.00|compare:|weight:6000|barcode:|qty:0 | held-dover-textile-pants-11|Size:XXL:Colour:Black|price:36000.00|compare:|weight:6000|barcode:|qty:0 | held-dover-textile-pants-12|Size:XXL:Colour:Black/White|price:36000.00|compare:|weight:6000|barcode:|qty:0 | held-dover-textile-pants-13|Size:XXXL:Colour:Black|price:36000.00|compare:|weight:6000|barcode:|qty:0 | held-dover-textile-pants-14|Size:XXXL:Colour:Black/White|price:36000.00|compare:|weight:6000|barcode:|qty:0,"held-dover-textile-pants-1,held-dover-textile-pants-2,held-dover-textile-pants-3,held-dover-textile-pants-4,held-dover-textile-pants-5,held-dover-textile-pants-6,held-dover-textile-pants-7,held-dover-textile-pants-8,held-dover-textile-pants-9,held-dover-textile-pants-10,held-dover-textile-pants-11,held-dover-textile-pants-12,held-dover-textile-pants-13,held-dover-textile-pants-14",14,https://cdn.shopify.com/s/files/1/0076/8301/4754/products/6565_01_x.jpg?v=1652870795|pos:1|alt:Held Held Dover Textile Pants – front view || https://cdn.shopify.com/s/files/1/0076/8301/4754/products/6565_14_x.jpg?v=1652870795|pos:2|alt:Held Held Dover Textile Pants – side view || https://cdn.shopify.com/s/files/1/0076/8301/4754/products/6565_14_x_rueckseite.jpg?v=1652870794|pos:3|alt:Held Held Dover Textile Pants – rear view,3,Held Held Dover Textile Pants – front view | Held Held Dover Textile Pants – side view | Held Held Dover Textile Pants – rear view,,0,Held Dover Textile Pants,Held Dover Textile Pants. Sport touring pants • Art. 6565.,breathable mesh lining (100% polyester).,,Art. 6565. Lining. Removable thermal lining (100% polyester).,,Available in multiple sizes. Check the size guide before ordering.,Held Dover Textile Pants — a textile Pant built to the specifications listed above.,true,draft,https://cdn.shopify.com/s/files/1/0076/8301/4754/products/6565_01_x.jpg?v=1652870795|role:hero || https://cdn.shopify.com/s/files/1/0076/8301/4754/products/6565_14_x.jpg?v=1652870795|role:construction detail || https://cdn.shopify.com/s/files/1/0076/8301/4754/products/6565_14_x_rueckseite.jpg?v=1652870794|role:side profile,3,false,/products/held-dover-textile-pants,/products/held-dover-textile-pants
held-torno-evo-gtx-textile-pants,held-torno-evo-gtx-textile-pants,Held Torno Evo GTX Textile Pants,Held Torno Evo GTX Textile Pants,held-torno-evo-gtx-textile-pants,"The new Torno Evo motorcycle textile pants by Held is exactly the right companion for your next adventure! In addition to high functionality and breathability,… • EN 17092, protective garments for motorcyclists. • Connecting zip. • Special Ripstop material reinforcement on crash zones. • Material reinforcment in critical areas. Available in multiple sizes and/or colours — select your variant.","The new Torno Evo motorcycle textile pants by Held is exactly the right companion for your next adventure! In addition to high functionality and breathability, it also impresses with safety and comfort.<br><br>
<strong>Features:</strong>
<ul>
<li>EN 17092, protective garments for motorcyclists</li>
<li>Connecting zip</li>
<li>Special Ripstop material reinforcement on crash zones</li>
<li>Material reinforcment in critical areas</li>
<li>3M Scotchlite™ reflectors</li>
<li>Pockets can be opened and used as airvent</li>
<li>Stretch panels at knees</li>
<li>Special stretch material in crotch</li>
<li>Self-regulating hip adjustment</li>
<li>Zips &amp; velcro at ankles</li>
<li>Button fixtures for optional braces (art. 3057)</li>
<li>Kangaroo leather anti-slip seat patch</li>
<li>High waisted with adjustable velcro flaps</li>
<li>Held Clip-in Technology</li>
<li>H.P.A System (Held protector adjustment) at knee</li>
<li>Double leg adjustment</li>
<li>Air-vent zippers</li>
<li>Anti-slip pad in knee area for extra grip</li>
<li>4 external pockets</li>
<li>Reflecting print</li>
<li>Removable GORE-TEX 3-layer technology liner</li>
<li>GORE super stretch panel at waist</li>
<li>Membrane can be used attached inside, over the pants or as a stand alone rain pant</li>
<li>Breathable 37,5® inner lining</li>
<li>DuPont® Cordura 500D</li>
<li>GORE-TEX Membrane (ePTFE)</li>
</ul>
<strong>Specifications:</strong>
<u>Protectors:</u>
<ul>
<li>Pocket for optional Held cloverleaf SAS-TEC® coccyx protector, art. 9315 (Protector not included)</li>
<li>Revolutionary EN 1621-1:2012 D3O® T5 EvoProX adaptive knee protection</li>
<li>EN 1621-1:2012 approved D3O protection on hips</li>
</ul>
<h3>ADDITIONAL PRODUCT INFORMATION</h3>
<div>
<table class=""UserAttributes"">
<tbody>
<tr>
<td class=""AttributeLabel VerticalAlignMiddle"">Material</td>
<td class=""AttributeContent"">Upper material 1: 100% polyamide; Upper material 2: 92% polyamide, 8% elastane; Trim: 100% kangaroo leather; Lining 1: 100% polyester; Lining 2: 80% polyester, 20% elastane; removable lining 1: 100% polyamide; removable lining 2: 44% polyester, 37% polymide, 19% elastane;membrane: 100% polytetrafluoroethylene (Contains non-textile parts of animal origin)</td>
</tr>
</tbody>
</table>
</div>","The new Torno Evo motorcycle textile pants by Held is exactly the right companion for your next adventure! In addition to high functionality and breathability, it also impresses with safety and comfort.

Features:

• EN 17092, protective garments for motorcyclists

• Connecting zip

• Special Ripstop material reinforcement on crash zones

• Material reinforcment in critical areas

• 3M Scotchlite™ reflectors

• Pockets can be opened and used as airvent

• Stretch panels at knees

• Special stretch material in crotch

• Self-regulating hip adjustment

• Zips & velcro at ankles

• Button fixtures for optional braces (art. 3057)

• Kangaroo leather anti-slip seat patch

• High waisted with adjustable velcro flaps

• Held Clip-in Technology

• H.P.A System (Held protector adjustment) at knee

• Double leg adjustment

• Air-vent zippers

• Anti-slip pad in knee area for extra grip

• 4 external pockets

• Reflecting print

• Removable GORE-TEX 3-layer technology liner

• GORE super stretch panel at waist

• Membrane can be used attached inside, over the pants or as a stand alone rain pant

• Breathable 37,5® inner lining

• DuPont® Cordura 500D

• GORE-TEX Membrane (ePTFE)

Specifications:
Protectors:

• Pocket for optional Held cloverleaf SAS-TEC® coccyx protector, art. 9315 (Protector not included)

• Revolutionary EN 1621-1:2012 D3O® T5 EvoProX adaptive knee protection

• EN 1621-1:2012 approved D3O protection on hips

ADDITIONAL PRODUCT INFORMATION

Material | 
Upper material 1: 100% polyamide; Upper material 2: 92% polyamide, 8% elastane; Trim: 100% kangaroo leather; Lining 1: 100% polyester; Lining 2: 80% polyester, 20% elastane; removable lining 1: 100% polyamide; removable lining 2: 44% polyester, 37% polymide, 19% elastane;membrane: 100% polytetrafluoroethylene (Contains non-textile parts of animal origin) |",77000,,2026-07-26,active,Held,6000,g,Buy Held Torno Evo GTX Textile Pants | Mile 27 Store,The new Torno Evo motorcycle textile pants by Held is exactly the right companion for your next adventure! In addition to high functionality and…,"EN 17092, protective garments for motorcyclists | Connecting zip | Special Ripstop material reinforcement on crash zones | Material reinforcment in critical areas",Cleaned noise; brand verified,High,false,Riding Gear > Riding Pants > Textile Pants,High,"Refined by title keyword: ""\b(textile\s+pants|touring\s+pants)\b""",held-torno-evo-gtx-textile-pants-1|Size:S:Colour:Black|price:77000.00|compare:|weight:6000|barcode:|qty:0 | held-torno-evo-gtx-textile-pants-2|Size:S:Colour:Grey/Red|price:77000.00|compare:|weight:6000|barcode:|qty:0 | held-torno-evo-gtx-textile-pants-3|Size:M:Colour:Black|price:77000.00|compare:|weight:6000|barcode:|qty:0 | held-torno-evo-gtx-textile-pants-4|Size:M:Colour:Grey/Red|price:77000.00|compare:|weight:6000|barcode:|qty:0 | held-torno-evo-gtx-textile-pants-5|Size:L:Colour:Black|price:77000.00|compare:|weight:6000|barcode:|qty:0 | held-torno-evo-gtx-textile-pants-6|Size:L:Colour:Grey/Red|price:77000.00|compare:|weight:6000|barcode:|qty:0 | held-torno-evo-gtx-textile-pants-7|Size:XL:Colour:Black|price:77000.00|compare:|weight:6000|barcode:|qty:0 | held-torno-evo-gtx-textile-pants-8|Size:XL:Colour:Grey/Red|price:77000.00|compare:|weight:6000|barcode:|qty:0 | held-torno-evo-gtx-textile-pants-9|Size:2XL:Colour:Black|price:77000.00|compare:|weight:6000|barcode:|qty:0 | held-torno-evo-gtx-textile-pants-10|Size:2XL:Colour:Grey/Red|price:77000.00|compare:|weight:6000|barcode:|qty:0 | held-torno-evo-gtx-textile-pants-11|Size:3XL:Colour:Black|price:77000.00|compare:|weight:6000|barcode:|qty:0 | held-torno-evo-gtx-textile-pants-12|Size:3XL:Colour:Grey/Red|price:77000.00|compare:|weight:6000|barcode:|qty:0 | held-torno-evo-gtx-textile-pants-13|Size:4XL:Colour:Black|price:77000.00|compare:|weight:6000|barcode:|qty:0 | held-torno-evo-gtx-textile-pants-14|Size:4XL:Colour:Grey/Red|price:77000.00|compare:|weight:6000|barcode:|qty:0 | held-torno-evo-gtx-textile-pants-15|Size:5XL:Colour:Black|price:77000.00|compare:|weight:6000|barcode:|qty:0 | held-torno-evo-gtx-textile-pants-16|Size:5XL:Colour:Grey/Red|price:77000.00|compare:|weight:6000|barcode:|qty:0,"held-torno-evo-gtx-textile-pants-1,held-torno-evo-gtx-textile-pants-2,held-torno-evo-gtx-textile-pants-3,held-torno-evo-gtx-textile-pants-4,held-torno-evo-gtx-textile-pants-5,held-torno-evo-gtx-textile-pants-6,held-torno-evo-gtx-textile-pants-7,held-torno-evo-gtx-textile-pants-8,held-torno-evo-gtx-textile-pants-9,held-torno-evo-gtx-textile-pants-10,held-torno-evo-gtx-textile-pants-11,held-torno-evo-gtx-textile-pants-12,held-torno-evo-gtx-textile-pants-13,held-torno-evo-gtx-textile-pants-14,held-torno-evo-gtx-textile-pants-15,held-torno-evo-gtx-textile-pants-16",16,https://cdn.shopify.com/s/files/1/0076/8301/4754/products/062160-00-001-01.jpg?v=1652870298|pos:1|alt:Held Held Torno Evo GTX Textile Pants – front view || https://cdn.shopify.com/s/files/1/0076/8301/4754/products/062160-00-001-02.jpg?v=1652870298|pos:2|alt:Held Held Torno Evo GTX Textile Pants – side view || https://cdn.shopify.com/s/files/1/0076/8301/4754/products/062160-00-072-01.jpg?v=1652870298|pos:3|alt:Held Held Torno Evo GTX Textile Pants – rear view || https://cdn.shopify.com/s/files/1/0076/8301/4754/products/062160-00-072-02.jpg?v=1652870298|pos:4|alt:Held Held Torno Evo GTX Textile Pants – detail view,4,Held Held Torno Evo GTX Textile Pants – front view | Held Held Torno Evo GTX Textile Pants – side view | Held Held Torno Evo GTX Textile Pants – rear view | Held Held Torno Evo GTX Textile Pants – detail view,,0,Held Torno Evo GTX Textile Pants,Held Torno Evo GTX Textile Pants. The new Torno Evo motorcycle textile pants by Held is exactly the right companion for your next adventure! In addition to high functionality and.,Special Ripstop material reinforcement on crash zones. Material reinforcment in critical areas.,,"EN 17092, protective garments for motorcyclists. Connecting zip.",,Available in multiple sizes. Check the size guide before ordering.,Held Torno Evo GTX Textile Pants — a textile Pant built to the specifications listed above.,true,draft,https://cdn.shopify.com/s/files/1/0076/8301/4754/products/062160-00-001-01.jpg?v=1652870298|role:hero || https://cdn.shopify.com/s/files/1/0076/8301/4754/products/062160-00-001-02.jpg?v=1652870298|role:construction detail || https://cdn.shopify.com/s/files/1/0076/8301/4754/products/062160-00-072-01.jpg?v=1652870298|role:side profile,3,false,/products/held-torno-evo-gtx-textile-pants,/products/held-torno-evo-gtx-textile-pants
held-sarai-ii-textile-pants,held-sarai-ii-textile-pants,Held Sarai II Textile Pants,Held Sarai II Textile Pants,held-sarai-ii-textile-pants,"The new Sarai II motorcycle textile pants by Held is exactly the right companion for your next adventure! In addition to high functionality and breathability,… • EN 17092, protective garments for motorcyclists. • Connecting zip. • Reflective sections. • Stretch panels at crotch. Available in multiple sizes and/or colours — select your variant.","The new Sarai II motorcycle textile pants by Held is exactly the right companion for your next adventure! In addition to high functionality and breathability, it also impresses with safety and comfort.<br><br>
<strong>Features:</strong>
<ul>
<li>EN 17092, protective garments for motorcyclists</li>
<li>Connecting zip</li>
<li>Reflective sections</li>
<li>Stretch panels at crotch</li>
<li>Stretch panels at knees</li>
<li>Button fixtures for optional braces (art. 3057) (Braces not included)</li>
<li>Held Clip-in Technology</li>
<li>Air-vent zippers</li>
<li>Anti-slip seat patch for better comfort and control</li>
<li>2 external pockets</li>
<li>REISSA® Z-liner: waterproof, windproof &amp; breathable</li>
<li>Detachable thermal liner</li>
<li>Mesh lining</li>
<li>Airguard 500D</li>
</ul>
<strong>Specifications:</strong>
<u>Protectors:</u>
<ul>
<li>Optional hip protectors EN 1621-1:2012 (Protectors not included)</li>
<li>EN 1621-1:2012 height-adjustable soft protectors at knees</li>
</ul>
<h3>ADDITIONAL PRODUCT INFORMATION</h3>
<div>
<table class=""UserAttributes"">
<tbody>
<tr>
<td class=""AttributeLabel VerticalAlignMiddle"">Material</td>
<td class=""AttributeContent"">Shell: 100% polyamide; Lining: 100% polyester; Removable lining: 100% polyester</td>
</tr>
</tbody>
</table>
</div>","The new Sarai II motorcycle textile pants by Held is exactly the right companion for your next adventure! In addition to high functionality and breathability, it also impresses with safety and comfort.

Features:

• EN 17092, protective garments for motorcyclists

• Connecting zip

• Reflective sections

• Stretch panels at crotch

• Stretch panels at knees

• Button fixtures for optional braces (art. 3057) (Braces not included)

• Held Clip-in Technology

• Air-vent zippers

• Anti-slip seat patch for better comfort and control

• 2 external pockets

• REISSA® Z-liner: waterproof, windproof & breathable

• Detachable thermal liner

• Mesh lining

• Airguard 500D

Specifications:
Protectors:

• Optional hip protectors EN 1621-1:2012 (Protectors not included)

• EN 1621-1:2012 height-adjustable soft protectors at knees

ADDITIONAL PRODUCT INFORMATION

Material | 
Shell: 100% polyamide; Lining: 100% polyester; Removable lining: 100% polyester |",27000,,2026-07-26,active,Held,6000,g,Buy Held Sarai II Textile Pants | Mile 27 Store,The new Sarai II motorcycle textile pants by Held is exactly the right companion for your next adventure! In addition to high functionality and…,"EN 17092, protective garments for motorcyclists | Connecting zip | Reflective sections | Stretch panels at crotch",Cleaned noise; brand verified,High,false,Riding Gear > Riding Pants > Textile Pants,High,"Refined by title keyword: ""\b(textile\s+pants|touring\s+pants)\b""",held-sarai-ii-textile-pants-1|Size:S|price:27000.00|compare:|weight:6000|barcode:|qty:0 | held-sarai-ii-textile-pants-2|Size:M|price:27000.00|compare:|weight:6000|barcode:|qty:0 | held-sarai-ii-textile-pants-3|Size:L|price:27000.00|compare:|weight:6000|barcode:|qty:0 | held-sarai-ii-textile-pants-4|Size:XL|price:27000.00|compare:|weight:6000|barcode:|qty:0 | held-sarai-ii-textile-pants-5|Size:2XL|price:27000.00|compare:|weight:6000|barcode:|qty:0 | held-sarai-ii-textile-pants-6|Size:3XL|price:27000.00|compare:|weight:6000|barcode:|qty:0 | held-sarai-ii-textile-pants-7|Size:4XL|price:27000.00|compare:|weight:6000|barcode:|qty:0 | held-sarai-ii-textile-pants-8|Size:5XL|price:27000.00|compare:|weight:6000|barcode:|qty:0,"held-sarai-ii-textile-pants-1,held-sarai-ii-textile-pants-2,held-sarai-ii-textile-pants-3,held-sarai-ii-textile-pants-4,held-sarai-ii-textile-pants-5,held-sarai-ii-textile-pants-6,held-sarai-ii-textile-pants-7,held-sarai-ii-textile-pants-8",8,https://cdn.shopify.com/s/files/1/0076/8301/4754/products/062151-00-001-01.jpg?v=1652868940|pos:1|alt:Held Held Sarai II Textile Pants – front view || https://cdn.shopify.com/s/files/1/0076/8301/4754/products/062151-00-001-02.jpg?v=1652868938|pos:2|alt:Held Held Sarai II Textile Pants – side view,2,Held Held Sarai II Textile Pants – front view | Held Held Sarai II Textile Pants – side view,,0,Held Sarai II Textile Pants,Held Sarai II Textile Pants. The new Sarai II motorcycle textile pants by Held is exactly the right companion for your next adventure! In addition to high functionality and.,,,"EN 17092, protective garments for motorcyclists. Connecting zip. Reflective sections. Stretch panels at crotch.",,Available in multiple sizes. Check the size guide before ordering.,Held Sarai II Textile Pants — a textile Pant built to the specifications listed above.,true,draft,https://cdn.shopify.com/s/files/1/0076/8301/4754/products/062151-00-001-01.jpg?v=1652868940|role:hero || https://cdn.shopify.com/s/files/1/0076/8301/4754/products/062151-00-001-02.jpg?v=1652868938|role:construction detail,2,false,/products/held-sarai-ii-textile-pants,/products/held-sarai-ii-textile-pants
held-hakuna-ii-textile-jacket,held-hakuna-ii-textile-jacket,Held Hakuna II Textile Jacket,Held Hakuna II Textile Jacket,held-hakuna-ii-textile-jacket,"Outer shell • DuPont® Cordura 500 D. • COOLMAX® breathable mesh inner lining. • Membrane. • removable waterproof, windproof & breathable liner. Available in multiple sizes and/or colours — select your variant.","<b>Outer shell</b>
<ul>
<li>DuPont® Cordura 500 D</li>
</ul>
<b>Lining</b>
<ul>
<li>COOLMAX® breathable mesh inner lining</li>
<li>Membrane</li>
<li>removable waterproof, windproof &amp; breathable liner</li>
</ul>
<b>Fit/features</b>
<ul>
<li>4 external pockets</li>
<li>3 inner pockets</li>
<li>map / document pocket</li>
<li>internal cellphone pocket</li>
<li>1 back pocket</li>
<li>zip-off panels on breast</li>
<li>zips also adjust ventilation</li>
<li>air-vent zippers in front, back &amp; arms</li>
<li>dual arm adjustment</li>
<li>waist belt</li>
<li>soft collar</li>
<li>Held Clip-in Technology</li>
</ul>
<b>Protection</b>
<ul>
<li>EN 1621-1 CE-approved SAS-TEC® 3D shoulder &amp; elbow protectors</li>
<li>optional EN 1621-2 back protector</li>
<li>Velcro for optional chest protector</li>
<li>reflective sections</li>
<li>Connecting zip</li>
</ul>
<h3>ADDITIONAL PRODUCT INFORMATION</h3>
<div>
<table class=""UserAttributes"">
<tbody>
<tr>
<td class=""AttributeLabel VerticalAlignMiddle"">Material</td>
<td class=""AttributeContent"">100% Polyamid</td>
</tr>
</tbody>
</table>
</div>","Outer shell

• DuPont® Cordura 500 D

Lining

• COOLMAX® breathable mesh inner lining

• Membrane

• removable waterproof, windproof & breathable liner

Fit/features

• 4 external pockets

• 3 inner pockets

• map / document pocket

• internal cellphone pocket

• 1 back pocket

• zip-off panels on breast

• zips also adjust ventilation

• air-vent zippers in front, back & arms

• dual arm adjustment

• waist belt

• soft collar

• Held Clip-in Technology

Protection

• EN 1621-1 CE-approved SAS-TEC® 3D shoulder & elbow protectors

• optional EN 1621-2 back protector

• Velcro for optional chest protector

• reflective sections

• Connecting zip

ADDITIONAL PRODUCT INFORMATION

Material | 
100% Polyamid |",57000,,2026-07-26,active,Held,6000,g,Buy Held Hakuna II Textile Jacket | Mile 27 Store,"Outer shell DuPont® Cordura 500 D. COOLMAX® breathable mesh inner lining. Membrane. removable waterproof, windproof & breathable liner.","DuPont® Cordura 500 D | COOLMAX® breathable mesh inner lining | Membrane | removable waterproof, windproof & breathable liner",Cleaned noise; brand verified,High,false,Riding Gear > Riding Jackets > Textile Jackets,High,"Refined by title keyword: ""\b(textile\s+jacket|touring\s+jacket|adventure\s+jacket)\b""",held-hakuna-ii-textile-jacket-1|Size:S:Colour:Black/Grey|price:57000.00|compare:|weight:6000|barcode:|qty:0 | held-hakuna-ii-textile-jacket-2|Size:S:Colour:Grey/Black|price:57000.00|compare:|weight:6000|barcode:|qty:0 | held-hakuna-ii-textile-jacket-3|Size:S:Colour:Grey/Orange|price:57000.00|compare:|weight:6000|barcode:|qty:0 | held-hakuna-ii-textile-jacket-4|Size:S:Colour:Grey/Blue|price:57000.00|compare:|weight:6000|barcode:|qty:0 | held-hakuna-ii-textile-jacket-5|Size:S:Colour:Khaki|price:57000.00|compare:|weight:6000|barcode:|qty:0 | held-hakuna-ii-textile-jacket-6|Size:M:Colour:Black/Grey|price:57000.00|compare:|weight:6000|barcode:|qty:0 | held-hakuna-ii-textile-jacket-7|Size:M:Colour:Grey/Black|price:57000.00|compare:|weight:6000|barcode:|qty:0 | held-hakuna-ii-textile-jacket-8|Size:M:Colour:Grey/Orange|price:57000.00|compare:|weight:6000|barcode:|qty:0 | held-hakuna-ii-textile-jacket-9|Size:M:Colour:Grey/Blue|price:57000.00|compare:|weight:6000|barcode:|qty:0 | held-hakuna-ii-textile-jacket-10|Size:M:Colour:Khaki|price:57000.00|compare:|weight:6000|barcode:|qty:0 | held-hakuna-ii-textile-jacket-11|Size:L:Colour:Black/Grey|price:57000.00|compare:|weight:6000|barcode:|qty:0 | held-hakuna-ii-textile-jacket-12|Size:L:Colour:Grey/Black|price:57000.00|compare:|weight:6000|barcode:|qty:0 | held-hakuna-ii-textile-jacket-13|Size:L:Colour:Grey/Orange|price:57000.00|compare:|weight:6000|barcode:|qty:0 | held-hakuna-ii-textile-jacket-14|Size:L:Colour:Grey/Blue|price:57000.00|compare:|weight:6000|barcode:|qty:0 | held-hakuna-ii-textile-jacket-15|Size:L:Colour:Khaki|price:57000.00|compare:|weight:6000|barcode:|qty:0 | held-hakuna-ii-textile-jacket-16|Size:XL:Colour:Black/Grey|price:57000.00|compare:|weight:6000|barcode:|qty:0 | held-hakuna-ii-textile-jacket-17|Size:XL:Colour:Grey/Black|price:57000.00|compare:|weight:6000|barcode:|qty:0 | held-hakuna-ii-textile-jacket-18|Size:XL:Colour:Grey/Orange|price:57000.00|compare:|weight:6000|barcode:|qty:0 | held-hakuna-ii-textile-jacket-19|Size:XL:Colour:Grey/Blue|price:57000.00|compare:|weight:6000|barcode:|qty:0 | held-hakuna-ii-textile-jacket-20|Size:XL:Colour:Khaki|price:57000.00|compare:|weight:6000|barcode:|qty:0 | held-hakuna-ii-textile-jacket-21|Size:2XL:Colour:Black/Grey|price:57000.00|compare:|weight:6000|barcode:|qty:0 | held-hakuna-ii-textile-jacket-22|Size:2XL:Colour:Grey/Black|price:57000.00|compare:|weight:6000|barcode:|qty:0 | held-hakuna-ii-textile-jacket-23|Size:2XL:Colour:Grey/Orange|price:57000.00|compare:|weight:6000|barcode:|qty:0 | held-hakuna-ii-textile-jacket-24|Size:2XL:Colour:Grey/Blue|price:57000.00|compare:|weight:6000|barcode:|qty:0 | held-hakuna-ii-textile-jacket-25|Size:2XL:Colour:Khaki|price:57000.00|compare:|weight:6000|barcode:|qty:0 | held-hakuna-ii-textile-jacket-26|Size:3XL:Colour:Black/Grey|price:57000.00|compare:|weight:6000|barcode:|qty:0 | held-hakuna-ii-textile-jacket-27|Size:3XL:Colour:Grey/Black|price:57000.00|compare:|weight:6000|barcode:|qty:0 | held-hakuna-ii-textile-jacket-28|Size:3XL:Colour:Grey/Orange|price:57000.00|compare:|weight:6000|barcode:|qty:0 | held-hakuna-ii-textile-jacket-29|Size:3XL:Colour:Grey/Blue|price:57000.00|compare:|weight:6000|barcode:|qty:0 | held-hakuna-ii-textile-jacket-30|Size:3XL:Colour:Khaki|price:57000.00|compare:|weight:6000|barcode:|qty:0 | held-hakuna-ii-textile-jacket-31|Size:4XL:Colour:Black/Grey|price:57000.00|compare:|weight:6000|barcode:|qty:0 | held-hakuna-ii-textile-jacket-32|Size:4XL:Colour:Grey/Black|price:57000.00|compare:|weight:6000|barcode:|qty:0 | held-hakuna-ii-textile-jacket-33|Size:4XL:Colour:Grey/Orange|price:57000.00|compare:|weight:6000|barcode:|qty:0 | held-hakuna-ii-textile-jacket-34|Size:4XL:Colour:Grey/Blue|price:57000.00|compare:|weight:6000|barcode:|qty:0 | held-hakuna-ii-textile-jacket-35|Size:4XL:Colour:Khaki|price:57000.00|compare:|weight:6000|barcode:|qty:0 | held-hakuna-ii-textile-jacket-36|Size:5XL:Colour:Black/Grey|price:57000.00|compare:|weight:6000|barcode:|qty:0 | held-hakuna-ii-textile-jacket-37|Size:5XL:Colour:Grey/Black|price:57000.00|compare:|weight:6000|barcode:|qty:0 | held-hakuna-ii-textile-jacket-38|Size:5XL:Colour:Grey/Orange|price:57000.00|compare:|weight:6000|barcode:|qty:0 | held-hakuna-ii-textile-jacket-39|Size:5XL:Colour:Grey/Blue|price:57000.00|compare:|weight:6000|barcode:|qty:0 | held-hakuna-ii-textile-jacket-40|Size:5XL:Colour:Khaki|price:57000.00|compare:|weight:6000|barcode:|qty:0,"held-hakuna-ii-textile-jacket-1,held-hakuna-ii-textile-jacket-2,held-hakuna-ii-textile-jacket-3,held-hakuna-ii-textile-jacket-4,held-hakuna-ii-textile-jacket-5,held-hakuna-ii-textile-jacket-6,held-hakuna-ii-textile-jacket-7,held-hakuna-ii-textile-jacket-8,held-hakuna-ii-textile-jacket-9,held-hakuna-ii-textile-jacket-10,held-hakuna-ii-textile-jacket-11,held-hakuna-ii-textile-jacket-12,held-hakuna-ii-textile-jacket-13,held-hakuna-ii-textile-jacket-14,held-hakuna-ii-textile-jacket-15,held-hakuna-ii-textile-jacket-16,held-hakuna-ii-textile-jacket-17,held-hakuna-ii-textile-jacket-18,held-hakuna-ii-textile-jacket-19,held-hakuna-ii-textile-jacket-20,held-hakuna-ii-textile-jacket-21,held-hakuna-ii-textile-jacket-22,held-hakuna-ii-textile-jacket-23,held-hakuna-ii-textile-jacket-24,held-hakuna-ii-textile-jacket-25,held-hakuna-ii-textile-jacket-26,held-hakuna-ii-textile-jacket-27,held-hakuna-ii-textile-jacket-28,held-hakuna-ii-textile-jacket-29,held-hakuna-ii-textile-jacket-30,held-hakuna-ii-textile-jacket-31,held-hakuna-ii-textile-jacket-32,held-hakuna-ii-textile-jacket-33,held-hakuna-ii-textile-jacket-34,held-hakuna-ii-textile-jacket-35,held-hakuna-ii-textile-jacket-36,held-hakuna-ii-textile-jacket-37,held-hakuna-ii-textile-jacket-38,held-hakuna-ii-textile-jacket-39,held-hakuna-ii-textile-jacket-40",40,https://cdn.shopify.com/s/files/1/0076/8301/4754/products/6721_03_x_1.jpg?v=1652868376|pos:1|alt:Held Held Hakuna II Textile Jacket – front view || https://cdn.shopify.com/s/files/1/0076/8301/4754/products/6721_03_x_2.jpg?v=1652868376|pos:2|alt:Held Held Hakuna II Textile Jacket – side view || https://cdn.shopify.com/s/files/1/0076/8301/4754/products/6721_68_x_1.jpg?v=1652868377|pos:3|alt:Held Held Hakuna II Textile Jacket – rear view || https://cdn.shopify.com/s/files/1/0076/8301/4754/products/6721_68_x_2.jpg?v=1652868380|pos:4|alt:Held Held Hakuna II Textile Jacket – detail view || https://cdn.shopify.com/s/files/1/0076/8301/4754/products/6721_67_x_1.jpg?v=1652868377|pos:5|alt:Held Held Hakuna II Textile Jacket – top view || https://cdn.shopify.com/s/files/1/0076/8301/4754/products/6721_67_x_2.jpg?v=1652868376|pos:6|alt:Held Held Hakuna II Textile Jacket – product view || https://cdn.shopify.com/s/files/1/0076/8301/4754/products/6721_69_x_1.jpg?v=1652868376|pos:7|alt:Held Held Hakuna II Textile Jacket – product view || https://cdn.shopify.com/s/files/1/0076/8301/4754/products/6721_69_x_2.jpg?v=1652868376|pos:8|alt:Held Held Hakuna II Textile Jacket – product view || https://cdn.shopify.com/s/files/1/0076/8301/4754/products/006721-00-055-01.jpg?v=1652868377|pos:9|alt:Held Held Hakuna II Textile Jacket – product view || https://cdn.shopify.com/s/files/1/0076/8301/4754/products/006721-00-055-02.jpg?v=1652868379|pos:10|alt:Held Held Hakuna II Textile Jacket – product view,10,Held Held Hakuna II Textile Jacket – front view | Held Held Hakuna II Textile Jacket – side view | Held Held Hakuna II Textile Jacket – rear view | Held Held Hakuna II Textile Jacket – detail view | Held Held Hakuna II Textile Jacket – top view | Held Held Hakuna II Textile Jacket – product view,,0,Held Hakuna II Textile Jacket,Held Hakuna II Textile Jacket. Outer shell • DuPont® Cordura 500 D.,COOLMAX® breathable mesh inner lining.,"removable waterproof, windproof & breathable liner.",DuPont® Cordura 500 D. Membrane.,,Available in multiple sizes. Check the size guide before ordering.,Held Hakuna II Textile Jacket — a textile Jacket built to the specifications listed above.,true,draft,https://cdn.shopify.com/s/files/1/0076/8301/4754/products/6721_03_x_1.jpg?v=1652868376|role:hero || https://cdn.shopify.com/s/files/1/0076/8301/4754/products/6721_03_x_2.jpg?v=1652868376|role:construction detail || https://cdn.shopify.com/s/files/1/0076/8301/4754/products/6721_68_x_1.jpg?v=1652868377|role:side profile,3,false,/products/held-hakuna-ii-textile-jacket,/products/held-hakuna-ii-textile-jacket
held-4-touring-ii-textile-jacket,held-4-touring-ii-textile-jacket,Held 4-Touring II Textile Jacket,Held 4-Touring II Textile Jacket,held-4-touring-ii-textile-jacket,"The further developed version of the popular 4-Touring motorcycle textile jacket from Held. Thanks to Airguard 500 D outer material and wind- and waterproof Reissa… • REISSA®-Z-Liner, water-/windproof, breathable. • removable inner lining. • breathable mesh lining. • AIRGUARD 500 D. Available in multiple sizes and/or colours — select your variant.","The further developed version of the popular 4-Touring motorcycle textile jacket from Held. Thanks to Airguard 500 D outer material and wind- and waterproof Reissa Z-Liner, you are optimally protected in any weather and do not have to do without refreshing ventilation.<br><br>
<strong>Features:</strong>
<ul>
<li>REISSA®-Z-Liner, water-/windproof, breathable</li>
<li>removable inner lining</li>
<li>breathable mesh lining</li>
<li>AIRGUARD 500 D</li>
<li>Reflective inserts</li>
<li>Connecting zipper</li>
<li>Waist belt</li>
<li>Stretch inserts on shoulders and elbows</li>
<li>Stretch on inner arm</li>
<li>Soft collar</li>
<li>upgradeable Held Light System (not included)</li>
<li>upgradeable Held Drinkbag (not included)</li>
<li>Held Clip-in Technology</li>
<li>cell phone pocket inside</li>
<li>front zipper also applicable as Held ACS (Air-Vent)</li>
<li>Ventilation zippers in front and back</li>
<li>Arm width adjustment</li>
<li>2 outside and 1 inside pocket, document pocket</li>
</ul>
<strong>Specifications:</strong>
<ul>
<li>EN 1621-1:2012 soft protectors on shoulders and elbows included.</li>
<li>Optional EN 1621-2:2014 back protector can be upgraded (not included)</li>
<li>Velcro for optional upgradeable two-piece chest protector (not included)</li>
<li>EN 17092, protective clothing for motorcyclists</li>
</ul>
<h3>ADDITIONAL PRODUCT INFORMATION</h3>
<div>
<table class=""UserAttributes"">
<tbody>
<tr>
<td class=""AttributeLabel VerticalAlignMiddle"">Material</td>
<td class=""AttributeContent"">Outer material: 100% Polyamide; Lining: 100% Polyester; Removable Lining: 100% Polyester; Membranes: 100% Polyester</td>
</tr>
</tbody>
</table>
</div>","The further developed version of the popular 4-Touring motorcycle textile jacket from Held. Thanks to Airguard 500 D outer material and wind- and waterproof Reissa Z-Liner, you are optimally protected in any weather and do not have to do without refreshing ventilation.

Features:

• REISSA®-Z-Liner, water-/windproof, breathable

• removable inner lining

• breathable mesh lining

• AIRGUARD 500 D

• Reflective inserts

• Connecting zipper

• Waist belt

• Stretch inserts on shoulders and elbows

• Stretch on inner arm

• Soft collar

• upgradeable Held Light System (not included)

• upgradeable Held Drinkbag (not included)

• Held Clip-in Technology

• cell phone pocket inside

• front zipper also applicable as Held ACS (Air-Vent)

• Ventilation zippers in front and back

• Arm width adjustment

• 2 outside and 1 inside pocket, document pocket

Specifications:

• EN 1621-1:2012 soft protectors on shoulders and elbows included.

• Optional EN 1621-2:2014 back protector can be upgraded (not included)

• Velcro for optional upgradeable two-piece chest protector (not included)

• EN 17092, protective clothing for motorcyclists

ADDITIONAL PRODUCT INFORMATION

Material | 
Outer material: 100% Polyamide; Lining: 100% Polyester; Removable Lining: 100% Polyester; Membranes: 100% Polyester |",37000,,2026-07-26,active,Held,6000,g,Buy Held 4-Touring II Textile Jacket | Mile 27 Store,The further developed version of the popular 4-Touring motorcycle textile jacket from Held. Thanks to Airguard 500 D outer material and wind- and…,"REISSA®-Z-Liner, water-/windproof, breathable | removable inner lining | breathable mesh lining | AIRGUARD 500 D",Cleaned noise; brand verified,High,false,Riding Gear > Riding Jackets > Textile Jackets,High,"Refined by title keyword: ""\b(textile\s+jacket|touring\s+jacket|adventure\s+jacket)\b""",held-4-touring-ii-textile-jacket-1|Size:S:Colour:Black/Grey|price:37000.00|compare:|weight:6000|barcode:|qty:0 | held-4-touring-ii-textile-jacket-2|Size:S:Colour:Black/Red|price:37000.00|compare:|weight:6000|barcode:|qty:0 | held-4-touring-ii-textile-jacket-3|Size:S:Colour:Black/White|price:37000.00|compare:|weight:6000|barcode:|qty:0 | held-4-touring-ii-textile-jacket-4|Size:S:Colour:Black/Yellow|price:37000.00|compare:|weight:6000|barcode:|qty:0 | held-4-touring-ii-textile-jacket-5|Size:M:Colour:Black/Grey|price:37000.00|compare:|weight:6000|barcode:|qty:0 | held-4-touring-ii-textile-jacket-6|Size:M:Colour:Black/Red|price:37000.00|compare:|weight:6000|barcode:|qty:0 | held-4-touring-ii-textile-jacket-7|Size:M:Colour:Black/White|price:37000.00|compare:|weight:6000|barcode:|qty:0 | held-4-touring-ii-textile-jacket-8|Size:M:Colour:Black/Yellow|price:37000.00|compare:|weight:6000|barcode:|qty:0 | held-4-touring-ii-textile-jacket-9|Size:L:Colour:Black/Grey|price:37000.00|compare:|weight:6000|barcode:|qty:0 | held-4-touring-ii-textile-jacket-10|Size:L:Colour:Black/Red|price:37000.00|compare:|weight:6000|barcode:|qty:0 | held-4-touring-ii-textile-jacket-11|Size:L:Colour:Black/White|price:37000.00|compare:|weight:6000|barcode:|qty:0 | held-4-touring-ii-textile-jacket-12|Size:L:Colour:Black/Yellow|price:37000.00|compare:|weight:6000|barcode:|qty:0 | held-4-touring-ii-textile-jacket-13|Size:XL:Colour:Black/Grey|price:37000.00|compare:|weight:6000|barcode:|qty:0 | held-4-touring-ii-textile-jacket-14|Size:XL:Colour:Black/Red|price:37000.00|compare:|weight:6000|barcode:|qty:0 | held-4-touring-ii-textile-jacket-15|Size:XL:Colour:Black/White|price:37000.00|compare:|weight:6000|barcode:|qty:0 | held-4-touring-ii-textile-jacket-16|Size:XL:Colour:Black/Yellow|price:37000.00|compare:|weight:6000|barcode:|qty:0 | held-4-touring-ii-textile-jacket-17|Size:2XL:Colour:Black/Grey|price:37000.00|compare:|weight:6000|barcode:|qty:0 | held-4-touring-ii-textile-jacket-18|Size:2XL:Colour:Black/Red|price:37000.00|compare:|weight:6000|barcode:|qty:0 | held-4-touring-ii-textile-jacket-19|Size:2XL:Colour:Black/White|price:37000.00|compare:|weight:6000|barcode:|qty:0 | held-4-touring-ii-textile-jacket-20|Size:2XL:Colour:Black/Yellow|price:37000.00|compare:|weight:6000|barcode:|qty:0 | held-4-touring-ii-textile-jacket-21|Size:3XL:Colour:Black/Grey|price:37000.00|compare:|weight:6000|barcode:|qty:0 | held-4-touring-ii-textile-jacket-22|Size:3XL:Colour:Black/Red|price:37000.00|compare:|weight:6000|barcode:|qty:0 | held-4-touring-ii-textile-jacket-23|Size:3XL:Colour:Black/White|price:37000.00|compare:|weight:6000|barcode:|qty:0 | held-4-touring-ii-textile-jacket-24|Size:3XL:Colour:Black/Yellow|price:37000.00|compare:|weight:6000|barcode:|qty:0 | held-4-touring-ii-textile-jacket-25|Size:4XL:Colour:Black/Grey|price:37000.00|compare:|weight:6000|barcode:|qty:0 | held-4-touring-ii-textile-jacket-26|Size:4XL:Colour:Black/Red|price:37000.00|compare:|weight:6000|barcode:|qty:0 | held-4-touring-ii-textile-jacket-27|Size:4XL:Colour:Black/White|price:37000.00|compare:|weight:6000|barcode:|qty:0 | held-4-touring-ii-textile-jacket-28|Size:4XL:Colour:Black/Yellow|price:37000.00|compare:|weight:6000|barcode:|qty:0 | held-4-touring-ii-textile-jacket-29|Size:5XL:Colour:Black/Grey|price:37000.00|compare:|weight:6000|barcode:|qty:0 | held-4-touring-ii-textile-jacket-30|Size:5XL:Colour:Black/Red|price:37000.00|compare:|weight:6000|barcode:|qty:0 | held-4-touring-ii-textile-jacket-31|Size:5XL:Colour:Black/White|price:37000.00|compare:|weight:6000|barcode:|qty:0 | held-4-touring-ii-textile-jacket-32|Size:5XL:Colour:Black/Yellow|price:37000.00|compare:|weight:6000|barcode:|qty:0,"held-4-touring-ii-textile-jacket-1,held-4-touring-ii-textile-jacket-2,held-4-touring-ii-textile-jacket-3,held-4-touring-ii-textile-jacket-4,held-4-touring-ii-textile-jacket-5,held-4-touring-ii-textile-jacket-6,held-4-touring-ii-textile-jacket-7,held-4-touring-ii-textile-jacket-8,held-4-touring-ii-textile-jacket-9,held-4-touring-ii-textile-jacket-10,held-4-touring-ii-textile-jacket-11,held-4-touring-ii-textile-jacket-12,held-4-touring-ii-textile-jacket-13,held-4-touring-ii-textile-jacket-14,held-4-touring-ii-textile-jacket-15,held-4-touring-ii-textile-jacket-16,held-4-touring-ii-textile-jacket-17,held-4-touring-ii-textile-jacket-18,held-4-touring-ii-textile-jacket-19,held-4-touring-ii-textile-jacket-20,held-4-touring-ii-textile-jacket-21,held-4-touring-ii-textile-jacket-22,held-4-touring-ii-textile-jacket-23,held-4-touring-ii-textile-jacket-24,held-4-touring-ii-textile-jacket-25,held-4-touring-ii-textile-jacket-26,held-4-touring-ii-textile-jacket-27,held-4-touring-ii-textile-jacket-28,held-4-touring-ii-textile-jacket-29,held-4-touring-ii-textile-jacket-30,held-4-touring-ii-textile-jacket-31,held-4-touring-ii-textile-jacket-32",32,https://cdn.shopify.com/s/files/1/0076/8301/4754/products/062121-00-001-01.jpg?v=1652865732|pos:1|alt:Held Held 4-Touring II Textile Jacket – front view || https://cdn.shopify.com/s/files/1/0076/8301/4754/products/062121-00-001-02.jpg?v=1652865733|pos:2|alt:Held Held 4-Touring II Textile Jacket – side view || https://cdn.shopify.com/s/files/1/0076/8301/4754/products/062121-00-002-01.jpg?v=1652865730|pos:3|alt:Held Held 4-Touring II Textile Jacket – rear view || https://cdn.shopify.com/s/files/1/0076/8301/4754/products/062121-00-002-02.jpg?v=1652865730|pos:4|alt:Held Held 4-Touring II Textile Jacket – detail view || https://cdn.shopify.com/s/files/1/0076/8301/4754/products/062121-00-019-01.jpg?v=1652865733|pos:5|alt:Held Held 4-Touring II Textile Jacket – top view || https://cdn.shopify.com/s/files/1/0076/8301/4754/products/062121-00-019-02.jpg?v=1652865730|pos:6|alt:Held Held 4-Touring II Textile Jacket – product view || https://cdn.shopify.com/s/files/1/0076/8301/4754/products/062121-00-058-01.jpg?v=1652865733|pos:7|alt:Held Held 4-Touring II Textile Jacket – product view || https://cdn.shopify.com/s/files/1/0076/8301/4754/products/062121-00-058-02.jpg?v=1652865732|pos:8|alt:Held Held 4-Touring II Textile Jacket – product view,8,Held Held 4-Touring II Textile Jacket – front view | Held Held 4-Touring II Textile Jacket – side view | Held Held 4-Touring II Textile Jacket – rear view | Held Held 4-Touring II Textile Jacket – detail view | Held Held 4-Touring II Textile Jacket – top view | Held Held 4-Touring II Textile Jacket – product view,use:touring,1,Held 4-Touring II Textile Jacket,Held 4-Touring II Textile Jacket. The further developed version of the popular 4-Touring motorcycle textile jacket from Held.,breathable mesh lining.,"REISSA®-Z-Liner, water-/windproof, breathable.",removable inner lining. AIRGUARD 500 D.,,Available in multiple sizes. Check the size guide before ordering.,Held 4-Touring II Textile Jacket — a textile Jacket built to the specifications listed above.,true,draft,https://cdn.shopify.com/s/files/1/0076/8301/4754/products/062121-00-001-01.jpg?v=1652865732|role:hero || https://cdn.shopify.com/s/files/1/0076/8301/4754/products/062121-00-001-02.jpg?v=1652865733|role:construction detail || https://cdn.shopify.com/s/files/1/0076/8301/4754/products/062121-00-002-01.jpg?v=1652865730|role:side profile,3,false,/products/held-4-touring-ii-textile-jacket,/products/held-4-touring-ii-textile-jacket
held-ricc-textile-pants,held-ricc-textile-pants,Held Ricc Textile Pants,Held Ricc Textile Pants,held-ricc-textile-pants,"Upper 1: 100% polyester Upper 2: 90% polyamide, 10% polyurethane Lining: 100% polyester Removable lining: 100% polyester | • Pocket for tailbone protection, for retrofitting with 4t SAS-TEC® 3-D protection made of visco-elastic soft foam. • Hip protectors, tested according to EN 1621-1, can be retrofitted. • Height-adjustable soft protectors on the knee, tested to EN 1621-1. • Connecting zip. Available in multiple sizes and/or colours — select your variant.","<strong>Security</strong><br>
<li>Pocket for tailbone protection, for retrofitting with 4t SAS-TEC® 3-D protection made of visco-elastic soft foam</li>
<li>Hip protectors, tested according to EN 1621-1, can be retrofitted</li>
<li>Height-adjustable soft protectors on the knee, tested to EN 1621-1</li>
<li>Connecting zip</li><br>
<strong>Comfort / features</strong>
<ul>
<li>Width adjustment on the waistband, thighs</li>
<li>Special stretch in crotch and calf</li>
<li>Buttons on the waistband for fixation of the suspenders</li>
<li>Hero clip-in technology</li>
<li>H.P.A system (Held protector adjustment) in the knee</li>
<li>Large stretch inserts on the knee and calf</li>
<li>Venting zips</li>
<li>Anti-slip tissue on the buttocks</li>
<li>1 outside pocket</li>
</ul>
<strong>Membrane</strong>
<ul>
<li>Wet protection membrane, waterproof, windproof and breathable in removable lining</li>
</ul>
<strong>Lining</strong>
<ul>
<li>Breathable mesh lining</li>
</ul>
<strong>Material</strong>
<ul>
<li>Material reinforcement on the knee made of 900D polyester fabric</li>
<li>HEROS® TEC fabric 500 D</li>
</ul>
<h3>ADDITIONAL PRODUCT INFORMATION</h3>
<div>
<table class=""UserAttributes"">
<tbody>
<tr>
<td class=""AttributeLabel VerticalAlignMiddle"">Material</td>
<td class=""AttributeContent"">Upper 1: 100% polyester Upper 2: 90% polyamide, 10% polyurethane Lining: 100% polyester Removable lining: 100% polyester</td>
</tr>
</tbody>
</table>
</div>","Security

• Pocket for tailbone protection, for retrofitting with 4t SAS-TEC® 3-D protection made of visco-elastic soft foam

• Hip protectors, tested according to EN 1621-1, can be retrofitted

• Height-adjustable soft protectors on the knee, tested to EN 1621-1

• Connecting zip

Comfort / features

• Width adjustment on the waistband, thighs

• Special stretch in crotch and calf

• Buttons on the waistband for fixation of the suspenders

• Hero clip-in technology

• H.P.A system (Held protector adjustment) in the knee

• Large stretch inserts on the knee and calf

• Venting zips

• Anti-slip tissue on the buttocks

• 1 outside pocket

Membrane

• Wet protection membrane, waterproof, windproof and breathable in removable lining

Lining

• Breathable mesh lining

Material

• Material reinforcement on the knee made of 900D polyester fabric

• HEROS® TEC fabric 500 D

ADDITIONAL PRODUCT INFORMATION

Material | 
Upper 1: 100% polyester Upper 2: 90% polyamide, 10% polyurethane Lining: 100% polyester Removable lining: 100% polyester |",24000,,2026-07-26,active,Held,6000,g,Buy Held Ricc Textile Pants | Mile 27 Store,"Upper 1: 100% polyester Upper 2: 90% polyamide, 10% polyurethane Lining: 100% polyester Removable lining: 100% polyester , Pocket for tailbone protection,…","Pocket for tailbone protection, for retrofitting with 4t SAS-TEC® 3-D protection made of visco-elastic soft foam | Hip protectors, tested according to EN 1621-1, can be retrofitted | Height-adjustable soft protectors on the knee, tested to EN 1621-1 | Connecting zip",Cleaned noise; brand verified,High,false,Riding Gear > Riding Pants > Textile Pants,High,"Refined by title keyword: ""\b(textile\s+pants|touring\s+pants)\b""",held-ricc-textile-pants-1|Size:XS|price:24000.00|compare:|weight:6000|barcode:|qty:0 | held-ricc-textile-pants-2|Size:S|price:24000.00|compare:|weight:6000|barcode:|qty:0 | held-ricc-textile-pants-3|Size:M|price:24000.00|compare:|weight:6000|barcode:|qty:0 | held-ricc-textile-pants-4|Size:L|price:24000.00|compare:|weight:6000|barcode:|qty:0 | held-ricc-textile-pants-5|Size:XL|price:24000.00|compare:|weight:6000|barcode:|qty:0 | held-ricc-textile-pants-6|Size:2XL|price:24000.00|compare:|weight:6000|barcode:|qty:0 | held-ricc-textile-pants-7|Size:3XL|price:24000.00|compare:|weight:6000|barcode:|qty:0 | held-ricc-textile-pants-8|Size:4XL|price:24000.00|compare:|weight:6000|barcode:|qty:0 | held-ricc-textile-pants-9|Size:5XL|price:24000.00|compare:|weight:6000|barcode:|qty:0,"held-ricc-textile-pants-1,held-ricc-textile-pants-2,held-ricc-textile-pants-3,held-ricc-textile-pants-4,held-ricc-textile-pants-5,held-ricc-textile-pants-6,held-ricc-textile-pants-7,held-ricc-textile-pants-8,held-ricc-textile-pants-9",9,https://cdn.shopify.com/s/files/1/0076/8301/4754/products/061952-00-001-01.jpg?v=1652865257|pos:1|alt:Held Held Ricc Textile Pants – front view || https://cdn.shopify.com/s/files/1/0076/8301/4754/products/061952-00-001-02.jpg?v=1652865257|pos:2|alt:Held Held Ricc Textile Pants – side view,2,Held Held Ricc Textile Pants – front view | Held Held Ricc Textile Pants – side view,,0,Held Ricc Textile Pants,"Held Ricc Textile Pants. Upper 1: 100% polyester Upper 2: 90% polyamide, 10% polyurethane Lining: 100% polyester Removable lining: 100% polyester | • Pocket for tailbone.",,,"Pocket for tailbone protection, for retrofitting with 4t SAS-TEC® 3-D protection made of visco-elastic soft foam. Hip protectors, tested according to EN 1621-1, can be retrofitted. Height-adjustable soft protectors on the knee, tested to EN 1621-1. Connecting zip.",,Available in multiple sizes. Check the size guide before ordering.,Held Ricc Textile Pants — a textile Pant built to the specifications listed above.,true,draft,https://cdn.shopify.com/s/files/1/0076/8301/4754/products/061952-00-001-01.jpg?v=1652865257|role:hero || https://cdn.shopify.com/s/files/1/0076/8301/4754/products/061952-00-001-02.jpg?v=1652865257|role:construction detail,2,false,/products/held-ricc-textile-pants,/products/held-ricc-textile-pants
held-sonic-textile-jacket,held-sonic-textile-jacket,Held Sonic Textile Jacket,Held Sonic Textile Jacket,held-sonic-textile-jacket,Outer 100% polyamide/ Lining 100% polyester | • Outer shell 400D Polyamide (100% polyamide). • Lining 3D air mesh panels (100% polyester) in back to promote air circulation. • breathable mesh inner lining (100% polyester). • 2 external pockets. Available in multiple sizes and/or colours — select your variant.,"
<b>Sonic Sport jacket</b>
<ul>
<li>Outer shell 400D Polyamide (100% polyamide)</li>
<li>Lining 3D air mesh panels (100% polyester) in back to promote air circulation</li>
<li>breathable mesh inner lining (100% polyester)</li>
</ul>
<b>Fit/features</b>
<ul>
<li>2 external pockets</li>
<li>1 inner pocket</li>
<li>internal cellphone pocket</li>
<li>front air-vent zipper</li>
<li>cool mesh material in front, back &amp; arms</li>
<li>stretch panels at shoulders &amp; elbows</li>
<li>arm adjustment</li>
<li>hip adjustment</li>
<li>soft collar</li>
</ul>
<b>Protection</b>
<ul>
<li>EN 1621-1 certified soft protectors at shoulders &amp; elbows</li>
<li>optional EN 1621-2 back protector</li>
<li>reflective sections</li>
<li>Connecting zip</li>
<li>Colors black  grey-black </li>
<li>Sizes S, M, L, XL, XXL, 3XL, 4XL, 5XL</li>
</ul>
<h3>ADDITIONAL PRODUCT INFORMATION</h3>
<div>
<table class=""UserAttributes"">
<tbody>
<tr>
<td class=""AttributeLabel VerticalAlignMiddle"">Material</td>
<td class=""AttributeContent"">Outer 100% polyamide/ Lining 100% polyester</td>
</tr>
</tbody>
</table>
</div>","Sonic Sport jacket

• Outer shell 400D Polyamide (100% polyamide)

• Lining 3D air mesh panels (100% polyester) in back to promote air circulation

• breathable mesh inner lining (100% polyester)

Fit/features

• 2 external pockets

• 1 inner pocket

• internal cellphone pocket

• front air-vent zipper

• cool mesh material in front, back & arms

• stretch panels at shoulders & elbows

• arm adjustment

• hip adjustment

• soft collar

Protection

• EN 1621-1 certified soft protectors at shoulders & elbows

• optional EN 1621-2 back protector

• reflective sections

• Connecting zip

• Colors black  grey-black 

• Sizes S, M, L, XL, XXL, 3XL, 4XL, 5XL

ADDITIONAL PRODUCT INFORMATION

Material | 
Outer 100% polyamide/ Lining 100% polyester |",24000,,2026-07-26,active,Held,6000,g,Buy Held Sonic Textile Jacket | Mile 27 Store,"Outer 100% polyamide/ Lining 100% polyester , Outer shell 400D Polyamide (100% polyamide). Lining 3D air mesh panels (100% polyester) in back to promote…",Outer shell 400D Polyamide (100% polyamide) | Lining 3D air mesh panels (100% polyester) in back to promote air circulation | breathable mesh inner lining (100% polyester) | 2 external pockets,Cleaned noise; brand verified,High,false,Riding Gear > Riding Jackets > Textile Jackets,High,"Refined by title keyword: ""\b(textile\s+jacket|touring\s+jacket|adventure\s+jacket)\b""",held-sonic-textile-jacket-1|Size:S:Colour:Black|price:24000.00|compare:|weight:6000|barcode:|qty:0 | held-sonic-textile-jacket-2|Size:S:Colour:Grey/Black|price:24000.00|compare:|weight:6000|barcode:|qty:0 | held-sonic-textile-jacket-3|Size:M:Colour:Black|price:24000.00|compare:|weight:6000|barcode:|qty:0 | held-sonic-textile-jacket-4|Size:M:Colour:Grey/Black|price:24000.00|compare:|weight:6000|barcode:|qty:0 | held-sonic-textile-jacket-5|Size:L:Colour:Black|price:24000.00|compare:|weight:6000|barcode:|qty:0 | held-sonic-textile-jacket-6|Size:L:Colour:Grey/Black|price:24000.00|compare:|weight:6000|barcode:|qty:0 | held-sonic-textile-jacket-7|Size:XL:Colour:Black|price:24000.00|compare:|weight:6000|barcode:|qty:0 | held-sonic-textile-jacket-8|Size:XL:Colour:Grey/Black|price:24000.00|compare:|weight:6000|barcode:|qty:0 | held-sonic-textile-jacket-9|Size:2XL:Colour:Black|price:24000.00|compare:|weight:6000|barcode:|qty:0 | held-sonic-textile-jacket-10|Size:2XL:Colour:Grey/Black|price:24000.00|compare:|weight:6000|barcode:|qty:0 | held-sonic-textile-jacket-11|Size:3XL:Colour:Black|price:24000.00|compare:|weight:6000|barcode:|qty:0 | held-sonic-textile-jacket-12|Size:3XL:Colour:Grey/Black|price:24000.00|compare:|weight:6000|barcode:|qty:0 | held-sonic-textile-jacket-13|Size:4XL:Colour:Black|price:24000.00|compare:|weight:6000|barcode:|qty:0 | held-sonic-textile-jacket-14|Size:4XL:Colour:Grey/Black|price:24000.00|compare:|weight:6000|barcode:|qty:0 | held-sonic-textile-jacket-15|Size:5XL:Colour:Black|price:24000.00|compare:|weight:6000|barcode:|qty:0 | held-sonic-textile-jacket-16|Size:5XL:Colour:Grey/Black|price:24000.00|compare:|weight:6000|barcode:|qty:0,"held-sonic-textile-jacket-1,held-sonic-textile-jacket-2,held-sonic-textile-jacket-3,held-sonic-textile-jacket-4,held-sonic-textile-jacket-5,held-sonic-textile-jacket-6,held-sonic-textile-jacket-7,held-sonic-textile-jacket-8,held-sonic-textile-jacket-9,held-sonic-textile-jacket-10,held-sonic-textile-jacket-11,held-sonic-textile-jacket-12,held-sonic-textile-jacket-13,held-sonic-textile-jacket-14,held-sonic-textile-jacket-15,held-sonic-textile-jacket-16",16,https://cdn.shopify.com/s/files/1/0076/8301/4754/products/Held-Sonic-Black-6637_01_x.jpg?v=1652864977|pos:1|alt:Held Held Sonic Textile Jacket – front view || https://cdn.shopify.com/s/files/1/0076/8301/4754/products/Held-Sonic-Tourenjacke-grey-black-1-6637_68_x.jpg?v=1652864977|pos:2|alt:Held Held Sonic Textile Jacket – side view || https://cdn.shopify.com/s/files/1/0076/8301/4754/products/Held-Sonic-Tourenjacke-grey-black-2-6637_68_x_rueckseite.jpg?v=1652864974|pos:3|alt:Held Held Sonic Textile Jacket – rear view,3,Held Held Sonic Textile Jacket – front view | Held Held Sonic Textile Jacket – side view | Held Held Sonic Textile Jacket – rear view,,0,Held Sonic Textile Jacket,Held Sonic Textile Jacket. Outer 100% polyamide/ Lining 100% polyester | • Outer shell 400D Polyamide (100% polyamide).,Outer shell 400D Polyamide (100% polyamide). Lining 3D air mesh panels (100% polyester) in back to promote air circulation. breathable mesh inner lining (100% polyester).,,2 external pockets.,,Available in multiple sizes. Check the size guide before ordering.,Held Sonic Textile Jacket — a textile Jacket built to the specifications listed above.,true,draft,https://cdn.shopify.com/s/files/1/0076/8301/4754/products/Held-Sonic-Black-6637_01_x.jpg?v=1652864977|role:hero || https://cdn.shopify.com/s/files/1/0076/8301/4754/products/Held-Sonic-Tourenjacke-grey-black-1-6637_68_x.jpg?v=1652864977|role:construction detail || https://cdn.shopify.com/s/files/1/0076/8301/4754/products/Held-Sonic-Tourenjacke-grey-black-2-6637_68_x_rueckseite.jpg?v=1652864974|role:side profile,3,false,/products/held-sonic-textile-jacket,/products/held-sonic-textile-jacket
held-vader-textile-pants,held-vader-textile-pants,Held Vader Textile Pants,Held Vader Textile Pants,held-vader-textile-pants,Vader Touring pants • Outer shell HEROS-TEC® 500D fabric (100% polyester). • 900D reinforced double layer polyester at knees. • Lining. • mesh lining (100% polyester). Available in multiple sizes and/or colours — select your variant.,"Vader Touring pants<br><br>
<li>Outer shell HEROS-TEC® 500D fabric (100% polyester)</li>
<li>900D reinforced double layer polyester at knees</li>
<li>Lining</li>
<li>mesh lining (100% polyester)</li>
<li>detachable thermal liner (100% polyester)</li>
<li>Membrane</li>
<li>HUMAX-Z-Liner® (100% polyester with 100% polyurethane coating): waterproof, windproof &amp; breathable</li>
<div>Fit/features</div>
<ul>
<li>3 external pockets</li>
<li>air-vent zippers</li>
<li>large stretch panels at knee and calf for optimal fit</li>
<li>button fixtures for optional braces (Art. 3057)</li>
<li>anti-slip seat patch for better comfort and control</li>
</ul>
<div>Protection</div>
<ul>
<li>optional hip protectors</li>
<li>EN 1621-1 height-adjustable soft protectors at knees</li>
<li>Connecting zip</li>
<li>Color <span>black </span>
</li>
</ul>
<h3>ADDITIONAL PRODUCT INFORMATION</h3>
<div>
<table class=""UserAttributes"">
<tbody>
<tr>
<td class=""AttributeLabel VerticalAlignMiddle"">Material</td>
<td class=""AttributeContent"">100% polyester</td>
</tr>
</tbody>
</table>
</div>","Vader Touring pants

• Outer shell HEROS-TEC® 500D fabric (100% polyester)

• 900D reinforced double layer polyester at knees

• Lining

• mesh lining (100% polyester)

• detachable thermal liner (100% polyester)

• Membrane

• HUMAX-Z-Liner® (100% polyester with 100% polyurethane coating): waterproof, windproof & breathable

Fit/features

• 3 external pockets

• air-vent zippers

• large stretch panels at knee and calf for optimal fit

• button fixtures for optional braces (Art. 3057)

• anti-slip seat patch for better comfort and control

Protection

• optional hip protectors

• EN 1621-1 height-adjustable soft protectors at knees

• Connecting zip

• Color black 

ADDITIONAL PRODUCT INFORMATION

Material | 
100% polyester |",20000,,2026-07-26,active,Held,6000,g,Buy Held Vader Textile Pants | Mile 27 Store,Vader Touring pants Outer shell HEROS-TEC® 500D fabric (100% polyester). 900D reinforced double layer polyester at knees. Lining. mesh lining (100%…,Outer shell HEROS-TEC® 500D fabric (100% polyester) | 900D reinforced double layer polyester at knees | Lining | mesh lining (100% polyester),Cleaned noise; brand verified,High,false,Riding Gear > Riding Pants > Textile Pants,High,"Refined by title keyword: ""\b(textile\s+pants|touring\s+pants)\b""",held-vader-textile-pants-1|Size:XS|price:20000.00|compare:|weight:6000|barcode:|qty:0 | held-vader-textile-pants-2|Size:S|price:20000.00|compare:|weight:6000|barcode:|qty:0 | held-vader-textile-pants-3|Size:M|price:20000.00|compare:|weight:6000|barcode:|qty:0 | held-vader-textile-pants-4|Size:L|price:20000.00|compare:|weight:6000|barcode:|qty:0 | held-vader-textile-pants-5|Size:XL|price:20000.00|compare:|weight:6000|barcode:|qty:0 | held-vader-textile-pants-6|Size:2XL|price:20000.00|compare:|weight:6000|barcode:|qty:0 | held-vader-textile-pants-7|Size:3XL|price:20000.00|compare:|weight:6000|barcode:|qty:0 | held-vader-textile-pants-8|Size:4XL|price:20000.00|compare:|weight:6000|barcode:|qty:0 | held-vader-textile-pants-9|Size:5XL|price:20000.00|compare:|weight:6000|barcode:|qty:0,"held-vader-textile-pants-1,held-vader-textile-pants-2,held-vader-textile-pants-3,held-vader-textile-pants-4,held-vader-textile-pants-5,held-vader-textile-pants-6,held-vader-textile-pants-7,held-vader-textile-pants-8,held-vader-textile-pants-9",9,https://cdn.shopify.com/s/files/1/0076/8301/4754/products/Held-Vader-1-6660_01_x.webp?v=1652864647|pos:1|alt:Held Held Vader Textile Pants – front view || https://cdn.shopify.com/s/files/1/0076/8301/4754/products/Held-Vader-2-6660_01_x_rueckseite.jpg?v=1652864648|pos:2|alt:Held Held Vader Textile Pants – side view,2,Held Held Vader Textile Pants – front view | Held Held Vader Textile Pants – side view,,0,Held Vader Textile Pants,Held Vader Textile Pants. Vader Touring pants • Outer shell HEROS-TEC® 500D fabric (100% polyester).,Outer shell HEROS-TEC® 500D fabric (100% polyester). mesh lining (100% polyester).,,900D reinforced double layer polyester at knees. Lining.,,Available in multiple sizes. Check the size guide before ordering.,Held Vader Textile Pants — a textile Pant built to the specifications listed above.,true,draft,https://cdn.shopify.com/s/files/1/0076/8301/4754/products/Held-Vader-1-6660_01_x.webp?v=1652864647|role:hero || https://cdn.shopify.com/s/files/1/0076/8301/4754/products/Held-Vader-2-6660_01_x_rueckseite.jpg?v=1652864648|role:construction detail,2,false,/products/held-vader-textile-pants,/products/held-vader-textile-pants
held-molto-textile-jacket,held-molto-textile-jacket,Held Molto Textile Jacket,Held Molto Textile Jacket,held-molto-textile-jacket,Upper: 100% Polyamide / Padding: 100% Polyester / Lining: 100% Polyester / Removable Lining: 100% Polyester | • Connecting zip. • special Ripstop material reinforcement on crash zones. • optional EN 1621-2 back protector. • reflective print. Available in multiple sizes and/or colours — select your variant.,"<b>Protection</b>
<ul>
<li>Connecting zip</li>
<li>special Ripstop material reinforcement on crash zones</li>
<li>optional EN 1621-2 back protector</li>
<li>reflective print</li>
<li>Velcro for optional chest protector </li>
<li>exclusive EN 1621-1 Held cloverleaf SAS-TEC® shoulder &amp; elbow protectors</li>
</ul>
<b>Fit/features</b>
<ul>
<li>stretch panels at elbows</li>
<li>soft collar</li>
<li>height adjustable waist adjustment</li>
<li>Held Clip-in Technology</li>
<li>internal cellphone pocket</li>
<li>dual arm adjustment</li>
<li>map / document pocket</li>
<li>air-vent zippers</li>
<li>2 waterproof external pockets</li>
<li>1 inner pocket</li>
</ul>
<b>Membrane</b>
<ul>
<li>GORE-TEX® Z-Liner Technology</li>
</ul>
<b>Lining</b>
<ul>
<li>mesh lining</li>
<li>Polyester</li>
<li>Polyamide</li>
<li>Elastane</li>
</ul>
<b>Outer shell</b>
<ul>
<li>HEROS-TEC® 500D fabric</li>
</ul>
<b>Insert</b>
<ul>
<li>Polyamide</li>
</ul>
<b>Upper material</b>
<ul>
<li>Polyester</li>
</ul>
<h3>ADDITIONAL PRODUCT INFORMATION</h3>
<div>
<table class=""UserAttributes"">
<tbody>
<tr>
<td class=""AttributeLabel VerticalAlignMiddle"">Material</td>
<td class=""AttributeContent"">Upper: 100% Polyamide / Padding: 100% Polyester / Lining: 100% Polyester / Removable Lining: 100% Polyester</td>
</tr>
</tbody>
</table>
</div>","Protection

• Connecting zip

• special Ripstop material reinforcement on crash zones

• optional EN 1621-2 back protector

• reflective print

• Velcro for optional chest protector 

• exclusive EN 1621-1 Held cloverleaf SAS-TEC® shoulder & elbow protectors

Fit/features

• stretch panels at elbows

• soft collar

• height adjustable waist adjustment

• Held Clip-in Technology

• internal cellphone pocket

• dual arm adjustment

• map / document pocket

• air-vent zippers

• 2 waterproof external pockets

• 1 inner pocket

Membrane

• GORE-TEX® Z-Liner Technology

Lining

• mesh lining

• Polyester

• Polyamide

• Elastane

Outer shell

• HEROS-TEC® 500D fabric

Insert

• Polyamide

Upper material

• Polyester

ADDITIONAL PRODUCT INFORMATION

Material | 
Upper: 100% Polyamide / Padding: 100% Polyester / Lining: 100% Polyester / Removable Lining: 100% Polyester |",50000,,2026-07-26,active,Held,6000,g,Buy Held Molto Textile Jacket | Mile 27 Store,"Upper: 100% Polyamide / Padding: 100% Polyester / Lining: 100% Polyester / Removable Lining: 100% Polyester , Connecting zip. special Ripstop material…",Connecting zip | special Ripstop material reinforcement on crash zones | optional EN 1621-2 back protector | reflective print,Cleaned noise; brand verified,High,false,Riding Gear > Riding Jackets > Textile Jackets,High,"Refined by title keyword: ""\b(textile\s+jacket|touring\s+jacket|adventure\s+jacket)\b""",held-molto-textile-jacket-1|Size:S:Colour:Black/White|price:50000.00|compare:|weight:6000|barcode:|qty:0 | held-molto-textile-jacket-2|Size:S:Colour:Black/Neon/Yellow|price:50000.00|compare:|weight:6000|barcode:|qty:0 | held-molto-textile-jacket-3|Size:S:Colour:Grey/Black|price:50000.00|compare:|weight:6000|barcode:|qty:0 | held-molto-textile-jacket-4|Size:M:Colour:Black/White|price:50000.00|compare:|weight:6000|barcode:|qty:0 | held-molto-textile-jacket-5|Size:M:Colour:Black/Neon/Yellow|price:50000.00|compare:|weight:6000|barcode:|qty:0 | held-molto-textile-jacket-6|Size:M:Colour:Grey/Black|price:50000.00|compare:|weight:6000|barcode:|qty:0 | held-molto-textile-jacket-7|Size:L:Colour:Black/White|price:50000.00|compare:|weight:6000|barcode:|qty:0 | held-molto-textile-jacket-8|Size:L:Colour:Black/Neon/Yellow|price:50000.00|compare:|weight:6000|barcode:|qty:0 | held-molto-textile-jacket-9|Size:L:Colour:Grey/Black|price:50000.00|compare:|weight:6000|barcode:|qty:0 | held-molto-textile-jacket-10|Size:XL:Colour:Black/White|price:50000.00|compare:|weight:6000|barcode:|qty:0 | held-molto-textile-jacket-11|Size:XL:Colour:Black/Neon/Yellow|price:50000.00|compare:|weight:6000|barcode:|qty:0 | held-molto-textile-jacket-12|Size:XL:Colour:Grey/Black|price:50000.00|compare:|weight:6000|barcode:|qty:0 | held-molto-textile-jacket-13|Size:2XL:Colour:Black/White|price:50000.00|compare:|weight:6000|barcode:|qty:0 | held-molto-textile-jacket-14|Size:2XL:Colour:Black/Neon/Yellow|price:50000.00|compare:|weight:6000|barcode:|qty:0 | held-molto-textile-jacket-15|Size:2XL:Colour:Grey/Black|price:50000.00|compare:|weight:6000|barcode:|qty:0 | held-molto-textile-jacket-16|Size:3XL:Colour:Black/White|price:50000.00|compare:|weight:6000|barcode:|qty:0 | held-molto-textile-jacket-17|Size:3XL:Colour:Black/Neon/Yellow|price:50000.00|compare:|weight:6000|barcode:|qty:0 | held-molto-textile-jacket-18|Size:3XL:Colour:Grey/Black|price:50000.00|compare:|weight:6000|barcode:|qty:0 | held-molto-textile-jacket-19|Size:4XL:Colour:Black/White|price:50000.00|compare:|weight:6000|barcode:|qty:0 | held-molto-textile-jacket-20|Size:4XL:Colour:Black/Neon/Yellow|price:50000.00|compare:|weight:6000|barcode:|qty:0 | held-molto-textile-jacket-21|Size:4XL:Colour:Grey/Black|price:50000.00|compare:|weight:6000|barcode:|qty:0 | held-molto-textile-jacket-22|Size:5XL:Colour:Black/White|price:50000.00|compare:|weight:6000|barcode:|qty:0 | held-molto-textile-jacket-23|Size:5XL:Colour:Black/Neon/Yellow|price:50000.00|compare:|weight:6000|barcode:|qty:0 | held-molto-textile-jacket-24|Size:5XL:Colour:Grey/Black|price:50000.00|compare:|weight:6000|barcode:|qty:0,"held-molto-textile-jacket-1,held-molto-textile-jacket-2,held-molto-textile-jacket-3,held-molto-textile-jacket-4,held-molto-textile-jacket-5,held-molto-textile-jacket-6,held-molto-textile-jacket-7,held-molto-textile-jacket-8,held-molto-textile-jacket-9,held-molto-textile-jacket-10,held-molto-textile-jacket-11,held-molto-textile-jacket-12,held-molto-textile-jacket-13,held-molto-textile-jacket-14,held-molto-textile-jacket-15,held-molto-textile-jacket-16,held-molto-textile-jacket-17,held-molto-textile-jacket-18,held-molto-textile-jacket-19,held-molto-textile-jacket-20,held-molto-textile-jacket-21,held-molto-textile-jacket-22,held-molto-textile-jacket-23,held-molto-textile-jacket-24",24,https://cdn.shopify.com/s/files/1/0076/8301/4754/products/006849-00-014-01.jpg?v=1652864341|pos:1|alt:Held Held Molto Textile Jacket – front view || https://cdn.shopify.com/s/files/1/0076/8301/4754/products/006849-00-014-02.jpg?v=1652864339|pos:2|alt:Held Held Molto Textile Jacket – side view || https://cdn.shopify.com/s/files/1/0076/8301/4754/products/006849-00-058-011.jpg?v=1652864341|pos:3|alt:Held Held Molto Textile Jacket – rear view || https://cdn.shopify.com/s/files/1/0076/8301/4754/products/006849-00-058-021.jpg?v=1652864339|pos:4|alt:Held Held Molto Textile Jacket – detail view || https://cdn.shopify.com/s/files/1/0076/8301/4754/products/006849-00-068-01.jpg?v=1652864339|pos:5|alt:Held Held Molto Textile Jacket – top view || https://cdn.shopify.com/s/files/1/0076/8301/4754/products/006849-00-068-02.jpg?v=1652864340|pos:6|alt:Held Held Molto Textile Jacket – product view,6,Held Held Molto Textile Jacket – front view | Held Held Molto Textile Jacket – side view | Held Held Molto Textile Jacket – rear view | Held Held Molto Textile Jacket – detail view | Held Held Molto Textile Jacket – top view | Held Held Molto Textile Jacket – product view,,0,Held Molto Textile Jacket,Held Molto Textile Jacket. Upper: 100% Polyamide / Padding: 100% Polyester / Lining: 100% Polyester / Removable Lining: 100% Polyester | • Connecting zip.,special Ripstop material reinforcement on crash zones.,,Connecting zip. optional EN 1621-2 back protector. reflective print.,,Available in multiple sizes. Check the size guide before ordering.,Held Molto Textile Jacket — a textile Jacket built to the specifications listed above.,true,draft,https://cdn.shopify.com/s/files/1/0076/8301/4754/products/006849-00-014-01.jpg?v=1652864341|role:hero || https://cdn.shopify.com/s/files/1/0076/8301/4754/products/006849-00-014-02.jpg?v=1652864339|role:construction detail || https://cdn.shopify.com/s/files/1/0076/8301/4754/products/006849-00-058-011.jpg?v=1652864341|role:side profile,3,false,/products/held-molto-textile-jacket,/products/held-molto-textile-jacket
held-yoshima-textile-jacket,held-yoshima-textile-jacket,Held Yoshima Textile Jacket,Held Yoshima Textile Jacket,held-yoshima-textile-jacket,"Upper 1: 100% polyamide Upper 2: 100% polyester Lining: 100% polyester Removable lining: 100% polyester | • Soft protectors on shoulders and elbows, tested to EN 1621-1. • Back protector can be retrofitted, tested to EN 1621-2. • Reflector inserts. • Connecting zip. Available in multiple sizes and/or colours — select your variant.","<strong>Security</strong>
<ul>
<li>Soft protectors on shoulders and elbows, tested to EN 1621-1</li>
<li>Back protector can be retrofitted, tested to EN 1621-2</li>
<li>Reflector inserts</li>
<li>Connecting zip</li>
</ul>
<strong>Comfort / features</strong>
<ul>
<li>Waist adjustment</li>
<li>Stretch inserts on the inner arm</li>
<li>Soft collar</li>
<li>Retrofittable Held Light System</li>
<li>Hero clip-in technology</li>
<li>Mobile phone pocket inside</li>
<li>Ventilation zips in front and back</li>
<li>Arm adjustment</li>
<li>4 outer pockets</li>
<li>2 inside pockets</li>
</ul>
<strong>Membrane</strong>
<ul>
<li>REISSA®-Z-Liner, waterproof / windproof, breathable</li>
</ul>
<strong>Lining</strong>
<ul>
<li>Removable thermal lining</li>
<li>Breathable mesh lining</li>
</ul>
<strong>Material</strong>
<ul>
<li>AIRGUARD 500 D (polyamide)</li>
</ul>
<h3>ADDITIONAL PRODUCT INFORMATION</h3>
<div>
<table class=""UserAttributes"">
<tbody>
<tr>
<td class=""AttributeLabel VerticalAlignMiddle"">Material</td>
<td class=""AttributeContent"">Upper 1: 100% polyamide Upper 2: 100% polyester Lining: 100% polyester Removable lining: 100% polyester</td>
</tr>
</tbody>
</table>
</div>","Security

• Soft protectors on shoulders and elbows, tested to EN 1621-1

• Back protector can be retrofitted, tested to EN 1621-2

• Reflector inserts

• Connecting zip

Comfort / features

• Waist adjustment

• Stretch inserts on the inner arm

• Soft collar

• Retrofittable Held Light System

• Hero clip-in technology

• Mobile phone pocket inside

• Ventilation zips in front and back

• Arm adjustment

• 4 outer pockets

• 2 inside pockets

Membrane

• REISSA®-Z-Liner, waterproof / windproof, breathable

Lining

• Removable thermal lining

• Breathable mesh lining

Material

• AIRGUARD 500 D (polyamide)

ADDITIONAL PRODUCT INFORMATION

Material | 
Upper 1: 100% polyamide Upper 2: 100% polyester Lining: 100% polyester Removable lining: 100% polyester |",39000,,2026-07-26,active,Held,6000,g,Buy Held Yoshima Textile Jacket | Mile 27 Store,"Upper 1: 100% polyamide Upper 2: 100% polyester Lining: 100% polyester Removable lining: 100% polyester , Soft protectors on shoulders and elbows, tested…","Soft protectors on shoulders and elbows, tested to EN 1621-1 | Back protector can be retrofitted, tested to EN 1621-2 | Reflector inserts | Connecting zip",Cleaned noise; brand verified,High,false,Riding Gear > Riding Jackets > Textile Jackets,High,"Refined by title keyword: ""\b(textile\s+jacket|touring\s+jacket|adventure\s+jacket)\b""",held-yoshima-textile-jacket-1|Size:S|price:39000.00|compare:|weight:6000|barcode:|qty:0 | held-yoshima-textile-jacket-2|Size:M|price:39000.00|compare:|weight:6000|barcode:|qty:0 | held-yoshima-textile-jacket-3|Size:L|price:39000.00|compare:|weight:6000|barcode:|qty:0 | held-yoshima-textile-jacket-4|Size:XL|price:39000.00|compare:|weight:6000|barcode:|qty:0 | held-yoshima-textile-jacket-5|Size:2XL|price:39000.00|compare:|weight:6000|barcode:|qty:0 | held-yoshima-textile-jacket-6|Size:3XL|price:39000.00|compare:|weight:6000|barcode:|qty:0 | held-yoshima-textile-jacket-7|Size:4XL|price:39000.00|compare:|weight:6000|barcode:|qty:0 | held-yoshima-textile-jacket-8|Size:5XL|price:39000.00|compare:|weight:6000|barcode:|qty:0,"held-yoshima-textile-jacket-1,held-yoshima-textile-jacket-2,held-yoshima-textile-jacket-3,held-yoshima-textile-jacket-4,held-yoshima-textile-jacket-5,held-yoshima-textile-jacket-6,held-yoshima-textile-jacket-7,held-yoshima-textile-jacket-8",8,https://cdn.shopify.com/s/files/1/0076/8301/4754/products/061929-00-025-01.jpg?v=1652863709|pos:1|alt:Held Held Yoshima Textile Jacket – front view || https://cdn.shopify.com/s/files/1/0076/8301/4754/products/061929-00-025-02.jpg?v=1652863711|pos:2|alt:Held Held Yoshima Textile Jacket – side view,2,Held Held Yoshima Textile Jacket – front view | Held Held Yoshima Textile Jacket – side view,,0,Held Yoshima Textile Jacket,"Held Yoshima Textile Jacket. Upper 1: 100% polyamide Upper 2: 100% polyester Lining: 100% polyester Removable lining: 100% polyester | • Soft protectors on shoulders and elbows, tested to EN 1621-1.",,,"Soft protectors on shoulders and elbows, tested to EN 1621-1. Back protector can be retrofitted, tested to EN 1621-2. Reflector inserts. Connecting zip.",,Available in multiple sizes. Check the size guide before ordering.,Held Yoshima Textile Jacket — a textile Jacket built to the specifications listed above.,true,draft,https://cdn.shopify.com/s/files/1/0076/8301/4754/products/061929-00-025-01.jpg?v=1652863709|role:hero || https://cdn.shopify.com/s/files/1/0076/8301/4754/products/061929-00-025-02.jpg?v=1652863711|role:construction detail,2,false,/products/held-yoshima-textile-jacket,/products/held-yoshima-textile-jacket
held-ravero-leather-textile-pants,held-ravero-leather-textile-pants,Held Ravero Leather/Textile Pants,Held Ravero Leather/Textile Pants,held-ravero-leather-textile-pants,removable GORE-TEX ® liner with 3-layer technology Available in multiple sizes and/or colours — select your variant.,"<div>Sport touring pants </div>
<div>Article 6465 </div>
<div>membrane </div>
<div>removable GORE-TEX ® liner with 3-layer technology </div>
<div>worn as a rain cover in or over trousers </div>
<div>Comfort / Features </div>
<div>2 outside pockets </div>
<div>waist belt </div>
<div>Stretch panels at back and knees </div>
<div>Buttons at waist for securing the suspender Art 3057 </div>
<div>Special stretch panels in crutch and calves </div>
<div>security </div>
<div>SAS-TEC height-adjustable soft protectors at the knees, certifi ed according to EN 1621-1 </div>
<div>detachable TEMPERFOAM ® padding at hips </div>
<div>upgradable hip protectors, certifi ed according to EN 1621-1 </div>
<div>connecting zip </div>
<div>Pocket for coccyx protector, for retrofitting with Art 9315 </div>
<div>material </div>
<div>air permeable, strong DYNAX MESH fabric </div>
<div>Soft cowhide from hip to knee and buttocks </div>","Sport touring pants 

Article 6465 

membrane 

removable GORE-TEX ® liner with 3-layer technology 

worn as a rain cover in or over trousers 

Comfort / Features 

2 outside pockets 

waist belt 

Stretch panels at back and knees 

Buttons at waist for securing the suspender Art 3057 

Special stretch panels in crutch and calves 

security 

SAS-TEC height-adjustable soft protectors at the knees, certifi ed according to EN 1621-1 

detachable TEMPERFOAM ® padding at hips 

upgradable hip protectors, certifi ed according to EN 1621-1 

connecting zip 

Pocket for coccyx protector, for retrofitting with Art 9315 

material 

air permeable, strong DYNAX MESH fabric 

Soft cowhide from hip to knee and buttocks",67000,,2026-07-26,active,Held,6000,g,Buy Held Ravero Leather/Textile Pants | Mile 27 Store,removable GORE-TEX ® liner with 3-layer technology,,Cleaned noise; brand verified,High,false,Riding Gear > Riding Pants > Textile Pants,High,"Refined by title keyword: ""\b(textile\s+pants|touring\s+pants)\b""",held-ravero-leather-textile-pants-1|Size:S|price:67000.00|compare:|weight:6000|barcode:|qty:0 | held-ravero-leather-textile-pants-2|Size:M|price:67000.00|compare:|weight:6000|barcode:|qty:0 | held-ravero-leather-textile-pants-3|Size:L|price:67000.00|compare:|weight:6000|barcode:|qty:0 | held-ravero-leather-textile-pants-4|Size:XL|price:67000.00|compare:|weight:6000|barcode:|qty:0 | held-ravero-leather-textile-pants-5|Size:2XL|price:67000.00|compare:|weight:6000|barcode:|qty:0 | held-ravero-leather-textile-pants-6|Size:3XL|price:67000.00|compare:|weight:6000|barcode:|qty:0 | held-ravero-leather-textile-pants-7|Size:4XL|price:67000.00|compare:|weight:6000|barcode:|qty:0,"held-ravero-leather-textile-pants-1,held-ravero-leather-textile-pants-2,held-ravero-leather-textile-pants-3,held-ravero-leather-textile-pants-4,held-ravero-leather-textile-pants-5,held-ravero-leather-textile-pants-6,held-ravero-leather-textile-pants-7",7,https://cdn.shopify.com/s/files/1/0076/8301/4754/products/6465_01_x.jpg?v=1652863279|pos:1|alt:Held Held Ravero Leather/Textile Pants – front view || https://cdn.shopify.com/s/files/1/0076/8301/4754/products/6465_01_rueckseite_x.jpg?v=1652863280|pos:2|alt:Held Held Ravero Leather/Textile Pants – side view,2,Held Held Ravero Leather/Textile Pants – front view | Held Held Ravero Leather/Textile Pants – side view,,0,,,,,,,,,false,not_eligible,,0,false,/products/held-ravero-leather-textile-pants,/products/held-ravero-leather-textile-pants
held-luca-gore-tex-jacket,held-luca-gore-tex-jacket,Held Luca Gore-Tex Jacket,Held Luca Gore-Tex Jacket,held-luca-gore-tex-jacket,Outer shell • DuPont® Cordura 500 D. • 3D air mesh panels in back to promote air circulation. • COOLMAX® breathable mesh inner lining. • removable GORE-TEX® 3-layer technology liner. Available in multiple sizes and/or colours — select your variant.,"
<b>Outer shell</b>
<ul>
<li>DuPont® Cordura 500 D</li>
</ul>
<b>Lining</b>
<ul>
<li>3D air mesh panels in back to promote air circulation</li>
<li>COOLMAX® breathable mesh inner lining</li>
</ul>
<b>Membrane</b>
<ul>
<li>removable GORE-TEX® 3-layer technology liner</li>
<li>can be used attached inside or over the jacket</li>
</ul>
<b>Fit/features</b>
<ul>
<li>4 external pockets</li>
<li>2 inner pockets</li>
<li>internal cellphone pocket</li>
<li>air-vent zippers in front, back &amp; arms</li>
<li>front air-vent zipper</li>
<li>stretch panels on inner arms</li>
<li>dual arm adjustment</li>
<li>hip adjustment</li>
<li>soft collar</li>
<li>Held Clip-in Technology</li>
<li>full-length back protector can be integrated into jacket lining (art. 9381)</li>
</ul>
<b>Protection</b>
<ul>
<li>exclusive EN 1621-1 CE-approved Held cloverleaf SAS-TEC® shoulder &amp; elbow protectors</li>
<li>additional external hard shell shoulder</li>
<li>optional EN 1621-2 back protector</li>
<li>Velcro for optional chest protector</li>
<li>reflective print</li>
<li>Connecting zip</li>
</ul>
<h3>ADDITIONAL PRODUCT INFORMATION</h3>
<div>
<table class=""UserAttributes"">
<tbody>
<tr>
<td class=""AttributeLabel VerticalAlignMiddle"">Material</td>
<td class=""AttributeContent"">100% Polyamid</td>
</tr>
</tbody>
</table>
</div>","Outer shell

• DuPont® Cordura 500 D

Lining

• 3D air mesh panels in back to promote air circulation

• COOLMAX® breathable mesh inner lining

Membrane

• removable GORE-TEX® 3-layer technology liner

• can be used attached inside or over the jacket

Fit/features

• 4 external pockets

• 2 inner pockets

• internal cellphone pocket

• air-vent zippers in front, back & arms

• front air-vent zipper

• stretch panels on inner arms

• dual arm adjustment

• hip adjustment

• soft collar

• Held Clip-in Technology

• full-length back protector can be integrated into jacket lining (art. 9381)

Protection

• exclusive EN 1621-1 CE-approved Held cloverleaf SAS-TEC® shoulder & elbow protectors

• additional external hard shell shoulder

• optional EN 1621-2 back protector

• Velcro for optional chest protector

• reflective print

• Connecting zip

ADDITIONAL PRODUCT INFORMATION

Material | 
100% Polyamid |",70000,,2026-07-26,active,Held,6000,g,Buy Held Luca Gore-Tex Jacket | Mile 27 Store,Outer shell DuPont® Cordura 500 D. 3D air mesh panels in back to promote air circulation. COOLMAX® breathable mesh inner lining. removable GORE-TEX®…,DuPont® Cordura 500 D | 3D air mesh panels in back to promote air circulation | COOLMAX® breathable mesh inner lining | removable GORE-TEX® 3-layer technology liner,Cleaned noise; brand verified,High,false,Riding Gear > Riding Jackets,High,"Mapped from Shopify Type ""Jackets""",held-luca-gore-tex-jacket-1|Size:S:Colour:Black/White|price:70000.00|compare:|weight:6000|barcode:|qty:0 | held-luca-gore-tex-jacket-2|Size:S:Colour:Black/Red|price:70000.00|compare:|weight:6000|barcode:|qty:0 | held-luca-gore-tex-jacket-3|Size:S:Colour:Black/Neon/Yellow|price:70000.00|compare:|weight:6000|barcode:|qty:0 | held-luca-gore-tex-jacket-4|Size:M:Colour:Black/White|price:70000.00|compare:|weight:6000|barcode:|qty:0 | held-luca-gore-tex-jacket-5|Size:M:Colour:Black/Red|price:70000.00|compare:|weight:6000|barcode:|qty:0 | held-luca-gore-tex-jacket-6|Size:M:Colour:Black/Neon/Yellow|price:70000.00|compare:|weight:6000|barcode:|qty:0 | held-luca-gore-tex-jacket-7|Size:L:Colour:Black/White|price:70000.00|compare:|weight:6000|barcode:|qty:0 | held-luca-gore-tex-jacket-8|Size:L:Colour:Black/Red|price:70000.00|compare:|weight:6000|barcode:|qty:0 | held-luca-gore-tex-jacket-9|Size:L:Colour:Black/Neon/Yellow|price:70000.00|compare:|weight:6000|barcode:|qty:0 | held-luca-gore-tex-jacket-10|Size:XL:Colour:Black/White|price:70000.00|compare:|weight:6000|barcode:|qty:0 | held-luca-gore-tex-jacket-11|Size:XL:Colour:Black/Red|price:70000.00|compare:|weight:6000|barcode:|qty:0 | held-luca-gore-tex-jacket-12|Size:XL:Colour:Black/Neon/Yellow|price:70000.00|compare:|weight:6000|barcode:|qty:0 | held-luca-gore-tex-jacket-13|Size:XXL:Colour:Black/White|price:70000.00|compare:|weight:6000|barcode:|qty:0 | held-luca-gore-tex-jacket-14|Size:XXL:Colour:Black/Red|price:70000.00|compare:|weight:6000|barcode:|qty:0 | held-luca-gore-tex-jacket-15|Size:XXL:Colour:Black/Neon/Yellow|price:70000.00|compare:|weight:6000|barcode:|qty:0 | held-luca-gore-tex-jacket-16|Size:XXXL:Colour:Black/White|price:70000.00|compare:|weight:6000|barcode:|qty:0 | held-luca-gore-tex-jacket-17|Size:XXXL:Colour:Black/Red|price:70000.00|compare:|weight:6000|barcode:|qty:0 | held-luca-gore-tex-jacket-18|Size:XXXL:Colour:Black/Neon/Yellow|price:70000.00|compare:|weight:6000|barcode:|qty:0,"held-luca-gore-tex-jacket-1,held-luca-gore-tex-jacket-2,held-luca-gore-tex-jacket-3,held-luca-gore-tex-jacket-4,held-luca-gore-tex-jacket-5,held-luca-gore-tex-jacket-6,held-luca-gore-tex-jacket-7,held-luca-gore-tex-jacket-8,held-luca-gore-tex-jacket-9,held-luca-gore-tex-jacket-10,held-luca-gore-tex-jacket-11,held-luca-gore-tex-jacket-12,held-luca-gore-tex-jacket-13,held-luca-gore-tex-jacket-14,held-luca-gore-tex-jacket-15,held-luca-gore-tex-jacket-16,held-luca-gore-tex-jacket-17,held-luca-gore-tex-jacket-18",18,https://cdn.shopify.com/s/files/1/0076/8301/4754/products/6742_14_d_x_1.jpg?v=1652862979|pos:1|alt:Held Held Luca Gore-Tex Jacket – front view || https://cdn.shopify.com/s/files/1/0076/8301/4754/products/6742_14_d_x_2.jpg?v=1652862980|pos:2|alt:Held Held Luca Gore-Tex Jacket – side view || https://cdn.shopify.com/s/files/1/0076/8301/4754/products/6742_02_d_x_1.jpg?v=1652862982|pos:3|alt:Held Held Luca Gore-Tex Jacket – rear view || https://cdn.shopify.com/s/files/1/0076/8301/4754/products/6742_02_x_d_2.jpg?v=1652862980|pos:4|alt:Held Held Luca Gore-Tex Jacket – detail view || https://cdn.shopify.com/s/files/1/0076/8301/4754/products/6742_58_d_x_1.jpg?v=1652862981|pos:5|alt:Held Held Luca Gore-Tex Jacket – top view || https://cdn.shopify.com/s/files/1/0076/8301/4754/products/6742_58_d_x_2.jpg?v=1652862982|pos:6|alt:Held Held Luca Gore-Tex Jacket – product view,6,Held Held Luca Gore-Tex Jacket – front view | Held Held Luca Gore-Tex Jacket – side view | Held Held Luca Gore-Tex Jacket – rear view | Held Held Luca Gore-Tex Jacket – detail view | Held Held Luca Gore-Tex Jacket – top view | Held Held Luca Gore-Tex Jacket – product view,,0,Held Luca Gore-Tex Jacket,Held Luca Gore-Tex Jacket. Outer shell • DuPont® Cordura 500 D.,3D air mesh panels in back to promote air circulation. COOLMAX® breathable mesh inner lining.,removable GORE-TEX® 3-layer technology liner.,DuPont® Cordura 500 D.,,Available in multiple sizes. Check the size guide before ordering.,Held Luca Gore-Tex Jacket — a riding Jacket built to the specifications listed above.,true,draft,https://cdn.shopify.com/s/files/1/0076/8301/4754/products/6742_14_d_x_1.jpg?v=1652862979|role:hero || https://cdn.shopify.com/s/files/1/0076/8301/4754/products/6742_14_d_x_2.jpg?v=1652862980|role:construction detail || https://cdn.shopify.com/s/files/1/0076/8301/4754/products/6742_02_d_x_1.jpg?v=1652862982|role:side profile,3,false,/products/held-luca-gore-tex-jacket,/products/held-luca-gore-tex-jacket
held-matata-ii-textile-pants,held-matata-ii-textile-pants,Held Matata II Textile Pants,Held Matata II Textile Pants,held-matata-ii-textile-pants,Outer shell • DuPont® Cordura 500 D. • Contains non-textile parts of animal origin. • COOLMAX® lining. • Membrane. Available in multiple sizes and/or colours — select your variant.,"<b>Outer shell</b>
<ul>
<li>DuPont® Cordura 500 D</li>
<li>Contains non-textile parts of animal origin</li>
</ul>
<b>Lining</b>
<ul>
<li>COOLMAX® lining</li>
<li>Membrane</li>
<li>removable waterproof, windproof &amp; breathable liner</li>
</ul>
<b>Fit/features</b>
<ul>
<li>4 external pockets</li>
<li>air-vent zippers</li>
<li>stretch panels at back and knees</li>
<li>stretch panels at crotch</li>
<li>waist belt</li>
<li>Zips &amp; velcro at ankles</li>
<li>Held Clip-in Technology</li>
<li>Kangaroo leather anti-slip seat patch</li>
<li>Kangaroo anti-slip leather at knees &amp; inner calves</li>
</ul>
<b>Protection</b>
<ul>
<li>optional hip protectors</li>
<li>pocket for optional Held cloverleaf SAS-TEC® CE-proved coccyx protector, art. 9315</li>
<li>EN 1621-1 CE-certified height-adjustable soft protectors at knees</li>
<li>reflective sections</li>
<li>Connecting zip</li>
</ul>
<h3>ADDITIONAL PRODUCT INFORMATION</h3>
<div>
<table class=""UserAttributes"">
<tbody>
<tr>
<td class=""AttributeLabel VerticalAlignMiddle"">Material</td>
<td class=""AttributeContent"">100% Polyamid</td>
</tr>
</tbody>
</table>
</div>","Outer shell

• DuPont® Cordura 500 D

• Contains non-textile parts of animal origin

Lining

• COOLMAX® lining

• Membrane

• removable waterproof, windproof & breathable liner

Fit/features

• 4 external pockets

• air-vent zippers

• stretch panels at back and knees

• stretch panels at crotch

• waist belt

• Zips & velcro at ankles

• Held Clip-in Technology

• Kangaroo leather anti-slip seat patch

• Kangaroo anti-slip leather at knees & inner calves

Protection

• optional hip protectors

• pocket for optional Held cloverleaf SAS-TEC® CE-proved coccyx protector, art. 9315

• EN 1621-1 CE-certified height-adjustable soft protectors at knees

• reflective sections

• Connecting zip

ADDITIONAL PRODUCT INFORMATION

Material | 
100% Polyamid |",47000,,2026-07-26,active,Held,6000,g,Buy Held Matata II Textile Pants | Mile 27 Store,Outer shell DuPont® Cordura 500 D. Contains non-textile parts of animal origin. COOLMAX® lining. Membrane.,DuPont® Cordura 500 D | Contains non-textile parts of animal origin | COOLMAX® lining | Membrane,Cleaned noise; brand verified,High,false,Riding Gear > Riding Pants > Textile Pants,High,"Refined by title keyword: ""\b(textile\s+pants|touring\s+pants)\b""",held-matata-ii-textile-pants-1|Size:S:Colour:Black|price:47000.00|compare:|weight:6000|barcode:|qty:0 | held-matata-ii-textile-pants-2|Size:S:Colour:Gray/Black|price:47000.00|compare:|weight:6000|barcode:|qty:0 | held-matata-ii-textile-pants-3|Size:M:Colour:Black|price:47000.00|compare:|weight:6000|barcode:|qty:0 | held-matata-ii-textile-pants-4|Size:M:Colour:Gray/Black|price:47000.00|compare:|weight:6000|barcode:|qty:0 | held-matata-ii-textile-pants-5|Size:L:Colour:Black|price:47000.00|compare:|weight:6000|barcode:|qty:0 | held-matata-ii-textile-pants-6|Size:L:Colour:Gray/Black|price:47000.00|compare:|weight:6000|barcode:|qty:0 | held-matata-ii-textile-pants-7|Size:XL:Colour:Black|price:47000.00|compare:|weight:6000|barcode:|qty:0 | held-matata-ii-textile-pants-8|Size:XL:Colour:Gray/Black|price:47000.00|compare:|weight:6000|barcode:|qty:0 | held-matata-ii-textile-pants-9|Size:2XL:Colour:Black|price:47000.00|compare:|weight:6000|barcode:|qty:0 | held-matata-ii-textile-pants-10|Size:2XL:Colour:Gray/Black|price:47000.00|compare:|weight:6000|barcode:|qty:0 | held-matata-ii-textile-pants-11|Size:3XL:Colour:Black|price:47000.00|compare:|weight:6000|barcode:|qty:0 | held-matata-ii-textile-pants-12|Size:3XL:Colour:Gray/Black|price:47000.00|compare:|weight:6000|barcode:|qty:0 | held-matata-ii-textile-pants-13|Size:4XL:Colour:Black|price:47000.00|compare:|weight:6000|barcode:|qty:0 | held-matata-ii-textile-pants-14|Size:4XL:Colour:Gray/Black|price:47000.00|compare:|weight:6000|barcode:|qty:0 | held-matata-ii-textile-pants-15|Size:5XL:Colour:Black|price:47000.00|compare:|weight:6000|barcode:|qty:0 | held-matata-ii-textile-pants-16|Size:5XL:Colour:Gray/Black|price:47000.00|compare:|weight:6000|barcode:|qty:0,"held-matata-ii-textile-pants-1,held-matata-ii-textile-pants-2,held-matata-ii-textile-pants-3,held-matata-ii-textile-pants-4,held-matata-ii-textile-pants-5,held-matata-ii-textile-pants-6,held-matata-ii-textile-pants-7,held-matata-ii-textile-pants-8,held-matata-ii-textile-pants-9,held-matata-ii-textile-pants-10,held-matata-ii-textile-pants-11,held-matata-ii-textile-pants-12,held-matata-ii-textile-pants-13,held-matata-ii-textile-pants-14,held-matata-ii-textile-pants-15,held-matata-ii-textile-pants-16",16,https://cdn.shopify.com/s/files/1/0076/8301/4754/products/6765_01_x_1.jpg?v=1652858583|pos:1|alt:Held Held Matata II Textile Pants – front view || https://cdn.shopify.com/s/files/1/0076/8301/4754/products/6765_01_x_2.jpg?v=1652858583|pos:2|alt:Held Held Matata II Textile Pants – side view || https://cdn.shopify.com/s/files/1/0076/8301/4754/products/6765_68_x_1.jpg?v=1652858585|pos:3|alt:Held Held Matata II Textile Pants – rear view || https://cdn.shopify.com/s/files/1/0076/8301/4754/products/6765_68_x_2.jpg?v=1652858584|pos:4|alt:Held Held Matata II Textile Pants – detail view,4,Held Held Matata II Textile Pants – front view | Held Held Matata II Textile Pants – side view | Held Held Matata II Textile Pants – rear view | Held Held Matata II Textile Pants – detail view,,0,Held Matata II Textile Pants,Held Matata II Textile Pants. Outer shell • DuPont® Cordura 500 D.,Contains non-textile parts of animal origin.,,DuPont® Cordura 500 D. COOLMAX® lining. Membrane.,,Available in multiple sizes. Check the size guide before ordering.,Held Matata II Textile Pants — a textile Pant built to the specifications listed above.,true,draft,https://cdn.shopify.com/s/files/1/0076/8301/4754/products/6765_01_x_1.jpg?v=1652858583|role:hero || https://cdn.shopify.com/s/files/1/0076/8301/4754/products/6765_01_x_2.jpg?v=1652858583|role:construction detail || https://cdn.shopify.com/s/files/1/0076/8301/4754/products/6765_68_x_1.jpg?v=1652858585|role:side profile,3,false,/products/held-matata-ii-textile-pants,/products/held-matata-ii-textile-pants
held-4-touring-textile-jacket,held-4-touring-textile-jacket,Held 4-Touring Textile Jacket,Held 4-Touring Textile Jacket,held-4-touring-textile-jacket,"The popular 4-Touring motorcycle textile jacket from Held. Thanks to the robust outer material and windproof and waterproof Reissa Z-Liner, you are optimally protected in… • 4 outside pockets. • Internal cellphone pocket. • 2 inside pockets. • AIR-VENT zippers at front and back. Available in multiple sizes and/or colours — select your variant.","The popular 4-Touring motorcycle textile jacket from Held. Thanks to the robust outer material and windproof and waterproof Reissa Z-Liner, you are optimally protected in any weather and do not have to do without refreshing ventilation.<br><br> <strong>Features:</strong>
<ul>
<li>4 outside pockets</li>
<li>Internal cellphone pocket</li>
<li>2 inside pockets</li>
<li>AIR-VENT zippers at front and back</li>
<li>Arm adjustment</li>
<li>Soft collar</li>
<li>Waist belt</li>
<li>Schoeller® KEPROTEC stretch panels below arms</li>
</ul>
<strong>Specifications</strong>: <u>Membrane:</u>
<ul>
<li>REISSA®-Z-Liner: water- and windproof, breathability</li>
</ul>
<u>Safety:</u>
<ul>
<li>KNOX® protectors at shoulder and elbow</li>
<li>Back-protector, upgradeable</li>
<li>Connecting zip</li>
<li>Reflector inserts</li>
</ul>
<h3>ADDITIONAL PRODUCT INFORMATION</h3>
<div>
<table class=""UserAttributes"">
<tbody>
<tr>
<td class=""AttributeLabel VerticalAlignMiddle"">Material</td>
<td class=""AttributeContent"">Outer shell: 100% polyamide; Lining: 100% Polyester; Membrane: 100% polyester (with 100% polyurethane coating)</td>
</tr>
</tbody>
</table>
</div>","The popular 4-Touring motorcycle textile jacket from Held. Thanks to the robust outer material and windproof and waterproof Reissa Z-Liner, you are optimally protected in any weather and do not have to do without refreshing ventilation.

 Features:

• 4 outside pockets

• Internal cellphone pocket

• 2 inside pockets

• AIR-VENT zippers at front and back

• Arm adjustment

• Soft collar

• Waist belt

• Schoeller® KEPROTEC stretch panels below arms

Specifications: Membrane:

• REISSA®-Z-Liner: water- and windproof, breathability

Safety:

• KNOX® protectors at shoulder and elbow

• Back-protector, upgradeable

• Connecting zip

• Reflector inserts

ADDITIONAL PRODUCT INFORMATION

Material | 
Outer shell: 100% polyamide; Lining: 100% Polyester; Membrane: 100% polyester (with 100% polyurethane coating) |",47000,,2026-07-26,active,Held,6000,g,Buy Held 4-Touring Textile Jacket | Mile 27 Store,"The popular 4-Touring motorcycle textile jacket from Held. Thanks to the robust outer material and windproof and waterproof Reissa Z-Liner, you are…",4 outside pockets | Internal cellphone pocket | 2 inside pockets | AIR-VENT zippers at front and back,Cleaned noise; brand verified,High,false,Riding Gear > Riding Jackets > Textile Jackets,High,"Refined by title keyword: ""\b(textile\s+jacket|touring\s+jacket|adventure\s+jacket)\b""",held-4-touring-textile-jacket-1|Size:S:Colour:Black|price:47000.00|compare:|weight:6000|barcode:|qty:0 | held-4-touring-textile-jacket-2|Size:S:Colour:Black/Grey|price:47000.00|compare:|weight:6000|barcode:|qty:0 | held-4-touring-textile-jacket-3|Size:S:Colour:Black/Red|price:47000.00|compare:|weight:6000|barcode:|qty:0 | held-4-touring-textile-jacket-4|Size:S:Colour:Black/White|price:47000.00|compare:|weight:6000|barcode:|qty:0 | held-4-touring-textile-jacket-5|Size:S:Colour:Black/Yellow|price:47000.00|compare:|weight:6000|barcode:|qty:0 | held-4-touring-textile-jacket-6|Size:S:Colour:Light Grey/Black|price:47000.00|compare:|weight:6000|barcode:|qty:0 | held-4-touring-textile-jacket-7|Size:M:Colour:Black|price:47000.00|compare:|weight:6000|barcode:|qty:0 | held-4-touring-textile-jacket-8|Size:M:Colour:Black/Grey|price:47000.00|compare:|weight:6000|barcode:|qty:0 | held-4-touring-textile-jacket-9|Size:M:Colour:Black/Red|price:47000.00|compare:|weight:6000|barcode:|qty:0 | held-4-touring-textile-jacket-10|Size:M:Colour:Black/White|price:47000.00|compare:|weight:6000|barcode:|qty:0 | held-4-touring-textile-jacket-11|Size:M:Colour:Black/Yellow|price:47000.00|compare:|weight:6000|barcode:|qty:0 | held-4-touring-textile-jacket-12|Size:M:Colour:Light Grey/Black|price:47000.00|compare:|weight:6000|barcode:|qty:0 | held-4-touring-textile-jacket-13|Size:L:Colour:Black|price:47000.00|compare:|weight:6000|barcode:|qty:0 | held-4-touring-textile-jacket-14|Size:L:Colour:Black/Grey|price:47000.00|compare:|weight:6000|barcode:|qty:0 | held-4-touring-textile-jacket-15|Size:L:Colour:Black/Red|price:47000.00|compare:|weight:6000|barcode:|qty:0 | held-4-touring-textile-jacket-16|Size:L:Colour:Black/White|price:47000.00|compare:|weight:6000|barcode:|qty:0 | held-4-touring-textile-jacket-17|Size:L:Colour:Black/Yellow|price:47000.00|compare:|weight:6000|barcode:|qty:0 | held-4-touring-textile-jacket-18|Size:L:Colour:Light Grey/Black|price:47000.00|compare:|weight:6000|barcode:|qty:0 | held-4-touring-textile-jacket-19|Size:XL:Colour:Black|price:47000.00|compare:|weight:6000|barcode:|qty:0 | held-4-touring-textile-jacket-20|Size:XL:Colour:Black/Grey|price:47000.00|compare:|weight:6000|barcode:|qty:0 | held-4-touring-textile-jacket-21|Size:XL:Colour:Black/Red|price:47000.00|compare:|weight:6000|barcode:|qty:0 | held-4-touring-textile-jacket-22|Size:XL:Colour:Black/White|price:47000.00|compare:|weight:6000|barcode:|qty:0 | held-4-touring-textile-jacket-23|Size:XL:Colour:Black/Yellow|price:47000.00|compare:|weight:6000|barcode:|qty:0 | held-4-touring-textile-jacket-24|Size:XL:Colour:Light Grey/Black|price:47000.00|compare:|weight:6000|barcode:|qty:0 | held-4-touring-textile-jacket-25|Size:2XL:Colour:Black|price:47000.00|compare:|weight:6000|barcode:|qty:0 | held-4-touring-textile-jacket-26|Size:2XL:Colour:Black/Grey|price:47000.00|compare:|weight:6000|barcode:|qty:0 | held-4-touring-textile-jacket-27|Size:2XL:Colour:Black/Red|price:47000.00|compare:|weight:6000|barcode:|qty:0 | held-4-touring-textile-jacket-28|Size:2XL:Colour:Black/White|price:47000.00|compare:|weight:6000|barcode:|qty:0 | held-4-touring-textile-jacket-29|Size:2XL:Colour:Black/Yellow|price:47000.00|compare:|weight:6000|barcode:|qty:0 | held-4-touring-textile-jacket-30|Size:2XL:Colour:Light Grey/Black|price:47000.00|compare:|weight:6000|barcode:|qty:0 | held-4-touring-textile-jacket-31|Size:3XL:Colour:Black|price:47000.00|compare:|weight:6000|barcode:|qty:0 | held-4-touring-textile-jacket-32|Size:3XL:Colour:Black/Grey|price:47000.00|compare:|weight:6000|barcode:|qty:0 | held-4-touring-textile-jacket-33|Size:3XL:Colour:Black/Red|price:47000.00|compare:|weight:6000|barcode:|qty:0 | held-4-touring-textile-jacket-34|Size:3XL:Colour:Black/White|price:47000.00|compare:|weight:6000|barcode:|qty:0 | held-4-touring-textile-jacket-35|Size:3XL:Colour:Black/Yellow|price:47000.00|compare:|weight:6000|barcode:|qty:0 | held-4-touring-textile-jacket-36|Size:3XL:Colour:Light Grey/Black|price:47000.00|compare:|weight:6000|barcode:|qty:0 | held-4-touring-textile-jacket-37|Size:4XL:Colour:Black|price:47000.00|compare:|weight:6000|barcode:|qty:0 | held-4-touring-textile-jacket-38|Size:4XL:Colour:Black/Grey|price:47000.00|compare:|weight:6000|barcode:|qty:0 | held-4-touring-textile-jacket-39|Size:4XL:Colour:Black/Red|price:47000.00|compare:|weight:6000|barcode:|qty:0 | held-4-touring-textile-jacket-40|Size:4XL:Colour:Black/White|price:47000.00|compare:|weight:6000|barcode:|qty:0 | held-4-touring-textile-jacket-41|Size:4XL:Colour:Black/Yellow|price:47000.00|compare:|weight:6000|barcode:|qty:0 | held-4-touring-textile-jacket-42|Size:4XL:Colour:Light Grey/Black|price:47000.00|compare:|weight:6000|barcode:|qty:0 | held-4-touring-textile-jacket-43|Size:5XL:Colour:Black|price:47000.00|compare:|weight:6000|barcode:|qty:0 | held-4-touring-textile-jacket-44|Size:5XL:Colour:Black/Grey|price:47000.00|compare:|weight:6000|barcode:|qty:0 | held-4-touring-textile-jacket-45|Size:5XL:Colour:Black/Red|price:47000.00|compare:|weight:6000|barcode:|qty:0 | held-4-touring-textile-jacket-46|Size:5XL:Colour:Black/White|price:47000.00|compare:|weight:6000|barcode:|qty:0 | held-4-touring-textile-jacket-47|Size:5XL:Colour:Black/Yellow|price:47000.00|compare:|weight:6000|barcode:|qty:0 | held-4-touring-textile-jacket-48|Size:5XL:Colour:Light Grey/Black|price:47000.00|compare:|weight:6000|barcode:|qty:0,"held-4-touring-textile-jacket-1,held-4-touring-textile-jacket-2,held-4-touring-textile-jacket-3,held-4-touring-textile-jacket-4,held-4-touring-textile-jacket-5,held-4-touring-textile-jacket-6,held-4-touring-textile-jacket-7,held-4-touring-textile-jacket-8,held-4-touring-textile-jacket-9,held-4-touring-textile-jacket-10,held-4-touring-textile-jacket-11,held-4-touring-textile-jacket-12,held-4-touring-textile-jacket-13,held-4-touring-textile-jacket-14,held-4-touring-textile-jacket-15,held-4-touring-textile-jacket-16,held-4-touring-textile-jacket-17,held-4-touring-textile-jacket-18,held-4-touring-textile-jacket-19,held-4-touring-textile-jacket-20,held-4-touring-textile-jacket-21,held-4-touring-textile-jacket-22,held-4-touring-textile-jacket-23,held-4-touring-textile-jacket-24,held-4-touring-textile-jacket-25,held-4-touring-textile-jacket-26,held-4-touring-textile-jacket-27,held-4-touring-textile-jacket-28,held-4-touring-textile-jacket-29,held-4-touring-textile-jacket-30,held-4-touring-textile-jacket-31,held-4-touring-textile-jacket-32,held-4-touring-textile-jacket-33,held-4-touring-textile-jacket-34,held-4-touring-textile-jacket-35,held-4-touring-textile-jacket-36,held-4-touring-textile-jacket-37,held-4-touring-textile-jacket-38,held-4-touring-textile-jacket-39,held-4-touring-textile-jacket-40,held-4-touring-textile-jacket-41,held-4-touring-textile-jacket-42,held-4-touring-textile-jacket-43,held-4-touring-textile-jacket-44,held-4-touring-textile-jacket-45,held-4-touring-textile-jacket-46,held-4-touring-textile-jacket-47,held-4-touring-textile-jacket-48",48,https://cdn.shopify.com/s/files/1/0076/8301/4754/products/Held-4-Touring-Black-6023_01_x_herren.jpg?v=1652857924|pos:1|alt:Held Held 4-Touring Textile Jacket – front view || https://cdn.shopify.com/s/files/1/0076/8301/4754/products/Held-4-Touring-black-grey-6023_03_x_herren.jpg?v=1652857924|pos:2|alt:Held Held 4-Touring Textile Jacket – side view || https://cdn.shopify.com/s/files/1/0076/8301/4754/products/Held-4-Touring-black-red-6023_02_x_herren.jpg?v=1652857923|pos:3|alt:Held Held 4-Touring Textile Jacket – rear view || https://cdn.shopify.com/s/files/1/0076/8301/4754/products/Held-4-Touring-black-white-1-6023_14_x_herren.jpg?v=1652857924|pos:4|alt:Held Held 4-Touring Textile Jacket – detail view || https://cdn.shopify.com/s/files/1/0076/8301/4754/products/Held-4-Touring-_black_yellow_6023_58_x.jpg?v=1652857923|pos:5|alt:Held Held 4-Touring Textile Jacket – top view || https://cdn.shopify.com/s/files/1/0076/8301/4754/products/Held-4-Touring-grey-black-6023_68_x_herren.jpg?v=1652857923|pos:6|alt:Held Held 4-Touring Textile Jacket – product view,6,Held Held 4-Touring Textile Jacket – front view | Held Held 4-Touring Textile Jacket – side view | Held Held 4-Touring Textile Jacket – rear view | Held Held 4-Touring Textile Jacket – detail view | Held Held 4-Touring Textile Jacket – top view | Held Held 4-Touring Textile Jacket – product view,use:touring,1,Held 4-Touring Textile Jacket,Held 4-Touring Textile Jacket. The popular 4-Touring motorcycle textile jacket from Held.,,AIR-VENT zippers at front and back.,4 outside pockets. Internal cellphone pocket. 2 inside pockets.,,Available in multiple sizes. Check the size guide before ordering.,Held 4-Touring Textile Jacket — a textile Jacket built to the specifications listed above.,true,draft,https://cdn.shopify.com/s/files/1/0076/8301/4754/products/Held-4-Touring-Black-6023_01_x_herren.jpg?v=1652857924|role:hero || https://cdn.shopify.com/s/files/1/0076/8301/4754/products/Held-4-Touring-black-grey-6023_03_x_herren.jpg?v=1652857924|role:construction detail || https://cdn.shopify.com/s/files/1/0076/8301/4754/products/Held-4-Touring-black-red-6023_02_x_herren.jpg?v=1652857923|role:side profile,3,false,/products/held-4-touring-textile-jacket,/products/held-4-touring-textile-jacket
held-bene-textile-pants,held-bene-textile-pants,Held Bene Textile Pants,Held Bene Textile Pants,held-bene-textile-pants,"Upper: 68% polyamide, 32% polyester / lining: 69% polyester, 28% polyamide, 3% elastane | • Connecting zip. • pocket for optional Held cloverleaf SAS-TEC® -proved coccyx protector. • special Ripstop material reinforcement on crash zones. • reflective print. Available in multiple sizes and/or colours — select your variant.","<b>Protection</b>
<ul>
<li>Connecting zip</li>
<li>pocket for optional Held cloverleaf SAS-TEC® -proved coccyx protector</li>
<li>special Ripstop material reinforcement on crash zones</li>
<li>reflective print</li>
<li>optional hip protectors</li>
<li>EN 1621-1 -approved height-adjustable SAS-TEC® 3D knee protectors</li>
</ul>
<b>Fit/features</b>
<ul>
<li>waist belt</li>
<li>stretch panels at back and knees</li>
<li>special stretch material in crotch area and knee back</li>
<li>Zips &amp; velcro at ankles</li>
<li>button fixtures for optional braces </li>
<li>Held Clip-in Technology</li>
<li>anti-slip seat patch for better comfort and control</li>
<li>4 external pockets</li>
</ul>
<b>Membrane</b>
<ul>
<li>GORE-TEX® Z-Liner Technology</li>
</ul>
<b>Lining</b>
<ul>
<li>mesh lining</li>
<li>Polyester</li>
<li>Polyamide</li>
<li>Elastane</li>
</ul>
<b>Outer shell</b>
<ul>
<li>HEROS-TEC® 500D fabric</li>
</ul>
<b>Insert</b>
<ul>
<li>Polyamide</li>
</ul>
<b>Upper material</b>
<ul>
<li>Polyester</li>
<li>Polyamide</li>
</ul>
<h3>ADDITIONAL PRODUCT INFORMATION</h3>
<div>
<table class=""UserAttributes"">
<tbody>
<tr>
<td class=""AttributeLabel VerticalAlignMiddle"">Material</td>
<td class=""AttributeContent"">Upper: 68% polyamide, 32% polyester / lining: 69% polyester, 28% polyamide, 3% elastane</td>
</tr>
</tbody>
</table>
</div>","Protection

• Connecting zip

• pocket for optional Held cloverleaf SAS-TEC® -proved coccyx protector

• special Ripstop material reinforcement on crash zones

• reflective print

• optional hip protectors

• EN 1621-1 -approved height-adjustable SAS-TEC® 3D knee protectors

Fit/features

• waist belt

• stretch panels at back and knees

• special stretch material in crotch area and knee back

• Zips & velcro at ankles

• button fixtures for optional braces 

• Held Clip-in Technology

• anti-slip seat patch for better comfort and control

• 4 external pockets

Membrane

• GORE-TEX® Z-Liner Technology

Lining

• mesh lining

• Polyester

• Polyamide

• Elastane

Outer shell

• HEROS-TEC® 500D fabric

Insert

• Polyamide

Upper material

• Polyester

• Polyamide

ADDITIONAL PRODUCT INFORMATION

Material | 
Upper: 68% polyamide, 32% polyester / lining: 69% polyester, 28% polyamide, 3% elastane |",37000,,2026-07-26,active,Held,6000,g,Buy Held Bene Textile Pants | Mile 27 Store,"Upper: 68% polyamide, 32% polyester / lining: 69% polyester, 28% polyamide, 3% elastane , Connecting zip. pocket for optional Held cloverleaf SAS-TEC®…",Connecting zip | pocket for optional Held cloverleaf SAS-TEC® -proved coccyx protector | special Ripstop material reinforcement on crash zones | reflective print,Cleaned noise; brand verified,High,false,Riding Gear > Riding Pants > Textile Pants,High,"Refined by title keyword: ""\b(textile\s+pants|touring\s+pants)\b""",held-bene-textile-pants-1|Size:S|price:37000.00|compare:|weight:6000|barcode:|qty:0 | held-bene-textile-pants-2|Size:M|price:37000.00|compare:|weight:6000|barcode:|qty:0 | held-bene-textile-pants-3|Size:L|price:37000.00|compare:|weight:6000|barcode:|qty:0 | held-bene-textile-pants-4|Size:XL|price:37000.00|compare:|weight:6000|barcode:|qty:0 | held-bene-textile-pants-5|Size:2XL|price:37000.00|compare:|weight:6000|barcode:|qty:0 | held-bene-textile-pants-6|Size:3XL|price:37000.00|compare:|weight:6000|barcode:|qty:0 | held-bene-textile-pants-7|Size:4XL|price:37000.00|compare:|weight:6000|barcode:|qty:0 | held-bene-textile-pants-8|Size:5XL|price:37000.00|compare:|weight:6000|barcode:|qty:0,"held-bene-textile-pants-1,held-bene-textile-pants-2,held-bene-textile-pants-3,held-bene-textile-pants-4,held-bene-textile-pants-5,held-bene-textile-pants-6,held-bene-textile-pants-7,held-bene-textile-pants-8",8,https://cdn.shopify.com/s/files/1/0076/8301/4754/products/006869-00-001-01.jpg?v=1652857140|pos:1|alt:Held Held Bene Textile Pants – front view || https://cdn.shopify.com/s/files/1/0076/8301/4754/products/006869-00-001-02.jpg?v=1652857141|pos:2|alt:Held Held Bene Textile Pants – side view,2,Held Held Bene Textile Pants – front view | Held Held Bene Textile Pants – side view,,0,Held Bene Textile Pants,"Held Bene Textile Pants. Upper: 68% polyamide, 32% polyester / lining: 69% polyester, 28% polyamide, 3% elastane | • Connecting zip.",special Ripstop material reinforcement on crash zones.,,Connecting zip. pocket for optional Held cloverleaf SAS-TEC® -proved coccyx protector. reflective print.,,Available in multiple sizes. Check the size guide before ordering.,Held Bene Textile Pants — a textile Pant built to the specifications listed above.,true,draft,https://cdn.shopify.com/s/files/1/0076/8301/4754/products/006869-00-001-01.jpg?v=1652857140|role:hero || https://cdn.shopify.com/s/files/1/0076/8301/4754/products/006869-00-001-02.jpg?v=1652857141|role:construction detail,2,false,/products/held-bene-textile-pants,/products/held-bene-textile-pants
held-telli-gtx-textile-pants,held-telli-gtx-textile-pants,Held Telli GTX Textile Pants,Held Telli GTX Textile Pants,held-telli-gtx-textile-pants,Outer shell • DuPont® Cordura 500 D. • Contains non-textile parts of animal origin. • mesh lining. • removable GORE-TEX® 3-layer technology liner. Available in multiple sizes and/or colours — select your variant.,"
<b>Outer shell</b>
<ul>
<li>DuPont® Cordura 500 D</li>
<li>Contains non-textile parts of animal origin</li>
</ul>
<b>Lining</b>
<ul>
<li>mesh lining</li>
</ul>
<b>Membrane</b>
<ul>
<li>removable GORE-TEX® 3-layer technology liner</li>
<li>can be used attached inside or over the pants</li>
</ul>
<b>Fit/features</b>
<ul>
<li>2 external pockets</li>
<li>air-vent zippers</li>
<li>stretch panels at back and knees</li>
<li>special stretch &amp; fabric panels in crotch &amp; calves</li>
<li>waist belt</li>
<li>Held Clip-in Technology</li>
<li>Zips &amp; velcro at ankles</li>
<li>button fixtures for optional braces (art. 3057)</li>
<li>Kangaroo leather anti-slip seat patch</li>
</ul>
<b>Protection</b>
<ul>
<li>optional hip protectors</li>
<li>pocket for optional Held cloverleaf SAS-TEC® CE-proved coccyx protector, art. 9315</li>
<li>EN 1621-1 CE-approved height-adjustable SAS-TEC® 3D knee protectors</li>
<li>reflective print</li>
<li>Connecting zip</li>
</ul>
<h3>ADDITIONAL PRODUCT INFORMATION</h3>
<div>
<table class=""UserAttributes"">
<tbody>
<tr>
<td class=""AttributeLabel VerticalAlignMiddle"">Material</td>
<td class=""AttributeContent"">100% Polyamid</td>
</tr>
</tbody>
</table>
</div>","Outer shell

• DuPont® Cordura 500 D

• Contains non-textile parts of animal origin

Lining

• mesh lining

Membrane

• removable GORE-TEX® 3-layer technology liner

• can be used attached inside or over the pants

Fit/features

• 2 external pockets

• air-vent zippers

• stretch panels at back and knees

• special stretch & fabric panels in crotch & calves

• waist belt

• Held Clip-in Technology

• Zips & velcro at ankles

• button fixtures for optional braces (art. 3057)

• Kangaroo leather anti-slip seat patch

Protection

• optional hip protectors

• pocket for optional Held cloverleaf SAS-TEC® CE-proved coccyx protector, art. 9315

• EN 1621-1 CE-approved height-adjustable SAS-TEC® 3D knee protectors

• reflective print

• Connecting zip

ADDITIONAL PRODUCT INFORMATION

Material | 
100% Polyamid |",70000,,2026-07-26,active,Held,6000,g,Buy Held Telli GTX Textile Pants | Mile 27 Store,Outer shell DuPont® Cordura 500 D. Contains non-textile parts of animal origin. mesh lining. removable GORE-TEX® 3-layer technology liner.,DuPont® Cordura 500 D | Contains non-textile parts of animal origin | mesh lining | removable GORE-TEX® 3-layer technology liner,Cleaned noise; brand verified,High,false,Riding Gear > Riding Pants > Textile Pants,High,"Refined by title keyword: ""\b(textile\s+pants|touring\s+pants)\b""",held-telli-gtx-textile-pants-1|Size:S|price:70000.00|compare:|weight:6000|barcode:|qty:0 | held-telli-gtx-textile-pants-2|Size:M|price:70000.00|compare:|weight:6000|barcode:|qty:0 | held-telli-gtx-textile-pants-3|Size:L|price:70000.00|compare:|weight:6000|barcode:|qty:0 | held-telli-gtx-textile-pants-4|Size:XL|price:70000.00|compare:|weight:6000|barcode:|qty:0 | held-telli-gtx-textile-pants-5|Size:2XL|price:70000.00|compare:|weight:6000|barcode:|qty:0 | held-telli-gtx-textile-pants-6|Size:3XL|price:70000.00|compare:|weight:6000|barcode:|qty:0 | held-telli-gtx-textile-pants-7|Size:4XL|price:70000.00|compare:|weight:6000|barcode:|qty:0 | held-telli-gtx-textile-pants-8|Size:5XL|price:70000.00|compare:|weight:6000|barcode:|qty:0,"held-telli-gtx-textile-pants-1,held-telli-gtx-textile-pants-2,held-telli-gtx-textile-pants-3,held-telli-gtx-textile-pants-4,held-telli-gtx-textile-pants-5,held-telli-gtx-textile-pants-6,held-telli-gtx-textile-pants-7,held-telli-gtx-textile-pants-8",8,https://cdn.shopify.com/s/files/1/0076/8301/4754/products/6762_14_x_1.jpg?v=1652856838|pos:1|alt:Held Held Telli GTX Textile Pants – front view || https://cdn.shopify.com/s/files/1/0076/8301/4754/products/6762_14_x_2.jpg?v=1652856838|pos:2|alt:Held Held Telli GTX Textile Pants – side view,2,Held Held Telli GTX Textile Pants – front view | Held Held Telli GTX Textile Pants – side view,,0,Held Telli GTX Textile Pants,Held Telli GTX Textile Pants. Outer shell • DuPont® Cordura 500 D.,Contains non-textile parts of animal origin. mesh lining.,removable GORE-TEX® 3-layer technology liner.,DuPont® Cordura 500 D.,,Available in multiple sizes. Check the size guide before ordering.,Held Telli GTX Textile Pants — a textile Pant built to the specifications listed above.,true,draft,https://cdn.shopify.com/s/files/1/0076/8301/4754/products/6762_14_x_1.jpg?v=1652856838|role:hero || https://cdn.shopify.com/s/files/1/0076/8301/4754/products/6762_14_x_2.jpg?v=1652856838|role:construction detail,2,false,/products/held-telli-gtx-textile-pants,/products/held-telli-gtx-textile-pants
held-cosmo-3-0-leather-jacket,held-cosmo-3-0-leather-jacket,Held Cosmo 3.0 Leather Jacket,Held Cosmo 3.0 Leather Jacket,held-cosmo-3-0-leather-jacket,"Upper: 100% cowhide (Contains non-textile parts of animal origin) Lining: 80% cotton, 20% polyester Removable lining: 100% polyester | • Connecting zip. • SAS-TEC® 3-D protectors on shoulder and elbow made of visco-elastic soft foam, tested to EN 1621-1. • Back protector can be retrofitted, tested to EN 1621-2. • Reflector inserts. Available in multiple sizes and/or colours — select your variant.","<strong>Security</strong>
<ul>
<li>Connecting zip</li>
<li>SAS-TEC® 3-D protectors on shoulder and elbow made of visco-elastic soft foam, tested to EN 1621-1</li>
<li>Back protector can be retrofitted, tested to EN 1621-2</li>
<li>Reflector inserts</li>
<li>Velcro for retrofittable breast protector</li>
</ul>
<strong>Comfort / features</strong>
<ul>
<li>Stretch inserts on shoulders and elbows</li>
<li>Soft collar</li>
<li>Hip adjustment</li>
<li>Hero Clip-in Technology</li>
<li>Mobile phone pocket inside</li>
<li>Front zipper can also be used as an air vent</li>
<li>Ventilation zips in front, back and arms</li>
<li>4 outer pockets</li>
<li>3 inside pockets</li>
</ul>
<strong>Lining</strong>
<ul>
<li>Removable thermal vest</li>
<li>Breathable mesh lining</li>
<li>3D spacer fabric on the back</li>
</ul>
<strong>Material</strong>
<ul>
<li>TFL-COOL-SYSTEM®, reflects the sunlight</li>
<li>Soft cowhide</li>
</ul>
<h3>ADDITIONAL PRODUCT INFORMATION</h3>
<div>
<table class=""UserAttributes"">
<tbody>
<tr>
<td class=""AttributeLabel VerticalAlignMiddle"">Material</td>
<td class=""AttributeContent"">Upper: 100% cowhide (Contains non-textile parts of animal origin) Lining: 80% cotton, 20% polyester Removable lining: 100% polyester</td>
</tr>
</tbody>
</table>
</div>","Security

• Connecting zip

• SAS-TEC® 3-D protectors on shoulder and elbow made of visco-elastic soft foam, tested to EN 1621-1

• Back protector can be retrofitted, tested to EN 1621-2

• Reflector inserts

• Velcro for retrofittable breast protector

Comfort / features

• Stretch inserts on shoulders and elbows

• Soft collar

• Hip adjustment

• Hero Clip-in Technology

• Mobile phone pocket inside

• Front zipper can also be used as an air vent

• Ventilation zips in front, back and arms

• 4 outer pockets

• 3 inside pockets

Lining

• Removable thermal vest

• Breathable mesh lining

• 3D spacer fabric on the back

Material

• TFL-COOL-SYSTEM®, reflects the sunlight

• Soft cowhide

ADDITIONAL PRODUCT INFORMATION

Material | 
Upper: 100% cowhide (Contains non-textile parts of animal origin) Lining: 80% cotton, 20% polyester Removable lining: 100% polyester |",65000,,2026-07-26,active,Held,6000,g,Buy Held Cosmo 3.0 Leather Jacket | Mile 27 Store,"Upper: 100% cowhide (Contains non-textile parts of animal origin) Lining: 80% cotton, 20% polyester Removable lining: 100% polyester , Connecting zip.…","Connecting zip | SAS-TEC® 3-D protectors on shoulder and elbow made of visco-elastic soft foam, tested to EN 1621-1 | Back protector can be retrofitted, tested to EN 1621-2 | Reflector inserts",Cleaned noise; brand verified,High,false,Riding Gear > Riding Jackets > Leather Jackets,High,"Refined by title keyword: ""\bleather\s+jacket\b""",held-cosmo-3-0-leather-jacket-1|Size:46|price:65000.00|compare:|weight:6000|barcode:|qty:0 | held-cosmo-3-0-leather-jacket-2|Size:48|price:65000.00|compare:|weight:6000|barcode:|qty:0 | held-cosmo-3-0-leather-jacket-3|Size:50|price:65000.00|compare:|weight:6000|barcode:|qty:0 | held-cosmo-3-0-leather-jacket-4|Size:52|price:65000.00|compare:|weight:6000|barcode:|qty:0 | held-cosmo-3-0-leather-jacket-5|Size:54|price:65000.00|compare:|weight:6000|barcode:|qty:0 | held-cosmo-3-0-leather-jacket-6|Size:56|price:65000.00|compare:|weight:6000|barcode:|qty:0 | held-cosmo-3-0-leather-jacket-7|Size:58|price:65000.00|compare:|weight:6000|barcode:|qty:0 | held-cosmo-3-0-leather-jacket-8|Size:60|price:65000.00|compare:|weight:6000|barcode:|qty:0 | held-cosmo-3-0-leather-jacket-9|Size:62|price:65000.00|compare:|weight:6000|barcode:|qty:0 | held-cosmo-3-0-leather-jacket-10|Size:64|price:65000.00|compare:|weight:6000|barcode:|qty:0,"held-cosmo-3-0-leather-jacket-1,held-cosmo-3-0-leather-jacket-2,held-cosmo-3-0-leather-jacket-3,held-cosmo-3-0-leather-jacket-4,held-cosmo-3-0-leather-jacket-5,held-cosmo-3-0-leather-jacket-6,held-cosmo-3-0-leather-jacket-7,held-cosmo-3-0-leather-jacket-8,held-cosmo-3-0-leather-jacket-9,held-cosmo-3-0-leather-jacket-10",10,https://cdn.shopify.com/s/files/1/0076/8301/4754/products/5733_01_x_1.jpg?v=1652856133|pos:1|alt:Held Held Cosmo 3.0 Leather Jacket – front view || https://cdn.shopify.com/s/files/1/0076/8301/4754/products/5733_01_x_2.jpg?v=1652856135|pos:2|alt:Held Held Cosmo 3.0 Leather Jacket – side view,2,Held Held Cosmo 3.0 Leather Jacket – front view | Held Held Cosmo 3.0 Leather Jacket – side view,,0,Held Cosmo 3.0 Leather Jacket,"Held Cosmo 3.0 Leather Jacket. Upper: 100% cowhide (Contains non-textile parts of animal origin) Lining: 80% cotton, 20% polyester Removable lining: 100% polyester | • Connecting zip.",,,"Connecting zip. SAS-TEC® 3-D protectors on shoulder and elbow made of visco-elastic soft foam, tested to EN 1621-1. Back protector can be retrofitted, tested to EN 1621-2. Reflector inserts.",,Available in multiple sizes. Check the size guide before ordering.,Held Cosmo 3.0 Leather Jacket — a leather Jacket built to the specifications listed above.,true,draft,https://cdn.shopify.com/s/files/1/0076/8301/4754/products/5733_01_x_1.jpg?v=1652856133|role:hero || https://cdn.shopify.com/s/files/1/0076/8301/4754/products/5733_01_x_2.jpg?v=1652856135|role:construction detail,2,false,/products/held-cosmo-3-0-leather-jacket,/products/held-cosmo-3-0-leather-jacket
held-avolo-3-0-leather-pants,held-avolo-3-0-leather-pants,Held Avolo 3.0 Leather Pants,Held Avolo 3.0 Leather Pants,held-avolo-3-0-leather-pants,Upper: 100% cowhide (contains non-textile parts of animal origin) Lining: 100% polyester | • Soft cowhide. • TFL COOL SYSTEM® heat reflective treatment. • Breathable mesh inner lining. • 2 external pockets. Available in multiple sizes and/or colours — select your variant.,"<strong>Material</strong>
<ul>
<li>Soft cowhide</li>
<li>TFL COOL SYSTEM® heat reflective treatment</li>
</ul>
<strong>Lining</strong>
<ul>
<li>Breathable mesh inner lining</li>
</ul>
<strong>Fit/features</strong>
<ul>
<li>2 external pockets</li>
<li>Air-vent zippers</li>
<li>Stretch leather at back &amp; knees</li>
<li>Waist belt</li>
<li>Elasticated waist</li>
<li>High waisted with adjustable velcro flaps</li>
<li>Button fixtures for optional braces (art. 3057)</li>
<li>Held Clip-in Technology</li>
</ul>
<strong>Protection</strong>
<ul>
<li>Optional hip protectors</li>
<li>Pocket for optional Held cloverleaf SAS-TEC® CE-proved coccyx protector</li>
<li>EN 1621-1 CE-approved height-adjustable SAS-TEC® 3D knee protectors</li>
<li>Reflective sections</li>
<li>Connecting zip</li>
</ul>
<h3>ADDITIONAL PRODUCT INFORMATION</h3>
<div>
<table class=""UserAttributes"">
<tbody>
<tr>
<td class=""AttributeLabel VerticalAlignMiddle"">Material</td>
<td class=""AttributeContent"">Upper: 100% cowhide (contains non-textile parts of animal origin) Lining: 100% polyester</td>
</tr>
</tbody>
</table>
</div>","Material

• Soft cowhide

• TFL COOL SYSTEM® heat reflective treatment

Lining

• Breathable mesh inner lining

Fit/features

• 2 external pockets

• Air-vent zippers

• Stretch leather at back & knees

• Waist belt

• Elasticated waist

• High waisted with adjustable velcro flaps

• Button fixtures for optional braces (art. 3057)

• Held Clip-in Technology

Protection

• Optional hip protectors

• Pocket for optional Held cloverleaf SAS-TEC® CE-proved coccyx protector

• EN 1621-1 CE-approved height-adjustable SAS-TEC® 3D knee protectors

• Reflective sections

• Connecting zip

ADDITIONAL PRODUCT INFORMATION

Material | 
Upper: 100% cowhide (contains non-textile parts of animal origin) Lining: 100% polyester |",56000,,2026-07-26,active,Held,6000,g,Buy Held Avolo 3.0 Leather Pants | Mile 27 Store,"Upper: 100% cowhide (contains non-textile parts of animal origin) Lining: 100% polyester , Soft cowhide. TFL COOL SYSTEM® heat reflective treatment.…",Soft cowhide | TFL COOL SYSTEM® heat reflective treatment | Breathable mesh inner lining | 2 external pockets,Cleaned noise; brand verified,High,false,Riding Gear > Riding Pants > Leather Pants,High,"Refined by title keyword: ""\bleather\s+pants\b""",held-avolo-3-0-leather-pants-1|Size:46|price:56000.00|compare:|weight:6000|barcode:|qty:0 | held-avolo-3-0-leather-pants-2|Size:48|price:56000.00|compare:|weight:6000|barcode:|qty:0 | held-avolo-3-0-leather-pants-3|Size:50|price:56000.00|compare:|weight:6000|barcode:|qty:0 | held-avolo-3-0-leather-pants-4|Size:52|price:56000.00|compare:|weight:6000|barcode:|qty:0 | held-avolo-3-0-leather-pants-5|Size:54|price:56000.00|compare:|weight:6000|barcode:|qty:0 | held-avolo-3-0-leather-pants-6|Size:56|price:56000.00|compare:|weight:6000|barcode:|qty:0 | held-avolo-3-0-leather-pants-7|Size:58|price:56000.00|compare:|weight:6000|barcode:|qty:0 | held-avolo-3-0-leather-pants-8|Size:60|price:56000.00|compare:|weight:6000|barcode:|qty:0 | held-avolo-3-0-leather-pants-9|Size:62|price:56000.00|compare:|weight:6000|barcode:|qty:0 | held-avolo-3-0-leather-pants-10|Size:64|price:56000.00|compare:|weight:6000|barcode:|qty:0,"held-avolo-3-0-leather-pants-1,held-avolo-3-0-leather-pants-2,held-avolo-3-0-leather-pants-3,held-avolo-3-0-leather-pants-4,held-avolo-3-0-leather-pants-5,held-avolo-3-0-leather-pants-6,held-avolo-3-0-leather-pants-7,held-avolo-3-0-leather-pants-8,held-avolo-3-0-leather-pants-9,held-avolo-3-0-leather-pants-10",10,https://cdn.shopify.com/s/files/1/0076/8301/4754/products/5760_01_x_1.jpg?v=1652855661|pos:1|alt:Held Held Avolo 3.0 Leather Pants – front view || https://cdn.shopify.com/s/files/1/0076/8301/4754/products/5760_01_x_2.jpg?v=1652855661|pos:2|alt:Held Held Avolo 3.0 Leather Pants – side view,2,Held Held Avolo 3.0 Leather Pants – front view | Held Held Avolo 3.0 Leather Pants – side view,,0,Held Avolo 3.0 Leather Pants,Held Avolo 3.0 Leather Pants. Upper: 100% cowhide (contains non-textile parts of animal origin) Lining: 100% polyester | • Soft cowhide.,Breathable mesh inner lining.,,Soft cowhide. TFL COOL SYSTEM® heat reflective treatment. 2 external pockets.,,Available in multiple sizes. Check the size guide before ordering.,Held Avolo 3.0 Leather Pants — a leather Pant built to the specifications listed above.,true,draft,https://cdn.shopify.com/s/files/1/0076/8301/4754/products/5760_01_x_1.jpg?v=1652855661|role:hero || https://cdn.shopify.com/s/files/1/0076/8301/4754/products/5760_01_x_2.jpg?v=1652855661|role:construction detail,2,false,/products/held-avolo-3-0-leather-pants,/products/held-avolo-3-0-leather-pants
held-spector-leather-pants,held-spector-leather-pants,Held Spector Leather Pants,Held Spector Leather Pants,held-spector-leather-pants,"Security • Connecting zip. • Pocket for tailbone protection, for retrofitting with 4t SAS-TEC® 3-D protection made of visco-elastic soft foam. • Safety seams. • Leather doubling on the buttocks. Available in multiple sizes and/or colours — select your variant.","<strong>Security</strong>
<ul>
<li>Connecting zip</li>
<li>Pocket for tailbone protection, for retrofitting with 4t SAS-TEC® 3-D protection made of visco-elastic soft foam</li>
<li>Safety seams</li>
<li>Leather doubling on the buttocks</li>
<li>Hip protectors, tested to EN 1621-1</li>
<li>height-adjustable soft protectors on the knee, tested to EN 1621-1</li>
</ul>
<strong>Comfort / features</strong>
<ul>
<li>Leather stretch inserts in crotch and calf</li>
<li>Leather stretch inserts on the back and knees</li>
<li>H.P.A system (Held protector adjustment) in the knee</li>
<li>2 outer pockets</li>
</ul>
<span><strong>Lining</strong></span>
<ul>
<li><span>Breathable mesh lining</span></li>
</ul>
<strong>Material</strong>
<ul>
<li>Soft cowhide</li>
</ul>
<strong>Colour</strong>
<ul>
<li>black</li>
</ul>","Security

• Connecting zip

• Pocket for tailbone protection, for retrofitting with 4t SAS-TEC® 3-D protection made of visco-elastic soft foam

• Safety seams

• Leather doubling on the buttocks

• Hip protectors, tested to EN 1621-1

• height-adjustable soft protectors on the knee, tested to EN 1621-1

Comfort / features

• Leather stretch inserts in crotch and calf

• Leather stretch inserts on the back and knees

• H.P.A system (Held protector adjustment) in the knee

• 2 outer pockets

Lining

• Breathable mesh lining

Material

• Soft cowhide

Colour

• black",55000,,2026-07-26,active,Held,6000,g,Buy Held Spector Leather Pants | Mile 27 Store,"Security Connecting zip. Pocket for tailbone protection, for retrofitting with 4t SAS-TEC® 3-D protection made of visco-elastic soft foam. Safety seams.…","Connecting zip | Pocket for tailbone protection, for retrofitting with 4t SAS-TEC® 3-D protection made of visco-elastic soft foam | Safety seams | Leather doubling on the buttocks",Cleaned noise; brand verified,High,false,Riding Gear > Riding Pants > Leather Pants,High,"Refined by title keyword: ""\bleather\s+pants\b""",held-spector-leather-pants-1|Size:48|price:55000.00|compare:|weight:6000|barcode:|qty:0 | held-spector-leather-pants-2|Size:50|price:55000.00|compare:|weight:6000|barcode:|qty:0 | held-spector-leather-pants-3|Size:52|price:55000.00|compare:|weight:6000|barcode:|qty:0 | held-spector-leather-pants-4|Size:54|price:55000.00|compare:|weight:6000|barcode:|qty:0 | held-spector-leather-pants-5|Size:56|price:55000.00|compare:|weight:6000|barcode:|qty:0 | held-spector-leather-pants-6|Size:58|price:55000.00|compare:|weight:6000|barcode:|qty:0 | held-spector-leather-pants-7|Size:60|price:55000.00|compare:|weight:6000|barcode:|qty:0,"held-spector-leather-pants-1,held-spector-leather-pants-2,held-spector-leather-pants-3,held-spector-leather-pants-4,held-spector-leather-pants-5,held-spector-leather-pants-6,held-spector-leather-pants-7",7,https://cdn.shopify.com/s/files/1/0076/8301/4754/products/051954-00-001-01.jpg?v=1652855383|pos:1|alt:Held Held Spector Leather Pants – front view || https://cdn.shopify.com/s/files/1/0076/8301/4754/products/051954-00-001-02.jpg?v=1652855383|pos:2|alt:Held Held Spector Leather Pants – side view,2,Held Held Spector Leather Pants – front view | Held Held Spector Leather Pants – side view,,0,Held Spector Leather Pants,Held Spector Leather Pants. Security • Connecting zip.,Leather doubling on the buttocks.,,"Connecting zip. Pocket for tailbone protection, for retrofitting with 4t SAS-TEC® 3-D protection made of visco-elastic soft foam. Safety seams.",,Available in multiple sizes. Check the size guide before ordering.,Held Spector Leather Pants — a leather Pant built to the specifications listed above.,true,draft,https://cdn.shopify.com/s/files/1/0076/8301/4754/products/051954-00-001-01.jpg?v=1652855383|role:hero || https://cdn.shopify.com/s/files/1/0076/8301/4754/products/051954-00-001-02.jpg?v=1652855383|role:construction detail,2,false,/products/held-spector-leather-pants,/products/held-spector-leather-pants
held-wave-gore-tex-x-trafit-gloves,held-wave-gore-tex-x-trafit-gloves,Held Wave Gore-Tex X-Trafit Gloves,Held Wave Gore-Tex X-Trafit Gloves,held-wave-gore-tex-x-trafit-gloves,"Touring glove • Art. 2341. • goatskin palm. • stretch fabric (75% polyamide, 15% polyurethane, 10% others), leather detailed back. • TFL COOL SYSTEM® heat reflective treatment. Available in multiple sizes and/or colours — select your variant.","<b>Touring glove</b>
<li>Art. 2341</li><br>
<b>outer shell</b><br>
•  goatskin palm<br>
•  stretch fabric (75% polyamide, 15% polyurethane, 10% others), leather detailed back<br>
•  TFL COOL SYSTEM<sup>®</sup><span> </span>heat reflective treatment<br><br>
<b>lining</b><br>
•  pique push-pull lining (100% polyester)<br><br>
<b>membrane</b><br>
•  GORE-TEX<sup>®</sup><span> </span>membrane (100% polyester with 100% polyurethane coating)<br><br>
<b>fit/features</b><br>
•  velcro adjustment at wrists &amp; cuffs<br>
•  tunnel strap<br>
•  visor wipe<br>
•  elasticated leather panels on back, thumb &amp; fingers<br><br>
<b>protection</b><br>
•  TEMPERFOAM<sup>®</sup><span> </span>knuckle protection<br>
•  double leather at palm<br>
•  SUPERFABRIC<sup>®</sup><span> </span>reinforcement on edge of hand<br>
•  reinforced edge of hand<br>
•  3M SCOTCHLITE<sup>™</sup>reflective piping","Touring glove
• Art. 2341

outer shell

•  goatskin palm

•  stretch fabric (75% polyamide, 15% polyurethane, 10% others), leather detailed back

•  TFL COOL SYSTEM® heat reflective treatment

lining

•  pique push-pull lining (100% polyester)

membrane

•  GORE-TEX® membrane (100% polyester with 100% polyurethane coating)

fit/features

•  velcro adjustment at wrists & cuffs

•  tunnel strap

•  visor wipe

•  elasticated leather panels on back, thumb & fingers

protection

•  TEMPERFOAM® knuckle protection

•  double leather at palm

•  SUPERFABRIC® reinforcement on edge of hand

•  reinforced edge of hand

•  3M SCOTCHLITE™reflective piping",23000,,2026-07-26,active,Held,2000,g,Buy Held Wave Gore-Tex X-Trafit Gloves | Mile 27 Store,"Touring glove Art. 2341. goatskin palm. stretch fabric (75% polyamide, 15% polyurethane, 10% others), leather detailed back. TFL COOL SYSTEM® heat…","Art. 2341 | goatskin palm | stretch fabric (75% polyamide, 15% polyurethane, 10% others), leather detailed back | TFL COOL SYSTEM® heat reflective treatment",Cleaned noise; brand verified,High,false,Riding Gear > Riding Gloves,High,"Mapped from Shopify Type ""Riding Gloves""",held-wave-gore-tex-x-trafit-gloves-1|Size:6:Colour:Black/Gray|price:23000.00|compare:|weight:2000|barcode:|qty:0 | held-wave-gore-tex-x-trafit-gloves-2|Size:6:Colour:Black/Red|price:23000.00|compare:|weight:2000|barcode:|qty:0 | held-wave-gore-tex-x-trafit-gloves-3|Size:7:Colour:Black/Gray|price:23000.00|compare:|weight:2000|barcode:|qty:0 | held-wave-gore-tex-x-trafit-gloves-4|Size:7:Colour:Black/Red|price:23000.00|compare:|weight:2000|barcode:|qty:0 | held-wave-gore-tex-x-trafit-gloves-5|Size:8:Colour:Black/Gray|price:23000.00|compare:|weight:2000|barcode:|qty:0 | held-wave-gore-tex-x-trafit-gloves-6|Size:8:Colour:Black/Red|price:23000.00|compare:|weight:2000|barcode:|qty:0 | held-wave-gore-tex-x-trafit-gloves-7|Size:9:Colour:Black/Gray|price:23000.00|compare:|weight:2000|barcode:|qty:0 | held-wave-gore-tex-x-trafit-gloves-8|Size:9:Colour:Black/Red|price:23000.00|compare:|weight:2000|barcode:|qty:0 | held-wave-gore-tex-x-trafit-gloves-9|Size:10:Colour:Black/Gray|price:23000.00|compare:|weight:2000|barcode:|qty:0 | held-wave-gore-tex-x-trafit-gloves-10|Size:10:Colour:Black/Red|price:23000.00|compare:|weight:2000|barcode:|qty:0 | held-wave-gore-tex-x-trafit-gloves-11|Size:11:Colour:Black/Gray|price:23000.00|compare:|weight:2000|barcode:|qty:0 | held-wave-gore-tex-x-trafit-gloves-12|Size:11:Colour:Black/Red|price:23000.00|compare:|weight:2000|barcode:|qty:0 | held-wave-gore-tex-x-trafit-gloves-13|Size:12:Colour:Black/Gray|price:23000.00|compare:|weight:2000|barcode:|qty:0 | held-wave-gore-tex-x-trafit-gloves-14|Size:12:Colour:Black/Red|price:23000.00|compare:|weight:2000|barcode:|qty:0,"held-wave-gore-tex-x-trafit-gloves-1,held-wave-gore-tex-x-trafit-gloves-2,held-wave-gore-tex-x-trafit-gloves-3,held-wave-gore-tex-x-trafit-gloves-4,held-wave-gore-tex-x-trafit-gloves-5,held-wave-gore-tex-x-trafit-gloves-6,held-wave-gore-tex-x-trafit-gloves-7,held-wave-gore-tex-x-trafit-gloves-8,held-wave-gore-tex-x-trafit-gloves-9,held-wave-gore-tex-x-trafit-gloves-10,held-wave-gore-tex-x-trafit-gloves-11,held-wave-gore-tex-x-trafit-gloves-12,held-wave-gore-tex-x-trafit-gloves-13,held-wave-gore-tex-x-trafit-gloves-14",14,https://cdn.shopify.com/s/files/1/0076/8301/4754/products/Held-Wave-Black-grey-1-2341_03_x.jpg?v=1652854837|pos:1|alt:Held Held Wave Gore-Tex X-Trafit Gloves – front view || https://cdn.shopify.com/s/files/1/0076/8301/4754/products/Held-Wave-Black-grey-2-2341_03_x_unterhand.jpg?v=1652854837|pos:2|alt:Held Held Wave Gore-Tex X-Trafit Gloves – side view || https://cdn.shopify.com/s/files/1/0076/8301/4754/products/Held-Wave-Gore-Tex-X-Trafit-01-BlackRed-1.jpg?v=1652854839|pos:3|alt:Held Held Wave Gore-Tex X-Trafit Gloves – rear view || https://cdn.shopify.com/s/files/1/0076/8301/4754/products/Held-Wave-Gore-Tex-X-Trafit-01-BlackRed-2.jpg?v=1652854837|pos:4|alt:Held Held Wave Gore-Tex X-Trafit Gloves – detail view,4,Held Held Wave Gore-Tex X-Trafit Gloves – front view | Held Held Wave Gore-Tex X-Trafit Gloves – side view | Held Held Wave Gore-Tex X-Trafit Gloves – rear view | Held Held Wave Gore-Tex X-Trafit Gloves – detail view,,0,Held Wave Gore-Tex X-Trafit Gloves,Held Wave Gore-Tex X-Trafit Gloves. Touring glove • Art. 2341.,"stretch fabric (75% polyamide, 15% polyurethane, 10% others), leather detailed back.",,Art. 2341. goatskin palm. TFL COOL SYSTEM® heat reflective treatment.,,Available in multiple sizes. Check the size guide before ordering.,Held Wave Gore-Tex X-Trafit Gloves — a riding Glov built to the specifications listed above.,true,draft,https://cdn.shopify.com/s/files/1/0076/8301/4754/products/Held-Wave-Black-grey-1-2341_03_x.jpg?v=1652854837|role:hero || https://cdn.shopify.com/s/files/1/0076/8301/4754/products/Held-Wave-Black-grey-2-2341_03_x_unterhand.jpg?v=1652854837|role:construction detail || https://cdn.shopify.com/s/files/1/0076/8301/4754/products/Held-Wave-Gore-Tex-X-Trafit-01-BlackRed-1.jpg?v=1652854839|role:side profile,3,false,/products/held-wave-gore-tex-x-trafit-gloves,/products/held-wave-gore-tex-x-trafit-gloves
held-titan-rr-gloves,held-titan-rr-gloves,Held Titan RR Gloves,Held Titan RR Gloves,held-titan-rr-gloves,"Material: 100% kangaroo leather (Contains non-textile parts of animal origin) • Special step seam avoids pressure points on inner hand & enhances feel. • Pre-formed, crease-free palm. • Tunnel strap. • Perforated fi nger side walls. Available in multiple sizes and/or colours — select your variant.","<strong>Features:</strong>
<ul>
<li>Special step seam avoids pressure points on inner hand &amp; enhances feel</li>
<li>Pre-formed, crease-free palm</li>
<li>Tunnel strap</li>
<li>Perforated fi nger side walls</li>
<li>Elasticated leather panels on back, thumb &amp; fi ngers</li>
<li>New sewing technology for more protection</li>
</ul>
<strong>Specifications:</strong>
<u>Protection:</u>
<ul>
<li>Safety tested under EN 13594:2015 „protected glove for motorcyclists""</li>
<li>SUPROTECT® shock-absorbing special foam on back of hand &amp; ball of thumb</li>
<li>Knuckle protection tested (impact test for knuckle protection)</li>
<li>Titanium knuckle protectors</li>
<li>Side of hand &amp; ball of the thumb reinforced with leather &amp; Armaprotect</li>
<li>Ball of the thumb &amp; fi nger protected by highly abrasion-resistant stingray leather, underlaid with shock-absorbing gel</li>
<li>Held Armaprotect protection on back of hand</li>
<li>Edge of hand protected by hard plastic shell reinforced with titanium</li>
<li>Ring- &amp; pinkie fi nger bridge reinforced with Aramid ceramic polymermatrix coating</li>
<li>Stingray skin reinforcement on little finger</li>
</ul>
<u>Lining:</u>
<ul>
<li>Unlined</li>
<li>Upper hand and hand cuff lined with Held Armaprotect</li>
</ul>
<u>Material:</u>
<ul>
<li>Highly abrasion-resistant kangaroo leather</li>
<li>Colourfast &amp; sweat-proof</li>
</ul>

<h3>ADDITIONAL PRODUCT INFORMATION</h3>
<b>Material:</b> 100% kangaroo leather (Contains non-textile parts of animal origin)","Features:

• Special step seam avoids pressure points on inner hand & enhances feel

• Pre-formed, crease-free palm

• Tunnel strap

• Perforated fi nger side walls

• Elasticated leather panels on back, thumb & fi ngers

• New sewing technology for more protection

Specifications:
Protection:

• Safety tested under EN 13594:2015 „protected glove for motorcyclists""

• SUPROTECT® shock-absorbing special foam on back of hand & ball of thumb

• Knuckle protection tested (impact test for knuckle protection)

• Titanium knuckle protectors

• Side of hand & ball of the thumb reinforced with leather & Armaprotect

• Ball of the thumb & fi nger protected by highly abrasion-resistant stingray leather, underlaid with shock-absorbing gel

• Held Armaprotect protection on back of hand

• Edge of hand protected by hard plastic shell reinforced with titanium

• Ring- & pinkie fi nger bridge reinforced with Aramid ceramic polymermatrix coating

• Stingray skin reinforcement on little finger

Lining:

• Unlined

• Upper hand and hand cuff lined with Held Armaprotect

Material:

• Highly abrasion-resistant kangaroo leather

• Colourfast & sweat-proof

ADDITIONAL PRODUCT INFORMATION

Material: 100% kangaroo leather (Contains non-textile parts of animal origin)",58000,,2026-07-26,active,Held,2000,g,Buy Held Titan RR Gloves | Mile 27 Store,Material: 100% kangaroo leather (Contains non-textile parts of animal origin) Special step seam avoids pressure points on inner hand & enhances feel.…,"Special step seam avoids pressure points on inner hand & enhances feel | Pre-formed, crease-free palm | Tunnel strap | Perforated fi nger side walls",Cleaned noise; brand verified,High,false,Riding Gear > Riding Gloves,High,"Mapped from Shopify Type ""Riding Gloves""",held-titan-rr-gloves-1|Size:7:Colour:Black|price:58000.00|compare:|weight:2000|barcode:|qty:0 | held-titan-rr-gloves-2|Size:7:Colour:Black/White|price:58000.00|compare:|weight:2000|barcode:|qty:0 | held-titan-rr-gloves-3|Size:7:Colour:Black/Neon|price:58000.00|compare:|weight:2000|barcode:|qty:0 | held-titan-rr-gloves-4|Size:7:Colour:Red/White|price:58000.00|compare:|weight:2000|barcode:|qty:0 | held-titan-rr-gloves-5|Size:7:Colour:Blue/Red/White|price:58000.00|compare:|weight:2000|barcode:|qty:0 | held-titan-rr-gloves-6|Size:8:Colour:Black|price:58000.00|compare:|weight:2000|barcode:|qty:0 | held-titan-rr-gloves-7|Size:8:Colour:Black/White|price:58000.00|compare:|weight:2000|barcode:|qty:0 | held-titan-rr-gloves-8|Size:8:Colour:Black/Neon|price:58000.00|compare:|weight:2000|barcode:|qty:0 | held-titan-rr-gloves-9|Size:8:Colour:Red/White|price:58000.00|compare:|weight:2000|barcode:|qty:0 | held-titan-rr-gloves-10|Size:8:Colour:Blue/Red/White|price:58000.00|compare:|weight:2000|barcode:|qty:0 | held-titan-rr-gloves-11|Size:9:Colour:Black|price:58000.00|compare:|weight:2000|barcode:|qty:0 | held-titan-rr-gloves-12|Size:9:Colour:Black/White|price:58000.00|compare:|weight:2000|barcode:|qty:0 | held-titan-rr-gloves-13|Size:9:Colour:Black/Neon|price:58000.00|compare:|weight:2000|barcode:|qty:0 | held-titan-rr-gloves-14|Size:9:Colour:Red/White|price:58000.00|compare:|weight:2000|barcode:|qty:0 | held-titan-rr-gloves-15|Size:9:Colour:Blue/Red/White|price:58000.00|compare:|weight:2000|barcode:|qty:0 | held-titan-rr-gloves-16|Size:10:Colour:Black|price:58000.00|compare:|weight:2000|barcode:|qty:0 | held-titan-rr-gloves-17|Size:10:Colour:Black/White|price:58000.00|compare:|weight:2000|barcode:|qty:0 | held-titan-rr-gloves-18|Size:10:Colour:Black/Neon|price:58000.00|compare:|weight:2000|barcode:|qty:0 | held-titan-rr-gloves-19|Size:10:Colour:Red/White|price:58000.00|compare:|weight:2000|barcode:|qty:0 | held-titan-rr-gloves-20|Size:10:Colour:Blue/Red/White|price:58000.00|compare:|weight:2000|barcode:|qty:0 | held-titan-rr-gloves-21|Size:11:Colour:Black|price:58000.00|compare:|weight:2000|barcode:|qty:0 | held-titan-rr-gloves-22|Size:11:Colour:Black/White|price:58000.00|compare:|weight:2000|barcode:|qty:0 | held-titan-rr-gloves-23|Size:11:Colour:Black/Neon|price:58000.00|compare:|weight:2000|barcode:|qty:0 | held-titan-rr-gloves-24|Size:11:Colour:Red/White|price:58000.00|compare:|weight:2000|barcode:|qty:0 | held-titan-rr-gloves-25|Size:11:Colour:Blue/Red/White|price:58000.00|compare:|weight:2000|barcode:|qty:0 | held-titan-rr-gloves-26|Size:12:Colour:Black|price:58000.00|compare:|weight:2000|barcode:|qty:0 | held-titan-rr-gloves-27|Size:12:Colour:Black/White|price:58000.00|compare:|weight:2000|barcode:|qty:0 | held-titan-rr-gloves-28|Size:12:Colour:Black/Neon|price:58000.00|compare:|weight:2000|barcode:|qty:0 | held-titan-rr-gloves-29|Size:12:Colour:Red/White|price:58000.00|compare:|weight:2000|barcode:|qty:0 | held-titan-rr-gloves-30|Size:12:Colour:Blue/Red/White|price:58000.00|compare:|weight:2000|barcode:|qty:0,"held-titan-rr-gloves-1,held-titan-rr-gloves-2,held-titan-rr-gloves-3,held-titan-rr-gloves-4,held-titan-rr-gloves-5,held-titan-rr-gloves-6,held-titan-rr-gloves-7,held-titan-rr-gloves-8,held-titan-rr-gloves-9,held-titan-rr-gloves-10,held-titan-rr-gloves-11,held-titan-rr-gloves-12,held-titan-rr-gloves-13,held-titan-rr-gloves-14,held-titan-rr-gloves-15,held-titan-rr-gloves-16,held-titan-rr-gloves-17,held-titan-rr-gloves-18,held-titan-rr-gloves-19,held-titan-rr-gloves-20,held-titan-rr-gloves-21,held-titan-rr-gloves-22,held-titan-rr-gloves-23,held-titan-rr-gloves-24,held-titan-rr-gloves-25,held-titan-rr-gloves-26,held-titan-rr-gloves-27,held-titan-rr-gloves-28,held-titan-rr-gloves-29,held-titan-rr-gloves-30",30,https://cdn.shopify.com/s/files/1/0076/8301/4754/products/022010-00-001-01a.jpg?v=1652854358|pos:1|alt:Held Held Titan RR Gloves – front view || https://cdn.shopify.com/s/files/1/0076/8301/4754/products/X02X02201000001a.jpg?v=1652854355|pos:2|alt:Held Held Titan RR Gloves – side view || https://cdn.shopify.com/s/files/1/0076/8301/4754/products/022010-00-014-01a.jpg?v=1652854354|pos:3|alt:Held Held Titan RR Gloves – rear view || https://cdn.shopify.com/s/files/1/0076/8301/4754/products/X02X02201000014a.jpg?v=1652854356|pos:4|alt:Held Held Titan RR Gloves – detail view || https://cdn.shopify.com/s/files/1/0076/8301/4754/products/022010-00-058-01a.jpg?v=1652854356|pos:5|alt:Held Held Titan RR Gloves – top view || https://cdn.shopify.com/s/files/1/0076/8301/4754/products/X02X02201000058a.jpg?v=1652854357|pos:6|alt:Held Held Titan RR Gloves – product view || https://cdn.shopify.com/s/files/1/0076/8301/4754/products/022010-00-021-01a.jpg?v=1652854358|pos:7|alt:Held Held Titan RR Gloves – product view || https://cdn.shopify.com/s/files/1/0076/8301/4754/products/X02X02201000021a.jpg?v=1652854355|pos:8|alt:Held Held Titan RR Gloves – product view || https://cdn.shopify.com/s/files/1/0076/8301/4754/products/022010-00-042-01a.jpg?v=1652854357|pos:9|alt:Held Held Titan RR Gloves – product view || https://cdn.shopify.com/s/files/1/0076/8301/4754/products/X02X02201000042a.jpg?v=1652854357|pos:10|alt:Held Held Titan RR Gloves – product view,10,Held Held Titan RR Gloves – front view | Held Held Titan RR Gloves – side view | Held Held Titan RR Gloves – rear view | Held Held Titan RR Gloves – detail view | Held Held Titan RR Gloves – top view | Held Held Titan RR Gloves – product view,,0,Held Titan RR Gloves,Held Titan RR Gloves. Material: 100% kangaroo leather (Contains non-textile parts of animal origin) • Special step seam avoids pressure points on inner hand & enhances feel.,,,"Special step seam avoids pressure points on inner hand & enhances feel. Pre-formed, crease-free palm. Tunnel strap. Perforated fi nger side walls.",,Available in multiple sizes. Check the size guide before ordering.,Held Titan RR Gloves — a riding Glov built to the specifications listed above.,true,draft,https://cdn.shopify.com/s/files/1/0076/8301/4754/products/022010-00-001-01a.jpg?v=1652854358|role:hero || https://cdn.shopify.com/s/files/1/0076/8301/4754/products/X02X02201000001a.jpg?v=1652854355|role:construction detail || https://cdn.shopify.com/s/files/1/0076/8301/4754/products/022010-00-014-01a.jpg?v=1652854354|role:side profile,3,false,/products/held-titan-rr-gloves,/products/held-titan-rr-gloves
held-phantom-ii-gloves,held-phantom-ii-gloves,Held Phantom II Gloves,Held Phantom II Gloves,held-phantom-ii-gloves,• Sports glove • Sports glove. • Art. 2312. • highly abrasion-resistant kangaroo leather. • colourfast & sweat-proof. Available in multiple sizes and/or colours — select your variant.,"<li>Sports glove</li>
<li>Art. 2312</li><br>
<b>Outer shell</b>
<li>highly abrasion-resistant kangaroo leather</li>
<li>colourfast &amp; sweat-proof</li><br>
<b>lining</b>
<li>unlined</li><br>
<b>Fit/features</b>
<li>pre-formed, crease-free palm</li>
<li>special step seam avoids pressure points on inner hand &amp; enhances feel</li>
<li>tunnel strap</li>
<li>visor wipe</li>
<li>perforated finger side walls</li><br>
<b>Protection</b>
<li>Titanium knuckle protectors</li>
<li>GRP stingray skin covered hand edge protection</li>
<li>SUPERFABRIC reinforcement on fingers &amp; edge of hand</li>
<li>SUPROTECT shock-absorbing special foam on back of hand &amp; ball of thumb</li>
<li>Armidefiber (Kevlar) protection on back of hand</li>
<li>SUPROTECT shock absorbing special foam over back of hand &amp; thumb</li>","• Sports glove

• Art. 2312

Outer shell
• highly abrasion-resistant kangaroo leather

• colourfast & sweat-proof

lining
• unlined

Fit/features
• pre-formed, crease-free palm

• special step seam avoids pressure points on inner hand & enhances feel

• tunnel strap

• visor wipe

• perforated finger side walls

Protection
• Titanium knuckle protectors

• GRP stingray skin covered hand edge protection

• SUPERFABRIC reinforcement on fingers & edge of hand

• SUPROTECT shock-absorbing special foam on back of hand & ball of thumb

• Armidefiber (Kevlar) protection on back of hand

• SUPROTECT shock absorbing special foam over back of hand & thumb",41000,,2026-07-26,active,Held,2000,g,Buy Held Phantom II Gloves | Mile 27 Store,Sports glove Sports glove. Art. 2312. highly abrasion-resistant kangaroo leather. colourfast & sweat-proof.,Sports glove | Art. 2312 | highly abrasion-resistant kangaroo leather | colourfast & sweat-proof,Cleaned noise; brand verified,High,false,Riding Gear > Riding Gloves,High,"Mapped from Shopify Type ""Riding Gloves""",held-phantom-ii-gloves-1|Size:6:Colour:Black|price:41000.00|compare:|weight:2000|barcode:|qty:0 | held-phantom-ii-gloves-2|Size:6:Colour:Black/White|price:41000.00|compare:|weight:2000|barcode:|qty:0 | held-phantom-ii-gloves-3|Size:6:Colour:Black/Neon|price:41000.00|compare:|weight:2000|barcode:|qty:0 | held-phantom-ii-gloves-4|Size:6:Colour:White/Red|price:41000.00|compare:|weight:2000|barcode:|qty:0 | held-phantom-ii-gloves-5|Size:6:Colour:White/Blue|price:41000.00|compare:|weight:2000|barcode:|qty:0 | held-phantom-ii-gloves-6|Size:6:Colour:White/Green|price:41000.00|compare:|weight:2000|barcode:|qty:0 | held-phantom-ii-gloves-7|Size:7:Colour:Black|price:41000.00|compare:|weight:2000|barcode:|qty:0 | held-phantom-ii-gloves-8|Size:7:Colour:Black/White|price:41000.00|compare:|weight:2000|barcode:|qty:0 | held-phantom-ii-gloves-9|Size:7:Colour:Black/Neon|price:41000.00|compare:|weight:2000|barcode:|qty:0 | held-phantom-ii-gloves-10|Size:7:Colour:White/Red|price:41000.00|compare:|weight:2000|barcode:|qty:0 | held-phantom-ii-gloves-11|Size:7:Colour:White/Blue|price:41000.00|compare:|weight:2000|barcode:|qty:0 | held-phantom-ii-gloves-12|Size:7:Colour:White/Green|price:41000.00|compare:|weight:2000|barcode:|qty:0 | held-phantom-ii-gloves-13|Size:8:Colour:Black|price:41000.00|compare:|weight:2000|barcode:|qty:0 | held-phantom-ii-gloves-14|Size:8:Colour:Black/White|price:41000.00|compare:|weight:2000|barcode:|qty:0 | held-phantom-ii-gloves-15|Size:8:Colour:Black/Neon|price:41000.00|compare:|weight:2000|barcode:|qty:0 | held-phantom-ii-gloves-16|Size:8:Colour:White/Red|price:41000.00|compare:|weight:2000|barcode:|qty:0 | held-phantom-ii-gloves-17|Size:8:Colour:White/Blue|price:41000.00|compare:|weight:2000|barcode:|qty:0 | held-phantom-ii-gloves-18|Size:8:Colour:White/Green|price:41000.00|compare:|weight:2000|barcode:|qty:0 | held-phantom-ii-gloves-19|Size:9:Colour:Black|price:41000.00|compare:|weight:2000|barcode:|qty:0 | held-phantom-ii-gloves-20|Size:9:Colour:Black/White|price:41000.00|compare:|weight:2000|barcode:|qty:0 | held-phantom-ii-gloves-21|Size:9:Colour:Black/Neon|price:41000.00|compare:|weight:2000|barcode:|qty:0 | held-phantom-ii-gloves-22|Size:9:Colour:White/Red|price:41000.00|compare:|weight:2000|barcode:|qty:0 | held-phantom-ii-gloves-23|Size:9:Colour:White/Blue|price:41000.00|compare:|weight:2000|barcode:|qty:0 | held-phantom-ii-gloves-24|Size:9:Colour:White/Green|price:41000.00|compare:|weight:2000|barcode:|qty:0 | held-phantom-ii-gloves-25|Size:10:Colour:Black|price:41000.00|compare:|weight:2000|barcode:|qty:0 | held-phantom-ii-gloves-26|Size:10:Colour:Black/White|price:41000.00|compare:|weight:2000|barcode:|qty:0 | held-phantom-ii-gloves-27|Size:10:Colour:Black/Neon|price:41000.00|compare:|weight:2000|barcode:|qty:0 | held-phantom-ii-gloves-28|Size:10:Colour:White/Red|price:41000.00|compare:|weight:2000|barcode:|qty:0 | held-phantom-ii-gloves-29|Size:10:Colour:White/Blue|price:41000.00|compare:|weight:2000|barcode:|qty:0 | held-phantom-ii-gloves-30|Size:10:Colour:White/Green|price:41000.00|compare:|weight:2000|barcode:|qty:0 | held-phantom-ii-gloves-31|Size:11:Colour:Black|price:41000.00|compare:|weight:2000|barcode:|qty:0 | held-phantom-ii-gloves-32|Size:11:Colour:Black/White|price:41000.00|compare:|weight:2000|barcode:|qty:0 | held-phantom-ii-gloves-33|Size:11:Colour:Black/Neon|price:41000.00|compare:|weight:2000|barcode:|qty:0 | held-phantom-ii-gloves-34|Size:11:Colour:White/Red|price:41000.00|compare:|weight:2000|barcode:|qty:0 | held-phantom-ii-gloves-35|Size:11:Colour:White/Blue|price:41000.00|compare:|weight:2000|barcode:|qty:0 | held-phantom-ii-gloves-36|Size:11:Colour:White/Green|price:41000.00|compare:|weight:2000|barcode:|qty:0 | held-phantom-ii-gloves-37|Size:12:Colour:Black|price:41000.00|compare:|weight:2000|barcode:|qty:0 | held-phantom-ii-gloves-38|Size:12:Colour:Black/White|price:41000.00|compare:|weight:2000|barcode:|qty:0 | held-phantom-ii-gloves-39|Size:12:Colour:Black/Neon|price:41000.00|compare:|weight:2000|barcode:|qty:0 | held-phantom-ii-gloves-40|Size:12:Colour:White/Red|price:41000.00|compare:|weight:2000|barcode:|qty:0 | held-phantom-ii-gloves-41|Size:12:Colour:White/Blue|price:41000.00|compare:|weight:2000|barcode:|qty:0 | held-phantom-ii-gloves-42|Size:12:Colour:White/Green|price:41000.00|compare:|weight:2000|barcode:|qty:0,"held-phantom-ii-gloves-1,held-phantom-ii-gloves-2,held-phantom-ii-gloves-3,held-phantom-ii-gloves-4,held-phantom-ii-gloves-5,held-phantom-ii-gloves-6,held-phantom-ii-gloves-7,held-phantom-ii-gloves-8,held-phantom-ii-gloves-9,held-phantom-ii-gloves-10,held-phantom-ii-gloves-11,held-phantom-ii-gloves-12,held-phantom-ii-gloves-13,held-phantom-ii-gloves-14,held-phantom-ii-gloves-15,held-phantom-ii-gloves-16,held-phantom-ii-gloves-17,held-phantom-ii-gloves-18,held-phantom-ii-gloves-19,held-phantom-ii-gloves-20,held-phantom-ii-gloves-21,held-phantom-ii-gloves-22,held-phantom-ii-gloves-23,held-phantom-ii-gloves-24,held-phantom-ii-gloves-25,held-phantom-ii-gloves-26,held-phantom-ii-gloves-27,held-phantom-ii-gloves-28,held-phantom-ii-gloves-29,held-phantom-ii-gloves-30,held-phantom-ii-gloves-31,held-phantom-ii-gloves-32,held-phantom-ii-gloves-33,held-phantom-ii-gloves-34,held-phantom-ii-gloves-35,held-phantom-ii-gloves-36,held-phantom-ii-gloves-37,held-phantom-ii-gloves-38,held-phantom-ii-gloves-39,held-phantom-ii-gloves-40,held-phantom-ii-gloves-41,held-phantom-ii-gloves-42",42,https://cdn.shopify.com/s/files/1/0076/8301/4754/products/2312_01_x.jpg?v=1652853612|pos:1|alt:Held Held Phantom II Gloves – front view || https://cdn.shopify.com/s/files/1/0076/8301/4754/products/2312_14_x.jpg?v=1652853612|pos:2|alt:Held Held Phantom II Gloves – side view || https://cdn.shopify.com/s/files/1/0076/8301/4754/products/2312_92_x.jpg?v=1652853612|pos:3|alt:Held Held Phantom II Gloves – rear view || https://cdn.shopify.com/s/files/1/0076/8301/4754/products/2312_02_x.jpg?v=1652853613|pos:4|alt:Held Held Phantom II Gloves – detail view || https://cdn.shopify.com/s/files/1/0076/8301/4754/products/2312_12_x.jpg?v=1652853612|pos:5|alt:Held Held Phantom II Gloves – top view || https://cdn.shopify.com/s/files/1/0076/8301/4754/products/2312_18_x.jpg?v=1652853612|pos:6|alt:Held Held Phantom II Gloves – product view,6,Held Held Phantom II Gloves – front view | Held Held Phantom II Gloves – side view | Held Held Phantom II Gloves – rear view | Held Held Phantom II Gloves – detail view | Held Held Phantom II Gloves – top view | Held Held Phantom II Gloves – product view,,0,Held Phantom II Gloves,Held Phantom II Gloves. • Sports glove • Sports glove.,highly abrasion-resistant kangaroo leather.,,Sports glove. Art. 2312. colourfast & sweat-proof.,,Available in multiple sizes. Check the size guide before ordering.,Held Phantom II Gloves — a riding Glov built to the specifications listed above.,true,draft,https://cdn.shopify.com/s/files/1/0076/8301/4754/products/2312_01_x.jpg?v=1652853612|role:hero || https://cdn.shopify.com/s/files/1/0076/8301/4754/products/2312_14_x.jpg?v=1652853612|role:construction detail || https://cdn.shopify.com/s/files/1/0076/8301/4754/products/2312_92_x.jpg?v=1652853612|role:side profile,3,false,/products/held-phantom-ii-gloves,/products/held-phantom-ii-gloves
held-phantom-air-gloves,held-phantom-air-gloves,Held Phantom Air Gloves,Held Phantom Air Gloves,held-phantom-air-gloves,Material: 100% kangaroo leather (Contains non-textile parts of animal origin) • Aramide protection on back of hand. • SUPROTECT® shock-absorbing special foam on back of hand & ball of thumb. • Knuckle protection tested (impact test for knuckle protection). • Titanium knuckle protectors. Available in multiple sizes and/or colours — select your variant.,"<strong>Protection</strong>
<ul>
<li>Aramide protection on back of hand</li>
<li>SUPROTECT® shock-absorbing special foam on back of hand &amp; ball of thumb</li>
<li>Knuckle protection tested (impact test for knuckle protection)</li>
<li>Titanium knuckle protectors</li>
<li>Ring- and little finger additionally protected with Aramid</li>
<li>GFK protectors on edge of hand, covered with SuperFabric® brand material</li>
<li>Ball of thumb reinforced with SuperFabric®-brand material</li>
<li>Carbon finger and knuckle protection</li>
<li>Tested under norm EN 13594:2015 ""protected glove for motorcyclists""</li>
</ul>
<strong>Fit/features</strong>
<ul>
<li>Visor wiper</li>
<li>Tunnel strap</li>
<li>Special step seam avoids pressure points on inner hand &amp; enhances feel</li>
<li>Perforated leather panels</li>
<li>Perforated finger side walls</li>
<li>Velcro adjustment at cuffs</li>
<li>Pre-formed, crease-free palm</li>
<li>Perforated hand for maximum ventilation, feel and comfort</li>
</ul>
<strong>Lining</strong>
<ul>
<li>Unlined palm</li>
<li>OUTLAST® lining</li>
<li>Outer shell</li>
<li>Highly abrasion-resistant kangaroo leather</li>
<li>Colourfast &amp; sweat-proof</li>
</ul>
<strong>Colors</strong>
<ul>
<li>Black</li>
<li>Black-white</li>
</ul>
<h3>ADDITIONAL PRODUCT INFORMATION</h3>
<div>
<b>Material:</b> 100% kangaroo leather (Contains non-textile parts of animal origin)</div>","Protection

• Aramide protection on back of hand

• SUPROTECT® shock-absorbing special foam on back of hand & ball of thumb

• Knuckle protection tested (impact test for knuckle protection)

• Titanium knuckle protectors

• Ring- and little finger additionally protected with Aramid

• GFK protectors on edge of hand, covered with SuperFabric® brand material

• Ball of thumb reinforced with SuperFabric®-brand material

• Carbon finger and knuckle protection

• Tested under norm EN 13594:2015 ""protected glove for motorcyclists""

Fit/features

• Visor wiper

• Tunnel strap

• Special step seam avoids pressure points on inner hand & enhances feel

• Perforated leather panels

• Perforated finger side walls

• Velcro adjustment at cuffs

• Pre-formed, crease-free palm

• Perforated hand for maximum ventilation, feel and comfort

Lining

• Unlined palm

• OUTLAST® lining

• Outer shell

• Highly abrasion-resistant kangaroo leather

• Colourfast & sweat-proof

Colors

• Black

• Black-white

ADDITIONAL PRODUCT INFORMATION

Material: 100% kangaroo leather (Contains non-textile parts of animal origin)",35000,,2026-07-26,active,Held,2000,g,Buy Held Phantom Air Gloves | Mile 27 Store,Material: 100% kangaroo leather (Contains non-textile parts of animal origin) Aramide protection on back of hand. SUPROTECT® shock-absorbing special foam…,Aramide protection on back of hand | SUPROTECT® shock-absorbing special foam on back of hand & ball of thumb | Knuckle protection tested (impact test for knuckle protection) | Titanium knuckle protectors,Cleaned noise; brand verified,High,false,Riding Gear > Riding Gloves,High,"Mapped from Shopify Type ""Riding Gloves""",held-phantom-air-gloves-1|Size:6:Colour:Black|price:35000.00|compare:|weight:2000|barcode:|qty:0 | held-phantom-air-gloves-2|Size:6:Colour:Black/White|price:35000.00|compare:|weight:2000|barcode:|qty:0 | held-phantom-air-gloves-3|Size:7:Colour:Black|price:35000.00|compare:|weight:2000|barcode:|qty:0 | held-phantom-air-gloves-4|Size:7:Colour:Black/White|price:35000.00|compare:|weight:2000|barcode:|qty:0 | held-phantom-air-gloves-5|Size:8:Colour:Black|price:35000.00|compare:|weight:2000|barcode:|qty:0 | held-phantom-air-gloves-6|Size:8:Colour:Black/White|price:35000.00|compare:|weight:2000|barcode:|qty:0 | held-phantom-air-gloves-7|Size:9:Colour:Black|price:35000.00|compare:|weight:2000|barcode:|qty:0 | held-phantom-air-gloves-8|Size:9:Colour:Black/White|price:35000.00|compare:|weight:2000|barcode:|qty:0 | held-phantom-air-gloves-9|Size:10:Colour:Black|price:35000.00|compare:|weight:2000|barcode:|qty:0 | held-phantom-air-gloves-10|Size:10:Colour:Black/White|price:35000.00|compare:|weight:2000|barcode:|qty:0 | held-phantom-air-gloves-11|Size:11:Colour:Black|price:35000.00|compare:|weight:2000|barcode:|qty:0 | held-phantom-air-gloves-12|Size:11:Colour:Black/White|price:35000.00|compare:|weight:2000|barcode:|qty:0 | held-phantom-air-gloves-13|Size:12:Colour:Black|price:35000.00|compare:|weight:2000|barcode:|qty:0 | held-phantom-air-gloves-14|Size:12:Colour:Black/White|price:35000.00|compare:|weight:2000|barcode:|qty:0,"held-phantom-air-gloves-1,held-phantom-air-gloves-2,held-phantom-air-gloves-3,held-phantom-air-gloves-4,held-phantom-air-gloves-5,held-phantom-air-gloves-6,held-phantom-air-gloves-7,held-phantom-air-gloves-8,held-phantom-air-gloves-9,held-phantom-air-gloves-10,held-phantom-air-gloves-11,held-phantom-air-gloves-12,held-phantom-air-gloves-13,held-phantom-air-gloves-14",14,https://cdn.shopify.com/s/files/1/0076/8301/4754/products/021913-00-001-01.jpg?v=1652853230|pos:1|alt:Held Held Phantom Air Gloves – front view || https://cdn.shopify.com/s/files/1/0076/8301/4754/products/021913-00-001-02.jpg?v=1652853228|pos:2|alt:Held Held Phantom Air Gloves – side view || https://cdn.shopify.com/s/files/1/0076/8301/4754/products/021913-00-014-01.jpg?v=1652853229|pos:3|alt:Held Held Phantom Air Gloves – rear view || https://cdn.shopify.com/s/files/1/0076/8301/4754/products/021913-00-014-02.jpg?v=1652853230|pos:4|alt:Held Held Phantom Air Gloves – detail view,4,Held Held Phantom Air Gloves – front view | Held Held Phantom Air Gloves – side view | Held Held Phantom Air Gloves – rear view | Held Held Phantom Air Gloves – detail view,,0,Held Phantom Air Gloves,Held Phantom Air Gloves. Material: 100% kangaroo leather (Contains non-textile parts of animal origin) • Aramide protection on back of hand.,Titanium knuckle protectors.,,Aramide protection on back of hand. SUPROTECT® shock-absorbing special foam on back of hand & ball of thumb. Knuckle protection tested (impact test for knuckle protection).,,Available in multiple sizes. Check the size guide before ordering.,Held Phantom Air Gloves — a riding Glov built to the specifications listed above.,true,draft,https://cdn.shopify.com/s/files/1/0076/8301/4754/products/021913-00-001-01.jpg?v=1652853230|role:hero || https://cdn.shopify.com/s/files/1/0076/8301/4754/products/021913-00-001-02.jpg?v=1652853228|role:construction detail || https://cdn.shopify.com/s/files/1/0076/8301/4754/products/021913-00-014-01.jpg?v=1652853229|role:side profile,3,false,/products/held-phantom-air-gloves,/products/held-phantom-air-gloves
held-chikara-rr-gloves,held-chikara-rr-gloves,Held Chikara RR Gloves,Held Chikara RR Gloves,held-chikara-rr-gloves,• SuperFabric® reinforcement on fingers & edge of hand • SuperFabric® reinforcement on fingers & edge of hand. • finger-bridge between ring finger & pinkie. • hard plastic knuckle protection. • DuPont™ KEVLAR® fibre protection on back of hand (DuPont™ KEVLAR® are trademarks or registered trademarks of E.I. du Pont de Nemours and Company). Available in multiple sizes and/or colours — select your variant.,"<li>SuperFabric® reinforcement on fingers &amp; edge of hand</li>
<li>finger-bridge between ring finger &amp; pinkie</li>
<li>hard plastic knuckle protection</li>
<li>DuPont™ KEVLAR® fibre protection on back of hand (DuPont™ KEVLAR® are trademarks or registered trademarks of E.I. du Pont de Nemours and Company)</li>
<li>Side of hand has hard plastic protection</li>
<li>certified under norm EN 13594:2015 ""protected glove for motorcyclists""</li><br>

<b>Fit/features</b>
<ul>
<li>visor wiper</li>
<li>tunnel strap</li>
<li>special leather at finger which allows smartphone operation</li>
<li>special flat seam</li>
<li>perforated leather back</li>
<li>elasticated leather panels on back and fingers</li>
<li>velcro adjustment at wrists &amp; cuffs</li>
</ul>
<b>Lining</b>
<ul>
<li>unlined</li>
<li>Polyester</li>
<li>Cotton</li>
<li>Aramide</li>
</ul>
<b>Outer shell</b>
<ul>
<li>highly abrasion-resistant kangaroo leather palm</li>
<li>goat skin upper</li>
<li>colourfast &amp; sweat-proof</li>
</ul>
<b>Upper material</b>
<ul>
<li>Polyester</li>
<li>Leather</li>
</ul>","• SuperFabric® reinforcement on fingers & edge of hand

• finger-bridge between ring finger & pinkie

• hard plastic knuckle protection

• DuPont™ KEVLAR® fibre protection on back of hand (DuPont™ KEVLAR® are trademarks or registered trademarks of E.I. du Pont de Nemours and Company)

• Side of hand has hard plastic protection

• certified under norm EN 13594:2015 ""protected glove for motorcyclists""

Fit/features

• visor wiper

• tunnel strap

• special leather at finger which allows smartphone operation

• special flat seam

• perforated leather back

• elasticated leather panels on back and fingers

• velcro adjustment at wrists & cuffs

Lining

• unlined

• Polyester

• Cotton

• Aramide

Outer shell

• highly abrasion-resistant kangaroo leather palm

• goat skin upper

• colourfast & sweat-proof

Upper material

• Polyester

• Leather",22000,,2026-07-26,active,Held,2000,g,Buy Held Chikara RR Gloves | Mile 27 Store,SuperFabric® reinforcement on fingers & edge of hand SuperFabric® reinforcement on fingers & edge of hand. finger-bridge between ring finger & pinkie.…,SuperFabric® reinforcement on fingers & edge of hand | finger-bridge between ring finger & pinkie | hard plastic knuckle protection | DuPont™ KEVLAR® fibre protection on back of hand (DuPont™ KEVLAR® are trademarks or registered trademarks of E.I. du Pont de Nemours and Company),Cleaned noise; brand verified,High,false,Riding Gear > Riding Gloves,High,"Mapped from Shopify Type ""Riding Gloves""",held-chikara-rr-gloves-1|Size:7:Colour:Black|price:22000.00|compare:|weight:2000|barcode:|qty:0 | held-chikara-rr-gloves-2|Size:7:Colour:Black/White|price:22000.00|compare:|weight:2000|barcode:|qty:0 | held-chikara-rr-gloves-3|Size:7:Colour:Black/Red|price:22000.00|compare:|weight:2000|barcode:|qty:0 | held-chikara-rr-gloves-4|Size:7:Colour:White/Red/Blue|price:22000.00|compare:|weight:2000|barcode:|qty:0 | held-chikara-rr-gloves-5|Size:8:Colour:Black|price:22000.00|compare:|weight:2000|barcode:|qty:0 | held-chikara-rr-gloves-6|Size:8:Colour:Black/White|price:22000.00|compare:|weight:2000|barcode:|qty:0 | held-chikara-rr-gloves-7|Size:8:Colour:Black/Red|price:22000.00|compare:|weight:2000|barcode:|qty:0 | held-chikara-rr-gloves-8|Size:8:Colour:White/Red/Blue|price:22000.00|compare:|weight:2000|barcode:|qty:0 | held-chikara-rr-gloves-9|Size:9:Colour:Black|price:22000.00|compare:|weight:2000|barcode:|qty:0 | held-chikara-rr-gloves-10|Size:9:Colour:Black/White|price:22000.00|compare:|weight:2000|barcode:|qty:0 | held-chikara-rr-gloves-11|Size:9:Colour:Black/Red|price:22000.00|compare:|weight:2000|barcode:|qty:0 | held-chikara-rr-gloves-12|Size:9:Colour:White/Red/Blue|price:22000.00|compare:|weight:2000|barcode:|qty:0 | held-chikara-rr-gloves-13|Size:10:Colour:Black|price:22000.00|compare:|weight:2000|barcode:|qty:0 | held-chikara-rr-gloves-14|Size:10:Colour:Black/White|price:22000.00|compare:|weight:2000|barcode:|qty:0 | held-chikara-rr-gloves-15|Size:10:Colour:Black/Red|price:22000.00|compare:|weight:2000|barcode:|qty:0 | held-chikara-rr-gloves-16|Size:10:Colour:White/Red/Blue|price:22000.00|compare:|weight:2000|barcode:|qty:0 | held-chikara-rr-gloves-17|Size:11:Colour:Black|price:22000.00|compare:|weight:2000|barcode:|qty:0 | held-chikara-rr-gloves-18|Size:11:Colour:Black/White|price:22000.00|compare:|weight:2000|barcode:|qty:0 | held-chikara-rr-gloves-19|Size:11:Colour:Black/Red|price:22000.00|compare:|weight:2000|barcode:|qty:0 | held-chikara-rr-gloves-20|Size:11:Colour:White/Red/Blue|price:22000.00|compare:|weight:2000|barcode:|qty:0 | held-chikara-rr-gloves-21|Size:12:Colour:Black|price:22000.00|compare:|weight:2000|barcode:|qty:0 | held-chikara-rr-gloves-22|Size:12:Colour:Black/White|price:22000.00|compare:|weight:2000|barcode:|qty:0 | held-chikara-rr-gloves-23|Size:12:Colour:Black/Red|price:22000.00|compare:|weight:2000|barcode:|qty:0 | held-chikara-rr-gloves-24|Size:12:Colour:White/Red/Blue|price:22000.00|compare:|weight:2000|barcode:|qty:0,"held-chikara-rr-gloves-1,held-chikara-rr-gloves-2,held-chikara-rr-gloves-3,held-chikara-rr-gloves-4,held-chikara-rr-gloves-5,held-chikara-rr-gloves-6,held-chikara-rr-gloves-7,held-chikara-rr-gloves-8,held-chikara-rr-gloves-9,held-chikara-rr-gloves-10,held-chikara-rr-gloves-11,held-chikara-rr-gloves-12,held-chikara-rr-gloves-13,held-chikara-rr-gloves-14,held-chikara-rr-gloves-15,held-chikara-rr-gloves-16,held-chikara-rr-gloves-17,held-chikara-rr-gloves-18,held-chikara-rr-gloves-19,held-chikara-rr-gloves-20,held-chikara-rr-gloves-21,held-chikara-rr-gloves-22,held-chikara-rr-gloves-23,held-chikara-rr-gloves-24",24,https://cdn.shopify.com/s/files/1/0076/8301/4754/products/002823-00-001-01.jpg?v=1652852562|pos:1|alt:Held Held Chikara RR Gloves – front view || https://cdn.shopify.com/s/files/1/0076/8301/4754/products/002823-00-001-02.jpg?v=1652852563|pos:2|alt:Held Held Chikara RR Gloves – side view || https://cdn.shopify.com/s/files/1/0076/8301/4754/products/002823-00-014-01.jpg?v=1652852564|pos:3|alt:Held Held Chikara RR Gloves – rear view || https://cdn.shopify.com/s/files/1/0076/8301/4754/products/002823-00-014-02.jpg?v=1652852563|pos:4|alt:Held Held Chikara RR Gloves – detail view || https://cdn.shopify.com/s/files/1/0076/8301/4754/products/002823-00-002-01.jpg?v=1652852563|pos:5|alt:Held Held Chikara RR Gloves – top view || https://cdn.shopify.com/s/files/1/0076/8301/4754/products/002823-00-027-01.jpg?v=1652852564|pos:6|alt:Held Held Chikara RR Gloves – product view,6,Held Held Chikara RR Gloves – front view | Held Held Chikara RR Gloves – side view | Held Held Chikara RR Gloves – rear view | Held Held Chikara RR Gloves – detail view | Held Held Chikara RR Gloves – top view | Held Held Chikara RR Gloves – product view,,0,Held Chikara RR Gloves,Held Chikara RR Gloves. • SuperFabric® reinforcement on fingers & edge of hand • SuperFabric® reinforcement on fingers & edge of hand.,,,SuperFabric® reinforcement on fingers & edge of hand. finger-bridge between ring finger & pinkie. hard plastic knuckle protection. DuPont™ KEVLAR® fibre protection on back of hand (DuPont™ KEVLAR® are trademarks or registered trademarks of E.I. du Pont de Nemours and Company).,,Available in multiple sizes. Check the size guide before ordering.,Held Chikara RR Gloves — a riding Glov built to the specifications listed above.,true,draft,https://cdn.shopify.com/s/files/1/0076/8301/4754/products/002823-00-001-01.jpg?v=1652852562|role:hero || https://cdn.shopify.com/s/files/1/0076/8301/4754/products/002823-00-001-02.jpg?v=1652852563|role:construction detail || https://cdn.shopify.com/s/files/1/0076/8301/4754/products/002823-00-014-01.jpg?v=1652852564|role:side profile,3,false,/products/held-chikara-rr-gloves,/products/held-chikara-rr-gloves
held-evo-thrux-ii-gloves,held-evo-thrux-ii-gloves,Held Evo-Thrux II Gloves,Held Evo-Thrux II Gloves,held-evo-thrux-ii-gloves,"Material: 100% goat skin (Contains non-textile parts of animal origin) • Tested under norm EN 13594:2015 ""protected glove for motorcyclists"". • Aramide protection on back of hand. • Hard plastic knuckle protection. • Knuckle protection tested (impact test for knuckle protection). Available in multiple sizes and/or colours — select your variant.","<strong>Protection</strong>
<ul>
<li>Tested under norm EN 13594:2015 ""protected glove for motorcyclists""</li>
<li>Aramide protection on back of hand</li>
<li>Hard plastic knuckle protection</li>
<li>Knuckle protection tested (impact test for knuckle protection)</li>
<li>Ball of thumb reinforced with SuperFabric®-brand material</li>
</ul>
<strong>Fit/features</strong>
<ul>
<li>Visor wiper</li>
<li>Special flat seam</li>
<li>Elasticated leather panels on back, thumb &amp; fingers</li>
<li>Velcro adjustment at wrists &amp; cuffs</li>
</ul>
<strong>Lining</strong>
<ul>
<li>unlined</li>
</ul>
<strong>Material</strong>
<ul>
<li>highly abrasion-resistant kangaroo leather palm</li>
<li>goat skin upper</li>
<li>colourfast &amp; sweat-proof</li>
</ul>
<strong>Colors</strong>
<ul>
<li>black </li>
<li>black-red</li>
<li>black-white</li>
<li>black-fluorescent yellow</li>
</ul>
<h3>ADDITIONAL PRODUCT INFORMATION</h3>
<b>Material:</b> 100% goat skin (Contains non-textile parts of animal origin)","Protection

• Tested under norm EN 13594:2015 ""protected glove for motorcyclists""

• Aramide protection on back of hand

• Hard plastic knuckle protection

• Knuckle protection tested (impact test for knuckle protection)

• Ball of thumb reinforced with SuperFabric®-brand material

Fit/features

• Visor wiper

• Special flat seam

• Elasticated leather panels on back, thumb & fingers

• Velcro adjustment at wrists & cuffs

Lining

• unlined

Material

• highly abrasion-resistant kangaroo leather palm

• goat skin upper

• colourfast & sweat-proof

Colors

• black 

• black-red

• black-white

• black-fluorescent yellow

ADDITIONAL PRODUCT INFORMATION

Material: 100% goat skin (Contains non-textile parts of animal origin)",17000,,2026-07-26,active,Held,2000,g,Buy Held Evo-Thrux II Gloves | Mile 27 Store,"Material: 100% goat skin (Contains non-textile parts of animal origin) Tested under norm EN 13594:2015 ""protected glove for motorcyclists"". Aramide…","Tested under norm EN 13594:2015 ""protected glove for motorcyclists"" | Aramide protection on back of hand | Hard plastic knuckle protection | Knuckle protection tested (impact test for knuckle protection)",Cleaned noise; brand verified,High,false,Riding Gear > Riding Gloves,High,"Mapped from Shopify Type ""Riding Gloves""",held-evo-thrux-ii-gloves-1|Size:7:Colour:Black|price:17000.00|compare:|weight:2000|barcode:|qty:0 | held-evo-thrux-ii-gloves-2|Size:7:Colour:Black/White|price:17000.00|compare:|weight:2000|barcode:|qty:0 | held-evo-thrux-ii-gloves-3|Size:7:Colour:Black/Red|price:17000.00|compare:|weight:2000|barcode:|qty:0 | held-evo-thrux-ii-gloves-4|Size:7:Colour:Black/Neon|price:17000.00|compare:|weight:2000|barcode:|qty:0 | held-evo-thrux-ii-gloves-5|Size:8:Colour:Black|price:17000.00|compare:|weight:2000|barcode:|qty:0 | held-evo-thrux-ii-gloves-6|Size:8:Colour:Black/White|price:17000.00|compare:|weight:2000|barcode:|qty:0 | held-evo-thrux-ii-gloves-7|Size:8:Colour:Black/Red|price:17000.00|compare:|weight:2000|barcode:|qty:0 | held-evo-thrux-ii-gloves-8|Size:8:Colour:Black/Neon|price:17000.00|compare:|weight:2000|barcode:|qty:0 | held-evo-thrux-ii-gloves-9|Size:9:Colour:Black|price:17000.00|compare:|weight:2000|barcode:|qty:0 | held-evo-thrux-ii-gloves-10|Size:9:Colour:Black/White|price:17000.00|compare:|weight:2000|barcode:|qty:0 | held-evo-thrux-ii-gloves-11|Size:9:Colour:Black/Red|price:17000.00|compare:|weight:2000|barcode:|qty:0 | held-evo-thrux-ii-gloves-12|Size:9:Colour:Black/Neon|price:17000.00|compare:|weight:2000|barcode:|qty:0 | held-evo-thrux-ii-gloves-13|Size:10:Colour:Black|price:17000.00|compare:|weight:2000|barcode:|qty:0 | held-evo-thrux-ii-gloves-14|Size:10:Colour:Black/White|price:17000.00|compare:|weight:2000|barcode:|qty:0 | held-evo-thrux-ii-gloves-15|Size:10:Colour:Black/Red|price:17000.00|compare:|weight:2000|barcode:|qty:0 | held-evo-thrux-ii-gloves-16|Size:10:Colour:Black/Neon|price:17000.00|compare:|weight:2000|barcode:|qty:0 | held-evo-thrux-ii-gloves-17|Size:11:Colour:Black|price:17000.00|compare:|weight:2000|barcode:|qty:0 | held-evo-thrux-ii-gloves-18|Size:11:Colour:Black/White|price:17000.00|compare:|weight:2000|barcode:|qty:0 | held-evo-thrux-ii-gloves-19|Size:11:Colour:Black/Red|price:17000.00|compare:|weight:2000|barcode:|qty:0 | held-evo-thrux-ii-gloves-20|Size:11:Colour:Black/Neon|price:17000.00|compare:|weight:2000|barcode:|qty:0 | held-evo-thrux-ii-gloves-21|Size:12:Colour:Black|price:17000.00|compare:|weight:2000|barcode:|qty:0 | held-evo-thrux-ii-gloves-22|Size:12:Colour:Black/White|price:17000.00|compare:|weight:2000|barcode:|qty:0 | held-evo-thrux-ii-gloves-23|Size:12:Colour:Black/Red|price:17000.00|compare:|weight:2000|barcode:|qty:0 | held-evo-thrux-ii-gloves-24|Size:12:Colour:Black/Neon|price:17000.00|compare:|weight:2000|barcode:|qty:0,"held-evo-thrux-ii-gloves-1,held-evo-thrux-ii-gloves-2,held-evo-thrux-ii-gloves-3,held-evo-thrux-ii-gloves-4,held-evo-thrux-ii-gloves-5,held-evo-thrux-ii-gloves-6,held-evo-thrux-ii-gloves-7,held-evo-thrux-ii-gloves-8,held-evo-thrux-ii-gloves-9,held-evo-thrux-ii-gloves-10,held-evo-thrux-ii-gloves-11,held-evo-thrux-ii-gloves-12,held-evo-thrux-ii-gloves-13,held-evo-thrux-ii-gloves-14,held-evo-thrux-ii-gloves-15,held-evo-thrux-ii-gloves-16,held-evo-thrux-ii-gloves-17,held-evo-thrux-ii-gloves-18,held-evo-thrux-ii-gloves-19,held-evo-thrux-ii-gloves-20,held-evo-thrux-ii-gloves-21,held-evo-thrux-ii-gloves-22,held-evo-thrux-ii-gloves-23,held-evo-thrux-ii-gloves-24",24,https://cdn.shopify.com/s/files/1/0076/8301/4754/products/021911-00-001-01.jpg?v=1652852145|pos:1|alt:Held Held Evo-Thrux II Gloves – front view || https://cdn.shopify.com/s/files/1/0076/8301/4754/products/021911-00-001-02.jpg?v=1652852143|pos:2|alt:Held Held Evo-Thrux II Gloves – side view || https://cdn.shopify.com/s/files/1/0076/8301/4754/products/021911-00-014-01.jpg?v=1652852145|pos:3|alt:Held Held Evo-Thrux II Gloves – rear view || https://cdn.shopify.com/s/files/1/0076/8301/4754/products/021911-00-002-01.jpg?v=1652852143|pos:4|alt:Held Held Evo-Thrux II Gloves – detail view || https://cdn.shopify.com/s/files/1/0076/8301/4754/products/021911-00-058-01.jpg?v=1652852143|pos:5|alt:Held Held Evo-Thrux II Gloves – top view,5,Held Held Evo-Thrux II Gloves – front view | Held Held Evo-Thrux II Gloves – side view | Held Held Evo-Thrux II Gloves – rear view | Held Held Evo-Thrux II Gloves – detail view | Held Held Evo-Thrux II Gloves – top view,,0,Held Evo-Thrux II Gloves,"Held Evo-Thrux II Gloves. Material: 100% goat skin (Contains non-textile parts of animal origin) • Tested under norm EN 13594:2015 ""protected glove for motorcyclists"".",,,"Tested under norm EN 13594:2015 ""protected glove for motorcyclists"". Aramide protection on back of hand. Hard plastic knuckle protection. Knuckle protection tested (impact test for knuckle protection).",,Available in multiple sizes. Check the size guide before ordering.,Held Evo-Thrux II Gloves — a riding Glov built to the specifications listed above.,true,draft,https://cdn.shopify.com/s/files/1/0076/8301/4754/products/021911-00-001-01.jpg?v=1652852145|role:hero || https://cdn.shopify.com/s/files/1/0076/8301/4754/products/021911-00-001-02.jpg?v=1652852143|role:construction detail || https://cdn.shopify.com/s/files/1/0076/8301/4754/products/021911-00-014-01.jpg?v=1652852145|role:side profile,3,false,/products/held-evo-thrux-ii-gloves,/products/held-evo-thrux-ii-gloves
held-phantom-pro-gloves,held-phantom-pro-gloves,Held Phantom Pro Gloves,Held Phantom Pro Gloves,held-phantom-pro-gloves,"The Phantom Pro is a modern and functional sports glove that leaves no wishes unfulfilled. • Highly abrasion resistant kangaroo leather. • Colorfast and sweat resistant. • Underhand unlined. • Special stitching for optimal, pressure-free feeling. Available in multiple sizes and/or colours — select your variant.","The Phantom Pro is a modern and functional sports glove that leaves no wishes unfulfilled.<br><br>
<strong>Features:</strong>
<ul>
<li>Highly abrasion resistant kangaroo leather</li>
<li>Colorfast and sweat resistant</li>
<li>Underhand unlined</li>
<li>Special stitching for optimal, pressure-free feeling</li>
<li>palm strongly pre-curved, wrinkle-free finish</li>
<li>tunnel wrist strap</li>
<li>perforated finger layers</li>
<li>velcro closure at cuff, visor wiper</li>
<li>backhand and thumb fully padded with shock absorbing SUPROTECT® special foam</li>
<li>index finger palm reinforcement</li>
<li>Knuckle protector shell made of titanium</li>
<li>Ball of the hand protected with highly abrasion-resistant ray skin, underlaid with shock-absorbing foam</li>
<li>Palm edge protection by GFK-shell with SuperFabric®-brand material</li>
<li>Upper hand fully underlaid with Held Armaprotec</li>
<li>Finger bridge between little and ring finger</li>
<li>Knuckles protected with SuperFabric®-brand material</li>
<li>Small and ring finger additionally protected with Aramid</li>
<li>Hard plastic shell to protect the little finger from twisting</li>
<li>Long cuff with Velcro wrist and cuff closure</li>
</ul>
<h3>ADDITIONAL PRODUCT INFORMATION</h3>
<b>Material:</b> Upper: 100% kangaroo leather / Reinforcements: 100% aramid / Lining: 100% polyester (Contains non-textile parts of animal origin)","The Phantom Pro is a modern and functional sports glove that leaves no wishes unfulfilled.

Features:

• Highly abrasion resistant kangaroo leather

• Colorfast and sweat resistant

• Underhand unlined

• Special stitching for optimal, pressure-free feeling

• palm strongly pre-curved, wrinkle-free finish

• tunnel wrist strap

• perforated finger layers

• velcro closure at cuff, visor wiper

• backhand and thumb fully padded with shock absorbing SUPROTECT® special foam

• index finger palm reinforcement

• Knuckle protector shell made of titanium

• Ball of the hand protected with highly abrasion-resistant ray skin, underlaid with shock-absorbing foam

• Palm edge protection by GFK-shell with SuperFabric®-brand material

• Upper hand fully underlaid with Held Armaprotec

• Finger bridge between little and ring finger

• Knuckles protected with SuperFabric®-brand material

• Small and ring finger additionally protected with Aramid

• Hard plastic shell to protect the little finger from twisting

• Long cuff with Velcro wrist and cuff closure

ADDITIONAL PRODUCT INFORMATION

Material: Upper: 100% kangaroo leather / Reinforcements: 100% aramid / Lining: 100% polyester (Contains non-textile parts of animal origin)",44000,,2026-07-26,active,Held,2000,g,Buy Held Phantom Pro Gloves | Mile 27 Store,The Phantom Pro is a modern and functional sports glove that leaves no wishes unfulfilled. Highly abrasion resistant kangaroo leather. Colorfast and sweat…,"Highly abrasion resistant kangaroo leather | Colorfast and sweat resistant | Underhand unlined | Special stitching for optimal, pressure-free feeling",Cleaned noise; brand verified,High,false,Riding Gear > Riding Gloves,High,"Mapped from Shopify Type ""Riding Gloves""",held-phantom-pro-gloves-1|Size:6:Colour:Black/White|price:44000.00|compare:|weight:2000|barcode:|qty:0 | held-phantom-pro-gloves-2|Size:6:Colour:Black/White/Red|price:44000.00|compare:|weight:2000|barcode:|qty:0 | held-phantom-pro-gloves-3|Size:7:Colour:Black/White|price:44000.00|compare:|weight:2000|barcode:|qty:0 | held-phantom-pro-gloves-4|Size:7:Colour:Black/White/Red|price:44000.00|compare:|weight:2000|barcode:|qty:0 | held-phantom-pro-gloves-5|Size:8:Colour:Black/White|price:44000.00|compare:|weight:2000|barcode:|qty:0 | held-phantom-pro-gloves-6|Size:8:Colour:Black/White/Red|price:44000.00|compare:|weight:2000|barcode:|qty:0 | held-phantom-pro-gloves-7|Size:9:Colour:Black/White|price:44000.00|compare:|weight:2000|barcode:|qty:0 | held-phantom-pro-gloves-8|Size:9:Colour:Black/White/Red|price:44000.00|compare:|weight:2000|barcode:|qty:0 | held-phantom-pro-gloves-9|Size:10:Colour:Black/White|price:44000.00|compare:|weight:2000|barcode:|qty:0 | held-phantom-pro-gloves-10|Size:10:Colour:Black/White/Red|price:44000.00|compare:|weight:2000|barcode:|qty:0 | held-phantom-pro-gloves-11|Size:11:Colour:Black/White|price:44000.00|compare:|weight:2000|barcode:|qty:0 | held-phantom-pro-gloves-12|Size:11:Colour:Black/White/Red|price:44000.00|compare:|weight:2000|barcode:|qty:0 | held-phantom-pro-gloves-13|Size:12:Colour:Black/White|price:44000.00|compare:|weight:2000|barcode:|qty:0 | held-phantom-pro-gloves-14|Size:12:Colour:Black/White/Red|price:44000.00|compare:|weight:2000|barcode:|qty:0,"held-phantom-pro-gloves-1,held-phantom-pro-gloves-2,held-phantom-pro-gloves-3,held-phantom-pro-gloves-4,held-phantom-pro-gloves-5,held-phantom-pro-gloves-6,held-phantom-pro-gloves-7,held-phantom-pro-gloves-8,held-phantom-pro-gloves-9,held-phantom-pro-gloves-10,held-phantom-pro-gloves-11,held-phantom-pro-gloves-12,held-phantom-pro-gloves-13,held-phantom-pro-gloves-14",14,https://cdn.shopify.com/s/files/1/0076/8301/4754/products/022212-00-014-01.jpg?v=1652851393|pos:1|alt:Held Held Phantom Pro Gloves – front view || https://cdn.shopify.com/s/files/1/0076/8301/4754/products/022212-00-014-02.jpg?v=1652851392|pos:2|alt:Held Held Phantom Pro Gloves – side view || https://cdn.shopify.com/s/files/1/0076/8301/4754/products/022212-00-007-01.jpg?v=1652851392|pos:3|alt:Held Held Phantom Pro Gloves – rear view || https://cdn.shopify.com/s/files/1/0076/8301/4754/products/022212-00-007-02.jpg?v=1652851392|pos:4|alt:Held Held Phantom Pro Gloves – detail view,4,Held Held Phantom Pro Gloves – front view | Held Held Phantom Pro Gloves – side view | Held Held Phantom Pro Gloves – rear view | Held Held Phantom Pro Gloves – detail view,,0,Held Phantom Pro Gloves,Held Phantom Pro Gloves. The Phantom Pro is a modern and functional sports glove that leaves no wishes unfulfilled.,Highly abrasion resistant kangaroo leather.,,"Colorfast and sweat resistant. Underhand unlined. Special stitching for optimal, pressure-free feeling.",,Available in multiple sizes. Check the size guide before ordering.,Held Phantom Pro Gloves — a riding Glov built to the specifications listed above.,true,draft,https://cdn.shopify.com/s/files/1/0076/8301/4754/products/022212-00-014-01.jpg?v=1652851393|role:hero || https://cdn.shopify.com/s/files/1/0076/8301/4754/products/022212-00-014-02.jpg?v=1652851392|role:construction detail || https://cdn.shopify.com/s/files/1/0076/8301/4754/products/022212-00-007-01.jpg?v=1652851392|role:side profile,3,false,/products/held-phantom-pro-gloves,/products/held-phantom-pro-gloves
held-air-stream-3-0-gloves,held-air-stream-3-0-gloves,Held Air Stream 3.0 Gloves,Held Air Stream 3.0 Gloves,held-air-stream-3-0-gloves,"Palm: 100% kangaroo leather; Upper material: upper material 1: 100% goat leather, upper material 2: 100% polyamide; Schichtel: 100% goatskin; Lining: lining 1: 69% cotton,… • Sports glove. • Mesh fabric leather detailed back. • Highly abrasion-resistant kangaroo leather palm. • Colourfast & sweat-proof. Available in multiple sizes and/or colours — select your variant.","<strong>Features:</strong>
<ul>
<li>Sports glove</li>
<li>Mesh fabric leather detailed back</li>
<li>Highly abrasion-resistant kangaroo leather palm</li>
<li>Colourfast &amp; sweat-proof</li>
<li>Held Armaprotect &amp; COOLMAX® lined back</li>
<li>Unlined palm</li>
<li>Special step seam avoids pressure points on inner hand &amp; enhances feel</li>
<li>Velcro adjustment at cuffs</li>
<li>Perforated finger panels &amp; sidewalls of fingers in lightweight mesh</li>
<li>Perforated leather back</li>
<li>Perforated hand for maximum ventilation, feel and comfort</li>
<li>Visor wiper</li>
</ul>
<strong>Specifications:</strong>
<u>Protection:</u>
<ul>
<li>Safety tested accordint to norm EN 13594:2015 „protected glove for motorcyclists""</li>
<li>Hard plastic knuckle protection</li>
<li>Knuckle protection tested (impact test for knuckle protection)</li>
<li>SuperFabric® reinforcement on fingers &amp; edge of hand</li>
<li>Side of hand has hard plastic protection with leather covering</li>
<li>Reinforcement on little finger</li>
</ul>
<h3>ADDITIONAL PRODUCT INFORMATION</h3>
<b>Material:</b>
 Palm: 100% kangaroo leather; Upper material: upper material 1: 100% goat leather, upper material 2: 100% polyamide; Schichtel: 100% goatskin; Lining: lining 1: 69% cotton, 31% polyethylene, lining 2: 75% polyester, 25% polyurethane; Lining 3: 100% polyester (Contains non-textile parts of animal origin)","Features:

• Sports glove

• Mesh fabric leather detailed back

• Highly abrasion-resistant kangaroo leather palm

• Colourfast & sweat-proof

• Held Armaprotect & COOLMAX® lined back

• Unlined palm

• Special step seam avoids pressure points on inner hand & enhances feel

• Velcro adjustment at cuffs

• Perforated finger panels & sidewalls of fingers in lightweight mesh

• Perforated leather back

• Perforated hand for maximum ventilation, feel and comfort

• Visor wiper

Specifications:
Protection:

• Safety tested accordint to norm EN 13594:2015 „protected glove for motorcyclists""

• Hard plastic knuckle protection

• Knuckle protection tested (impact test for knuckle protection)

• SuperFabric® reinforcement on fingers & edge of hand

• Side of hand has hard plastic protection with leather covering

• Reinforcement on little finger

ADDITIONAL PRODUCT INFORMATION

Material:
 Palm: 100% kangaroo leather; Upper material: upper material 1: 100% goat leather, upper material 2: 100% polyamide; Schichtel: 100% goatskin; Lining: lining 1: 69% cotton, 31% polyethylene, lining 2: 75% polyester, 25% polyurethane; Lining 3: 100% polyester (Contains non-textile parts of animal origin)",19000,,2026-07-26,active,Held,2000,g,Buy Held Air Stream 3.0 Gloves | Mile 27 Store,"Palm: 100% kangaroo leather; Upper material: upper material 1: 100% goat leather, upper material 2: 100% polyamide; Schichtel: 100% goatskin; Lining:…",Sports glove | Mesh fabric leather detailed back | Highly abrasion-resistant kangaroo leather palm | Colourfast & sweat-proof,Cleaned noise; brand verified,High,false,Riding Gear > Riding Gloves,High,"Mapped from Shopify Type ""Riding Gloves""",held-air-stream-3-0-gloves-1|Size:7|price:19000.00|compare:|weight:2000|barcode:|qty:0 | held-air-stream-3-0-gloves-2|Size:8|price:19000.00|compare:|weight:2000|barcode:|qty:0 | held-air-stream-3-0-gloves-3|Size:9|price:19000.00|compare:|weight:2000|barcode:|qty:0 | held-air-stream-3-0-gloves-4|Size:10|price:19000.00|compare:|weight:2000|barcode:|qty:0 | held-air-stream-3-0-gloves-5|Size:11|price:19000.00|compare:|weight:2000|barcode:|qty:0 | held-air-stream-3-0-gloves-6|Size:12|price:19000.00|compare:|weight:2000|barcode:|qty:0,"held-air-stream-3-0-gloves-1,held-air-stream-3-0-gloves-2,held-air-stream-3-0-gloves-3,held-air-stream-3-0-gloves-4,held-air-stream-3-0-gloves-5,held-air-stream-3-0-gloves-6",6,https://cdn.shopify.com/s/files/1/0076/8301/4754/products/022011-00-001-01.jpg?v=1652851045|pos:1|alt:Held Held Air Stream 3.0 Gloves – front view || https://cdn.shopify.com/s/files/1/0076/8301/4754/products/022011-00-001-02.jpg?v=1652851044|pos:2|alt:Held Held Air Stream 3.0 Gloves – side view,2,Held Held Air Stream 3.0 Gloves – front view | Held Held Air Stream 3.0 Gloves – side view,,0,Held Air Stream 3.0 Gloves,"Held Air Stream 3.0 Gloves. Palm: 100% kangaroo leather; Upper material: upper material 1: 100% goat leather, upper material 2: 100% polyamide; Schichtel: 100% goatskin; Lining: lining 1: 69% cotton,… • Sports glove.",Mesh fabric leather detailed back. Highly abrasion-resistant kangaroo leather palm.,,Sports glove. Colourfast & sweat-proof.,,Available in multiple sizes. Check the size guide before ordering.,Held Air Stream 3.0 Gloves — a riding Glov built to the specifications listed above.,true,draft,https://cdn.shopify.com/s/files/1/0076/8301/4754/products/022011-00-001-01.jpg?v=1652851045|role:hero || https://cdn.shopify.com/s/files/1/0076/8301/4754/products/022011-00-001-02.jpg?v=1652851044|role:construction detail,2,false,/products/held-air-stream-3-0-gloves,/products/held-air-stream-3-0-gloves
held-evo-thrux-gloves,held-evo-thrux-gloves,Held Evo-Thrux Gloves,Held Evo-Thrux Gloves,held-evo-thrux-gloves,Outer shell • highly abrasion-resistant kangaroo leather palm. • supple cowhide back. • colourfast & sweat-proof. • unlined. Available in multiple sizes and/or colours — select your variant.,"<b>Outer shell</b>
<li>highly abrasion-resistant kangaroo leather palm</li>
<li>supple cowhide back</li>
<li>colourfast &amp; sweat-proof</li><br>
<b>lining</b>
<li>unlined</li><br>
<b>Fit/features</b>
<li>special flat seam</li>
<li>tunnel strap</li>
<li>velcro adjustment at wrists &amp; cuffs</li>
<li>elasticated leather panels on back, thumb &amp; fingers</li>
<li>visor wipe</li><br>
<b>Protection</b>
<li>hard plastic knuckle protection</li>
<li>Armidefiber (Kevlar) protection on back of hand</li>
<li>side of hand covered with hard plastic and reinforced with SUPERFABRIC<sup>®</sup><span> </span>l (32% polyester, 68% epoxide resin)</li>
<li>Superfabric<sup>®</sup><span> </span>reinforcement on fingers &amp; edge of hand</li>","Outer shell
• highly abrasion-resistant kangaroo leather palm

• supple cowhide back

• colourfast & sweat-proof

lining
• unlined

Fit/features
• special flat seam

• tunnel strap

• velcro adjustment at wrists & cuffs

• elasticated leather panels on back, thumb & fingers

• visor wipe

Protection
• hard plastic knuckle protection

• Armidefiber (Kevlar) protection on back of hand

• side of hand covered with hard plastic and reinforced with SUPERFABRIC® l (32% polyester, 68% epoxide resin)

• Superfabric® reinforcement on fingers & edge of hand",23000,,2026-07-26,active,Held,2000,g,Buy Held Evo-Thrux Gloves | Mile 27 Store,Outer shell highly abrasion-resistant kangaroo leather palm. supple cowhide back. colourfast & sweat-proof. unlined.,highly abrasion-resistant kangaroo leather palm | supple cowhide back | colourfast & sweat-proof | unlined,Cleaned noise; brand verified,High,false,Riding Gear > Riding Gloves,High,"Mapped from Shopify Type ""Riding Gloves""",held-evo-thrux-gloves-1|Size:S:Colour:Black|price:23000.00|compare:|weight:2000|barcode:|qty:0 | held-evo-thrux-gloves-2|Size:S:Colour:Black/White|price:23000.00|compare:|weight:2000|barcode:|qty:0 | held-evo-thrux-gloves-3|Size:S:Colour:Black/Red|price:23000.00|compare:|weight:2000|barcode:|qty:0 | held-evo-thrux-gloves-4|Size:S:Colour:Black/Azur|price:23000.00|compare:|weight:2000|barcode:|qty:0 | held-evo-thrux-gloves-5|Size:S:Colour:Decor|price:23000.00|compare:|weight:2000|barcode:|qty:0 | held-evo-thrux-gloves-6|Size:M:Colour:Black|price:23000.00|compare:|weight:2000|barcode:|qty:0 | held-evo-thrux-gloves-7|Size:M:Colour:Black/White|price:23000.00|compare:|weight:2000|barcode:|qty:0 | held-evo-thrux-gloves-8|Size:M:Colour:Black/Red|price:23000.00|compare:|weight:2000|barcode:|qty:0 | held-evo-thrux-gloves-9|Size:M:Colour:Black/Azur|price:23000.00|compare:|weight:2000|barcode:|qty:0 | held-evo-thrux-gloves-10|Size:M:Colour:Decor|price:23000.00|compare:|weight:2000|barcode:|qty:0 | held-evo-thrux-gloves-11|Size:L:Colour:Black|price:23000.00|compare:|weight:2000|barcode:|qty:0 | held-evo-thrux-gloves-12|Size:L:Colour:Black/White|price:23000.00|compare:|weight:2000|barcode:|qty:0 | held-evo-thrux-gloves-13|Size:L:Colour:Black/Red|price:23000.00|compare:|weight:2000|barcode:|qty:0 | held-evo-thrux-gloves-14|Size:L:Colour:Black/Azur|price:23000.00|compare:|weight:2000|barcode:|qty:0 | held-evo-thrux-gloves-15|Size:L:Colour:Decor|price:23000.00|compare:|weight:2000|barcode:|qty:0 | held-evo-thrux-gloves-16|Size:XL:Colour:Black|price:23000.00|compare:|weight:2000|barcode:|qty:0 | held-evo-thrux-gloves-17|Size:XL:Colour:Black/White|price:23000.00|compare:|weight:2000|barcode:|qty:0 | held-evo-thrux-gloves-18|Size:XL:Colour:Black/Red|price:23000.00|compare:|weight:2000|barcode:|qty:0 | held-evo-thrux-gloves-19|Size:XL:Colour:Black/Azur|price:23000.00|compare:|weight:2000|barcode:|qty:0 | held-evo-thrux-gloves-20|Size:XL:Colour:Decor|price:23000.00|compare:|weight:2000|barcode:|qty:0 | held-evo-thrux-gloves-21|Size:2XL:Colour:Black|price:23000.00|compare:|weight:2000|barcode:|qty:0 | held-evo-thrux-gloves-22|Size:2XL:Colour:Black/White|price:23000.00|compare:|weight:2000|barcode:|qty:0 | held-evo-thrux-gloves-23|Size:2XL:Colour:Black/Red|price:23000.00|compare:|weight:2000|barcode:|qty:0 | held-evo-thrux-gloves-24|Size:2XL:Colour:Black/Azur|price:23000.00|compare:|weight:2000|barcode:|qty:0 | held-evo-thrux-gloves-25|Size:2XL:Colour:Decor|price:23000.00|compare:|weight:2000|barcode:|qty:0 | held-evo-thrux-gloves-26|Size:3XL:Colour:Black|price:23000.00|compare:|weight:2000|barcode:|qty:0 | held-evo-thrux-gloves-27|Size:3XL:Colour:Black/White|price:23000.00|compare:|weight:2000|barcode:|qty:0 | held-evo-thrux-gloves-28|Size:3XL:Colour:Black/Red|price:23000.00|compare:|weight:2000|barcode:|qty:0 | held-evo-thrux-gloves-29|Size:3XL:Colour:Black/Azur|price:23000.00|compare:|weight:2000|barcode:|qty:0 | held-evo-thrux-gloves-30|Size:3XL:Colour:Decor|price:23000.00|compare:|weight:2000|barcode:|qty:0 | held-evo-thrux-gloves-31|Size:4XL:Colour:Black|price:23000.00|compare:|weight:2000|barcode:|qty:0 | held-evo-thrux-gloves-32|Size:4XL:Colour:Black/White|price:23000.00|compare:|weight:2000|barcode:|qty:0 | held-evo-thrux-gloves-33|Size:4XL:Colour:Black/Red|price:23000.00|compare:|weight:2000|barcode:|qty:0 | held-evo-thrux-gloves-34|Size:4XL:Colour:Black/Azur|price:23000.00|compare:|weight:2000|barcode:|qty:0 | held-evo-thrux-gloves-35|Size:4XL:Colour:Decor|price:23000.00|compare:|weight:2000|barcode:|qty:0,"held-evo-thrux-gloves-1,held-evo-thrux-gloves-2,held-evo-thrux-gloves-3,held-evo-thrux-gloves-4,held-evo-thrux-gloves-5,held-evo-thrux-gloves-6,held-evo-thrux-gloves-7,held-evo-thrux-gloves-8,held-evo-thrux-gloves-9,held-evo-thrux-gloves-10,held-evo-thrux-gloves-11,held-evo-thrux-gloves-12,held-evo-thrux-gloves-13,held-evo-thrux-gloves-14,held-evo-thrux-gloves-15,held-evo-thrux-gloves-16,held-evo-thrux-gloves-17,held-evo-thrux-gloves-18,held-evo-thrux-gloves-19,held-evo-thrux-gloves-20,held-evo-thrux-gloves-21,held-evo-thrux-gloves-22,held-evo-thrux-gloves-23,held-evo-thrux-gloves-24,held-evo-thrux-gloves-25,held-evo-thrux-gloves-26,held-evo-thrux-gloves-27,held-evo-thrux-gloves-28,held-evo-thrux-gloves-29,held-evo-thrux-gloves-30,held-evo-thrux-gloves-31,held-evo-thrux-gloves-32,held-evo-thrux-gloves-33,held-evo-thrux-gloves-34,held-evo-thrux-gloves-35",35,https://cdn.shopify.com/s/files/1/0076/8301/4754/products/Held-Evo-Thrux-Motorradhandschuh-schwarz_a.jpg?v=1652850770|pos:1|alt:Held Held Evo-Thrux Gloves – front view || https://cdn.shopify.com/s/files/1/0076/8301/4754/products/Held-Evo-Thrux-Motorradhandschuh-innen.jpg?v=1652850770|pos:2|alt:Held Held Evo-Thrux Gloves – side view || https://cdn.shopify.com/s/files/1/0076/8301/4754/products/Held-Evo-Thrux-Motorradhandschuh-schwarz-weiss_a.jpg?v=1652850768|pos:3|alt:Held Held Evo-Thrux Gloves – rear view || https://cdn.shopify.com/s/files/1/0076/8301/4754/products/Held-Evo-Thrux-Motorradhandschuh-schwarz-rot_a.jpg?v=1652850768|pos:4|alt:Held Held Evo-Thrux Gloves – detail view || https://cdn.shopify.com/s/files/1/0076/8301/4754/products/Held-Evo-Thrux-Motorradhandschuh-schwarz-blau_a.jpg?v=1652850767|pos:5|alt:Held Held Evo-Thrux Gloves – top view || https://cdn.shopify.com/s/files/1/0076/8301/4754/products/Held-Evo-Thrux-Motorradhandschuh-dekor.jpg?v=1652850767|pos:6|alt:Held Held Evo-Thrux Gloves – product view,6,Held Held Evo-Thrux Gloves – front view | Held Held Evo-Thrux Gloves – side view | Held Held Evo-Thrux Gloves – rear view | Held Held Evo-Thrux Gloves – detail view | Held Held Evo-Thrux Gloves – top view | Held Held Evo-Thrux Gloves – product view,,0,Held Evo-Thrux Gloves,Held Evo-Thrux Gloves. Outer shell • highly abrasion-resistant kangaroo leather palm.,highly abrasion-resistant kangaroo leather palm.,,supple cowhide back. colourfast & sweat-proof. unlined.,,Available in multiple sizes. Check the size guide before ordering.,Held Evo-Thrux Gloves — a riding Glov built to the specifications listed above.,true,draft,https://cdn.shopify.com/s/files/1/0076/8301/4754/products/Held-Evo-Thrux-Motorradhandschuh-schwarz_a.jpg?v=1652850770|role:hero || https://cdn.shopify.com/s/files/1/0076/8301/4754/products/Held-Evo-Thrux-Motorradhandschuh-innen.jpg?v=1652850770|role:construction detail || https://cdn.shopify.com/s/files/1/0076/8301/4754/products/Held-Evo-Thrux-Motorradhandschuh-schwarz-weiss_a.jpg?v=1652850768|role:side profile,3,false,/products/held-evo-thrux-gloves,/products/held-evo-thrux-gloves
held-newton-boots,held-newton-boots,Held Newton Boots,Held Newton Boots,held-newton-boots,Outer shell • kangaroo leather (approx. 60%) / cowhide. • perforated leather panels. • soft polyester lining. • easy entry via zip. Available in multiple sizes and/or colours — select your variant.,"<strong>Outer shell</strong>
<ul>
<li>kangaroo leather (approx. 60%) / cowhide</li>
<li>perforated leather panels</li>
</ul>
<strong>Lining/Features</strong>
<ul>
<li>soft polyester lining</li>
<li>easy entry via zip</li>
<li>BOA quick release fastener</li>
<li>adjustable fit (external clips)</li>
<li>gear-shift pad</li>
<li>detachable shinbone slider</li>
<li>detachable toe slider</li>
<li>anti-slip sole</li>
</ul>
<strong>Protection</strong>
<ul>
<li>certified under norm EN 13634:2015 ""protected boots for motorcyclists""</li>
<li>shin protector</li>
<li>aramide fibre reinforcment in critical areas</li>
<li>hard plastic heel protection</li>
<li>hard plastic reinforcement inside of boot</li>
</ul>
<strong>Boot Height (for size 43)</strong>
<ul>
<li>32 cm</li>
</ul>","Outer shell

• kangaroo leather (approx. 60%) / cowhide

• perforated leather panels

Lining/Features

• soft polyester lining

• easy entry via zip

• BOA quick release fastener

• adjustable fit (external clips)

• gear-shift pad

• detachable shinbone slider

• detachable toe slider

• anti-slip sole

Protection

• certified under norm EN 13634:2015 ""protected boots for motorcyclists""

• shin protector

• aramide fibre reinforcment in critical areas

• hard plastic heel protection

• hard plastic reinforcement inside of boot

Boot Height (for size 43)

• 32 cm",40000,,2026-07-26,active,Held,5000,g,Buy Held Newton Boots | Mile 27 Store,Outer shell kangaroo leather (approx. 60%) / cowhide. perforated leather panels. soft polyester lining. easy entry via zip.,kangaroo leather (approx. 60%) / cowhide | perforated leather panels | soft polyester lining | easy entry via zip,Cleaned noise; brand verified,High,false,Riding Gear > Riding Boots,High,"Mapped from Shopify Type ""Riding Boots""",held-newton-boots-1|Size:38:Colour:Black|price:40000.00|compare:|weight:5000|barcode:|qty:0 | held-newton-boots-2|Size:38:Colour:White/Black|price:40000.00|compare:|weight:5000|barcode:|qty:0 | held-newton-boots-3|Size:39:Colour:Black|price:40000.00|compare:|weight:5000|barcode:|qty:0 | held-newton-boots-4|Size:39:Colour:White/Black|price:40000.00|compare:|weight:5000|barcode:|qty:0 | held-newton-boots-5|Size:40:Colour:Black|price:40000.00|compare:|weight:5000|barcode:|qty:0 | held-newton-boots-6|Size:40:Colour:White/Black|price:40000.00|compare:|weight:5000|barcode:|qty:0 | held-newton-boots-7|Size:41:Colour:Black|price:40000.00|compare:|weight:5000|barcode:|qty:0 | held-newton-boots-8|Size:41:Colour:White/Black|price:40000.00|compare:|weight:5000|barcode:|qty:0 | held-newton-boots-9|Size:42:Colour:Black|price:40000.00|compare:|weight:5000|barcode:|qty:0 | held-newton-boots-10|Size:42:Colour:White/Black|price:40000.00|compare:|weight:5000|barcode:|qty:0 | held-newton-boots-11|Size:43:Colour:Black|price:40000.00|compare:|weight:5000|barcode:|qty:0 | held-newton-boots-12|Size:43:Colour:White/Black|price:40000.00|compare:|weight:5000|barcode:|qty:0 | held-newton-boots-13|Size:44:Colour:Black|price:40000.00|compare:|weight:5000|barcode:|qty:0 | held-newton-boots-14|Size:44:Colour:White/Black|price:40000.00|compare:|weight:5000|barcode:|qty:0 | held-newton-boots-15|Size:45:Colour:Black|price:40000.00|compare:|weight:5000|barcode:|qty:0 | held-newton-boots-16|Size:45:Colour:White/Black|price:40000.00|compare:|weight:5000|barcode:|qty:0 | held-newton-boots-17|Size:46:Colour:Black|price:40000.00|compare:|weight:5000|barcode:|qty:0 | held-newton-boots-18|Size:46:Colour:White/Black|price:40000.00|compare:|weight:5000|barcode:|qty:0,"held-newton-boots-1,held-newton-boots-2,held-newton-boots-3,held-newton-boots-4,held-newton-boots-5,held-newton-boots-6,held-newton-boots-7,held-newton-boots-8,held-newton-boots-9,held-newton-boots-10,held-newton-boots-11,held-newton-boots-12,held-newton-boots-13,held-newton-boots-14,held-newton-boots-15,held-newton-boots-16,held-newton-boots-17,held-newton-boots-18",18,https://cdn.shopify.com/s/files/1/0076/8301/4754/products/008721-00-001-01.jpg?v=1652791065|pos:1|alt:Held Held Newton Boots – front view || https://cdn.shopify.com/s/files/1/0076/8301/4754/products/008721-00-087-01.jpg?v=1652791065|pos:2|alt:Held Held Newton Boots – side view || https://cdn.shopify.com/s/files/1/0076/8301/4754/products/8721_87_x_3.jpg?v=1652791065|pos:3|alt:Held Held Newton Boots – rear view,3,Held Held Newton Boots – front view | Held Held Newton Boots – side view | Held Held Newton Boots – rear view,,0,Held Newton Boots,Held Newton Boots. Outer shell • kangaroo leather (approx. 60%) / cowhide.,kangaroo leather (approx. 60%) / cowhide. perforated leather panels.,,soft polyester lining. easy entry via zip.,,Available in multiple sizes. Check the size guide before ordering.,Held Newton Boots — a riding Boot built to the specifications listed above.,true,draft,https://cdn.shopify.com/s/files/1/0076/8301/4754/products/008721-00-001-01.jpg?v=1652791065|role:hero || https://cdn.shopify.com/s/files/1/0076/8301/4754/products/008721-00-087-01.jpg?v=1652791065|role:construction detail || https://cdn.shopify.com/s/files/1/0076/8301/4754/products/8721_87_x_3.jpg?v=1652791065|role:side profile,3,false,/products/held-newton-boots,/products/held-newton-boots
held-epco-ii-boots,held-epco-ii-boots,Held Epco II Boots,Held Epco II Boots,held-epco-ii-boots,Security • Heel protector made of hard plastic. • Removable ankle protection. • Reflector inserts. • reinforced shin guards. Available in multiple sizes and/or colours — select your variant.,"<strong>Security</strong>
<ul>
<li>Heel protector made of hard plastic</li>
<li>Removable ankle protection</li>
<li>Reflector inserts</li>
<li>reinforced shin guards</li>
<li>certified according to the standard EN 13634: 2015 ""Protective footwear for motorcyclists""</li>
</ul>
<strong>Comfort / Features</strong>
<ul>
<li>Variable width adjustment by zip and velcro</li>
<li>Reinforced gear shift</li>
<li>Slip, oil and petrol resistant sole</li>
<li>comfortable entry through zipper</li>
<li>interchangeable toe grinders</li>
</ul>
<strong>Feed</strong>
<ul>
<li>comfortable polyester lining</li>
</ul>
<strong>Material</strong>
<ul>
<li>Microfiber Mix</li>
</ul>
<strong>Shaft height (at size 43)</strong>
<ul>
<li>31 cm</li>
</ul>","Security

• Heel protector made of hard plastic

• Removable ankle protection

• Reflector inserts

• reinforced shin guards

• certified according to the standard EN 13634: 2015 ""Protective footwear for motorcyclists""

Comfort / Features

• Variable width adjustment by zip and velcro

• Reinforced gear shift

• Slip, oil and petrol resistant sole

• comfortable entry through zipper

• interchangeable toe grinders

Feed

• comfortable polyester lining

Material

• Microfiber Mix

Shaft height (at size 43)

• 31 cm",30000,,2026-07-26,active,Held,5000,g,Buy Held Epco II Boots | Mile 27 Store,Security Heel protector made of hard plastic. Removable ankle protection. Reflector inserts. reinforced shin guards.,Heel protector made of hard plastic | Removable ankle protection | Reflector inserts | reinforced shin guards,Cleaned noise; brand verified,High,false,Riding Gear > Riding Boots,High,"Mapped from Shopify Type ""Riding Boots""",held-epco-ii-boots-1|Size:39:Colour:Black|price:30000.00|compare:|weight:5000|barcode:|qty:0 | held-epco-ii-boots-2|Size:39:Colour:Black/White|price:30000.00|compare:|weight:5000|barcode:|qty:0 | held-epco-ii-boots-3|Size:40:Colour:Black|price:30000.00|compare:|weight:5000|barcode:|qty:0 | held-epco-ii-boots-4|Size:40:Colour:Black/White|price:30000.00|compare:|weight:5000|barcode:|qty:0 | held-epco-ii-boots-5|Size:41:Colour:Black|price:30000.00|compare:|weight:5000|barcode:|qty:0 | held-epco-ii-boots-6|Size:41:Colour:Black/White|price:30000.00|compare:|weight:5000|barcode:|qty:0 | held-epco-ii-boots-7|Size:42:Colour:Black|price:30000.00|compare:|weight:5000|barcode:|qty:0 | held-epco-ii-boots-8|Size:42:Colour:Black/White|price:30000.00|compare:|weight:5000|barcode:|qty:0 | held-epco-ii-boots-9|Size:43:Colour:Black|price:30000.00|compare:|weight:5000|barcode:|qty:0 | held-epco-ii-boots-10|Size:43:Colour:Black/White|price:30000.00|compare:|weight:5000|barcode:|qty:0 | held-epco-ii-boots-11|Size:44:Colour:Black|price:30000.00|compare:|weight:5000|barcode:|qty:0 | held-epco-ii-boots-12|Size:44:Colour:Black/White|price:30000.00|compare:|weight:5000|barcode:|qty:0 | held-epco-ii-boots-13|Size:45:Colour:Black|price:30000.00|compare:|weight:5000|barcode:|qty:0 | held-epco-ii-boots-14|Size:45:Colour:Black/White|price:30000.00|compare:|weight:5000|barcode:|qty:0 | held-epco-ii-boots-15|Size:46:Colour:Black|price:30000.00|compare:|weight:5000|barcode:|qty:0 | held-epco-ii-boots-16|Size:46:Colour:Black/White|price:30000.00|compare:|weight:5000|barcode:|qty:0 | held-epco-ii-boots-17|Size:47:Colour:Black|price:30000.00|compare:|weight:5000|barcode:|qty:0 | held-epco-ii-boots-18|Size:47:Colour:Black/White|price:30000.00|compare:|weight:5000|barcode:|qty:0,"held-epco-ii-boots-1,held-epco-ii-boots-2,held-epco-ii-boots-3,held-epco-ii-boots-4,held-epco-ii-boots-5,held-epco-ii-boots-6,held-epco-ii-boots-7,held-epco-ii-boots-8,held-epco-ii-boots-9,held-epco-ii-boots-10,held-epco-ii-boots-11,held-epco-ii-boots-12,held-epco-ii-boots-13,held-epco-ii-boots-14,held-epco-ii-boots-15,held-epco-ii-boots-16,held-epco-ii-boots-17,held-epco-ii-boots-18",18,https://cdn.shopify.com/s/files/1/0076/8301/4754/products/Held_Epco_II_black_1.jpg?v=1652790467|pos:1|alt:Held Held Epco II Boots – front view || https://cdn.shopify.com/s/files/1/0076/8301/4754/products/008822-00-087-03.jpg?v=1652790467|pos:2|alt:Held Held Epco II Boots – side view,2,Held Held Epco II Boots – front view | Held Held Epco II Boots – side view,,0,Held Epco II Boots,Held Epco II Boots. Security • Heel protector made of hard plastic.,,,Heel protector made of hard plastic. Removable ankle protection. Reflector inserts. reinforced shin guards.,,Available in multiple sizes. Check the size guide before ordering.,Held Epco II Boots — a riding Boot built to the specifications listed above.,true,draft,https://cdn.shopify.com/s/files/1/0076/8301/4754/products/Held_Epco_II_black_1.jpg?v=1652790467|role:hero || https://cdn.shopify.com/s/files/1/0076/8301/4754/products/008822-00-087-03.jpg?v=1652790467|role:construction detail,2,false,/products/held-epco-ii-boots,/products/held-epco-ii-boots
held-safer-srx-textile-jacket,held-safer-srx-textile-jacket,Held Safer SRX Textile Jacket,Held Safer SRX Textile Jacket,held-safer-srx-textile-jacket,"Upper material 1: 100% polyester; Upper material 2: 92% polyamide, 8% polyurethane; Lining: 100% polyester; removable lining: 100% polyamide | • Sport jacket. • HEROS-TEC® fabric. • Removable waterproof, windproof & breathable liner. • 2 external pockets. Available in multiple sizes and/or colours — select your variant.","<strong>Features:</strong>
<ul>
<li>Sport jacket</li>
<li>HEROS-TEC® fabric</li>
<li>Removable waterproof, windproof &amp; breathable liner</li>
<li>2 external pockets</li>
<li>2 inner pockets</li>
<li>Map / document pocket</li>
<li>Internal cellphone pocket</li>
<li>Front air-vent zipper (Held ACS)</li>
<li>Aramide stretch panels in under &amp; inner arms</li>
<li>Stretch panels at shoulders &amp; elbows</li>
<li>Cuff in stretch material</li>
<li>Soft collar</li>
<li>Aerodynamic racing hump</li>
</ul>
<strong>Specifications:</strong>
<u>Protection:</u>
<ul>
<li>Additional external hard shell shoulder &amp; elbow protectors</li>
<li>EN 1621-1:2012 safety tested soft protectors at shoulders &amp; elbows</li>
<li>Optional EN 1621-2:2014 back protector</li>
<li>Velcro for retrofittable chest protector, two-part</li>
<li>Double-stitched</li>
<li>Refl ective sections</li>
<li>Connecting zip</li>
<li>Safety tested according to FprEN 17092, protected garments for motorcyclists</li>
</ul>
<b><u>Lining:</u></b>
<ul>
<li>3D mesh at back</li>
<li>Breathable mesh inner lining</li>
</ul>
<h3>ADDITIONAL PRODUCT INFORMATION</h3>
<div>
<table class=""UserAttributes"">
<tbody>
<tr>
<td class=""AttributeLabel VerticalAlignMiddle"">Material</td>
<td class=""AttributeContent"">Upper material 1: 100% polyester; Upper material 2: 92% polyamide, 8% polyurethane; Lining: 100% polyester; removable lining: 100% polyamide</td>
</tr>
</tbody>
</table>
</div>","Features:

• Sport jacket

• HEROS-TEC® fabric

• Removable waterproof, windproof & breathable liner

• 2 external pockets

• 2 inner pockets

• Map / document pocket

• Internal cellphone pocket

• Front air-vent zipper (Held ACS)

• Aramide stretch panels in under & inner arms

• Stretch panels at shoulders & elbows

• Cuff in stretch material

• Soft collar

• Aerodynamic racing hump

Specifications:
Protection:

• Additional external hard shell shoulder & elbow protectors

• EN 1621-1:2012 safety tested soft protectors at shoulders & elbows

• Optional EN 1621-2:2014 back protector

• Velcro for retrofittable chest protector, two-part

• Double-stitched

• Refl ective sections

• Connecting zip

• Safety tested according to FprEN 17092, protected garments for motorcyclists

Lining:

• 3D mesh at back

• Breathable mesh inner lining

ADDITIONAL PRODUCT INFORMATION

Material | 
Upper material 1: 100% polyester; Upper material 2: 92% polyamide, 8% polyurethane; Lining: 100% polyester; removable lining: 100% polyamide |",46000,,2026-07-26,active,Held,6000,g,Buy Held Safer SRX Textile Jacket | Mile 27 Store,"Upper material 1: 100% polyester; Upper material 2: 92% polyamide, 8% polyurethane; Lining: 100% polyester; removable lining: 100% polyamide , Sport…","Sport jacket | HEROS-TEC® fabric | Removable waterproof, windproof & breathable liner | 2 external pockets",Cleaned noise; brand verified,High,false,Riding Gear > Riding Jackets > Textile Jackets,High,"Refined by title keyword: ""\b(textile\s+jacket|touring\s+jacket|adventure\s+jacket)\b""",held-safer-srx-textile-jacket-1|Size:S:Colour:Black|price:46000.00|compare:|weight:6000|barcode:|qty:0 | held-safer-srx-textile-jacket-2|Size:S:Colour:Black/Red/White|price:46000.00|compare:|weight:6000|barcode:|qty:0 | held-safer-srx-textile-jacket-3|Size:M:Colour:Black|price:46000.00|compare:|weight:6000|barcode:|qty:0 | held-safer-srx-textile-jacket-4|Size:M:Colour:Black/Red/White|price:46000.00|compare:|weight:6000|barcode:|qty:0 | held-safer-srx-textile-jacket-5|Size:L:Colour:Black|price:46000.00|compare:|weight:6000|barcode:|qty:0 | held-safer-srx-textile-jacket-6|Size:L:Colour:Black/Red/White|price:46000.00|compare:|weight:6000|barcode:|qty:0 | held-safer-srx-textile-jacket-7|Size:XL:Colour:Black|price:46000.00|compare:|weight:6000|barcode:|qty:0 | held-safer-srx-textile-jacket-8|Size:XL:Colour:Black/Red/White|price:46000.00|compare:|weight:6000|barcode:|qty:0 | held-safer-srx-textile-jacket-9|Size:XXL:Colour:Black|price:46000.00|compare:|weight:6000|barcode:|qty:0 | held-safer-srx-textile-jacket-10|Size:XXL:Colour:Black/Red/White|price:46000.00|compare:|weight:6000|barcode:|qty:0 | held-safer-srx-textile-jacket-11|Size:XXXL:Colour:Black|price:46000.00|compare:|weight:6000|barcode:|qty:0 | held-safer-srx-textile-jacket-12|Size:XXXL:Colour:Black/Red/White|price:46000.00|compare:|weight:6000|barcode:|qty:0,"held-safer-srx-textile-jacket-1,held-safer-srx-textile-jacket-2,held-safer-srx-textile-jacket-3,held-safer-srx-textile-jacket-4,held-safer-srx-textile-jacket-5,held-safer-srx-textile-jacket-6,held-safer-srx-textile-jacket-7,held-safer-srx-textile-jacket-8,held-safer-srx-textile-jacket-9,held-safer-srx-textile-jacket-10,held-safer-srx-textile-jacket-11,held-safer-srx-textile-jacket-12",12,https://cdn.shopify.com/s/files/1/0076/8301/4754/products/062031-00-001-01.jpg?v=1652789894|pos:1|alt:Held Held Safer SRX Textile Jacket – front view || https://cdn.shopify.com/s/files/1/0076/8301/4754/products/062031-00-001-02.jpg?v=1652789894|pos:2|alt:Held Held Safer SRX Textile Jacket – side view || https://cdn.shopify.com/s/files/1/0076/8301/4754/products/062031-00-007-01.jpg?v=1652789895|pos:3|alt:Held Held Safer SRX Textile Jacket – rear view || https://cdn.shopify.com/s/files/1/0076/8301/4754/products/062031-00-007-02.jpg?v=1652789894|pos:4|alt:Held Held Safer SRX Textile Jacket – detail view,4,Held Held Safer SRX Textile Jacket – front view | Held Held Safer SRX Textile Jacket – side view | Held Held Safer SRX Textile Jacket – rear view | Held Held Safer SRX Textile Jacket – detail view,,0,Held Safer SRX Textile Jacket,"Held Safer SRX Textile Jacket. Upper material 1: 100% polyester; Upper material 2: 92% polyamide, 8% polyurethane; Lining: 100% polyester; removable lining: 100% polyamide | • Sport jacket.",,"Removable waterproof, windproof & breathable liner.",Sport jacket. HEROS-TEC® fabric. 2 external pockets.,,Available in multiple sizes. Check the size guide before ordering.,Held Safer SRX Textile Jacket — a textile Jacket built to the specifications listed above.,true,draft,https://cdn.shopify.com/s/files/1/0076/8301/4754/products/062031-00-001-01.jpg?v=1652789894|role:hero || https://cdn.shopify.com/s/files/1/0076/8301/4754/products/062031-00-001-02.jpg?v=1652789894|role:construction detail || https://cdn.shopify.com/s/files/1/0076/8301/4754/products/062031-00-007-01.jpg?v=1652789895|role:side profile,3,false,/products/held-safer-srx-textile-jacket,/products/held-safer-srx-textile-jacket
held-vento-mesh-textile-pants,held-vento-mesh-textile-pants,Held Vento Mesh Textile Pants,Held Vento Mesh Textile Pants,held-vento-mesh-textile-pants,Vento Sporty ventilated trousers for men • Outer shell 400D Polyamide (100% polyamide). • Lining mesh lining (100% polyester). • 3D mesh (100% polyester) at back. • 2 external pockets. Available in multiple sizes and/or colours — select your variant.,"Vento Sporty ventilated trousers for men<br>
<ul>
<li>Outer shell 400D Polyamide (100% polyamide)</li>
<li>Lining mesh lining (100% polyester)</li>
<li>3D mesh (100% polyester) at back</li>
</ul>
<div>Fit/features</div>
<ul>
<li>2 external pockets</li>
<li>cool mesh material on upper legs, shins &amp; calves</li>
<li>stretch leather at knees</li>
<li>special stretch &amp; fabric panels in crotch &amp; calves</li>
<li>belt loops</li>
<li>anti-slip seat patch for better comfort and control</li>
</ul>
<div>Protection</div>
<ul>
<li>optional hip protectors</li>
<li>EN 1621-1 certified height-adjustable soft protectors at knees</li>
<li>reflective sections</li>
<li>Connecting zip</li>
<li>Colors black , grey-black </li>
<li>Sizes S, M, L, XL, XXL, 3XL, 4XL, 5XL</li>
</ul>
<h3>ADDITIONAL PRODUCT INFORMATION</h3>
<div>
<table class=""UserAttributes"">
<tbody>
<tr>
<td class=""AttributeLabel VerticalAlignMiddle"">Material</td>
<td class=""AttributeContent"">100% polyamide; lining: 100% polyester</td>
</tr>
</tbody>
</table>
</div>","Vento Sporty ventilated trousers for men

• Outer shell 400D Polyamide (100% polyamide)

• Lining mesh lining (100% polyester)

• 3D mesh (100% polyester) at back

Fit/features

• 2 external pockets

• cool mesh material on upper legs, shins & calves

• stretch leather at knees

• special stretch & fabric panels in crotch & calves

• belt loops

• anti-slip seat patch for better comfort and control

Protection

• optional hip protectors

• EN 1621-1 certified height-adjustable soft protectors at knees

• reflective sections

• Connecting zip

• Colors black , grey-black 

• Sizes S, M, L, XL, XXL, 3XL, 4XL, 5XL

ADDITIONAL PRODUCT INFORMATION

Material | 
100% polyamide; lining: 100% polyester |",23000,,2026-07-26,active,Held,6000,g,Buy Held Vento Mesh Textile Pants | Mile 27 Store,Vento Sporty ventilated trousers for men Outer shell 400D Polyamide (100% polyamide). Lining mesh lining (100% polyester). 3D mesh (100% polyester) at…,Outer shell 400D Polyamide (100% polyamide) | Lining mesh lining (100% polyester) | 3D mesh (100% polyester) at back | 2 external pockets,Cleaned noise; brand verified,High,false,Riding Gear > Riding Pants > Textile Pants,High,"Refined by title keyword: ""\b(textile\s+pants|touring\s+pants)\b""",held-vento-mesh-textile-pants-1|Size:S:Colour:Black|price:23000.00|compare:|weight:6000|barcode:|qty:0 | held-vento-mesh-textile-pants-2|Size:S:Colour:Gray/Black|price:23000.00|compare:|weight:6000|barcode:|qty:0 | held-vento-mesh-textile-pants-3|Size:M:Colour:Black|price:23000.00|compare:|weight:6000|barcode:|qty:0 | held-vento-mesh-textile-pants-4|Size:M:Colour:Gray/Black|price:23000.00|compare:|weight:6000|barcode:|qty:0 | held-vento-mesh-textile-pants-5|Size:L:Colour:Black|price:23000.00|compare:|weight:6000|barcode:|qty:0 | held-vento-mesh-textile-pants-6|Size:L:Colour:Gray/Black|price:23000.00|compare:|weight:6000|barcode:|qty:0 | held-vento-mesh-textile-pants-7|Size:XL:Colour:Black|price:23000.00|compare:|weight:6000|barcode:|qty:0 | held-vento-mesh-textile-pants-8|Size:XL:Colour:Gray/Black|price:23000.00|compare:|weight:6000|barcode:|qty:0 | held-vento-mesh-textile-pants-9|Size:2XL:Colour:Black|price:23000.00|compare:|weight:6000|barcode:|qty:0 | held-vento-mesh-textile-pants-10|Size:2XL:Colour:Gray/Black|price:23000.00|compare:|weight:6000|barcode:|qty:0 | held-vento-mesh-textile-pants-11|Size:3XL:Colour:Black|price:23000.00|compare:|weight:6000|barcode:|qty:0 | held-vento-mesh-textile-pants-12|Size:3XL:Colour:Gray/Black|price:23000.00|compare:|weight:6000|barcode:|qty:0 | held-vento-mesh-textile-pants-13|Size:4XL:Colour:Black|price:23000.00|compare:|weight:6000|barcode:|qty:0 | held-vento-mesh-textile-pants-14|Size:4XL:Colour:Gray/Black|price:23000.00|compare:|weight:6000|barcode:|qty:0 | held-vento-mesh-textile-pants-15|Size:5XL:Colour:Black|price:23000.00|compare:|weight:6000|barcode:|qty:0 | held-vento-mesh-textile-pants-16|Size:5XL:Colour:Gray/Black|price:23000.00|compare:|weight:6000|barcode:|qty:0,"held-vento-mesh-textile-pants-1,held-vento-mesh-textile-pants-2,held-vento-mesh-textile-pants-3,held-vento-mesh-textile-pants-4,held-vento-mesh-textile-pants-5,held-vento-mesh-textile-pants-6,held-vento-mesh-textile-pants-7,held-vento-mesh-textile-pants-8,held-vento-mesh-textile-pants-9,held-vento-mesh-textile-pants-10,held-vento-mesh-textile-pants-11,held-vento-mesh-textile-pants-12,held-vento-mesh-textile-pants-13,held-vento-mesh-textile-pants-14,held-vento-mesh-textile-pants-15,held-vento-mesh-textile-pants-16",16,https://cdn.shopify.com/s/files/1/0076/8301/4754/products/Held-Vento-Pant-black-6665_01_x.jpg?v=1652789585|pos:1|alt:Held Held Vento Mesh Textile Pants – front view || https://cdn.shopify.com/s/files/1/0076/8301/4754/products/Held-Vento-Pant-grey-black-1-6665_68_x.jpg?v=1652789587|pos:2|alt:Held Held Vento Mesh Textile Pants – side view || https://cdn.shopify.com/s/files/1/0076/8301/4754/products/Held-Vento-Pant-_grey_black-2_-6665_68_x_ruecken.jpg?v=1652789585|pos:3|alt:Held Held Vento Mesh Textile Pants – rear view,3,Held Held Vento Mesh Textile Pants – front view | Held Held Vento Mesh Textile Pants – side view | Held Held Vento Mesh Textile Pants – rear view,,0,Held Vento Mesh Textile Pants,Held Vento Mesh Textile Pants. Vento Sporty ventilated trousers for men • Outer shell 400D Polyamide (100% polyamide).,Outer shell 400D Polyamide (100% polyamide). Lining mesh lining (100% polyester). 3D mesh (100% polyester) at back.,,2 external pockets.,,Available in multiple sizes. Check the size guide before ordering.,Held Vento Mesh Textile Pants — a textile Pant built to the specifications listed above.,true,draft,https://cdn.shopify.com/s/files/1/0076/8301/4754/products/Held-Vento-Pant-black-6665_01_x.jpg?v=1652789585|role:hero || https://cdn.shopify.com/s/files/1/0076/8301/4754/products/Held-Vento-Pant-grey-black-1-6665_68_x.jpg?v=1652789587|role:construction detail || https://cdn.shopify.com/s/files/1/0076/8301/4754/products/Held-Vento-Pant-_grey_black-2_-6665_68_x_ruecken.jpg?v=1652789585|role:side profile,3,false,/products/held-vento-mesh-textile-pants,/products/held-vento-mesh-textile-pants
held-grind-srx-textile-pants,held-grind-srx-textile-pants,Held Grind SRX Textile Pants,Held Grind SRX Textile Pants,held-grind-srx-textile-pants,"Upper material 1: 100% polyester; Upper material 2: 92% polyamide, 8% polyurethane; Lining: 100% polyester; removable lining: 100% polyamide | • Touring pants. • HEROS-TEC® fabric. • Mesh lining. • Removable waterproof, windproof & breathable liner. Available in multiple sizes and/or colours — select your variant.","<strong>Features:</strong>
<ul>
<li>Touring pants</li>
<li>HEROS-TEC® fabric</li>
<li>Mesh lining</li>
<li>Removable waterproof, windproof &amp; breathable liner</li>
<li>1 external pocket</li>
<li>Air-vent zippers</li>
<li>Stretch panels at back and knees</li>
<li>Special Aramid stretch &amp; fabric panels in crotch &amp; calves</li>
<li>Zips at ankles</li>
<li>Anti-slip pad in knee area for extra grip</li>
<li>Anti-slip seat patch for better comfort and control</li>
<li>H.P.A System (Held protector adjustment) at knee</li>
</ul>
<strong>Specification:</strong>
<u>Protection:</u>
<ul>
<li>Optional hip protectors with EN 1621-1:2012</li>
<li>EN 1621-1:2012 safety tested height-adjustable soft protectors at knees</li>
<li>Additional hard shell knee protection</li>
<li>Double-stitched</li>
<li>Connecting zip</li>
<li>Safety tested FprEN 17092, protected garments for motorcyclists</li>
</ul>
<h3>ADDITIONAL PRODUCT INFORMATION</h3>
<div>
<table class=""UserAttributes"">
<tbody>
<tr>
<td class=""AttributeLabel VerticalAlignMiddle"">Material</td>
<td class=""AttributeContent"">Upper material 1: 100% polyester; Upper material 2: 92% polyamide, 8% polyurethane; Lining: 100% polyester; removable lining: 100% polyamide</td>
</tr>
</tbody>
</table>
</div>","Features:

• Touring pants

• HEROS-TEC® fabric

• Mesh lining

• Removable waterproof, windproof & breathable liner

• 1 external pocket

• Air-vent zippers

• Stretch panels at back and knees

• Special Aramid stretch & fabric panels in crotch & calves

• Zips at ankles

• Anti-slip pad in knee area for extra grip

• Anti-slip seat patch for better comfort and control

• H.P.A System (Held protector adjustment) at knee

Specification:
Protection:

• Optional hip protectors with EN 1621-1:2012

• EN 1621-1:2012 safety tested height-adjustable soft protectors at knees

• Additional hard shell knee protection

• Double-stitched

• Connecting zip

• Safety tested FprEN 17092, protected garments for motorcyclists

ADDITIONAL PRODUCT INFORMATION

Material | 
Upper material 1: 100% polyester; Upper material 2: 92% polyamide, 8% polyurethane; Lining: 100% polyester; removable lining: 100% polyamide |",38000,,2026-07-26,active,Held,6000,g,Buy Held Grind SRX Textile Pants | Mile 27 Store,"Upper material 1: 100% polyester; Upper material 2: 92% polyamide, 8% polyurethane; Lining: 100% polyester; removable lining: 100% polyamide , Touring…","Touring pants | HEROS-TEC® fabric | Mesh lining | Removable waterproof, windproof & breathable liner",Cleaned noise; brand verified,High,false,Riding Gear > Riding Pants > Textile Pants,High,"Refined by title keyword: ""\b(textile\s+pants|touring\s+pants)\b""",held-grind-srx-textile-pants-1|Size:S|price:38000.00|compare:|weight:6000|barcode:|qty:0 | held-grind-srx-textile-pants-2|Size:M|price:38000.00|compare:|weight:6000|barcode:|qty:0 | held-grind-srx-textile-pants-3|Size:L|price:38000.00|compare:|weight:6000|barcode:|qty:0 | held-grind-srx-textile-pants-4|Size:XL|price:38000.00|compare:|weight:6000|barcode:|qty:0 | held-grind-srx-textile-pants-5|Size:XXL|price:38000.00|compare:|weight:6000|barcode:|qty:0 | held-grind-srx-textile-pants-6|Size:XXXL|price:38000.00|compare:|weight:6000|barcode:|qty:0,"held-grind-srx-textile-pants-1,held-grind-srx-textile-pants-2,held-grind-srx-textile-pants-3,held-grind-srx-textile-pants-4,held-grind-srx-textile-pants-5,held-grind-srx-textile-pants-6",6,https://cdn.shopify.com/s/files/1/0076/8301/4754/products/062051-00-001-01.jpg?v=1652789327|pos:1|alt:Held Held Grind SRX Textile Pants – front view || https://cdn.shopify.com/s/files/1/0076/8301/4754/products/062051-00-001-02.jpg?v=1652789328|pos:2|alt:Held Held Grind SRX Textile Pants – side view,2,Held Held Grind SRX Textile Pants – front view | Held Held Grind SRX Textile Pants – side view,,0,Held Grind SRX Textile Pants,"Held Grind SRX Textile Pants. Upper material 1: 100% polyester; Upper material 2: 92% polyamide, 8% polyurethane; Lining: 100% polyester; removable lining: 100% polyamide | • Touring pants.",Mesh lining.,"Removable waterproof, windproof & breathable liner.",Touring pants. HEROS-TEC® fabric.,,Available in multiple sizes. Check the size guide before ordering.,Held Grind SRX Textile Pants — a textile Pant built to the specifications listed above.,true,draft,https://cdn.shopify.com/s/files/1/0076/8301/4754/products/062051-00-001-01.jpg?v=1652789327|role:hero || https://cdn.shopify.com/s/files/1/0076/8301/4754/products/062051-00-001-02.jpg?v=1652789328|role:construction detail,2,false,/products/held-grind-srx-textile-pants,/products/held-grind-srx-textile-pants
held-street-rocket-pro-2-piece-leather-suit,held-street-rocket-pro-2-piece-leather-suit,Held Street-Rocket Pro 2-Piece Leather Suit,Held Street-Rocket Pro 2-Piece Leather Suit,held-street-rocket-pro-2-piece-leather-suit,"The Street-Rocket Pro leather suit convinces with a sporty design, high wearing comfort and offers excellent protection! • Mix of kangaroo and cowhide leather. • Breathable mesh lining. • 3D spacer fabric on the back. • 2 outside pockets. Available in multiple sizes and/or colours — select your variant.","The Street-Rocket Pro leather suit convinces with a sporty design, high wearing comfort and offers excellent protection!<br><br>
<strong>Features:</strong>
<ul>
<li>Mix of kangaroo and cowhide leather</li>
<li>Breathable mesh lining</li>
<li>3D spacer fabric on the back</li>
<li>2 outside pockets</li>
<li>2 inside pockets</li>
<li>Front zipper can also be used as Held ACS (Air-Vent)</li>
<li>Ventilation zippers</li>
<li>perforated leather inserts</li>
<li>special stretch on inner arm, crotch and calf</li>
<li>leather stretch inserts in the back, shoulder and above the knee</li>
<li>HPA system (Held protector adjustment) at elbow</li>
<li>Cuffs made of stretch material</li>
<li>Held clip-in technology</li>
<li>HPA system (Held protector adjustment) at knee</li>
</ul>
<strong>Specification:</strong>
<ul>
<li>Soft protectors on shoulders, elbows and knees, EN 1621-1:2012</li>
<li>Metal plate in elbow hard shell can be exchanged for elbow slider (not included)</li>
<li>Prepared for back protector (not included)</li>
<li>Prepared for two-piece chest protector Art. 9784 or Art. 92227 (not included)</li>
<li>Prepared for rib reinforcement for retrofitting with Art. 9316 ( available as accessory)</li>
<li>Hip protectors, EN 1621-1:2012</li>
<li>Hard plastic reinforcement on the forearm ""engineered by Skill Skin</li>
</ul>
<h3>ADDITIONAL PRODUCT INFORMATION</h3>
<div>
<table class=""UserAttributes"">
<tbody>
<tr>
<td class=""AttributeLabel VerticalAlignMiddle"">Material</td>
<td class=""AttributeContent"">Upper 1: cowhide / Upper 2: 88% polyamide, 12% polyurethane / Upper 3: kangaroo leather / Lining 1: 100% polyester / Lining 2: 85% polyamide, 15% polyurethane</td>
</tr>
</tbody>
</table>
</div>","The Street-Rocket Pro leather suit convinces with a sporty design, high wearing comfort and offers excellent protection!

Features:

• Mix of kangaroo and cowhide leather

• Breathable mesh lining

• 3D spacer fabric on the back

• 2 outside pockets

• 2 inside pockets

• Front zipper can also be used as Held ACS (Air-Vent)

• Ventilation zippers

• perforated leather inserts

• special stretch on inner arm, crotch and calf

• leather stretch inserts in the back, shoulder and above the knee

• HPA system (Held protector adjustment) at elbow

• Cuffs made of stretch material

• Held clip-in technology

• HPA system (Held protector adjustment) at knee

Specification:

• Soft protectors on shoulders, elbows and knees, EN 1621-1:2012

• Metal plate in elbow hard shell can be exchanged for elbow slider (not included)

• Prepared for back protector (not included)

• Prepared for two-piece chest protector Art. 9784 or Art. 92227 (not included)

• Prepared for rib reinforcement for retrofitting with Art. 9316 ( available as accessory)

• Hip protectors, EN 1621-1:2012

• Hard plastic reinforcement on the forearm ""engineered by Skill Skin

ADDITIONAL PRODUCT INFORMATION

Material | 
Upper 1: cowhide / Upper 2: 88% polyamide, 12% polyurethane / Upper 3: kangaroo leather / Lining 1: 100% polyester / Lining 2: 85% polyamide, 15% polyurethane |",135000,,2026-07-26,active,Held,12000,g,Buy Held Street-Rocket Pro 2-Piece Leather Suit | Mile 27 Store,"The Street-Rocket Pro leather suit convinces with a sporty design, high wearing comfort and offers excellent protection! Mix of kangaroo and cowhide…",Mix of kangaroo and cowhide leather | Breathable mesh lining | 3D spacer fabric on the back | 2 outside pockets,Cleaned noise; brand verified,High,false,Riding Gear > Racing Suits > One-Piece Racing Suits,High,"Refined by title keyword: ""\b(leather\s+(suit|racing\s+suit))\b""",held-street-rocket-pro-2-piece-leather-suit-1|Size:48:Colour:Black|price:135000.00|compare:|weight:12000|barcode:|qty:0 | held-street-rocket-pro-2-piece-leather-suit-2|Size:48:Colour:Black/White|price:135000.00|compare:|weight:12000|barcode:|qty:0 | held-street-rocket-pro-2-piece-leather-suit-3|Size:48:Colour:Black/Red|price:135000.00|compare:|weight:12000|barcode:|qty:0 | held-street-rocket-pro-2-piece-leather-suit-4|Size:50:Colour:Black|price:135000.00|compare:|weight:12000|barcode:|qty:0 | held-street-rocket-pro-2-piece-leather-suit-5|Size:50:Colour:Black/White|price:135000.00|compare:|weight:12000|barcode:|qty:0 | held-street-rocket-pro-2-piece-leather-suit-6|Size:50:Colour:Black/Red|price:135000.00|compare:|weight:12000|barcode:|qty:0 | held-street-rocket-pro-2-piece-leather-suit-7|Size:52:Colour:Black|price:135000.00|compare:|weight:12000|barcode:|qty:0 | held-street-rocket-pro-2-piece-leather-suit-8|Size:52:Colour:Black/White|price:135000.00|compare:|weight:12000|barcode:|qty:0 | held-street-rocket-pro-2-piece-leather-suit-9|Size:52:Colour:Black/Red|price:135000.00|compare:|weight:12000|barcode:|qty:0 | held-street-rocket-pro-2-piece-leather-suit-10|Size:54:Colour:Black|price:135000.00|compare:|weight:12000|barcode:|qty:0 | held-street-rocket-pro-2-piece-leather-suit-11|Size:54:Colour:Black/White|price:135000.00|compare:|weight:12000|barcode:|qty:0 | held-street-rocket-pro-2-piece-leather-suit-12|Size:54:Colour:Black/Red|price:135000.00|compare:|weight:12000|barcode:|qty:0 | held-street-rocket-pro-2-piece-leather-suit-13|Size:56:Colour:Black|price:135000.00|compare:|weight:12000|barcode:|qty:0 | held-street-rocket-pro-2-piece-leather-suit-14|Size:56:Colour:Black/White|price:135000.00|compare:|weight:12000|barcode:|qty:0 | held-street-rocket-pro-2-piece-leather-suit-15|Size:56:Colour:Black/Red|price:135000.00|compare:|weight:12000|barcode:|qty:0 | held-street-rocket-pro-2-piece-leather-suit-16|Size:58:Colour:Black|price:135000.00|compare:|weight:12000|barcode:|qty:0 | held-street-rocket-pro-2-piece-leather-suit-17|Size:58:Colour:Black/White|price:135000.00|compare:|weight:12000|barcode:|qty:0 | held-street-rocket-pro-2-piece-leather-suit-18|Size:58:Colour:Black/Red|price:135000.00|compare:|weight:12000|barcode:|qty:0 | held-street-rocket-pro-2-piece-leather-suit-19|Size:60:Colour:Black|price:135000.00|compare:|weight:12000|barcode:|qty:0 | held-street-rocket-pro-2-piece-leather-suit-20|Size:60:Colour:Black/White|price:135000.00|compare:|weight:12000|barcode:|qty:0 | held-street-rocket-pro-2-piece-leather-suit-21|Size:60:Colour:Black/Red|price:135000.00|compare:|weight:12000|barcode:|qty:0,"held-street-rocket-pro-2-piece-leather-suit-1,held-street-rocket-pro-2-piece-leather-suit-2,held-street-rocket-pro-2-piece-leather-suit-3,held-street-rocket-pro-2-piece-leather-suit-4,held-street-rocket-pro-2-piece-leather-suit-5,held-street-rocket-pro-2-piece-leather-suit-6,held-street-rocket-pro-2-piece-leather-suit-7,held-street-rocket-pro-2-piece-leather-suit-8,held-street-rocket-pro-2-piece-leather-suit-9,held-street-rocket-pro-2-piece-leather-suit-10,held-street-rocket-pro-2-piece-leather-suit-11,held-street-rocket-pro-2-piece-leather-suit-12,held-street-rocket-pro-2-piece-leather-suit-13,held-street-rocket-pro-2-piece-leather-suit-14,held-street-rocket-pro-2-piece-leather-suit-15,held-street-rocket-pro-2-piece-leather-suit-16,held-street-rocket-pro-2-piece-leather-suit-17,held-street-rocket-pro-2-piece-leather-suit-18,held-street-rocket-pro-2-piece-leather-suit-19,held-street-rocket-pro-2-piece-leather-suit-20,held-street-rocket-pro-2-piece-leather-suit-21",21,https://cdn.shopify.com/s/files/1/0076/8301/4754/products/052215-00-001-01.jpg?v=1652788475|pos:1|alt:Held Held Street-Rocket Pro 2-Piece Leather Suit – front view || https://cdn.shopify.com/s/files/1/0076/8301/4754/products/052215-00-001-02.jpg?v=1652788475|pos:2|alt:Held Held Street-Rocket Pro 2-Piece Leather Suit – side view || https://cdn.shopify.com/s/files/1/0076/8301/4754/products/052215-00-014-01.jpg?v=1652788476|pos:3|alt:Held Held Street-Rocket Pro 2-Piece Leather Suit – rear view || https://cdn.shopify.com/s/files/1/0076/8301/4754/products/052215-00-014-02.jpg?v=1652788476|pos:4|alt:Held Held Street-Rocket Pro 2-Piece Leather Suit – detail view || https://cdn.shopify.com/s/files/1/0076/8301/4754/products/052215-00-061-01.jpg?v=1652788476|pos:5|alt:Held Held Street-Rocket Pro 2-Piece Leather Suit – top view || https://cdn.shopify.com/s/files/1/0076/8301/4754/products/052215-00-061-02.jpg?v=1652788475|pos:6|alt:Held Held Street-Rocket Pro 2-Piece Leather Suit – product view,6,Held Held Street-Rocket Pro 2-Piece Leather Suit – front view | Held Held Street-Rocket Pro 2-Piece Leather Suit – side view | Held Held Street-Rocket Pro 2-Piece Leather Suit – rear view | Held Held Street-Rocket Pro 2-Piece Leather Suit – detail view | Held Held Street-Rocket Pro 2-Piece Leather Suit – top view | Held Held Street-Rocket Pro 2-Piece Leather Suit – product view,,0,Held Street-Rocket Pro 2-Piece Leather Suit,"Held Street-Rocket Pro 2-Piece Leather Suit. The Street-Rocket Pro leather suit convinces with a sporty design, high wearing comfort and offers excellent protection! • Mix of kangaroo and cowhide leather.",Mix of kangaroo and cowhide leather. Breathable mesh lining.,,3D spacer fabric on the back. 2 outside pockets.,,Available in multiple sizes. Check the size guide before ordering.,Held Street-Rocket Pro 2-Piece Leather Suit — an one-Piece Racing Suit built to the specifications listed above.,true,draft,https://cdn.shopify.com/s/files/1/0076/8301/4754/products/052215-00-001-01.jpg?v=1652788475|role:hero || https://cdn.shopify.com/s/files/1/0076/8301/4754/products/052215-00-001-02.jpg?v=1652788475|role:construction detail || https://cdn.shopify.com/s/files/1/0076/8301/4754/products/052215-00-014-01.jpg?v=1652788476|role:side profile,3,false,/products/held-street-rocket-pro-2-piece-leather-suit,/products/held-street-rocket-pro-2-piece-leather-suit
held-race-evo-ii-one-piece-leather-suit,held-race-evo-ii-one-piece-leather-suit,Held Race-Evo II One Piece Leather Suit,Held Race-Evo II One Piece Leather Suit,held-race-evo-ii-one-piece-leather-suit,"Upper: 100% leather mix (cowhide/kangaroo leather) [Contains non-textile parts of animal origin] Lining: 100% polyester | • Titanium protectors on shoulder, elbows and knees. • Safety seams. • SAS-TEC® soft protectors on the neck, tailbone, hips and ribs. • SAS-TEC® back protector, tested to EN 1621-2. Available in multiple sizes and/or colours — select your variant.","<strong>Security</strong>
<ul>
<li>Titanium protectors on shoulder, elbows and knees</li>
<li>Safety seams</li>
<li>SAS-TEC® soft protectors on the neck, tailbone, hips and ribs</li>
<li>SAS-TEC® back protector, tested to EN 1621-2</li>
<li>SAS-TEC® 3-D protectors on shoulder and elbow made of visco-elastic soft foam, tested to EN 1621-1</li>
<li>Reflector inserts</li>
<li>Leather doubling on the buttocks</li>
<li>Velcro for retrofittable chest protector</li>
<li>height-adjustable SAS-TEC® 3-D protectors on the knee, made of visco-elastic soft foam, tested to EN 1621-1</li>
<li>Hard plastic reinforcement on the forearm ""engineered by Skill Skin track performance""</li>
</ul>
<strong>Comfort / features</strong>
<ul>
<li>Additional protection by ceramic pressure with Schoeller®Keprotec Stretch on the inner arm</li>
<li>Schoeller®-keprotec® stretch inserts under the arm, crotch and popliteal fossa</li>
<li>Back bones made of hard plastic with optional drink bag</li>
<li>Perforated leather inserts</li>
<li>Wooden knee sliders</li>
<li>H.P.A system (Held protector adjustment) in the knee</li>
<li>Front zipper can also be used as Held ACS (Air-Vent)</li>
<li>Elbow grinder</li>
<li>Cuffs made of stretch material</li>
<li>Anti-slip leather on the knee</li>
</ul>
<strong>Lining</strong>
<ul>
<li>Unlined in the arm and foot area</li>
<li>Breathable mesh lining</li>
<li>3D spacer fabric on the back</li>
</ul>
<strong>Material</strong>
<ul>
<li>Soft cowhide</li>
<li>highly abrasion-resistant kangaroo leather</li>
</ul>
<h3>ADDITIONAL PRODUCT INFORMATION</h3>
<div>
<table class=""UserAttributes"">
<tbody>
<tr>
<td class=""AttributeLabel VerticalAlignMiddle"">Material</td>
<td class=""AttributeContent"">Upper: 100% leather mix (cowhide/kangaroo leather) [Contains non-textile parts of animal origin] Lining: 100% polyester</td>
</tr>
</tbody>
</table>
</div>","Security

• Titanium protectors on shoulder, elbows and knees

• Safety seams

• SAS-TEC® soft protectors on the neck, tailbone, hips and ribs

• SAS-TEC® back protector, tested to EN 1621-2

• SAS-TEC® 3-D protectors on shoulder and elbow made of visco-elastic soft foam, tested to EN 1621-1

• Reflector inserts

• Leather doubling on the buttocks

• Velcro for retrofittable chest protector

• height-adjustable SAS-TEC® 3-D protectors on the knee, made of visco-elastic soft foam, tested to EN 1621-1

• Hard plastic reinforcement on the forearm ""engineered by Skill Skin track performance""

Comfort / features

• Additional protection by ceramic pressure with Schoeller®Keprotec Stretch on the inner arm

• Schoeller®-keprotec® stretch inserts under the arm, crotch and popliteal fossa

• Back bones made of hard plastic with optional drink bag

• Perforated leather inserts

• Wooden knee sliders

• H.P.A system (Held protector adjustment) in the knee

• Front zipper can also be used as Held ACS (Air-Vent)

• Elbow grinder

• Cuffs made of stretch material

• Anti-slip leather on the knee

Lining

• Unlined in the arm and foot area

• Breathable mesh lining

• 3D spacer fabric on the back

Material

• Soft cowhide

• highly abrasion-resistant kangaroo leather

ADDITIONAL PRODUCT INFORMATION

Material | 
Upper: 100% leather mix (cowhide/kangaroo leather) [Contains non-textile parts of animal origin] Lining: 100% polyester |",205000,,2026-07-26,active,Held,12000,g,Buy Held Race-Evo II One Piece Leather Suit | Mile 27 Store,"Upper: 100% leather mix (cowhide/kangaroo leather) [Contains non-textile parts of animal origin] Lining: 100% polyester , Titanium protectors on shoulder,…","Titanium protectors on shoulder, elbows and knees | Safety seams | SAS-TEC® soft protectors on the neck, tailbone, hips and ribs | SAS-TEC® back protector, tested to EN 1621-2",Cleaned noise; brand verified,High,false,Riding Gear > Racing Suits > One-Piece Racing Suits,High,"Refined by title keyword: ""\b(leather\s+(suit|racing\s+suit))\b""",held-race-evo-ii-one-piece-leather-suit-1|Size:46:Colour:White/Black|price:205000.00|compare:|weight:12000|barcode:|qty:0 | held-race-evo-ii-one-piece-leather-suit-2|Size:46:Colour:Blue/White/Red|price:205000.00|compare:|weight:12000|barcode:|qty:0 | held-race-evo-ii-one-piece-leather-suit-3|Size:46:Colour:Black/Yellow|price:205000.00|compare:|weight:12000|barcode:|qty:0 | held-race-evo-ii-one-piece-leather-suit-4|Size:48:Colour:White/Black|price:205000.00|compare:|weight:12000|barcode:|qty:0 | held-race-evo-ii-one-piece-leather-suit-5|Size:48:Colour:Blue/White/Red|price:205000.00|compare:|weight:12000|barcode:|qty:0 | held-race-evo-ii-one-piece-leather-suit-6|Size:48:Colour:Black/Yellow|price:205000.00|compare:|weight:12000|barcode:|qty:0 | held-race-evo-ii-one-piece-leather-suit-7|Size:50:Colour:White/Black|price:205000.00|compare:|weight:12000|barcode:|qty:0 | held-race-evo-ii-one-piece-leather-suit-8|Size:50:Colour:Blue/White/Red|price:205000.00|compare:|weight:12000|barcode:|qty:0 | held-race-evo-ii-one-piece-leather-suit-9|Size:50:Colour:Black/Yellow|price:205000.00|compare:|weight:12000|barcode:|qty:0 | held-race-evo-ii-one-piece-leather-suit-10|Size:52:Colour:White/Black|price:205000.00|compare:|weight:12000|barcode:|qty:0 | held-race-evo-ii-one-piece-leather-suit-11|Size:52:Colour:Blue/White/Red|price:205000.00|compare:|weight:12000|barcode:|qty:0 | held-race-evo-ii-one-piece-leather-suit-12|Size:52:Colour:Black/Yellow|price:205000.00|compare:|weight:12000|barcode:|qty:0 | held-race-evo-ii-one-piece-leather-suit-13|Size:54:Colour:White/Black|price:205000.00|compare:|weight:12000|barcode:|qty:0 | held-race-evo-ii-one-piece-leather-suit-14|Size:54:Colour:Blue/White/Red|price:205000.00|compare:|weight:12000|barcode:|qty:0 | held-race-evo-ii-one-piece-leather-suit-15|Size:54:Colour:Black/Yellow|price:205000.00|compare:|weight:12000|barcode:|qty:0 | held-race-evo-ii-one-piece-leather-suit-16|Size:56:Colour:White/Black|price:205000.00|compare:|weight:12000|barcode:|qty:0 | held-race-evo-ii-one-piece-leather-suit-17|Size:56:Colour:Blue/White/Red|price:205000.00|compare:|weight:12000|barcode:|qty:0 | held-race-evo-ii-one-piece-leather-suit-18|Size:56:Colour:Black/Yellow|price:205000.00|compare:|weight:12000|barcode:|qty:0 | held-race-evo-ii-one-piece-leather-suit-19|Size:58:Colour:White/Black|price:205000.00|compare:|weight:12000|barcode:|qty:0 | held-race-evo-ii-one-piece-leather-suit-20|Size:58:Colour:Blue/White/Red|price:205000.00|compare:|weight:12000|barcode:|qty:0 | held-race-evo-ii-one-piece-leather-suit-21|Size:58:Colour:Black/Yellow|price:205000.00|compare:|weight:12000|barcode:|qty:0,"held-race-evo-ii-one-piece-leather-suit-1,held-race-evo-ii-one-piece-leather-suit-2,held-race-evo-ii-one-piece-leather-suit-3,held-race-evo-ii-one-piece-leather-suit-4,held-race-evo-ii-one-piece-leather-suit-5,held-race-evo-ii-one-piece-leather-suit-6,held-race-evo-ii-one-piece-leather-suit-7,held-race-evo-ii-one-piece-leather-suit-8,held-race-evo-ii-one-piece-leather-suit-9,held-race-evo-ii-one-piece-leather-suit-10,held-race-evo-ii-one-piece-leather-suit-11,held-race-evo-ii-one-piece-leather-suit-12,held-race-evo-ii-one-piece-leather-suit-13,held-race-evo-ii-one-piece-leather-suit-14,held-race-evo-ii-one-piece-leather-suit-15,held-race-evo-ii-one-piece-leather-suit-16,held-race-evo-ii-one-piece-leather-suit-17,held-race-evo-ii-one-piece-leather-suit-18,held-race-evo-ii-one-piece-leather-suit-19,held-race-evo-ii-one-piece-leather-suit-20,held-race-evo-ii-one-piece-leather-suit-21",21,https://cdn.shopify.com/s/files/1/0076/8301/4754/products/051910-00-087-01.jpg?v=1652785435|pos:1|alt:Held Held Race-Evo II One Piece Leather Suit – front view || https://cdn.shopify.com/s/files/1/0076/8301/4754/products/051910-00-087-02.jpg?v=1652785436|pos:2|alt:Held Held Race-Evo II One Piece Leather Suit – side view || https://cdn.shopify.com/s/files/1/0076/8301/4754/products/051910-00-042-01.jpg?v=1652785434|pos:3|alt:Held Held Race-Evo II One Piece Leather Suit – rear view || https://cdn.shopify.com/s/files/1/0076/8301/4754/products/051910-00-042-02.jpg?v=1652785436|pos:4|alt:Held Held Race-Evo II One Piece Leather Suit – detail view || https://cdn.shopify.com/s/files/1/0076/8301/4754/products/051910-00-058-01.jpg?v=1652785434|pos:5|alt:Held Held Race-Evo II One Piece Leather Suit – top view || https://cdn.shopify.com/s/files/1/0076/8301/4754/products/051910-00-058-02.jpg?v=1652785434|pos:6|alt:Held Held Race-Evo II One Piece Leather Suit – product view,6,Held Held Race-Evo II One Piece Leather Suit – front view | Held Held Race-Evo II One Piece Leather Suit – side view | Held Held Race-Evo II One Piece Leather Suit – rear view | Held Held Race-Evo II One Piece Leather Suit – detail view | Held Held Race-Evo II One Piece Leather Suit – top view | Held Held Race-Evo II One Piece Leather Suit – product view,use:track,1,Held Race-Evo II One Piece Leather Suit,"Held Race-Evo II One Piece Leather Suit. Upper: 100% leather mix (cowhide/kangaroo leather) [Contains non-textile parts of animal origin] Lining: 100% polyester | • Titanium protectors on shoulder, elbows and knees.","Titanium protectors on shoulder, elbows and knees.",,"Safety seams. SAS-TEC® soft protectors on the neck, tailbone, hips and ribs. SAS-TEC® back protector, tested to EN 1621-2.",,Available in multiple sizes. Check the size guide before ordering.,Held Race-Evo II One Piece Leather Suit — an one-Piece Racing Suit built to the specifications listed above.,true,draft,https://cdn.shopify.com/s/files/1/0076/8301/4754/products/051910-00-087-01.jpg?v=1652785435|role:hero || https://cdn.shopify.com/s/files/1/0076/8301/4754/products/051910-00-087-02.jpg?v=1652785436|role:construction detail || https://cdn.shopify.com/s/files/1/0076/8301/4754/products/051910-00-042-01.jpg?v=1652785434|role:side profile,3,false,/products/held-race-evo-ii-one-piece-leather-suit,/products/held-race-evo-ii-one-piece-leather-suit
held-safer-leather-jacket,held-safer-leather-jacket,Held Safer Leather Jacket,Held Safer Leather Jacket,held-safer-leather-jacket,outer shell • soft cowhide. • 3D distance fabric (100% polyester). • breathable mesh inner lining (100% polyester). • 2 inner pockets. Available in multiple sizes and/or colours — select your variant.,"<b>outer shell</b>
<ul>
<li>soft cowhide</li>
</ul>
<b>lining</b>
<ul>
<li>3D distance fabric (100% polyester)</li>
<li>breathable mesh inner lining (100% polyester)</li>
</ul>
<b>fit/features</b>
<ul>
<li>2 inner pockets</li>
<li>front air-vent zipper</li>
<li>stretch leather at shoulders &amp; elbows</li>
<li>soft collar</li>
<li>Schoeller<sup>®</sup><span> </span>KEPROTEC cuff</li>
<li>schoeller<sup>®</sup><span> </span>Kevlar stretch panels at under- &amp; inner arms</li>
</ul>
<b>protection</b>
<ul>
<li>EN 1621-1 approved SaS-Tec 3D shoulder &amp; elbow protectors</li>
<li>special foam padding at back</li>
<li>optional EN 1621-2 back protector</li>
<li>removable Temperfoam<sup>®</sup><span> </span>padding at neck &amp; tailbone can be upgraded to Held cloverleaf SaS-Tec approved protectors</li>
<li>connecting zip</li>
<li>double-stitched</li>
<li>additional external hard shell shoulder &amp; elbow protectors</li>
<li>highly abrasion resistant stingray skin on upper arm</li>
<li>optional ripstop Temperfoam bag with Art. 9316</li>
<li>metal connecting zipper</li>
</ul>","outer shell

• soft cowhide

lining

• 3D distance fabric (100% polyester)

• breathable mesh inner lining (100% polyester)

fit/features

• 2 inner pockets

• front air-vent zipper

• stretch leather at shoulders & elbows

• soft collar

• Schoeller® KEPROTEC cuff

• schoeller® Kevlar stretch panels at under- & inner arms

protection

• EN 1621-1 approved SaS-Tec 3D shoulder & elbow protectors

• special foam padding at back

• optional EN 1621-2 back protector

• removable Temperfoam® padding at neck & tailbone can be upgraded to Held cloverleaf SaS-Tec approved protectors

• connecting zip

• double-stitched

• additional external hard shell shoulder & elbow protectors

• highly abrasion resistant stingray skin on upper arm

• optional ripstop Temperfoam bag with Art. 9316

• metal connecting zipper",80000,,2026-07-26,active,Held,6000,g,Buy Held Safer Leather Jacket | Mile 27 Store,outer shell soft cowhide. 3D distance fabric (100% polyester). breathable mesh inner lining (100% polyester). 2 inner pockets.,soft cowhide | 3D distance fabric (100% polyester) | breathable mesh inner lining (100% polyester) | 2 inner pockets,Cleaned noise; brand verified,High,false,Riding Gear > Riding Jackets > Leather Jackets,High,"Refined by title keyword: ""\bleather\s+jacket\b""",held-safer-leather-jacket-1|Size:46:Colour:Black|price:80000.00|compare:|weight:6000|barcode:|qty:0 | held-safer-leather-jacket-2|Size:46:Colour:White/Red|price:80000.00|compare:|weight:6000|barcode:|qty:0 | held-safer-leather-jacket-3|Size:46:Colour:White/Black|price:80000.00|compare:|weight:6000|barcode:|qty:0 | held-safer-leather-jacket-4|Size:46:Colour:Black/Blue|price:80000.00|compare:|weight:6000|barcode:|qty:0 | held-safer-leather-jacket-5|Size:46:Colour:Black/Red|price:80000.00|compare:|weight:6000|barcode:|qty:0 | held-safer-leather-jacket-6|Size:46:Colour:Black/Yellow|price:80000.00|compare:|weight:6000|barcode:|qty:0 | held-safer-leather-jacket-7|Size:48:Colour:Black|price:80000.00|compare:|weight:6000|barcode:|qty:0 | held-safer-leather-jacket-8|Size:48:Colour:White/Red|price:80000.00|compare:|weight:6000|barcode:|qty:0 | held-safer-leather-jacket-9|Size:48:Colour:White/Black|price:80000.00|compare:|weight:6000|barcode:|qty:0 | held-safer-leather-jacket-10|Size:48:Colour:Black/Blue|price:80000.00|compare:|weight:6000|barcode:|qty:0 | held-safer-leather-jacket-11|Size:48:Colour:Black/Red|price:80000.00|compare:|weight:6000|barcode:|qty:0 | held-safer-leather-jacket-12|Size:48:Colour:Black/Yellow|price:80000.00|compare:|weight:6000|barcode:|qty:0 | held-safer-leather-jacket-13|Size:50:Colour:Black|price:80000.00|compare:|weight:6000|barcode:|qty:0 | held-safer-leather-jacket-14|Size:50:Colour:White/Red|price:80000.00|compare:|weight:6000|barcode:|qty:0 | held-safer-leather-jacket-15|Size:50:Colour:White/Black|price:80000.00|compare:|weight:6000|barcode:|qty:0 | held-safer-leather-jacket-16|Size:50:Colour:Black/Blue|price:80000.00|compare:|weight:6000|barcode:|qty:0 | held-safer-leather-jacket-17|Size:50:Colour:Black/Red|price:80000.00|compare:|weight:6000|barcode:|qty:0 | held-safer-leather-jacket-18|Size:50:Colour:Black/Yellow|price:80000.00|compare:|weight:6000|barcode:|qty:0 | held-safer-leather-jacket-19|Size:52:Colour:Black|price:80000.00|compare:|weight:6000|barcode:|qty:0 | held-safer-leather-jacket-20|Size:52:Colour:White/Red|price:80000.00|compare:|weight:6000|barcode:|qty:0 | held-safer-leather-jacket-21|Size:52:Colour:White/Black|price:80000.00|compare:|weight:6000|barcode:|qty:0 | held-safer-leather-jacket-22|Size:52:Colour:Black/Blue|price:80000.00|compare:|weight:6000|barcode:|qty:0 | held-safer-leather-jacket-23|Size:52:Colour:Black/Red|price:80000.00|compare:|weight:6000|barcode:|qty:0 | held-safer-leather-jacket-24|Size:52:Colour:Black/Yellow|price:80000.00|compare:|weight:6000|barcode:|qty:0 | held-safer-leather-jacket-25|Size:54:Colour:Black|price:80000.00|compare:|weight:6000|barcode:|qty:0 | held-safer-leather-jacket-26|Size:54:Colour:White/Red|price:80000.00|compare:|weight:6000|barcode:|qty:0 | held-safer-leather-jacket-27|Size:54:Colour:White/Black|price:80000.00|compare:|weight:6000|barcode:|qty:0 | held-safer-leather-jacket-28|Size:54:Colour:Black/Blue|price:80000.00|compare:|weight:6000|barcode:|qty:0 | held-safer-leather-jacket-29|Size:54:Colour:Black/Red|price:80000.00|compare:|weight:6000|barcode:|qty:0 | held-safer-leather-jacket-30|Size:54:Colour:Black/Yellow|price:80000.00|compare:|weight:6000|barcode:|qty:0 | held-safer-leather-jacket-31|Size:56:Colour:Black|price:80000.00|compare:|weight:6000|barcode:|qty:0 | held-safer-leather-jacket-32|Size:56:Colour:White/Red|price:80000.00|compare:|weight:6000|barcode:|qty:0 | held-safer-leather-jacket-33|Size:56:Colour:White/Black|price:80000.00|compare:|weight:6000|barcode:|qty:0 | held-safer-leather-jacket-34|Size:56:Colour:Black/Blue|price:80000.00|compare:|weight:6000|barcode:|qty:0 | held-safer-leather-jacket-35|Size:56:Colour:Black/Red|price:80000.00|compare:|weight:6000|barcode:|qty:0 | held-safer-leather-jacket-36|Size:56:Colour:Black/Yellow|price:80000.00|compare:|weight:6000|barcode:|qty:0 | held-safer-leather-jacket-37|Size:58:Colour:Black|price:80000.00|compare:|weight:6000|barcode:|qty:0 | held-safer-leather-jacket-38|Size:58:Colour:White/Red|price:80000.00|compare:|weight:6000|barcode:|qty:0 | held-safer-leather-jacket-39|Size:58:Colour:White/Black|price:80000.00|compare:|weight:6000|barcode:|qty:0 | held-safer-leather-jacket-40|Size:58:Colour:Black/Blue|price:80000.00|compare:|weight:6000|barcode:|qty:0 | held-safer-leather-jacket-41|Size:58:Colour:Black/Red|price:80000.00|compare:|weight:6000|barcode:|qty:0 | held-safer-leather-jacket-42|Size:58:Colour:Black/Yellow|price:80000.00|compare:|weight:6000|barcode:|qty:0 | held-safer-leather-jacket-43|Size:60:Colour:Black|price:80000.00|compare:|weight:6000|barcode:|qty:0 | held-safer-leather-jacket-44|Size:60:Colour:White/Red|price:80000.00|compare:|weight:6000|barcode:|qty:0 | held-safer-leather-jacket-45|Size:60:Colour:White/Black|price:80000.00|compare:|weight:6000|barcode:|qty:0 | held-safer-leather-jacket-46|Size:60:Colour:Black/Blue|price:80000.00|compare:|weight:6000|barcode:|qty:0 | held-safer-leather-jacket-47|Size:60:Colour:Black/Red|price:80000.00|compare:|weight:6000|barcode:|qty:0 | held-safer-leather-jacket-48|Size:60:Colour:Black/Yellow|price:80000.00|compare:|weight:6000|barcode:|qty:0,"held-safer-leather-jacket-1,held-safer-leather-jacket-2,held-safer-leather-jacket-3,held-safer-leather-jacket-4,held-safer-leather-jacket-5,held-safer-leather-jacket-6,held-safer-leather-jacket-7,held-safer-leather-jacket-8,held-safer-leather-jacket-9,held-safer-leather-jacket-10,held-safer-leather-jacket-11,held-safer-leather-jacket-12,held-safer-leather-jacket-13,held-safer-leather-jacket-14,held-safer-leather-jacket-15,held-safer-leather-jacket-16,held-safer-leather-jacket-17,held-safer-leather-jacket-18,held-safer-leather-jacket-19,held-safer-leather-jacket-20,held-safer-leather-jacket-21,held-safer-leather-jacket-22,held-safer-leather-jacket-23,held-safer-leather-jacket-24,held-safer-leather-jacket-25,held-safer-leather-jacket-26,held-safer-leather-jacket-27,held-safer-leather-jacket-28,held-safer-leather-jacket-29,held-safer-leather-jacket-30,held-safer-leather-jacket-31,held-safer-leather-jacket-32,held-safer-leather-jacket-33,held-safer-leather-jacket-34,held-safer-leather-jacket-35,held-safer-leather-jacket-36,held-safer-leather-jacket-37,held-safer-leather-jacket-38,held-safer-leather-jacket-39,held-safer-leather-jacket-40,held-safer-leather-jacket-41,held-safer-leather-jacket-42,held-safer-leather-jacket-43,held-safer-leather-jacket-44,held-safer-leather-jacket-45,held-safer-leather-jacket-46,held-safer-leather-jacket-47,held-safer-leather-jacket-48",48,https://cdn.shopify.com/s/files/1/0076/8301/4754/products/Held-Safer-Lederjacke-schwarz.jpg?v=1652784984|pos:1|alt:Held Held Safer Leather Jacket – front view || https://cdn.shopify.com/s/files/1/0076/8301/4754/products/Held-Safer-Lederjacke-weiss-rot.jpg?v=1652784987|pos:2|alt:Held Held Safer Leather Jacket – side view || https://cdn.shopify.com/s/files/1/0076/8301/4754/products/5131_14_weiss-schwarz.jpg?v=1652784984|pos:3|alt:Held Held Safer Leather Jacket – rear view || https://cdn.shopify.com/s/files/1/0076/8301/4754/products/5131_12_blau.jpg?v=1652784984|pos:4|alt:Held Held Safer Leather Jacket – detail view || https://cdn.shopify.com/s/files/1/0076/8301/4754/products/5131_02_sr.jpg?v=1652784984|pos:5|alt:Held Held Safer Leather Jacket – top view || https://cdn.shopify.com/s/files/1/0076/8301/4754/products/Held-Safer-Lederjacke-weiss-gelb.jpg?v=1652784984|pos:6|alt:Held Held Safer Leather Jacket – product view,6,Held Held Safer Leather Jacket – front view | Held Held Safer Leather Jacket – side view | Held Held Safer Leather Jacket – rear view | Held Held Safer Leather Jacket – detail view | Held Held Safer Leather Jacket – top view | Held Held Safer Leather Jacket – product view,,0,Held Safer Leather Jacket,Held Safer Leather Jacket. outer shell • soft cowhide.,breathable mesh inner lining (100% polyester).,,soft cowhide. 3D distance fabric (100% polyester). 2 inner pockets.,,Available in multiple sizes. Check the size guide before ordering.,Held Safer Leather Jacket — a leather Jacket built to the specifications listed above.,true,draft,https://cdn.shopify.com/s/files/1/0076/8301/4754/products/Held-Safer-Lederjacke-schwarz.jpg?v=1652784984|role:hero || https://cdn.shopify.com/s/files/1/0076/8301/4754/products/Held-Safer-Lederjacke-weiss-rot.jpg?v=1652784987|role:construction detail || https://cdn.shopify.com/s/files/1/0076/8301/4754/products/5131_14_weiss-schwarz.jpg?v=1652784984|role:side profile,3,false,/products/held-safer-leather-jacket,/products/held-safer-leather-jacket
held-full-speed-one-piece-leather-suit,held-full-speed-one-piece-leather-suit,Held Full Speed One Piece Leather Suit,Held Full Speed One Piece Leather Suit,held-full-speed-one-piece-leather-suit,"Upper: 90% kangaroo leather, 10% aramide (Contains non-textile parts of animal origin) Lining: 100% polyester | • Titanium protectors on shoulder, elbows and knees. • Safety seams. • Schoeller®-keprotec® inserts on the buttocks / upper arm / knee and thighs. • SAS-TEC® soft protectors on the neck, tailbone, hips and ribs. Available in multiple sizes and/or colours — select your variant.","<strong>Security</strong>
<ul>
<li>Titanium protectors on shoulder, elbows and knees</li>
<li>Safety seams</li>
<li>Schoeller®-keprotec® inserts on the buttocks / upper arm / knee and thighs</li>
<li>SAS-TEC® soft protectors on the neck, tailbone, hips and ribs</li>
<li>SAS-TEC® back protector, EN 1621-2 proven</li>
<li>SAS-TEC® 3-D protectors on shoulder and elbow made of visco-elastic soft foam, EN 1621-1 proven</li>
<li>Protector pockets made of leather for optimum safety</li>
<li>Leather doubling on the buttocks</li>
<li>Velcro for retrofittable chest protector Chest, 2-part</li>
<li>height-adjustable SAS-TEC® 3-D protectors on the knee, made of visco-elastic soft foam, EN 1621-1 proven</li>
<li>Hard plastic reinforcement on the forearm ""engineered by Skill Skin track performance""</li>
</ul>
<strong>Comfort / features</strong>
<ul>
<li>Schoeller®-keprotec® stretch inserts under the arm, crotch and popliteal fossa</li>
<li>Hump</li>
<li>Perforated leather inserts</li>
<li>Wooden knee sliders</li>
<li>Front zipper can also be used as an air vent</li>
<li>Cuffs made of stretch material</li>
<li>Anti-slip pad on the knee</li>
</ul>
<strong>Lining</strong>
<ul>
<li>Breathable mesh lining</li>
<li>3D spacer fabric on the back</li>
</ul>
<strong>Material</strong>
<ul>
<li>Highly abrasion-resistant kangaroo leather</li>
</ul>
<h3>ADDITIONAL PRODUCT INFORMATION</h3>
<div>
<table class=""UserAttributes"">
<tbody>
<tr>
<td class=""AttributeLabel VerticalAlignMiddle"">Material</td>
<td class=""AttributeContent"">Upper: 90% kangaroo leather, 10% aramide (Contains non-textile parts of animal origin) Lining: 100% polyester</td>
</tr>
</tbody>
</table>
</div>","Security

• Titanium protectors on shoulder, elbows and knees

• Safety seams

• Schoeller®-keprotec® inserts on the buttocks / upper arm / knee and thighs

• SAS-TEC® soft protectors on the neck, tailbone, hips and ribs

• SAS-TEC® back protector, EN 1621-2 proven

• SAS-TEC® 3-D protectors on shoulder and elbow made of visco-elastic soft foam, EN 1621-1 proven

• Protector pockets made of leather for optimum safety

• Leather doubling on the buttocks

• Velcro for retrofittable chest protector Chest, 2-part

• height-adjustable SAS-TEC® 3-D protectors on the knee, made of visco-elastic soft foam, EN 1621-1 proven

• Hard plastic reinforcement on the forearm ""engineered by Skill Skin track performance""

Comfort / features

• Schoeller®-keprotec® stretch inserts under the arm, crotch and popliteal fossa

• Hump

• Perforated leather inserts

• Wooden knee sliders

• Front zipper can also be used as an air vent

• Cuffs made of stretch material

• Anti-slip pad on the knee

Lining

• Breathable mesh lining

• 3D spacer fabric on the back

Material

• Highly abrasion-resistant kangaroo leather

ADDITIONAL PRODUCT INFORMATION

Material | 
Upper: 90% kangaroo leather, 10% aramide (Contains non-textile parts of animal origin) Lining: 100% polyester |",240000,,2026-07-26,active,Held,12000,g,Buy Held Full Speed One Piece Leather Suit | Mile 27 Store,"Upper: 90% kangaroo leather, 10% aramide (Contains non-textile parts of animal origin) Lining: 100% polyester , Titanium protectors on shoulder, elbows…","Titanium protectors on shoulder, elbows and knees | Safety seams | Schoeller®-keprotec® inserts on the buttocks / upper arm / knee and thighs | SAS-TEC® soft protectors on the neck, tailbone, hips and ribs",Cleaned noise; brand verified,High,false,Riding Gear > Racing Suits > One-Piece Racing Suits,High,"Refined by title keyword: ""\b(leather\s+(suit|racing\s+suit))\b""",held-full-speed-one-piece-leather-suit-1|Size:46:Colour:Black/White|price:240000.00|compare:|weight:12000|barcode:|qty:0 | held-full-speed-one-piece-leather-suit-2|Size:46:Colour:Black/Green|price:240000.00|compare:|weight:12000|barcode:|qty:0 | held-full-speed-one-piece-leather-suit-3|Size:46:Colour:White/Black|price:240000.00|compare:|weight:12000|barcode:|qty:0 | held-full-speed-one-piece-leather-suit-4|Size:46:Colour:Red/Black|price:240000.00|compare:|weight:12000|barcode:|qty:0 | held-full-speed-one-piece-leather-suit-5|Size:48:Colour:Black/White|price:240000.00|compare:|weight:12000|barcode:|qty:0 | held-full-speed-one-piece-leather-suit-6|Size:48:Colour:Black/Green|price:240000.00|compare:|weight:12000|barcode:|qty:0 | held-full-speed-one-piece-leather-suit-7|Size:48:Colour:White/Black|price:240000.00|compare:|weight:12000|barcode:|qty:0 | held-full-speed-one-piece-leather-suit-8|Size:48:Colour:Red/Black|price:240000.00|compare:|weight:12000|barcode:|qty:0 | held-full-speed-one-piece-leather-suit-9|Size:50:Colour:Black/White|price:240000.00|compare:|weight:12000|barcode:|qty:0 | held-full-speed-one-piece-leather-suit-10|Size:50:Colour:Black/Green|price:240000.00|compare:|weight:12000|barcode:|qty:0 | held-full-speed-one-piece-leather-suit-11|Size:50:Colour:White/Black|price:240000.00|compare:|weight:12000|barcode:|qty:0 | held-full-speed-one-piece-leather-suit-12|Size:50:Colour:Red/Black|price:240000.00|compare:|weight:12000|barcode:|qty:0 | held-full-speed-one-piece-leather-suit-13|Size:52:Colour:Black/White|price:240000.00|compare:|weight:12000|barcode:|qty:0 | held-full-speed-one-piece-leather-suit-14|Size:52:Colour:Black/Green|price:240000.00|compare:|weight:12000|barcode:|qty:0 | held-full-speed-one-piece-leather-suit-15|Size:52:Colour:White/Black|price:240000.00|compare:|weight:12000|barcode:|qty:0 | held-full-speed-one-piece-leather-suit-16|Size:52:Colour:Red/Black|price:240000.00|compare:|weight:12000|barcode:|qty:0 | held-full-speed-one-piece-leather-suit-17|Size:54:Colour:Black/White|price:240000.00|compare:|weight:12000|barcode:|qty:0 | held-full-speed-one-piece-leather-suit-18|Size:54:Colour:Black/Green|price:240000.00|compare:|weight:12000|barcode:|qty:0 | held-full-speed-one-piece-leather-suit-19|Size:54:Colour:White/Black|price:240000.00|compare:|weight:12000|barcode:|qty:0 | held-full-speed-one-piece-leather-suit-20|Size:54:Colour:Red/Black|price:240000.00|compare:|weight:12000|barcode:|qty:0 | held-full-speed-one-piece-leather-suit-21|Size:56:Colour:Black/White|price:240000.00|compare:|weight:12000|barcode:|qty:0 | held-full-speed-one-piece-leather-suit-22|Size:56:Colour:Black/Green|price:240000.00|compare:|weight:12000|barcode:|qty:0 | held-full-speed-one-piece-leather-suit-23|Size:56:Colour:White/Black|price:240000.00|compare:|weight:12000|barcode:|qty:0 | held-full-speed-one-piece-leather-suit-24|Size:56:Colour:Red/Black|price:240000.00|compare:|weight:12000|barcode:|qty:0 | held-full-speed-one-piece-leather-suit-25|Size:58:Colour:Black/White|price:240000.00|compare:|weight:12000|barcode:|qty:0 | held-full-speed-one-piece-leather-suit-26|Size:58:Colour:Black/Green|price:240000.00|compare:|weight:12000|barcode:|qty:0 | held-full-speed-one-piece-leather-suit-27|Size:58:Colour:White/Black|price:240000.00|compare:|weight:12000|barcode:|qty:0 | held-full-speed-one-piece-leather-suit-28|Size:58:Colour:Red/Black|price:240000.00|compare:|weight:12000|barcode:|qty:0 | held-full-speed-one-piece-leather-suit-29|Size:60:Colour:Black/White|price:240000.00|compare:|weight:12000|barcode:|qty:0 | held-full-speed-one-piece-leather-suit-30|Size:60:Colour:Black/Green|price:240000.00|compare:|weight:12000|barcode:|qty:0 | held-full-speed-one-piece-leather-suit-31|Size:60:Colour:White/Black|price:240000.00|compare:|weight:12000|barcode:|qty:0 | held-full-speed-one-piece-leather-suit-32|Size:60:Colour:Red/Black|price:240000.00|compare:|weight:12000|barcode:|qty:0,"held-full-speed-one-piece-leather-suit-1,held-full-speed-one-piece-leather-suit-2,held-full-speed-one-piece-leather-suit-3,held-full-speed-one-piece-leather-suit-4,held-full-speed-one-piece-leather-suit-5,held-full-speed-one-piece-leather-suit-6,held-full-speed-one-piece-leather-suit-7,held-full-speed-one-piece-leather-suit-8,held-full-speed-one-piece-leather-suit-9,held-full-speed-one-piece-leather-suit-10,held-full-speed-one-piece-leather-suit-11,held-full-speed-one-piece-leather-suit-12,held-full-speed-one-piece-leather-suit-13,held-full-speed-one-piece-leather-suit-14,held-full-speed-one-piece-leather-suit-15,held-full-speed-one-piece-leather-suit-16,held-full-speed-one-piece-leather-suit-17,held-full-speed-one-piece-leather-suit-18,held-full-speed-one-piece-leather-suit-19,held-full-speed-one-piece-leather-suit-20,held-full-speed-one-piece-leather-suit-21,held-full-speed-one-piece-leather-suit-22,held-full-speed-one-piece-leather-suit-23,held-full-speed-one-piece-leather-suit-24,held-full-speed-one-piece-leather-suit-25,held-full-speed-one-piece-leather-suit-26,held-full-speed-one-piece-leather-suit-27,held-full-speed-one-piece-leather-suit-28,held-full-speed-one-piece-leather-suit-29,held-full-speed-one-piece-leather-suit-30,held-full-speed-one-piece-leather-suit-31,held-full-speed-one-piece-leather-suit-32",32,https://cdn.shopify.com/s/files/1/0076/8301/4754/products/005612-00-014-01.jpg?v=1652784489|pos:1|alt:Held Held Full Speed One Piece Leather Suit – front view || https://cdn.shopify.com/s/files/1/0076/8301/4754/products/005612-00-014-02.jpg?v=1652784490|pos:2|alt:Held Held Full Speed One Piece Leather Suit – side view || https://cdn.shopify.com/s/files/1/0076/8301/4754/products/Held-Full-Speed-H5612_61-schwarz-gruen-_x.jpg?v=1652784489|pos:3|alt:Held Held Full Speed One Piece Leather Suit – rear view || https://cdn.shopify.com/s/files/1/0076/8301/4754/products/Held-5612_61_x_schwarz-gruen-2.jpg?v=1652784490|pos:4|alt:Held Held Full Speed One Piece Leather Suit – detail view || https://cdn.shopify.com/s/files/1/0076/8301/4754/products/Held-Full-Speed-5612_87_-weiss-schwarz-x.jpg?v=1652784489|pos:5|alt:Held Held Full Speed One Piece Leather Suit – top view || https://cdn.shopify.com/s/files/1/0076/8301/4754/products/Held-Full-Speed-5612_22_rot-schwarz-x.jpg?v=1652784489|pos:6|alt:Held Held Full Speed One Piece Leather Suit – product view || https://cdn.shopify.com/s/files/1/0076/8301/4754/products/Held-Full-Speed-5612_22_x_rot-schwarz-2.jpg?v=1652784490|pos:7|alt:Held Held Full Speed One Piece Leather Suit – product view,7,Held Held Full Speed One Piece Leather Suit – front view | Held Held Full Speed One Piece Leather Suit – side view | Held Held Full Speed One Piece Leather Suit – rear view | Held Held Full Speed One Piece Leather Suit – detail view | Held Held Full Speed One Piece Leather Suit – top view | Held Held Full Speed One Piece Leather Suit – product view,,0,Held Full Speed One Piece Leather Suit,"Held Full Speed One Piece Leather Suit. Upper: 90% kangaroo leather, 10% aramide (Contains non-textile parts of animal origin) Lining: 100% polyester | • Titanium protectors on shoulder, elbows and knees.","Titanium protectors on shoulder, elbows and knees.",,"Safety seams. Schoeller®-keprotec® inserts on the buttocks / upper arm / knee and thighs. SAS-TEC® soft protectors on the neck, tailbone, hips and ribs.",,Available in multiple sizes. Check the size guide before ordering.,Held Full Speed One Piece Leather Suit — an one-Piece Racing Suit built to the specifications listed above.,true,draft,https://cdn.shopify.com/s/files/1/0076/8301/4754/products/005612-00-014-01.jpg?v=1652784489|role:hero || https://cdn.shopify.com/s/files/1/0076/8301/4754/products/005612-00-014-02.jpg?v=1652784490|role:construction detail || https://cdn.shopify.com/s/files/1/0076/8301/4754/products/Held-Full-Speed-H5612_61-schwarz-gruen-_x.jpg?v=1652784489|role:side profile,3,false,/products/held-full-speed-one-piece-leather-suit,/products/held-full-speed-one-piece-leather-suit
held-rush-one-piece-leather-suit,held-rush-one-piece-leather-suit,Held Rush One Piece Leather Suit,Held Rush One Piece Leather Suit,held-rush-one-piece-leather-suit,"Upper: 75% cowhide (Contains non-textile parts of animal origin), 20% polyamide, 2% aramide, 3% polyurethane Lining: 80% polyester, 16% polyamide, 4% elastane | • Safety seams. • SAS-TEC® tailbone protection. • SAS-TEC® back protector EN 1621-2. • Rib protector pocket for retrofitting Leather doubling on the buttocks. Available in multiple sizes and/or colours — select your variant.","<strong>Security</strong>
<ul>
<li>Safety seams</li>
<li>SAS-TEC® tailbone protection</li>
<li>SAS-TEC® back protector EN 1621-2</li>
<li>Rib protector pocket for retrofitting Leather doubling on the buttocks</li>
<li>Velcro for retrofittable breast protector</li>
<li>Hard shells on shoulders and elbows</li>
<li>Hard shells on the knee</li>
<li>Soft protectors in shoulders, elbows and knees EN 1621-1</li>
</ul>
<strong>Comfort / features</strong>
<ul>
<li>Special stretch on inner arm, crotch and calf</li>
<li>Hump</li>
<li>Perforated leather inserts</li>
<li>Leather stretch inserts in the back, on the shoulder and above the knee</li>
<li>Kneesliders</li>
<li>Front zipper can also be used as an air vent</li>
<li>Cuffs made of stretch material</li>
<li>2 inside pockets</li>
</ul>
<strong>Lining</strong>
<ul>
<li>Breathable mesh lining</li>
</ul>
<strong>Material</strong>
<ul>
<li>Soft cowhide</li>
</ul>
<h3>ADDITIONAL PRODUCT INFORMATION</h3>
<div>
<table class=""UserAttributes"">
<tbody>
<tr>
<td class=""AttributeLabel VerticalAlignMiddle"">Material</td>
<td class=""AttributeContent"">Upper: 75% cowhide (Contains non-textile parts of animal origin), 20% polyamide, 2% aramide, 3% polyurethane Lining: 80% polyester, 16% polyamide, 4% elastane</td>
</tr>
</tbody>
</table>
</div>","Security

• Safety seams

• SAS-TEC® tailbone protection

• SAS-TEC® back protector EN 1621-2

• Rib protector pocket for retrofitting Leather doubling on the buttocks

• Velcro for retrofittable breast protector

• Hard shells on shoulders and elbows

• Hard shells on the knee

• Soft protectors in shoulders, elbows and knees EN 1621-1

Comfort / features

• Special stretch on inner arm, crotch and calf

• Hump

• Perforated leather inserts

• Leather stretch inserts in the back, on the shoulder and above the knee

• Kneesliders

• Front zipper can also be used as an air vent

• Cuffs made of stretch material

• 2 inside pockets

Lining

• Breathable mesh lining

Material

• Soft cowhide

ADDITIONAL PRODUCT INFORMATION

Material | 
Upper: 75% cowhide (Contains non-textile parts of animal origin), 20% polyamide, 2% aramide, 3% polyurethane Lining: 80% polyester, 16% polyamide, 4% elastane |",115000,,2026-07-26,active,Held,12000,g,Buy Held Rush One Piece Leather Suit | Mile 27 Store,"Upper: 75% cowhide (Contains non-textile parts of animal origin), 20% polyamide, 2% aramide, 3% polyurethane Lining: 80% polyester, 16% polyamide, 4%…",Safety seams | SAS-TEC® tailbone protection | SAS-TEC® back protector EN 1621-2 | Rib protector pocket for retrofitting Leather doubling on the buttocks,Cleaned noise; brand verified,High,false,Riding Gear > Racing Suits > One-Piece Racing Suits,High,"Refined by title keyword: ""\b(leather\s+(suit|racing\s+suit))\b""",held-rush-one-piece-leather-suit-1|Size:46:Colour:Black/White|price:115000.00|compare:|weight:12000|barcode:|qty:0 | held-rush-one-piece-leather-suit-2|Size:46:Colour:Black/White/Red|price:115000.00|compare:|weight:12000|barcode:|qty:0 | held-rush-one-piece-leather-suit-3|Size:48:Colour:Black/White|price:115000.00|compare:|weight:12000|barcode:|qty:0 | held-rush-one-piece-leather-suit-4|Size:48:Colour:Black/White/Red|price:115000.00|compare:|weight:12000|barcode:|qty:0 | held-rush-one-piece-leather-suit-5|Size:50:Colour:Black/White|price:115000.00|compare:|weight:12000|barcode:|qty:0 | held-rush-one-piece-leather-suit-6|Size:50:Colour:Black/White/Red|price:115000.00|compare:|weight:12000|barcode:|qty:0 | held-rush-one-piece-leather-suit-7|Size:52:Colour:Black/White|price:115000.00|compare:|weight:12000|barcode:|qty:0 | held-rush-one-piece-leather-suit-8|Size:52:Colour:Black/White/Red|price:115000.00|compare:|weight:12000|barcode:|qty:0 | held-rush-one-piece-leather-suit-9|Size:54:Colour:Black/White|price:115000.00|compare:|weight:12000|barcode:|qty:0 | held-rush-one-piece-leather-suit-10|Size:54:Colour:Black/White/Red|price:115000.00|compare:|weight:12000|barcode:|qty:0 | held-rush-one-piece-leather-suit-11|Size:56:Colour:Black/White|price:115000.00|compare:|weight:12000|barcode:|qty:0 | held-rush-one-piece-leather-suit-12|Size:56:Colour:Black/White/Red|price:115000.00|compare:|weight:12000|barcode:|qty:0 | held-rush-one-piece-leather-suit-13|Size:58:Colour:Black/White|price:115000.00|compare:|weight:12000|barcode:|qty:0 | held-rush-one-piece-leather-suit-14|Size:58:Colour:Black/White/Red|price:115000.00|compare:|weight:12000|barcode:|qty:0 | held-rush-one-piece-leather-suit-15|Size:60:Colour:Black/White|price:115000.00|compare:|weight:12000|barcode:|qty:0 | held-rush-one-piece-leather-suit-16|Size:60:Colour:Black/White/Red|price:115000.00|compare:|weight:12000|barcode:|qty:0,"held-rush-one-piece-leather-suit-1,held-rush-one-piece-leather-suit-2,held-rush-one-piece-leather-suit-3,held-rush-one-piece-leather-suit-4,held-rush-one-piece-leather-suit-5,held-rush-one-piece-leather-suit-6,held-rush-one-piece-leather-suit-7,held-rush-one-piece-leather-suit-8,held-rush-one-piece-leather-suit-9,held-rush-one-piece-leather-suit-10,held-rush-one-piece-leather-suit-11,held-rush-one-piece-leather-suit-12,held-rush-one-piece-leather-suit-13,held-rush-one-piece-leather-suit-14,held-rush-one-piece-leather-suit-15,held-rush-one-piece-leather-suit-16",16,https://cdn.shopify.com/s/files/1/0076/8301/4754/products/5714_14_x_1.jpg?v=1652783534|pos:1|alt:Held Held Rush One Piece Leather Suit – front view || https://cdn.shopify.com/s/files/1/0076/8301/4754/products/5714_14_x_2.jpg?v=1652783534|pos:2|alt:Held Held Rush One Piece Leather Suit – side view || https://cdn.shopify.com/s/files/1/0076/8301/4754/products/5714_07_x_1.jpg?v=1652783533|pos:3|alt:Held Held Rush One Piece Leather Suit – rear view || https://cdn.shopify.com/s/files/1/0076/8301/4754/products/5714_07_x_2.jpg?v=1652783534|pos:4|alt:Held Held Rush One Piece Leather Suit – detail view,4,Held Held Rush One Piece Leather Suit – front view | Held Held Rush One Piece Leather Suit – side view | Held Held Rush One Piece Leather Suit – rear view | Held Held Rush One Piece Leather Suit – detail view,,0,Held Rush One Piece Leather Suit,"Held Rush One Piece Leather Suit. Upper: 75% cowhide (Contains non-textile parts of animal origin), 20% polyamide, 2% aramide, 3% polyurethane Lining: 80% polyester, 16% polyamide, 4% elastane | • Safety seams.",Rib protector pocket for retrofitting Leather doubling on the buttocks.,,Safety seams. SAS-TEC® tailbone protection. SAS-TEC® back protector EN 1621-2.,,Available in multiple sizes. Check the size guide before ordering.,Held Rush One Piece Leather Suit — an one-Piece Racing Suit built to the specifications listed above.,true,draft,https://cdn.shopify.com/s/files/1/0076/8301/4754/products/5714_14_x_1.jpg?v=1652783534|role:hero || https://cdn.shopify.com/s/files/1/0076/8301/4754/products/5714_14_x_2.jpg?v=1652783534|role:construction detail || https://cdn.shopify.com/s/files/1/0076/8301/4754/products/5714_07_x_1.jpg?v=1652783533|role:side profile,3,false,/products/held-rush-one-piece-leather-suit,/products/held-rush-one-piece-leather-suit
held-grind-ii-leather-pants,held-grind-ii-leather-pants,Held Grind II Leather Pants,Held Grind II Leather Pants,held-grind-ii-leather-pants,"Upper: 100% cowhide (Contains non-textile parts of animal origin) Lining: 100% polyester | • Connecting zip. • Pocket for tailbone protection, for retrofitting with 4t SAS-TEC® 3-D protection made of visco-elastic soft foam. • Safety seams. • Metal compound zipper. Available in multiple sizes and/or colours — select your variant.","<strong>Security</strong>
<ul>
<li>Connecting zip</li>
<li>Pocket for tailbone protection, for retrofitting with 4t SAS-TEC® 3-D protection made of visco-elastic soft foam</li>
<li>Safety seams</li>
<li>Metal compound zipper</li>
<li>Leather doubling on the buttocks</li>
<li>Hip protectors, tested to EN 1621-1</li>
<li>Height-adjustable SAS-TEC® 3-D protectors on the knee, made of visco-elastic soft foam, tested to EN 1621-1</li>
<li>Hard shells on the knee</li>
</ul>
<strong>Comfort / features</strong>
<ul>
<li>Leather stretch inserts on the back and knees</li>
<li>Kneesliders</li>
<li>H.P.A system (Held protector adjustment) in the knee</li>
<li>Venting zips</li>
<li>Aramid Stretch in crotch and calf</li>
<li>Anti-slip leather on the knee</li>
<li>1 outside pocket</li>
</ul>
<strong>Lining</strong>
<ul>
<li>Breathable mesh lining</li>
</ul>
<strong>Material</strong>
<ul>
<li>Soft cowhide</li>
</ul>
<h3>ADDITIONAL PRODUCT INFORMATION</h3>
<div>
<table class=""UserAttributes"">
<tbody>
<tr>
<td class=""AttributeLabel VerticalAlignMiddle"">Material</td>
<td class=""AttributeContent"">Upper: 100% cowhide (Contains non-textile parts of animal origin) Lining: 100% polyester</td>
</tr>
</tbody>
</table>
</div>","Security

• Connecting zip

• Pocket for tailbone protection, for retrofitting with 4t SAS-TEC® 3-D protection made of visco-elastic soft foam

• Safety seams

• Metal compound zipper

• Leather doubling on the buttocks

• Hip protectors, tested to EN 1621-1

• Height-adjustable SAS-TEC® 3-D protectors on the knee, made of visco-elastic soft foam, tested to EN 1621-1

• Hard shells on the knee

Comfort / features

• Leather stretch inserts on the back and knees

• Kneesliders

• H.P.A system (Held protector adjustment) in the knee

• Venting zips

• Aramid Stretch in crotch and calf

• Anti-slip leather on the knee

• 1 outside pocket

Lining

• Breathable mesh lining

Material

• Soft cowhide

ADDITIONAL PRODUCT INFORMATION

Material | 
Upper: 100% cowhide (Contains non-textile parts of animal origin) Lining: 100% polyester |",67000,,2026-07-26,active,Held,7000,g,Buy Held Grind II Leather Pants | Mile 27 Store,"Upper: 100% cowhide (Contains non-textile parts of animal origin) Lining: 100% polyester , Connecting zip. Pocket for tailbone protection, for…","Connecting zip | Pocket for tailbone protection, for retrofitting with 4t SAS-TEC® 3-D protection made of visco-elastic soft foam | Safety seams | Metal compound zipper",Cleaned noise; brand verified,High,false,Riding Gear > Riding Pants > Leather Pants,High,"Refined by title keyword: ""\bleather\s+pants\b""",held-grind-ii-leather-pants-1|Size:48:Colour:Black|price:67000.00|compare:|weight:7000|barcode:|qty:0 | held-grind-ii-leather-pants-2|Size:48:Colour:Black/White/Red|price:67000.00|compare:|weight:7000|barcode:|qty:0 | held-grind-ii-leather-pants-3|Size:50:Colour:Black|price:67000.00|compare:|weight:7000|barcode:|qty:0 | held-grind-ii-leather-pants-4|Size:50:Colour:Black/White/Red|price:67000.00|compare:|weight:7000|barcode:|qty:0 | held-grind-ii-leather-pants-5|Size:52:Colour:Black|price:67000.00|compare:|weight:7000|barcode:|qty:0 | held-grind-ii-leather-pants-6|Size:52:Colour:Black/White/Red|price:67000.00|compare:|weight:7000|barcode:|qty:0 | held-grind-ii-leather-pants-7|Size:54:Colour:Black|price:67000.00|compare:|weight:7000|barcode:|qty:0 | held-grind-ii-leather-pants-8|Size:54:Colour:Black/White/Red|price:67000.00|compare:|weight:7000|barcode:|qty:0 | held-grind-ii-leather-pants-9|Size:56:Colour:Black|price:67000.00|compare:|weight:7000|barcode:|qty:0 | held-grind-ii-leather-pants-10|Size:56:Colour:Black/White/Red|price:67000.00|compare:|weight:7000|barcode:|qty:0 | held-grind-ii-leather-pants-11|Size:58:Colour:Black|price:67000.00|compare:|weight:7000|barcode:|qty:0 | held-grind-ii-leather-pants-12|Size:58:Colour:Black/White/Red|price:67000.00|compare:|weight:7000|barcode:|qty:0 | held-grind-ii-leather-pants-13|Size:60:Colour:Black|price:67000.00|compare:|weight:7000|barcode:|qty:0 | held-grind-ii-leather-pants-14|Size:60:Colour:Black/White/Red|price:67000.00|compare:|weight:7000|barcode:|qty:0,"held-grind-ii-leather-pants-1,held-grind-ii-leather-pants-2,held-grind-ii-leather-pants-3,held-grind-ii-leather-pants-4,held-grind-ii-leather-pants-5,held-grind-ii-leather-pants-6,held-grind-ii-leather-pants-7,held-grind-ii-leather-pants-8,held-grind-ii-leather-pants-9,held-grind-ii-leather-pants-10,held-grind-ii-leather-pants-11,held-grind-ii-leather-pants-12,held-grind-ii-leather-pants-13,held-grind-ii-leather-pants-14",14,https://cdn.shopify.com/s/files/1/0076/8301/4754/products/051953-00-001-01.jpg?v=1652783165|pos:1|alt:Held Held Grind II Leather Pants – front view || https://cdn.shopify.com/s/files/1/0076/8301/4754/products/051953-00-001-02.jpg?v=1652783165|pos:2|alt:Held Held Grind II Leather Pants – side view || https://cdn.shopify.com/s/files/1/0076/8301/4754/products/051953-00-007-01.jpg?v=1652783165|pos:3|alt:Held Held Grind II Leather Pants – rear view || https://cdn.shopify.com/s/files/1/0076/8301/4754/products/051953-00-007-02.jpg?v=1652783165|pos:4|alt:Held Held Grind II Leather Pants – detail view,4,Held Held Grind II Leather Pants – front view | Held Held Grind II Leather Pants – side view | Held Held Grind II Leather Pants – rear view | Held Held Grind II Leather Pants – detail view,,0,Held Grind II Leather Pants,Held Grind II Leather Pants. Upper: 100% cowhide (Contains non-textile parts of animal origin) Lining: 100% polyester | • Connecting zip.,,,"Connecting zip. Pocket for tailbone protection, for retrofitting with 4t SAS-TEC® 3-D protection made of visco-elastic soft foam. Safety seams. Metal compound zipper.",,Available in multiple sizes. Check the size guide before ordering.,Held Grind II Leather Pants — a leather Pant built to the specifications listed above.,true,draft,https://cdn.shopify.com/s/files/1/0076/8301/4754/products/051953-00-001-01.jpg?v=1652783165|role:hero || https://cdn.shopify.com/s/files/1/0076/8301/4754/products/051953-00-001-02.jpg?v=1652783165|role:construction detail || https://cdn.shopify.com/s/files/1/0076/8301/4754/products/051953-00-007-01.jpg?v=1652783165|role:side profile,3,false,/products/held-grind-ii-leather-pants,/products/held-grind-ii-leather-pants
held-hashiro-leather-textile-jacket,held-hashiro-leather-textile-jacket,Held Hashiro Leather/Textile Jacket,Held Hashiro Leather/Textile Jacket,held-hashiro-leather-textile-jacket,Sport touring jacket • high breathability with 3D Air-mesh panels on back (100% polyester)breathable mesh lining (100% polyester). • Stretch panels on the inner2 outside pockets3 inside pockets Cellphone pocket Stretch panels on shouldership size Venting zips Usable front zipper …. • pocket for Back protector EN 1621-2. • connecting zip. Available in multiple sizes and/or colours — select your variant.,"Sport touring jacket<br>
<span>Art. 6527 </span><br><br>
<strong>Lining</strong>
<ul>
<li><span>high breathability with 3D Air-mesh panels on back (100% polyester)breathable mesh lining (100% polyester)</span></li>
</ul>
<strong>Comfort / Features </strong>
<ul>
<li><span>Stretch panels on the inner2 outside pockets3 inside pockets Cellphone pocket Stretch panels on shouldership size Venting zips Usable front zipper as Air Ventsoft collar Cuff in stretch</span></li>
</ul>
<strong>material</strong>
<strong>security </strong>
<ul>
<li><span>pocket for Back protector EN 1621-2</span></li>
<li><span>connecting zip</span></li>
<li><span>Soft protectors on shoulders and elbows EN 1621-1</span></li>
</ul>","Sport touring jacket

Art. 6527 

Lining

• high breathability with 3D Air-mesh panels on back (100% polyester)breathable mesh lining (100% polyester)

Comfort / Features 

• Stretch panels on the inner2 outside pockets3 inside pockets Cellphone pocket Stretch panels on shouldership size Venting zips Usable front zipper as Air Ventsoft collar Cuff in stretch

material
security 

• pocket for Back protector EN 1621-2

• connecting zip

• Soft protectors on shoulders and elbows EN 1621-1",52000,,2026-07-26,active,Held,6000,g,Buy Held Hashiro Leather/Textile Jacket | Mile 27 Store,Sport touring jacket high breathability with 3D Air-mesh panels on back (100% polyester)breathable mesh lining (100% polyester). Stretch panels on the…,high breathability with 3D Air-mesh panels on back (100% polyester)breathable mesh lining (100% polyester) | Stretch panels on the inner2 outside pockets3 inside pockets Cellphone pocket Stretch panels on shouldership size Venting zips Usable front zipper … | pocket for Back protector EN 1621-2 | connecting zip,Cleaned noise; brand verified,High,false,Riding Gear > Riding Jackets > Textile Jackets,High,"Refined by title keyword: ""\b(textile\s+jacket|touring\s+jacket|adventure\s+jacket)\b""",held-hashiro-leather-textile-jacket-1|Size:48:Colour:Black/White|price:52000.00|compare:|weight:6000|barcode:|qty:0 | held-hashiro-leather-textile-jacket-2|Size:48:Colour:Black/White/Red|price:52000.00|compare:|weight:6000|barcode:|qty:0 | held-hashiro-leather-textile-jacket-3|Size:50:Colour:Black/White|price:52000.00|compare:|weight:6000|barcode:|qty:0 | held-hashiro-leather-textile-jacket-4|Size:50:Colour:Black/White/Red|price:52000.00|compare:|weight:6000|barcode:|qty:0 | held-hashiro-leather-textile-jacket-5|Size:52:Colour:Black/White|price:52000.00|compare:|weight:6000|barcode:|qty:0 | held-hashiro-leather-textile-jacket-6|Size:52:Colour:Black/White/Red|price:52000.00|compare:|weight:6000|barcode:|qty:0 | held-hashiro-leather-textile-jacket-7|Size:54:Colour:Black/White|price:52000.00|compare:|weight:6000|barcode:|qty:0 | held-hashiro-leather-textile-jacket-8|Size:54:Colour:Black/White/Red|price:52000.00|compare:|weight:6000|barcode:|qty:0 | held-hashiro-leather-textile-jacket-9|Size:56:Colour:Black/White|price:52000.00|compare:|weight:6000|barcode:|qty:0 | held-hashiro-leather-textile-jacket-10|Size:56:Colour:Black/White/Red|price:52000.00|compare:|weight:6000|barcode:|qty:0 | held-hashiro-leather-textile-jacket-11|Size:58:Colour:Black/White|price:52000.00|compare:|weight:6000|barcode:|qty:0 | held-hashiro-leather-textile-jacket-12|Size:58:Colour:Black/White/Red|price:52000.00|compare:|weight:6000|barcode:|qty:0 | held-hashiro-leather-textile-jacket-13|Size:60:Colour:Black/White|price:52000.00|compare:|weight:6000|barcode:|qty:0 | held-hashiro-leather-textile-jacket-14|Size:60:Colour:Black/White/Red|price:52000.00|compare:|weight:6000|barcode:|qty:0 | held-hashiro-leather-textile-jacket-15|Size:62:Colour:Black/White|price:52000.00|compare:|weight:6000|barcode:|qty:0 | held-hashiro-leather-textile-jacket-16|Size:62:Colour:Black/White/Red|price:52000.00|compare:|weight:6000|barcode:|qty:0,"held-hashiro-leather-textile-jacket-1,held-hashiro-leather-textile-jacket-2,held-hashiro-leather-textile-jacket-3,held-hashiro-leather-textile-jacket-4,held-hashiro-leather-textile-jacket-5,held-hashiro-leather-textile-jacket-6,held-hashiro-leather-textile-jacket-7,held-hashiro-leather-textile-jacket-8,held-hashiro-leather-textile-jacket-9,held-hashiro-leather-textile-jacket-10,held-hashiro-leather-textile-jacket-11,held-hashiro-leather-textile-jacket-12,held-hashiro-leather-textile-jacket-13,held-hashiro-leather-textile-jacket-14,held-hashiro-leather-textile-jacket-15,held-hashiro-leather-textile-jacket-16",16,https://cdn.shopify.com/s/files/1/0076/8301/4754/products/Held_Hashiro_black-white_1.jpg?v=1652782768|pos:1|alt:Held Held Hashiro Leather/Textile Jacket – front view || https://cdn.shopify.com/s/files/1/0076/8301/4754/products/006527-00-014-02.jpg?v=1652782768|pos:2|alt:Held Held Hashiro Leather/Textile Jacket – side view || https://cdn.shopify.com/s/files/1/0076/8301/4754/products/006527-00-007-01.jpg?v=1652782769|pos:3|alt:Held Held Hashiro Leather/Textile Jacket – rear view,3,Held Held Hashiro Leather/Textile Jacket – front view | Held Held Hashiro Leather/Textile Jacket – side view | Held Held Hashiro Leather/Textile Jacket – rear view,,0,Held Hashiro Leather/Textile Jacket,Held Hashiro Leather/Textile Jacket. Sport touring jacket • high breathability with 3D Air-mesh panels on back (100% polyester)breathable mesh lining (100% polyester).,high breathability with 3D Air-mesh panels on back (100% polyester)breathable mesh lining (100% polyester).,,Stretch panels on the inner2 outside pockets3 inside pockets Cellphone pocket Stretch panels on shouldership size Venting zips Usable front zipper …. pocket for Back protector EN 1621-2. connecting zip.,,Available in multiple sizes. Check the size guide before ordering.,Held Hashiro Leather/Textile Jacket — a textile Jacket built to the specifications listed above.,true,draft,https://cdn.shopify.com/s/files/1/0076/8301/4754/products/Held_Hashiro_black-white_1.jpg?v=1652782768|role:hero || https://cdn.shopify.com/s/files/1/0076/8301/4754/products/006527-00-014-02.jpg?v=1652782768|role:construction detail || https://cdn.shopify.com/s/files/1/0076/8301/4754/products/006527-00-007-01.jpg?v=1652782769|role:side profile,3,false,/products/held-hashiro-leather-textile-jacket,/products/held-hashiro-leather-textile-jacket
held-slade-one-piece-leather-suit,held-slade-one-piece-leather-suit,Held Slade One Piece Leather Suit,Held Slade One Piece Leather Suit,held-slade-one-piece-leather-suit,"Upper: 80% leather mix (of which 60% cowhide and 40% kangaroo leather) [Contains non-textile parts of animal origin], 13% polyamide, 5% aramide, 2% elastane Lining:… • Titanium protectors on shoulder, elbows and knees. • Safety seams. • SAS-TEC® tailbone protection. • SAS-TEC® back protector EN 1621-2. Available in multiple sizes and/or colours — select your variant.","<strong>Security</strong>
<ul>
<li>Titanium protectors on shoulder, elbows and knees</li>
<li>Safety seams</li>
<li>SAS-TEC® tailbone protection</li>
<li>SAS-TEC® back protector EN 1621-2</li>
<li>SAS-TEC® hip protectors EN 1621-1</li>
<li>SAS-TEC® 3-D protectors on shoulder and elbow made of visco-elastic soft foam EN 1621-1</li>
<li>Rib protector pocket for retrofitting</li>
<li>Leather doubling on the buttocks</li>
<li>Velcro for retrofittable chest protector Chest, 2-part</li>
<li>Height-adjustable SAS-TEC® 3-D protectors on the knee, made of visco-elastic soft foam EN 1621-1</li>
<li>Hard plastic reinforcement on the forearm ""engineered by Skill Skin track performance""</li>
<li>Aramid stretch under the armpit, on the inner arm, in the crotch and calf</li>
</ul>
<strong>Comfort / features</strong>
<ul>
<li>TFL COOL system only in black color</li>
<li>Hump</li>
<li>perforated leather inserts</li>
<li>Leather stretch inserts in the back, on the shoulder and above the knee</li>
<li>Kneesliders</li>
<li>Front zipper can also be used as an air vent</li>
<li>Aramid brand fiber stretch inserts under arm, crotch and popliteal</li>
<li>Cuffs made of stretch material</li>
</ul>
<strong>Lining</strong>
<ul>
<li>Breathable mesh lining</li>
<li>3D spacer fabric on the back</li>
</ul>
<strong>Material</strong>
<ul>
<li>Kangaroo leather and cowhide mix, kangaroo piece approx. 40%</li>
</ul>
<h3>ADDITIONAL PRODUCT INFORMATION</h3>
<div>
<table class=""UserAttributes"">
<tbody>
<tr>
<td class=""AttributeLabel VerticalAlignMiddle"">Material</td>
<td class=""AttributeContent"">Upper: 80% leather mix (of which 60% cowhide and 40% kangaroo leather) [Contains non-textile parts of animal origin], 13% polyamide, 5% aramide, 2% elastane Lining: 100% polyester</td>
</tr>
</tbody>
</table>
</div>","Security

• Titanium protectors on shoulder, elbows and knees

• Safety seams

• SAS-TEC® tailbone protection

• SAS-TEC® back protector EN 1621-2

• SAS-TEC® hip protectors EN 1621-1

• SAS-TEC® 3-D protectors on shoulder and elbow made of visco-elastic soft foam EN 1621-1

• Rib protector pocket for retrofitting

• Leather doubling on the buttocks

• Velcro for retrofittable chest protector Chest, 2-part

• Height-adjustable SAS-TEC® 3-D protectors on the knee, made of visco-elastic soft foam EN 1621-1

• Hard plastic reinforcement on the forearm ""engineered by Skill Skin track performance""

• Aramid stretch under the armpit, on the inner arm, in the crotch and calf

Comfort / features

• TFL COOL system only in black color

• Hump

• perforated leather inserts

• Leather stretch inserts in the back, on the shoulder and above the knee

• Kneesliders

• Front zipper can also be used as an air vent

• Aramid brand fiber stretch inserts under arm, crotch and popliteal

• Cuffs made of stretch material

Lining

• Breathable mesh lining

• 3D spacer fabric on the back

Material

• Kangaroo leather and cowhide mix, kangaroo piece approx. 40%

ADDITIONAL PRODUCT INFORMATION

Material | 
Upper: 80% leather mix (of which 60% cowhide and 40% kangaroo leather) [Contains non-textile parts of animal origin], 13% polyamide, 5% aramide, 2% elastane Lining: 100% polyester |",150000,,2026-07-26,active,Held,12000,g,Buy Held Slade One Piece Leather Suit | Mile 27 Store,"Upper: 80% leather mix (of which 60% cowhide and 40% kangaroo leather) [Contains non-textile parts of animal origin], 13% polyamide, 5% aramide, 2%…","Titanium protectors on shoulder, elbows and knees | Safety seams | SAS-TEC® tailbone protection | SAS-TEC® back protector EN 1621-2",Cleaned noise; brand verified,High,false,Riding Gear > Racing Suits > One-Piece Racing Suits,High,"Refined by title keyword: ""\b(leather\s+(suit|racing\s+suit))\b""",held-slade-one-piece-leather-suit-1|Size:46:Colour:Black|price:150000.00|compare:|weight:12000|barcode:|qty:0 | held-slade-one-piece-leather-suit-2|Size:46:Colour:Black/White|price:150000.00|compare:|weight:12000|barcode:|qty:0 | held-slade-one-piece-leather-suit-3|Size:46:Colour:Black/Red|price:150000.00|compare:|weight:12000|barcode:|qty:0 | held-slade-one-piece-leather-suit-4|Size:46:Colour:Black/Blue|price:150000.00|compare:|weight:12000|barcode:|qty:0 | held-slade-one-piece-leather-suit-5|Size:46:Colour:Black/Yellow|price:150000.00|compare:|weight:12000|barcode:|qty:0 | held-slade-one-piece-leather-suit-6|Size:46:Colour:White/Red|price:150000.00|compare:|weight:12000|barcode:|qty:0 | held-slade-one-piece-leather-suit-7|Size:46:Colour:White/Black|price:150000.00|compare:|weight:12000|barcode:|qty:0 | held-slade-one-piece-leather-suit-8|Size:48:Colour:Black|price:150000.00|compare:|weight:12000|barcode:|qty:0 | held-slade-one-piece-leather-suit-9|Size:48:Colour:Black/White|price:150000.00|compare:|weight:12000|barcode:|qty:0 | held-slade-one-piece-leather-suit-10|Size:48:Colour:Black/Red|price:150000.00|compare:|weight:12000|barcode:|qty:0 | held-slade-one-piece-leather-suit-11|Size:48:Colour:Black/Blue|price:150000.00|compare:|weight:12000|barcode:|qty:0 | held-slade-one-piece-leather-suit-12|Size:48:Colour:Black/Yellow|price:150000.00|compare:|weight:12000|barcode:|qty:0 | held-slade-one-piece-leather-suit-13|Size:48:Colour:White/Red|price:150000.00|compare:|weight:12000|barcode:|qty:0 | held-slade-one-piece-leather-suit-14|Size:48:Colour:White/Black|price:150000.00|compare:|weight:12000|barcode:|qty:0 | held-slade-one-piece-leather-suit-15|Size:50:Colour:Black|price:150000.00|compare:|weight:12000|barcode:|qty:0 | held-slade-one-piece-leather-suit-16|Size:50:Colour:Black/White|price:150000.00|compare:|weight:12000|barcode:|qty:0 | held-slade-one-piece-leather-suit-17|Size:50:Colour:Black/Red|price:150000.00|compare:|weight:12000|barcode:|qty:0 | held-slade-one-piece-leather-suit-18|Size:50:Colour:Black/Blue|price:150000.00|compare:|weight:12000|barcode:|qty:0 | held-slade-one-piece-leather-suit-19|Size:50:Colour:Black/Yellow|price:150000.00|compare:|weight:12000|barcode:|qty:0 | held-slade-one-piece-leather-suit-20|Size:50:Colour:White/Red|price:150000.00|compare:|weight:12000|barcode:|qty:0 | held-slade-one-piece-leather-suit-21|Size:50:Colour:White/Black|price:150000.00|compare:|weight:12000|barcode:|qty:0 | held-slade-one-piece-leather-suit-22|Size:52:Colour:Black|price:150000.00|compare:|weight:12000|barcode:|qty:0 | held-slade-one-piece-leather-suit-23|Size:52:Colour:Black/White|price:150000.00|compare:|weight:12000|barcode:|qty:0 | held-slade-one-piece-leather-suit-24|Size:52:Colour:Black/Red|price:150000.00|compare:|weight:12000|barcode:|qty:0 | held-slade-one-piece-leather-suit-25|Size:52:Colour:Black/Blue|price:150000.00|compare:|weight:12000|barcode:|qty:0 | held-slade-one-piece-leather-suit-26|Size:52:Colour:Black/Yellow|price:150000.00|compare:|weight:12000|barcode:|qty:0 | held-slade-one-piece-leather-suit-27|Size:52:Colour:White/Red|price:150000.00|compare:|weight:12000|barcode:|qty:0 | held-slade-one-piece-leather-suit-28|Size:52:Colour:White/Black|price:150000.00|compare:|weight:12000|barcode:|qty:0 | held-slade-one-piece-leather-suit-29|Size:54:Colour:Black|price:150000.00|compare:|weight:12000|barcode:|qty:0 | held-slade-one-piece-leather-suit-30|Size:54:Colour:Black/White|price:150000.00|compare:|weight:12000|barcode:|qty:0 | held-slade-one-piece-leather-suit-31|Size:54:Colour:Black/Red|price:150000.00|compare:|weight:12000|barcode:|qty:0 | held-slade-one-piece-leather-suit-32|Size:54:Colour:Black/Blue|price:150000.00|compare:|weight:12000|barcode:|qty:0 | held-slade-one-piece-leather-suit-33|Size:54:Colour:Black/Yellow|price:150000.00|compare:|weight:12000|barcode:|qty:0 | held-slade-one-piece-leather-suit-34|Size:54:Colour:White/Red|price:150000.00|compare:|weight:12000|barcode:|qty:0 | held-slade-one-piece-leather-suit-35|Size:54:Colour:White/Black|price:150000.00|compare:|weight:12000|barcode:|qty:0 | held-slade-one-piece-leather-suit-36|Size:56:Colour:Black|price:150000.00|compare:|weight:12000|barcode:|qty:0 | held-slade-one-piece-leather-suit-37|Size:56:Colour:Black/White|price:150000.00|compare:|weight:12000|barcode:|qty:0 | held-slade-one-piece-leather-suit-38|Size:56:Colour:Black/Red|price:150000.00|compare:|weight:12000|barcode:|qty:0 | held-slade-one-piece-leather-suit-39|Size:56:Colour:Black/Blue|price:150000.00|compare:|weight:12000|barcode:|qty:0 | held-slade-one-piece-leather-suit-40|Size:56:Colour:Black/Yellow|price:150000.00|compare:|weight:12000|barcode:|qty:0 | held-slade-one-piece-leather-suit-41|Size:56:Colour:White/Red|price:150000.00|compare:|weight:12000|barcode:|qty:0 | held-slade-one-piece-leather-suit-42|Size:56:Colour:White/Black|price:150000.00|compare:|weight:12000|barcode:|qty:0 | held-slade-one-piece-leather-suit-43|Size:58:Colour:Black|price:150000.00|compare:|weight:12000|barcode:|qty:0 | held-slade-one-piece-leather-suit-44|Size:58:Colour:Black/White|price:150000.00|compare:|weight:12000|barcode:|qty:0 | held-slade-one-piece-leather-suit-45|Size:58:Colour:Black/Red|price:150000.00|compare:|weight:12000|barcode:|qty:0 | held-slade-one-piece-leather-suit-46|Size:58:Colour:Black/Blue|price:150000.00|compare:|weight:12000|barcode:|qty:0 | held-slade-one-piece-leather-suit-47|Size:58:Colour:Black/Yellow|price:150000.00|compare:|weight:12000|barcode:|qty:0 | held-slade-one-piece-leather-suit-48|Size:58:Colour:White/Red|price:150000.00|compare:|weight:12000|barcode:|qty:0 | held-slade-one-piece-leather-suit-49|Size:58:Colour:White/Black|price:150000.00|compare:|weight:12000|barcode:|qty:0 | held-slade-one-piece-leather-suit-50|Size:60:Colour:Black|price:150000.00|compare:|weight:12000|barcode:|qty:0 | held-slade-one-piece-leather-suit-51|Size:60:Colour:Black/White|price:150000.00|compare:|weight:12000|barcode:|qty:0 | held-slade-one-piece-leather-suit-52|Size:60:Colour:Black/Red|price:150000.00|compare:|weight:12000|barcode:|qty:0 | held-slade-one-piece-leather-suit-53|Size:60:Colour:Black/Blue|price:150000.00|compare:|weight:12000|barcode:|qty:0 | held-slade-one-piece-leather-suit-54|Size:60:Colour:Black/Yellow|price:150000.00|compare:|weight:12000|barcode:|qty:0 | held-slade-one-piece-leather-suit-55|Size:60:Colour:White/Red|price:150000.00|compare:|weight:12000|barcode:|qty:0 | held-slade-one-piece-leather-suit-56|Size:60:Colour:White/Black|price:150000.00|compare:|weight:12000|barcode:|qty:0,"held-slade-one-piece-leather-suit-1,held-slade-one-piece-leather-suit-2,held-slade-one-piece-leather-suit-3,held-slade-one-piece-leather-suit-4,held-slade-one-piece-leather-suit-5,held-slade-one-piece-leather-suit-6,held-slade-one-piece-leather-suit-7,held-slade-one-piece-leather-suit-8,held-slade-one-piece-leather-suit-9,held-slade-one-piece-leather-suit-10,held-slade-one-piece-leather-suit-11,held-slade-one-piece-leather-suit-12,held-slade-one-piece-leather-suit-13,held-slade-one-piece-leather-suit-14,held-slade-one-piece-leather-suit-15,held-slade-one-piece-leather-suit-16,held-slade-one-piece-leather-suit-17,held-slade-one-piece-leather-suit-18,held-slade-one-piece-leather-suit-19,held-slade-one-piece-leather-suit-20,held-slade-one-piece-leather-suit-21,held-slade-one-piece-leather-suit-22,held-slade-one-piece-leather-suit-23,held-slade-one-piece-leather-suit-24,held-slade-one-piece-leather-suit-25,held-slade-one-piece-leather-suit-26,held-slade-one-piece-leather-suit-27,held-slade-one-piece-leather-suit-28,held-slade-one-piece-leather-suit-29,held-slade-one-piece-leather-suit-30,held-slade-one-piece-leather-suit-31,held-slade-one-piece-leather-suit-32,held-slade-one-piece-leather-suit-33,held-slade-one-piece-leather-suit-34,held-slade-one-piece-leather-suit-35,held-slade-one-piece-leather-suit-36,held-slade-one-piece-leather-suit-37,held-slade-one-piece-leather-suit-38,held-slade-one-piece-leather-suit-39,held-slade-one-piece-leather-suit-40,held-slade-one-piece-leather-suit-41,held-slade-one-piece-leather-suit-42,held-slade-one-piece-leather-suit-43,held-slade-one-piece-leather-suit-44,held-slade-one-piece-leather-suit-45,held-slade-one-piece-leather-suit-46,held-slade-one-piece-leather-suit-47,held-slade-one-piece-leather-suit-48,held-slade-one-piece-leather-suit-49,held-slade-one-piece-leather-suit-50,held-slade-one-piece-leather-suit-51,held-slade-one-piece-leather-suit-52,held-slade-one-piece-leather-suit-53,held-slade-one-piece-leather-suit-54,held-slade-one-piece-leather-suit-55,held-slade-one-piece-leather-suit-56",56,https://cdn.shopify.com/s/files/1/0076/8301/4754/products/005012-00-1-01_A.jpg?v=1652782339|pos:1|alt:Held Held Slade One Piece Leather Suit – front view || https://cdn.shopify.com/s/files/1/0076/8301/4754/products/005012-00-14-02.jpg?v=1652782341|pos:2|alt:Held Held Slade One Piece Leather Suit – side view || https://cdn.shopify.com/s/files/1/0076/8301/4754/products/005012-00-02-03.jpg?v=1652782339|pos:3|alt:Held Held Slade One Piece Leather Suit – rear view || https://cdn.shopify.com/s/files/1/0076/8301/4754/products/005012-00-15-02.jpg?v=1652782339|pos:4|alt:Held Held Slade One Piece Leather Suit – detail view || https://cdn.shopify.com/s/files/1/0076/8301/4754/products/005012-00-58-02a.jpg?v=1652782341|pos:5|alt:Held Held Slade One Piece Leather Suit – top view || https://cdn.shopify.com/s/files/1/0076/8301/4754/products/Held-Slade-Lederkombi-weiss-rot_ml.jpg?v=1652782338|pos:6|alt:Held Held Slade One Piece Leather Suit – product view || https://cdn.shopify.com/s/files/1/0076/8301/4754/products/Held-Slade-Lederkombi_ml.jpg?v=1652782341|pos:7|alt:Held Held Slade One Piece Leather Suit – product view,7,Held Held Slade One Piece Leather Suit – front view | Held Held Slade One Piece Leather Suit – side view | Held Held Slade One Piece Leather Suit – rear view | Held Held Slade One Piece Leather Suit – detail view | Held Held Slade One Piece Leather Suit – top view | Held Held Slade One Piece Leather Suit – product view,,0,Held Slade One Piece Leather Suit,"Held Slade One Piece Leather Suit. Upper: 80% leather mix (of which 60% cowhide and 40% kangaroo leather) [Contains non-textile parts of animal origin], 13% polyamide, 5% aramide, 2%.","Titanium protectors on shoulder, elbows and knees.",,Safety seams. SAS-TEC® tailbone protection. SAS-TEC® back protector EN 1621-2.,,Available in multiple sizes. Check the size guide before ordering.,Held Slade One Piece Leather Suit — an one-Piece Racing Suit built to the specifications listed above.,true,draft,https://cdn.shopify.com/s/files/1/0076/8301/4754/products/005012-00-1-01_A.jpg?v=1652782339|role:hero || https://cdn.shopify.com/s/files/1/0076/8301/4754/products/005012-00-14-02.jpg?v=1652782341|role:construction detail || https://cdn.shopify.com/s/files/1/0076/8301/4754/products/005012-00-02-03.jpg?v=1652782339|role:side profile,3,false,/products/held-slade-one-piece-leather-suit,/products/held-slade-one-piece-leather-suit
held-slade-ii-one-piece-leather-suit,held-slade-ii-one-piece-leather-suit,Held Slade II One Piece Leather Suit,Held Slade II One Piece Leather Suit,held-slade-ii-one-piece-leather-suit,"The one-piece Slade II leather racing suit is the successor to the popular Slade suit and impresses with even more safety features and a sporty… • EN 17092, protective garments for motorcyclists. • Titanium protectors on shoulders, elbows & knees. • Double-stitched. • Double leather reinforcement on seat. Available in multiple sizes and/or colours — select your variant.","The one-piece Slade II leather racing suit is the successor to the popular Slade suit and impresses with even more safety features and a sporty design!<br><br>
<strong>Features:</strong>
<ul>
<li>EN 17092, protective garments for motorcyclists</li>
<li>Titanium protectors on shoulders, elbows &amp; knees</li>
<li>Double-stitched</li>
<li>Double leather reinforcement on seat</li>
<li>Velcro for optional 2 pcs chest protector art. 9784</li>
<li>Hard plastic reinforcement at forearm ""engineered by Skill Skin track performance""</li>
<li>Aramide stretch panels at fore- and inner arms, crotch &amp; calves</li>
<li>Aerodynamic racing hump</li>
<li>Perforated leather panels</li>
<li>Stretch leather panels at knees, back &amp; shoulders</li>
<li>Knee sliders</li>
<li>Held Clip-in Technology</li>
<li>Front air-vent zipper (Held ACS)</li>
<li>Map / document pocket</li>
<li>Cuff in stretch material</li>
<li>Aramide stretch panels at arm, crotch &amp; back of knee</li>
<li>Anti-slip pad in knee area for extra grip</li>
<li>Detachable inner lining</li>
<li>3D mesh at back</li>
</ul>
<strong>Specifications:</strong>
<u>Protectors:</u>
<ul>
<li>SAS-TEC® coccyx protection</li>
<li>EN 1621-2:2014 SAS-TEC® back protector</li>
<li>EN 1621-1:2012 SAS-TEC® 3D protection on hips</li>
<li>EN 1621-1:2012 SAS-TEC® 3D shoulder &amp; elbow protectors</li>
<li>Rib protector pocket for optional art. 9316 (protector not included)</li>
<li>Velcro for optional 2 pcs chest protector art. 9784 (protector not included)</li>
<li>EN 1621-1:2012 height-adjustable SAS-TEC® 3D knee protectors</li>
</ul>
<h3>ADDITIONAL PRODUCT INFORMATION</h3>
<div>
<table class=""UserAttributes"">
<tbody>
<tr>
<td class=""AttributeLabel VerticalAlignMiddle"">Material</td>
<td class=""AttributeContent"">Upper material 1: cow leather; Upper material 2: 74% polyamide, 18% aramid, 8% polyurethane; Upper material 3: kangaroo leather; Lining: 100% polyester (Contains non-textile parts of animal origin)</td>
</tr>
</tbody>
</table>
</div>","The one-piece Slade II leather racing suit is the successor to the popular Slade suit and impresses with even more safety features and a sporty design!

Features:

• EN 17092, protective garments for motorcyclists

• Titanium protectors on shoulders, elbows & knees

• Double-stitched

• Double leather reinforcement on seat

• Velcro for optional 2 pcs chest protector art. 9784

• Hard plastic reinforcement at forearm ""engineered by Skill Skin track performance""

• Aramide stretch panels at fore- and inner arms, crotch & calves

• Aerodynamic racing hump

• Perforated leather panels

• Stretch leather panels at knees, back & shoulders

• Knee sliders

• Held Clip-in Technology

• Front air-vent zipper (Held ACS)

• Map / document pocket

• Cuff in stretch material

• Aramide stretch panels at arm, crotch & back of knee

• Anti-slip pad in knee area for extra grip

• Detachable inner lining

• 3D mesh at back

Specifications:
Protectors:

• SAS-TEC® coccyx protection

• EN 1621-2:2014 SAS-TEC® back protector

• EN 1621-1:2012 SAS-TEC® 3D protection on hips

• EN 1621-1:2012 SAS-TEC® 3D shoulder & elbow protectors

• Rib protector pocket for optional art. 9316 (protector not included)

• Velcro for optional 2 pcs chest protector art. 9784 (protector not included)

• EN 1621-1:2012 height-adjustable SAS-TEC® 3D knee protectors

ADDITIONAL PRODUCT INFORMATION

Material | 
Upper material 1: cow leather; Upper material 2: 74% polyamide, 18% aramid, 8% polyurethane; Upper material 3: kangaroo leather; Lining: 100% polyester (Contains non-textile parts of animal origin) |",150000,,2026-07-26,active,Held,12000,g,Buy Held Slade II One Piece Leather Suit | Mile 27 Store,"The one-piece Slade II leather racing suit is the successor to the popular Slade suit and impresses with even more safety features and a sporty… EN 17092,…","EN 17092, protective garments for motorcyclists | Titanium protectors on shoulders, elbows & knees | Double-stitched | Double leather reinforcement on seat",Cleaned noise; brand verified,High,false,Riding Gear > Racing Suits > One-Piece Racing Suits,High,"Refined by title keyword: ""\b(leather\s+(suit|racing\s+suit))\b""",held-slade-ii-one-piece-leather-suit-1|Size:46:Colour:Black|price:150000.00|compare:|weight:12000|barcode:|qty:0 | held-slade-ii-one-piece-leather-suit-2|Size:46:Colour:Black/White|price:150000.00|compare:|weight:12000|barcode:|qty:0 | held-slade-ii-one-piece-leather-suit-3|Size:46:Colour:Black/White/Red|price:150000.00|compare:|weight:12000|barcode:|qty:0 | held-slade-ii-one-piece-leather-suit-4|Size:48:Colour:Black|price:150000.00|compare:|weight:12000|barcode:|qty:0 | held-slade-ii-one-piece-leather-suit-5|Size:48:Colour:Black/White|price:150000.00|compare:|weight:12000|barcode:|qty:0 | held-slade-ii-one-piece-leather-suit-6|Size:48:Colour:Black/White/Red|price:150000.00|compare:|weight:12000|barcode:|qty:0 | held-slade-ii-one-piece-leather-suit-7|Size:50:Colour:Black|price:150000.00|compare:|weight:12000|barcode:|qty:0 | held-slade-ii-one-piece-leather-suit-8|Size:50:Colour:Black/White|price:150000.00|compare:|weight:12000|barcode:|qty:0 | held-slade-ii-one-piece-leather-suit-9|Size:50:Colour:Black/White/Red|price:150000.00|compare:|weight:12000|barcode:|qty:0 | held-slade-ii-one-piece-leather-suit-10|Size:52:Colour:Black|price:150000.00|compare:|weight:12000|barcode:|qty:0 | held-slade-ii-one-piece-leather-suit-11|Size:52:Colour:Black/White|price:150000.00|compare:|weight:12000|barcode:|qty:0 | held-slade-ii-one-piece-leather-suit-12|Size:52:Colour:Black/White/Red|price:150000.00|compare:|weight:12000|barcode:|qty:0 | held-slade-ii-one-piece-leather-suit-13|Size:54:Colour:Black|price:150000.00|compare:|weight:12000|barcode:|qty:0 | held-slade-ii-one-piece-leather-suit-14|Size:54:Colour:Black/White|price:150000.00|compare:|weight:12000|barcode:|qty:0 | held-slade-ii-one-piece-leather-suit-15|Size:54:Colour:Black/White/Red|price:150000.00|compare:|weight:12000|barcode:|qty:0 | held-slade-ii-one-piece-leather-suit-16|Size:56:Colour:Black|price:150000.00|compare:|weight:12000|barcode:|qty:0 | held-slade-ii-one-piece-leather-suit-17|Size:56:Colour:Black/White|price:150000.00|compare:|weight:12000|barcode:|qty:0 | held-slade-ii-one-piece-leather-suit-18|Size:56:Colour:Black/White/Red|price:150000.00|compare:|weight:12000|barcode:|qty:0 | held-slade-ii-one-piece-leather-suit-19|Size:58:Colour:Black|price:150000.00|compare:|weight:12000|barcode:|qty:0 | held-slade-ii-one-piece-leather-suit-20|Size:58:Colour:Black/White|price:150000.00|compare:|weight:12000|barcode:|qty:0 | held-slade-ii-one-piece-leather-suit-21|Size:58:Colour:Black/White/Red|price:150000.00|compare:|weight:12000|barcode:|qty:0 | held-slade-ii-one-piece-leather-suit-22|Size:60:Colour:Black|price:150000.00|compare:|weight:12000|barcode:|qty:0 | held-slade-ii-one-piece-leather-suit-23|Size:60:Colour:Black/White|price:150000.00|compare:|weight:12000|barcode:|qty:0 | held-slade-ii-one-piece-leather-suit-24|Size:60:Colour:Black/White/Red|price:150000.00|compare:|weight:12000|barcode:|qty:0,"held-slade-ii-one-piece-leather-suit-1,held-slade-ii-one-piece-leather-suit-2,held-slade-ii-one-piece-leather-suit-3,held-slade-ii-one-piece-leather-suit-4,held-slade-ii-one-piece-leather-suit-5,held-slade-ii-one-piece-leather-suit-6,held-slade-ii-one-piece-leather-suit-7,held-slade-ii-one-piece-leather-suit-8,held-slade-ii-one-piece-leather-suit-9,held-slade-ii-one-piece-leather-suit-10,held-slade-ii-one-piece-leather-suit-11,held-slade-ii-one-piece-leather-suit-12,held-slade-ii-one-piece-leather-suit-13,held-slade-ii-one-piece-leather-suit-14,held-slade-ii-one-piece-leather-suit-15,held-slade-ii-one-piece-leather-suit-16,held-slade-ii-one-piece-leather-suit-17,held-slade-ii-one-piece-leather-suit-18,held-slade-ii-one-piece-leather-suit-19,held-slade-ii-one-piece-leather-suit-20,held-slade-ii-one-piece-leather-suit-21,held-slade-ii-one-piece-leather-suit-22,held-slade-ii-one-piece-leather-suit-23,held-slade-ii-one-piece-leather-suit-24",24,https://cdn.shopify.com/s/files/1/0076/8301/4754/products/052110-00-001-01.webp?v=1652781353|pos:1|alt:Held Held Slade II One Piece Leather Suit – front view || https://cdn.shopify.com/s/files/1/0076/8301/4754/products/052110-00-001-02.jpg?v=1652781353|pos:2|alt:Held Held Slade II One Piece Leather Suit – side view || https://cdn.shopify.com/s/files/1/0076/8301/4754/products/052110-00-014-01.jpg?v=1652781351|pos:3|alt:Held Held Slade II One Piece Leather Suit – rear view || https://cdn.shopify.com/s/files/1/0076/8301/4754/products/052110-00-014-02.jpg?v=1652781352|pos:4|alt:Held Held Slade II One Piece Leather Suit – detail view || https://cdn.shopify.com/s/files/1/0076/8301/4754/products/052110-00-007-01.jpg?v=1652781353|pos:5|alt:Held Held Slade II One Piece Leather Suit – top view || https://cdn.shopify.com/s/files/1/0076/8301/4754/products/052110-00-007-02.jpg?v=1652781352|pos:6|alt:Held Held Slade II One Piece Leather Suit – product view,6,Held Held Slade II One Piece Leather Suit – front view | Held Held Slade II One Piece Leather Suit – side view | Held Held Slade II One Piece Leather Suit – rear view | Held Held Slade II One Piece Leather Suit – detail view | Held Held Slade II One Piece Leather Suit – top view | Held Held Slade II One Piece Leather Suit – product view,,0,Held Slade II One Piece Leather Suit,"Held Slade II One Piece Leather Suit. The one-piece Slade II leather racing suit is the successor to the popular Slade suit and impresses with even more safety features and a sporty… • EN 17092, protective garments for motorcyclists.","Titanium protectors on shoulders, elbows & knees. Double leather reinforcement on seat.",,"EN 17092, protective garments for motorcyclists. Double-stitched.",,Available in multiple sizes. Check the size guide before ordering.,Held Slade II One Piece Leather Suit — an one-Piece Racing Suit built to the specifications listed above.,true,draft,https://cdn.shopify.com/s/files/1/0076/8301/4754/products/052110-00-001-01.webp?v=1652781353|role:hero || https://cdn.shopify.com/s/files/1/0076/8301/4754/products/052110-00-001-02.jpg?v=1652781353|role:construction detail || https://cdn.shopify.com/s/files/1/0076/8301/4754/products/052110-00-014-01.jpg?v=1652781351|role:side profile,3,false,/products/held-slade-ii-one-piece-leather-suit,/products/held-slade-ii-one-piece-leather-suit
held-safer-ii-leather-jacket,held-safer-ii-leather-jacket,Held Safer II Leather Jacket,Held Safer II Leather Jacket,held-safer-ii-leather-jacket,"Upper: 100% cowhide (Contains non-textile parts of animal origin) Lining: 100% polyester | • Connecting zip. • Safety seams. • SAS-TEC® 3-D protectors on shoulder and elbow made of visco-elastic soft foam, tested to EN 1621-1. • Back protector can be retrofitted, tested to EN 1621-2. Available in multiple sizes and/or colours — select your variant.","<strong>Security</strong>
<ul>
<li>Connecting zip</li>
<li>Safety seams</li>
<li>SAS-TEC® 3-D protectors on shoulder and elbow made of visco-elastic soft foam, tested to EN 1621-1</li>
<li>Back protector can be retrofitted, tested to EN 1621-2</li>
<li>Rib protector pocket for retrofitting Reflex inserts</li>
<li>Metal compound zipper</li>
<li>Velcro for retrofittable breast protector</li>
<li>Hard shells on shoulders and elbows</li>
</ul>
<strong>Comfort / features</strong>
<ul>
<li>Waterproof smartphone and powerbank inside pocket</li>
<li>Soft collar</li>
<li>Hump</li>
<li>Leather stretch inserts on shoulders and elbows</li>
<li>Hip adjustment</li>
<li>Front zipper can also be used as Held ACS (Air-Vent)</li>
<li>Document case</li>
<li>Cuffs made of stretch material</li>
<li>Aramid stretch under the armpit and on the inner arm</li>
<li>2 inside pockets</li>
<li>2 outer pockets</li>
</ul>
<strong>Lining</strong>
<ul>
<li>Breathable mesh lining</li>
<li>3D spacer fabric on the back</li>
</ul>
<strong>Material</strong>
<ul>
<li>Soft cowhide</li>
</ul>
<h3>ADDITIONAL PRODUCT INFORMATION</h3>
<div>
<table class=""UserAttributes"">
<tbody>
<tr>
<td class=""AttributeLabel VerticalAlignMiddle"">Material</td>
<td class=""AttributeContent"">Upper: 100% cowhide (Contains non-textile parts of animal origin) Lining: 100% polyester</td>
</tr>
</tbody>
</table>
</div>","Security

• Connecting zip

• Safety seams

• SAS-TEC® 3-D protectors on shoulder and elbow made of visco-elastic soft foam, tested to EN 1621-1

• Back protector can be retrofitted, tested to EN 1621-2

• Rib protector pocket for retrofitting Reflex inserts

• Metal compound zipper

• Velcro for retrofittable breast protector

• Hard shells on shoulders and elbows

Comfort / features

• Waterproof smartphone and powerbank inside pocket

• Soft collar

• Hump

• Leather stretch inserts on shoulders and elbows

• Hip adjustment

• Front zipper can also be used as Held ACS (Air-Vent)

• Document case

• Cuffs made of stretch material

• Aramid stretch under the armpit and on the inner arm

• 2 inside pockets

• 2 outer pockets

Lining

• Breathable mesh lining

• 3D spacer fabric on the back

Material

• Soft cowhide

ADDITIONAL PRODUCT INFORMATION

Material | 
Upper: 100% cowhide (Contains non-textile parts of animal origin) Lining: 100% polyester |",75000,,2026-07-26,active,Held,6000,g,Buy Held Safer II Leather Jacket | Mile 27 Store,"Upper: 100% cowhide (Contains non-textile parts of animal origin) Lining: 100% polyester , Connecting zip. Safety seams. SAS-TEC® 3-D protectors on…","Connecting zip | Safety seams | SAS-TEC® 3-D protectors on shoulder and elbow made of visco-elastic soft foam, tested to EN 1621-1 | Back protector can be retrofitted, tested to EN 1621-2",Cleaned noise; brand verified,High,false,Riding Gear > Riding Jackets > Leather Jackets,High,"Refined by title keyword: ""\bleather\s+jacket\b""",held-safer-ii-leather-jacket-1|Size:48:Colour:Black|price:75000.00|compare:|weight:6000|barcode:|qty:0 | held-safer-ii-leather-jacket-2|Size:48:Colour:Black/White/Red|price:75000.00|compare:|weight:6000|barcode:|qty:0 | held-safer-ii-leather-jacket-3|Size:50:Colour:Black|price:75000.00|compare:|weight:6000|barcode:|qty:0 | held-safer-ii-leather-jacket-4|Size:50:Colour:Black/White/Red|price:75000.00|compare:|weight:6000|barcode:|qty:0 | held-safer-ii-leather-jacket-5|Size:52:Colour:Black|price:75000.00|compare:|weight:6000|barcode:|qty:0 | held-safer-ii-leather-jacket-6|Size:52:Colour:Black/White/Red|price:75000.00|compare:|weight:6000|barcode:|qty:0 | held-safer-ii-leather-jacket-7|Size:54:Colour:Black|price:75000.00|compare:|weight:6000|barcode:|qty:0 | held-safer-ii-leather-jacket-8|Size:54:Colour:Black/White/Red|price:75000.00|compare:|weight:6000|barcode:|qty:0 | held-safer-ii-leather-jacket-9|Size:56:Colour:Black|price:75000.00|compare:|weight:6000|barcode:|qty:0 | held-safer-ii-leather-jacket-10|Size:56:Colour:Black/White/Red|price:75000.00|compare:|weight:6000|barcode:|qty:0 | held-safer-ii-leather-jacket-11|Size:58:Colour:Black|price:75000.00|compare:|weight:6000|barcode:|qty:0 | held-safer-ii-leather-jacket-12|Size:58:Colour:Black/White/Red|price:75000.00|compare:|weight:6000|barcode:|qty:0 | held-safer-ii-leather-jacket-13|Size:60:Colour:Black|price:75000.00|compare:|weight:6000|barcode:|qty:0 | held-safer-ii-leather-jacket-14|Size:60:Colour:Black/White/Red|price:75000.00|compare:|weight:6000|barcode:|qty:0,"held-safer-ii-leather-jacket-1,held-safer-ii-leather-jacket-2,held-safer-ii-leather-jacket-3,held-safer-ii-leather-jacket-4,held-safer-ii-leather-jacket-5,held-safer-ii-leather-jacket-6,held-safer-ii-leather-jacket-7,held-safer-ii-leather-jacket-8,held-safer-ii-leather-jacket-9,held-safer-ii-leather-jacket-10,held-safer-ii-leather-jacket-11,held-safer-ii-leather-jacket-12,held-safer-ii-leather-jacket-13,held-safer-ii-leather-jacket-14",14,https://cdn.shopify.com/s/files/1/0076/8301/4754/products/051933-00-001-01.jpg?v=1652779551|pos:1|alt:Held Held Safer II Leather Jacket – front view || https://cdn.shopify.com/s/files/1/0076/8301/4754/products/051933-00-001-02.jpg?v=1652779551|pos:2|alt:Held Held Safer II Leather Jacket – side view || https://cdn.shopify.com/s/files/1/0076/8301/4754/products/051933-00-007-01.jpg?v=1652779554|pos:3|alt:Held Held Safer II Leather Jacket – rear view || https://cdn.shopify.com/s/files/1/0076/8301/4754/products/051933-00-007-02.jpg?v=1652779551|pos:4|alt:Held Held Safer II Leather Jacket – detail view,4,Held Held Safer II Leather Jacket – front view | Held Held Safer II Leather Jacket – side view | Held Held Safer II Leather Jacket – rear view | Held Held Safer II Leather Jacket – detail view,,0,Held Safer II Leather Jacket,Held Safer II Leather Jacket. Upper: 100% cowhide (Contains non-textile parts of animal origin) Lining: 100% polyester | • Connecting zip.,,,"Connecting zip. Safety seams. SAS-TEC® 3-D protectors on shoulder and elbow made of visco-elastic soft foam, tested to EN 1621-1. Back protector can be retrofitted, tested to EN 1621-2.",,Available in multiple sizes. Check the size guide before ordering.,Held Safer II Leather Jacket — a leather Jacket built to the specifications listed above.,true,draft,https://cdn.shopify.com/s/files/1/0076/8301/4754/products/051933-00-001-01.jpg?v=1652779551|role:hero || https://cdn.shopify.com/s/files/1/0076/8301/4754/products/051933-00-001-02.jpg?v=1652779551|role:construction detail || https://cdn.shopify.com/s/files/1/0076/8301/4754/products/051933-00-007-01.jpg?v=1652779554|role:side profile,3,false,/products/held-safer-ii-leather-jacket,/products/held-safer-ii-leather-jacket
held-takano-ii-leather-pants,held-takano-ii-leather-pants,Held Takano II Leather Pants,Held Takano II Leather Pants,held-takano-ii-leather-pants,"Material Upper: 59% cowhide (Contains non-textile parts of animal origin), 40% polyamide, 1% polyurethane / lining: 80% polyester, 15% polyamide, 5% polyurethane • Connecting zip. • Pocket for optional Held cloverleaf SAS-TEC® -proved coccyx protector. • Optional hip protectors. • EN 1621-1 tested height-adjustable soft protectors at knees. Available in multiple sizes and/or colours — select your variant.","<strong>Protection</strong>
<ul>
<li>Connecting zip</li>
<li>Pocket for optional Held cloverleaf SAS-TEC® -proved coccyx protector</li>
<li>Optional hip protectors</li>
<li>EN 1621-1 tested height-adjustable soft protectors at knees</li>
</ul>
<strong>Fit/features</strong>
<ul>
<li>Special stretch material in crotch</li>
<li>Stretch leather at back &amp; knees</li>
<li>Held Clip-in Technology</li>
<li>1 external pocket</li>
</ul>
<strong>Lining</strong>
<ul>
<li>Mesh lining</li>
<li>Polyurethane</li>
<li>Polyester</li>
<li>Polyamide</li>
</ul>
<strong>Material</strong>
<ul>
<li>Soft-cowhide leather covering hips to knee back</li>
<li>Breathable HEROS®-TEC MESH fabric</li>
</ul>
<h3>ADDITIONAL PRODUCT INFORMATION</h3>
<div>
<b>Material</b>   Upper: 59% cowhide (Contains non-textile parts of animal origin), 40% polyamide, 1% polyurethane / lining: 80% polyester, 15% polyamide, 5% polyurethane
</div>","Protection

• Connecting zip

• Pocket for optional Held cloverleaf SAS-TEC® -proved coccyx protector

• Optional hip protectors

• EN 1621-1 tested height-adjustable soft protectors at knees

Fit/features

• Special stretch material in crotch

• Stretch leather at back & knees

• Held Clip-in Technology

• 1 external pocket

Lining

• Mesh lining

• Polyurethane

• Polyester

• Polyamide

Material

• Soft-cowhide leather covering hips to knee back

• Breathable HEROS®-TEC MESH fabric

ADDITIONAL PRODUCT INFORMATION

Material   Upper: 59% cowhide (Contains non-textile parts of animal origin), 40% polyamide, 1% polyurethane / lining: 80% polyester, 15% polyamide, 5% polyurethane",50000,,2026-07-26,active,Held,6000,g,Buy Held Takano II Leather Pants | Mile 27 Store,"Material Upper: 59% cowhide (Contains non-textile parts of animal origin), 40% polyamide, 1% polyurethane / lining: 80% polyester, 15% polyamide, 5%…",Connecting zip | Pocket for optional Held cloverleaf SAS-TEC® -proved coccyx protector | Optional hip protectors | EN 1621-1 tested height-adjustable soft protectors at knees,Cleaned noise; brand verified,High,false,Riding Gear > Riding Pants > Leather Pants,High,"Refined by title keyword: ""\bleather\s+pants\b""",held-takano-ii-leather-pants-1|Size:48|price:50000.00|compare:|weight:6000|barcode:|qty:0 | held-takano-ii-leather-pants-2|Size:50|price:50000.00|compare:|weight:6000|barcode:|qty:0 | held-takano-ii-leather-pants-3|Size:52|price:50000.00|compare:|weight:6000|barcode:|qty:0 | held-takano-ii-leather-pants-4|Size:54|price:50000.00|compare:|weight:6000|barcode:|qty:0 | held-takano-ii-leather-pants-5|Size:56|price:50000.00|compare:|weight:6000|barcode:|qty:0 | held-takano-ii-leather-pants-6|Size:58|price:50000.00|compare:|weight:6000|barcode:|qty:0 | held-takano-ii-leather-pants-7|Size:60|price:50000.00|compare:|weight:6000|barcode:|qty:0 | held-takano-ii-leather-pants-8|Size:62|price:50000.00|compare:|weight:6000|barcode:|qty:0,"held-takano-ii-leather-pants-1,held-takano-ii-leather-pants-2,held-takano-ii-leather-pants-3,held-takano-ii-leather-pants-4,held-takano-ii-leather-pants-5,held-takano-ii-leather-pants-6,held-takano-ii-leather-pants-7,held-takano-ii-leather-pants-8",8,https://cdn.shopify.com/s/files/1/0076/8301/4754/products/005859-00-014-01.jpg?v=1652779218|pos:1|alt:Held Held Takano II Leather Pants – front view || https://cdn.shopify.com/s/files/1/0076/8301/4754/products/005859-00-014-02.jpg?v=1652779218|pos:2|alt:Held Held Takano II Leather Pants – side view,2,Held Held Takano II Leather Pants – front view | Held Held Takano II Leather Pants – side view,,0,Held Takano II Leather Pants,"Held Takano II Leather Pants. Material Upper: 59% cowhide (Contains non-textile parts of animal origin), 40% polyamide, 1% polyurethane / lining: 80% polyester, 15% polyamide, 5% polyurethane • Connecting zip.",,,Connecting zip. Pocket for optional Held cloverleaf SAS-TEC® -proved coccyx protector. Optional hip protectors. EN 1621-1 tested height-adjustable soft protectors at knees.,,Available in multiple sizes. Check the size guide before ordering.,Held Takano II Leather Pants — a leather Pant built to the specifications listed above.,true,draft,https://cdn.shopify.com/s/files/1/0076/8301/4754/products/005859-00-014-01.jpg?v=1652779218|role:hero || https://cdn.shopify.com/s/files/1/0076/8301/4754/products/005859-00-014-02.jpg?v=1652779218|role:construction detail,2,false,/products/held-takano-ii-leather-pants,/products/held-takano-ii-leather-pants
held-rocket-3-0-leather-pants,held-rocket-3-0-leather-pants,Held Rocket 3.0 Leather Pants,Held Rocket 3.0 Leather Pants,held-rocket-3-0-leather-pants,"Upper: 67% cowhide (Contains non-textile parts of animal origin), 29% polyamide, 4% elastane / lining: 90% polyester, 8% polyamide, 2% polyurethane | • Connecting zip. • Pocket for optional Held cloverleaf SAS-TEC® -proved coccyx protector. • Double-stitched. • Metal connecting zipper. Available in multiple sizes and/or colours — select your variant.","<strong>Protection</strong>
<ul>
<li>Connecting zip</li>
<li>Pocket for optional Held cloverleaf SAS-TEC® -proved coccyx protector</li>
<li>Double-stitched</li>
<li>Metal connecting zipper</li>
<li>Double leather reinforcement on seat</li>
<li>Optional hip protectors</li>
<li>EN 1621-1 -tested height-adjustable soft protectors at knees</li>
</ul>
<strong>Fit/features</strong>
<ul>
<li>Special stretch &amp; fabric panels in crotch &amp; calves</li>
<li>Perforated leather panels</li>
<li>Stretch leather at back &amp; knees</li>
<li>Velcro patches for optional knee-sliders</li>
</ul>
<strong>Lining</strong>
<ul>
<li>Mesh lining</li>
<li>Polyurethane</li>
<li>Polyester</li>
<li>Polyamide</li>
</ul>
<strong>Outer shell</strong>
<ul>
<li>Soft cowhide</li>
</ul>
<h3>ADDITIONAL PRODUCT INFORMATION</h3>
<div>
<table class=""UserAttributes"">
<tbody>
<tr>
<td class=""AttributeLabel VerticalAlignMiddle"">Material</td>
<td class=""AttributeContent"">Upper: 67% cowhide (Contains non-textile parts of animal origin), 29% polyamide, 4% elastane / lining: 90% polyester, 8% polyamide, 2% polyurethane</td>
</tr>
</tbody>
</table>
</div>","Protection

• Connecting zip

• Pocket for optional Held cloverleaf SAS-TEC® -proved coccyx protector

• Double-stitched

• Metal connecting zipper

• Double leather reinforcement on seat

• Optional hip protectors

• EN 1621-1 -tested height-adjustable soft protectors at knees

Fit/features

• Special stretch & fabric panels in crotch & calves

• Perforated leather panels

• Stretch leather at back & knees

• Velcro patches for optional knee-sliders

Lining

• Mesh lining

• Polyurethane

• Polyester

• Polyamide

Outer shell

• Soft cowhide

ADDITIONAL PRODUCT INFORMATION

Material | 
Upper: 67% cowhide (Contains non-textile parts of animal origin), 29% polyamide, 4% elastane / lining: 90% polyester, 8% polyamide, 2% polyurethane |",51000,,2026-07-26,active,Held,6000,g,Buy Held Rocket 3.0 Leather Pants | Mile 27 Store,"Upper: 67% cowhide (Contains non-textile parts of animal origin), 29% polyamide, 4% elastane / lining: 90% polyester, 8% polyamide, 2% polyurethane ,…",Connecting zip | Pocket for optional Held cloverleaf SAS-TEC® -proved coccyx protector | Double-stitched | Metal connecting zipper,Cleaned noise; brand verified,High,false,Riding Gear > Riding Pants > Leather Pants,High,"Refined by title keyword: ""\bleather\s+pants\b""",held-rocket-3-0-leather-pants-1|Size:48:Colour:Black|price:51000.00|compare:|weight:6000|barcode:|qty:0 | held-rocket-3-0-leather-pants-2|Size:48:Colour:Black/White|price:51000.00|compare:|weight:6000|barcode:|qty:0 | held-rocket-3-0-leather-pants-3|Size:48:Colour:White/Red|price:51000.00|compare:|weight:6000|barcode:|qty:0 | held-rocket-3-0-leather-pants-4|Size:48:Colour:White/Blue/Red|price:51000.00|compare:|weight:6000|barcode:|qty:0 | held-rocket-3-0-leather-pants-5|Size:50:Colour:Black|price:51000.00|compare:|weight:6000|barcode:|qty:0 | held-rocket-3-0-leather-pants-6|Size:50:Colour:Black/White|price:51000.00|compare:|weight:6000|barcode:|qty:0 | held-rocket-3-0-leather-pants-7|Size:50:Colour:White/Red|price:51000.00|compare:|weight:6000|barcode:|qty:0 | held-rocket-3-0-leather-pants-8|Size:50:Colour:White/Blue/Red|price:51000.00|compare:|weight:6000|barcode:|qty:0 | held-rocket-3-0-leather-pants-9|Size:52:Colour:Black|price:51000.00|compare:|weight:6000|barcode:|qty:0 | held-rocket-3-0-leather-pants-10|Size:52:Colour:Black/White|price:51000.00|compare:|weight:6000|barcode:|qty:0 | held-rocket-3-0-leather-pants-11|Size:52:Colour:White/Red|price:51000.00|compare:|weight:6000|barcode:|qty:0 | held-rocket-3-0-leather-pants-12|Size:52:Colour:White/Blue/Red|price:51000.00|compare:|weight:6000|barcode:|qty:0 | held-rocket-3-0-leather-pants-13|Size:54:Colour:Black|price:51000.00|compare:|weight:6000|barcode:|qty:0 | held-rocket-3-0-leather-pants-14|Size:54:Colour:Black/White|price:51000.00|compare:|weight:6000|barcode:|qty:0 | held-rocket-3-0-leather-pants-15|Size:54:Colour:White/Red|price:51000.00|compare:|weight:6000|barcode:|qty:0 | held-rocket-3-0-leather-pants-16|Size:54:Colour:White/Blue/Red|price:51000.00|compare:|weight:6000|barcode:|qty:0 | held-rocket-3-0-leather-pants-17|Size:56:Colour:Black|price:51000.00|compare:|weight:6000|barcode:|qty:0 | held-rocket-3-0-leather-pants-18|Size:56:Colour:Black/White|price:51000.00|compare:|weight:6000|barcode:|qty:0 | held-rocket-3-0-leather-pants-19|Size:56:Colour:White/Red|price:51000.00|compare:|weight:6000|barcode:|qty:0 | held-rocket-3-0-leather-pants-20|Size:56:Colour:White/Blue/Red|price:51000.00|compare:|weight:6000|barcode:|qty:0 | held-rocket-3-0-leather-pants-21|Size:58:Colour:Black|price:51000.00|compare:|weight:6000|barcode:|qty:0 | held-rocket-3-0-leather-pants-22|Size:58:Colour:Black/White|price:51000.00|compare:|weight:6000|barcode:|qty:0 | held-rocket-3-0-leather-pants-23|Size:58:Colour:White/Red|price:51000.00|compare:|weight:6000|barcode:|qty:0 | held-rocket-3-0-leather-pants-24|Size:58:Colour:White/Blue/Red|price:51000.00|compare:|weight:6000|barcode:|qty:0 | held-rocket-3-0-leather-pants-25|Size:60:Colour:Black|price:51000.00|compare:|weight:6000|barcode:|qty:0 | held-rocket-3-0-leather-pants-26|Size:60:Colour:Black/White|price:51000.00|compare:|weight:6000|barcode:|qty:0 | held-rocket-3-0-leather-pants-27|Size:60:Colour:White/Red|price:51000.00|compare:|weight:6000|barcode:|qty:0 | held-rocket-3-0-leather-pants-28|Size:60:Colour:White/Blue/Red|price:51000.00|compare:|weight:6000|barcode:|qty:0 | held-rocket-3-0-leather-pants-29|Size:62:Colour:Black|price:51000.00|compare:|weight:6000|barcode:|qty:0 | held-rocket-3-0-leather-pants-30|Size:62:Colour:Black/White|price:51000.00|compare:|weight:6000|barcode:|qty:0 | held-rocket-3-0-leather-pants-31|Size:62:Colour:White/Red|price:51000.00|compare:|weight:6000|barcode:|qty:0 | held-rocket-3-0-leather-pants-32|Size:62:Colour:White/Blue/Red|price:51000.00|compare:|weight:6000|barcode:|qty:0,"held-rocket-3-0-leather-pants-1,held-rocket-3-0-leather-pants-2,held-rocket-3-0-leather-pants-3,held-rocket-3-0-leather-pants-4,held-rocket-3-0-leather-pants-5,held-rocket-3-0-leather-pants-6,held-rocket-3-0-leather-pants-7,held-rocket-3-0-leather-pants-8,held-rocket-3-0-leather-pants-9,held-rocket-3-0-leather-pants-10,held-rocket-3-0-leather-pants-11,held-rocket-3-0-leather-pants-12,held-rocket-3-0-leather-pants-13,held-rocket-3-0-leather-pants-14,held-rocket-3-0-leather-pants-15,held-rocket-3-0-leather-pants-16,held-rocket-3-0-leather-pants-17,held-rocket-3-0-leather-pants-18,held-rocket-3-0-leather-pants-19,held-rocket-3-0-leather-pants-20,held-rocket-3-0-leather-pants-21,held-rocket-3-0-leather-pants-22,held-rocket-3-0-leather-pants-23,held-rocket-3-0-leather-pants-24,held-rocket-3-0-leather-pants-25,held-rocket-3-0-leather-pants-26,held-rocket-3-0-leather-pants-27,held-rocket-3-0-leather-pants-28,held-rocket-3-0-leather-pants-29,held-rocket-3-0-leather-pants-30,held-rocket-3-0-leather-pants-31,held-rocket-3-0-leather-pants-32",32,https://cdn.shopify.com/s/files/1/0076/8301/4754/products/005850-00-001-01.jpg?v=1652778424|pos:1|alt:Held Held Rocket 3.0 Leather Pants – front view || https://cdn.shopify.com/s/files/1/0076/8301/4754/products/005850-00-014-01.jpg?v=1652778425|pos:2|alt:Held Held Rocket 3.0 Leather Pants – side view || https://cdn.shopify.com/s/files/1/0076/8301/4754/products/005850-00-014-02.jpg?v=1652778424|pos:3|alt:Held Held Rocket 3.0 Leather Pants – rear view || https://cdn.shopify.com/s/files/1/0076/8301/4754/products/005850-00-091-01.jpg?v=1652778424|pos:4|alt:Held Held Rocket 3.0 Leather Pants – detail view || https://cdn.shopify.com/s/files/1/0076/8301/4754/products/005850-00-027-02.jpg?v=1652778424|pos:5|alt:Held Held Rocket 3.0 Leather Pants – top view || https://cdn.shopify.com/s/files/1/0076/8301/4754/products/005850-00-027-01.jpg?v=1652778425|pos:6|alt:Held Held Rocket 3.0 Leather Pants – product view,6,Held Held Rocket 3.0 Leather Pants – front view | Held Held Rocket 3.0 Leather Pants – side view | Held Held Rocket 3.0 Leather Pants – rear view | Held Held Rocket 3.0 Leather Pants – detail view | Held Held Rocket 3.0 Leather Pants – top view | Held Held Rocket 3.0 Leather Pants – product view,,0,Held Rocket 3.0 Leather Pants,"Held Rocket 3.0 Leather Pants. Upper: 67% cowhide (Contains non-textile parts of animal origin), 29% polyamide, 4% elastane / lining: 90% polyester, 8% polyamide, 2% polyurethane | • Connecting zip.",,,Connecting zip. Pocket for optional Held cloverleaf SAS-TEC® -proved coccyx protector. Double-stitched. Metal connecting zipper.,,Available in multiple sizes. Check the size guide before ordering.,Held Rocket 3.0 Leather Pants — a leather Pant built to the specifications listed above.,true,draft,https://cdn.shopify.com/s/files/1/0076/8301/4754/products/005850-00-001-01.jpg?v=1652778424|role:hero || https://cdn.shopify.com/s/files/1/0076/8301/4754/products/005850-00-014-01.jpg?v=1652778425|role:construction detail || https://cdn.shopify.com/s/files/1/0076/8301/4754/products/005850-00-014-02.jpg?v=1652778424|role:side profile,3,false,/products/held-rocket-3-0-leather-pants,/products/held-rocket-3-0-leather-pants
held-hashiro-ii-leather-jacket,held-hashiro-ii-leather-jacket,Held Hashiro II Leather Jacket,Held Hashiro II Leather Jacket,held-hashiro-ii-leather-jacket,"Upper: 73% cowhide (Contains non-textile parts of animal origin), 26% polyamide, 1% polyurethane / lining: 78% polyester, 19% polyamide, 5% polyurethane | • Connecting zip. • EN 1621-1 -certified soft protectors at shoulders & elbows. • Optional EN 1621-2 back protector. • Velcro for optional chest protector. Available in multiple sizes and/or colours — select your variant.","<strong>Protection</strong>
<ul>
<li>Connecting zip</li>
<li>EN 1621-1 -certified soft protectors at shoulders &amp; elbows</li>
<li>Optional EN 1621-2 back protector</li>
<li>Velcro for optional chest protector </li>
</ul>
<strong>Fit/features</strong>
<ul>
<li>Stretch panels on inner arms</li>
<li>Soft collar</li>
<li>Stretch leather at shoulders &amp; elbows</li>
<li>Hip adjustment</li>
<li>Held Clip-in Technology</li>
<li>Internal cellphone pocket</li>
<li>Front air-vent zipper</li>
<li>Cuff in stretch material</li>
<li>3 inner pockets</li>
<li>2 external pockets</li>
</ul>
<strong>Lining</strong>
<ul>
<li>Mesh lining</li>
<li>3D air mesh panels in back to promote air circulation</li>
<li>Polyurethane</li>
<li>Polyester</li>
<li>Polyamide</li>
</ul>
<strong>Material</strong>
<ul>
<li>Soft cowhide</li>
<li>Breathable HEROS®-TEC MESH fabric</li>
</ul>
<h3>ADDITIONAL PRODUCT INFORMATION</h3>
<div>
<table class=""UserAttributes"">
<tbody>
<tr>
<td class=""AttributeLabel VerticalAlignMiddle"">Material</td>
<td class=""AttributeContent"">Upper: 73% cowhide (Contains non-textile parts of animal origin), 26% polyamide, 1% polyurethane / lining: 78% polyester, 19% polyamide, 5% polyurethane</td>
</tr>
</tbody>
</table>
</div>","Protection

• Connecting zip

• EN 1621-1 -certified soft protectors at shoulders & elbows

• Optional EN 1621-2 back protector

• Velcro for optional chest protector 

Fit/features

• Stretch panels on inner arms

• Soft collar

• Stretch leather at shoulders & elbows

• Hip adjustment

• Held Clip-in Technology

• Internal cellphone pocket

• Front air-vent zipper

• Cuff in stretch material

• 3 inner pockets

• 2 external pockets

Lining

• Mesh lining

• 3D air mesh panels in back to promote air circulation

• Polyurethane

• Polyester

• Polyamide

Material

• Soft cowhide

• Breathable HEROS®-TEC MESH fabric

ADDITIONAL PRODUCT INFORMATION

Material | 
Upper: 73% cowhide (Contains non-textile parts of animal origin), 26% polyamide, 1% polyurethane / lining: 78% polyester, 19% polyamide, 5% polyurethane |",55000,,2026-07-26,active,Held,6000,g,Buy Held Hashiro II Leather Jacket | Mile 27 Store,"Upper: 73% cowhide (Contains non-textile parts of animal origin), 26% polyamide, 1% polyurethane / lining: 78% polyester, 19% polyamide, 5% polyurethane ,…",Connecting zip | EN 1621-1 -certified soft protectors at shoulders & elbows | Optional EN 1621-2 back protector | Velcro for optional chest protector,Cleaned noise; brand verified,High,false,Riding Gear > Riding Jackets > Leather Jackets,High,"Refined by title keyword: ""\bleather\s+jacket\b""",held-hashiro-ii-leather-jacket-1|Size:48:Colour:Black/White|price:55000.00|compare:|weight:6000|barcode:|qty:0 | held-hashiro-ii-leather-jacket-2|Size:48:Colour:Black/White/Red|price:55000.00|compare:|weight:6000|barcode:|qty:0 | held-hashiro-ii-leather-jacket-3|Size:50:Colour:Black/White|price:55000.00|compare:|weight:6000|barcode:|qty:0 | held-hashiro-ii-leather-jacket-4|Size:50:Colour:Black/White/Red|price:55000.00|compare:|weight:6000|barcode:|qty:0 | held-hashiro-ii-leather-jacket-5|Size:52:Colour:Black/White|price:55000.00|compare:|weight:6000|barcode:|qty:0 | held-hashiro-ii-leather-jacket-6|Size:52:Colour:Black/White/Red|price:55000.00|compare:|weight:6000|barcode:|qty:0 | held-hashiro-ii-leather-jacket-7|Size:54:Colour:Black/White|price:55000.00|compare:|weight:6000|barcode:|qty:0 | held-hashiro-ii-leather-jacket-8|Size:54:Colour:Black/White/Red|price:55000.00|compare:|weight:6000|barcode:|qty:0 | held-hashiro-ii-leather-jacket-9|Size:56:Colour:Black/White|price:55000.00|compare:|weight:6000|barcode:|qty:0 | held-hashiro-ii-leather-jacket-10|Size:56:Colour:Black/White/Red|price:55000.00|compare:|weight:6000|barcode:|qty:0 | held-hashiro-ii-leather-jacket-11|Size:58:Colour:Black/White|price:55000.00|compare:|weight:6000|barcode:|qty:0 | held-hashiro-ii-leather-jacket-12|Size:58:Colour:Black/White/Red|price:55000.00|compare:|weight:6000|barcode:|qty:0 | held-hashiro-ii-leather-jacket-13|Size:60:Colour:Black/White|price:55000.00|compare:|weight:6000|barcode:|qty:0 | held-hashiro-ii-leather-jacket-14|Size:60:Colour:Black/White/Red|price:55000.00|compare:|weight:6000|barcode:|qty:0 | held-hashiro-ii-leather-jacket-15|Size:62:Colour:Black/White|price:55000.00|compare:|weight:6000|barcode:|qty:0 | held-hashiro-ii-leather-jacket-16|Size:62:Colour:Black/White/Red|price:55000.00|compare:|weight:6000|barcode:|qty:0,"held-hashiro-ii-leather-jacket-1,held-hashiro-ii-leather-jacket-2,held-hashiro-ii-leather-jacket-3,held-hashiro-ii-leather-jacket-4,held-hashiro-ii-leather-jacket-5,held-hashiro-ii-leather-jacket-6,held-hashiro-ii-leather-jacket-7,held-hashiro-ii-leather-jacket-8,held-hashiro-ii-leather-jacket-9,held-hashiro-ii-leather-jacket-10,held-hashiro-ii-leather-jacket-11,held-hashiro-ii-leather-jacket-12,held-hashiro-ii-leather-jacket-13,held-hashiro-ii-leather-jacket-14,held-hashiro-ii-leather-jacket-15,held-hashiro-ii-leather-jacket-16",16,https://cdn.shopify.com/s/files/1/0076/8301/4754/products/005829-00-014-01.jpg?v=1652778019|pos:1|alt:Held Held Hashiro II Leather Jacket – front view || https://cdn.shopify.com/s/files/1/0076/8301/4754/products/005829-00-014-02.jpg?v=1652778021|pos:2|alt:Held Held Hashiro II Leather Jacket – side view || https://cdn.shopify.com/s/files/1/0076/8301/4754/products/005829-00-007-01.jpg?v=1652778021|pos:3|alt:Held Held Hashiro II Leather Jacket – rear view || https://cdn.shopify.com/s/files/1/0076/8301/4754/products/005829-00-007-02.jpg?v=1652778021|pos:4|alt:Held Held Hashiro II Leather Jacket – detail view,4,Held Held Hashiro II Leather Jacket – front view | Held Held Hashiro II Leather Jacket – side view | Held Held Hashiro II Leather Jacket – rear view | Held Held Hashiro II Leather Jacket – detail view,,0,Held Hashiro II Leather Jacket,"Held Hashiro II Leather Jacket. Upper: 73% cowhide (Contains non-textile parts of animal origin), 26% polyamide, 1% polyurethane / lining: 78% polyester, 19% polyamide, 5% polyurethane | • Connecting zip.",,,Connecting zip. EN 1621-1 -certified soft protectors at shoulders & elbows. Optional EN 1621-2 back protector. Velcro for optional chest protector.,,Available in multiple sizes. Check the size guide before ordering.,Held Hashiro II Leather Jacket — a leather Jacket built to the specifications listed above.,true,draft,https://cdn.shopify.com/s/files/1/0076/8301/4754/products/005829-00-014-01.jpg?v=1652778019|role:hero || https://cdn.shopify.com/s/files/1/0076/8301/4754/products/005829-00-014-02.jpg?v=1652778021|role:construction detail || https://cdn.shopify.com/s/files/1/0076/8301/4754/products/005829-00-007-01.jpg?v=1652778021|role:side profile,3,false,/products/held-hashiro-ii-leather-jacket,/products/held-hashiro-ii-leather-jacket
held-street-3-0-leather-jacket,held-street-3-0-leather-jacket,Held Street 3.0 Leather Jacket,Held Street 3.0 Leather Jacket,held-street-3-0-leather-jacket,"Upper: 74% cowhide (Contains non-textile parts of animal origin), 23% polyamide, 3% polyurethane / lining: 92% polyester, 6% polyamide, 2% elastane | • Connecting zip. • Sporty look (PU) soft foam cups on shoulders. • EN 1621-1 tested soft protectors at shoulders & elbows. • Double-stitched. Available in multiple sizes and/or colours — select your variant.","<strong>Protection</strong>
<ul>
<li>Connecting zip</li>
<li>Sporty look (PU) soft foam cups on shoulders</li>
<li>EN 1621-1 tested soft protectors at shoulders &amp; elbows</li>
<li>Double-stitched</li>
<li>Optional EN 1621-2 back protector</li>
<li>Rib protector pocket for optional </li>
<li>Metal connecting zipper</li>
<li>Velcro for optional chest protector</li>
</ul>
<strong>Fit/features</strong>
<ul>
<li>Special stretch panels at under- &amp; inner arms</li>
<li>Soft collar</li>
<li>Perforated leather panels</li>
<li>Stretch leather at shoulders &amp; elbows</li>
<li>Front air-vent zipper</li>
<li>Cuff in stretch material</li>
<li>Air-vent zippers</li>
<li>2 inner pockets</li>
<li>2 external pockets</li>
</ul>
<strong>Lining</strong>
<ul>
<li>Breathable mesh inner lining</li>
<li>3D mesh at back</li>
<li>Polyurethane</li>
<li>Polyester</li>
<li>Polyamide</li>
</ul>
<strong>Outer shell</strong>
<ul>
<li>Soft cowhide</li>
</ul>
<h3>ADDITIONAL PRODUCT INFORMATION</h3>
<div>
<table class=""UserAttributes"">
<tbody>
<tr>
<td class=""AttributeLabel VerticalAlignMiddle"">Material</td>
<td class=""AttributeContent"">Upper: 74% cowhide (Contains non-textile parts of animal origin), 23% polyamide, 3% polyurethane / lining: 92% polyester, 6% polyamide, 2% elastane</td>
</tr>
</tbody>
</table>
</div>","Protection

• Connecting zip

• Sporty look (PU) soft foam cups on shoulders

• EN 1621-1 tested soft protectors at shoulders & elbows

• Double-stitched

• Optional EN 1621-2 back protector

• Rib protector pocket for optional 

• Metal connecting zipper

• Velcro for optional chest protector

Fit/features

• Special stretch panels at under- & inner arms

• Soft collar

• Perforated leather panels

• Stretch leather at shoulders & elbows

• Front air-vent zipper

• Cuff in stretch material

• Air-vent zippers

• 2 inner pockets

• 2 external pockets

Lining

• Breathable mesh inner lining

• 3D mesh at back

• Polyurethane

• Polyester

• Polyamide

Outer shell

• Soft cowhide

ADDITIONAL PRODUCT INFORMATION

Material | 
Upper: 74% cowhide (Contains non-textile parts of animal origin), 23% polyamide, 3% polyurethane / lining: 92% polyester, 6% polyamide, 2% elastane |",60000,,2026-07-26,active,Held,6000,g,Buy Held Street 3.0 Leather Jacket | Mile 27 Store,"Upper: 74% cowhide (Contains non-textile parts of animal origin), 23% polyamide, 3% polyurethane / lining: 92% polyester, 6% polyamide, 2% elastane ,…",Connecting zip | Sporty look (PU) soft foam cups on shoulders | EN 1621-1 tested soft protectors at shoulders & elbows | Double-stitched,Cleaned noise; brand verified,High,false,Riding Gear > Riding Jackets > Leather Jackets,High,"Refined by title keyword: ""\bleather\s+jacket\b""",held-street-3-0-leather-jacket-1|Size:48:Colour:Black|price:60000.00|compare:|weight:6000|barcode:|qty:0 | held-street-3-0-leather-jacket-2|Size:48:Colour:Black/White|price:60000.00|compare:|weight:6000|barcode:|qty:0 | held-street-3-0-leather-jacket-3|Size:48:Colour:White/Blue/Red|price:60000.00|compare:|weight:6000|barcode:|qty:0 | held-street-3-0-leather-jacket-4|Size:48:Colour:White/Red|price:60000.00|compare:|weight:6000|barcode:|qty:0 | held-street-3-0-leather-jacket-5|Size:50:Colour:Black|price:60000.00|compare:|weight:6000|barcode:|qty:0 | held-street-3-0-leather-jacket-6|Size:50:Colour:Black/White|price:60000.00|compare:|weight:6000|barcode:|qty:0 | held-street-3-0-leather-jacket-7|Size:50:Colour:White/Blue/Red|price:60000.00|compare:|weight:6000|barcode:|qty:0 | held-street-3-0-leather-jacket-8|Size:50:Colour:White/Red|price:60000.00|compare:|weight:6000|barcode:|qty:0 | held-street-3-0-leather-jacket-9|Size:52:Colour:Black|price:60000.00|compare:|weight:6000|barcode:|qty:0 | held-street-3-0-leather-jacket-10|Size:52:Colour:Black/White|price:60000.00|compare:|weight:6000|barcode:|qty:0 | held-street-3-0-leather-jacket-11|Size:52:Colour:White/Blue/Red|price:60000.00|compare:|weight:6000|barcode:|qty:0 | held-street-3-0-leather-jacket-12|Size:52:Colour:White/Red|price:60000.00|compare:|weight:6000|barcode:|qty:0 | held-street-3-0-leather-jacket-13|Size:54:Colour:Black|price:60000.00|compare:|weight:6000|barcode:|qty:0 | held-street-3-0-leather-jacket-14|Size:54:Colour:Black/White|price:60000.00|compare:|weight:6000|barcode:|qty:0 | held-street-3-0-leather-jacket-15|Size:54:Colour:White/Blue/Red|price:60000.00|compare:|weight:6000|barcode:|qty:0 | held-street-3-0-leather-jacket-16|Size:54:Colour:White/Red|price:60000.00|compare:|weight:6000|barcode:|qty:0 | held-street-3-0-leather-jacket-17|Size:56:Colour:Black|price:60000.00|compare:|weight:6000|barcode:|qty:0 | held-street-3-0-leather-jacket-18|Size:56:Colour:Black/White|price:60000.00|compare:|weight:6000|barcode:|qty:0 | held-street-3-0-leather-jacket-19|Size:56:Colour:White/Blue/Red|price:60000.00|compare:|weight:6000|barcode:|qty:0 | held-street-3-0-leather-jacket-20|Size:56:Colour:White/Red|price:60000.00|compare:|weight:6000|barcode:|qty:0 | held-street-3-0-leather-jacket-21|Size:58:Colour:Black|price:60000.00|compare:|weight:6000|barcode:|qty:0 | held-street-3-0-leather-jacket-22|Size:58:Colour:Black/White|price:60000.00|compare:|weight:6000|barcode:|qty:0 | held-street-3-0-leather-jacket-23|Size:58:Colour:White/Blue/Red|price:60000.00|compare:|weight:6000|barcode:|qty:0 | held-street-3-0-leather-jacket-24|Size:58:Colour:White/Red|price:60000.00|compare:|weight:6000|barcode:|qty:0 | held-street-3-0-leather-jacket-25|Size:60:Colour:Black|price:60000.00|compare:|weight:6000|barcode:|qty:0 | held-street-3-0-leather-jacket-26|Size:60:Colour:Black/White|price:60000.00|compare:|weight:6000|barcode:|qty:0 | held-street-3-0-leather-jacket-27|Size:60:Colour:White/Blue/Red|price:60000.00|compare:|weight:6000|barcode:|qty:0 | held-street-3-0-leather-jacket-28|Size:60:Colour:White/Red|price:60000.00|compare:|weight:6000|barcode:|qty:0 | held-street-3-0-leather-jacket-29|Size:62:Colour:Black|price:60000.00|compare:|weight:6000|barcode:|qty:0 | held-street-3-0-leather-jacket-30|Size:62:Colour:Black/White|price:60000.00|compare:|weight:6000|barcode:|qty:0 | held-street-3-0-leather-jacket-31|Size:62:Colour:White/Blue/Red|price:60000.00|compare:|weight:6000|barcode:|qty:0 | held-street-3-0-leather-jacket-32|Size:62:Colour:White/Red|price:60000.00|compare:|weight:6000|barcode:|qty:0,"held-street-3-0-leather-jacket-1,held-street-3-0-leather-jacket-2,held-street-3-0-leather-jacket-3,held-street-3-0-leather-jacket-4,held-street-3-0-leather-jacket-5,held-street-3-0-leather-jacket-6,held-street-3-0-leather-jacket-7,held-street-3-0-leather-jacket-8,held-street-3-0-leather-jacket-9,held-street-3-0-leather-jacket-10,held-street-3-0-leather-jacket-11,held-street-3-0-leather-jacket-12,held-street-3-0-leather-jacket-13,held-street-3-0-leather-jacket-14,held-street-3-0-leather-jacket-15,held-street-3-0-leather-jacket-16,held-street-3-0-leather-jacket-17,held-street-3-0-leather-jacket-18,held-street-3-0-leather-jacket-19,held-street-3-0-leather-jacket-20,held-street-3-0-leather-jacket-21,held-street-3-0-leather-jacket-22,held-street-3-0-leather-jacket-23,held-street-3-0-leather-jacket-24,held-street-3-0-leather-jacket-25,held-street-3-0-leather-jacket-26,held-street-3-0-leather-jacket-27,held-street-3-0-leather-jacket-28,held-street-3-0-leather-jacket-29,held-street-3-0-leather-jacket-30,held-street-3-0-leather-jacket-31,held-street-3-0-leather-jacket-32",32,https://cdn.shopify.com/s/files/1/0076/8301/4754/products/005830-00-001-01.jpg?v=1652777643|pos:1|alt:Held Held Street 3.0 Leather Jacket – front view || https://cdn.shopify.com/s/files/1/0076/8301/4754/products/005830-00-001-02_1.jpg?v=1652777643|pos:2|alt:Held Held Street 3.0 Leather Jacket – side view || https://cdn.shopify.com/s/files/1/0076/8301/4754/products/005830-00-014-01.jpg?v=1652777642|pos:3|alt:Held Held Street 3.0 Leather Jacket – rear view || https://cdn.shopify.com/s/files/1/0076/8301/4754/products/005830-00-027-01.jpg?v=1652777643|pos:4|alt:Held Held Street 3.0 Leather Jacket – detail view || https://cdn.shopify.com/s/files/1/0076/8301/4754/products/005830-00-027-02.jpg?v=1652777642|pos:5|alt:Held Held Street 3.0 Leather Jacket – top view || https://cdn.shopify.com/s/files/1/0076/8301/4754/products/005830-00-091-01.jpg?v=1652777643|pos:6|alt:Held Held Street 3.0 Leather Jacket – product view || https://cdn.shopify.com/s/files/1/0076/8301/4754/products/005830-00-091-02.jpg?v=1652777643|pos:7|alt:Held Held Street 3.0 Leather Jacket – product view,7,Held Held Street 3.0 Leather Jacket – front view | Held Held Street 3.0 Leather Jacket – side view | Held Held Street 3.0 Leather Jacket – rear view | Held Held Street 3.0 Leather Jacket – detail view | Held Held Street 3.0 Leather Jacket – top view | Held Held Street 3.0 Leather Jacket – product view,,0,Held Street 3.0 Leather Jacket,"Held Street 3.0 Leather Jacket. Upper: 74% cowhide (Contains non-textile parts of animal origin), 23% polyamide, 3% polyurethane / lining: 92% polyester, 6% polyamide, 2% elastane | • Connecting zip.",,,Connecting zip. Sporty look (PU) soft foam cups on shoulders. EN 1621-1 tested soft protectors at shoulders & elbows. Double-stitched.,,Available in multiple sizes. Check the size guide before ordering.,Held Street 3.0 Leather Jacket — a leather Jacket built to the specifications listed above.,true,draft,https://cdn.shopify.com/s/files/1/0076/8301/4754/products/005830-00-001-01.jpg?v=1652777643|role:hero || https://cdn.shopify.com/s/files/1/0076/8301/4754/products/005830-00-001-02_1.jpg?v=1652777643|role:construction detail || https://cdn.shopify.com/s/files/1/0076/8301/4754/products/005830-00-014-01.jpg?v=1652777642|role:side profile,3,false,/products/held-street-3-0-leather-jacket,/products/held-street-3-0-leather-jacket
held-spire-two-piece-leather-suit,held-spire-two-piece-leather-suit,Held Spire Two Piece Leather Suit,Held Spire Two Piece Leather Suit,held-spire-two-piece-leather-suit,"Upper: 79% cowhide (Contains non-textile parts of animal origin), 18% polyamide, 2% polyurethane, 1% polyester Lining: 86% polyester, 11% polyamide, 3% elastane | • Pocket for tailbone protection, for retrofitting with 4t SAS-TEC® 3-D protection made of visco-elastic soft foam. • Soft protectors on shoulders and elbows EN 1621-1. • Safety seams. • Back protector can be retrofitted EN 1621-2. Available in multiple sizes and/or colours — select your variant.","<strong>Security</strong>
<ul>
<li>Pocket for tailbone protection, for retrofitting with 4t SAS-TEC® 3-D protection made of visco-elastic soft foam</li>
<li>Soft protectors on shoulders and elbows EN 1621-1</li>
<li>Safety seams</li>
<li>Back protector can be retrofitted EN 1621-2</li>
<li>Rib protector pocket for retrofitting. Metal connection zipper</li>
<li>Leather doubling on the buttocks</li>
<li>Hip protectors, can be retrofitted to EN 1621-1</li>
<li>Height-adjustable soft protectors on the knee EN 1621-1</li>
</ul>
<strong>Comfort / features</strong>
<ul>
<li>Special stretch on inner arm, crotch and calf</li>
<li>Leather stretch inserts above the knee and in the back</li>
<li>Velcro for retrofittable knee grinder</li>
<li>Cuffs made of stretch material</li>
<li>Use of the zippers also as air vent possible</li>
<li>Venting zips</li>
<li>3 inside pockets</li>
</ul>
<strong>Lining</strong>
<ul>
<li>Breathable mesh lining</li>
</ul>
<strong>Material</strong>
<ul>
<li>Soft cowhide</li>
</ul>
<h3>ADDITIONAL PRODUCT INFORMATION</h3>
<div>
<table class=""UserAttributes"">
<tbody>
<tr>
<td class=""AttributeLabel VerticalAlignMiddle"">Material</td>
<td class=""AttributeContent"">Upper: 79% cowhide (Contains non-textile parts of animal origin), 18% polyamide, 2% polyurethane, 1% polyester Lining: 86% polyester, 11% polyamide, 3% elastane</td>
</tr>
</tbody>
</table>
</div>","Security

• Pocket for tailbone protection, for retrofitting with 4t SAS-TEC® 3-D protection made of visco-elastic soft foam

• Soft protectors on shoulders and elbows EN 1621-1

• Safety seams

• Back protector can be retrofitted EN 1621-2

• Rib protector pocket for retrofitting. Metal connection zipper

• Leather doubling on the buttocks

• Hip protectors, can be retrofitted to EN 1621-1

• Height-adjustable soft protectors on the knee EN 1621-1

Comfort / features

• Special stretch on inner arm, crotch and calf

• Leather stretch inserts above the knee and in the back

• Velcro for retrofittable knee grinder

• Cuffs made of stretch material

• Use of the zippers also as air vent possible

• Venting zips

• 3 inside pockets

Lining

• Breathable mesh lining

Material

• Soft cowhide

ADDITIONAL PRODUCT INFORMATION

Material | 
Upper: 79% cowhide (Contains non-textile parts of animal origin), 18% polyamide, 2% polyurethane, 1% polyester Lining: 86% polyester, 11% polyamide, 3% elastane |",90000,,2026-07-26,active,Held,12000,g,Buy Held Spire Two Piece Leather Suit | Mile 27 Store,"Upper: 79% cowhide (Contains non-textile parts of animal origin), 18% polyamide, 2% polyurethane, 1% polyester Lining: 86% polyester, 11% polyamide, 3%…","Pocket for tailbone protection, for retrofitting with 4t SAS-TEC® 3-D protection made of visco-elastic soft foam | Soft protectors on shoulders and elbows EN 1621-1 | Safety seams | Back protector can be retrofitted EN 1621-2",Cleaned noise; brand verified,High,false,Riding Gear > Racing Suits > One-Piece Racing Suits,High,"Refined by title keyword: ""\b(leather\s+(suit|racing\s+suit))\b""",held-spire-two-piece-leather-suit-1|Size:38:Colour:Black|price:90000.00|compare:|weight:12000|barcode:|qty:0 | held-spire-two-piece-leather-suit-2|Size:38:Colour:Black/White|price:90000.00|compare:|weight:12000|barcode:|qty:0 | held-spire-two-piece-leather-suit-3|Size:38:Colour:Black/Red|price:90000.00|compare:|weight:12000|barcode:|qty:0 | held-spire-two-piece-leather-suit-4|Size:38:Colour:Black/Blue|price:90000.00|compare:|weight:12000|barcode:|qty:0 | held-spire-two-piece-leather-suit-5|Size:38:Colour:Black/Yellow|price:90000.00|compare:|weight:12000|barcode:|qty:0 | held-spire-two-piece-leather-suit-6|Size:40:Colour:Black|price:90000.00|compare:|weight:12000|barcode:|qty:0 | held-spire-two-piece-leather-suit-7|Size:40:Colour:Black/White|price:90000.00|compare:|weight:12000|barcode:|qty:0 | held-spire-two-piece-leather-suit-8|Size:40:Colour:Black/Red|price:90000.00|compare:|weight:12000|barcode:|qty:0 | held-spire-two-piece-leather-suit-9|Size:40:Colour:Black/Blue|price:90000.00|compare:|weight:12000|barcode:|qty:0 | held-spire-two-piece-leather-suit-10|Size:40:Colour:Black/Yellow|price:90000.00|compare:|weight:12000|barcode:|qty:0 | held-spire-two-piece-leather-suit-11|Size:42:Colour:Black|price:90000.00|compare:|weight:12000|barcode:|qty:0 | held-spire-two-piece-leather-suit-12|Size:42:Colour:Black/White|price:90000.00|compare:|weight:12000|barcode:|qty:0 | held-spire-two-piece-leather-suit-13|Size:42:Colour:Black/Red|price:90000.00|compare:|weight:12000|barcode:|qty:0 | held-spire-two-piece-leather-suit-14|Size:42:Colour:Black/Blue|price:90000.00|compare:|weight:12000|barcode:|qty:0 | held-spire-two-piece-leather-suit-15|Size:42:Colour:Black/Yellow|price:90000.00|compare:|weight:12000|barcode:|qty:0 | held-spire-two-piece-leather-suit-16|Size:44:Colour:Black|price:90000.00|compare:|weight:12000|barcode:|qty:0 | held-spire-two-piece-leather-suit-17|Size:44:Colour:Black/White|price:90000.00|compare:|weight:12000|barcode:|qty:0 | held-spire-two-piece-leather-suit-18|Size:44:Colour:Black/Red|price:90000.00|compare:|weight:12000|barcode:|qty:0 | held-spire-two-piece-leather-suit-19|Size:44:Colour:Black/Blue|price:90000.00|compare:|weight:12000|barcode:|qty:0 | held-spire-two-piece-leather-suit-20|Size:44:Colour:Black/Yellow|price:90000.00|compare:|weight:12000|barcode:|qty:0 | held-spire-two-piece-leather-suit-21|Size:46:Colour:Black|price:90000.00|compare:|weight:12000|barcode:|qty:0 | held-spire-two-piece-leather-suit-22|Size:46:Colour:Black/White|price:90000.00|compare:|weight:12000|barcode:|qty:0 | held-spire-two-piece-leather-suit-23|Size:46:Colour:Black/Red|price:90000.00|compare:|weight:12000|barcode:|qty:0 | held-spire-two-piece-leather-suit-24|Size:46:Colour:Black/Blue|price:90000.00|compare:|weight:12000|barcode:|qty:0 | held-spire-two-piece-leather-suit-25|Size:46:Colour:Black/Yellow|price:90000.00|compare:|weight:12000|barcode:|qty:0 | held-spire-two-piece-leather-suit-26|Size:48:Colour:Black|price:90000.00|compare:|weight:12000|barcode:|qty:0 | held-spire-two-piece-leather-suit-27|Size:48:Colour:Black/White|price:90000.00|compare:|weight:12000|barcode:|qty:0 | held-spire-two-piece-leather-suit-28|Size:48:Colour:Black/Red|price:90000.00|compare:|weight:12000|barcode:|qty:0 | held-spire-two-piece-leather-suit-29|Size:48:Colour:Black/Blue|price:90000.00|compare:|weight:12000|barcode:|qty:0 | held-spire-two-piece-leather-suit-30|Size:48:Colour:Black/Yellow|price:90000.00|compare:|weight:12000|barcode:|qty:0 | held-spire-two-piece-leather-suit-31|Size:50:Colour:Black|price:90000.00|compare:|weight:12000|barcode:|qty:0 | held-spire-two-piece-leather-suit-32|Size:50:Colour:Black/White|price:90000.00|compare:|weight:12000|barcode:|qty:0 | held-spire-two-piece-leather-suit-33|Size:50:Colour:Black/Red|price:90000.00|compare:|weight:12000|barcode:|qty:0 | held-spire-two-piece-leather-suit-34|Size:50:Colour:Black/Blue|price:90000.00|compare:|weight:12000|barcode:|qty:0 | held-spire-two-piece-leather-suit-35|Size:50:Colour:Black/Yellow|price:90000.00|compare:|weight:12000|barcode:|qty:0 | held-spire-two-piece-leather-suit-36|Size:52:Colour:Black|price:90000.00|compare:|weight:12000|barcode:|qty:0 | held-spire-two-piece-leather-suit-37|Size:52:Colour:Black/White|price:90000.00|compare:|weight:12000|barcode:|qty:0 | held-spire-two-piece-leather-suit-38|Size:52:Colour:Black/Red|price:90000.00|compare:|weight:12000|barcode:|qty:0 | held-spire-two-piece-leather-suit-39|Size:52:Colour:Black/Blue|price:90000.00|compare:|weight:12000|barcode:|qty:0 | held-spire-two-piece-leather-suit-40|Size:52:Colour:Black/Yellow|price:90000.00|compare:|weight:12000|barcode:|qty:0 | held-spire-two-piece-leather-suit-41|Size:54:Colour:Black|price:90000.00|compare:|weight:12000|barcode:|qty:0 | held-spire-two-piece-leather-suit-42|Size:54:Colour:Black/White|price:90000.00|compare:|weight:12000|barcode:|qty:0 | held-spire-two-piece-leather-suit-43|Size:54:Colour:Black/Red|price:90000.00|compare:|weight:12000|barcode:|qty:0 | held-spire-two-piece-leather-suit-44|Size:54:Colour:Black/Blue|price:90000.00|compare:|weight:12000|barcode:|qty:0 | held-spire-two-piece-leather-suit-45|Size:54:Colour:Black/Yellow|price:90000.00|compare:|weight:12000|barcode:|qty:0 | held-spire-two-piece-leather-suit-46|Size:56:Colour:Black|price:90000.00|compare:|weight:12000|barcode:|qty:0 | held-spire-two-piece-leather-suit-47|Size:56:Colour:Black/White|price:90000.00|compare:|weight:12000|barcode:|qty:0 | held-spire-two-piece-leather-suit-48|Size:56:Colour:Black/Red|price:90000.00|compare:|weight:12000|barcode:|qty:0 | held-spire-two-piece-leather-suit-49|Size:56:Colour:Black/Blue|price:90000.00|compare:|weight:12000|barcode:|qty:0 | held-spire-two-piece-leather-suit-50|Size:56:Colour:Black/Yellow|price:90000.00|compare:|weight:12000|barcode:|qty:0 | held-spire-two-piece-leather-suit-51|Size:58:Colour:Black|price:90000.00|compare:|weight:12000|barcode:|qty:0 | held-spire-two-piece-leather-suit-52|Size:58:Colour:Black/White|price:90000.00|compare:|weight:12000|barcode:|qty:0 | held-spire-two-piece-leather-suit-53|Size:58:Colour:Black/Red|price:90000.00|compare:|weight:12000|barcode:|qty:0 | held-spire-two-piece-leather-suit-54|Size:58:Colour:Black/Blue|price:90000.00|compare:|weight:12000|barcode:|qty:0 | held-spire-two-piece-leather-suit-55|Size:58:Colour:Black/Yellow|price:90000.00|compare:|weight:12000|barcode:|qty:0 | held-spire-two-piece-leather-suit-56|Size:60:Colour:Black|price:90000.00|compare:|weight:12000|barcode:|qty:0 | held-spire-two-piece-leather-suit-57|Size:60:Colour:Black/White|price:90000.00|compare:|weight:12000|barcode:|qty:0 | held-spire-two-piece-leather-suit-58|Size:60:Colour:Black/Red|price:90000.00|compare:|weight:12000|barcode:|qty:0 | held-spire-two-piece-leather-suit-59|Size:60:Colour:Black/Blue|price:90000.00|compare:|weight:12000|barcode:|qty:0 | held-spire-two-piece-leather-suit-60|Size:60:Colour:Black/Yellow|price:90000.00|compare:|weight:12000|barcode:|qty:0 | held-spire-two-piece-leather-suit-61|Size:62:Colour:Black|price:90000.00|compare:|weight:12000|barcode:|qty:0 | held-spire-two-piece-leather-suit-62|Size:62:Colour:Black/White|price:90000.00|compare:|weight:12000|barcode:|qty:0 | held-spire-two-piece-leather-suit-63|Size:62:Colour:Black/Red|price:90000.00|compare:|weight:12000|barcode:|qty:0 | held-spire-two-piece-leather-suit-64|Size:62:Colour:Black/Blue|price:90000.00|compare:|weight:12000|barcode:|qty:0 | held-spire-two-piece-leather-suit-65|Size:62:Colour:Black/Yellow|price:90000.00|compare:|weight:12000|barcode:|qty:0,"held-spire-two-piece-leather-suit-1,held-spire-two-piece-leather-suit-2,held-spire-two-piece-leather-suit-3,held-spire-two-piece-leather-suit-4,held-spire-two-piece-leather-suit-5,held-spire-two-piece-leather-suit-6,held-spire-two-piece-leather-suit-7,held-spire-two-piece-leather-suit-8,held-spire-two-piece-leather-suit-9,held-spire-two-piece-leather-suit-10,held-spire-two-piece-leather-suit-11,held-spire-two-piece-leather-suit-12,held-spire-two-piece-leather-suit-13,held-spire-two-piece-leather-suit-14,held-spire-two-piece-leather-suit-15,held-spire-two-piece-leather-suit-16,held-spire-two-piece-leather-suit-17,held-spire-two-piece-leather-suit-18,held-spire-two-piece-leather-suit-19,held-spire-two-piece-leather-suit-20,held-spire-two-piece-leather-suit-21,held-spire-two-piece-leather-suit-22,held-spire-two-piece-leather-suit-23,held-spire-two-piece-leather-suit-24,held-spire-two-piece-leather-suit-25,held-spire-two-piece-leather-suit-26,held-spire-two-piece-leather-suit-27,held-spire-two-piece-leather-suit-28,held-spire-two-piece-leather-suit-29,held-spire-two-piece-leather-suit-30,held-spire-two-piece-leather-suit-31,held-spire-two-piece-leather-suit-32,held-spire-two-piece-leather-suit-33,held-spire-two-piece-leather-suit-34,held-spire-two-piece-leather-suit-35,held-spire-two-piece-leather-suit-36,held-spire-two-piece-leather-suit-37,held-spire-two-piece-leather-suit-38,held-spire-two-piece-leather-suit-39,held-spire-two-piece-leather-suit-40,held-spire-two-piece-leather-suit-41,held-spire-two-piece-leather-suit-42,held-spire-two-piece-leather-suit-43,held-spire-two-piece-leather-suit-44,held-spire-two-piece-leather-suit-45,held-spire-two-piece-leather-suit-46,held-spire-two-piece-leather-suit-47,held-spire-two-piece-leather-suit-48,held-spire-two-piece-leather-suit-49,held-spire-two-piece-leather-suit-50,held-spire-two-piece-leather-suit-51,held-spire-two-piece-leather-suit-52,held-spire-two-piece-leather-suit-53,held-spire-two-piece-leather-suit-54,held-spire-two-piece-leather-suit-55,held-spire-two-piece-leather-suit-56,held-spire-two-piece-leather-suit-57,held-spire-two-piece-leather-suit-58,held-spire-two-piece-leather-suit-59,held-spire-two-piece-leather-suit-60,held-spire-two-piece-leather-suit-61,held-spire-two-piece-leather-suit-62,held-spire-two-piece-leather-suit-63,held-spire-two-piece-leather-suit-64,held-spire-two-piece-leather-suit-65",65,https://cdn.shopify.com/s/files/1/0076/8301/4754/products/Held-Spire-5614_01_Black.jpg?v=1652777046|pos:1|alt:Held Held Spire Two Piece Leather Suit – front view || https://cdn.shopify.com/s/files/1/0076/8301/4754/products/Held-Spire-5614_14_-black-white.jpg?v=1652777046|pos:2|alt:Held Held Spire Two Piece Leather Suit – side view || https://cdn.shopify.com/s/files/1/0076/8301/4754/products/Held-Spire5614_02-Black-red-_x.jpg?v=1652777046|pos:3|alt:Held Held Spire Two Piece Leather Suit – rear view || https://cdn.shopify.com/s/files/1/0076/8301/4754/products/Held-Spire-5614_15-Black-Blue-1-_x.webp?v=1652777046|pos:4|alt:Held Held Spire Two Piece Leather Suit – detail view || https://cdn.shopify.com/s/files/1/0076/8301/4754/products/005614-00-058-01.jpg?v=1652777046|pos:5|alt:Held Held Spire Two Piece Leather Suit – top view,5,Held Held Spire Two Piece Leather Suit – front view | Held Held Spire Two Piece Leather Suit – side view | Held Held Spire Two Piece Leather Suit – rear view | Held Held Spire Two Piece Leather Suit – detail view | Held Held Spire Two Piece Leather Suit – top view,,0,Held Spire Two Piece Leather Suit,"Held Spire Two Piece Leather Suit. Upper: 79% cowhide (Contains non-textile parts of animal origin), 18% polyamide, 2% polyurethane, 1% polyester Lining: 86% polyester, 11% polyamide,.",,,"Pocket for tailbone protection, for retrofitting with 4t SAS-TEC® 3-D protection made of visco-elastic soft foam. Soft protectors on shoulders and elbows EN 1621-1. Safety seams. Back protector can be retrofitted EN 1621-2.",,Available in multiple sizes. Check the size guide before ordering.,Held Spire Two Piece Leather Suit — an one-Piece Racing Suit built to the specifications listed above.,true,draft,https://cdn.shopify.com/s/files/1/0076/8301/4754/products/Held-Spire-5614_01_Black.jpg?v=1652777046|role:hero || https://cdn.shopify.com/s/files/1/0076/8301/4754/products/Held-Spire-5614_14_-black-white.jpg?v=1652777046|role:construction detail || https://cdn.shopify.com/s/files/1/0076/8301/4754/products/Held-Spire5614_02-Black-red-_x.jpg?v=1652777046|role:side profile,3,false,/products/held-spire-two-piece-leather-suit,/products/held-spire-two-piece-leather-suit
held-hot-rock-leather-jacket,held-hot-rock-leather-jacket,Held Hot Rock Leather Jacket,Held Hot Rock Leather Jacket,held-hot-rock-leather-jacket,"Upper: 100% cowhide (contains non-textile parts of animal origin) Lining: 100% polyester | • Connecting zip. • Soft protectors on shoulders and elbows, tested to EN 1621-1. • safety seams. • Back protector can be retrofitted, tested to EN 1621-2. Available in multiple sizes and/or colours — select your variant.","<strong>Security</strong>
<ul>
<li>Connecting zip</li>
<li>Soft protectors on shoulders and elbows, tested to EN 1621-1</li>
<li>safety seams</li>
<li>Back protector can be retrofitted, tested to EN 1621-2</li>
<li>Rib protector pocket for retrofitting</li>
<li>Velcro for retrofittable breast protector</li>
</ul>
<strong>Comfort / features</strong>
<ul>
<li>Stretch inserts on the inner arm</li>
<li>Soft collar</li>
<li>Leather stretch inserts on shoulders</li>
<li>Leather stretch inserts on the inner arm</li>
<li>Front zipper can also be used as Held ACS (Air-Vent)</li>
<li>Document case</li>
<li>Venting zips</li>
<li>3 outer pockets</li>
<li>1 inside pocket</li>
</ul>
<strong>Lining</strong>
<ul>
<li>Breathable mesh lining</li>
<li>3D spacer fabric on the back</li>
</ul>
<strong>Material</strong>
<ul>
<li>Soft cowhide</li>
</ul>
<strong>Colour</strong>
<ul>
<li>black</li>
</ul>
<strong>Sizes</strong>
<ul>
<li>48, 50, 52, 54, 56, 58, 60</li>
<li>Long: 98, 102, 106, 110</li>
</ul>
<h3>ADDITIONAL PRODUCT INFORMATION</h3>
<div>
<table class=""UserAttributes"">
<tbody>
<tr>
<td class=""AttributeLabel VerticalAlignMiddle"">Material</td>
<td class=""AttributeContent"">Upper: 100% cowhide (contains non-textile parts of animal origin) Lining: 100% polyester</td>
</tr>
</tbody>
</table>
</div>","Security

• Connecting zip

• Soft protectors on shoulders and elbows, tested to EN 1621-1

• safety seams

• Back protector can be retrofitted, tested to EN 1621-2

• Rib protector pocket for retrofitting

• Velcro for retrofittable breast protector

Comfort / features

• Stretch inserts on the inner arm

• Soft collar

• Leather stretch inserts on shoulders

• Leather stretch inserts on the inner arm

• Front zipper can also be used as Held ACS (Air-Vent)

• Document case

• Venting zips

• 3 outer pockets

• 1 inside pocket

Lining

• Breathable mesh lining

• 3D spacer fabric on the back

Material

• Soft cowhide

Colour

• black

Sizes

• 48, 50, 52, 54, 56, 58, 60

• Long: 98, 102, 106, 110

ADDITIONAL PRODUCT INFORMATION

Material | 
Upper: 100% cowhide (contains non-textile parts of animal origin) Lining: 100% polyester |",65000,,2026-07-26,active,Held,6000,g,Buy Held Hot Rock Leather Jacket | Mile 27 Store,"Upper: 100% cowhide (contains non-textile parts of animal origin) Lining: 100% polyester , Connecting zip. Soft protectors on shoulders and elbows, tested…","Connecting zip | Soft protectors on shoulders and elbows, tested to EN 1621-1 | safety seams | Back protector can be retrofitted, tested to EN 1621-2",Cleaned noise; brand verified,High,false,Riding Gear > Riding Jackets > Leather Jackets,High,"Refined by title keyword: ""\bleather\s+jacket\b""",held-hot-rock-leather-jacket-1|Size:48:Colour:Black|price:65000.00|compare:|weight:6000|barcode:|qty:0 | held-hot-rock-leather-jacket-2|Size:48:Colour:Brown|price:65000.00|compare:|weight:6000|barcode:|qty:0 | held-hot-rock-leather-jacket-3|Size:50:Colour:Black|price:65000.00|compare:|weight:6000|barcode:|qty:0 | held-hot-rock-leather-jacket-4|Size:50:Colour:Brown|price:65000.00|compare:|weight:6000|barcode:|qty:0 | held-hot-rock-leather-jacket-5|Size:52:Colour:Black|price:65000.00|compare:|weight:6000|barcode:|qty:0 | held-hot-rock-leather-jacket-6|Size:52:Colour:Brown|price:65000.00|compare:|weight:6000|barcode:|qty:0 | held-hot-rock-leather-jacket-7|Size:54:Colour:Black|price:65000.00|compare:|weight:6000|barcode:|qty:0 | held-hot-rock-leather-jacket-8|Size:54:Colour:Brown|price:65000.00|compare:|weight:6000|barcode:|qty:0 | held-hot-rock-leather-jacket-9|Size:56:Colour:Black|price:65000.00|compare:|weight:6000|barcode:|qty:0 | held-hot-rock-leather-jacket-10|Size:56:Colour:Brown|price:65000.00|compare:|weight:6000|barcode:|qty:0 | held-hot-rock-leather-jacket-11|Size:58:Colour:Black|price:65000.00|compare:|weight:6000|barcode:|qty:0 | held-hot-rock-leather-jacket-12|Size:58:Colour:Brown|price:65000.00|compare:|weight:6000|barcode:|qty:0 | held-hot-rock-leather-jacket-13|Size:60:Colour:Black|price:65000.00|compare:|weight:6000|barcode:|qty:0 | held-hot-rock-leather-jacket-14|Size:60:Colour:Brown|price:65000.00|compare:|weight:6000|barcode:|qty:0,"held-hot-rock-leather-jacket-1,held-hot-rock-leather-jacket-2,held-hot-rock-leather-jacket-3,held-hot-rock-leather-jacket-4,held-hot-rock-leather-jacket-5,held-hot-rock-leather-jacket-6,held-hot-rock-leather-jacket-7,held-hot-rock-leather-jacket-8,held-hot-rock-leather-jacket-9,held-hot-rock-leather-jacket-10,held-hot-rock-leather-jacket-11,held-hot-rock-leather-jacket-12,held-hot-rock-leather-jacket-13,held-hot-rock-leather-jacket-14",14,https://cdn.shopify.com/s/files/1/0076/8301/4754/products/051934-00-001-01.jpg?v=1652700823|pos:1|alt:Held Held Hot Rock Leather Jacket – front view || https://cdn.shopify.com/s/files/1/0076/8301/4754/products/051934-00-001-02.jpg?v=1652700822|pos:2|alt:Held Held Hot Rock Leather Jacket – side view || https://cdn.shopify.com/s/files/1/0076/8301/4754/products/051934-00-052-01.jpg?v=1652700821|pos:3|alt:Held Held Hot Rock Leather Jacket – rear view || https://cdn.shopify.com/s/files/1/0076/8301/4754/products/051934-00-052-02.jpg?v=1652700823|pos:4|alt:Held Held Hot Rock Leather Jacket – detail view,4,Held Held Hot Rock Leather Jacket – front view | Held Held Hot Rock Leather Jacket – side view | Held Held Hot Rock Leather Jacket – rear view | Held Held Hot Rock Leather Jacket – detail view,,0,Held Hot Rock Leather Jacket,Held Hot Rock Leather Jacket. Upper: 100% cowhide (contains non-textile parts of animal origin) Lining: 100% polyester | • Connecting zip.,,,"Connecting zip. Soft protectors on shoulders and elbows, tested to EN 1621-1. safety seams. Back protector can be retrofitted, tested to EN 1621-2.",,Available in multiple sizes. Check the size guide before ordering.,Held Hot Rock Leather Jacket — a leather Jacket built to the specifications listed above.,true,draft,https://cdn.shopify.com/s/files/1/0076/8301/4754/products/051934-00-001-01.jpg?v=1652700823|role:hero || https://cdn.shopify.com/s/files/1/0076/8301/4754/products/051934-00-001-02.jpg?v=1652700822|role:construction detail || https://cdn.shopify.com/s/files/1/0076/8301/4754/products/051934-00-052-01.jpg?v=1652700821|role:side profile,3,false,/products/held-hot-rock-leather-jacket,/products/held-hot-rock-leather-jacket
held-medalist-two-piece-leather-suit,held-medalist-two-piece-leather-suit,Held Medalist Two Piece Leather Suit,Held Medalist Two Piece Leather Suit,held-medalist-two-piece-leather-suit,"Upper material 1: cowhide; Upper material 2: sheep leather; Lining: 100% polyester (Contains non-textile parts of animal origin) | • 2-piece race-spec suit. • breathable 37,5® inner lining. • map / document pocket. • front air-vent zipper (Held ACS). Available in multiple sizes and/or colours — select your variant.","<strong>Features:</strong>
<ul>
<li>2-piece race-spec suit</li>
<li>breathable 37,5® inner lining</li>
<li>map / document pocket</li>
<li>front air-vent zipper (Held ACS)</li>
<li>perforated leather panels</li>
<li>stretch leather panels at knees, back &amp; shoulders</li>
<li>cuff in stretch material</li>
<li>Held Clip-in Technology</li>
<li>H.P.A System (Held protector adjustment) at knee</li>
<li>soft cowhide</li>
</ul>
<strong>Specifications:</strong>
<u>Protection:</u>
<ul>
<li>EN 1621-1:2012 approved SAS-TEC® protection in shoulders, ellbow and knee</li>
<li>optional EN 1621-2:2014 back protector</li>
<li>Velcro for optional 2 pcs chest protector art. 9784</li>
<li>rib protector pocket for optional art. 9316</li>
<li>EN 1621-1:2012 approved SAS-TEC® 3D protection on hips</li>
<li>pocket for optional Held cloverleaf SAS-TEC® CE-proved coccyx protector, art. 9315</li>
<li>double leather reinforcement on seat</li>
<li>metal connecting zipper, see overview*</li>
<li>safety tested according to FprEN 17092, protective garments for motorcyclists</li>
</ul>
<b>Colors:</b>
<ul>
<li>black 01</li>
<li>black-white-red-blue 05</li>
</ul>
<h3>ADDITIONAL PRODUCT INFORMATION</h3>
<div>
<table class=""UserAttributes"">
<tbody>
<tr>
<td class=""AttributeLabel VerticalAlignMiddle"">Material</td>
<td class=""AttributeContent"">Upper material 1: cowhide; Upper material 2: sheep leather; Lining: 100% polyester (Contains non-textile parts of animal origin)</td>
</tr>
</tbody>
</table>
</div>","Features:

• 2-piece race-spec suit

• breathable 37,5® inner lining

• map / document pocket

• front air-vent zipper (Held ACS)

• perforated leather panels

• stretch leather panels at knees, back & shoulders

• cuff in stretch material

• Held Clip-in Technology

• H.P.A System (Held protector adjustment) at knee

• soft cowhide

Specifications:
Protection:

• EN 1621-1:2012 approved SAS-TEC® protection in shoulders, ellbow and knee

• optional EN 1621-2:2014 back protector

• Velcro for optional 2 pcs chest protector art. 9784

• rib protector pocket for optional art. 9316

• EN 1621-1:2012 approved SAS-TEC® 3D protection on hips

• pocket for optional Held cloverleaf SAS-TEC® CE-proved coccyx protector, art. 9315

• double leather reinforcement on seat

• metal connecting zipper, see overview*

• safety tested according to FprEN 17092, protective garments for motorcyclists

Colors:

• black 01

• black-white-red-blue 05

ADDITIONAL PRODUCT INFORMATION

Material | 
Upper material 1: cowhide; Upper material 2: sheep leather; Lining: 100% polyester (Contains non-textile parts of animal origin) |",130000,,2026-07-26,active,Held,12000,g,Buy Held Medalist Two Piece Leather Suit | Mile 27 Store,"Upper material 1: cowhide; Upper material 2: sheep leather; Lining: 100% polyester (Contains non-textile parts of animal origin) , 2-piece race-spec suit.…","2-piece race-spec suit | breathable 37,5® inner lining | map / document pocket | front air-vent zipper (Held ACS)",Cleaned noise; brand verified,High,false,Riding Gear > Racing Suits > One-Piece Racing Suits,High,"Refined by title keyword: ""\b(leather\s+(suit|racing\s+suit))\b""",held-medalist-two-piece-leather-suit-1|Size:48:Colour:Black|price:130000.00|compare:|weight:12000|barcode:|qty:0 | held-medalist-two-piece-leather-suit-2|Size:48:Colour:Black/White/Red/Blue|price:130000.00|compare:|weight:12000|barcode:|qty:0 | held-medalist-two-piece-leather-suit-3|Size:50:Colour:Black|price:130000.00|compare:|weight:12000|barcode:|qty:0 | held-medalist-two-piece-leather-suit-4|Size:50:Colour:Black/White/Red/Blue|price:130000.00|compare:|weight:12000|barcode:|qty:0 | held-medalist-two-piece-leather-suit-5|Size:52:Colour:Black|price:130000.00|compare:|weight:12000|barcode:|qty:0 | held-medalist-two-piece-leather-suit-6|Size:52:Colour:Black/White/Red/Blue|price:130000.00|compare:|weight:12000|barcode:|qty:0 | held-medalist-two-piece-leather-suit-7|Size:54:Colour:Black|price:130000.00|compare:|weight:12000|barcode:|qty:0 | held-medalist-two-piece-leather-suit-8|Size:54:Colour:Black/White/Red/Blue|price:130000.00|compare:|weight:12000|barcode:|qty:0 | held-medalist-two-piece-leather-suit-9|Size:56:Colour:Black|price:130000.00|compare:|weight:12000|barcode:|qty:0 | held-medalist-two-piece-leather-suit-10|Size:56:Colour:Black/White/Red/Blue|price:130000.00|compare:|weight:12000|barcode:|qty:0 | held-medalist-two-piece-leather-suit-11|Size:58:Colour:Black|price:130000.00|compare:|weight:12000|barcode:|qty:0 | held-medalist-two-piece-leather-suit-12|Size:58:Colour:Black/White/Red/Blue|price:130000.00|compare:|weight:12000|barcode:|qty:0 | held-medalist-two-piece-leather-suit-13|Size:60:Colour:Black|price:130000.00|compare:|weight:12000|barcode:|qty:0 | held-medalist-two-piece-leather-suit-14|Size:60:Colour:Black/White/Red/Blue|price:130000.00|compare:|weight:12000|barcode:|qty:0,"held-medalist-two-piece-leather-suit-1,held-medalist-two-piece-leather-suit-2,held-medalist-two-piece-leather-suit-3,held-medalist-two-piece-leather-suit-4,held-medalist-two-piece-leather-suit-5,held-medalist-two-piece-leather-suit-6,held-medalist-two-piece-leather-suit-7,held-medalist-two-piece-leather-suit-8,held-medalist-two-piece-leather-suit-9,held-medalist-two-piece-leather-suit-10,held-medalist-two-piece-leather-suit-11,held-medalist-two-piece-leather-suit-12,held-medalist-two-piece-leather-suit-13,held-medalist-two-piece-leather-suit-14",14,https://cdn.shopify.com/s/files/1/0076/8301/4754/products/052010-00-001-01.jpg?v=1652699918|pos:1|alt:Held Held Medalist Two Piece Leather Suit – front view || https://cdn.shopify.com/s/files/1/0076/8301/4754/products/052010-00-001-02.jpg?v=1652699919|pos:2|alt:Held Held Medalist Two Piece Leather Suit – side view || https://cdn.shopify.com/s/files/1/0076/8301/4754/products/052010-00-005-01.jpg?v=1652699918|pos:3|alt:Held Held Medalist Two Piece Leather Suit – rear view || https://cdn.shopify.com/s/files/1/0076/8301/4754/products/052010-00-005-02.jpg?v=1652699919|pos:4|alt:Held Held Medalist Two Piece Leather Suit – detail view,4,Held Held Medalist Two Piece Leather Suit – front view | Held Held Medalist Two Piece Leather Suit – side view | Held Held Medalist Two Piece Leather Suit – rear view | Held Held Medalist Two Piece Leather Suit – detail view,,0,Held Medalist Two Piece Leather Suit,Held Medalist Two Piece Leather Suit. Upper material 1: cowhide; Upper material 2: sheep leather; Lining: 100% polyester (Contains non-textile parts of animal origin) | • 2-piece race-spec suit.,,front air-vent zipper (Held ACS).,"2-piece race-spec suit. breathable 37,5® inner lining. map / document pocket.",,Available in multiple sizes. Check the size guide before ordering.,Held Medalist Two Piece Leather Suit — an one-Piece Racing Suit built to the specifications listed above.,true,draft,https://cdn.shopify.com/s/files/1/0076/8301/4754/products/052010-00-001-01.jpg?v=1652699918|role:hero || https://cdn.shopify.com/s/files/1/0076/8301/4754/products/052010-00-001-02.jpg?v=1652699919|role:construction detail || https://cdn.shopify.com/s/files/1/0076/8301/4754/products/052010-00-005-01.jpg?v=1652699918|role:side profile,3,false,/products/held-medalist-two-piece-leather-suit,/products/held-medalist-two-piece-leather-suit
held-grind-leather-pants,held-grind-leather-pants,Held Grind Leather Pants,Held Grind Leather Pants,held-grind-leather-pants,"The combi pant Held GRIND convinces not only by her sportive, elegant appearance. The pant is also very functional designed concerning material- and safety-components. Besides… • 3D-fabrics (100% Polyester). • breathable Mesh-inner lining (100% Polyester). • 1 outside pocket. • Leather stretch inserts on the back. Available in multiple sizes and/or colours — select your variant.","The combi pant <strong>Held GRIND</strong><span> convinces not only by her sportive, elegant appearance. The pant is also very functional designed concerning material- and safety-components. Besides breathable and warming inner lining (</span><strong>3D-fabric</strong><span>), the Held Grind is featured with </span><strong>leather-stretch inserts</strong><span> on the back, as well as with </span><strong>Schoeller®-KEPROTEC-stretch</strong><span> in step and calf.</span><br><span>Providing </span><strong>leather dubbling</strong><span> on the bottom, </span><strong>SAS-TEC 3-D protectors<span> </span></strong><span>and </span><strong>Temperfoam® padding<span> </span></strong><span>, the Held Grind is a great success concerning protection.</span><br><br><strong>Inner lining</strong><span></span><br><br>
<ul>
<li><strong>3D-fabrics (100% Polyester)</strong></li>
<li>breathable Mesh-inner lining (100% Polyester)</li>
</ul>
<strong>Comfort/Features</strong><span></span>
<ul>
<li>1 outside pocket</li>
<li>Leather stretch inserts on the back</li>
<li>
<strong>Schoeller®-KEPROTEC-stretch</strong><span> </span>in step and calf with zipper</li>
<li>knee slider</li>
</ul>
<strong>Safety</strong><span></span>
<ul>
<li>height-adjustive<strong><span> </span>SAS-TEC 3-D</strong><span> </span>protectors on knees, made of visco-elastic flexible foam, certificated by EN 1621-1</li>
<li>detachable<strong><span> </span>TEMPERFOAM</strong><span> </span>pad in the hip</li>
<li>hip protection retrofitable</li>
<li>additional potection for the knees by hard shells</li>
<li>safety stitiching</li>
<li>connective zippers</li>
<li>
<strong>Leather doubling</strong><span> </span>on the bottom for an optimal safety</li>
<li>pocket for coccyx, for a later retrofit</li>
<li>
<strong>metal-connective zipper</strong><span> </span>for more safety</li>
</ul>","The combi pant Held GRIND convinces not only by her sportive, elegant appearance. The pant is also very functional designed concerning material- and safety-components. Besides breathable and warming inner lining (3D-fabric), the Held Grind is featured with leather-stretch inserts on the back, as well as with Schoeller®-KEPROTEC-stretch in step and calf.
Providing leather dubbling on the bottom, SAS-TEC 3-D protectors and Temperfoam® padding , the Held Grind is a great success concerning protection.

Inner lining

• 3D-fabrics (100% Polyester)

• breathable Mesh-inner lining (100% Polyester)

Comfort/Features

• 1 outside pocket

• Leather stretch inserts on the back

• 
Schoeller®-KEPROTEC-stretch in step and calf with zipper

• knee slider

Safety

• height-adjustive SAS-TEC 3-D protectors on knees, made of visco-elastic flexible foam, certificated by EN 1621-1

• detachable TEMPERFOAM pad in the hip

• hip protection retrofitable

• additional potection for the knees by hard shells

• safety stitiching

• connective zippers

• 
Leather doubling on the bottom for an optimal safety

• pocket for coccyx, for a later retrofit

• 
metal-connective zipper for more safety",70000,,2026-07-26,active,Held,7000,g,Buy Held Grind Leather Pants | Mile 27 Store,"The combi pant Held GRIND convinces not only by her sportive, elegant appearance. The pant is also very functional designed concerning material- and…",3D-fabrics (100% Polyester) | breathable Mesh-inner lining (100% Polyester) | 1 outside pocket | Leather stretch inserts on the back,Cleaned noise; brand verified,High,false,Riding Gear > Riding Pants > Leather Pants,High,"Refined by title keyword: ""\bleather\s+pants\b""",held-grind-leather-pants-1|Size:46:Colour:Black|price:70000.00|compare:|weight:7000|barcode:|qty:0 | held-grind-leather-pants-2|Size:46:Colour:Black/White|price:70000.00|compare:|weight:7000|barcode:|qty:0 | held-grind-leather-pants-3|Size:46:Colour:Black/Yellow|price:70000.00|compare:|weight:7000|barcode:|qty:0 | held-grind-leather-pants-4|Size:46:Colour:White/Black|price:70000.00|compare:|weight:7000|barcode:|qty:0 | held-grind-leather-pants-5|Size:46:Colour:White/Red|price:70000.00|compare:|weight:7000|barcode:|qty:0 | held-grind-leather-pants-6|Size:48:Colour:Black|price:70000.00|compare:|weight:7000|barcode:|qty:0 | held-grind-leather-pants-7|Size:48:Colour:Black/White|price:70000.00|compare:|weight:7000|barcode:|qty:0 | held-grind-leather-pants-8|Size:48:Colour:Black/Yellow|price:70000.00|compare:|weight:7000|barcode:|qty:0 | held-grind-leather-pants-9|Size:48:Colour:White/Black|price:70000.00|compare:|weight:7000|barcode:|qty:0 | held-grind-leather-pants-10|Size:48:Colour:White/Red|price:70000.00|compare:|weight:7000|barcode:|qty:0 | held-grind-leather-pants-11|Size:50:Colour:Black|price:70000.00|compare:|weight:7000|barcode:|qty:0 | held-grind-leather-pants-12|Size:50:Colour:Black/White|price:70000.00|compare:|weight:7000|barcode:|qty:0 | held-grind-leather-pants-13|Size:50:Colour:Black/Yellow|price:70000.00|compare:|weight:7000|barcode:|qty:0 | held-grind-leather-pants-14|Size:50:Colour:White/Black|price:70000.00|compare:|weight:7000|barcode:|qty:0 | held-grind-leather-pants-15|Size:50:Colour:White/Red|price:70000.00|compare:|weight:7000|barcode:|qty:0 | held-grind-leather-pants-16|Size:52:Colour:Black|price:70000.00|compare:|weight:7000|barcode:|qty:0 | held-grind-leather-pants-17|Size:52:Colour:Black/White|price:70000.00|compare:|weight:7000|barcode:|qty:0 | held-grind-leather-pants-18|Size:52:Colour:Black/Yellow|price:70000.00|compare:|weight:7000|barcode:|qty:0 | held-grind-leather-pants-19|Size:52:Colour:White/Black|price:70000.00|compare:|weight:7000|barcode:|qty:0 | held-grind-leather-pants-20|Size:52:Colour:White/Red|price:70000.00|compare:|weight:7000|barcode:|qty:0 | held-grind-leather-pants-21|Size:54:Colour:Black|price:70000.00|compare:|weight:7000|barcode:|qty:0 | held-grind-leather-pants-22|Size:54:Colour:Black/White|price:70000.00|compare:|weight:7000|barcode:|qty:0 | held-grind-leather-pants-23|Size:54:Colour:Black/Yellow|price:70000.00|compare:|weight:7000|barcode:|qty:0 | held-grind-leather-pants-24|Size:54:Colour:White/Black|price:70000.00|compare:|weight:7000|barcode:|qty:0 | held-grind-leather-pants-25|Size:54:Colour:White/Red|price:70000.00|compare:|weight:7000|barcode:|qty:0 | held-grind-leather-pants-26|Size:56:Colour:Black|price:70000.00|compare:|weight:7000|barcode:|qty:0 | held-grind-leather-pants-27|Size:56:Colour:Black/White|price:70000.00|compare:|weight:7000|barcode:|qty:0 | held-grind-leather-pants-28|Size:56:Colour:Black/Yellow|price:70000.00|compare:|weight:7000|barcode:|qty:0 | held-grind-leather-pants-29|Size:56:Colour:White/Black|price:70000.00|compare:|weight:7000|barcode:|qty:0 | held-grind-leather-pants-30|Size:56:Colour:White/Red|price:70000.00|compare:|weight:7000|barcode:|qty:0 | held-grind-leather-pants-31|Size:58:Colour:Black|price:70000.00|compare:|weight:7000|barcode:|qty:0 | held-grind-leather-pants-32|Size:58:Colour:Black/White|price:70000.00|compare:|weight:7000|barcode:|qty:0 | held-grind-leather-pants-33|Size:58:Colour:Black/Yellow|price:70000.00|compare:|weight:7000|barcode:|qty:0 | held-grind-leather-pants-34|Size:58:Colour:White/Black|price:70000.00|compare:|weight:7000|barcode:|qty:0 | held-grind-leather-pants-35|Size:58:Colour:White/Red|price:70000.00|compare:|weight:7000|barcode:|qty:0 | held-grind-leather-pants-36|Size:60:Colour:Black|price:70000.00|compare:|weight:7000|barcode:|qty:0 | held-grind-leather-pants-37|Size:60:Colour:Black/White|price:70000.00|compare:|weight:7000|barcode:|qty:0 | held-grind-leather-pants-38|Size:60:Colour:Black/Yellow|price:70000.00|compare:|weight:7000|barcode:|qty:0 | held-grind-leather-pants-39|Size:60:Colour:White/Black|price:70000.00|compare:|weight:7000|barcode:|qty:0 | held-grind-leather-pants-40|Size:60:Colour:White/Red|price:70000.00|compare:|weight:7000|barcode:|qty:0,"held-grind-leather-pants-1,held-grind-leather-pants-2,held-grind-leather-pants-3,held-grind-leather-pants-4,held-grind-leather-pants-5,held-grind-leather-pants-6,held-grind-leather-pants-7,held-grind-leather-pants-8,held-grind-leather-pants-9,held-grind-leather-pants-10,held-grind-leather-pants-11,held-grind-leather-pants-12,held-grind-leather-pants-13,held-grind-leather-pants-14,held-grind-leather-pants-15,held-grind-leather-pants-16,held-grind-leather-pants-17,held-grind-leather-pants-18,held-grind-leather-pants-19,held-grind-leather-pants-20,held-grind-leather-pants-21,held-grind-leather-pants-22,held-grind-leather-pants-23,held-grind-leather-pants-24,held-grind-leather-pants-25,held-grind-leather-pants-26,held-grind-leather-pants-27,held-grind-leather-pants-28,held-grind-leather-pants-29,held-grind-leather-pants-30,held-grind-leather-pants-31,held-grind-leather-pants-32,held-grind-leather-pants-33,held-grind-leather-pants-34,held-grind-leather-pants-35,held-grind-leather-pants-36,held-grind-leather-pants-37,held-grind-leather-pants-38,held-grind-leather-pants-39,held-grind-leather-pants-40",40,https://cdn.shopify.com/s/files/1/0076/8301/4754/products/Held-Grind-Lederhose-schwarz.jpg?v=1652699590|pos:1|alt:Held Held Grind Leather Pants – front view || https://cdn.shopify.com/s/files/1/0076/8301/4754/products/5150_14_x.jpg?v=1652699591|pos:2|alt:Held Held Grind Leather Pants – side view || https://cdn.shopify.com/s/files/1/0076/8301/4754/products/5150_14_rueckseite_x.jpg?v=1652699590|pos:3|alt:Held Held Grind Leather Pants – rear view || https://cdn.shopify.com/s/files/1/0076/8301/4754/products/Held-Grind-Lederhose.jpg?v=1652699591|pos:4|alt:Held Held Grind Leather Pants – detail view || https://cdn.shopify.com/s/files/1/0076/8301/4754/products/5150_87_x.jpg?v=1652699590|pos:5|alt:Held Held Grind Leather Pants – top view || https://cdn.shopify.com/s/files/1/0076/8301/4754/products/Held-Grind-Lederhose-weiss-rot.jpg?v=1652699591|pos:6|alt:Held Held Grind Leather Pants – product view,6,Held Held Grind Leather Pants – front view | Held Held Grind Leather Pants – side view | Held Held Grind Leather Pants – rear view | Held Held Grind Leather Pants – detail view | Held Held Grind Leather Pants – top view | Held Held Grind Leather Pants – product view,,0,Held Grind Leather Pants,"Held Grind Leather Pants. The combi pant Held GRIND convinces not only by her sportive, elegant appearance.",breathable Mesh-inner lining (100% Polyester). Leather stretch inserts on the back.,,3D-fabrics (100% Polyester). 1 outside pocket.,,Available in multiple sizes. Check the size guide before ordering.,Held Grind Leather Pants — a leather Pant built to the specifications listed above.,true,draft,https://cdn.shopify.com/s/files/1/0076/8301/4754/products/Held-Grind-Lederhose-schwarz.jpg?v=1652699590|role:hero || https://cdn.shopify.com/s/files/1/0076/8301/4754/products/5150_14_x.jpg?v=1652699591|role:construction detail || https://cdn.shopify.com/s/files/1/0076/8301/4754/products/5150_14_rueckseite_x.jpg?v=1652699590|role:side profile,3,false,/products/held-grind-leather-pants,/products/held-grind-leather-pants
held-takano-textile-leather-pants,held-takano-textile-leather-pants,Held Takano Textile/Leather Pants,Held Takano Textile/Leather Pants,held-takano-textile-leather-pants,Sport touring pants • Art. 6570. • breathable mesh lining (100% polyester). • 1 outside pocket. • Special stretch panels in crutch and calves. Available in multiple sizes and/or colours — select your variant.,"Sport touring pants<br>
<li>Art. 6570</li><br>
<b>Lining</b>
<ul>
<li>breathable mesh lining (100% polyester)</li>
</ul>
<b>Comfort / Features</b>
<ul>
<li>1 outside pocket</li>
<li>Special stretch panels in crutch and calves</li>
<li>Stretch panels at back and knees</li>
</ul>
<b>security</b>
<ul>
<li>Height adjustable soft protectors at knee, certified according to EN 1621-1</li>
<li>retrofit hip protectors certified to EN 1621-1</li>
<li>Pocket for tailbone protector, for retrofitting with 4t SAS-TEC ® 3D Protector from visco elastic foam Art. 9315</li>
<li>connecting zip</li>
</ul>
<b>color</b>
<ul>
<li>black and white 14</li>
</ul>","Sport touring pants

• Art. 6570

Lining

• breathable mesh lining (100% polyester)

Comfort / Features

• 1 outside pocket

• Special stretch panels in crutch and calves

• Stretch panels at back and knees

security

• Height adjustable soft protectors at knee, certified according to EN 1621-1

• retrofit hip protectors certified to EN 1621-1

• Pocket for tailbone protector, for retrofitting with 4t SAS-TEC ® 3D Protector from visco elastic foam Art. 9315

• connecting zip

color

• black and white 14",46000,,2026-07-26,active,Held,6000,g,Buy Held Takano Textile/Leather Pants | Mile 27 Store,Sport touring pants Art. 6570. breathable mesh lining (100% polyester). 1 outside pocket. Special stretch panels in crutch and calves.,Art. 6570 | breathable mesh lining (100% polyester) | 1 outside pocket | Special stretch panels in crutch and calves,Cleaned noise; brand verified,High,false,Riding Gear > Riding Pants > Leather Pants,High,"Refined by title keyword: ""\bleather\s+pants\b""",held-takano-textile-leather-pants-1|Size:48|price:46000.00|compare:|weight:6000|barcode:|qty:0 | held-takano-textile-leather-pants-2|Size:50|price:46000.00|compare:|weight:6000|barcode:|qty:0 | held-takano-textile-leather-pants-3|Size:52|price:46000.00|compare:|weight:6000|barcode:|qty:0 | held-takano-textile-leather-pants-4|Size:54|price:46000.00|compare:|weight:6000|barcode:|qty:0 | held-takano-textile-leather-pants-5|Size:56|price:46000.00|compare:|weight:6000|barcode:|qty:0 | held-takano-textile-leather-pants-6|Size:58|price:46000.00|compare:|weight:6000|barcode:|qty:0 | held-takano-textile-leather-pants-7|Size:60|price:46000.00|compare:|weight:6000|barcode:|qty:0 | held-takano-textile-leather-pants-8|Size:62|price:46000.00|compare:|weight:6000|barcode:|qty:0,"held-takano-textile-leather-pants-1,held-takano-textile-leather-pants-2,held-takano-textile-leather-pants-3,held-takano-textile-leather-pants-4,held-takano-textile-leather-pants-5,held-takano-textile-leather-pants-6,held-takano-textile-leather-pants-7,held-takano-textile-leather-pants-8",8,https://cdn.shopify.com/s/files/1/0076/8301/4754/products/held_takano_6570_black_white.jpg?v=1652698914|pos:1|alt:Held Held Takano Textile/Leather Pants – front view,1,Held Held Takano Textile/Leather Pants – front view,,0,Held Takano Textile/Leather Pants,Held Takano Textile/Leather Pants. Sport touring pants • Art. 6570.,breathable mesh lining (100% polyester).,,Art. 6570. 1 outside pocket. Special stretch panels in crutch and calves.,,Available in multiple sizes. Check the size guide before ordering.,Held Takano Textile/Leather Pants — a leather Pant built to the specifications listed above.,true,draft,https://cdn.shopify.com/s/files/1/0076/8301/4754/products/held_takano_6570_black_white.jpg?v=1652698914|role:hero,1,false,/products/held-takano-textile-leather-pants,/products/held-takano-textile-leather-pants
held-yagusa-two-piece-leather-suit,held-yagusa-two-piece-leather-suit,Held Yagusa Two Piece Leather Suit,Held Yagusa Two Piece Leather Suit,held-yagusa-two-piece-leather-suit,"Upper: 80% leather mix (60% cowhide / 40% kangaroo leather) [Contains non-textile parts of animal origin], 15% polyamide, 3% aramid, 2% polyurethane Lining: 64% polyester,… • Titanium protectors on shoulder, elbows and knees. • Safety seams. • SAS-TEC® tailbone protection. • SAS-TEC® back protector EN 1621-2. Available in multiple sizes and/or colours — select your variant.","<strong>Security</strong>
<ul>
<li>Titanium protectors on shoulder, elbows and knees</li>
<li>Safety seams</li>
<li>SAS-TEC® tailbone protection</li>
<li>SAS-TEC® back protector EN 1621-2</li>
<li>SAS-TEC® hip protectors EN 1621-1</li>
<li>SAS-TEC® 3-D protectors on shoulder and elbow made of visco-elastic soft foam EN 1621-1</li>
<li>Rib protector pocket for retrofitting. Metal connection zipper</li>
<li>Leather doubling on the buttocks</li>
<li>Velcro for retrofittable breast protector</li>
<li>Height-adjustable SAS-TEC® 3-D protectors on the knee, made of Visco-elastic soft foam EN 1621-1</li>
<li>Hard plastic reinforcement on the forearm ""engineered by Skill Skin track performance""</li>
<li>Aramid brand fiber stretch under the armpit, on the inner arm, in the crotch and calf</li>
</ul>
<strong>Comfort / features</strong>
<ul>
<li>Leather stretch inserts in the back, on the shoulder and above the knee</li>
<li>Kneesliders</li>
<li>Front zipper can also be used as an air vent</li>
<li>Aramid brand fiber stretch inserts under arm, crotch and popliteal</li>
<li>Cuffs made of stretch material</li>
<li>2 inside pockets</li>
</ul>
<strong>Lining</strong>
<ul>
<li>Breathable mesh lining</li>
<li>3D spacer fabric on the back</li>
</ul>
<strong>Material</strong>
<ul>
<li>Kangaroo leather and cowhide mix, kangaroo piece approx. 40%</li>
</ul>
<h3>ADDITIONAL PRODUCT INFORMATION</h3>
<div>
<table class=""UserAttributes"">
<tbody>
<tr>
<td class=""AttributeLabel VerticalAlignMiddle"">Material</td>
<td class=""AttributeContent"">Upper: 80% leather mix (60% cowhide / 40% kangaroo leather) [Contains non-textile parts of animal origin], 15% polyamide, 3% aramid, 2% polyurethane Lining: 64% polyester, 28% polyamide, 8% elastane</td>
</tr>
</tbody>
</table>
</div>","Security

• Titanium protectors on shoulder, elbows and knees

• Safety seams

• SAS-TEC® tailbone protection

• SAS-TEC® back protector EN 1621-2

• SAS-TEC® hip protectors EN 1621-1

• SAS-TEC® 3-D protectors on shoulder and elbow made of visco-elastic soft foam EN 1621-1

• Rib protector pocket for retrofitting. Metal connection zipper

• Leather doubling on the buttocks

• Velcro for retrofittable breast protector

• Height-adjustable SAS-TEC® 3-D protectors on the knee, made of Visco-elastic soft foam EN 1621-1

• Hard plastic reinforcement on the forearm ""engineered by Skill Skin track performance""

• Aramid brand fiber stretch under the armpit, on the inner arm, in the crotch and calf

Comfort / features

• Leather stretch inserts in the back, on the shoulder and above the knee

• Kneesliders

• Front zipper can also be used as an air vent

• Aramid brand fiber stretch inserts under arm, crotch and popliteal

• Cuffs made of stretch material

• 2 inside pockets

Lining

• Breathable mesh lining

• 3D spacer fabric on the back

Material

• Kangaroo leather and cowhide mix, kangaroo piece approx. 40%

ADDITIONAL PRODUCT INFORMATION

Material | 
Upper: 80% leather mix (60% cowhide / 40% kangaroo leather) [Contains non-textile parts of animal origin], 15% polyamide, 3% aramid, 2% polyurethane Lining: 64% polyester, 28% polyamide, 8% elastane |",150000,,2026-07-26,active,Held,12000,g,Buy Held Yagusa Two Piece Leather Suit | Mile 27 Store,"Upper: 80% leather mix (60% cowhide / 40% kangaroo leather) [Contains non-textile parts of animal origin], 15% polyamide, 3% aramid, 2% polyurethane…","Titanium protectors on shoulder, elbows and knees | Safety seams | SAS-TEC® tailbone protection | SAS-TEC® back protector EN 1621-2",Cleaned noise; brand verified,High,false,Riding Gear > Racing Suits > One-Piece Racing Suits,High,"Refined by title keyword: ""\b(leather\s+(suit|racing\s+suit))\b""",held-yagusa-two-piece-leather-suit-1|Size:48:Colour:Black|price:150000.00|compare:|weight:12000|barcode:|qty:0 | held-yagusa-two-piece-leather-suit-2|Size:48:Colour:Black/White|price:150000.00|compare:|weight:12000|barcode:|qty:0 | held-yagusa-two-piece-leather-suit-3|Size:48:Colour:Black/Red|price:150000.00|compare:|weight:12000|barcode:|qty:0 | held-yagusa-two-piece-leather-suit-4|Size:50:Colour:Black|price:150000.00|compare:|weight:12000|barcode:|qty:0 | held-yagusa-two-piece-leather-suit-5|Size:50:Colour:Black/White|price:150000.00|compare:|weight:12000|barcode:|qty:0 | held-yagusa-two-piece-leather-suit-6|Size:50:Colour:Black/Red|price:150000.00|compare:|weight:12000|barcode:|qty:0 | held-yagusa-two-piece-leather-suit-7|Size:52:Colour:Black|price:150000.00|compare:|weight:12000|barcode:|qty:0 | held-yagusa-two-piece-leather-suit-8|Size:52:Colour:Black/White|price:150000.00|compare:|weight:12000|barcode:|qty:0 | held-yagusa-two-piece-leather-suit-9|Size:52:Colour:Black/Red|price:150000.00|compare:|weight:12000|barcode:|qty:0 | held-yagusa-two-piece-leather-suit-10|Size:54:Colour:Black|price:150000.00|compare:|weight:12000|barcode:|qty:0 | held-yagusa-two-piece-leather-suit-11|Size:54:Colour:Black/White|price:150000.00|compare:|weight:12000|barcode:|qty:0 | held-yagusa-two-piece-leather-suit-12|Size:54:Colour:Black/Red|price:150000.00|compare:|weight:12000|barcode:|qty:0 | held-yagusa-two-piece-leather-suit-13|Size:56:Colour:Black|price:150000.00|compare:|weight:12000|barcode:|qty:0 | held-yagusa-two-piece-leather-suit-14|Size:56:Colour:Black/White|price:150000.00|compare:|weight:12000|barcode:|qty:0 | held-yagusa-two-piece-leather-suit-15|Size:56:Colour:Black/Red|price:150000.00|compare:|weight:12000|barcode:|qty:0 | held-yagusa-two-piece-leather-suit-16|Size:58:Colour:Black|price:150000.00|compare:|weight:12000|barcode:|qty:0 | held-yagusa-two-piece-leather-suit-17|Size:58:Colour:Black/White|price:150000.00|compare:|weight:12000|barcode:|qty:0 | held-yagusa-two-piece-leather-suit-18|Size:58:Colour:Black/Red|price:150000.00|compare:|weight:12000|barcode:|qty:0 | held-yagusa-two-piece-leather-suit-19|Size:60:Colour:Black|price:150000.00|compare:|weight:12000|barcode:|qty:0 | held-yagusa-two-piece-leather-suit-20|Size:60:Colour:Black/White|price:150000.00|compare:|weight:12000|barcode:|qty:0 | held-yagusa-two-piece-leather-suit-21|Size:60:Colour:Black/Red|price:150000.00|compare:|weight:12000|barcode:|qty:0,"held-yagusa-two-piece-leather-suit-1,held-yagusa-two-piece-leather-suit-2,held-yagusa-two-piece-leather-suit-3,held-yagusa-two-piece-leather-suit-4,held-yagusa-two-piece-leather-suit-5,held-yagusa-two-piece-leather-suit-6,held-yagusa-two-piece-leather-suit-7,held-yagusa-two-piece-leather-suit-8,held-yagusa-two-piece-leather-suit-9,held-yagusa-two-piece-leather-suit-10,held-yagusa-two-piece-leather-suit-11,held-yagusa-two-piece-leather-suit-12,held-yagusa-two-piece-leather-suit-13,held-yagusa-two-piece-leather-suit-14,held-yagusa-two-piece-leather-suit-15,held-yagusa-two-piece-leather-suit-16,held-yagusa-two-piece-leather-suit-17,held-yagusa-two-piece-leather-suit-18,held-yagusa-two-piece-leather-suit-19,held-yagusa-two-piece-leather-suit-20,held-yagusa-two-piece-leather-suit-21",21,https://cdn.shopify.com/s/files/1/0076/8301/4754/products/005413-00-1-01.jpg?v=1652698538|pos:1|alt:Held Held Yagusa Two Piece Leather Suit – front view || https://cdn.shopify.com/s/files/1/0076/8301/4754/products/005413-00-14-01.jpg?v=1652698538|pos:2|alt:Held Held Yagusa Two Piece Leather Suit – side view || https://cdn.shopify.com/s/files/1/0076/8301/4754/products/005413-00-2-01.jpg?v=1652698539|pos:3|alt:Held Held Yagusa Two Piece Leather Suit – rear view,3,Held Held Yagusa Two Piece Leather Suit – front view | Held Held Yagusa Two Piece Leather Suit – side view | Held Held Yagusa Two Piece Leather Suit – rear view,,0,Held Yagusa Two Piece Leather Suit,"Held Yagusa Two Piece Leather Suit. Upper: 80% leather mix (60% cowhide / 40% kangaroo leather) [Contains non-textile parts of animal origin], 15% polyamide, 3% aramid, 2% polyurethane.","Titanium protectors on shoulder, elbows and knees.",,Safety seams. SAS-TEC® tailbone protection. SAS-TEC® back protector EN 1621-2.,,Available in multiple sizes. Check the size guide before ordering.,Held Yagusa Two Piece Leather Suit — an one-Piece Racing Suit built to the specifications listed above.,true,draft,https://cdn.shopify.com/s/files/1/0076/8301/4754/products/005413-00-1-01.jpg?v=1652698538|role:hero || https://cdn.shopify.com/s/files/1/0076/8301/4754/products/005413-00-14-01.jpg?v=1652698538|role:construction detail || https://cdn.shopify.com/s/files/1/0076/8301/4754/products/005413-00-2-01.jpg?v=1652698539|role:side profile,3,false,/products/held-yagusa-two-piece-leather-suit,/products/held-yagusa-two-piece-leather-suit
held-terence-shoes,held-terence-shoes,Held Terence Shoes,Held Terence Shoes,held-terence-shoes,"Protection • ankle protection. • certified under norm EN 13634:2015 ""protected boots for motorcyclists"". • anti-slip sole. • easy entry via zip. Available in multiple sizes and/or colours — select your variant.","<strong>Protection</strong>
<ul>
<li>ankle protection</li>
<li>certified under norm EN 13634:2015 ""protected boots for motorcyclists""</li>
</ul>
<strong>Fit/features</strong>
<ul>
<li>anti-slip sole</li>
<li>easy entry via zip</li>
<li>distressed vintage look</li>
</ul>
<strong>Lining</strong>
<ul>
<li>soft polyester lining</li>
</ul>
<strong>Outer shell</strong>
<ul>
<li>Armalith® Denim material</li>
</ul>","Protection

• ankle protection

• certified under norm EN 13634:2015 ""protected boots for motorcyclists""

Fit/features

• anti-slip sole

• easy entry via zip

• distressed vintage look

Lining

• soft polyester lining

Outer shell

• Armalith® Denim material",13000,,2026-07-26,active,Held,5000,g,Buy Held Terence Shoes | Mile 27 Store,"Protection ankle protection. certified under norm EN 13634:2015 ""protected boots for motorcyclists"". anti-slip sole. easy entry via zip.","ankle protection | certified under norm EN 13634:2015 ""protected boots for motorcyclists"" | anti-slip sole | easy entry via zip",Cleaned noise; brand verified,High,false,Riding Gear > Riding Boots,High,"Mapped from Shopify Type ""Riding Boots""",held-terence-shoes-1|Size:37:Colour:Black|price:13000.00|compare:|weight:5000|barcode:|qty:0 | held-terence-shoes-2|Size:37:Colour:Blue|price:13000.00|compare:|weight:5000|barcode:|qty:0 | held-terence-shoes-3|Size:38:Colour:Black|price:13000.00|compare:|weight:5000|barcode:|qty:0 | held-terence-shoes-4|Size:38:Colour:Blue|price:13000.00|compare:|weight:5000|barcode:|qty:0 | held-terence-shoes-5|Size:39:Colour:Black|price:13000.00|compare:|weight:5000|barcode:|qty:0 | held-terence-shoes-6|Size:39:Colour:Blue|price:13000.00|compare:|weight:5000|barcode:|qty:0 | held-terence-shoes-7|Size:40:Colour:Black|price:13000.00|compare:|weight:5000|barcode:|qty:0 | held-terence-shoes-8|Size:40:Colour:Blue|price:13000.00|compare:|weight:5000|barcode:|qty:0 | held-terence-shoes-9|Size:41:Colour:Black|price:13000.00|compare:|weight:5000|barcode:|qty:0 | held-terence-shoes-10|Size:41:Colour:Blue|price:13000.00|compare:|weight:5000|barcode:|qty:0 | held-terence-shoes-11|Size:42:Colour:Black|price:13000.00|compare:|weight:5000|barcode:|qty:0 | held-terence-shoes-12|Size:42:Colour:Blue|price:13000.00|compare:|weight:5000|barcode:|qty:0 | held-terence-shoes-13|Size:43:Colour:Black|price:13000.00|compare:|weight:5000|barcode:|qty:0 | held-terence-shoes-14|Size:43:Colour:Blue|price:13000.00|compare:|weight:5000|barcode:|qty:0 | held-terence-shoes-15|Size:44:Colour:Black|price:13000.00|compare:|weight:5000|barcode:|qty:0 | held-terence-shoes-16|Size:44:Colour:Blue|price:13000.00|compare:|weight:5000|barcode:|qty:0 | held-terence-shoes-17|Size:45:Colour:Black|price:13000.00|compare:|weight:5000|barcode:|qty:0 | held-terence-shoes-18|Size:45:Colour:Blue|price:13000.00|compare:|weight:5000|barcode:|qty:0 | held-terence-shoes-19|Size:46:Colour:Black|price:13000.00|compare:|weight:5000|barcode:|qty:0 | held-terence-shoes-20|Size:46:Colour:Blue|price:13000.00|compare:|weight:5000|barcode:|qty:0 | held-terence-shoes-21|Size:47:Colour:Black|price:13000.00|compare:|weight:5000|barcode:|qty:0 | held-terence-shoes-22|Size:47:Colour:Blue|price:13000.00|compare:|weight:5000|barcode:|qty:0,"held-terence-shoes-1,held-terence-shoes-2,held-terence-shoes-3,held-terence-shoes-4,held-terence-shoes-5,held-terence-shoes-6,held-terence-shoes-7,held-terence-shoes-8,held-terence-shoes-9,held-terence-shoes-10,held-terence-shoes-11,held-terence-shoes-12,held-terence-shoes-13,held-terence-shoes-14,held-terence-shoes-15,held-terence-shoes-16,held-terence-shoes-17,held-terence-shoes-18,held-terence-shoes-19,held-terence-shoes-20,held-terence-shoes-21,held-terence-shoes-22",22,https://cdn.shopify.com/s/files/1/0076/8301/4754/products/008814-00-001-01.jpg?v=1648032993|pos:1|alt:Held Held Terence Shoes – front view || https://cdn.shopify.com/s/files/1/0076/8301/4754/products/held-terence-back_04.jpg?v=1648033063|pos:2|alt:Held Held Terence Shoes – side view || https://cdn.shopify.com/s/files/1/0076/8301/4754/products/held-terence-back_05.jpg?v=1648033063|pos:3|alt:Held Held Terence Shoes – rear view || https://cdn.shopify.com/s/files/1/0076/8301/4754/products/held-terence-back_06.jpg?v=1648033063|pos:4|alt:Held Held Terence Shoes – detail view || https://cdn.shopify.com/s/files/1/0076/8301/4754/products/x02x00881400001.jpg?v=1648033063|pos:5|alt:Held Held Terence Shoes – top view || https://cdn.shopify.com/s/files/1/0076/8301/4754/products/008814-00-040-01.jpg?v=1648033063|pos:6|alt:Held Held Terence Shoes – product view || https://cdn.shopify.com/s/files/1/0076/8301/4754/products/x02x00881400040.jpg?v=1648033063|pos:7|alt:Held Held Terence Shoes – product view || https://cdn.shopify.com/s/files/1/0076/8301/4754/products/held_terence_blue_04.jpg?v=1648033063|pos:8|alt:Held Held Terence Shoes – product view || https://cdn.shopify.com/s/files/1/0076/8301/4754/products/held_terence_blue_06.jpg?v=1648033063|pos:9|alt:Held Held Terence Shoes – product view,9,Held Held Terence Shoes – front view | Held Held Terence Shoes – side view | Held Held Terence Shoes – rear view | Held Held Terence Shoes – detail view | Held Held Terence Shoes – top view | Held Held Terence Shoes – product view,,0,Held Terence Shoes,Held Terence Shoes. Protection • ankle protection.,,,"ankle protection. certified under norm EN 13634:2015 ""protected boots for motorcyclists"". anti-slip sole. easy entry via zip.",,Available in multiple sizes. Check the size guide before ordering.,Held Terence Shoes — a riding Boot built to the specifications listed above.,true,draft,https://cdn.shopify.com/s/files/1/0076/8301/4754/products/008814-00-001-01.jpg?v=1648032993|role:hero || https://cdn.shopify.com/s/files/1/0076/8301/4754/products/held-terence-back_04.jpg?v=1648033063|role:construction detail || https://cdn.shopify.com/s/files/1/0076/8301/4754/products/held-terence-back_05.jpg?v=1648033063|role:side profile,3,false,/products/held-terence-shoes,/products/held-terence-shoes
held-aaron-brown-boots,held-aaron-brown-boots,Held Aaron Brown Shoes,Held Aaron Brown Shoes,held-aaron-brown-boots,Outer Shell: • Cowhide. • Certified Under Norm EN 13634:2015 “Protected Boots For Motorcyclists”. • Detachable Ankle Protector. • Reinforced Heel For Improved Grip. Available in multiple sizes and/or colours — select your variant.,"<strong>Outer Shell:</strong>
<ul>
<li>Cowhide</li>
</ul>
<strong>Protection:</strong>
<ul>
<li>Certified Under Norm EN 13634:2015 “Protected Boots For Motorcyclists”</li>
<li>Detachable Ankle Protector</li>
<li>Reinforced Heel For Improved Grip</li>
</ul>
<strong>Features:</strong>
<ul>
<li>Easy Entry Via Zip</li>
<li>Anti-Slip Sole</li>
</ul>
<strong>Lining:</strong>
<ul>
<li>Soft Polyester Lining</li>
</ul>","Outer Shell:

• Cowhide

Protection:

• Certified Under Norm EN 13634:2015 “Protected Boots For Motorcyclists”

• Detachable Ankle Protector

• Reinforced Heel For Improved Grip

Features:

• Easy Entry Via Zip

• Anti-Slip Sole

Lining:

• Soft Polyester Lining",14200,,2026-07-26,active,Held,4000,g,Buy Held Aaron Brown Shoes | Mile 27 Store,Outer Shell: Cowhide. Certified Under Norm EN 13634:2015 “Protected Boots For Motorcyclists”. Detachable Ankle Protector. Reinforced Heel For Improved…,Cowhide | Certified Under Norm EN 13634:2015 “Protected Boots For Motorcyclists” | Detachable Ankle Protector | Reinforced Heel For Improved Grip,Cleaned noise; brand verified,High,false,Riding Gear > Riding Boots,High,"Mapped from Shopify Type ""Riding Boots""",held-aaron-brown-boots-1|Size:37|price:14200.00|compare:|weight:4000|barcode:|qty:0 | held-aaron-brown-boots-2|Size:38|price:14200.00|compare:|weight:4000|barcode:|qty:0 | held-aaron-brown-boots-3|Size:39|price:14200.00|compare:|weight:4000|barcode:|qty:0 | held-aaron-brown-boots-4|Size:40|price:14200.00|compare:|weight:4000|barcode:|qty:0 | held-aaron-brown-boots-5|Size:41|price:14200.00|compare:|weight:4000|barcode:|qty:0 | held-aaron-brown-boots-6|Size:42|price:14200.00|compare:|weight:4000|barcode:|qty:0 | held-aaron-brown-boots-7|Size:43|price:14200.00|compare:|weight:4000|barcode:|qty:0 | held-aaron-brown-boots-8|Size:44|price:14200.00|compare:|weight:4000|barcode:|qty:0 | held-aaron-brown-boots-9|Size:45|price:14200.00|compare:|weight:4000|barcode:|qty:0 | held-aaron-brown-boots-10|Size:46|price:14200.00|compare:|weight:4000|barcode:|qty:0 | held-aaron-brown-boots-11|Size:47|price:14200.00|compare:|weight:4000|barcode:|qty:0,"held-aaron-brown-boots-1,held-aaron-brown-boots-2,held-aaron-brown-boots-3,held-aaron-brown-boots-4,held-aaron-brown-boots-5,held-aaron-brown-boots-6,held-aaron-brown-boots-7,held-aaron-brown-boots-8,held-aaron-brown-boots-9,held-aaron-brown-boots-10,held-aaron-brown-boots-11",11,https://cdn.shopify.com/s/files/1/0076/8301/4754/products/8710_52_x_1_1.jpg?v=1648032639|pos:1|alt:Held Held Aaron Brown Shoes – front view || https://cdn.shopify.com/s/files/1/0076/8301/4754/products/8710_52_x_2.jpg?v=1648032639|pos:2|alt:Held Held Aaron Brown Shoes – side view,2,Held Held Aaron Brown Shoes – front view | Held Held Aaron Brown Shoes – side view,,0,Held Aaron Brown Shoes,Held Aaron Brown Shoes. Outer Shell: • Cowhide.,,,Cowhide. Certified Under Norm EN 13634:2015 “Protected Boots For Motorcyclists”. Detachable Ankle Protector. Reinforced Heel For Improved Grip.,,Available in multiple sizes. Check the size guide before ordering.,Held Aaron Brown Shoes — a riding Boot built to the specifications listed above.,true,draft,https://cdn.shopify.com/s/files/1/0076/8301/4754/products/8710_52_x_1_1.jpg?v=1648032639|role:hero || https://cdn.shopify.com/s/files/1/0076/8301/4754/products/8710_52_x_2.jpg?v=1648032639|role:construction detail,2,false,/products/held-aaron-brown-boots,/products/held-aaron-brown-boots
held-nashville-boots,held-nashville-boots,Held Nashville Boots,Held Nashville Boots,held-nashville-boots,Outer shell • Cowhide. • Soft polyester lining. • Easy entry via zip. • Anti-slip sole. Available in multiple sizes and/or colours — select your variant.,"<strong>Outer shell</strong>
<ul>
<li>Cowhide</li>
</ul>
<strong>Lining</strong>
<ul>
<li>Soft polyester lining</li>
</ul>
<strong>Fit/features</strong>
<ul>
<li>Easy entry via zip</li>
<li>Anti-slip sole</li>
</ul>
<strong>Protection</strong>
<ul>
<li>Certified under norm EN 13634:2015 ""protected boots for motorcyclists""</li>
<li>Ankle protection</li>
<li>Reinforced heel for improved grip</li>
</ul>
<strong>Boot Height (for size 43)</strong>
<ul>
<li>20 cm</li>
</ul>","Outer shell

• Cowhide

Lining

• Soft polyester lining

Fit/features

• Easy entry via zip

• Anti-slip sole

Protection

• Certified under norm EN 13634:2015 ""protected boots for motorcyclists""

• Ankle protection

• Reinforced heel for improved grip

Boot Height (for size 43)

• 20 cm",9900,,2026-07-26,active,Held,5000,g,Buy Held Nashville Boots | Mile 27 Store,Outer shell Cowhide. Soft polyester lining. Easy entry via zip. Anti-slip sole.,Cowhide | Soft polyester lining | Easy entry via zip | Anti-slip sole,Cleaned noise; brand verified,High,false,Riding Gear > Riding Boots,High,"Mapped from Shopify Type ""Riding Boots""",held-nashville-boots-1|Size:37:Colour:Black|price:9900.00|compare:|weight:5000|barcode:|qty:0 | held-nashville-boots-2|Size:37:Colour:Brown|price:9900.00|compare:|weight:5000|barcode:|qty:0 | held-nashville-boots-3|Size:38:Colour:Black|price:9900.00|compare:|weight:5000|barcode:|qty:0 | held-nashville-boots-4|Size:38:Colour:Brown|price:9900.00|compare:|weight:5000|barcode:|qty:0 | held-nashville-boots-5|Size:39:Colour:Black|price:9900.00|compare:|weight:5000|barcode:|qty:0 | held-nashville-boots-6|Size:39:Colour:Brown|price:9900.00|compare:|weight:5000|barcode:|qty:0 | held-nashville-boots-7|Size:40:Colour:Black|price:9900.00|compare:|weight:5000|barcode:|qty:0 | held-nashville-boots-8|Size:40:Colour:Brown|price:9900.00|compare:|weight:5000|barcode:|qty:0 | held-nashville-boots-9|Size:41:Colour:Black|price:9900.00|compare:|weight:5000|barcode:|qty:0 | held-nashville-boots-10|Size:41:Colour:Brown|price:9900.00|compare:|weight:5000|barcode:|qty:0 | held-nashville-boots-11|Size:42:Colour:Black|price:9900.00|compare:|weight:5000|barcode:|qty:0 | held-nashville-boots-12|Size:42:Colour:Brown|price:9900.00|compare:|weight:5000|barcode:|qty:0 | held-nashville-boots-13|Size:43:Colour:Black|price:9900.00|compare:|weight:5000|barcode:|qty:0 | held-nashville-boots-14|Size:43:Colour:Brown|price:9900.00|compare:|weight:5000|barcode:|qty:0 | held-nashville-boots-15|Size:44:Colour:Black|price:9900.00|compare:|weight:5000|barcode:|qty:0 | held-nashville-boots-16|Size:44:Colour:Brown|price:9900.00|compare:|weight:5000|barcode:|qty:0 | held-nashville-boots-17|Size:45:Colour:Black|price:9900.00|compare:|weight:5000|barcode:|qty:0 | held-nashville-boots-18|Size:45:Colour:Brown|price:9900.00|compare:|weight:5000|barcode:|qty:0 | held-nashville-boots-19|Size:46:Colour:Black|price:9900.00|compare:|weight:5000|barcode:|qty:0 | held-nashville-boots-20|Size:46:Colour:Brown|price:9900.00|compare:|weight:5000|barcode:|qty:0 | held-nashville-boots-21|Size:47:Colour:Black|price:9900.00|compare:|weight:5000|barcode:|qty:0 | held-nashville-boots-22|Size:47:Colour:Brown|price:9900.00|compare:|weight:5000|barcode:|qty:0,"held-nashville-boots-1,held-nashville-boots-2,held-nashville-boots-3,held-nashville-boots-4,held-nashville-boots-5,held-nashville-boots-6,held-nashville-boots-7,held-nashville-boots-8,held-nashville-boots-9,held-nashville-boots-10,held-nashville-boots-11,held-nashville-boots-12,held-nashville-boots-13,held-nashville-boots-14,held-nashville-boots-15,held-nashville-boots-16,held-nashville-boots-17,held-nashville-boots-18,held-nashville-boots-19,held-nashville-boots-20,held-nashville-boots-21,held-nashville-boots-22",22,https://cdn.shopify.com/s/files/1/0076/8301/4754/products/8700_01_x.jpg?v=1648031584|pos:1|alt:Held Held Nashville Boots – front view || https://cdn.shopify.com/s/files/1/0076/8301/4754/products/8700_52_x_1.jpg?v=1648031582|pos:2|alt:Held Held Nashville Boots – side view,2,Held Held Nashville Boots – front view | Held Held Nashville Boots – side view,,0,Held Nashville Boots,Held Nashville Boots. Outer shell • Cowhide.,,,Cowhide. Soft polyester lining. Easy entry via zip. Anti-slip sole.,,Available in multiple sizes. Check the size guide before ordering.,Held Nashville Boots — a riding Boot built to the specifications listed above.,true,draft,https://cdn.shopify.com/s/files/1/0076/8301/4754/products/8700_01_x.jpg?v=1648031584|role:hero || https://cdn.shopify.com/s/files/1/0076/8301/4754/products/8700_52_x_1.jpg?v=1648031582|role:construction detail,2,false,/products/held-nashville-boots,/products/held-nashville-boots
held-alserio-gtx-black-boots,held-alserio-gtx-black-boots,Held Alserio GTX Black Boots,Held Alserio GTX Black Boots,held-alserio-gtx-black-boots,Held Annone GTX Motorcycle Boots • Touring boot. • Full-grain cowhide. • Soft polyester lining. • GORE-TEX® Membrane (ePTFE). Available in multiple sizes and/or colours — select your variant.,"<strong>Held Annone GTX Motorcycle Boots</strong>
<strong>Features:</strong>
<ul>
<li>Touring boot</li>
<li>Full-grain cowhide</li>
<li>Soft polyester lining</li>
<li>GORE-TEX® Membrane (ePTFE)</li>
<li>Easy-on front opening</li>
<li>Velcro adjustment at calves</li>
<li>Gear-shift pad</li>
<li>Inner boot</li>
<li>Heel reinforcement</li>
<li>Anti-slip sole from Vibram</li>
</ul>
<strong>Specifications:</strong>
<u>Protection:</u>
<ul>
<li>Safety tested according to EN 13634:2015 ""protected boots for motorcyclists""</li>
<li>Fibreglass shin protector</li>
<li>Fibreglass ankle protection</li>
<li>Reflective sections</li>
</ul>","Held Annone GTX Motorcycle Boots
Features:

• Touring boot

• Full-grain cowhide

• Soft polyester lining

• GORE-TEX® Membrane (ePTFE)

• Easy-on front opening

• Velcro adjustment at calves

• Gear-shift pad

• Inner boot

• Heel reinforcement

• Anti-slip sole from Vibram

Specifications:
Protection:

• Safety tested according to EN 13634:2015 ""protected boots for motorcyclists""

• Fibreglass shin protector

• Fibreglass ankle protection

• Reflective sections",28400,,2026-07-26,active,Held,5000,g,Buy Held Alserio GTX Black Boots | Mile 27 Store,Held Annone GTX Motorcycle Boots Touring boot. Full-grain cowhide. Soft polyester lining. GORE-TEX® Membrane (ePTFE).,Touring boot | Full-grain cowhide | Soft polyester lining | GORE-TEX® Membrane (ePTFE),Cleaned noise; brand verified,High,false,Riding Gear > Riding Boots,High,"Mapped from Shopify Type ""Riding Boots""",held-alserio-gtx-black-boots-1|Size:37|price:28400.00|compare:|weight:5000|barcode:|qty:0 | held-alserio-gtx-black-boots-2|Size:38|price:28400.00|compare:|weight:5000|barcode:|qty:0 | held-alserio-gtx-black-boots-3|Size:39|price:28400.00|compare:|weight:5000|barcode:|qty:0 | held-alserio-gtx-black-boots-4|Size:40|price:28400.00|compare:|weight:5000|barcode:|qty:0 | held-alserio-gtx-black-boots-5|Size:41|price:28400.00|compare:|weight:5000|barcode:|qty:0 | held-alserio-gtx-black-boots-6|Size:42|price:28400.00|compare:|weight:5000|barcode:|qty:0 | held-alserio-gtx-black-boots-7|Size:43|price:28400.00|compare:|weight:5000|barcode:|qty:0 | held-alserio-gtx-black-boots-8|Size:44|price:28400.00|compare:|weight:5000|barcode:|qty:0 | held-alserio-gtx-black-boots-9|Size:45|price:28400.00|compare:|weight:5000|barcode:|qty:0 | held-alserio-gtx-black-boots-10|Size:46|price:28400.00|compare:|weight:5000|barcode:|qty:0 | held-alserio-gtx-black-boots-11|Size:47|price:28400.00|compare:|weight:5000|barcode:|qty:0 | held-alserio-gtx-black-boots-12|Size:48|price:28400.00|compare:|weight:5000|barcode:|qty:0 | held-alserio-gtx-black-boots-13|Size:49|price:28400.00|compare:|weight:5000|barcode:|qty:0 | held-alserio-gtx-black-boots-14|Size:50|price:28400.00|compare:|weight:5000|barcode:|qty:0,"held-alserio-gtx-black-boots-1,held-alserio-gtx-black-boots-2,held-alserio-gtx-black-boots-3,held-alserio-gtx-black-boots-4,held-alserio-gtx-black-boots-5,held-alserio-gtx-black-boots-6,held-alserio-gtx-black-boots-7,held-alserio-gtx-black-boots-8,held-alserio-gtx-black-boots-9,held-alserio-gtx-black-boots-10,held-alserio-gtx-black-boots-11,held-alserio-gtx-black-boots-12,held-alserio-gtx-black-boots-13,held-alserio-gtx-black-boots-14",14,https://cdn.shopify.com/s/files/1/0076/8301/4754/products/082041-00-001-01.jpg?v=1648031206|pos:1|alt:Held Held Alserio GTX Black Boots – front view || https://cdn.shopify.com/s/files/1/0076/8301/4754/products/082041-00-001-02.jpg?v=1648031206|pos:2|alt:Held Held Alserio GTX Black Boots – side view,2,Held Held Alserio GTX Black Boots – front view | Held Held Alserio GTX Black Boots – side view,,0,Held Alserio GTX Black Boots,Held Alserio GTX Black Boots. Held Annone GTX Motorcycle Boots • Touring boot.,,,Touring boot. Full-grain cowhide. Soft polyester lining. GORE-TEX® Membrane (ePTFE).,,Available in multiple sizes. Check the size guide before ordering.,Held Alserio GTX Black Boots — a riding Boot built to the specifications listed above.,true,draft,https://cdn.shopify.com/s/files/1/0076/8301/4754/products/082041-00-001-01.jpg?v=1648031206|role:hero || https://cdn.shopify.com/s/files/1/0076/8301/4754/products/082041-00-001-02.jpg?v=1648031206|role:construction detail,2,false,/products/held-alserio-gtx-black-boots,/products/held-alserio-gtx-black-boots
held-saxton-brown-boots,held-saxton-brown-boots,Held Saxton Brown Boots,Held Saxton Brown Boots,held-saxton-brown-boots,"Held Saxton are urban motorcycle boots that are perfect for city motorcycle trips. Flexible and durable, thanks to the use of a material in the… Available in multiple sizes and/or colours — select your variant.","Held Saxton are urban motorcycle boots that are perfect for city motorcycle trips. Flexible and durable, thanks to the use of a material in the form of cowhide. The Gore-Tex membrane makes the shoes waterproof and windproof. The sole of the shoe is made of a special rubber from the company Vibram, which specializes in the development of the sole of shoes. These soles are often used, among others in footwear intended for soldiers. Fiberglass ankle protectors and protection under the gear lever ensure a high level of safety. The shoes have a CE certificate, which confirms that the shoes are protective clothing for motorcyclists. The zipper makes it easier to put on and take off the shoes.<br><br>
<h3>Product Features:</h3>
<strong>Outer shell</strong>
» full-grain cowhide<br>
<strong>Lining</strong>
» soft polyester lining<br>
<strong>Membrane</strong>
» GORE-TEX® Membrane (ePTFE)<br>
<strong>Fit/features</strong>
» easy entry via zip<br>
» gear-shift pad<br>
» anti-slip sole from Vibram<br><br>
<strong>Protection<br></strong><br>
» certified under norm EN 13634:2017 „protective boots <br>for<br>motorcyclists""
» Fibreglass ankle protection","Held Saxton are urban motorcycle boots that are perfect for city motorcycle trips. Flexible and durable, thanks to the use of a material in the form of cowhide. The Gore-Tex membrane makes the shoes waterproof and windproof. The sole of the shoe is made of a special rubber from the company Vibram, which specializes in the development of the sole of shoes. These soles are often used, among others in footwear intended for soldiers. Fiberglass ankle protectors and protection under the gear lever ensure a high level of safety. The shoes have a CE certificate, which confirms that the shoes are protective clothing for motorcyclists. The zipper makes it easier to put on and take off the shoes.

Product Features:

Outer shell
» full-grain cowhide

Lining
» soft polyester lining

Membrane
» GORE-TEX® Membrane (ePTFE)

Fit/features
» easy entry via zip

» gear-shift pad

» anti-slip sole from Vibram

Protection

» certified under norm EN 13634:2017 „protective boots 
for
motorcyclists""
» Fibreglass ankle protection",28400,,2026-07-26,active,Held,4000,g,Buy Held Saxton Brown Boots | Mile 27 Store,"Held Saxton are urban motorcycle boots that are perfect for city motorcycle trips. Flexible and durable, thanks to the use of a material in the…",,Cleaned noise; brand verified,High,false,Riding Gear > Riding Boots,High,"Mapped from Shopify Type ""Riding Boots""",held-saxton-brown-boots-1|Size:40|price:28400.00|compare:|weight:4000|barcode:|qty:0 | held-saxton-brown-boots-2|Size:41|price:28400.00|compare:|weight:4000|barcode:|qty:0 | held-saxton-brown-boots-3|Size:42|price:28400.00|compare:|weight:4000|barcode:|qty:0 | held-saxton-brown-boots-4|Size:43|price:28400.00|compare:|weight:4000|barcode:|qty:0 | held-saxton-brown-boots-5|Size:44|price:28400.00|compare:|weight:4000|barcode:|qty:0 | held-saxton-brown-boots-6|Size:45|price:28400.00|compare:|weight:4000|barcode:|qty:0 | held-saxton-brown-boots-7|Size:46|price:28400.00|compare:|weight:4000|barcode:|qty:0 | held-saxton-brown-boots-8|Size:47|price:28400.00|compare:|weight:4000|barcode:|qty:0,"held-saxton-brown-boots-1,held-saxton-brown-boots-2,held-saxton-brown-boots-3,held-saxton-brown-boots-4,held-saxton-brown-boots-5,held-saxton-brown-boots-6,held-saxton-brown-boots-7,held-saxton-brown-boots-8",8,https://cdn.shopify.com/s/files/1/0076/8301/4754/products/082160000524qe1ly6ytg1k4.jpg?v=1648023690|pos:1|alt:Held Held Saxton Brown Boots – front view || https://cdn.shopify.com/s/files/1/0076/8301/4754/products/08216000052avlao5pn12w4b.jpg?v=1648023690|pos:2|alt:Held Held Saxton Brown Boots – side view,2,Held Held Saxton Brown Boots – front view | Held Held Saxton Brown Boots – side view,,0,,,,,,,,,false,not_eligible,,0,false,/products/held-saxton-brown-boots,/products/held-saxton-brown-boots
held-brickland-lc-boots,held-brickland-lc-boots,Held Brickland LC Boots,Held Brickland LC Boots,held-brickland-lc-boots,"Held Brickland LC Gore-Tex Motorcycle Boots • EN 13634:2017 ""protective boots for motorcyclists"". • Fibreglass shin protector. • Reflective sections. • Ankle protection. Available in multiple sizes and/or colours — select your variant.","<strong>Held Brickland LC Gore-Tex Motorcycle Boots</strong><br>
The new Brickland LC Gore-Tex motorcycle boot is the perfect companion for your next adventure! In addition to the high-quality materials, it also impresses with its safety and comfort.<br><br>
<strong>Features:</strong>
<ul>
<li>EN 13634:2017 ""protective boots for motorcyclists""</li>
<li>Fibreglass shin protector</li>
<li>Reflective sections</li>
<li>Ankle protection</li>
<li>Buckle closure</li>
<li>Gear-shift pad</li>
<li>Anti-slip sole from Vibram</li>
<li>Lowered calf</li>
<li>GORE-TEX Membrane (ePTFE)</li>
<li>Soft polyester lining</li>
<li>Full-grain cowhide</li>
<li>Boot Height (for size 43): 25cm</li>
</ul>","Held Brickland LC Gore-Tex Motorcycle Boots

The new Brickland LC Gore-Tex motorcycle boot is the perfect companion for your next adventure! In addition to the high-quality materials, it also impresses with its safety and comfort.

Features:

• EN 13634:2017 ""protective boots for motorcyclists""

• Fibreglass shin protector

• Reflective sections

• Ankle protection

• Buckle closure

• Gear-shift pad

• Anti-slip sole from Vibram

• Lowered calf

• GORE-TEX Membrane (ePTFE)

• Soft polyester lining

• Full-grain cowhide

• Boot Height (for size 43): 25cm",40000,,2026-07-26,active,Held,5000,g,Buy Held Brickland LC Boots | Mile 27 Store,"Held Brickland LC Gore-Tex Motorcycle Boots EN 13634:2017 ""protective boots for motorcyclists"". Fibreglass shin protector. Reflective sections. Ankle…","EN 13634:2017 ""protective boots for motorcyclists"" | Fibreglass shin protector | Reflective sections | Ankle protection",Cleaned noise; brand verified,High,false,Riding Gear > Riding Boots,High,"Mapped from Shopify Type ""Riding Boots""",held-brickland-lc-boots-1|Size:37:Colour:Black|price:40000.00|compare:|weight:5000|barcode:|qty:0 | held-brickland-lc-boots-2|Size:37:Colour:Brown|price:40000.00|compare:|weight:5000|barcode:|qty:0 | held-brickland-lc-boots-3|Size:38:Colour:Black|price:40000.00|compare:|weight:5000|barcode:|qty:0 | held-brickland-lc-boots-4|Size:38:Colour:Brown|price:40000.00|compare:|weight:5000|barcode:|qty:0 | held-brickland-lc-boots-5|Size:39:Colour:Black|price:40000.00|compare:|weight:5000|barcode:|qty:0 | held-brickland-lc-boots-6|Size:39:Colour:Brown|price:40000.00|compare:|weight:5000|barcode:|qty:0 | held-brickland-lc-boots-7|Size:40:Colour:Black|price:40000.00|compare:|weight:5000|barcode:|qty:0 | held-brickland-lc-boots-8|Size:40:Colour:Brown|price:40000.00|compare:|weight:5000|barcode:|qty:0 | held-brickland-lc-boots-9|Size:41:Colour:Black|price:40000.00|compare:|weight:5000|barcode:|qty:0 | held-brickland-lc-boots-10|Size:41:Colour:Brown|price:40000.00|compare:|weight:5000|barcode:|qty:0 | held-brickland-lc-boots-11|Size:42:Colour:Black|price:40000.00|compare:|weight:5000|barcode:|qty:0 | held-brickland-lc-boots-12|Size:42:Colour:Brown|price:40000.00|compare:|weight:5000|barcode:|qty:0 | held-brickland-lc-boots-13|Size:43:Colour:Black|price:40000.00|compare:|weight:5000|barcode:|qty:0 | held-brickland-lc-boots-14|Size:43:Colour:Brown|price:40000.00|compare:|weight:5000|barcode:|qty:0 | held-brickland-lc-boots-15|Size:44:Colour:Black|price:40000.00|compare:|weight:5000|barcode:|qty:0 | held-brickland-lc-boots-16|Size:44:Colour:Brown|price:40000.00|compare:|weight:5000|barcode:|qty:0 | held-brickland-lc-boots-17|Size:45:Colour:Black|price:40000.00|compare:|weight:5000|barcode:|qty:0 | held-brickland-lc-boots-18|Size:45:Colour:Brown|price:40000.00|compare:|weight:5000|barcode:|qty:0 | held-brickland-lc-boots-19|Size:46:Colour:Black|price:40000.00|compare:|weight:5000|barcode:|qty:0 | held-brickland-lc-boots-20|Size:46:Colour:Brown|price:40000.00|compare:|weight:5000|barcode:|qty:0 | held-brickland-lc-boots-21|Size:47:Colour:Black|price:40000.00|compare:|weight:5000|barcode:|qty:0 | held-brickland-lc-boots-22|Size:47:Colour:Brown|price:40000.00|compare:|weight:5000|barcode:|qty:0 | held-brickland-lc-boots-23|Size:48:Colour:Black|price:40000.00|compare:|weight:5000|barcode:|qty:0 | held-brickland-lc-boots-24|Size:48:Colour:Brown|price:40000.00|compare:|weight:5000|barcode:|qty:0 | held-brickland-lc-boots-25|Size:49:Colour:Black|price:40000.00|compare:|weight:5000|barcode:|qty:0 | held-brickland-lc-boots-26|Size:49:Colour:Brown|price:40000.00|compare:|weight:5000|barcode:|qty:0 | held-brickland-lc-boots-27|Size:50:Colour:Black|price:40000.00|compare:|weight:5000|barcode:|qty:0 | held-brickland-lc-boots-28|Size:50:Colour:Brown|price:40000.00|compare:|weight:5000|barcode:|qty:0,"held-brickland-lc-boots-1,held-brickland-lc-boots-2,held-brickland-lc-boots-3,held-brickland-lc-boots-4,held-brickland-lc-boots-5,held-brickland-lc-boots-6,held-brickland-lc-boots-7,held-brickland-lc-boots-8,held-brickland-lc-boots-9,held-brickland-lc-boots-10,held-brickland-lc-boots-11,held-brickland-lc-boots-12,held-brickland-lc-boots-13,held-brickland-lc-boots-14,held-brickland-lc-boots-15,held-brickland-lc-boots-16,held-brickland-lc-boots-17,held-brickland-lc-boots-18,held-brickland-lc-boots-19,held-brickland-lc-boots-20,held-brickland-lc-boots-21,held-brickland-lc-boots-22,held-brickland-lc-boots-23,held-brickland-lc-boots-24,held-brickland-lc-boots-25,held-brickland-lc-boots-26,held-brickland-lc-boots-27,held-brickland-lc-boots-28",28,https://cdn.shopify.com/s/files/1/0076/8301/4754/products/082171000011fkapyagqnpj0.jpg?v=1648019439|pos:1|alt:Held Held Brickland LC Boots – front view || https://cdn.shopify.com/s/files/1/0076/8301/4754/products/08217100001ezfvgklwentke.jpg?v=1648019441|pos:2|alt:Held Held Brickland LC Boots – side view || https://cdn.shopify.com/s/files/1/0076/8301/4754/products/08217100052r1mswtpmh18mo.jpg?v=1648019440|pos:3|alt:Held Held Brickland LC Boots – rear view || https://cdn.shopify.com/s/files/1/0076/8301/4754/products/08217100052tplzhsi1uwhxh.jpg?v=1648019440|pos:4|alt:Held Held Brickland LC Boots – detail view,4,Held Held Brickland LC Boots – front view | Held Held Brickland LC Boots – side view | Held Held Brickland LC Boots – rear view | Held Held Brickland LC Boots – detail view,,0,Held Brickland LC Boots,"Held Brickland LC Boots. Held Brickland LC Gore-Tex Motorcycle Boots • EN 13634:2017 ""protective boots for motorcyclists"".",Fibreglass shin protector.,,"EN 13634:2017 ""protective boots for motorcyclists"". Reflective sections. Ankle protection.",,Available in multiple sizes. Check the size guide before ordering.,Held Brickland LC Boots — a riding Boot built to the specifications listed above.,true,draft,https://cdn.shopify.com/s/files/1/0076/8301/4754/products/082171000011fkapyagqnpj0.jpg?v=1648019439|role:hero || https://cdn.shopify.com/s/files/1/0076/8301/4754/products/08217100001ezfvgklwentke.jpg?v=1648019441|role:construction detail || https://cdn.shopify.com/s/files/1/0076/8301/4754/products/08217100052r1mswtpmh18mo.jpg?v=1648019440|role:side profile,3,false,/products/held-brickland-lc-boots,/products/held-brickland-lc-boots
held-annone-gtx-black-boots,held-annone-gtx-black-boots,Held Annone GTX Black Boots,Held Annone GTX Black Boots,held-annone-gtx-black-boots,Held Annone GTX Motorcycle Boots • Touring boot. • Full-grain cowhide. • Soft polyester lining. • GORE-TEX® Membrane (ePTFE). Available in multiple sizes and/or colours — select your variant.,"<strong>Held Annone GTX Motorcycle Boots</strong>
<strong>Features:</strong>
<ul>
<li>Touring boot</li>
<li>Full-grain cowhide</li>
<li>Soft polyester lining</li>
<li>GORE-TEX® Membrane (ePTFE)</li>
<li>Easy-on front opening</li>
<li>Velcro adjustment at calves</li>
<li>Gear-shift pad</li>
<li>Inner boot</li>
<li>Heel reinforcement</li>
<li>Anti-slip sole from Vibram</li>
</ul>
<strong>Specifications:</strong><br>
<u>Protection:</u>
<ul>
<li>Safety tested according to EN 13634:2015 ""protected boots for motorcyclists""</li>
<li>Fibreglass shin protector</li>
<li>Fibreglass ankle protection</li>
<li>Reflective sections</li>
</ul>","Held Annone GTX Motorcycle Boots
Features:

• Touring boot

• Full-grain cowhide

• Soft polyester lining

• GORE-TEX® Membrane (ePTFE)

• Easy-on front opening

• Velcro adjustment at calves

• Gear-shift pad

• Inner boot

• Heel reinforcement

• Anti-slip sole from Vibram

Specifications:

Protection:

• Safety tested according to EN 13634:2015 ""protected boots for motorcyclists""

• Fibreglass shin protector

• Fibreglass ankle protection

• Reflective sections",32400,,2026-07-26,active,Held,5000,g,Buy Held Annone GTX Black Boots | Mile 27 Store,Held Annone GTX Motorcycle Boots Touring boot. Full-grain cowhide. Soft polyester lining. GORE-TEX® Membrane (ePTFE).,Touring boot | Full-grain cowhide | Soft polyester lining | GORE-TEX® Membrane (ePTFE),Cleaned noise; brand verified,High,false,Riding Gear > Riding Boots,High,"Mapped from Shopify Type ""Riding Boots""",held-annone-gtx-black-boots-1|Size:37|price:32400.00|compare:|weight:5000|barcode:|qty:0 | held-annone-gtx-black-boots-2|Size:38|price:32400.00|compare:|weight:5000|barcode:|qty:0 | held-annone-gtx-black-boots-3|Size:39|price:32400.00|compare:|weight:5000|barcode:|qty:0 | held-annone-gtx-black-boots-4|Size:40|price:32400.00|compare:|weight:5000|barcode:|qty:0 | held-annone-gtx-black-boots-5|Size:41|price:32400.00|compare:|weight:5000|barcode:|qty:0 | held-annone-gtx-black-boots-6|Size:42|price:32400.00|compare:|weight:5000|barcode:|qty:0 | held-annone-gtx-black-boots-7|Size:43|price:32400.00|compare:|weight:5000|barcode:|qty:0 | held-annone-gtx-black-boots-8|Size:44|price:32400.00|compare:|weight:5000|barcode:|qty:0 | held-annone-gtx-black-boots-9|Size:45|price:32400.00|compare:|weight:5000|barcode:|qty:0 | held-annone-gtx-black-boots-10|Size:46|price:32400.00|compare:|weight:5000|barcode:|qty:0 | held-annone-gtx-black-boots-11|Size:47|price:32400.00|compare:|weight:5000|barcode:|qty:0 | held-annone-gtx-black-boots-12|Size:48|price:32400.00|compare:|weight:5000|barcode:|qty:0 | held-annone-gtx-black-boots-13|Size:49|price:32400.00|compare:|weight:5000|barcode:|qty:0 | held-annone-gtx-black-boots-14|Size:50|price:32400.00|compare:|weight:5000|barcode:|qty:0,"held-annone-gtx-black-boots-1,held-annone-gtx-black-boots-2,held-annone-gtx-black-boots-3,held-annone-gtx-black-boots-4,held-annone-gtx-black-boots-5,held-annone-gtx-black-boots-6,held-annone-gtx-black-boots-7,held-annone-gtx-black-boots-8,held-annone-gtx-black-boots-9,held-annone-gtx-black-boots-10,held-annone-gtx-black-boots-11,held-annone-gtx-black-boots-12,held-annone-gtx-black-boots-13,held-annone-gtx-black-boots-14",14,https://cdn.shopify.com/s/files/1/0076/8301/4754/products/held_annone_gtx_black_motorcycle_boots.jpg?v=1648018892|pos:1|alt:Held Held Annone GTX Black Boots – front view || https://cdn.shopify.com/s/files/1/0076/8301/4754/products/held_annone_gtx_black_motorcycle_boots2.jpg?v=1648018892|pos:2|alt:Held Held Annone GTX Black Boots – side view,2,Held Held Annone GTX Black Boots – front view | Held Held Annone GTX Black Boots – side view,,0,Held Annone GTX Black Boots,Held Annone GTX Black Boots. Held Annone GTX Motorcycle Boots • Touring boot.,,,Touring boot. Full-grain cowhide. Soft polyester lining. GORE-TEX® Membrane (ePTFE).,,Available in multiple sizes. Check the size guide before ordering.,Held Annone GTX Black Boots — a riding Boot built to the specifications listed above.,true,draft,https://cdn.shopify.com/s/files/1/0076/8301/4754/products/held_annone_gtx_black_motorcycle_boots.jpg?v=1648018892|role:hero || https://cdn.shopify.com/s/files/1/0076/8301/4754/products/held_annone_gtx_black_motorcycle_boots2.jpg?v=1648018892|role:construction detail,2,false,/products/held-annone-gtx-black-boots,/products/held-annone-gtx-black-boots
held-segrino-gtx-boots,held-segrino-gtx-boots,Held Segrino GTX Boots,Held Segrino GTX Boots,held-segrino-gtx-boots,Held Segrino GTX Motorcycle Boots • Touring boot. • Leather / textile combination (100% polyester). • Soft polyester lining. • GORE-TEX® Membrane (ePTFE). Available in multiple sizes and/or colours — select your variant.,"<strong>Held Segrino GTX Motorcycle Boots</strong>
<strong>Features:</strong>
<ul>
<li>Touring boot</li>
<li>Leather / textile combination (100% polyester)</li>
<li>Soft polyester lining</li>
<li>GORE-TEX® Membrane (ePTFE)</li>
<li>Velcro adjustment at calves</li>
<li>Gear-shift pad</li>
<li>Anti-slip sole from Vibram</li>
</ul>
<strong>Specifications:</strong><br>
<u>Protection:</u>
<ul>
<li>Safety tested according to EN 13634:2015 ""protected boots for motorcyclists""</li>
<li>Fibreglass shin protector</li>
<li>Fibreglass ankle protection</li>
</ul>","Held Segrino GTX Motorcycle Boots
Features:

• Touring boot

• Leather / textile combination (100% polyester)

• Soft polyester lining

• GORE-TEX® Membrane (ePTFE)

• Velcro adjustment at calves

• Gear-shift pad

• Anti-slip sole from Vibram

Specifications:

Protection:

• Safety tested according to EN 13634:2015 ""protected boots for motorcyclists""

• Fibreglass shin protector

• Fibreglass ankle protection",30000,,2026-07-26,active,Held,5000,g,Buy Held Segrino GTX Boots | Mile 27 Store,Held Segrino GTX Motorcycle Boots Touring boot. Leather / textile combination (100% polyester). Soft polyester lining. GORE-TEX® Membrane (ePTFE).,Touring boot | Leather / textile combination (100% polyester) | Soft polyester lining | GORE-TEX® Membrane (ePTFE),Cleaned noise; brand verified,High,false,Riding Gear > Riding Boots,High,"Mapped from Shopify Type ""Riding Boots""",held-segrino-gtx-boots-1|Size:37:Colour:Black|price:30000.00|compare:|weight:5000|barcode:|qty:0 | held-segrino-gtx-boots-2|Size:38:Colour:Black|price:30000.00|compare:|weight:5000|barcode:|qty:0 | held-segrino-gtx-boots-3|Size:39:Colour:Black|price:30000.00|compare:|weight:5000|barcode:|qty:0 | held-segrino-gtx-boots-4|Size:40:Colour:Black|price:30000.00|compare:|weight:5000|barcode:|qty:0 | held-segrino-gtx-boots-5|Size:41:Colour:Black|price:30000.00|compare:|weight:5000|barcode:|qty:0 | held-segrino-gtx-boots-6|Size:42:Colour:Black|price:30000.00|compare:|weight:5000|barcode:|qty:0 | held-segrino-gtx-boots-7|Size:43:Colour:Black|price:30000.00|compare:|weight:5000|barcode:|qty:0 | held-segrino-gtx-boots-8|Size:44:Colour:Black|price:30000.00|compare:|weight:5000|barcode:|qty:0 | held-segrino-gtx-boots-9|Size:45:Colour:Black|price:30000.00|compare:|weight:5000|barcode:|qty:0 | held-segrino-gtx-boots-10|Size:46:Colour:Black|price:30000.00|compare:|weight:5000|barcode:|qty:0 | held-segrino-gtx-boots-11|Size:47:Colour:Black|price:30000.00|compare:|weight:5000|barcode:|qty:0 | held-segrino-gtx-boots-12|Size:48:Colour:Black|price:30000.00|compare:|weight:5000|barcode:|qty:0 | held-segrino-gtx-boots-13|Size:49:Colour:Black|price:30000.00|compare:|weight:5000|barcode:|qty:0 | held-segrino-gtx-boots-14|Size:50:Colour:Black|price:30000.00|compare:|weight:5000|barcode:|qty:0,"held-segrino-gtx-boots-1,held-segrino-gtx-boots-2,held-segrino-gtx-boots-3,held-segrino-gtx-boots-4,held-segrino-gtx-boots-5,held-segrino-gtx-boots-6,held-segrino-gtx-boots-7,held-segrino-gtx-boots-8,held-segrino-gtx-boots-9,held-segrino-gtx-boots-10,held-segrino-gtx-boots-11,held-segrino-gtx-boots-12,held-segrino-gtx-boots-13,held-segrino-gtx-boots-14",14,https://cdn.shopify.com/s/files/1/0076/8301/4754/products/held_segrino_gtx_black_motorcycle_boots.jpg?v=1648017221|pos:1|alt:Held Held Segrino GTX Boots – front view || https://cdn.shopify.com/s/files/1/0076/8301/4754/products/held_segrino_gtx_black_motorcycle_boots2.jpg?v=1648017222|pos:2|alt:Held Held Segrino GTX Boots – side view,2,Held Held Segrino GTX Boots – front view | Held Held Segrino GTX Boots – side view,,0,Held Segrino GTX Boots,Held Segrino GTX Boots. Held Segrino GTX Motorcycle Boots • Touring boot.,Leather / textile combination (100% polyester).,,Touring boot. Soft polyester lining. GORE-TEX® Membrane (ePTFE).,,Available in multiple sizes. Check the size guide before ordering.,Held Segrino GTX Boots — a riding Boot built to the specifications listed above.,true,draft,https://cdn.shopify.com/s/files/1/0076/8301/4754/products/held_segrino_gtx_black_motorcycle_boots.jpg?v=1648017221|role:hero || https://cdn.shopify.com/s/files/1/0076/8301/4754/products/held_segrino_gtx_black_motorcycle_boots2.jpg?v=1648017222|role:construction detail,2,false,/products/held-segrino-gtx-boots,/products/held-segrino-gtx-boots
held-brickland-boots,held-brickland-boots,Held Brickland Boots,Held Brickland Boots,held-brickland-boots,"Held Brickland boots are leather motorcycle boots. Made of cowhide leather, which gives the footwear durability and flexibility. The Gore-Tex membrane will provide the shoes… Available in multiple sizes and/or colours — select your variant.","Held Brickland boots are leather motorcycle boots. Made of cowhide leather, which gives the footwear durability and flexibility. The Gore-Tex membrane will provide the shoes with protection against water and strong wind. The ankle protectors and reflective inserts will ensure the level of safety. The Brickland boots themselves are CE certified in accordance with EN 13634: 2017 as protective clothing for motorcyclists. The sole of the shoe is made of non-slip rubber from the Vibram company, which specializes in the production of soles for shoes. Comfort of use is ensured by protection under the gear lever. The fastening system consists of buckles fastened with Velcro.<br><br>
<h3>Product Features:</h3>
<strong>Outer shell</strong>
» cowhide<br>
Lining<br>
» soft polyester lining<br><br>
<b>Membrane</b><br>
» GORE-TEX® Membrane (ePTFE)<br><br>
<b>Fit/features</b><br>
» quick-action velcro strap buckles<br>
» gear-shift pad<br>
» anti-slip sole<br><br>
<strong>Protection<br></strong>
» certified under norm EN 13634:2017 „protective boots formotorcyclists""<br>
» ankle protection<br>
» reflective sections<br>","Held Brickland boots are leather motorcycle boots. Made of cowhide leather, which gives the footwear durability and flexibility. The Gore-Tex membrane will provide the shoes with protection against water and strong wind. The ankle protectors and reflective inserts will ensure the level of safety. The Brickland boots themselves are CE certified in accordance with EN 13634: 2017 as protective clothing for motorcyclists. The sole of the shoe is made of non-slip rubber from the Vibram company, which specializes in the production of soles for shoes. Comfort of use is ensured by protection under the gear lever. The fastening system consists of buckles fastened with Velcro.

Product Features:

Outer shell
» cowhide

Lining

» soft polyester lining

Membrane

» GORE-TEX® Membrane (ePTFE)

Fit/features

» quick-action velcro strap buckles

» gear-shift pad

» anti-slip sole

Protection

» certified under norm EN 13634:2017 „protective boots formotorcyclists""

» ankle protection

» reflective sections",50000,,2026-07-26,active,Held,6000,g,Buy Held Brickland Boots | Mile 27 Store,"Held Brickland boots are leather motorcycle boots. Made of cowhide leather, which gives the footwear durability and flexibility. The Gore-Tex membrane…",,Cleaned noise; brand verified,High,false,Riding Gear > Riding Boots,High,"Mapped from Shopify Type ""Riding Boots""",held-brickland-boots-1|Size:37:Colour:Black|price:50000.00|compare:|weight:6000|barcode:|qty:0 | held-brickland-boots-2|Size:37:Colour:Brown|price:50000.00|compare:|weight:6000|barcode:|qty:0 | held-brickland-boots-3|Size:38:Colour:Black|price:50000.00|compare:|weight:6000|barcode:|qty:0 | held-brickland-boots-4|Size:38:Colour:Brown|price:50000.00|compare:|weight:6000|barcode:|qty:0 | held-brickland-boots-5|Size:39:Colour:Black|price:50000.00|compare:|weight:6000|barcode:|qty:0 | held-brickland-boots-6|Size:39:Colour:Brown|price:50000.00|compare:|weight:6000|barcode:|qty:0 | held-brickland-boots-7|Size:40:Colour:Black|price:50000.00|compare:|weight:6000|barcode:|qty:0 | held-brickland-boots-8|Size:40:Colour:Brown|price:50000.00|compare:|weight:6000|barcode:|qty:0 | held-brickland-boots-9|Size:41:Colour:Black|price:50000.00|compare:|weight:6000|barcode:|qty:0 | held-brickland-boots-10|Size:41:Colour:Brown|price:50000.00|compare:|weight:6000|barcode:|qty:0 | held-brickland-boots-11|Size:42:Colour:Black|price:50000.00|compare:|weight:6000|barcode:|qty:0 | held-brickland-boots-12|Size:42:Colour:Brown|price:50000.00|compare:|weight:6000|barcode:|qty:0 | held-brickland-boots-13|Size:43:Colour:Black|price:50000.00|compare:|weight:6000|barcode:|qty:0 | held-brickland-boots-14|Size:43:Colour:Brown|price:50000.00|compare:|weight:6000|barcode:|qty:0 | held-brickland-boots-15|Size:44:Colour:Black|price:50000.00|compare:|weight:6000|barcode:|qty:0 | held-brickland-boots-16|Size:44:Colour:Brown|price:50000.00|compare:|weight:6000|barcode:|qty:0 | held-brickland-boots-17|Size:45:Colour:Black|price:50000.00|compare:|weight:6000|barcode:|qty:0 | held-brickland-boots-18|Size:45:Colour:Brown|price:50000.00|compare:|weight:6000|barcode:|qty:0 | held-brickland-boots-19|Size:46:Colour:Black|price:50000.00|compare:|weight:6000|barcode:|qty:0 | held-brickland-boots-20|Size:46:Colour:Brown|price:50000.00|compare:|weight:6000|barcode:|qty:0 | held-brickland-boots-21|Size:47:Colour:Black|price:50000.00|compare:|weight:6000|barcode:|qty:0 | held-brickland-boots-22|Size:47:Colour:Brown|price:50000.00|compare:|weight:6000|barcode:|qty:0 | held-brickland-boots-23|Size:48:Colour:Black|price:50000.00|compare:|weight:6000|barcode:|qty:0 | held-brickland-boots-24|Size:48:Colour:Brown|price:50000.00|compare:|weight:6000|barcode:|qty:0 | held-brickland-boots-25|Size:49:Colour:Black|price:50000.00|compare:|weight:6000|barcode:|qty:0 | held-brickland-boots-26|Size:49:Colour:Brown|price:50000.00|compare:|weight:6000|barcode:|qty:0 | held-brickland-boots-27|Size:50:Colour:Black|price:50000.00|compare:|weight:6000|barcode:|qty:0 | held-brickland-boots-28|Size:50:Colour:Brown|price:50000.00|compare:|weight:6000|barcode:|qty:0,"held-brickland-boots-1,held-brickland-boots-2,held-brickland-boots-3,held-brickland-boots-4,held-brickland-boots-5,held-brickland-boots-6,held-brickland-boots-7,held-brickland-boots-8,held-brickland-boots-9,held-brickland-boots-10,held-brickland-boots-11,held-brickland-boots-12,held-brickland-boots-13,held-brickland-boots-14,held-brickland-boots-15,held-brickland-boots-16,held-brickland-boots-17,held-brickland-boots-18,held-brickland-boots-19,held-brickland-boots-20,held-brickland-boots-21,held-brickland-boots-22,held-brickland-boots-23,held-brickland-boots-24,held-brickland-boots-25,held-brickland-boots-26,held-brickland-boots-27,held-brickland-boots-28",28,https://cdn.shopify.com/s/files/1/0076/8301/4754/products/08217000001exighzqdvfvjg.jpg?v=1648016732|pos:1|alt:Held Held Brickland Boots – front view || https://cdn.shopify.com/s/files/1/0076/8301/4754/products/082170000015hp2zj5arhv8z.jpg?v=1648016752|pos:2|alt:Held Held Brickland Boots – side view || https://cdn.shopify.com/s/files/1/0076/8301/4754/products/08217000052gnjyjixfz5ewg.jpg?v=1648016752|pos:3|alt:Held Held Brickland Boots – rear view || https://cdn.shopify.com/s/files/1/0076/8301/4754/products/08217000052oiolxqds4icgo.jpg?v=1648016752|pos:4|alt:Held Held Brickland Boots – detail view,4,Held Held Brickland Boots – front view | Held Held Brickland Boots – side view | Held Held Brickland Boots – rear view | Held Held Brickland Boots – detail view,,0,,,,,,,,,false,not_eligible,,0,false,/products/held-brickland-boots,/products/held-brickland-boots
held-nevada-ii-boots,held-nevada-ii-boots,Held Nevada II Boots,Held Nevada II Boots,held-nevada-ii-boots,"certified under norm EN 13634:2015 ""protected boots for motorcyclists"" Available in multiple sizes and/or colours — select your variant.","certified under norm EN 13634:2015 ""protected boots for motorcyclists""<br><span>shin protector</span><br><span>ankle protection</span><br><span>velcro adjustment at calves</span><br><span>anti-slip sole</span><br><span>easy entry via zip</span><br><span>HIPORA® membrane: waterproof, windproof &amp; breathable</span><br><span>soft polyester lining</span><br><span>cowhide outer shell</span>","certified under norm EN 13634:2015 ""protected boots for motorcyclists""
shin protector
ankle protection
velcro adjustment at calves
anti-slip sole
easy entry via zip
HIPORA® membrane: waterproof, windproof & breathable
soft polyester lining
cowhide outer shell",20300,,2026-07-26,active,Held,5000,g,Buy Held Nevada II Boots | Mile 27 Store,"certified under norm EN 13634:2015 ""protected boots for motorcyclists""",,Cleaned noise; brand verified,High,false,Riding Gear > Riding Boots,High,"Mapped from Shopify Type ""Riding Boots""",held-nevada-ii-boots-1|Size:37:Colour:Black|price:20300.00|compare:|weight:5000|barcode:|qty:0 | held-nevada-ii-boots-2|Size:37:Colour:Brown|price:20300.00|compare:|weight:5000|barcode:|qty:0 | held-nevada-ii-boots-3|Size:38:Colour:Black|price:20300.00|compare:|weight:5000|barcode:|qty:0 | held-nevada-ii-boots-4|Size:38:Colour:Brown|price:20300.00|compare:|weight:5000|barcode:|qty:0 | held-nevada-ii-boots-5|Size:39:Colour:Black|price:20300.00|compare:|weight:5000|barcode:|qty:0 | held-nevada-ii-boots-6|Size:39:Colour:Brown|price:20300.00|compare:|weight:5000|barcode:|qty:0 | held-nevada-ii-boots-7|Size:40:Colour:Black|price:20300.00|compare:|weight:5000|barcode:|qty:0 | held-nevada-ii-boots-8|Size:40:Colour:Brown|price:20300.00|compare:|weight:5000|barcode:|qty:0 | held-nevada-ii-boots-9|Size:41:Colour:Black|price:20300.00|compare:|weight:5000|barcode:|qty:0 | held-nevada-ii-boots-10|Size:41:Colour:Brown|price:20300.00|compare:|weight:5000|barcode:|qty:0 | held-nevada-ii-boots-11|Size:42:Colour:Black|price:20300.00|compare:|weight:5000|barcode:|qty:0 | held-nevada-ii-boots-12|Size:42:Colour:Brown|price:20300.00|compare:|weight:5000|barcode:|qty:0 | held-nevada-ii-boots-13|Size:43:Colour:Black|price:20300.00|compare:|weight:5000|barcode:|qty:0 | held-nevada-ii-boots-14|Size:43:Colour:Brown|price:20300.00|compare:|weight:5000|barcode:|qty:0 | held-nevada-ii-boots-15|Size:44:Colour:Black|price:20300.00|compare:|weight:5000|barcode:|qty:0 | held-nevada-ii-boots-16|Size:44:Colour:Brown|price:20300.00|compare:|weight:5000|barcode:|qty:0 | held-nevada-ii-boots-17|Size:45:Colour:Black|price:20300.00|compare:|weight:5000|barcode:|qty:0 | held-nevada-ii-boots-18|Size:45:Colour:Brown|price:20300.00|compare:|weight:5000|barcode:|qty:0 | held-nevada-ii-boots-19|Size:46:Colour:Black|price:20300.00|compare:|weight:5000|barcode:|qty:0 | held-nevada-ii-boots-20|Size:46:Colour:Brown|price:20300.00|compare:|weight:5000|barcode:|qty:0 | held-nevada-ii-boots-21|Size:47:Colour:Black|price:20300.00|compare:|weight:5000|barcode:|qty:0 | held-nevada-ii-boots-22|Size:47:Colour:Brown|price:20300.00|compare:|weight:5000|barcode:|qty:0,"held-nevada-ii-boots-1,held-nevada-ii-boots-2,held-nevada-ii-boots-3,held-nevada-ii-boots-4,held-nevada-ii-boots-5,held-nevada-ii-boots-6,held-nevada-ii-boots-7,held-nevada-ii-boots-8,held-nevada-ii-boots-9,held-nevada-ii-boots-10,held-nevada-ii-boots-11,held-nevada-ii-boots-12,held-nevada-ii-boots-13,held-nevada-ii-boots-14,held-nevada-ii-boots-15,held-nevada-ii-boots-16,held-nevada-ii-boots-17,held-nevada-ii-boots-18,held-nevada-ii-boots-19,held-nevada-ii-boots-20,held-nevada-ii-boots-21,held-nevada-ii-boots-22",22,https://cdn.shopify.com/s/files/1/0076/8301/4754/products/008540-00-1-01.jpg?v=1648015155|pos:1|alt:Held Held Nevada II Boots – front view || https://cdn.shopify.com/s/files/1/0076/8301/4754/products/008540-00-52-01.jpg?v=1648015155|pos:2|alt:Held Held Nevada II Boots – side view,2,Held Held Nevada II Boots – front view | Held Held Nevada II Boots – side view,,0,,,,,,,,,false,not_eligible,,0,false,/products/held-nevada-ii-boots,/products/held-nevada-ii-boots
held-andamos-2-touring-boot,held-andamos-2-touring-boot,Held Andamos 2 Touring Boot,Held Andamos 2 Touring Boot,held-andamos-2-touring-boot,"Art. 82546 • coated leather - textile combination. • soft polyester lining. • Sympatex® climate membrane: waterproof, windproof & breathable. • gear-shift pad. Available in multiple sizes and/or colours — select your variant.","<p>Art. 82546</p>
<p>Outer shell</p>
<ul>
<li>coated leather - textile combination</li>
</ul>
<p>Lining</p>
<ul>
<li>soft polyester lining</li>
</ul>
<p>Membrane</p>
<ul>
<li>Sympatex® climate membrane: waterproof, windproof &amp; breathable</li>
</ul>
<p>Fit/features</p>
<ul>
<li>gear-shift pad</li>
<li>anti-slip sole</li>
</ul>
<p>Protection</p>
<ul>
<li>certified under norm EN 13634:2017 “protective boots for motorcyclists” 2222 </li>
<li>shin protector</li>
<li>ankle protection</li>
</ul>","Art. 82546

Outer shell

• coated leather - textile combination

Lining

• soft polyester lining

Membrane

• Sympatex® climate membrane: waterproof, windproof & breathable

Fit/features

• gear-shift pad

• anti-slip sole

Protection

• certified under norm EN 13634:2017 “protective boots for motorcyclists” 2222 

• shin protector

• ankle protection",25000,,2026-07-26,active,Held,4000,g,Buy Held Andamos 2 Touring Boot | Mile 27 Store,"Art. 82546 coated leather - textile combination. soft polyester lining. Sympatex® climate membrane: waterproof, windproof & breathable. gear-shift pad.","coated leather - textile combination | soft polyester lining | Sympatex® climate membrane: waterproof, windproof & breathable | gear-shift pad",Cleaned noise; brand verified,High,false,Riding Gear > Riding Boots > Touring Boots,High,"Refined by title keyword: ""\b(touring\s+boot)\b""",held-andamos-2-touring-boot-1|Size:36|price:25000.00|compare:|weight:4000|barcode:|qty:0 | held-andamos-2-touring-boot-2|Size:37|price:25000.00|compare:|weight:4000|barcode:|qty:0 | held-andamos-2-touring-boot-3|Size:38|price:25000.00|compare:|weight:4000|barcode:|qty:0 | held-andamos-2-touring-boot-4|Size:39|price:25000.00|compare:|weight:4000|barcode:|qty:0 | held-andamos-2-touring-boot-5|Size:40|price:25000.00|compare:|weight:4000|barcode:|qty:0 | held-andamos-2-touring-boot-6|Size:41|price:25000.00|compare:|weight:4000|barcode:|qty:0 | held-andamos-2-touring-boot-7|Size:42|price:25000.00|compare:|weight:4000|barcode:|qty:0 | held-andamos-2-touring-boot-8|Size:43|price:25000.00|compare:|weight:4000|barcode:|qty:0 | held-andamos-2-touring-boot-9|Size:44|price:25000.00|compare:|weight:4000|barcode:|qty:0 | held-andamos-2-touring-boot-10|Size:45|price:25000.00|compare:|weight:4000|barcode:|qty:0 | held-andamos-2-touring-boot-11|Size:46|price:25000.00|compare:|weight:4000|barcode:|qty:0 | held-andamos-2-touring-boot-12|Size:47|price:25000.00|compare:|weight:4000|barcode:|qty:0 | held-andamos-2-touring-boot-13|Size:48|price:25000.00|compare:|weight:4000|barcode:|qty:0 | held-andamos-2-touring-boot-14|Size:49|price:25000.00|compare:|weight:4000|barcode:|qty:0 | held-andamos-2-touring-boot-15|Size:50|price:25000.00|compare:|weight:4000|barcode:|qty:0,"held-andamos-2-touring-boot-1,held-andamos-2-touring-boot-2,held-andamos-2-touring-boot-3,held-andamos-2-touring-boot-4,held-andamos-2-touring-boot-5,held-andamos-2-touring-boot-6,held-andamos-2-touring-boot-7,held-andamos-2-touring-boot-8,held-andamos-2-touring-boot-9,held-andamos-2-touring-boot-10,held-andamos-2-touring-boot-11,held-andamos-2-touring-boot-12,held-andamos-2-touring-boot-13,held-andamos-2-touring-boot-14,held-andamos-2-touring-boot-15",15,https://cdn.shopify.com/s/files/1/0076/8301/4754/files/082546-00-001-01_800x800_248f0000-d5e2-414a-8485-7f7b22314eda.jpg?v=1775539979|pos:1|alt:Held Held Andamos 2 Touring Boot – front view || https://cdn.shopify.com/s/files/1/0076/8301/4754/files/082546-00-001-02_800x800_d1e02f98-2403-4996-831d-13e8d050ed80.jpg?v=1775539979|pos:2|alt:Held Held Andamos 2 Touring Boot – side view,2,Held Held Andamos 2 Touring Boot – front view | Held Held Andamos 2 Touring Boot – side view,use:touring,1,Held Andamos 2 Touring Boot,Held Andamos 2 Touring Boot. Art. 82546 • coated leather - textile combination.,coated leather - textile combination.,,"soft polyester lining. Sympatex® climate membrane: waterproof, windproof & breathable. gear-shift pad.",Suited to touring and long-distance riding.,Available in multiple sizes. Check the size guide before ordering.,Held Andamos 2 Touring Boot — a touring Boot built to the specifications listed above.,true,draft,https://cdn.shopify.com/s/files/1/0076/8301/4754/files/082546-00-001-01_800x800_248f0000-d5e2-414a-8485-7f7b22314eda.jpg?v=1775539979|role:hero || https://cdn.shopify.com/s/files/1/0076/8301/4754/files/082546-00-001-02_800x800_d1e02f98-2403-4996-831d-13e8d050ed80.jpg?v=1775539979|role:construction detail,2,false,/products/held-andamos-2-touring-boot,/products/held-andamos-2-touring-boot
held-air-n-dry-ii-gloves,held-air-n-dry-ii-gloves,Held Air n Dry II Gloves,Held Air n Dry II Gloves,held-air-n-dry-ii-gloves,"The Air n Dry II Motorcycle Glove is the ideal companion for your next adventure! • Upper hand made of CORDURA with leather trim.. • Underhand made of highly abrasion-resistant kangaroo leather. • Chamber ""breezy"" unlined. • Chamber ""dry"" with pique-push-pull lining. Available in multiple sizes and/or colours — select your variant.","The Air n Dry II Motorcycle Glove is the ideal companion for your next adventure!<br><br>
<strong data-mce-fragment=""1"">Features:</strong>
<ul data-mce-fragment=""1"">
<li data-mce-fragment=""1"">Upper hand made of CORDURA with leather trim.</li>
<li data-mce-fragment=""1"">Underhand made of highly abrasion-resistant kangaroo leather</li>
<li data-mce-fragment=""1"">Chamber ""breezy"" unlined</li>
<li data-mce-fragment=""1"">Chamber ""dry"" with pique-push-pull lining</li>
<li data-mce-fragment=""1"">GORE-TEX membrane based on PTFE material permanently waterproof/windproof, breathable</li>
<li data-mce-fragment=""1"">Gore 2in1 technology (1 chamber waterproof, 1 chamber unlined)</li>
<li data-mce-fragment=""1"">Velcro wrist and cuff closure</li>
<li data-mce-fragment=""1"">Perforated finger layers and backhand</li>
<li data-mce-fragment=""1"">ventilation inserts between the fingers (ACS-Air circulation System)</li>
<li data-mce-fragment=""1"">perforated underhand for breathability and tactility</li>
<li data-mce-fragment=""1"">Stretch material inserts on the backhand</li>
<li data-mce-fragment=""1"">Special leather on the index finger for operating smartphones</li>
<li data-mce-fragment=""1"">Visor wiper</li>
</ul>
<strong data-mce-fragment=""1"">Specifications:</strong>
<ul data-mce-fragment=""1"">
<li data-mce-fragment=""1"">EN 13594:2015 ""Protective gloves for motorcyclists""</li>
<li data-mce-fragment=""1"">Ball of the hand underlaid with Held Armaprotec</li>
<li data-mce-fragment=""1"">Knuckle protection with hard plastic shell</li>
<li data-mce-fragment=""1"">Knuckle protection tested (impact test for knuckle protection)</li>
<li data-mce-fragment=""1"">Palm/hand edge reinforcement with SuperFabric®-brand material</li>
<li data-mce-fragment=""1"">Palm reinforcement</li>
<li data-mce-fragment=""1"">Reflective inserts</li>
</ul>
<h3 data-mce-fragment=""1"">ADDITIONAL PRODUCT INFORMATION</h3>
<div data-mce-fragment=""1"">
<table class=""UserAttributes"" data-mce-fragment=""1"">
<tbody data-mce-fragment=""1"">
<tr data-mce-fragment=""1"">
<td class=""AttributeLabel VerticalAlignMiddle"" data-mce-fragment=""1"">Material</td>
<td class=""AttributeContent"" data-mce-fragment=""1"">Underhand made of 100% kangaroo leather, upper made of 100% polyamide (Contains non-textile parts of animal origin)</td>
</tr>
</tbody>
</table>
</div>","The Air n Dry II Motorcycle Glove is the ideal companion for your next adventure!

Features:

• Upper hand made of CORDURA with leather trim.

• Underhand made of highly abrasion-resistant kangaroo leather

• Chamber ""breezy"" unlined

• Chamber ""dry"" with pique-push-pull lining

• GORE-TEX membrane based on PTFE material permanently waterproof/windproof, breathable

• Gore 2in1 technology (1 chamber waterproof, 1 chamber unlined)

• Velcro wrist and cuff closure

• Perforated finger layers and backhand

• ventilation inserts between the fingers (ACS-Air circulation System)

• perforated underhand for breathability and tactility

• Stretch material inserts on the backhand

• Special leather on the index finger for operating smartphones

• Visor wiper

Specifications:

• EN 13594:2015 ""Protective gloves for motorcyclists""

• Ball of the hand underlaid with Held Armaprotec

• Knuckle protection with hard plastic shell

• Knuckle protection tested (impact test for knuckle protection)

• Palm/hand edge reinforcement with SuperFabric®-brand material

• Palm reinforcement

• Reflective inserts

ADDITIONAL PRODUCT INFORMATION

Material | 
Underhand made of 100% kangaroo leather, upper made of 100% polyamide (Contains non-textile parts of animal origin) |",35000,,2026-07-26,active,Held,3000,g,Buy Held Air n Dry II Gloves | Mile 27 Store,The Air n Dry II Motorcycle Glove is the ideal companion for your next adventure! Upper hand made of CORDURA with leather trim.. Underhand made of highly…,"Upper hand made of CORDURA with leather trim. | Underhand made of highly abrasion-resistant kangaroo leather | Chamber ""breezy"" unlined | Chamber ""dry"" with pique-push-pull lining",Cleaned noise; brand verified,High,false,Riding Gear > Riding Gloves,High,"Mapped from Shopify Type ""Riding Gloves""",held-air-n-dry-ii-gloves-1|Size:7:Colour:Black|price:35000.00|compare:|weight:3000|barcode:|qty:0 | held-air-n-dry-ii-gloves-2|Size:7:Colour:Grey/Black|price:35000.00|compare:|weight:3000|barcode:|qty:0 | held-air-n-dry-ii-gloves-3|Size:8:Colour:Black|price:35000.00|compare:|weight:3000|barcode:|qty:0 | held-air-n-dry-ii-gloves-4|Size:8:Colour:Grey/Black|price:35000.00|compare:|weight:3000|barcode:|qty:0 | held-air-n-dry-ii-gloves-5|Size:9:Colour:Black|price:35000.00|compare:|weight:3000|barcode:|qty:0 | held-air-n-dry-ii-gloves-6|Size:9:Colour:Grey/Black|price:35000.00|compare:|weight:3000|barcode:|qty:0 | held-air-n-dry-ii-gloves-7|Size:10:Colour:Black|price:35000.00|compare:|weight:3000|barcode:|qty:0 | held-air-n-dry-ii-gloves-8|Size:10:Colour:Grey/Black|price:35000.00|compare:|weight:3000|barcode:|qty:0 | held-air-n-dry-ii-gloves-9|Size:11:Colour:Black|price:35000.00|compare:|weight:3000|barcode:|qty:0 | held-air-n-dry-ii-gloves-10|Size:11:Colour:Grey/Black|price:35000.00|compare:|weight:3000|barcode:|qty:0 | held-air-n-dry-ii-gloves-11|Size:12:Colour:Black|price:35000.00|compare:|weight:3000|barcode:|qty:0 | held-air-n-dry-ii-gloves-12|Size:12:Colour:Grey/Black|price:35000.00|compare:|weight:3000|barcode:|qty:0,"held-air-n-dry-ii-gloves-1,held-air-n-dry-ii-gloves-2,held-air-n-dry-ii-gloves-3,held-air-n-dry-ii-gloves-4,held-air-n-dry-ii-gloves-5,held-air-n-dry-ii-gloves-6,held-air-n-dry-ii-gloves-7,held-air-n-dry-ii-gloves-8,held-air-n-dry-ii-gloves-9,held-air-n-dry-ii-gloves-10,held-air-n-dry-ii-gloves-11,held-air-n-dry-ii-gloves-12",12,https://cdn.shopify.com/s/files/1/0076/8301/4754/products/022342-00-001-01.jpg?v=1675515743|pos:1|alt:Held Held Air n Dry II Gloves – front view || https://cdn.shopify.com/s/files/1/0076/8301/4754/products/022342-00-001-02.jpg?v=1675515742|pos:2|alt:Held Held Air n Dry II Gloves – side view || https://cdn.shopify.com/s/files/1/0076/8301/4754/products/022342-00-003-01.jpg?v=1675515742|pos:3|alt:Held Held Air n Dry II Gloves – rear view || https://cdn.shopify.com/s/files/1/0076/8301/4754/products/022342-00-003-02.jpg?v=1675515742|pos:4|alt:Held Held Air n Dry II Gloves – detail view,4,Held Held Air n Dry II Gloves – front view | Held Held Air n Dry II Gloves – side view | Held Held Air n Dry II Gloves – rear view | Held Held Air n Dry II Gloves – detail view,,0,Held Air n Dry II Gloves,Held Air n Dry II Gloves. The Air n Dry II Motorcycle Glove is the ideal companion for your next adventure! • Upper hand made of CORDURA with leather trim..,Upper hand made of CORDURA with leather trim. Underhand made of highly abrasion-resistant kangaroo leather.,,"Chamber ""breezy"" unlined. Chamber ""dry"" with pique-push-pull lining.",,Available in multiple sizes. Check the size guide before ordering.,Held Air n Dry II Gloves — a riding Glov built to the specifications listed above.,true,draft,https://cdn.shopify.com/s/files/1/0076/8301/4754/products/022342-00-001-01.jpg?v=1675515743|role:hero || https://cdn.shopify.com/s/files/1/0076/8301/4754/products/022342-00-001-02.jpg?v=1675515742|role:construction detail || https://cdn.shopify.com/s/files/1/0076/8301/4754/products/022342-00-003-01.jpg?v=1675515742|role:side profile,3,false,/products/held-air-n-dry-ii-gloves,/products/held-air-n-dry-ii-gloves
held-springride-gloves,held-springride-gloves,Held Springride Gloves,Held Springride Gloves,held-springride-gloves,The Springride motorcycle glove is the ideal companion for your next adventure! • Goatskin backhand. • Underhand made of goatskin. • Soft cowhide. • Backhand with Thermoplush Fleece. Available in multiple sizes and/or colours — select your variant.,"The Springride motorcycle glove is the ideal companion for your next adventure!<br><br>
<strong data-mce-fragment=""1"">Features:</strong>
<ul data-mce-fragment=""1"">
<li data-mce-fragment=""1"">Goatskin backhand</li>
<li data-mce-fragment=""1"">Underhand made of goatskin</li>
<li data-mce-fragment=""1"">Soft cowhide</li>
<li data-mce-fragment=""1"">Backhand with Thermoplush Fleece</li>
<li data-mce-fragment=""1"">GORE-TEX membrane based on PTFE material permanently water-/windproof, breathable</li>
<li data-mce-fragment=""1"">Velcro closure on wrist and cuff</li>
<li data-mce-fragment=""1"">Special leather on index finger for operating smartphones</li>
<li data-mce-fragment=""1"">Visor wiper</li>
</ul>
<strong data-mce-fragment=""1"">Specifications:</strong>
<ul data-mce-fragment=""1"">
<li data-mce-fragment=""1"">EN 13594:2015 protective gloves for motorcyclists.</li>
<li data-mce-fragment=""1"">Knuckle protection tested (impact test for knuckle protection)</li>
<li data-mce-fragment=""1"">Knuckle shell underlaid with special foam</li>
<li data-mce-fragment=""1"">Knuckle protection by hard shell, covered with leather</li>
<li data-mce-fragment=""1"">palm/hand edge reinforcement in leather, underlaid with Held Armaprotec</li>
<li data-mce-fragment=""1"">Reflective inserts</li>
</ul>
<h3 data-mce-fragment=""1"">ADDITIONAL PRODUCT INFORMATION</h3>
<div data-mce-fragment=""1"">
<table class=""UserAttributes"" data-mce-fragment=""1"">
<tbody data-mce-fragment=""1"">
<tr data-mce-fragment=""1"">
<td class=""AttributeLabel VerticalAlignMiddle"" data-mce-fragment=""1"">Material</td>
<td class=""AttributeContent"" data-mce-fragment=""1"">Outer material made of 100% goatskin (Contains non-textile parts of animal origin)</td>
</tr>
</tbody>
</table>
</div>","The Springride motorcycle glove is the ideal companion for your next adventure!

Features:

• Goatskin backhand

• Underhand made of goatskin

• Soft cowhide

• Backhand with Thermoplush Fleece

• GORE-TEX membrane based on PTFE material permanently water-/windproof, breathable

• Velcro closure on wrist and cuff

• Special leather on index finger for operating smartphones

• Visor wiper

Specifications:

• EN 13594:2015 protective gloves for motorcyclists.

• Knuckle protection tested (impact test for knuckle protection)

• Knuckle shell underlaid with special foam

• Knuckle protection by hard shell, covered with leather

• palm/hand edge reinforcement in leather, underlaid with Held Armaprotec

• Reflective inserts

ADDITIONAL PRODUCT INFORMATION

Material | 
Outer material made of 100% goatskin (Contains non-textile parts of animal origin) |",22000,,2026-07-26,active,Held,3000,g,Buy Held Springride Gloves | Mile 27 Store,The Springride motorcycle glove is the ideal companion for your next adventure! Goatskin backhand. Underhand made of goatskin. Soft cowhide. Backhand with…,Goatskin backhand | Underhand made of goatskin | Soft cowhide | Backhand with Thermoplush Fleece,Cleaned noise; brand verified,High,false,Riding Gear > Riding Gloves,High,"Mapped from Shopify Type ""Riding Gloves""",held-springride-gloves-1|Size:7|price:22000.00|compare:|weight:3000|barcode:|qty:0 | held-springride-gloves-2|Size:8|price:22000.00|compare:|weight:3000|barcode:|qty:0 | held-springride-gloves-3|Size:9|price:22000.00|compare:|weight:3000|barcode:|qty:0 | held-springride-gloves-4|Size:10|price:22000.00|compare:|weight:3000|barcode:|qty:0 | held-springride-gloves-5|Size:11|price:22000.00|compare:|weight:3000|barcode:|qty:0 | held-springride-gloves-6|Size:12|price:22000.00|compare:|weight:3000|barcode:|qty:0,"held-springride-gloves-1,held-springride-gloves-2,held-springride-gloves-3,held-springride-gloves-4,held-springride-gloves-5,held-springride-gloves-6",6,https://cdn.shopify.com/s/files/1/0076/8301/4754/products/022340-00-001-01.jpg?v=1675515288|pos:1|alt:Held Held Springride Gloves – front view || https://cdn.shopify.com/s/files/1/0076/8301/4754/products/022340-00-001-02.jpg?v=1675515289|pos:2|alt:Held Held Springride Gloves – side view,2,Held Held Springride Gloves – front view | Held Held Springride Gloves – side view,,0,Held Springride Gloves,Held Springride Gloves. The Springride motorcycle glove is the ideal companion for your next adventure! • Goatskin backhand.,,,Goatskin backhand. Underhand made of goatskin. Soft cowhide. Backhand with Thermoplush Fleece.,,Available in multiple sizes. Check the size guide before ordering.,Held Springride Gloves — a riding Glov built to the specifications listed above.,true,draft,https://cdn.shopify.com/s/files/1/0076/8301/4754/products/022340-00-001-01.jpg?v=1675515288|role:hero || https://cdn.shopify.com/s/files/1/0076/8301/4754/products/022340-00-001-02.jpg?v=1675515289|role:construction detail,2,false,/products/held-springride-gloves,/products/held-springride-gloves
held-pentland-textile-pants,held-pentland-textile-pants,Held Pentland Textile Pants,Held Pentland Textile Pants,held-pentland-textile-pants,"The Pentland Motorcycle textile pants the perfect companion for your discovery tours. • Cordura 500 D. • breathable mesh lining. • Held-Tex-Z-Liner, waterproof, windproof and breathable. • 2 outside pockets. Available in multiple sizes and/or colours — select your variant.","The Pentland Motorcycle textile pants the perfect companion for your discovery tours.<br><br>
<strong data-mce-fragment=""1"">Features:</strong>
<ul data-mce-fragment=""1"">
<li data-mce-fragment=""1"">Cordura 500 D</li>
<li data-mce-fragment=""1"">breathable mesh lining</li>
<li data-mce-fragment=""1"">Held-Tex-Z-Liner, waterproof, windproof and breathable</li>
<li data-mce-fragment=""1"">2 outside pockets</li>
<li data-mce-fragment=""1"">Ventilation zippers</li>
<li data-mce-fragment=""1"">Stretch inserts on back and knees</li>
<li data-mce-fragment=""1"">Stretch inserts on thigh</li>
<li data-mce-fragment=""1"">Width adjustment at waistband, thighs</li>
<li data-mce-fragment=""1"">Zipper and velcro at leg end</li>
<li data-mce-fragment=""1"">Held Clip-in Technology</li>
<li data-mce-fragment=""1"">Anti-slip fabric on the buttocks</li>
</ul>
<strong>Specifications:</strong>
<ul data-mce-fragment=""1"">
<li data-mce-fragment=""1"">EN 17092, protective clothing for motorcyclists</li>
<li data-mce-fragment=""1"">Hip protectors, EN 1621-1:2012 retrofittable</li>
<li data-mce-fragment=""1"">pocket for retrofitting tailbone reinforcement, Art. 9315/92229</li>
<li data-mce-fragment=""1"">height adjustable soft protectors at the knee, EN 1621-1:2012, level 1</li>
<li data-mce-fragment=""1"">Reflective inserts</li>
<li data-mce-fragment=""1"">Connecting zipper</li>
</ul>","The Pentland Motorcycle textile pants the perfect companion for your discovery tours.

Features:

• Cordura 500 D

• breathable mesh lining

• Held-Tex-Z-Liner, waterproof, windproof and breathable

• 2 outside pockets

• Ventilation zippers

• Stretch inserts on back and knees

• Stretch inserts on thigh

• Width adjustment at waistband, thighs

• Zipper and velcro at leg end

• Held Clip-in Technology

• Anti-slip fabric on the buttocks

Specifications:

• EN 17092, protective clothing for motorcyclists

• Hip protectors, EN 1621-1:2012 retrofittable

• pocket for retrofitting tailbone reinforcement, Art. 9315/92229

• height adjustable soft protectors at the knee, EN 1621-1:2012, level 1

• Reflective inserts

• Connecting zipper",41000,,2026-07-26,active,Held,6000,g,Buy Held Pentland Textile Pants | Mile 27 Store,"The Pentland Motorcycle textile pants the perfect companion for your discovery tours. Cordura 500 D. breathable mesh lining. Held-Tex-Z-Liner, waterproof,…","Cordura 500 D | breathable mesh lining | Held-Tex-Z-Liner, waterproof, windproof and breathable | 2 outside pockets",Cleaned noise; brand verified,High,false,Riding Gear > Riding Pants > Textile Pants,High,"Refined by title keyword: ""\b(textile\s+pants|touring\s+pants)\b""",held-pentland-textile-pants-1|Size:S:Colour:Black|price:41000.00|compare:|weight:6000|barcode:|qty:0 | held-pentland-textile-pants-2|Size:S:Colour:Gray/Black|price:41000.00|compare:|weight:6000|barcode:|qty:0 | held-pentland-textile-pants-3|Size:M:Colour:Black|price:41000.00|compare:|weight:6000|barcode:|qty:0 | held-pentland-textile-pants-4|Size:M:Colour:Gray/Black|price:41000.00|compare:|weight:6000|barcode:|qty:0 | held-pentland-textile-pants-5|Size:L:Colour:Black|price:41000.00|compare:|weight:6000|barcode:|qty:0 | held-pentland-textile-pants-6|Size:L:Colour:Gray/Black|price:41000.00|compare:|weight:6000|barcode:|qty:0 | held-pentland-textile-pants-7|Size:XL:Colour:Black|price:41000.00|compare:|weight:6000|barcode:|qty:0 | held-pentland-textile-pants-8|Size:XL:Colour:Gray/Black|price:41000.00|compare:|weight:6000|barcode:|qty:0 | held-pentland-textile-pants-9|Size:2XL:Colour:Black|price:41000.00|compare:|weight:6000|barcode:|qty:0 | held-pentland-textile-pants-10|Size:2XL:Colour:Gray/Black|price:41000.00|compare:|weight:6000|barcode:|qty:0 | held-pentland-textile-pants-11|Size:3XL:Colour:Black|price:41000.00|compare:|weight:6000|barcode:|qty:0 | held-pentland-textile-pants-12|Size:3XL:Colour:Gray/Black|price:41000.00|compare:|weight:6000|barcode:|qty:0 | held-pentland-textile-pants-13|Size:4XL:Colour:Black|price:41000.00|compare:|weight:6000|barcode:|qty:0 | held-pentland-textile-pants-14|Size:4XL:Colour:Gray/Black|price:41000.00|compare:|weight:6000|barcode:|qty:0 | held-pentland-textile-pants-15|Size:5XL:Colour:Black|price:41000.00|compare:|weight:6000|barcode:|qty:0 | held-pentland-textile-pants-16|Size:5XL:Colour:Gray/Black|price:41000.00|compare:|weight:6000|barcode:|qty:0 | held-pentland-textile-pants-17|Size:6XL:Colour:Black|price:41000.00|compare:|weight:6000|barcode:|qty:0 | held-pentland-textile-pants-18|Size:6XL:Colour:Gray/Black|price:41000.00|compare:|weight:6000|barcode:|qty:0,"held-pentland-textile-pants-1,held-pentland-textile-pants-2,held-pentland-textile-pants-3,held-pentland-textile-pants-4,held-pentland-textile-pants-5,held-pentland-textile-pants-6,held-pentland-textile-pants-7,held-pentland-textile-pants-8,held-pentland-textile-pants-9,held-pentland-textile-pants-10,held-pentland-textile-pants-11,held-pentland-textile-pants-12,held-pentland-textile-pants-13,held-pentland-textile-pants-14,held-pentland-textile-pants-15,held-pentland-textile-pants-16,held-pentland-textile-pants-17,held-pentland-textile-pants-18",18,https://cdn.shopify.com/s/files/1/0076/8301/4754/products/062351-00-001-01.jpg?v=1675514590|pos:1|alt:Held Held Pentland Textile Pants – front view || https://cdn.shopify.com/s/files/1/0076/8301/4754/products/062351-00-001-02.jpg?v=1675514590|pos:2|alt:Held Held Pentland Textile Pants – side view || https://cdn.shopify.com/s/files/1/0076/8301/4754/products/062351-00-068-01.jpg?v=1675514591|pos:3|alt:Held Held Pentland Textile Pants – rear view || https://cdn.shopify.com/s/files/1/0076/8301/4754/products/062351-00-068-02.jpg?v=1675514591|pos:4|alt:Held Held Pentland Textile Pants – detail view,4,Held Held Pentland Textile Pants – front view | Held Held Pentland Textile Pants – side view | Held Held Pentland Textile Pants – rear view | Held Held Pentland Textile Pants – detail view,,0,Held Pentland Textile Pants,Held Pentland Textile Pants. The Pentland Motorcycle textile pants the perfect companion for your discovery tours.,breathable mesh lining.,"Held-Tex-Z-Liner, waterproof, windproof and breathable.",Cordura 500 D. 2 outside pockets.,,Available in multiple sizes. Check the size guide before ordering.,Held Pentland Textile Pants — a textile Pant built to the specifications listed above.,true,draft,https://cdn.shopify.com/s/files/1/0076/8301/4754/products/062351-00-001-01.jpg?v=1675514590|role:hero || https://cdn.shopify.com/s/files/1/0076/8301/4754/products/062351-00-001-02.jpg?v=1675514590|role:construction detail || https://cdn.shopify.com/s/files/1/0076/8301/4754/products/062351-00-068-01.jpg?v=1675514591|role:side profile,3,false,/products/held-pentland-textile-pants,/products/held-pentland-textile-pants
held-savona-2023-textile-jacket,held-savona-2023-textile-jacket,Held Savona 2023 Textile Jacket,Held Savona 2023 Textile Jacket,held-savona-2023-textile-jacket,"The Savona 2023 motorcycle jacket the perfect companion on your discovery tours. • HEROS®-TEC fabric 600 D. • breathable mesh lining. • removable thermal vest. • 2 outer pockets, 1 inner pocket and document pocket. Available in multiple sizes and/or colours — select your variant.","The Savona 2023 motorcycle jacket the perfect companion on your discovery tours.<br><br>
<strong data-mce-fragment=""1"">Features:</strong>
<ul data-mce-fragment=""1"">
<li data-mce-fragment=""1"">HEROS®-TEC fabric 600 D</li>
<li data-mce-fragment=""1"">breathable mesh lining</li>
<li data-mce-fragment=""1"">removable thermal vest</li>
<li data-mce-fragment=""1"">2 outer pockets, 1 inner pocket and document pocket</li>
<li data-mce-fragment=""1"">stretch inserts on the inner arm</li>
<li data-mce-fragment=""1"">double arm width adjustment</li>
<li data-mce-fragment=""1"">soft collar</li>
<li data-mce-fragment=""1"">Held Clip-in Technology</li>
</ul>
<strong data-mce-fragment=""1"">Specifications:</strong>
<ul data-mce-fragment=""1"">
<li data-mce-fragment=""1"">EN 17092, protective clothing for motorcyclists</li>
<li data-mce-fragment=""1"">Soft protectors on shoulder and elbow, EN 1621-1:2012, Level 1</li>
<li data-mce-fragment=""1"">Back protector retrofittable, EN 1621-2:2014</li>
<li data-mce-fragment=""1"">Velcro for retrofittable two-piece chest protector Art. 9784, EN 1621-3:2018, Level 1</li>
<li data-mce-fragment=""1"">Reflective prints</li>
<li data-mce-fragment=""1"">Connecting zipper</li>
</ul>","The Savona 2023 motorcycle jacket the perfect companion on your discovery tours.

Features:

• HEROS®-TEC fabric 600 D

• breathable mesh lining

• removable thermal vest

• 2 outer pockets, 1 inner pocket and document pocket

• stretch inserts on the inner arm

• double arm width adjustment

• soft collar

• Held Clip-in Technology

Specifications:

• EN 17092, protective clothing for motorcyclists

• Soft protectors on shoulder and elbow, EN 1621-1:2012, Level 1

• Back protector retrofittable, EN 1621-2:2014

• Velcro for retrofittable two-piece chest protector Art. 9784, EN 1621-3:2018, Level 1

• Reflective prints

• Connecting zipper",50000,,2026-07-26,active,Held,6000,g,Buy Held Savona 2023 Textile Jacket | Mile 27 Store,The Savona 2023 motorcycle jacket the perfect companion on your discovery tours. HEROS®-TEC fabric 600 D. breathable mesh lining. removable thermal vest.…,"HEROS®-TEC fabric 600 D | breathable mesh lining | removable thermal vest | 2 outer pockets, 1 inner pocket and document pocket",Cleaned noise; brand verified,High,false,Riding Gear > Riding Jackets > Textile Jackets,High,"Refined by title keyword: ""\b(textile\s+jacket|touring\s+jacket|adventure\s+jacket)\b""",held-savona-2023-textile-jacket-1|Size:S:Colour:Black|price:50000.00|compare:|weight:6000|barcode:|qty:0 | held-savona-2023-textile-jacket-2|Size:S:Colour:Black/Red|price:50000.00|compare:|weight:6000|barcode:|qty:0 | held-savona-2023-textile-jacket-3|Size:M:Colour:Black|price:50000.00|compare:|weight:6000|barcode:|qty:0 | held-savona-2023-textile-jacket-4|Size:M:Colour:Black/Red|price:50000.00|compare:|weight:6000|barcode:|qty:0 | held-savona-2023-textile-jacket-5|Size:L:Colour:Black|price:50000.00|compare:|weight:6000|barcode:|qty:0 | held-savona-2023-textile-jacket-6|Size:L:Colour:Black/Red|price:50000.00|compare:|weight:6000|barcode:|qty:0 | held-savona-2023-textile-jacket-7|Size:XL:Colour:Black|price:50000.00|compare:|weight:6000|barcode:|qty:0 | held-savona-2023-textile-jacket-8|Size:XL:Colour:Black/Red|price:50000.00|compare:|weight:6000|barcode:|qty:0 | held-savona-2023-textile-jacket-9|Size:2XL:Colour:Black|price:50000.00|compare:|weight:6000|barcode:|qty:0 | held-savona-2023-textile-jacket-10|Size:2XL:Colour:Black/Red|price:50000.00|compare:|weight:6000|barcode:|qty:0 | held-savona-2023-textile-jacket-11|Size:3XL:Colour:Black|price:50000.00|compare:|weight:6000|barcode:|qty:0 | held-savona-2023-textile-jacket-12|Size:3XL:Colour:Black/Red|price:50000.00|compare:|weight:6000|barcode:|qty:0 | held-savona-2023-textile-jacket-13|Size:4XL:Colour:Black|price:50000.00|compare:|weight:6000|barcode:|qty:0 | held-savona-2023-textile-jacket-14|Size:4XL:Colour:Black/Red|price:50000.00|compare:|weight:6000|barcode:|qty:0 | held-savona-2023-textile-jacket-15|Size:5XL:Colour:Black|price:50000.00|compare:|weight:6000|barcode:|qty:0 | held-savona-2023-textile-jacket-16|Size:5XL:Colour:Black/Red|price:50000.00|compare:|weight:6000|barcode:|qty:0 | held-savona-2023-textile-jacket-17|Size:6XL:Colour:Black|price:50000.00|compare:|weight:6000|barcode:|qty:0 | held-savona-2023-textile-jacket-18|Size:6XL:Colour:Black/Red|price:50000.00|compare:|weight:6000|barcode:|qty:0,"held-savona-2023-textile-jacket-1,held-savona-2023-textile-jacket-2,held-savona-2023-textile-jacket-3,held-savona-2023-textile-jacket-4,held-savona-2023-textile-jacket-5,held-savona-2023-textile-jacket-6,held-savona-2023-textile-jacket-7,held-savona-2023-textile-jacket-8,held-savona-2023-textile-jacket-9,held-savona-2023-textile-jacket-10,held-savona-2023-textile-jacket-11,held-savona-2023-textile-jacket-12,held-savona-2023-textile-jacket-13,held-savona-2023-textile-jacket-14,held-savona-2023-textile-jacket-15,held-savona-2023-textile-jacket-16,held-savona-2023-textile-jacket-17,held-savona-2023-textile-jacket-18",18,https://cdn.shopify.com/s/files/1/0076/8301/4754/products/062345-00-1_-_Kopie.jpg?v=1675514052|pos:1|alt:Held Held Savona 2023 Textile Jacket – front view || https://cdn.shopify.com/s/files/1/0076/8301/4754/products/062345-00-2_-_Kopie.jpg?v=1675514052|pos:2|alt:Held Held Savona 2023 Textile Jacket – side view,2,Held Held Savona 2023 Textile Jacket – front view | Held Held Savona 2023 Textile Jacket – side view,,0,Held Savona 2023 Textile Jacket,Held Savona 2023 Textile Jacket. The Savona 2023 motorcycle jacket the perfect companion on your discovery tours.,breathable mesh lining.,,"HEROS®-TEC fabric 600 D. removable thermal vest. 2 outer pockets, 1 inner pocket and document pocket.",,Available in multiple sizes. Check the size guide before ordering.,Held Savona 2023 Textile Jacket — a textile Jacket built to the specifications listed above.,true,draft,https://cdn.shopify.com/s/files/1/0076/8301/4754/products/062345-00-1_-_Kopie.jpg?v=1675514052|role:hero || https://cdn.shopify.com/s/files/1/0076/8301/4754/products/062345-00-2_-_Kopie.jpg?v=1675514052|role:construction detail,2,false,/products/held-savona-2023-textile-jacket,/products/held-savona-2023-textile-jacket
held-savona-2023-textile-pants,held-savona-2023-textile-pants,Held Savona 2023 Textile Pants,Held Savona 2023 Textile Pants,held-savona-2023-textile-pants,The Savona 2023 Motorcycle textile pants the perfect companion on your discovery tours. • HEROS®-TEC fabric 600 D. • breathable mesh lining. • GORE-TEX Z-Liner technology. • 2 outside pockets. Available in multiple sizes and/or colours — select your variant.,"The Savona 2023 Motorcycle textile pants the perfect companion on your discovery tours.<br><br>
<strong data-mce-fragment=""1"">Features:</strong>
<ul data-mce-fragment=""1"">
<li data-mce-fragment=""1"">HEROS®-TEC fabric 600 D</li>
<li data-mce-fragment=""1"">breathable mesh lining</li>
<li data-mce-fragment=""1"">GORE-TEX Z-Liner technology</li>
<li data-mce-fragment=""1"">2 outside pockets</li>
<li data-mce-fragment=""1"">stretch inserts at back and knees</li>
<li data-mce-fragment=""1"">Stretch inserts on thigh</li>
<li data-mce-fragment=""1"">Hip width adjustment</li>
<li data-mce-fragment=""1"">Held Clip-in Technology</li>
<li data-mce-fragment=""1"">Zipper and velcro at leg end</li>
<li data-mce-fragment=""1"">Anti-slip fabric on the buttocks</li>
</ul>
<strong data-mce-fragment=""1"">Specifications:</strong>
<ul data-mce-fragment=""1"">
<li data-mce-fragment=""1"">EN 17092, protective clothing for motorcyclists</li>
<li data-mce-fragment=""1"">height adjustable soft protectors at the knee, EN 1621-1:2012, level 1</li>
<li data-mce-fragment=""1"">hip protectors, EN 1621-1:2012</li>
<li data-mce-fragment=""1"">pocket for subsequent equipment for coccyx reinforcement, Art. 9315/92229</li>
<li data-mce-fragment=""1"">Reflective inserts</li>
<li data-mce-fragment=""1"">Connecting zipper</li>
</ul>","The Savona 2023 Motorcycle textile pants the perfect companion on your discovery tours.

Features:

• HEROS®-TEC fabric 600 D

• breathable mesh lining

• GORE-TEX Z-Liner technology

• 2 outside pockets

• stretch inserts at back and knees

• Stretch inserts on thigh

• Hip width adjustment

• Held Clip-in Technology

• Zipper and velcro at leg end

• Anti-slip fabric on the buttocks

Specifications:

• EN 17092, protective clothing for motorcyclists

• height adjustable soft protectors at the knee, EN 1621-1:2012, level 1

• hip protectors, EN 1621-1:2012

• pocket for subsequent equipment for coccyx reinforcement, Art. 9315/92229

• Reflective inserts

• Connecting zipper",44000,,2026-07-26,active,Held,6000,g,Buy Held Savona 2023 Textile Pants | Mile 27 Store,The Savona 2023 Motorcycle textile pants the perfect companion on your discovery tours. HEROS®-TEC fabric 600 D. breathable mesh lining. GORE-TEX Z-Liner…,HEROS®-TEC fabric 600 D | breathable mesh lining | GORE-TEX Z-Liner technology | 2 outside pockets,Cleaned noise; brand verified,High,false,Riding Gear > Riding Pants > Textile Pants,High,"Refined by title keyword: ""\b(textile\s+pants|touring\s+pants)\b""",held-savona-2023-textile-pants-1|Size:S|price:44000.00|compare:|weight:6000|barcode:|qty:0 | held-savona-2023-textile-pants-2|Size:M|price:44000.00|compare:|weight:6000|barcode:|qty:0 | held-savona-2023-textile-pants-3|Size:L|price:44000.00|compare:|weight:6000|barcode:|qty:0 | held-savona-2023-textile-pants-4|Size:XL|price:44000.00|compare:|weight:6000|barcode:|qty:0 | held-savona-2023-textile-pants-5|Size:2XL|price:44000.00|compare:|weight:6000|barcode:|qty:0 | held-savona-2023-textile-pants-6|Size:3XL|price:44000.00|compare:|weight:6000|barcode:|qty:0 | held-savona-2023-textile-pants-7|Size:4XL|price:44000.00|compare:|weight:6000|barcode:|qty:0 | held-savona-2023-textile-pants-8|Size:5XL|price:44000.00|compare:|weight:6000|barcode:|qty:0 | held-savona-2023-textile-pants-9|Size:6XL|price:44000.00|compare:|weight:6000|barcode:|qty:0,"held-savona-2023-textile-pants-1,held-savona-2023-textile-pants-2,held-savona-2023-textile-pants-3,held-savona-2023-textile-pants-4,held-savona-2023-textile-pants-5,held-savona-2023-textile-pants-6,held-savona-2023-textile-pants-7,held-savona-2023-textile-pants-8,held-savona-2023-textile-pants-9",9,https://cdn.shopify.com/s/files/1/0076/8301/4754/products/savona_base.jpg?v=1675513571|pos:1|alt:Held Held Savona 2023 Textile Pants – front view,1,Held Held Savona 2023 Textile Pants – front view,,0,Held Savona 2023 Textile Pants,Held Savona 2023 Textile Pants. The Savona 2023 Motorcycle textile pants the perfect companion on your discovery tours.,breathable mesh lining.,GORE-TEX Z-Liner technology.,HEROS®-TEC fabric 600 D. 2 outside pockets.,,Available in multiple sizes. Check the size guide before ordering.,Held Savona 2023 Textile Pants — a textile Pant built to the specifications listed above.,true,draft,https://cdn.shopify.com/s/files/1/0076/8301/4754/products/savona_base.jpg?v=1675513571|role:hero,1,false,/products/held-savona-2023-textile-pants,/products/held-savona-2023-textile-pants
held-akira-rr-gloves,held-akira-rr-gloves,Held Akira RR Gloves,Held Akira RR Gloves,held-akira-rr-gloves,"Outer material made of 100% goatskin, lining made of 100% polyester (Contains non-textile parts of animal origin) | • Upper hand made of goatskin leather. • Underhand made of highly abrasion resistant kangaroo leather. • colorfast and sweat resistant. • Underhand unlined. Available in multiple sizes and/or colours — select your variant.","<strong data-mce-fragment=""1"">Features:</strong>
<ul data-mce-fragment=""1"">
<li data-mce-fragment=""1"">Upper hand made of goatskin leather</li>
<li data-mce-fragment=""1"">Underhand made of highly abrasion resistant kangaroo leather</li>
<li data-mce-fragment=""1"">colorfast and sweat resistant</li>
<li data-mce-fragment=""1"">Underhand unlined</li>
<li data-mce-fragment=""1"">open-edged special seam</li>
<li data-mce-fragment=""1"">leather stretch inserts on backhand and fingers</li>
<li data-mce-fragment=""1"">tunnel wrist strap</li>
<li data-mce-fragment=""1"">Velcro wrist and cuff closure</li>
<li data-mce-fragment=""1"">Upper hand perforated</li>
<li data-mce-fragment=""1"">Special leather on index finger for operating smartphones</li>
</ul>
<strong data-mce-fragment=""1"">Specifications:</strong>
<ul data-mce-fragment=""1"">
<li data-mce-fragment=""1"">EN 13594:2015 ""Protective gloves for motorcyclists""</li>
<li data-mce-fragment=""1"">Ball of the hand underlaid with Held Armaprotec</li>
<li data-mce-fragment=""1"">Knuckle protector tested (impact test for knuckle protectors)</li>
<li data-mce-fragment=""1"">Titanium knuckle shell</li>
<li data-mce-fragment=""1"">Ball of the hand/hand edge reinforcement with SuperFabric®-brand material</li>
<li data-mce-fragment=""1"">Upper hand fully underlaid with Held Armaprotec</li>
<li data-mce-fragment=""1"">palm protection by SuperFabric®-brand material</li>
<li data-mce-fragment=""1"">Hard plastic shell to protect the little finger from twisting</li>
<li data-mce-fragment=""1"">side shell made of hard plastic</li>
</ul>
<h3 data-mce-fragment=""1"">ADDITIONAL PRODUCT INFORMATION</h3>
<div data-mce-fragment=""1"">
<table class=""UserAttributes"" data-mce-fragment=""1"">
<tbody data-mce-fragment=""1"">
<tr data-mce-fragment=""1"">
<td class=""AttributeLabel VerticalAlignMiddle"" data-mce-fragment=""1"">Material</td>
<td class=""AttributeContent"" data-mce-fragment=""1"">Outer material made of 100% goatskin, lining made of 100% polyester (Contains non-textile parts of animal origin)</td>
</tr>
</tbody>
</table>
</div>","Features:

• Upper hand made of goatskin leather

• Underhand made of highly abrasion resistant kangaroo leather

• colorfast and sweat resistant

• Underhand unlined

• open-edged special seam

• leather stretch inserts on backhand and fingers

• tunnel wrist strap

• Velcro wrist and cuff closure

• Upper hand perforated

• Special leather on index finger for operating smartphones

Specifications:

• EN 13594:2015 ""Protective gloves for motorcyclists""

• Ball of the hand underlaid with Held Armaprotec

• Knuckle protector tested (impact test for knuckle protectors)

• Titanium knuckle shell

• Ball of the hand/hand edge reinforcement with SuperFabric®-brand material

• Upper hand fully underlaid with Held Armaprotec

• palm protection by SuperFabric®-brand material

• Hard plastic shell to protect the little finger from twisting

• side shell made of hard plastic

ADDITIONAL PRODUCT INFORMATION

Material | 
Outer material made of 100% goatskin, lining made of 100% polyester (Contains non-textile parts of animal origin) |",29000,,2026-07-26,active,Held,3000,g,Buy Held Akira RR Gloves | Mile 27 Store,"Outer material made of 100% goatskin, lining made of 100% polyester (Contains non-textile parts of animal origin) , Upper hand made of goatskin leather.…",Upper hand made of goatskin leather | Underhand made of highly abrasion resistant kangaroo leather | colorfast and sweat resistant | Underhand unlined,Cleaned noise; brand verified,High,false,Riding Gear > Riding Gloves,High,"Mapped from Shopify Type ""Riding Gloves""",held-akira-rr-gloves-1|Size:7:Colour:Black|price:29000.00|compare:|weight:3000|barcode:|qty:0 | held-akira-rr-gloves-2|Size:7:Colour:Black/White|price:29000.00|compare:|weight:3000|barcode:|qty:0 | held-akira-rr-gloves-3|Size:7:Colour:Black/White/Red|price:29000.00|compare:|weight:3000|barcode:|qty:0 | held-akira-rr-gloves-4|Size:7:Colour:Black/Yellow|price:29000.00|compare:|weight:3000|barcode:|qty:0 | held-akira-rr-gloves-5|Size:8:Colour:Black|price:29000.00|compare:|weight:3000|barcode:|qty:0 | held-akira-rr-gloves-6|Size:8:Colour:Black/White|price:29000.00|compare:|weight:3000|barcode:|qty:0 | held-akira-rr-gloves-7|Size:8:Colour:Black/White/Red|price:29000.00|compare:|weight:3000|barcode:|qty:0 | held-akira-rr-gloves-8|Size:8:Colour:Black/Yellow|price:29000.00|compare:|weight:3000|barcode:|qty:0 | held-akira-rr-gloves-9|Size:9:Colour:Black|price:29000.00|compare:|weight:3000|barcode:|qty:0 | held-akira-rr-gloves-10|Size:9:Colour:Black/White|price:29000.00|compare:|weight:3000|barcode:|qty:0 | held-akira-rr-gloves-11|Size:9:Colour:Black/White/Red|price:29000.00|compare:|weight:3000|barcode:|qty:0 | held-akira-rr-gloves-12|Size:9:Colour:Black/Yellow|price:29000.00|compare:|weight:3000|barcode:|qty:0 | held-akira-rr-gloves-13|Size:10:Colour:Black|price:29000.00|compare:|weight:3000|barcode:|qty:0 | held-akira-rr-gloves-14|Size:10:Colour:Black/White|price:29000.00|compare:|weight:3000|barcode:|qty:0 | held-akira-rr-gloves-15|Size:10:Colour:Black/White/Red|price:29000.00|compare:|weight:3000|barcode:|qty:0 | held-akira-rr-gloves-16|Size:10:Colour:Black/Yellow|price:29000.00|compare:|weight:3000|barcode:|qty:0 | held-akira-rr-gloves-17|Size:11:Colour:Black|price:29000.00|compare:|weight:3000|barcode:|qty:0 | held-akira-rr-gloves-18|Size:11:Colour:Black/White|price:29000.00|compare:|weight:3000|barcode:|qty:0 | held-akira-rr-gloves-19|Size:11:Colour:Black/White/Red|price:29000.00|compare:|weight:3000|barcode:|qty:0 | held-akira-rr-gloves-20|Size:11:Colour:Black/Yellow|price:29000.00|compare:|weight:3000|barcode:|qty:0 | held-akira-rr-gloves-21|Size:12:Colour:Black|price:29000.00|compare:|weight:3000|barcode:|qty:0 | held-akira-rr-gloves-22|Size:12:Colour:Black/White|price:29000.00|compare:|weight:3000|barcode:|qty:0 | held-akira-rr-gloves-23|Size:12:Colour:Black/White/Red|price:29000.00|compare:|weight:3000|barcode:|qty:0 | held-akira-rr-gloves-24|Size:12:Colour:Black/Yellow|price:29000.00|compare:|weight:3000|barcode:|qty:0,"held-akira-rr-gloves-1,held-akira-rr-gloves-2,held-akira-rr-gloves-3,held-akira-rr-gloves-4,held-akira-rr-gloves-5,held-akira-rr-gloves-6,held-akira-rr-gloves-7,held-akira-rr-gloves-8,held-akira-rr-gloves-9,held-akira-rr-gloves-10,held-akira-rr-gloves-11,held-akira-rr-gloves-12,held-akira-rr-gloves-13,held-akira-rr-gloves-14,held-akira-rr-gloves-15,held-akira-rr-gloves-16,held-akira-rr-gloves-17,held-akira-rr-gloves-18,held-akira-rr-gloves-19,held-akira-rr-gloves-20,held-akira-rr-gloves-21,held-akira-rr-gloves-22,held-akira-rr-gloves-23,held-akira-rr-gloves-24",24,https://cdn.shopify.com/s/files/1/0076/8301/4754/products/022310-00-001-01.jpg?v=1675512838|pos:1|alt:Held Held Akira RR Gloves – front view || https://cdn.shopify.com/s/files/1/0076/8301/4754/products/022310-00-001-02.jpg?v=1675512841|pos:2|alt:Held Held Akira RR Gloves – side view || https://cdn.shopify.com/s/files/1/0076/8301/4754/products/022310-00-014-01.jpg?v=1675512841|pos:3|alt:Held Held Akira RR Gloves – rear view || https://cdn.shopify.com/s/files/1/0076/8301/4754/products/022310-00-014-02.jpg?v=1675512840|pos:4|alt:Held Held Akira RR Gloves – detail view || https://cdn.shopify.com/s/files/1/0076/8301/4754/products/022310-00-007-01.jpg?v=1675512840|pos:5|alt:Held Held Akira RR Gloves – top view || https://cdn.shopify.com/s/files/1/0076/8301/4754/products/022310-00-058-01.jpg?v=1675512839|pos:6|alt:Held Held Akira RR Gloves – product view || https://cdn.shopify.com/s/files/1/0076/8301/4754/products/022310-00-007-02.jpg?v=1675512839|pos:7|alt:Held Held Akira RR Gloves – product view,7,Held Held Akira RR Gloves – front view | Held Held Akira RR Gloves – side view | Held Held Akira RR Gloves – rear view | Held Held Akira RR Gloves – detail view | Held Held Akira RR Gloves – top view | Held Held Akira RR Gloves – product view,,0,Held Akira RR Gloves,"Held Akira RR Gloves. Outer material made of 100% goatskin, lining made of 100% polyester (Contains non-textile parts of animal origin) | • Upper hand made of goatskin leather.",Upper hand made of goatskin leather. Underhand made of highly abrasion resistant kangaroo leather.,,colorfast and sweat resistant. Underhand unlined.,,Available in multiple sizes. Check the size guide before ordering.,Held Akira RR Gloves — a riding Glov built to the specifications listed above.,true,draft,https://cdn.shopify.com/s/files/1/0076/8301/4754/products/022310-00-001-01.jpg?v=1675512838|role:hero || https://cdn.shopify.com/s/files/1/0076/8301/4754/products/022310-00-001-02.jpg?v=1675512841|role:construction detail || https://cdn.shopify.com/s/files/1/0076/8301/4754/products/022310-00-014-01.jpg?v=1675512841|role:side profile,3,false,/products/held-akira-rr-gloves,/products/held-akira-rr-gloves
held-sonic-ii-textile-jacket,held-sonic-ii-textile-jacket,Held Sonic II Textile Jacket,Held Sonic II Textile Jacket,held-sonic-ii-textile-jacket,"The Motorcycle jacket Sonic II is not only sporty, but also convinces with safety at a high level. • AIRGUARD 400 D. • Lining. • 3D Air-Mesh insert on the back. • breathable mesh lining. Available in multiple sizes and/or colours — select your variant.","The Motorcycle jacket Sonic II is not only sporty, but also convinces with safety at a high level.<br><br> <strong data-mce-fragment=""1"">Features:</strong>
<ul data-mce-fragment=""1"">
<li data-mce-fragment=""1"">AIRGUARD 400 D</li>
<li data-mce-fragment=""1"">Lining</li>
<li data-mce-fragment=""1"">3D Air-Mesh insert on the back</li>
<li data-mce-fragment=""1"">breathable mesh lining</li>
<li data-mce-fragment=""1"">outside pockets, 1 inside pocket and cell phone pocket inside</li>
<li data-mce-fragment=""1"">front zipper can also be used as ACS (Air-Vent)</li>
<li data-mce-fragment=""1"">air-permeable mesh inserts on front, back and arms</li>
<li data-mce-fragment=""1"">stretch inserts on shoulders and elbows</li>
<li data-mce-fragment=""1"">Arm width adjustment</li>
<li data-mce-fragment=""1"">soft collar</li>
<li data-mce-fragment=""1"">Hip width adjustment</li>
<li data-mce-fragment=""1"">Held Clip-in Technology</li>
</ul>
<strong data-mce-fragment=""1"">Specifications:</strong>
<ul data-mce-fragment=""1"">
<li data-mce-fragment=""1"">EN 17092, protective clothing for motorcyclists</li>
<li data-mce-fragment=""1"">Soft protectors on shoulder and elbow, EN 1621-1:2012, Level 1</li>
<li data-mce-fragment=""1"">Back protector retrofittable, EN 1621-2:201</li>
<li data-mce-fragment=""1"">Reflective inserts</li>
<li data-mce-fragment=""1"">Connecting zipper</li>
</ul>","The Motorcycle jacket Sonic II is not only sporty, but also convinces with safety at a high level.

 Features:

• AIRGUARD 400 D

• Lining

• 3D Air-Mesh insert on the back

• breathable mesh lining

• outside pockets, 1 inside pocket and cell phone pocket inside

• front zipper can also be used as ACS (Air-Vent)

• air-permeable mesh inserts on front, back and arms

• stretch inserts on shoulders and elbows

• Arm width adjustment

• soft collar

• Hip width adjustment

• Held Clip-in Technology

Specifications:

• EN 17092, protective clothing for motorcyclists

• Soft protectors on shoulder and elbow, EN 1621-1:2012, Level 1

• Back protector retrofittable, EN 1621-2:201

• Reflective inserts

• Connecting zipper",28000,,2026-07-26,active,Held,6000,g,Buy Held Sonic II Textile Jacket | Mile 27 Store,"The Motorcycle jacket Sonic II is not only sporty, but also convinces with safety at a high level. AIRGUARD 400 D. Lining. 3D Air-Mesh insert on the back.…",AIRGUARD 400 D | Lining | 3D Air-Mesh insert on the back | breathable mesh lining,Cleaned noise; brand verified,High,false,Riding Gear > Riding Jackets > Textile Jackets,High,"Refined by title keyword: ""\b(textile\s+jacket|touring\s+jacket|adventure\s+jacket)\b""",held-sonic-ii-textile-jacket-1|Size:S:Colour:Black|price:28000.00|compare:|weight:6000|barcode:|qty:0 | held-sonic-ii-textile-jacket-2|Size:S:Colour:Grey/Black|price:28000.00|compare:|weight:6000|barcode:|qty:0 | held-sonic-ii-textile-jacket-3|Size:S:Colour:Grey/Blue|price:28000.00|compare:|weight:6000|barcode:|qty:0 | held-sonic-ii-textile-jacket-4|Size:S:Colour:Military Green|price:28000.00|compare:|weight:6000|barcode:|qty:0 | held-sonic-ii-textile-jacket-5|Size:M:Colour:Black|price:28000.00|compare:|weight:6000|barcode:|qty:0 | held-sonic-ii-textile-jacket-6|Size:M:Colour:Grey/Black|price:28000.00|compare:|weight:6000|barcode:|qty:0 | held-sonic-ii-textile-jacket-7|Size:M:Colour:Grey/Blue|price:28000.00|compare:|weight:6000|barcode:|qty:0 | held-sonic-ii-textile-jacket-8|Size:M:Colour:Military Green|price:28000.00|compare:|weight:6000|barcode:|qty:0 | held-sonic-ii-textile-jacket-9|Size:L:Colour:Black|price:28000.00|compare:|weight:6000|barcode:|qty:0 | held-sonic-ii-textile-jacket-10|Size:L:Colour:Grey/Black|price:28000.00|compare:|weight:6000|barcode:|qty:0 | held-sonic-ii-textile-jacket-11|Size:L:Colour:Grey/Blue|price:28000.00|compare:|weight:6000|barcode:|qty:0 | held-sonic-ii-textile-jacket-12|Size:L:Colour:Military Green|price:28000.00|compare:|weight:6000|barcode:|qty:0 | held-sonic-ii-textile-jacket-13|Size:XL:Colour:Black|price:28000.00|compare:|weight:6000|barcode:|qty:0 | held-sonic-ii-textile-jacket-14|Size:XL:Colour:Grey/Black|price:28000.00|compare:|weight:6000|barcode:|qty:0 | held-sonic-ii-textile-jacket-15|Size:XL:Colour:Grey/Blue|price:28000.00|compare:|weight:6000|barcode:|qty:0 | held-sonic-ii-textile-jacket-16|Size:XL:Colour:Military Green|price:28000.00|compare:|weight:6000|barcode:|qty:0 | held-sonic-ii-textile-jacket-17|Size:2XL:Colour:Black|price:28000.00|compare:|weight:6000|barcode:|qty:0 | held-sonic-ii-textile-jacket-18|Size:2XL:Colour:Grey/Black|price:28000.00|compare:|weight:6000|barcode:|qty:0 | held-sonic-ii-textile-jacket-19|Size:2XL:Colour:Grey/Blue|price:28000.00|compare:|weight:6000|barcode:|qty:0 | held-sonic-ii-textile-jacket-20|Size:2XL:Colour:Military Green|price:28000.00|compare:|weight:6000|barcode:|qty:0 | held-sonic-ii-textile-jacket-21|Size:3XL:Colour:Black|price:28000.00|compare:|weight:6000|barcode:|qty:0 | held-sonic-ii-textile-jacket-22|Size:3XL:Colour:Grey/Black|price:28000.00|compare:|weight:6000|barcode:|qty:0 | held-sonic-ii-textile-jacket-23|Size:3XL:Colour:Grey/Blue|price:28000.00|compare:|weight:6000|barcode:|qty:0 | held-sonic-ii-textile-jacket-24|Size:3XL:Colour:Military Green|price:28000.00|compare:|weight:6000|barcode:|qty:0 | held-sonic-ii-textile-jacket-25|Size:4XL:Colour:Black|price:28000.00|compare:|weight:6000|barcode:|qty:0 | held-sonic-ii-textile-jacket-26|Size:4XL:Colour:Grey/Black|price:28000.00|compare:|weight:6000|barcode:|qty:0 | held-sonic-ii-textile-jacket-27|Size:4XL:Colour:Grey/Blue|price:28000.00|compare:|weight:6000|barcode:|qty:0 | held-sonic-ii-textile-jacket-28|Size:4XL:Colour:Military Green|price:28000.00|compare:|weight:6000|barcode:|qty:0 | held-sonic-ii-textile-jacket-29|Size:5XL:Colour:Black|price:28000.00|compare:|weight:6000|barcode:|qty:0 | held-sonic-ii-textile-jacket-30|Size:5XL:Colour:Grey/Black|price:28000.00|compare:|weight:6000|barcode:|qty:0 | held-sonic-ii-textile-jacket-31|Size:5XL:Colour:Grey/Blue|price:28000.00|compare:|weight:6000|barcode:|qty:0 | held-sonic-ii-textile-jacket-32|Size:5XL:Colour:Military Green|price:28000.00|compare:|weight:6000|barcode:|qty:0,"held-sonic-ii-textile-jacket-1,held-sonic-ii-textile-jacket-2,held-sonic-ii-textile-jacket-3,held-sonic-ii-textile-jacket-4,held-sonic-ii-textile-jacket-5,held-sonic-ii-textile-jacket-6,held-sonic-ii-textile-jacket-7,held-sonic-ii-textile-jacket-8,held-sonic-ii-textile-jacket-9,held-sonic-ii-textile-jacket-10,held-sonic-ii-textile-jacket-11,held-sonic-ii-textile-jacket-12,held-sonic-ii-textile-jacket-13,held-sonic-ii-textile-jacket-14,held-sonic-ii-textile-jacket-15,held-sonic-ii-textile-jacket-16,held-sonic-ii-textile-jacket-17,held-sonic-ii-textile-jacket-18,held-sonic-ii-textile-jacket-19,held-sonic-ii-textile-jacket-20,held-sonic-ii-textile-jacket-21,held-sonic-ii-textile-jacket-22,held-sonic-ii-textile-jacket-23,held-sonic-ii-textile-jacket-24,held-sonic-ii-textile-jacket-25,held-sonic-ii-textile-jacket-26,held-sonic-ii-textile-jacket-27,held-sonic-ii-textile-jacket-28,held-sonic-ii-textile-jacket-29,held-sonic-ii-textile-jacket-30,held-sonic-ii-textile-jacket-31,held-sonic-ii-textile-jacket-32",32,https://cdn.shopify.com/s/files/1/0076/8301/4754/products/062335-00-001-01.jpg?v=1675511951|pos:1|alt:Held Held Sonic II Textile Jacket – front view || https://cdn.shopify.com/s/files/1/0076/8301/4754/products/062335-00-001-02.jpg?v=1675511951|pos:2|alt:Held Held Sonic II Textile Jacket – side view || https://cdn.shopify.com/s/files/1/0076/8301/4754/products/062335-00-068-01.jpg?v=1675511950|pos:3|alt:Held Held Sonic II Textile Jacket – rear view || https://cdn.shopify.com/s/files/1/0076/8301/4754/products/062335-00-068-02.jpg?v=1675511952|pos:4|alt:Held Held Sonic II Textile Jacket – detail view || https://cdn.shopify.com/s/files/1/0076/8301/4754/products/062335-00-069-01.jpg?v=1675511950|pos:5|alt:Held Held Sonic II Textile Jacket – top view || https://cdn.shopify.com/s/files/1/0076/8301/4754/products/062335-00-069-02.jpg?v=1675511950|pos:6|alt:Held Held Sonic II Textile Jacket – product view || https://cdn.shopify.com/s/files/1/0076/8301/4754/products/062335-00-200-01.jpg?v=1675511953|pos:7|alt:Held Held Sonic II Textile Jacket – product view || https://cdn.shopify.com/s/files/1/0076/8301/4754/products/062335-00-200-02.jpg?v=1675511952|pos:8|alt:Held Held Sonic II Textile Jacket – product view,8,Held Held Sonic II Textile Jacket – front view | Held Held Sonic II Textile Jacket – side view | Held Held Sonic II Textile Jacket – rear view | Held Held Sonic II Textile Jacket – detail view | Held Held Sonic II Textile Jacket – top view | Held Held Sonic II Textile Jacket – product view,,0,Held Sonic II Textile Jacket,"Held Sonic II Textile Jacket. The Motorcycle jacket Sonic II is not only sporty, but also convinces with safety at a high level.",3D Air-Mesh insert on the back. breathable mesh lining.,,AIRGUARD 400 D. Lining.,,Available in multiple sizes. Check the size guide before ordering.,Held Sonic II Textile Jacket — a textile Jacket built to the specifications listed above.,true,draft,https://cdn.shopify.com/s/files/1/0076/8301/4754/products/062335-00-001-01.jpg?v=1675511951|role:hero || https://cdn.shopify.com/s/files/1/0076/8301/4754/products/062335-00-001-02.jpg?v=1675511951|role:construction detail || https://cdn.shopify.com/s/files/1/0076/8301/4754/products/062335-00-068-01.jpg?v=1675511950|role:side profile,3,false,/products/held-sonic-ii-textile-jacket,/products/held-sonic-ii-textile-jacket
held-vento-ii-textile-pants,held-vento-ii-textile-pants,Held Vento II Textile Pants,Held Vento II Textile Pants,held-vento-ii-textile-pants,The Vento II Motorcycle Textile Pants the perfect companion on your discovery tours. • AIRGUARD 400 D. • breathable mesh lining. • 3D spacer fabric on the back. • 2 outside pockets. Available in multiple sizes and/or colours — select your variant.,"The Vento II Motorcycle Textile Pants the perfect companion on your discovery tours.<br><br>
<strong data-mce-fragment=""1"">Features:</strong>
<ul data-mce-fragment=""1"">
<li data-mce-fragment=""1"">AIRGUARD 400 D</li>
<li data-mce-fragment=""1"">breathable mesh lining</li>
<li data-mce-fragment=""1"">3D spacer fabric on the back</li>
<li data-mce-fragment=""1"">2 outside pockets</li>
<li data-mce-fragment=""1"">air-permeable mesh inserts on thigh, shin and calf</li>
<li data-mce-fragment=""1"">special stretch in crotch and calf</li>
<li data-mce-fragment=""1"">stretch inserts at knee</li>
<li data-mce-fragment=""1"">belt loops</li>
<li data-mce-fragment=""1"">Held Clip-in Technology</li>
<li data-mce-fragment=""1"">Anti-slip fabric on the buttocks</li>
</ul>
<strong data-mce-fragment=""1"">Specifications:</strong>
<ul data-mce-fragment=""1"">
<li data-mce-fragment=""1"">EN 17092, protective clothing for motorcyclists</li>
<li data-mce-fragment=""1"">hip protectors, EN 1621-1:2012 retrofittable</li>
<li data-mce-fragment=""1"">height adjustable soft protectors at the knee, EN 1621-1:2012, level 1</li>
<li data-mce-fragment=""1"">reflective inserts</li>
<li data-mce-fragment=""1"">connecting zipper</li>
</ul>","The Vento II Motorcycle Textile Pants the perfect companion on your discovery tours.

Features:

• AIRGUARD 400 D

• breathable mesh lining

• 3D spacer fabric on the back

• 2 outside pockets

• air-permeable mesh inserts on thigh, shin and calf

• special stretch in crotch and calf

• stretch inserts at knee

• belt loops

• Held Clip-in Technology

• Anti-slip fabric on the buttocks

Specifications:

• EN 17092, protective clothing for motorcyclists

• hip protectors, EN 1621-1:2012 retrofittable

• height adjustable soft protectors at the knee, EN 1621-1:2012, level 1

• reflective inserts

• connecting zipper",25000,,2026-07-26,active,Held,6000,g,Buy Held Vento II Textile Pants | Mile 27 Store,The Vento II Motorcycle Textile Pants the perfect companion on your discovery tours. AIRGUARD 400 D. breathable mesh lining. 3D spacer fabric on the back.…,AIRGUARD 400 D | breathable mesh lining | 3D spacer fabric on the back | 2 outside pockets,Cleaned noise; brand verified,High,false,Riding Gear > Riding Pants > Textile Pants,High,"Refined by title keyword: ""\b(textile\s+pants|touring\s+pants)\b""",held-vento-ii-textile-pants-1|Size:S:Colour:Black|price:25000.00|compare:|weight:6000|barcode:|qty:0 | held-vento-ii-textile-pants-2|Size:S:Colour:Gray/Black|price:25000.00|compare:|weight:6000|barcode:|qty:0 | held-vento-ii-textile-pants-3|Size:M:Colour:Black|price:25000.00|compare:|weight:6000|barcode:|qty:0 | held-vento-ii-textile-pants-4|Size:M:Colour:Gray/Black|price:25000.00|compare:|weight:6000|barcode:|qty:0 | held-vento-ii-textile-pants-5|Size:L:Colour:Black|price:25000.00|compare:|weight:6000|barcode:|qty:0 | held-vento-ii-textile-pants-6|Size:L:Colour:Gray/Black|price:25000.00|compare:|weight:6000|barcode:|qty:0 | held-vento-ii-textile-pants-7|Size:XL:Colour:Black|price:25000.00|compare:|weight:6000|barcode:|qty:0 | held-vento-ii-textile-pants-8|Size:XL:Colour:Gray/Black|price:25000.00|compare:|weight:6000|barcode:|qty:0 | held-vento-ii-textile-pants-9|Size:2XL:Colour:Black|price:25000.00|compare:|weight:6000|barcode:|qty:0 | held-vento-ii-textile-pants-10|Size:2XL:Colour:Gray/Black|price:25000.00|compare:|weight:6000|barcode:|qty:0 | held-vento-ii-textile-pants-11|Size:3XL:Colour:Black|price:25000.00|compare:|weight:6000|barcode:|qty:0 | held-vento-ii-textile-pants-12|Size:3XL:Colour:Gray/Black|price:25000.00|compare:|weight:6000|barcode:|qty:0 | held-vento-ii-textile-pants-13|Size:4XL:Colour:Black|price:25000.00|compare:|weight:6000|barcode:|qty:0 | held-vento-ii-textile-pants-14|Size:4XL:Colour:Gray/Black|price:25000.00|compare:|weight:6000|barcode:|qty:0 | held-vento-ii-textile-pants-15|Size:5XL:Colour:Black|price:25000.00|compare:|weight:6000|barcode:|qty:0 | held-vento-ii-textile-pants-16|Size:5XL:Colour:Gray/Black|price:25000.00|compare:|weight:6000|barcode:|qty:0,"held-vento-ii-textile-pants-1,held-vento-ii-textile-pants-2,held-vento-ii-textile-pants-3,held-vento-ii-textile-pants-4,held-vento-ii-textile-pants-5,held-vento-ii-textile-pants-6,held-vento-ii-textile-pants-7,held-vento-ii-textile-pants-8,held-vento-ii-textile-pants-9,held-vento-ii-textile-pants-10,held-vento-ii-textile-pants-11,held-vento-ii-textile-pants-12,held-vento-ii-textile-pants-13,held-vento-ii-textile-pants-14,held-vento-ii-textile-pants-15,held-vento-ii-textile-pants-16",16,https://cdn.shopify.com/s/files/1/0076/8301/4754/products/062355-00-001-01.jpg?v=1675511534|pos:1|alt:Held Held Vento II Textile Pants – front view || https://cdn.shopify.com/s/files/1/0076/8301/4754/products/062355-00-001-02.jpg?v=1675511533|pos:2|alt:Held Held Vento II Textile Pants – side view || https://cdn.shopify.com/s/files/1/0076/8301/4754/products/062355-00-068-01.jpg?v=1675511533|pos:3|alt:Held Held Vento II Textile Pants – rear view || https://cdn.shopify.com/s/files/1/0076/8301/4754/products/062355-00-068-02.jpg?v=1675511534|pos:4|alt:Held Held Vento II Textile Pants – detail view,4,Held Held Vento II Textile Pants – front view | Held Held Vento II Textile Pants – side view | Held Held Vento II Textile Pants – rear view | Held Held Vento II Textile Pants – detail view,,0,Held Vento II Textile Pants,Held Vento II Textile Pants. The Vento II Motorcycle Textile Pants the perfect companion on your discovery tours.,breathable mesh lining.,,AIRGUARD 400 D. 3D spacer fabric on the back. 2 outside pockets.,,Available in multiple sizes. Check the size guide before ordering.,Held Vento II Textile Pants — a textile Pant built to the specifications listed above.,true,draft,https://cdn.shopify.com/s/files/1/0076/8301/4754/products/062355-00-001-01.jpg?v=1675511534|role:hero || https://cdn.shopify.com/s/files/1/0076/8301/4754/products/062355-00-001-02.jpg?v=1675511533|role:construction detail || https://cdn.shopify.com/s/files/1/0076/8301/4754/products/062355-00-068-01.jpg?v=1675511533|role:side profile,3,false,/products/held-vento-ii-textile-pants,/products/held-vento-ii-textile-pants
held-expite-1-piece-leather-suit,held-expite-1-piece-leather-suit,Held Expite 1-Piece Leather Suit,Held Expite 1-Piece Leather Suit,held-expite-1-piece-leather-suit,"The one-piece Expite leather racing suit convinces with safety features and a sporty design! • breathable mesh lining. • leather stretch inserts in the back, at the shoulder and above the knee. • back hump. • Velcro for retrofittable knee sliders. Available in multiple sizes and/or colours — select your variant.","The one-piece Expite leather racing suit convinces with safety features and a sporty design!<br><br>
<strong data-mce-fragment=""1"">Features:</strong>
<ul data-mce-fragment=""1"">
<li data-mce-fragment=""1"">breathable mesh lining</li>
<li data-mce-fragment=""1"">leather stretch inserts in the back, at the shoulder and above the knee</li>
<li data-mce-fragment=""1"">back hump</li>
<li data-mce-fragment=""1"">Velcro for retrofittable knee sliders</li>
<li data-mce-fragment=""1"">eVest ready</li>
<li data-mce-fragment=""1"">Soft cowhide</li>
</ul>
<strong data-mce-fragment=""1"">Specifications:</strong>
<ul data-mce-fragment=""1"">
<li data-mce-fragment=""1"">EN 17092, protective clothing for motorcyclists</li>
<li data-mce-fragment=""1"">Soft protectors in shoulders, elbows and knees, EN 1621-1:2012</li>
<li data-mce-fragment=""1"">Back protector retrofittable, EN 1621-2:2014</li>
<li data-mce-fragment=""1"">Hip protectors, EN 1621-1:2012</li>
<li data-mce-fragment=""1"">pocket for retrofitting tailbone reinforcement</li>
<li data-mce-fragment=""1"">Leather doubling on the buttocks</li>
<li data-mce-fragment=""1"">Safety seams</li>
</ul>
<h3 data-mce-fragment=""1"">ADDITIONAL PRODUCT INFORMATION</h3>
<div data-mce-fragment=""1"">
<table class=""UserAttributes"" data-mce-fragment=""1"">
<tbody data-mce-fragment=""1"">
<tr data-mce-fragment=""1"">
<td class=""AttributeLabel VerticalAlignMiddle"" data-mce-fragment=""1"">Material</td>
<td class=""AttributeContent"" data-mce-fragment=""1"">Outer material 1: 100% cowhide, lining 1: 100% polyester, lining 2: 78% polyamide; 22% polyurethane, outer material 2: 74% polyamide; 18% aramid 8%; polyurethane</td>
</tr>
</tbody>
</table>
</div>","The one-piece Expite leather racing suit convinces with safety features and a sporty design!

Features:

• breathable mesh lining

• leather stretch inserts in the back, at the shoulder and above the knee

• back hump

• Velcro for retrofittable knee sliders

• eVest ready

• Soft cowhide

Specifications:

• EN 17092, protective clothing for motorcyclists

• Soft protectors in shoulders, elbows and knees, EN 1621-1:2012

• Back protector retrofittable, EN 1621-2:2014

• Hip protectors, EN 1621-1:2012

• pocket for retrofitting tailbone reinforcement

• Leather doubling on the buttocks

• Safety seams

ADDITIONAL PRODUCT INFORMATION

Material | 
Outer material 1: 100% cowhide, lining 1: 100% polyester, lining 2: 78% polyamide; 22% polyurethane, outer material 2: 74% polyamide; 18% aramid 8%; polyurethane |",108000,,2026-07-26,active,Held,12000,g,Buy Held Expite 1-Piece Leather Suit | Mile 27 Store,"The one-piece Expite leather racing suit convinces with safety features and a sporty design! breathable mesh lining. leather stretch inserts in the back,…","breathable mesh lining | leather stretch inserts in the back, at the shoulder and above the knee | back hump | Velcro for retrofittable knee sliders",Cleaned noise; brand verified,High,false,Riding Gear > Racing Suits > One-Piece Racing Suits,High,"Refined by title keyword: ""\b(leather\s+(suit|racing\s+suit))\b""",held-expite-1-piece-leather-suit-1|Size:48:Colour:Black|price:108000.00|compare:|weight:12000|barcode:|qty:0 | held-expite-1-piece-leather-suit-2|Size:48:Colour:Black/White|price:108000.00|compare:|weight:12000|barcode:|qty:0 | held-expite-1-piece-leather-suit-3|Size:50:Colour:Black|price:108000.00|compare:|weight:12000|barcode:|qty:0 | held-expite-1-piece-leather-suit-4|Size:50:Colour:Black/White|price:108000.00|compare:|weight:12000|barcode:|qty:0 | held-expite-1-piece-leather-suit-5|Size:52:Colour:Black|price:108000.00|compare:|weight:12000|barcode:|qty:0 | held-expite-1-piece-leather-suit-6|Size:52:Colour:Black/White|price:108000.00|compare:|weight:12000|barcode:|qty:0 | held-expite-1-piece-leather-suit-7|Size:54:Colour:Black|price:108000.00|compare:|weight:12000|barcode:|qty:0 | held-expite-1-piece-leather-suit-8|Size:54:Colour:Black/White|price:108000.00|compare:|weight:12000|barcode:|qty:0 | held-expite-1-piece-leather-suit-9|Size:56:Colour:Black|price:108000.00|compare:|weight:12000|barcode:|qty:0 | held-expite-1-piece-leather-suit-10|Size:56:Colour:Black/White|price:108000.00|compare:|weight:12000|barcode:|qty:0 | held-expite-1-piece-leather-suit-11|Size:58:Colour:Black|price:108000.00|compare:|weight:12000|barcode:|qty:0 | held-expite-1-piece-leather-suit-12|Size:58:Colour:Black/White|price:108000.00|compare:|weight:12000|barcode:|qty:0 | held-expite-1-piece-leather-suit-13|Size:60:Colour:Black|price:108000.00|compare:|weight:12000|barcode:|qty:0 | held-expite-1-piece-leather-suit-14|Size:60:Colour:Black/White|price:108000.00|compare:|weight:12000|barcode:|qty:0 | held-expite-1-piece-leather-suit-15|Size:62:Colour:Black|price:108000.00|compare:|weight:12000|barcode:|qty:0 | held-expite-1-piece-leather-suit-16|Size:62:Colour:Black/White|price:108000.00|compare:|weight:12000|barcode:|qty:0,"held-expite-1-piece-leather-suit-1,held-expite-1-piece-leather-suit-2,held-expite-1-piece-leather-suit-3,held-expite-1-piece-leather-suit-4,held-expite-1-piece-leather-suit-5,held-expite-1-piece-leather-suit-6,held-expite-1-piece-leather-suit-7,held-expite-1-piece-leather-suit-8,held-expite-1-piece-leather-suit-9,held-expite-1-piece-leather-suit-10,held-expite-1-piece-leather-suit-11,held-expite-1-piece-leather-suit-12,held-expite-1-piece-leather-suit-13,held-expite-1-piece-leather-suit-14,held-expite-1-piece-leather-suit-15,held-expite-1-piece-leather-suit-16",16,https://cdn.shopify.com/s/files/1/0076/8301/4754/products/052310-00-001-01.jpg?v=1675508747|pos:1|alt:Held Held Expite 1-Piece Leather Suit – front view || https://cdn.shopify.com/s/files/1/0076/8301/4754/products/052310-00-001-02.jpg?v=1675508746|pos:2|alt:Held Held Expite 1-Piece Leather Suit – side view || https://cdn.shopify.com/s/files/1/0076/8301/4754/products/052310-00-014-01.jpg?v=1675508746|pos:3|alt:Held Held Expite 1-Piece Leather Suit – rear view || https://cdn.shopify.com/s/files/1/0076/8301/4754/products/052310-00-014-02.jpg?v=1675508747|pos:4|alt:Held Held Expite 1-Piece Leather Suit – detail view,4,Held Held Expite 1-Piece Leather Suit – front view | Held Held Expite 1-Piece Leather Suit – side view | Held Held Expite 1-Piece Leather Suit – rear view | Held Held Expite 1-Piece Leather Suit – detail view,,0,Held Expite 1-Piece Leather Suit,Held Expite 1-Piece Leather Suit. The one-piece Expite leather racing suit convinces with safety features and a sporty design! • breathable mesh lining.,"breathable mesh lining. leather stretch inserts in the back, at the shoulder and above the knee.",,back hump. Velcro for retrofittable knee sliders.,,Available in multiple sizes. Check the size guide before ordering.,Held Expite 1-Piece Leather Suit — an one-Piece Racing Suit built to the specifications listed above.,true,draft,https://cdn.shopify.com/s/files/1/0076/8301/4754/products/052310-00-001-01.jpg?v=1675508747|role:hero || https://cdn.shopify.com/s/files/1/0076/8301/4754/products/052310-00-001-02.jpg?v=1675508746|role:construction detail || https://cdn.shopify.com/s/files/1/0076/8301/4754/products/052310-00-014-01.jpg?v=1675508746|role:side profile,3,false,/products/held-expite-1-piece-leather-suit,/products/held-expite-1-piece-leather-suit
held-omberg-textile-jacket,held-omberg-textile-jacket,Held Omberg Textile Jacket,Held Omberg Textile Jacket,held-omberg-textile-jacket,"The Omberg motorcycle jacket the perfect companion on your discovery tours. • GORE-TEX 3L laminate. • Armarcor inserts at camber zones. • 3D Air-Mesh insert on the back. • 2 outside pockets, 1 document pocket. Available in multiple sizes and/or colours — select your variant.","<p data-mce-fragment=""1"">The Omberg motorcycle jacket the perfect companion on your discovery tours.</p>
<p data-mce-fragment=""1""><strong data-mce-fragment=""1"">Features:</strong></p>
<ul data-mce-fragment=""1"">
<li data-mce-fragment=""1"">GORE-TEX 3L laminate</li>
<li data-mce-fragment=""1"">Armarcor inserts at camber zones</li>
<li data-mce-fragment=""1"">3D Air-Mesh insert on the back</li>
<li data-mce-fragment=""1"">2 outside pockets, 1 document pocket</li>
<li data-mce-fragment=""1"">1 inside, 1 back and 1 cell phone pocket</li>
<li data-mce-fragment=""1"">Ventilation zippers in front and back</li>
<li data-mce-fragment=""1"">front zipper can also be used as ACS (Air-Vent)</li>
<li data-mce-fragment=""1"">height adjustable waist and hip width adjustment</li>
<li data-mce-fragment=""1"">Soft collar</li>
<li data-mce-fragment=""1"">Held Clip-in Technology</li>
<li data-mce-fragment=""1"">retrofittable Held Drinkbag</li>
</ul>
<p data-mce-fragment=""1""><strong data-mce-fragment=""1"">Specifications:</strong></p>
<ul data-mce-fragment=""1"">
<li data-mce-fragment=""1"">EN 17092, protective clothing for motorcyclists</li>
<li data-mce-fragment=""1"">D3O® T5 EvoProX soft protectors on shoulder and elbow, EN 1621-1:2012, level 2</li>
<li data-mce-fragment=""1"">Back protector retrofittable, EN 1621-2:2014</li>
<li data-mce-fragment=""1"">Rib reinforcement pocket for retrofitting with Art. 9316</li>
<li data-mce-fragment=""1"">Velcro for retrofittable chest protector Art. 9784 or Art. 92227 EN 1621-3:2018, Level 1</li>
<li data-mce-fragment=""1"">Reflective inserts</li>
<li data-mce-fragment=""1"">Connecting zipper</li>
</ul>","The Omberg motorcycle jacket the perfect companion on your discovery tours.

Features:

• GORE-TEX 3L laminate

• Armarcor inserts at camber zones

• 3D Air-Mesh insert on the back

• 2 outside pockets, 1 document pocket

• 1 inside, 1 back and 1 cell phone pocket

• Ventilation zippers in front and back

• front zipper can also be used as ACS (Air-Vent)

• height adjustable waist and hip width adjustment

• Soft collar

• Held Clip-in Technology

• retrofittable Held Drinkbag

Specifications:

• EN 17092, protective clothing for motorcyclists

• D3O® T5 EvoProX soft protectors on shoulder and elbow, EN 1621-1:2012, level 2

• Back protector retrofittable, EN 1621-2:2014

• Rib reinforcement pocket for retrofitting with Art. 9316

• Velcro for retrofittable chest protector Art. 9784 or Art. 92227 EN 1621-3:2018, Level 1

• Reflective inserts

• Connecting zipper",140000,,2026-07-26,active,Held,6000,g,Buy Held Omberg Textile Jacket | Mile 27 Store,The Omberg motorcycle jacket the perfect companion on your discovery tours. GORE-TEX 3L laminate. Armarcor inserts at camber zones. 3D Air-Mesh insert on…,"GORE-TEX 3L laminate | Armarcor inserts at camber zones | 3D Air-Mesh insert on the back | 2 outside pockets, 1 document pocket",Cleaned noise; brand verified,High,false,Riding Gear > Riding Jackets > Textile Jackets,High,"Refined by title keyword: ""\b(textile\s+jacket|touring\s+jacket|adventure\s+jacket)\b""",held-omberg-textile-jacket-1|Size:S:Colour:Black|price:140000.00|compare:|weight:6000|barcode:|qty:0 | held-omberg-textile-jacket-2|Size:S:Colour:Anthracite|price:140000.00|compare:|weight:6000|barcode:|qty:0 | held-omberg-textile-jacket-3|Size:M:Colour:Black|price:140000.00|compare:|weight:6000|barcode:|qty:0 | held-omberg-textile-jacket-4|Size:M:Colour:Anthracite|price:140000.00|compare:|weight:6000|barcode:|qty:0 | held-omberg-textile-jacket-5|Size:L:Colour:Black|price:140000.00|compare:|weight:6000|barcode:|qty:0 | held-omberg-textile-jacket-6|Size:L:Colour:Anthracite|price:140000.00|compare:|weight:6000|barcode:|qty:0 | held-omberg-textile-jacket-7|Size:XL:Colour:Black|price:140000.00|compare:|weight:6000|barcode:|qty:0 | held-omberg-textile-jacket-8|Size:XL:Colour:Anthracite|price:140000.00|compare:|weight:6000|barcode:|qty:0 | held-omberg-textile-jacket-9|Size:2XL:Colour:Black|price:140000.00|compare:|weight:6000|barcode:|qty:0 | held-omberg-textile-jacket-10|Size:2XL:Colour:Anthracite|price:140000.00|compare:|weight:6000|barcode:|qty:0 | held-omberg-textile-jacket-11|Size:3XL:Colour:Black|price:140000.00|compare:|weight:6000|barcode:|qty:0 | held-omberg-textile-jacket-12|Size:3XL:Colour:Anthracite|price:140000.00|compare:|weight:6000|barcode:|qty:0 | held-omberg-textile-jacket-13|Size:4XL:Colour:Black|price:140000.00|compare:|weight:6000|barcode:|qty:0 | held-omberg-textile-jacket-14|Size:4XL:Colour:Anthracite|price:140000.00|compare:|weight:6000|barcode:|qty:0 | held-omberg-textile-jacket-15|Size:5XL:Colour:Black|price:140000.00|compare:|weight:6000|barcode:|qty:0 | held-omberg-textile-jacket-16|Size:5XL:Colour:Anthracite|price:140000.00|compare:|weight:6000|barcode:|qty:0 | held-omberg-textile-jacket-17|Size:6XL:Colour:Black|price:140000.00|compare:|weight:6000|barcode:|qty:0 | held-omberg-textile-jacket-18|Size:6XL:Colour:Anthracite|price:140000.00|compare:|weight:6000|barcode:|qty:0,"held-omberg-textile-jacket-1,held-omberg-textile-jacket-2,held-omberg-textile-jacket-3,held-omberg-textile-jacket-4,held-omberg-textile-jacket-5,held-omberg-textile-jacket-6,held-omberg-textile-jacket-7,held-omberg-textile-jacket-8,held-omberg-textile-jacket-9,held-omberg-textile-jacket-10,held-omberg-textile-jacket-11,held-omberg-textile-jacket-12,held-omberg-textile-jacket-13,held-omberg-textile-jacket-14,held-omberg-textile-jacket-15,held-omberg-textile-jacket-16,held-omberg-textile-jacket-17,held-omberg-textile-jacket-18",18,https://cdn.shopify.com/s/files/1/0076/8301/4754/products/062340-00-001-01.jpg?v=1673434126|pos:1|alt:Held Held Omberg Textile Jacket – front view || https://cdn.shopify.com/s/files/1/0076/8301/4754/products/062340-00-001-02.jpg?v=1673434126|pos:2|alt:Held Held Omberg Textile Jacket – side view || https://cdn.shopify.com/s/files/1/0076/8301/4754/products/1_da0d0056-1d7f-49ee-8f26-e2f1f2e9e676.jpg?v=1673434126|pos:3|alt:Held Held Omberg Textile Jacket – rear view,3,Held Held Omberg Textile Jacket – front view | Held Held Omberg Textile Jacket – side view | Held Held Omberg Textile Jacket – rear view,,0,Held Omberg Textile Jacket,Held Omberg Textile Jacket. The Omberg motorcycle jacket the perfect companion on your discovery tours.,3D Air-Mesh insert on the back.,,"GORE-TEX 3L laminate. Armarcor inserts at camber zones. 2 outside pockets, 1 document pocket.",,Available in multiple sizes. Check the size guide before ordering.,Held Omberg Textile Jacket — a textile Jacket built to the specifications listed above.,true,draft,https://cdn.shopify.com/s/files/1/0076/8301/4754/products/062340-00-001-01.jpg?v=1673434126|role:hero || https://cdn.shopify.com/s/files/1/0076/8301/4754/products/062340-00-001-02.jpg?v=1673434126|role:construction detail || https://cdn.shopify.com/s/files/1/0076/8301/4754/products/1_da0d0056-1d7f-49ee-8f26-e2f1f2e9e676.jpg?v=1673434126|role:side profile,3,false,/products/held-omberg-textile-jacket,/products/held-omberg-textile-jacket
held-pentland-textile-jacket,held-pentland-textile-jacket,Held Pentland Textile Jacket,Held Pentland Textile Jacket,held-pentland-textile-jacket,"The Pentland motorcycle jacket the perfect companion on your discovery tours. • Cordura 500 D. • breathable mesh lining. • Held-Tex-Z-Liner, waterproof, windproof and breathable. • 2 outside pockets, 1 inside pocket and 1 back pocket. Available in multiple sizes and/or colours — select your variant.","<p data-mce-fragment=""1"">The Pentland motorcycle jacket the perfect companion on your discovery tours.</p>
<p data-mce-fragment=""1""><strong data-mce-fragment=""1"">Features:</strong></p>
<ul data-mce-fragment=""1"">
<li data-mce-fragment=""1"">Cordura 500 D</li>
<li data-mce-fragment=""1"">breathable mesh lining</li>
<li data-mce-fragment=""1"">Held-Tex-Z-Liner, waterproof, windproof and breathable</li>
<li data-mce-fragment=""1"">2 outside pockets, 1 inside pocket and 1 back pocket</li>
<li data-mce-fragment=""1"">1 document pocket and1cell phone pocket</li>
<li data-mce-fragment=""1"">Ventilation zippers in front, back and arms</li>
<li data-mce-fragment=""1"">Stretch inserts at elbows</li>
<li data-mce-fragment=""1"">special stretch under the armpits and on the inner arm</li>
<li data-mce-fragment=""1"">double arm width adjustment</li>
<li data-mce-fragment=""1"">waist adjustment</li>
<li data-mce-fragment=""1"">soft collar</li>
<li data-mce-fragment=""1"">Held Clip-in Technology</li>
</ul>
<p data-mce-fragment=""1""><strong data-mce-fragment=""1"">Specifications:</strong></p>
<ul data-mce-fragment=""1"">
<li data-mce-fragment=""1"">17092, Protective clothing for motorcyclists</li>
<li data-mce-fragment=""1"">Soft protectors on shoulder and elbow, EN 1621-1:2012, Level 1</li>
<li data-mce-fragment=""1"">Back protector retrofittable, EN 1621-2:2014</li>
<li data-mce-fragment=""1"">Velcro for retrofittable two-piece chest protector, EN 1621-3:2018, Level 1</li>
<li data-mce-fragment=""1"">Reflective inserts</li>
<li data-mce-fragment=""1"">Connecting zipper</li>
</ul>","The Pentland motorcycle jacket the perfect companion on your discovery tours.

Features:

• Cordura 500 D

• breathable mesh lining

• Held-Tex-Z-Liner, waterproof, windproof and breathable

• 2 outside pockets, 1 inside pocket and 1 back pocket

• 1 document pocket and1cell phone pocket

• Ventilation zippers in front, back and arms

• Stretch inserts at elbows

• special stretch under the armpits and on the inner arm

• double arm width adjustment

• waist adjustment

• soft collar

• Held Clip-in Technology

Specifications:

• 17092, Protective clothing for motorcyclists

• Soft protectors on shoulder and elbow, EN 1621-1:2012, Level 1

• Back protector retrofittable, EN 1621-2:2014

• Velcro for retrofittable two-piece chest protector, EN 1621-3:2018, Level 1

• Reflective inserts

• Connecting zipper",50000,,2026-07-26,active,Held,6000,g,Buy Held Pentland Textile Jacket | Mile 27 Store,"The Pentland motorcycle jacket the perfect companion on your discovery tours. Cordura 500 D. breathable mesh lining. Held-Tex-Z-Liner, waterproof,…","Cordura 500 D | breathable mesh lining | Held-Tex-Z-Liner, waterproof, windproof and breathable | 2 outside pockets, 1 inside pocket and 1 back pocket",Cleaned noise; brand verified,High,false,Riding Gear > Riding Jackets > Textile Jackets,High,"Refined by title keyword: ""\b(textile\s+jacket|touring\s+jacket|adventure\s+jacket)\b""",held-pentland-textile-jacket-1|Size:S:Colour:Black|price:50000.00|compare:|weight:6000|barcode:|qty:0 | held-pentland-textile-jacket-2|Size:S:Colour:Grey/Black|price:50000.00|compare:|weight:6000|barcode:|qty:0 | held-pentland-textile-jacket-3|Size:S:Colour:Dark Blue/Yellow|price:50000.00|compare:|weight:6000|barcode:|qty:0 | held-pentland-textile-jacket-4|Size:M:Colour:Black|price:50000.00|compare:|weight:6000|barcode:|qty:0 | held-pentland-textile-jacket-5|Size:M:Colour:Grey/Black|price:50000.00|compare:|weight:6000|barcode:|qty:0 | held-pentland-textile-jacket-6|Size:M:Colour:Dark Blue/Yellow|price:50000.00|compare:|weight:6000|barcode:|qty:0 | held-pentland-textile-jacket-7|Size:L:Colour:Black|price:50000.00|compare:|weight:6000|barcode:|qty:0 | held-pentland-textile-jacket-8|Size:L:Colour:Grey/Black|price:50000.00|compare:|weight:6000|barcode:|qty:0 | held-pentland-textile-jacket-9|Size:L:Colour:Dark Blue/Yellow|price:50000.00|compare:|weight:6000|barcode:|qty:0 | held-pentland-textile-jacket-10|Size:XL:Colour:Black|price:50000.00|compare:|weight:6000|barcode:|qty:0 | held-pentland-textile-jacket-11|Size:XL:Colour:Grey/Black|price:50000.00|compare:|weight:6000|barcode:|qty:0 | held-pentland-textile-jacket-12|Size:XL:Colour:Dark Blue/Yellow|price:50000.00|compare:|weight:6000|barcode:|qty:0 | held-pentland-textile-jacket-13|Size:2XL:Colour:Black|price:50000.00|compare:|weight:6000|barcode:|qty:0 | held-pentland-textile-jacket-14|Size:2XL:Colour:Grey/Black|price:50000.00|compare:|weight:6000|barcode:|qty:0 | held-pentland-textile-jacket-15|Size:2XL:Colour:Dark Blue/Yellow|price:50000.00|compare:|weight:6000|barcode:|qty:0 | held-pentland-textile-jacket-16|Size:3XL:Colour:Black|price:50000.00|compare:|weight:6000|barcode:|qty:0 | held-pentland-textile-jacket-17|Size:3XL:Colour:Grey/Black|price:50000.00|compare:|weight:6000|barcode:|qty:0 | held-pentland-textile-jacket-18|Size:3XL:Colour:Dark Blue/Yellow|price:50000.00|compare:|weight:6000|barcode:|qty:0 | held-pentland-textile-jacket-19|Size:4XL:Colour:Black|price:50000.00|compare:|weight:6000|barcode:|qty:0 | held-pentland-textile-jacket-20|Size:4XL:Colour:Grey/Black|price:50000.00|compare:|weight:6000|barcode:|qty:0 | held-pentland-textile-jacket-21|Size:4XL:Colour:Dark Blue/Yellow|price:50000.00|compare:|weight:6000|barcode:|qty:0 | held-pentland-textile-jacket-22|Size:5XL:Colour:Black|price:50000.00|compare:|weight:6000|barcode:|qty:0 | held-pentland-textile-jacket-23|Size:5XL:Colour:Grey/Black|price:50000.00|compare:|weight:6000|barcode:|qty:0 | held-pentland-textile-jacket-24|Size:5XL:Colour:Dark Blue/Yellow|price:50000.00|compare:|weight:6000|barcode:|qty:0 | held-pentland-textile-jacket-25|Size:6XL:Colour:Black|price:50000.00|compare:|weight:6000|barcode:|qty:0 | held-pentland-textile-jacket-26|Size:6XL:Colour:Grey/Black|price:50000.00|compare:|weight:6000|barcode:|qty:0 | held-pentland-textile-jacket-27|Size:6XL:Colour:Dark Blue/Yellow|price:50000.00|compare:|weight:6000|barcode:|qty:0,"held-pentland-textile-jacket-1,held-pentland-textile-jacket-2,held-pentland-textile-jacket-3,held-pentland-textile-jacket-4,held-pentland-textile-jacket-5,held-pentland-textile-jacket-6,held-pentland-textile-jacket-7,held-pentland-textile-jacket-8,held-pentland-textile-jacket-9,held-pentland-textile-jacket-10,held-pentland-textile-jacket-11,held-pentland-textile-jacket-12,held-pentland-textile-jacket-13,held-pentland-textile-jacket-14,held-pentland-textile-jacket-15,held-pentland-textile-jacket-16,held-pentland-textile-jacket-17,held-pentland-textile-jacket-18,held-pentland-textile-jacket-19,held-pentland-textile-jacket-20,held-pentland-textile-jacket-21,held-pentland-textile-jacket-22,held-pentland-textile-jacket-23,held-pentland-textile-jacket-24,held-pentland-textile-jacket-25,held-pentland-textile-jacket-26,held-pentland-textile-jacket-27",27,https://cdn.shopify.com/s/files/1/0076/8301/4754/products/062321-00-001-01.jpg?v=1673433635|pos:1|alt:Held Held Pentland Textile Jacket – front view || https://cdn.shopify.com/s/files/1/0076/8301/4754/products/062321-00-001-02.jpg?v=1673433635|pos:2|alt:Held Held Pentland Textile Jacket – side view || https://cdn.shopify.com/s/files/1/0076/8301/4754/products/062321-00-068-01.jpg?v=1673433634|pos:3|alt:Held Held Pentland Textile Jacket – rear view || https://cdn.shopify.com/s/files/1/0076/8301/4754/products/062321-00-068-02.jpg?v=1673433635|pos:4|alt:Held Held Pentland Textile Jacket – detail view || https://cdn.shopify.com/s/files/1/0076/8301/4754/products/062321-00-030-01.jpg?v=1673433634|pos:5|alt:Held Held Pentland Textile Jacket – top view || https://cdn.shopify.com/s/files/1/0076/8301/4754/products/062321-00-030-02.jpg?v=1673433635|pos:6|alt:Held Held Pentland Textile Jacket – product view,6,Held Held Pentland Textile Jacket – front view | Held Held Pentland Textile Jacket – side view | Held Held Pentland Textile Jacket – rear view | Held Held Pentland Textile Jacket – detail view | Held Held Pentland Textile Jacket – top view | Held Held Pentland Textile Jacket – product view,,0,Held Pentland Textile Jacket,Held Pentland Textile Jacket. The Pentland motorcycle jacket the perfect companion on your discovery tours.,breathable mesh lining.,"Held-Tex-Z-Liner, waterproof, windproof and breathable.","Cordura 500 D. 2 outside pockets, 1 inside pocket and 1 back pocket.",,Available in multiple sizes. Check the size guide before ordering.,Held Pentland Textile Jacket — a textile Jacket built to the specifications listed above.,true,draft,https://cdn.shopify.com/s/files/1/0076/8301/4754/products/062321-00-001-01.jpg?v=1673433635|role:hero || https://cdn.shopify.com/s/files/1/0076/8301/4754/products/062321-00-001-02.jpg?v=1673433635|role:construction detail || https://cdn.shopify.com/s/files/1/0076/8301/4754/products/062321-00-068-01.jpg?v=1673433634|role:side profile,3,false,/products/held-pentland-textile-jacket,/products/held-pentland-textile-jacket
