migration_key,source_shopify_handle,name,source_title,slug,description,source_description_html,description_plain_text,price,compare_at_price,available_on,status,brand,weight,weight_unit,meta_title,meta_description,verified_feature_summary,title_change_reason,title_confidence,requires_review,primary_taxon_path,category_confidence,category_reason,variants,variant_skus,variant_count,images,image_count,image_alt_texts,tags,tag_count,story_title,story_introduction,story_module_design,story_module_experience,story_module_feature_focus,story_module_use_case,story_module_buyer_note,story_module_closing,story_eligible,story_editorial_status,story_media_refs,story_media_count,redirect_required,redirect_from,redirect_to
rukka-imatra-gore-tex-gloves,rukka-imatra-gore-tex-gloves,Rukka Imatra Gore-Tex Gloves,Rukka Imatra Gore-Tex Gloves,rukka-imatra-gore-tex-gloves,"• 100% water- and windproof leather gloves • 100% water- and windproof leather gloves. • Knuckle, scaphoid and finger protection. • Visor wiper in both forefingers. • Outlast lining. Available in multiple sizes and/or colours — select your variant.","<ul data-mce-fragment=""1"">
<li data-mce-fragment=""1"">100% water- and windproof leather gloves</li>
<li data-mce-fragment=""1"">Knuckle, scaphoid and finger protection</li>
<li data-mce-fragment=""1"">Visor wiper in both forefingers</li>
<li data-mce-fragment=""1"">Outlast lining</li>
<li data-mce-fragment=""1"">Touchscreen fingertips</li>
</ul>","• 100% water- and windproof leather gloves

• Knuckle, scaphoid and finger protection

• Visor wiper in both forefingers

• Outlast lining

• Touchscreen fingertips",33000,,2026-07-26,active,Rukka,2000,g,Buy Rukka Imatra Gore-Tex Gloves | Mile 27 Store,"100% water- and windproof leather gloves 100% water- and windproof leather gloves. Knuckle, scaphoid and finger protection. Visor wiper in both…","100% water- and windproof leather gloves | Knuckle, scaphoid and finger protection | Visor wiper in both forefingers | Outlast lining",Cleaned noise; brand verified,High,false,Riding Gear > Riding Gloves,High,"Mapped from Shopify Type ""Riding Gloves""",rukka-imatra-gore-tex-gloves-1|Size:6:Colour:Black/Red|price:33000.00|compare:|weight:2000|barcode:|qty:0 | rukka-imatra-gore-tex-gloves-2|Size:6:Colour:Black/Gray|price:33000.00|compare:|weight:2000|barcode:|qty:0 | rukka-imatra-gore-tex-gloves-3|Size:6:Colour:Black/Yellow|price:33000.00|compare:|weight:2000|barcode:|qty:0 | rukka-imatra-gore-tex-gloves-4|Size:7:Colour:Black/Red|price:33000.00|compare:|weight:2000|barcode:|qty:0 | rukka-imatra-gore-tex-gloves-5|Size:7:Colour:Black/Gray|price:33000.00|compare:|weight:2000|barcode:|qty:0 | rukka-imatra-gore-tex-gloves-6|Size:7:Colour:Black/Yellow|price:33000.00|compare:|weight:2000|barcode:|qty:0 | rukka-imatra-gore-tex-gloves-7|Size:8:Colour:Black/Red|price:33000.00|compare:|weight:2000|barcode:|qty:0 | rukka-imatra-gore-tex-gloves-8|Size:8:Colour:Black/Gray|price:33000.00|compare:|weight:2000|barcode:|qty:0 | rukka-imatra-gore-tex-gloves-9|Size:8:Colour:Black/Yellow|price:33000.00|compare:|weight:2000|barcode:|qty:0 | rukka-imatra-gore-tex-gloves-10|Size:9:Colour:Black/Red|price:33000.00|compare:|weight:2000|barcode:|qty:0 | rukka-imatra-gore-tex-gloves-11|Size:9:Colour:Black/Gray|price:33000.00|compare:|weight:2000|barcode:|qty:0 | rukka-imatra-gore-tex-gloves-12|Size:9:Colour:Black/Yellow|price:33000.00|compare:|weight:2000|barcode:|qty:0 | rukka-imatra-gore-tex-gloves-13|Size:10:Colour:Black/Red|price:33000.00|compare:|weight:2000|barcode:|qty:0 | rukka-imatra-gore-tex-gloves-14|Size:10:Colour:Black/Gray|price:33000.00|compare:|weight:2000|barcode:|qty:0 | rukka-imatra-gore-tex-gloves-15|Size:10:Colour:Black/Yellow|price:33000.00|compare:|weight:2000|barcode:|qty:0 | rukka-imatra-gore-tex-gloves-16|Size:11:Colour:Black/Red|price:33000.00|compare:|weight:2000|barcode:|qty:0 | rukka-imatra-gore-tex-gloves-17|Size:11:Colour:Black/Gray|price:33000.00|compare:|weight:2000|barcode:|qty:0 | rukka-imatra-gore-tex-gloves-18|Size:11:Colour:Black/Yellow|price:33000.00|compare:|weight:2000|barcode:|qty:0 | rukka-imatra-gore-tex-gloves-19|Size:12:Colour:Black/Red|price:33000.00|compare:|weight:2000|barcode:|qty:0 | rukka-imatra-gore-tex-gloves-20|Size:12:Colour:Black/Gray|price:33000.00|compare:|weight:2000|barcode:|qty:0 | rukka-imatra-gore-tex-gloves-21|Size:12:Colour:Black/Yellow|price:33000.00|compare:|weight:2000|barcode:|qty:0 | rukka-imatra-gore-tex-gloves-22|Size:13:Colour:Black/Red|price:33000.00|compare:|weight:2000|barcode:|qty:0 | rukka-imatra-gore-tex-gloves-23|Size:13:Colour:Black/Gray|price:33000.00|compare:|weight:2000|barcode:|qty:0 | rukka-imatra-gore-tex-gloves-24|Size:13:Colour:Black/Yellow|price:33000.00|compare:|weight:2000|barcode:|qty:0 | rukka-imatra-gore-tex-gloves-25|Size:14:Colour:Black/Red|price:33000.00|compare:|weight:2000|barcode:|qty:0 | rukka-imatra-gore-tex-gloves-26|Size:14:Colour:Black/Gray|price:33000.00|compare:|weight:2000|barcode:|qty:0 | rukka-imatra-gore-tex-gloves-27|Size:14:Colour:Black/Yellow|price:33000.00|compare:|weight:2000|barcode:|qty:0,"rukka-imatra-gore-tex-gloves-1,rukka-imatra-gore-tex-gloves-2,rukka-imatra-gore-tex-gloves-3,rukka-imatra-gore-tex-gloves-4,rukka-imatra-gore-tex-gloves-5,rukka-imatra-gore-tex-gloves-6,rukka-imatra-gore-tex-gloves-7,rukka-imatra-gore-tex-gloves-8,rukka-imatra-gore-tex-gloves-9,rukka-imatra-gore-tex-gloves-10,rukka-imatra-gore-tex-gloves-11,rukka-imatra-gore-tex-gloves-12,rukka-imatra-gore-tex-gloves-13,rukka-imatra-gore-tex-gloves-14,rukka-imatra-gore-tex-gloves-15,rukka-imatra-gore-tex-gloves-16,rukka-imatra-gore-tex-gloves-17,rukka-imatra-gore-tex-gloves-18,rukka-imatra-gore-tex-gloves-19,rukka-imatra-gore-tex-gloves-20,rukka-imatra-gore-tex-gloves-21,rukka-imatra-gore-tex-gloves-22,rukka-imatra-gore-tex-gloves-23,rukka-imatra-gore-tex-gloves-24,rukka-imatra-gore-tex-gloves-25,rukka-imatra-gore-tex-gloves-26,rukka-imatra-gore-tex-gloves-27",27,https://cdn.shopify.com/s/files/1/0076/8301/4754/products/Rukka_Imatra_palm-31.jpg?v=1661860341|pos:1|alt:Rukka Rukka Imatra Gore-Tex Gloves – front view || https://cdn.shopify.com/s/files/1/0076/8301/4754/products/Rukka_Imatra_palm-3.jpg?v=1661860339|pos:2|alt:Rukka Rukka Imatra Gore-Tex Gloves – side view || https://cdn.shopify.com/s/files/1/0076/8301/4754/products/Rukka_Imatra_palm-1.jpg?v=1661860339|pos:3|alt:Rukka Rukka Imatra Gore-Tex Gloves – rear view || https://cdn.shopify.com/s/files/1/0076/8301/4754/products/Rukka_Imatra_palm.jpg?v=1661860341|pos:4|alt:Rukka Rukka Imatra Gore-Tex Gloves – detail view || https://cdn.shopify.com/s/files/1/0076/8301/4754/products/Rukka_Imatra_palm-21.jpg?v=1661860339|pos:5|alt:Rukka Rukka Imatra Gore-Tex Gloves – top view || https://cdn.shopify.com/s/files/1/0076/8301/4754/products/Rukka_Imatra_palm-2.jpg?v=1661860339|pos:6|alt:Rukka Rukka Imatra Gore-Tex Gloves – product view,6,Rukka Rukka Imatra Gore-Tex Gloves – front view | Rukka Rukka Imatra Gore-Tex Gloves – side view | Rukka Rukka Imatra Gore-Tex Gloves – rear view | Rukka Rukka Imatra Gore-Tex Gloves – detail view | Rukka Rukka Imatra Gore-Tex Gloves – top view | Rukka Rukka Imatra Gore-Tex Gloves – product view,,0,Rukka Imatra Gore-Tex Gloves,Rukka Imatra Gore-Tex Gloves. • 100% water- and windproof leather gloves • 100% water- and windproof leather gloves.,100% water- and windproof leather gloves.,,"Knuckle, scaphoid and finger protection. Visor wiper in both forefingers. Outlast lining.",,Available in multiple sizes. Check the size guide before ordering.,Rukka Imatra Gore-Tex Gloves — a riding Glov built to the specifications listed above.,true,draft,https://cdn.shopify.com/s/files/1/0076/8301/4754/products/Rukka_Imatra_palm-31.jpg?v=1661860341|role:hero || https://cdn.shopify.com/s/files/1/0076/8301/4754/products/Rukka_Imatra_palm-3.jpg?v=1661860339|role:construction detail || https://cdn.shopify.com/s/files/1/0076/8301/4754/products/Rukka_Imatra_palm-1.jpg?v=1661860339|role:side profile,3,false,/products/rukka-imatra-gore-tex-gloves,/products/rukka-imatra-gore-tex-gloves
rukka-imatra-2-0-gore-tex-gloves,rukka-imatra-2-0-gore-tex-gloves,Rukka Imatra 2.0 Gore-Tex Gloves,Rukka Imatra 2.0 Gore-Tex Gloves,rukka-imatra-2-0-gore-tex-gloves,"Warm and safe on the road with the Rukka Gore-Tex thermo glove! • 100% waterproof and windproof leather glove. • ankle, scaphoid and finger protection. • small and pointer fingers are fixed to each other. • windscreen wiper on both index fingers. Available in multiple sizes and/or colours — select your variant.","Warm and safe on the road with the Rukka Gore-Tex thermo glove!<br><br>

<b>Features:</b><br>

<li>100% waterproof and windproof leather glove</li>
<li>ankle, scaphoid and finger protection</li>
<li>small and pointer fingers are fixed to each other</li>
<li>windscreen wiper on both index fingers</li>
<li>Outlast - Interior Design</li>
<li>reflective piping</li>","Warm and safe on the road with the Rukka Gore-Tex thermo glove!

Features:

• 100% waterproof and windproof leather glove

• ankle, scaphoid and finger protection

• small and pointer fingers are fixed to each other

• windscreen wiper on both index fingers

• Outlast - Interior Design

• reflective piping",33000,,2026-07-26,active,Rukka,2000,g,Buy Rukka Imatra 2.0 Gore-Tex Gloves | Mile 27 Store,"Warm and safe on the road with the Rukka Gore-Tex thermo glove! 100% waterproof and windproof leather glove. ankle, scaphoid and finger protection. small…","100% waterproof and windproof leather glove | ankle, scaphoid and finger protection | small and pointer fingers are fixed to each other | windscreen wiper on both index fingers",Cleaned noise; brand verified,High,false,Riding Gear > Riding Gloves,High,"Mapped from Shopify Type ""Riding Gloves""",rukka-imatra-2-0-gore-tex-gloves-1|Size:6:Colour:Black|price:33000.00|compare:|weight:2000|barcode:|qty:0 | rukka-imatra-2-0-gore-tex-gloves-2|Size:6:Colour:Black/Red|price:33000.00|compare:|weight:2000|barcode:|qty:0 | rukka-imatra-2-0-gore-tex-gloves-3|Size:7:Colour:Black|price:33000.00|compare:|weight:2000|barcode:|qty:0 | rukka-imatra-2-0-gore-tex-gloves-4|Size:7:Colour:Black/Red|price:33000.00|compare:|weight:2000|barcode:|qty:0 | rukka-imatra-2-0-gore-tex-gloves-5|Size:8:Colour:Black|price:33000.00|compare:|weight:2000|barcode:|qty:0 | rukka-imatra-2-0-gore-tex-gloves-6|Size:8:Colour:Black/Red|price:33000.00|compare:|weight:2000|barcode:|qty:0 | rukka-imatra-2-0-gore-tex-gloves-7|Size:9:Colour:Black|price:33000.00|compare:|weight:2000|barcode:|qty:0 | rukka-imatra-2-0-gore-tex-gloves-8|Size:9:Colour:Black/Red|price:33000.00|compare:|weight:2000|barcode:|qty:0 | rukka-imatra-2-0-gore-tex-gloves-9|Size:10:Colour:Black|price:33000.00|compare:|weight:2000|barcode:|qty:0 | rukka-imatra-2-0-gore-tex-gloves-10|Size:10:Colour:Black/Red|price:33000.00|compare:|weight:2000|barcode:|qty:0 | rukka-imatra-2-0-gore-tex-gloves-11|Size:11:Colour:Black|price:33000.00|compare:|weight:2000|barcode:|qty:0 | rukka-imatra-2-0-gore-tex-gloves-12|Size:11:Colour:Black/Red|price:33000.00|compare:|weight:2000|barcode:|qty:0 | rukka-imatra-2-0-gore-tex-gloves-13|Size:12:Colour:Black|price:33000.00|compare:|weight:2000|barcode:|qty:0 | rukka-imatra-2-0-gore-tex-gloves-14|Size:12:Colour:Black/Red|price:33000.00|compare:|weight:2000|barcode:|qty:0 | rukka-imatra-2-0-gore-tex-gloves-15|Size:13:Colour:Black|price:33000.00|compare:|weight:2000|barcode:|qty:0 | rukka-imatra-2-0-gore-tex-gloves-16|Size:13:Colour:Black/Red|price:33000.00|compare:|weight:2000|barcode:|qty:0 | rukka-imatra-2-0-gore-tex-gloves-17|Size:14:Colour:Black|price:33000.00|compare:|weight:2000|barcode:|qty:0 | rukka-imatra-2-0-gore-tex-gloves-18|Size:14:Colour:Black/Red|price:33000.00|compare:|weight:2000|barcode:|qty:0,"rukka-imatra-2-0-gore-tex-gloves-1,rukka-imatra-2-0-gore-tex-gloves-2,rukka-imatra-2-0-gore-tex-gloves-3,rukka-imatra-2-0-gore-tex-gloves-4,rukka-imatra-2-0-gore-tex-gloves-5,rukka-imatra-2-0-gore-tex-gloves-6,rukka-imatra-2-0-gore-tex-gloves-7,rukka-imatra-2-0-gore-tex-gloves-8,rukka-imatra-2-0-gore-tex-gloves-9,rukka-imatra-2-0-gore-tex-gloves-10,rukka-imatra-2-0-gore-tex-gloves-11,rukka-imatra-2-0-gore-tex-gloves-12,rukka-imatra-2-0-gore-tex-gloves-13,rukka-imatra-2-0-gore-tex-gloves-14,rukka-imatra-2-0-gore-tex-gloves-15,rukka-imatra-2-0-gore-tex-gloves-16,rukka-imatra-2-0-gore-tex-gloves-17,rukka-imatra-2-0-gore-tex-gloves-18",18,https://cdn.shopify.com/s/files/1/0076/8301/4754/products/5_70881_778_R_990.jpg?v=1661861030|pos:1|alt:Rukka Rukka Imatra 2.0 Gore-Tex Gloves – front view || https://cdn.shopify.com/s/files/1/0076/8301/4754/products/5_70881_778_R_990_palm.jpg?v=1661861030|pos:2|alt:Rukka Rukka Imatra 2.0 Gore-Tex Gloves – side view || https://cdn.shopify.com/s/files/1/0076/8301/4754/products/5_70881_778_R_965.jpg?v=1661861031|pos:3|alt:Rukka Rukka Imatra 2.0 Gore-Tex Gloves – rear view || https://cdn.shopify.com/s/files/1/0076/8301/4754/products/5_70881_778_R_965_palm.jpg?v=1661861032|pos:4|alt:Rukka Rukka Imatra 2.0 Gore-Tex Gloves – detail view,4,Rukka Rukka Imatra 2.0 Gore-Tex Gloves – front view | Rukka Rukka Imatra 2.0 Gore-Tex Gloves – side view | Rukka Rukka Imatra 2.0 Gore-Tex Gloves – rear view | Rukka Rukka Imatra 2.0 Gore-Tex Gloves – detail view,,0,Rukka Imatra 2.0 Gore-Tex Gloves,Rukka Imatra 2.0 Gore-Tex Gloves. Warm and safe on the road with the Rukka Gore-Tex thermo glove! • 100% waterproof and windproof leather glove.,100% waterproof and windproof leather glove.,,"ankle, scaphoid and finger protection. small and pointer fingers are fixed to each other. windscreen wiper on both index fingers.",,Available in multiple sizes. Check the size guide before ordering.,Rukka Imatra 2.0 Gore-Tex Gloves — a riding Glov built to the specifications listed above.,true,draft,https://cdn.shopify.com/s/files/1/0076/8301/4754/products/5_70881_778_R_990.jpg?v=1661861030|role:hero || https://cdn.shopify.com/s/files/1/0076/8301/4754/products/5_70881_778_R_990_palm.jpg?v=1661861030|role:construction detail || https://cdn.shopify.com/s/files/1/0076/8301/4754/products/5_70881_778_R_965.jpg?v=1661861031|role:side profile,3,false,/products/rukka-imatra-2-0-gore-tex-gloves,/products/rukka-imatra-2-0-gore-tex-gloves
rukka-bexhill-gloves,rukka-bexhill-gloves,Rukka Bexhill Gloves,Rukka Bexhill Gloves,rukka-bexhill-gloves,"Weather resistance and maximum touch sensitivity for perfect control with Gore Grip technology. Lining, membrane and outer fabric are securely bonded together for maximum comfort… • leather glove. • Fully waterproof, windproof and breathable. • Great grip feel for perfect control with GORE-TEX® Gore GripTechnology. • Ankle protection. Available in multiple sizes and/or colours — select your variant.","Weather resistance and maximum touch sensitivity for perfect control with Gore Grip technology. Lining, membrane and outer fabric are securely bonded together for maximum comfort and safety while in motion.<br><br>

<b>Features:</b><br>

<li>leather glove</li>
<li>Fully waterproof, windproof and breathable</li>
<li>Great grip feel for perfect control with GORE-TEX® Gore GripTechnology</li>
<li>Ankle protection</li>
<li>Wrist closure with snap fasteners</li>
<li>Touchscreen Fingertips</li><br>
<b>ADDITIONAL PRODUCT INFORMATION</b><br>
<li>Material	100% leather (Contains non-textile parts of animal origin)</li>","Weather resistance and maximum touch sensitivity for perfect control with Gore Grip technology. Lining, membrane and outer fabric are securely bonded together for maximum comfort and safety while in motion.

Features:

• leather glove

• Fully waterproof, windproof and breathable

• Great grip feel for perfect control with GORE-TEX® Gore GripTechnology

• Ankle protection

• Wrist closure with snap fasteners

• Touchscreen Fingertips

ADDITIONAL PRODUCT INFORMATION

• Material	100% leather (Contains non-textile parts of animal origin)",16500,,2026-07-26,active,Rukka,2000,g,Buy Rukka Bexhill Gloves | Mile 27 Store,"Weather resistance and maximum touch sensitivity for perfect control with Gore Grip technology. Lining, membrane and outer fabric are securely bonded…","leather glove | Fully waterproof, windproof and breathable | Great grip feel for perfect control with GORE-TEX® Gore GripTechnology | Ankle protection",Cleaned noise; brand verified,High,false,Riding Gear > Riding Gloves,High,"Mapped from Shopify Type ""Riding Gloves""",rukka-bexhill-gloves-1|Size:6|price:16500.00|compare:|weight:2000|barcode:|qty:0 | rukka-bexhill-gloves-2|Size:7|price:16500.00|compare:|weight:2000|barcode:|qty:0 | rukka-bexhill-gloves-3|Size:8|price:16500.00|compare:|weight:2000|barcode:|qty:0 | rukka-bexhill-gloves-4|Size:9|price:16500.00|compare:|weight:2000|barcode:|qty:0 | rukka-bexhill-gloves-5|Size:10|price:16500.00|compare:|weight:2000|barcode:|qty:0 | rukka-bexhill-gloves-6|Size:11|price:16500.00|compare:|weight:2000|barcode:|qty:0 | rukka-bexhill-gloves-7|Size:12|price:16500.00|compare:|weight:2000|barcode:|qty:0 | rukka-bexhill-gloves-8|Size:13|price:16500.00|compare:|weight:2000|barcode:|qty:0 | rukka-bexhill-gloves-9|Size:14|price:16500.00|compare:|weight:2000|barcode:|qty:0,"rukka-bexhill-gloves-1,rukka-bexhill-gloves-2,rukka-bexhill-gloves-3,rukka-bexhill-gloves-4,rukka-bexhill-gloves-5,rukka-bexhill-gloves-6,rukka-bexhill-gloves-7,rukka-bexhill-gloves-8,rukka-bexhill-gloves-9",9,https://cdn.shopify.com/s/files/1/0076/8301/4754/products/7_70886_778_R_990.jpg?v=1661861480|pos:1|alt:Rukka Rukka Bexhill Gloves – front view || https://cdn.shopify.com/s/files/1/0076/8301/4754/products/7_70886_778_R_990_palm.jpg?v=1661861479|pos:2|alt:Rukka Rukka Bexhill Gloves – side view,2,Rukka Rukka Bexhill Gloves – front view | Rukka Rukka Bexhill Gloves – side view,,0,Rukka Bexhill Gloves,Rukka Bexhill Gloves. Weather resistance and maximum touch sensitivity for perfect control with Gore Grip technology.,leather glove.,,"Fully waterproof, windproof and breathable. Great grip feel for perfect control with GORE-TEX® Gore GripTechnology. Ankle protection.",,Available in multiple sizes. Check the size guide before ordering.,Rukka Bexhill Gloves — a riding Glov built to the specifications listed above.,true,draft,https://cdn.shopify.com/s/files/1/0076/8301/4754/products/7_70886_778_R_990.jpg?v=1661861480|role:hero || https://cdn.shopify.com/s/files/1/0076/8301/4754/products/7_70886_778_R_990_palm.jpg?v=1661861479|role:construction detail,2,false,/products/rukka-bexhill-gloves,/products/rukka-bexhill-gloves
rukka-gtx-3chamb-gloves,rukka-gtx-3chamb-gloves,Rukka GTX 3Chamb Gloves,Rukka GTX 3Chamb Gloves,rukka-gtx-3chamb-gloves,• Fully water- and windproof and breathable Gore-Tex gloves • Fully water- and windproof and breathable Gore-Tex gloves. • Textile gloves with leather palm. • Extra warmth for colder riding conditions with insulation. • Fleece lining. Available in multiple sizes and/or colours — select your variant.,"<li>Fully water- and windproof and breathable Gore-Tex gloves</li>
<li>Textile gloves with leather palm</li>
<li>Extra warmth for colder riding conditions with insulation</li>
<li>Fleece lining</li>
<li>Scaphoid protection with moulded  pvc/carbon mix</li>
<li>Visor wiper in left hand</li>
 

<b>ADDITIONAL PRODUCT INFORMATION</b>
<li>Material	Upper Material: 71% Polyamide 32% leather 6% polyurethane</li>","• Fully water- and windproof and breathable Gore-Tex gloves

• Textile gloves with leather palm

• Extra warmth for colder riding conditions with insulation

• Fleece lining

• Scaphoid protection with moulded  pvc/carbon mix

• Visor wiper in left hand

 

ADDITIONAL PRODUCT INFORMATION
• Material	Upper Material: 71% Polyamide 32% leather 6% polyurethane",15000,,2026-07-26,active,Rukka,2000,g,Buy Rukka GTX 3Chamb Gloves | Mile 27 Store,Fully water- and windproof and breathable Gore-Tex gloves Fully water- and windproof and breathable Gore-Tex gloves. Textile gloves with leather palm.…,Fully water- and windproof and breathable Gore-Tex gloves | Textile gloves with leather palm | Extra warmth for colder riding conditions with insulation | Fleece lining,Cleaned noise; brand verified,High,false,Riding Gear > Riding Gloves,High,"Mapped from Shopify Type ""Riding Gloves""",rukka-gtx-3chamb-gloves-1|Size:6|price:15000.00|compare:|weight:2000|barcode:|qty:0 | rukka-gtx-3chamb-gloves-2|Size:7|price:15000.00|compare:|weight:2000|barcode:|qty:0 | rukka-gtx-3chamb-gloves-3|Size:8|price:15000.00|compare:|weight:2000|barcode:|qty:0 | rukka-gtx-3chamb-gloves-4|Size:9|price:15000.00|compare:|weight:2000|barcode:|qty:0 | rukka-gtx-3chamb-gloves-5|Size:10|price:15000.00|compare:|weight:2000|barcode:|qty:0 | rukka-gtx-3chamb-gloves-6|Size:11|price:15000.00|compare:|weight:2000|barcode:|qty:0 | rukka-gtx-3chamb-gloves-7|Size:12|price:15000.00|compare:|weight:2000|barcode:|qty:0 | rukka-gtx-3chamb-gloves-8|Size:13|price:15000.00|compare:|weight:2000|barcode:|qty:0 | rukka-gtx-3chamb-gloves-9|Size:14|price:15000.00|compare:|weight:2000|barcode:|qty:0,"rukka-gtx-3chamb-gloves-1,rukka-gtx-3chamb-gloves-2,rukka-gtx-3chamb-gloves-3,rukka-gtx-3chamb-gloves-4,rukka-gtx-3chamb-gloves-5,rukka-gtx-3chamb-gloves-6,rukka-gtx-3chamb-gloves-7,rukka-gtx-3chamb-gloves-8,rukka-gtx-3chamb-gloves-9",9,https://cdn.shopify.com/s/files/1/0076/8301/4754/products/9_70175_778_R_990_GTX_3_Champ.jpg?v=1661861825|pos:1|alt:Rukka Rukka GTX 3Chamb Gloves – front view || https://cdn.shopify.com/s/files/1/0076/8301/4754/products/9_70175_778_R_990_palm_GTX_3_Champ.jpg?v=1661861826|pos:2|alt:Rukka Rukka GTX 3Chamb Gloves – side view,2,Rukka Rukka GTX 3Chamb Gloves – front view | Rukka Rukka GTX 3Chamb Gloves – side view,,0,Rukka GTX 3Chamb Gloves,Rukka GTX 3Chamb Gloves. • Fully water- and windproof and breathable Gore-Tex gloves • Fully water- and windproof and breathable Gore-Tex gloves.,Textile gloves with leather palm.,Extra warmth for colder riding conditions with insulation.,Fully water- and windproof and breathable Gore-Tex gloves. Fleece lining.,,Available in multiple sizes. Check the size guide before ordering.,Rukka GTX 3Chamb Gloves — a riding Glov built to the specifications listed above.,true,draft,https://cdn.shopify.com/s/files/1/0076/8301/4754/products/9_70175_778_R_990_GTX_3_Champ.jpg?v=1661861825|role:hero || https://cdn.shopify.com/s/files/1/0076/8301/4754/products/9_70175_778_R_990_palm_GTX_3_Champ.jpg?v=1661861826|role:construction detail,2,false,/products/rukka-gtx-3chamb-gloves,/products/rukka-gtx-3chamb-gloves
rukka-ceres-gore-tex-gloves,rukka-ceres-gore-tex-gloves,Rukka Ceres Gore-Tex Gloves,Rukka Ceres Gore-Tex Gloves,rukka-ceres-gore-tex-gloves,"• Combination of leather and elastic textile • Combination of leather and elastic textile. • Top touch sensitivity for perfect control with Gore-Tex X-TRAFIT technology. • Fully water- ,windproof and breathable. • Knuckle and palm protection. Available in multiple sizes and/or colours — select your variant.","<li>Combination of leather and elastic textile</li>
<li>Top touch sensitivity for perfect control with Gore-Tex X-TRAFIT technology</li>
<li>Fully water- ,windproof and breathable</li>
<li>Knuckle and palm protection</li>
<li>Long visor wiper in left thumb</li>
<li>Touchscreen fingertips</li><br>
 

<b>ADDITIONAL PRODUCT INFORMATION</b><br>
<li>Material	80% Leather,14%NYLON, 3% Chloropren -Kautschuk, 2%POLYESTER, 1%Elastan</li>","• Combination of leather and elastic textile

• Top touch sensitivity for perfect control with Gore-Tex X-TRAFIT technology

• Fully water- ,windproof and breathable

• Knuckle and palm protection

• Long visor wiper in left thumb

• Touchscreen fingertips

 

ADDITIONAL PRODUCT INFORMATION

• Material	80% Leather,14%NYLON, 3% Chloropren -Kautschuk, 2%POLYESTER, 1%Elastan",25000,,2026-07-26,active,Rukka,2000,g,Buy Rukka Ceres Gore-Tex Gloves | Mile 27 Store,Combination of leather and elastic textile Combination of leather and elastic textile. Top touch sensitivity for perfect control with Gore-Tex X-TRAFIT…,"Combination of leather and elastic textile | Top touch sensitivity for perfect control with Gore-Tex X-TRAFIT technology | Fully water- ,windproof and breathable | Knuckle and palm protection",Cleaned noise; brand verified,High,false,Riding Gear > Riding Gloves,High,"Mapped from Shopify Type ""Riding Gloves""",rukka-ceres-gore-tex-gloves-1|Size:6:Colour:Black|price:25000.00|compare:|weight:2000|barcode:|qty:0 | rukka-ceres-gore-tex-gloves-2|Size:6:Colour:Black/Anthracite|price:25000.00|compare:|weight:2000|barcode:|qty:0 | rukka-ceres-gore-tex-gloves-3|Size:7:Colour:Black|price:25000.00|compare:|weight:2000|barcode:|qty:0 | rukka-ceres-gore-tex-gloves-4|Size:7:Colour:Black/Anthracite|price:25000.00|compare:|weight:2000|barcode:|qty:0 | rukka-ceres-gore-tex-gloves-5|Size:8:Colour:Black|price:25000.00|compare:|weight:2000|barcode:|qty:0 | rukka-ceres-gore-tex-gloves-6|Size:8:Colour:Black/Anthracite|price:25000.00|compare:|weight:2000|barcode:|qty:0 | rukka-ceres-gore-tex-gloves-7|Size:9:Colour:Black|price:25000.00|compare:|weight:2000|barcode:|qty:0 | rukka-ceres-gore-tex-gloves-8|Size:9:Colour:Black/Anthracite|price:25000.00|compare:|weight:2000|barcode:|qty:0 | rukka-ceres-gore-tex-gloves-9|Size:10:Colour:Black|price:25000.00|compare:|weight:2000|barcode:|qty:0 | rukka-ceres-gore-tex-gloves-10|Size:10:Colour:Black/Anthracite|price:25000.00|compare:|weight:2000|barcode:|qty:0 | rukka-ceres-gore-tex-gloves-11|Size:11:Colour:Black|price:25000.00|compare:|weight:2000|barcode:|qty:0 | rukka-ceres-gore-tex-gloves-12|Size:11:Colour:Black/Anthracite|price:25000.00|compare:|weight:2000|barcode:|qty:0 | rukka-ceres-gore-tex-gloves-13|Size:12:Colour:Black|price:25000.00|compare:|weight:2000|barcode:|qty:0 | rukka-ceres-gore-tex-gloves-14|Size:12:Colour:Black/Anthracite|price:25000.00|compare:|weight:2000|barcode:|qty:0 | rukka-ceres-gore-tex-gloves-15|Size:13:Colour:Black|price:25000.00|compare:|weight:2000|barcode:|qty:0 | rukka-ceres-gore-tex-gloves-16|Size:13:Colour:Black/Anthracite|price:25000.00|compare:|weight:2000|barcode:|qty:0 | rukka-ceres-gore-tex-gloves-17|Size:14:Colour:Black|price:25000.00|compare:|weight:2000|barcode:|qty:0 | rukka-ceres-gore-tex-gloves-18|Size:14:Colour:Black/Anthracite|price:25000.00|compare:|weight:2000|barcode:|qty:0,"rukka-ceres-gore-tex-gloves-1,rukka-ceres-gore-tex-gloves-2,rukka-ceres-gore-tex-gloves-3,rukka-ceres-gore-tex-gloves-4,rukka-ceres-gore-tex-gloves-5,rukka-ceres-gore-tex-gloves-6,rukka-ceres-gore-tex-gloves-7,rukka-ceres-gore-tex-gloves-8,rukka-ceres-gore-tex-gloves-9,rukka-ceres-gore-tex-gloves-10,rukka-ceres-gore-tex-gloves-11,rukka-ceres-gore-tex-gloves-12,rukka-ceres-gore-tex-gloves-13,rukka-ceres-gore-tex-gloves-14,rukka-ceres-gore-tex-gloves-15,rukka-ceres-gore-tex-gloves-16,rukka-ceres-gore-tex-gloves-17,rukka-ceres-gore-tex-gloves-18",18,https://cdn.shopify.com/s/files/1/0076/8301/4754/products/Rukka-Ceres-1.jpg?v=1661862630|pos:1|alt:Rukka Rukka Ceres Gore-Tex Gloves – front view || https://cdn.shopify.com/s/files/1/0076/8301/4754/products/Rukka-Ceres-2.jpg?v=1661862629|pos:2|alt:Rukka Rukka Ceres Gore-Tex Gloves – side view || https://cdn.shopify.com/s/files/1/0076/8301/4754/products/Rukka-Ceres-4.jpg?v=1661862629|pos:3|alt:Rukka Rukka Ceres Gore-Tex Gloves – rear view,3,Rukka Rukka Ceres Gore-Tex Gloves – front view | Rukka Rukka Ceres Gore-Tex Gloves – side view | Rukka Rukka Ceres Gore-Tex Gloves – rear view,,0,Rukka Ceres Gore-Tex Gloves,Rukka Ceres Gore-Tex Gloves. • Combination of leather and elastic textile • Combination of leather and elastic textile.,Combination of leather and elastic textile.,,"Top touch sensitivity for perfect control with Gore-Tex X-TRAFIT technology. Fully water- ,windproof and breathable. Knuckle and palm protection.",,Available in multiple sizes. Check the size guide before ordering.,Rukka Ceres Gore-Tex Gloves — a riding Glov built to the specifications listed above.,true,draft,https://cdn.shopify.com/s/files/1/0076/8301/4754/products/Rukka-Ceres-1.jpg?v=1661862630|role:hero || https://cdn.shopify.com/s/files/1/0076/8301/4754/products/Rukka-Ceres-2.jpg?v=1661862629|role:construction detail || https://cdn.shopify.com/s/files/1/0076/8301/4754/products/Rukka-Ceres-4.jpg?v=1661862629|role:side profile,3,false,/products/rukka-ceres-gore-tex-gloves,/products/rukka-ceres-gore-tex-gloves
rukka-virium-gore-tex-gloves,rukka-virium-gore-tex-gloves,Rukka Virium Gore-Tex Gloves,Rukka Virium Gore-Tex Gloves,rukka-virium-gore-tex-gloves,"• Top touch sensitivity for perfect control with Gore-Tex X-TRAFIT technology • Top touch sensitivity for perfect control with Gore-Tex X-TRAFIT technology. • Fully water- ,windproof and breathable textile gloves with elastic material. • Knuckle, scaphoid and finger protection. • Extra grip palm and fingertips. Available in multiple sizes and/or colours — select your variant.","<li>Top touch sensitivity for perfect control with Gore-Tex X-TRAFIT technology</li>
<li>Fully water- ,windproof and breathable textile gloves with elastic material</li>
<li>Knuckle, scaphoid and finger protection</li>
<li>Extra grip palm and fingertips</li>
<li>Visor wiper in left hand</li>
<li>Touchscreen fingertips</li><br>
<b>ADDITIONAL PRODUCT INFORMATION</b><br>

<li>Material	85% NYLON, 10% Polyurethan, 3% Elastan,2% POLYESTER</li>","• Top touch sensitivity for perfect control with Gore-Tex X-TRAFIT technology

• Fully water- ,windproof and breathable textile gloves with elastic material

• Knuckle, scaphoid and finger protection

• Extra grip palm and fingertips

• Visor wiper in left hand

• Touchscreen fingertips

ADDITIONAL PRODUCT INFORMATION

• Material	85% NYLON, 10% Polyurethan, 3% Elastan,2% POLYESTER",23000,,2026-07-26,active,Rukka,2000,g,Buy Rukka Virium Gore-Tex Gloves | Mile 27 Store,Top touch sensitivity for perfect control with Gore-Tex X-TRAFIT technology Top touch sensitivity for perfect control with Gore-Tex X-TRAFIT technology.…,"Top touch sensitivity for perfect control with Gore-Tex X-TRAFIT technology | Fully water- ,windproof and breathable textile gloves with elastic material | Knuckle, scaphoid and finger protection | Extra grip palm and fingertips",Cleaned noise; brand verified,High,false,Riding Gear > Riding Gloves,High,"Mapped from Shopify Type ""Riding Gloves""",rukka-virium-gore-tex-gloves-1|Size:6:Colour:Black|price:23000.00|compare:|weight:2000|barcode:|qty:0 | rukka-virium-gore-tex-gloves-2|Size:6:Colour:Black/Gray|price:23000.00|compare:|weight:2000|barcode:|qty:0 | rukka-virium-gore-tex-gloves-3|Size:6:Colour:Black/Yellow|price:23000.00|compare:|weight:2000|barcode:|qty:0 | rukka-virium-gore-tex-gloves-4|Size:7:Colour:Black|price:23000.00|compare:|weight:2000|barcode:|qty:0 | rukka-virium-gore-tex-gloves-5|Size:7:Colour:Black/Gray|price:23000.00|compare:|weight:2000|barcode:|qty:0 | rukka-virium-gore-tex-gloves-6|Size:7:Colour:Black/Yellow|price:23000.00|compare:|weight:2000|barcode:|qty:0 | rukka-virium-gore-tex-gloves-7|Size:8:Colour:Black|price:23000.00|compare:|weight:2000|barcode:|qty:0 | rukka-virium-gore-tex-gloves-8|Size:8:Colour:Black/Gray|price:23000.00|compare:|weight:2000|barcode:|qty:0 | rukka-virium-gore-tex-gloves-9|Size:8:Colour:Black/Yellow|price:23000.00|compare:|weight:2000|barcode:|qty:0 | rukka-virium-gore-tex-gloves-10|Size:9:Colour:Black|price:23000.00|compare:|weight:2000|barcode:|qty:0 | rukka-virium-gore-tex-gloves-11|Size:9:Colour:Black/Gray|price:23000.00|compare:|weight:2000|barcode:|qty:0 | rukka-virium-gore-tex-gloves-12|Size:9:Colour:Black/Yellow|price:23000.00|compare:|weight:2000|barcode:|qty:0 | rukka-virium-gore-tex-gloves-13|Size:10:Colour:Black|price:23000.00|compare:|weight:2000|barcode:|qty:0 | rukka-virium-gore-tex-gloves-14|Size:10:Colour:Black/Gray|price:23000.00|compare:|weight:2000|barcode:|qty:0 | rukka-virium-gore-tex-gloves-15|Size:10:Colour:Black/Yellow|price:23000.00|compare:|weight:2000|barcode:|qty:0 | rukka-virium-gore-tex-gloves-16|Size:11:Colour:Black|price:23000.00|compare:|weight:2000|barcode:|qty:0 | rukka-virium-gore-tex-gloves-17|Size:11:Colour:Black/Gray|price:23000.00|compare:|weight:2000|barcode:|qty:0 | rukka-virium-gore-tex-gloves-18|Size:11:Colour:Black/Yellow|price:23000.00|compare:|weight:2000|barcode:|qty:0 | rukka-virium-gore-tex-gloves-19|Size:12:Colour:Black|price:23000.00|compare:|weight:2000|barcode:|qty:0 | rukka-virium-gore-tex-gloves-20|Size:12:Colour:Black/Gray|price:23000.00|compare:|weight:2000|barcode:|qty:0 | rukka-virium-gore-tex-gloves-21|Size:12:Colour:Black/Yellow|price:23000.00|compare:|weight:2000|barcode:|qty:0 | rukka-virium-gore-tex-gloves-22|Size:13:Colour:Black|price:23000.00|compare:|weight:2000|barcode:|qty:0 | rukka-virium-gore-tex-gloves-23|Size:13:Colour:Black/Gray|price:23000.00|compare:|weight:2000|barcode:|qty:0 | rukka-virium-gore-tex-gloves-24|Size:13:Colour:Black/Yellow|price:23000.00|compare:|weight:2000|barcode:|qty:0 | rukka-virium-gore-tex-gloves-25|Size:14:Colour:Black|price:23000.00|compare:|weight:2000|barcode:|qty:0 | rukka-virium-gore-tex-gloves-26|Size:14:Colour:Black/Gray|price:23000.00|compare:|weight:2000|barcode:|qty:0 | rukka-virium-gore-tex-gloves-27|Size:14:Colour:Black/Yellow|price:23000.00|compare:|weight:2000|barcode:|qty:0,"rukka-virium-gore-tex-gloves-1,rukka-virium-gore-tex-gloves-2,rukka-virium-gore-tex-gloves-3,rukka-virium-gore-tex-gloves-4,rukka-virium-gore-tex-gloves-5,rukka-virium-gore-tex-gloves-6,rukka-virium-gore-tex-gloves-7,rukka-virium-gore-tex-gloves-8,rukka-virium-gore-tex-gloves-9,rukka-virium-gore-tex-gloves-10,rukka-virium-gore-tex-gloves-11,rukka-virium-gore-tex-gloves-12,rukka-virium-gore-tex-gloves-13,rukka-virium-gore-tex-gloves-14,rukka-virium-gore-tex-gloves-15,rukka-virium-gore-tex-gloves-16,rukka-virium-gore-tex-gloves-17,rukka-virium-gore-tex-gloves-18,rukka-virium-gore-tex-gloves-19,rukka-virium-gore-tex-gloves-20,rukka-virium-gore-tex-gloves-21,rukka-virium-gore-tex-gloves-22,rukka-virium-gore-tex-gloves-23,rukka-virium-gore-tex-gloves-24,rukka-virium-gore-tex-gloves-25,rukka-virium-gore-tex-gloves-26,rukka-virium-gore-tex-gloves-27",27,https://cdn.shopify.com/s/files/1/0076/8301/4754/products/Rukka_Virium_backy12.jpg?v=1661863472|pos:1|alt:Rukka Rukka Virium Gore-Tex Gloves – front view || https://cdn.shopify.com/s/files/1/0076/8301/4754/products/9_70858_778_r_999_virium_palm__large_3bd5d0de-c392-4aee-a167-802013191361.jpg?v=1661863472|pos:2|alt:Rukka Rukka Virium Gore-Tex Gloves – side view || https://cdn.shopify.com/s/files/1/0076/8301/4754/products/Rukka_Virium_backy1.jpg?v=1661863472|pos:3|alt:Rukka Rukka Virium Gore-Tex Gloves – rear view || https://cdn.shopify.com/s/files/1/0076/8301/4754/products/9_70858_778_r_990_virium_palm__large_9e5c60ac-c0c5-4d44-a5aa-b18a0ab87005.jpg?v=1661863474|pos:4|alt:Rukka Rukka Virium Gore-Tex Gloves – detail view || https://cdn.shopify.com/s/files/1/0076/8301/4754/products/Rukka_Virium_backy.jpg?v=1661863472|pos:5|alt:Rukka Rukka Virium Gore-Tex Gloves – top view,5,Rukka Rukka Virium Gore-Tex Gloves – front view | Rukka Rukka Virium Gore-Tex Gloves – side view | Rukka Rukka Virium Gore-Tex Gloves – rear view | Rukka Rukka Virium Gore-Tex Gloves – detail view | Rukka Rukka Virium Gore-Tex Gloves – top view,,0,Rukka Virium Gore-Tex Gloves,Rukka Virium Gore-Tex Gloves. • Top touch sensitivity for perfect control with Gore-Tex X-TRAFIT technology • Top touch sensitivity for perfect control with Gore-Tex X-TRAFIT technology.,"Fully water- ,windproof and breathable textile gloves with elastic material.",,"Top touch sensitivity for perfect control with Gore-Tex X-TRAFIT technology. Knuckle, scaphoid and finger protection. Extra grip palm and fingertips.",,Available in multiple sizes. Check the size guide before ordering.,Rukka Virium Gore-Tex Gloves — a riding Glov built to the specifications listed above.,true,draft,https://cdn.shopify.com/s/files/1/0076/8301/4754/products/Rukka_Virium_backy12.jpg?v=1661863472|role:hero || https://cdn.shopify.com/s/files/1/0076/8301/4754/products/9_70858_778_r_999_virium_palm__large_3bd5d0de-c392-4aee-a167-802013191361.jpg?v=1661863472|role:construction detail || https://cdn.shopify.com/s/files/1/0076/8301/4754/products/Rukka_Virium_backy1.jpg?v=1661863472|role:side profile,3,false,/products/rukka-virium-gore-tex-gloves,/products/rukka-virium-gore-tex-gloves
rukka-rytmi-2-0-gloves,rukka-rytmi-2-0-gloves,Rukka Rytmi 2.0 Gloves,Rukka Rytmi 2.0 Gloves,rukka-rytmi-2-0-gloves,"Discover the Rytmi 2.0, the motorcycle glove offers a high level of protection while touring. • Leather glove. • lightweight. • ankle protection. • At thumb and index finger tips Material for operating touchscreens. Available in multiple sizes and/or colours — select your variant.","Discover the Rytmi 2.0, the motorcycle glove offers a high level of protection while touring.<br><br>

<b>Features:</b><br>

<li>Leather glove</li>
<li>lightweight</li>
<li>ankle protection</li>
<li>At thumb and index finger tips Material for operating touchscreens</li><br>
 

<b>ADDITIONAL PRODUCT INFORMATION</b><br>
<li>Material	87% leather, 10% polyester, 3% polyurethane</li>","Discover the Rytmi 2.0, the motorcycle glove offers a high level of protection while touring.

Features:

• Leather glove

• lightweight

• ankle protection

• At thumb and index finger tips Material for operating touchscreens

 

ADDITIONAL PRODUCT INFORMATION

• Material	87% leather, 10% polyester, 3% polyurethane",14000,,2026-07-26,active,Rukka,2000,g,Buy Rukka Rytmi 2.0 Gloves | Mile 27 Store,"Discover the Rytmi 2.0, the motorcycle glove offers a high level of protection while touring. Leather glove. lightweight. ankle protection. At thumb and…",Leather glove | lightweight | ankle protection | At thumb and index finger tips Material for operating touchscreens,Cleaned noise; brand verified,High,false,Riding Gear > Riding Gloves,High,"Mapped from Shopify Type ""Riding Gloves""",rukka-rytmi-2-0-gloves-1|Size:6:Colour:Black|price:14000.00|compare:|weight:2000|barcode:|qty:0 | rukka-rytmi-2-0-gloves-2|Size:6:Colour:Black/Red|price:14000.00|compare:|weight:2000|barcode:|qty:0 | rukka-rytmi-2-0-gloves-3|Size:6:Colour:Black/Blue|price:14000.00|compare:|weight:2000|barcode:|qty:0 | rukka-rytmi-2-0-gloves-4|Size:7:Colour:Black|price:14000.00|compare:|weight:2000|barcode:|qty:0 | rukka-rytmi-2-0-gloves-5|Size:7:Colour:Black/Red|price:14000.00|compare:|weight:2000|barcode:|qty:0 | rukka-rytmi-2-0-gloves-6|Size:7:Colour:Black/Blue|price:14000.00|compare:|weight:2000|barcode:|qty:0 | rukka-rytmi-2-0-gloves-7|Size:8:Colour:Black|price:14000.00|compare:|weight:2000|barcode:|qty:0 | rukka-rytmi-2-0-gloves-8|Size:8:Colour:Black/Red|price:14000.00|compare:|weight:2000|barcode:|qty:0 | rukka-rytmi-2-0-gloves-9|Size:8:Colour:Black/Blue|price:14000.00|compare:|weight:2000|barcode:|qty:0 | rukka-rytmi-2-0-gloves-10|Size:9:Colour:Black|price:14000.00|compare:|weight:2000|barcode:|qty:0 | rukka-rytmi-2-0-gloves-11|Size:9:Colour:Black/Red|price:14000.00|compare:|weight:2000|barcode:|qty:0 | rukka-rytmi-2-0-gloves-12|Size:9:Colour:Black/Blue|price:14000.00|compare:|weight:2000|barcode:|qty:0 | rukka-rytmi-2-0-gloves-13|Size:10:Colour:Black|price:14000.00|compare:|weight:2000|barcode:|qty:0 | rukka-rytmi-2-0-gloves-14|Size:10:Colour:Black/Red|price:14000.00|compare:|weight:2000|barcode:|qty:0 | rukka-rytmi-2-0-gloves-15|Size:10:Colour:Black/Blue|price:14000.00|compare:|weight:2000|barcode:|qty:0 | rukka-rytmi-2-0-gloves-16|Size:11:Colour:Black|price:14000.00|compare:|weight:2000|barcode:|qty:0 | rukka-rytmi-2-0-gloves-17|Size:11:Colour:Black/Red|price:14000.00|compare:|weight:2000|barcode:|qty:0 | rukka-rytmi-2-0-gloves-18|Size:11:Colour:Black/Blue|price:14000.00|compare:|weight:2000|barcode:|qty:0 | rukka-rytmi-2-0-gloves-19|Size:12:Colour:Black|price:14000.00|compare:|weight:2000|barcode:|qty:0 | rukka-rytmi-2-0-gloves-20|Size:12:Colour:Black/Red|price:14000.00|compare:|weight:2000|barcode:|qty:0 | rukka-rytmi-2-0-gloves-21|Size:12:Colour:Black/Blue|price:14000.00|compare:|weight:2000|barcode:|qty:0 | rukka-rytmi-2-0-gloves-22|Size:13:Colour:Black|price:14000.00|compare:|weight:2000|barcode:|qty:0 | rukka-rytmi-2-0-gloves-23|Size:13:Colour:Black/Red|price:14000.00|compare:|weight:2000|barcode:|qty:0 | rukka-rytmi-2-0-gloves-24|Size:13:Colour:Black/Blue|price:14000.00|compare:|weight:2000|barcode:|qty:0 | rukka-rytmi-2-0-gloves-25|Size:14:Colour:Black|price:14000.00|compare:|weight:2000|barcode:|qty:0 | rukka-rytmi-2-0-gloves-26|Size:14:Colour:Black/Red|price:14000.00|compare:|weight:2000|barcode:|qty:0 | rukka-rytmi-2-0-gloves-27|Size:14:Colour:Black/Blue|price:14000.00|compare:|weight:2000|barcode:|qty:0,"rukka-rytmi-2-0-gloves-1,rukka-rytmi-2-0-gloves-2,rukka-rytmi-2-0-gloves-3,rukka-rytmi-2-0-gloves-4,rukka-rytmi-2-0-gloves-5,rukka-rytmi-2-0-gloves-6,rukka-rytmi-2-0-gloves-7,rukka-rytmi-2-0-gloves-8,rukka-rytmi-2-0-gloves-9,rukka-rytmi-2-0-gloves-10,rukka-rytmi-2-0-gloves-11,rukka-rytmi-2-0-gloves-12,rukka-rytmi-2-0-gloves-13,rukka-rytmi-2-0-gloves-14,rukka-rytmi-2-0-gloves-15,rukka-rytmi-2-0-gloves-16,rukka-rytmi-2-0-gloves-17,rukka-rytmi-2-0-gloves-18,rukka-rytmi-2-0-gloves-19,rukka-rytmi-2-0-gloves-20,rukka-rytmi-2-0-gloves-21,rukka-rytmi-2-0-gloves-22,rukka-rytmi-2-0-gloves-23,rukka-rytmi-2-0-gloves-24,rukka-rytmi-2-0-gloves-25,rukka-rytmi-2-0-gloves-26,rukka-rytmi-2-0-gloves-27",27,https://cdn.shopify.com/s/files/1/0076/8301/4754/products/5_70882_778_R_990.jpg?v=1661863800|pos:1|alt:Rukka Rukka Rytmi 2.0 Gloves – front view || https://cdn.shopify.com/s/files/1/0076/8301/4754/products/5_70882_778_R_990_palm.jpg?v=1661863800|pos:2|alt:Rukka Rukka Rytmi 2.0 Gloves – side view || https://cdn.shopify.com/s/files/1/0076/8301/4754/products/5_70882_778_R_965.jpg?v=1661863800|pos:3|alt:Rukka Rukka Rytmi 2.0 Gloves – rear view || https://cdn.shopify.com/s/files/1/0076/8301/4754/products/5_70882_778_R_965_palm.jpg?v=1661863799|pos:4|alt:Rukka Rukka Rytmi 2.0 Gloves – detail view || https://cdn.shopify.com/s/files/1/0076/8301/4754/products/5_70882_778_R_936.jpg?v=1661863799|pos:5|alt:Rukka Rukka Rytmi 2.0 Gloves – top view || https://cdn.shopify.com/s/files/1/0076/8301/4754/products/5_70882_778_R_936_palm.jpg?v=1661863800|pos:6|alt:Rukka Rukka Rytmi 2.0 Gloves – product view,6,Rukka Rukka Rytmi 2.0 Gloves – front view | Rukka Rukka Rytmi 2.0 Gloves – side view | Rukka Rukka Rytmi 2.0 Gloves – rear view | Rukka Rukka Rytmi 2.0 Gloves – detail view | Rukka Rukka Rytmi 2.0 Gloves – top view | Rukka Rukka Rytmi 2.0 Gloves – product view,,0,Rukka Rytmi 2.0 Gloves,"Rukka Rytmi 2.0 Gloves. Discover the Rytmi 2.0, the motorcycle glove offers a high level of protection while touring.",Leather glove. At thumb and index finger tips Material for operating touchscreens.,lightweight.,ankle protection.,,Available in multiple sizes. Check the size guide before ordering.,Rukka Rytmi 2.0 Gloves — a riding Glov built to the specifications listed above.,true,draft,https://cdn.shopify.com/s/files/1/0076/8301/4754/products/5_70882_778_R_990.jpg?v=1661863800|role:hero || https://cdn.shopify.com/s/files/1/0076/8301/4754/products/5_70882_778_R_990_palm.jpg?v=1661863800|role:construction detail || https://cdn.shopify.com/s/files/1/0076/8301/4754/products/5_70882_778_R_965.jpg?v=1661863800|role:side profile,3,false,/products/rukka-rytmi-2-0-gloves,/products/rukka-rytmi-2-0-gloves
rukka-hero-2-0-leather-gloves,rukka-hero-2-0-leather-gloves,Rukka Hero 2.0 Leather Gloves,Rukka Hero 2.0 Leather Gloves,rukka-hero-2-0-leather-gloves,"Rukka designs and manufactures motorbike clothing according to strict guidelines, ""safe & comfortable"" with the highest standards for waterproofing and comfort. Each garment works best… • Lightweight goatskin leather gloves. • Perforated leather on back of hand, fingers and thumb. • Touchscreen fingertips on index finger and thumb. • Palm and knuckle protection. Available in multiple sizes and/or colours — select your variant.","Rukka designs and manufactures motorbike clothing according to strict guidelines, ""safe &amp; comfortable"" with the highest standards for waterproofing and comfort. Each garment works best in its specific comfort zone Either hot or cold, rain or shine, Rukka offers flexible technologies for different riding conditions.<br><br> <b>Features:</b><br>
<li>Lightweight goatskin leather gloves</li>
<li>Perforated leather on back of hand, fingers and thumb</li>
<li>Touchscreen fingertips on index finger and thumb</li>
<br> <b>Specifications:</b><br>
<li>Palm and knuckle protection</li>
<br> <b>ADDITIONAL PRODUCT INFORMATION</b><br>
<li>Material 92% goatskin, 8% polyurethane Contains non-textile parts of animal origin.</li>","Rukka designs and manufactures motorbike clothing according to strict guidelines, ""safe & comfortable"" with the highest standards for waterproofing and comfort. Each garment works best in its specific comfort zone Either hot or cold, rain or shine, Rukka offers flexible technologies for different riding conditions.

 Features:

• Lightweight goatskin leather gloves

• Perforated leather on back of hand, fingers and thumb

• Touchscreen fingertips on index finger and thumb

 Specifications:

• Palm and knuckle protection

 ADDITIONAL PRODUCT INFORMATION

• Material 92% goatskin, 8% polyurethane Contains non-textile parts of animal origin.",13000,,2026-07-26,active,Rukka,2000,g,Buy Rukka Hero 2.0 Leather Gloves | Mile 27 Store,"Rukka designs and manufactures motorbike clothing according to strict guidelines, ""safe & comfortable"" with the highest standards for waterproofing and…","Lightweight goatskin leather gloves | Perforated leather on back of hand, fingers and thumb | Touchscreen fingertips on index finger and thumb | Palm and knuckle protection",Cleaned noise; brand verified,High,false,Riding Gear > Riding Gloves,High,"Mapped from Shopify Type ""Riding Gloves""",rukka-hero-2-0-leather-gloves-1|Size:6|price:13000.00|compare:|weight:2000|barcode:|qty:0 | rukka-hero-2-0-leather-gloves-2|Size:7|price:13000.00|compare:|weight:2000|barcode:|qty:0 | rukka-hero-2-0-leather-gloves-3|Size:8|price:13000.00|compare:|weight:2000|barcode:|qty:0 | rukka-hero-2-0-leather-gloves-4|Size:9|price:13000.00|compare:|weight:2000|barcode:|qty:0 | rukka-hero-2-0-leather-gloves-5|Size:10|price:13000.00|compare:|weight:2000|barcode:|qty:0 | rukka-hero-2-0-leather-gloves-6|Size:11|price:13000.00|compare:|weight:2000|barcode:|qty:0 | rukka-hero-2-0-leather-gloves-7|Size:12|price:13000.00|compare:|weight:2000|barcode:|qty:0 | rukka-hero-2-0-leather-gloves-8|Size:13|price:13000.00|compare:|weight:2000|barcode:|qty:0 | rukka-hero-2-0-leather-gloves-9|Size:14|price:13000.00|compare:|weight:2000|barcode:|qty:0,"rukka-hero-2-0-leather-gloves-1,rukka-hero-2-0-leather-gloves-2,rukka-hero-2-0-leather-gloves-3,rukka-hero-2-0-leather-gloves-4,rukka-hero-2-0-leather-gloves-5,rukka-hero-2-0-leather-gloves-6,rukka-hero-2-0-leather-gloves-7,rukka-hero-2-0-leather-gloves-8,rukka-hero-2-0-leather-gloves-9",9,https://cdn.shopify.com/s/files/1/0076/8301/4754/products/9_70893_778_R_990.jpg?v=1661864058|pos:1|alt:Rukka Rukka Hero 2.0 Leather Gloves – front view || https://cdn.shopify.com/s/files/1/0076/8301/4754/products/9_70893_778_R_990_palm.jpg?v=1661864058|pos:2|alt:Rukka Rukka Hero 2.0 Leather Gloves – side view,2,Rukka Rukka Hero 2.0 Leather Gloves – front view | Rukka Rukka Hero 2.0 Leather Gloves – side view,,0,Rukka Hero 2.0 Leather Gloves,"Rukka Hero 2.0 Leather Gloves. Rukka designs and manufactures motorbike clothing according to strict guidelines, ""safe & comfortable"" with the highest standards for waterproofing and comfort.","Lightweight goatskin leather gloves. Perforated leather on back of hand, fingers and thumb.",Lightweight goatskin leather gloves.,Touchscreen fingertips on index finger and thumb. Palm and knuckle protection.,,Available in multiple sizes. Check the size guide before ordering.,Rukka Hero 2.0 Leather Gloves — a riding Glov built to the specifications listed above.,true,draft,https://cdn.shopify.com/s/files/1/0076/8301/4754/products/9_70893_778_R_990.jpg?v=1661864058|role:hero || https://cdn.shopify.com/s/files/1/0076/8301/4754/products/9_70893_778_R_990_palm.jpg?v=1661864058|role:construction detail,2,false,/products/rukka-hero-2-0-leather-gloves,/products/rukka-hero-2-0-leather-gloves
rukka-aft-gloves,rukka-aft-gloves,Rukka AFT Gloves,Rukka AFT Gloves,rukka-aft-gloves,"Light, air-permeable summer glove in a leather-textile mix. • Lightweight gloves. • Combination of leather, air permeable knitted fabric and neoprene. • Extremely breathable. • Reflective piping. Available in multiple sizes and/or colours — select your variant.","Light, air-permeable summer glove in a leather-textile mix.<br><br>

<li>Lightweight gloves</li>
<li>Combination of leather, air permeable knitted fabric and neoprene</li>
<li>Extremely breathable</li>
<li>Reflective piping</li><br>
 

<b>ADDITIONAL PRODUCT INFORMATION</b><br>
Material	70% LEATHER, 16% NYLON, 11% SPAN, 3% CHOROPRENERUB","Light, air-permeable summer glove in a leather-textile mix.

• Lightweight gloves

• Combination of leather, air permeable knitted fabric and neoprene

• Extremely breathable

• Reflective piping

 

ADDITIONAL PRODUCT INFORMATION

Material	70% LEATHER, 16% NYLON, 11% SPAN, 3% CHOROPRENERUB",11500,,2026-07-26,active,Rukka,2000,g,Buy Rukka AFT Gloves | Mile 27 Store,"Light, air-permeable summer glove in a leather-textile mix. Lightweight gloves. Combination of leather, air permeable knitted fabric and neoprene.…","Lightweight gloves | Combination of leather, air permeable knitted fabric and neoprene | Extremely breathable | Reflective piping",Cleaned noise; brand verified,High,false,Riding Gear > Riding Gloves,High,"Mapped from Shopify Type ""Riding Gloves""",rukka-aft-gloves-1|Size:6|price:11500.00|compare:|weight:2000|barcode:|qty:0 | rukka-aft-gloves-2|Size:7|price:11500.00|compare:|weight:2000|barcode:|qty:0 | rukka-aft-gloves-3|Size:8|price:11500.00|compare:|weight:2000|barcode:|qty:0 | rukka-aft-gloves-4|Size:9|price:11500.00|compare:|weight:2000|barcode:|qty:0 | rukka-aft-gloves-5|Size:10|price:11500.00|compare:|weight:2000|barcode:|qty:0 | rukka-aft-gloves-6|Size:11|price:11500.00|compare:|weight:2000|barcode:|qty:0 | rukka-aft-gloves-7|Size:12|price:11500.00|compare:|weight:2000|barcode:|qty:0 | rukka-aft-gloves-8|Size:13|price:11500.00|compare:|weight:2000|barcode:|qty:0 | rukka-aft-gloves-9|Size:14|price:11500.00|compare:|weight:2000|barcode:|qty:0,"rukka-aft-gloves-1,rukka-aft-gloves-2,rukka-aft-gloves-3,rukka-aft-gloves-4,rukka-aft-gloves-5,rukka-aft-gloves-6,rukka-aft-gloves-7,rukka-aft-gloves-8,rukka-aft-gloves-9",9,https://cdn.shopify.com/s/files/1/0076/8301/4754/products/7_70870_778_R_990_back_AFT.jpg?v=1661864406|pos:1|alt:Rukka Rukka AFT Gloves – front view || https://cdn.shopify.com/s/files/1/0076/8301/4754/products/7_70870_778_R_990_palm_AFT.jpg?v=1661864404|pos:2|alt:Rukka Rukka AFT Gloves – side view,2,Rukka Rukka AFT Gloves – front view | Rukka Rukka AFT Gloves – side view,,0,Rukka AFT Gloves,"Rukka AFT Gloves. Light, air-permeable summer glove in a leather-textile mix.","Combination of leather, air permeable knitted fabric and neoprene.",Lightweight gloves.,Extremely breathable. Reflective piping.,,Available in multiple sizes. Check the size guide before ordering.,Rukka AFT Gloves — a riding Glov built to the specifications listed above.,true,draft,https://cdn.shopify.com/s/files/1/0076/8301/4754/products/7_70870_778_R_990_back_AFT.jpg?v=1661864406|role:hero || https://cdn.shopify.com/s/files/1/0076/8301/4754/products/7_70870_778_R_990_palm_AFT.jpg?v=1661864404|role:construction detail,2,false,/products/rukka-aft-gloves,/products/rukka-aft-gloves
rukka-elkford-gloves,rukka-elkford-gloves,Rukka Elkford Gloves,Rukka Elkford Gloves,rukka-elkford-gloves,• lightweight leather gloves with polyester lining • lightweight leather gloves with polyester lining. • knuckle and finger protection. • wrist closure with press buttons. • Material	100% cowhide leather (contains non-textile parts of animal origin). Available in multiple sizes and/or colours — select your variant.,"<b>Features</b>

<li>lightweight leather gloves with polyester lining</li>
<li>knuckle and finger protection</li>
<li>wrist closure with press buttons</li>
<b>ADDITIONAL PRODUCT INFORMATION</b>
<li>Material	100% cowhide leather (contains non-textile parts of animal origin)</li>","Features

• lightweight leather gloves with polyester lining

• knuckle and finger protection

• wrist closure with press buttons

ADDITIONAL PRODUCT INFORMATION
• Material	100% cowhide leather (contains non-textile parts of animal origin)",11500,,2026-07-26,active,Rukka,2000,g,Buy Rukka Elkford Gloves | Mile 27 Store,lightweight leather gloves with polyester lining lightweight leather gloves with polyester lining. knuckle and finger protection. wrist closure with press…,lightweight leather gloves with polyester lining | knuckle and finger protection | wrist closure with press buttons | Material	100% cowhide leather (contains non-textile parts of animal origin),Cleaned noise; brand verified,High,false,Riding Gear > Riding Gloves,High,"Mapped from Shopify Type ""Riding Gloves""",rukka-elkford-gloves-1|Size:6:Colour:Black/Silver|price:11500.00|compare:|weight:2000|barcode:|qty:0 | rukka-elkford-gloves-2|Size:6:Colour:Dark Brown|price:11500.00|compare:|weight:2000|barcode:|qty:0 | rukka-elkford-gloves-3|Size:7:Colour:Black/Silver|price:11500.00|compare:|weight:2000|barcode:|qty:0 | rukka-elkford-gloves-4|Size:7:Colour:Dark Brown|price:11500.00|compare:|weight:2000|barcode:|qty:0 | rukka-elkford-gloves-5|Size:8:Colour:Black/Silver|price:11500.00|compare:|weight:2000|barcode:|qty:0 | rukka-elkford-gloves-6|Size:8:Colour:Dark Brown|price:11500.00|compare:|weight:2000|barcode:|qty:0 | rukka-elkford-gloves-7|Size:9:Colour:Black/Silver|price:11500.00|compare:|weight:2000|barcode:|qty:0 | rukka-elkford-gloves-8|Size:9:Colour:Dark Brown|price:11500.00|compare:|weight:2000|barcode:|qty:0 | rukka-elkford-gloves-9|Size:10:Colour:Black/Silver|price:11500.00|compare:|weight:2000|barcode:|qty:0 | rukka-elkford-gloves-10|Size:10:Colour:Dark Brown|price:11500.00|compare:|weight:2000|barcode:|qty:0 | rukka-elkford-gloves-11|Size:11:Colour:Black/Silver|price:11500.00|compare:|weight:2000|barcode:|qty:0 | rukka-elkford-gloves-12|Size:11:Colour:Dark Brown|price:11500.00|compare:|weight:2000|barcode:|qty:0 | rukka-elkford-gloves-13|Size:12:Colour:Black/Silver|price:11500.00|compare:|weight:2000|barcode:|qty:0 | rukka-elkford-gloves-14|Size:12:Colour:Dark Brown|price:11500.00|compare:|weight:2000|barcode:|qty:0 | rukka-elkford-gloves-15|Size:13:Colour:Black/Silver|price:11500.00|compare:|weight:2000|barcode:|qty:0 | rukka-elkford-gloves-16|Size:13:Colour:Dark Brown|price:11500.00|compare:|weight:2000|barcode:|qty:0 | rukka-elkford-gloves-17|Size:14:Colour:Black/Silver|price:11500.00|compare:|weight:2000|barcode:|qty:0 | rukka-elkford-gloves-18|Size:14:Colour:Dark Brown|price:11500.00|compare:|weight:2000|barcode:|qty:0,"rukka-elkford-gloves-1,rukka-elkford-gloves-2,rukka-elkford-gloves-3,rukka-elkford-gloves-4,rukka-elkford-gloves-5,rukka-elkford-gloves-6,rukka-elkford-gloves-7,rukka-elkford-gloves-8,rukka-elkford-gloves-9,rukka-elkford-gloves-10,rukka-elkford-gloves-11,rukka-elkford-gloves-12,rukka-elkford-gloves-13,rukka-elkford-gloves-14,rukka-elkford-gloves-15,rukka-elkford-gloves-16,rukka-elkford-gloves-17,rukka-elkford-gloves-18",18,https://cdn.shopify.com/s/files/1/0076/8301/4754/products/3_70877_727_R_990_Elkford.jpg?v=1661864725|pos:1|alt:Rukka Rukka Elkford Gloves – front view || https://cdn.shopify.com/s/files/1/0076/8301/4754/products/3_70877_727_R_990_Elkford_palm.jpg?v=1661864725|pos:2|alt:Rukka Rukka Elkford Gloves – side view || https://cdn.shopify.com/s/files/1/0076/8301/4754/products/3_70877_727_R_195_Elkford.jpg?v=1661864724|pos:3|alt:Rukka Rukka Elkford Gloves – rear view || https://cdn.shopify.com/s/files/1/0076/8301/4754/products/3_70877_727_R_195_Elkford_palm.jpg?v=1661864724|pos:4|alt:Rukka Rukka Elkford Gloves – detail view,4,Rukka Rukka Elkford Gloves – front view | Rukka Rukka Elkford Gloves – side view | Rukka Rukka Elkford Gloves – rear view | Rukka Rukka Elkford Gloves – detail view,,0,Rukka Elkford Gloves,Rukka Elkford Gloves. • lightweight leather gloves with polyester lining • lightweight leather gloves with polyester lining.,lightweight leather gloves with polyester lining. Material	100% cowhide leather (contains non-textile parts of animal origin).,lightweight leather gloves with polyester lining.,knuckle and finger protection. wrist closure with press buttons.,,Available in multiple sizes. Check the size guide before ordering.,Rukka Elkford Gloves — a riding Glov built to the specifications listed above.,true,draft,https://cdn.shopify.com/s/files/1/0076/8301/4754/products/3_70877_727_R_990_Elkford.jpg?v=1661864725|role:hero || https://cdn.shopify.com/s/files/1/0076/8301/4754/products/3_70877_727_R_990_Elkford_palm.jpg?v=1661864725|role:construction detail || https://cdn.shopify.com/s/files/1/0076/8301/4754/products/3_70877_727_R_195_Elkford.jpg?v=1661864724|role:side profile,3,false,/products/rukka-elkford-gloves,/products/rukka-elkford-gloves
rukka-hero-summer-gloves,rukka-hero-summer-gloves,Rukka Hero Summer Gloves,Rukka Hero Summer Gloves,rukka-hero-summer-gloves,• Lightweight leather gloves • Lightweight leather gloves. • Excellent breathability. • Knuckle and palm protection made of carbon. • Reflectors in fingers. Available in multiple sizes and/or colours — select your variant.,"<ul data-mce-fragment=""1"">
<li data-mce-fragment=""1"">Lightweight leather gloves</li>
<li data-mce-fragment=""1"">Excellent breathability</li>
<li data-mce-fragment=""1"">Knuckle and palm protection made of carbon</li>
<li data-mce-fragment=""1"">Reflectors in fingers</li>
</ul>","• Lightweight leather gloves

• Excellent breathability

• Knuckle and palm protection made of carbon

• Reflectors in fingers",19500,,2026-07-26,active,Rukka,2000,g,Buy Rukka Hero Summer Gloves | Mile 27 Store,Lightweight leather gloves Lightweight leather gloves. Excellent breathability. Knuckle and palm protection made of carbon. Reflectors in fingers.,Lightweight leather gloves | Excellent breathability | Knuckle and palm protection made of carbon | Reflectors in fingers,Cleaned noise; brand verified,High,false,Riding Gear > Riding Gloves,High,"Mapped from Shopify Type ""Riding Gloves""",rukka-hero-summer-gloves-1|Size:7|price:19500.00|compare:|weight:2000|barcode:|qty:0 | rukka-hero-summer-gloves-2|Size:8|price:19500.00|compare:|weight:2000|barcode:|qty:0 | rukka-hero-summer-gloves-3|Size:9|price:19500.00|compare:|weight:2000|barcode:|qty:0 | rukka-hero-summer-gloves-4|Size:10|price:19500.00|compare:|weight:2000|barcode:|qty:0 | rukka-hero-summer-gloves-5|Size:11|price:19500.00|compare:|weight:2000|barcode:|qty:0 | rukka-hero-summer-gloves-6|Size:12|price:19500.00|compare:|weight:2000|barcode:|qty:0 | rukka-hero-summer-gloves-7|Size:13|price:19500.00|compare:|weight:2000|barcode:|qty:0 | rukka-hero-summer-gloves-8|Size:14|price:19500.00|compare:|weight:2000|barcode:|qty:0,"rukka-hero-summer-gloves-1,rukka-hero-summer-gloves-2,rukka-hero-summer-gloves-3,rukka-hero-summer-gloves-4,rukka-hero-summer-gloves-5,rukka-hero-summer-gloves-6,rukka-hero-summer-gloves-7,rukka-hero-summer-gloves-8",8,https://cdn.shopify.com/s/files/1/0076/8301/4754/products/Rukka-Hero.jpg?v=1662008668|pos:1|alt:Rukka Rukka Hero Summer Gloves – front view || https://cdn.shopify.com/s/files/1/0076/8301/4754/products/Rukka-Hero-1.jpg?v=1662008669|pos:2|alt:Rukka Rukka Hero Summer Gloves – side view,2,Rukka Rukka Hero Summer Gloves – front view | Rukka Rukka Hero Summer Gloves – side view,season:summer,1,Rukka Hero Summer Gloves,Rukka Hero Summer Gloves. • Lightweight leather gloves • Lightweight leather gloves.,Lightweight leather gloves. Knuckle and palm protection made of carbon.,Lightweight leather gloves.,Excellent breathability. Reflectors in fingers.,,Available in multiple sizes. Check the size guide before ordering.,Rukka Hero Summer Gloves — a riding Glov built to the specifications listed above.,true,draft,https://cdn.shopify.com/s/files/1/0076/8301/4754/products/Rukka-Hero.jpg?v=1662008668|role:hero || https://cdn.shopify.com/s/files/1/0076/8301/4754/products/Rukka-Hero-1.jpg?v=1662008669|role:construction detail,2,false,/products/rukka-hero-summer-gloves,/products/rukka-hero-summer-gloves
rukka-airium-2-0-gloves,rukka-airium-2-0-gloves,Rukka Airium 2.0 Gloves,Rukka Airium 2.0 Gloves,rukka-airium-2-0-gloves,"Rukka designs and manufactures motorcycle clothing according to strict guidelines, ""safe & comfortable"" with the highest standards for waterproofing and comfort. Each garment works best… • Textile gloves made of elastic material. • On the fingers and palm additional material for better grip. • Operation of cell phones and navigation devices through touch screen system. • Edge of hand and knuckle protection. Available in multiple sizes and/or colours — select your variant.","Rukka designs and manufactures motorcycle clothing according to strict guidelines, ""safe &amp; comfortable"" with the highest standards for waterproofing and comfort. Each garment works best in its specific comfort zone Either hot or cold, rain or shine, Rukka offers flexible technologies for different riding conditions.<br><br>

<b>Features:</b><br>

<li>Textile gloves made of elastic material</li>
<li>On the fingers and palm additional material for better grip</li>
<li>Operation of cell phones and navigation devices through touch screen system</li><br>
<b>Specifications:</b><br>

<li>Edge of hand and knuckle protection</li><br>
<b>ADDITIONAL PRODUCT INFORMATION</b><br>
<li>Material	81% Nylon, 16% Polyurethane, 2% Elastane, 1% Polyester</li>","Rukka designs and manufactures motorcycle clothing according to strict guidelines, ""safe & comfortable"" with the highest standards for waterproofing and comfort. Each garment works best in its specific comfort zone Either hot or cold, rain or shine, Rukka offers flexible technologies for different riding conditions.

Features:

• Textile gloves made of elastic material

• On the fingers and palm additional material for better grip

• Operation of cell phones and navigation devices through touch screen system

Specifications:

• Edge of hand and knuckle protection

ADDITIONAL PRODUCT INFORMATION

• Material	81% Nylon, 16% Polyurethane, 2% Elastane, 1% Polyester",10000,,2026-07-26,active,Rukka,2000,g,Buy Rukka Airium 2.0 Gloves | Mile 27 Store,"Rukka designs and manufactures motorcycle clothing according to strict guidelines, ""safe & comfortable"" with the highest standards for waterproofing and…",Textile gloves made of elastic material | On the fingers and palm additional material for better grip | Operation of cell phones and navigation devices through touch screen system | Edge of hand and knuckle protection,Cleaned noise; brand verified,High,false,Riding Gear > Riding Gloves,High,"Mapped from Shopify Type ""Riding Gloves""",rukka-airium-2-0-gloves-1|Size:6|price:10000.00|compare:|weight:2000|barcode:|qty:0 | rukka-airium-2-0-gloves-2|Size:7|price:10000.00|compare:|weight:2000|barcode:|qty:0 | rukka-airium-2-0-gloves-3|Size:8|price:10000.00|compare:|weight:2000|barcode:|qty:0 | rukka-airium-2-0-gloves-4|Size:9|price:10000.00|compare:|weight:2000|barcode:|qty:0 | rukka-airium-2-0-gloves-5|Size:10|price:10000.00|compare:|weight:2000|barcode:|qty:0 | rukka-airium-2-0-gloves-6|Size:11|price:10000.00|compare:|weight:2000|barcode:|qty:0 | rukka-airium-2-0-gloves-7|Size:12|price:10000.00|compare:|weight:2000|barcode:|qty:0 | rukka-airium-2-0-gloves-8|Size:13|price:10000.00|compare:|weight:2000|barcode:|qty:0 | rukka-airium-2-0-gloves-9|Size:14|price:10000.00|compare:|weight:2000|barcode:|qty:0,"rukka-airium-2-0-gloves-1,rukka-airium-2-0-gloves-2,rukka-airium-2-0-gloves-3,rukka-airium-2-0-gloves-4,rukka-airium-2-0-gloves-5,rukka-airium-2-0-gloves-6,rukka-airium-2-0-gloves-7,rukka-airium-2-0-gloves-8,rukka-airium-2-0-gloves-9",9,https://cdn.shopify.com/s/files/1/0076/8301/4754/products/9_70891_778_R_990.jpg?v=1662008913|pos:1|alt:Rukka Rukka Airium 2.0 Gloves – front view || https://cdn.shopify.com/s/files/1/0076/8301/4754/products/9_70891_778_R_990_palm.jpg?v=1662008913|pos:2|alt:Rukka Rukka Airium 2.0 Gloves – side view,2,Rukka Rukka Airium 2.0 Gloves – front view | Rukka Rukka Airium 2.0 Gloves – side view,,0,Rukka Airium 2.0 Gloves,"Rukka Airium 2.0 Gloves. Rukka designs and manufactures motorcycle clothing according to strict guidelines, ""safe & comfortable"" with the highest standards for waterproofing and comfort.",Textile gloves made of elastic material. On the fingers and palm additional material for better grip.,,Operation of cell phones and navigation devices through touch screen system. Edge of hand and knuckle protection.,,Available in multiple sizes. Check the size guide before ordering.,Rukka Airium 2.0 Gloves — a riding Glov built to the specifications listed above.,true,draft,https://cdn.shopify.com/s/files/1/0076/8301/4754/products/9_70891_778_R_990.jpg?v=1662008913|role:hero || https://cdn.shopify.com/s/files/1/0076/8301/4754/products/9_70891_778_R_990_palm.jpg?v=1662008913|role:construction detail,2,false,/products/rukka-airium-2-0-gloves,/products/rukka-airium-2-0-gloves
rukka-fernie-gloves,rukka-fernie-gloves,Rukka Fernie Gloves,Rukka Fernie Gloves,rukka-fernie-gloves,"• lightweight, perforated leather gloves with polyester lining • lightweight, perforated leather gloves with polyester lining. • short cuff with accordion stretch panles and velcro closure. • excellent breathilibity. • knuckle, scaphoid and finger protection. Available in multiple sizes and/or colours — select your variant.","<b>Features</b>

<li>lightweight, perforated leather gloves with polyester lining</li>
<li>short cuff with accordion stretch panles and velcro closure</li>
<li>excellent breathilibity</li>
<li>knuckle, scaphoid and finger protection</li>
<li>precurved shape</li>
<b>ADDITIONAL PRODUCT INFORMATION</b>
<li>Material	100% cowhide leather (contains non-textile parts of animal origin)</li>","Features

• lightweight, perforated leather gloves with polyester lining

• short cuff with accordion stretch panles and velcro closure

• excellent breathilibity

• knuckle, scaphoid and finger protection

• precurved shape

ADDITIONAL PRODUCT INFORMATION
• Material	100% cowhide leather (contains non-textile parts of animal origin)",10000,,2026-07-26,active,Rukka,2000,g,Buy Rukka Fernie Gloves | Mile 27 Store,"lightweight, perforated leather gloves with polyester lining lightweight, perforated leather gloves with polyester lining. short cuff with accordion…","lightweight, perforated leather gloves with polyester lining | short cuff with accordion stretch panles and velcro closure | excellent breathilibity | knuckle, scaphoid and finger protection",Cleaned noise; brand verified,High,false,Riding Gear > Riding Gloves,High,"Mapped from Shopify Type ""Riding Gloves""",rukka-fernie-gloves-1|Size:6:Colour:Black|price:10000.00|compare:|weight:2000|barcode:|qty:0 | rukka-fernie-gloves-2|Size:6:Colour:Dark Brown|price:10000.00|compare:|weight:2000|barcode:|qty:0 | rukka-fernie-gloves-3|Size:7:Colour:Black|price:10000.00|compare:|weight:2000|barcode:|qty:0 | rukka-fernie-gloves-4|Size:7:Colour:Dark Brown|price:10000.00|compare:|weight:2000|barcode:|qty:0 | rukka-fernie-gloves-5|Size:8:Colour:Black|price:10000.00|compare:|weight:2000|barcode:|qty:0 | rukka-fernie-gloves-6|Size:8:Colour:Dark Brown|price:10000.00|compare:|weight:2000|barcode:|qty:0 | rukka-fernie-gloves-7|Size:9:Colour:Black|price:10000.00|compare:|weight:2000|barcode:|qty:0 | rukka-fernie-gloves-8|Size:9:Colour:Dark Brown|price:10000.00|compare:|weight:2000|barcode:|qty:0 | rukka-fernie-gloves-9|Size:10:Colour:Black|price:10000.00|compare:|weight:2000|barcode:|qty:0 | rukka-fernie-gloves-10|Size:10:Colour:Dark Brown|price:10000.00|compare:|weight:2000|barcode:|qty:0 | rukka-fernie-gloves-11|Size:11:Colour:Black|price:10000.00|compare:|weight:2000|barcode:|qty:0 | rukka-fernie-gloves-12|Size:11:Colour:Dark Brown|price:10000.00|compare:|weight:2000|barcode:|qty:0 | rukka-fernie-gloves-13|Size:12:Colour:Black|price:10000.00|compare:|weight:2000|barcode:|qty:0 | rukka-fernie-gloves-14|Size:12:Colour:Dark Brown|price:10000.00|compare:|weight:2000|barcode:|qty:0 | rukka-fernie-gloves-15|Size:13:Colour:Black|price:10000.00|compare:|weight:2000|barcode:|qty:0 | rukka-fernie-gloves-16|Size:13:Colour:Dark Brown|price:10000.00|compare:|weight:2000|barcode:|qty:0 | rukka-fernie-gloves-17|Size:14:Colour:Black|price:10000.00|compare:|weight:2000|barcode:|qty:0 | rukka-fernie-gloves-18|Size:14:Colour:Dark Brown|price:10000.00|compare:|weight:2000|barcode:|qty:0,"rukka-fernie-gloves-1,rukka-fernie-gloves-2,rukka-fernie-gloves-3,rukka-fernie-gloves-4,rukka-fernie-gloves-5,rukka-fernie-gloves-6,rukka-fernie-gloves-7,rukka-fernie-gloves-8,rukka-fernie-gloves-9,rukka-fernie-gloves-10,rukka-fernie-gloves-11,rukka-fernie-gloves-12,rukka-fernie-gloves-13,rukka-fernie-gloves-14,rukka-fernie-gloves-15,rukka-fernie-gloves-16,rukka-fernie-gloves-17,rukka-fernie-gloves-18",18,https://cdn.shopify.com/s/files/1/0076/8301/4754/products/3_70876_727_R_990_Fernie.jpg?v=1662009114|pos:1|alt:Rukka Rukka Fernie Gloves – front view || https://cdn.shopify.com/s/files/1/0076/8301/4754/products/3_70876_727_R_990_palm_Fernie.jpg?v=1662009116|pos:2|alt:Rukka Rukka Fernie Gloves – side view || https://cdn.shopify.com/s/files/1/0076/8301/4754/products/3_70876_727_R_195_Fernie.jpg?v=1662009114|pos:3|alt:Rukka Rukka Fernie Gloves – rear view || https://cdn.shopify.com/s/files/1/0076/8301/4754/products/3_70876_727_R_195_palm_Fernie.jpg?v=1662009116|pos:4|alt:Rukka Rukka Fernie Gloves – detail view,4,Rukka Rukka Fernie Gloves – front view | Rukka Rukka Fernie Gloves – side view | Rukka Rukka Fernie Gloves – rear view | Rukka Rukka Fernie Gloves – detail view,,0,Rukka Fernie Gloves,"Rukka Fernie Gloves. • lightweight, perforated leather gloves with polyester lining • lightweight, perforated leather gloves with polyester lining.","lightweight, perforated leather gloves with polyester lining.","lightweight, perforated leather gloves with polyester lining.","short cuff with accordion stretch panles and velcro closure. excellent breathilibity. knuckle, scaphoid and finger protection.",,Available in multiple sizes. Check the size guide before ordering.,Rukka Fernie Gloves — a riding Glov built to the specifications listed above.,true,draft,https://cdn.shopify.com/s/files/1/0076/8301/4754/products/3_70876_727_R_990_Fernie.jpg?v=1662009114|role:hero || https://cdn.shopify.com/s/files/1/0076/8301/4754/products/3_70876_727_R_990_palm_Fernie.jpg?v=1662009116|role:construction detail || https://cdn.shopify.com/s/files/1/0076/8301/4754/products/3_70876_727_R_195_Fernie.jpg?v=1662009114|role:side profile,3,false,/products/rukka-fernie-gloves,/products/rukka-fernie-gloves
rukka-airventur-gloves,rukka-airventur-gloves,Rukka AirventuR Gloves,Rukka AirventuR Gloves,rukka-airventur-gloves,"• Lightweight gloves with excellent protection • Lightweight gloves with excellent protection. • Knuckle, scalphoid and finger protection. • Combination of Cordura and leather. • Excellent breathability. Available in multiple sizes and/or colours — select your variant.","<li>Lightweight gloves with excellent protection</li>
<li>Knuckle, scalphoid and finger protection</li>
<li>Combination of Cordura and leather</li>
<li>Excellent breathability</li><br>
 

<b>ADDITIONAL PRODUCT INFORMATION</b>
<li>Material	66% LEATHER, 18% NYLON, 10% PES,3%CHLOROPRENE,3%PU</li>","• Lightweight gloves with excellent protection

• Knuckle, scalphoid and finger protection

• Combination of Cordura and leather

• Excellent breathability

 

ADDITIONAL PRODUCT INFORMATION
• Material	66% LEATHER, 18% NYLON, 10% PES,3%CHLOROPRENE,3%PU",18500,,2026-07-26,active,Rukka,2000,g,Buy Rukka AirventuR Gloves | Mile 27 Store,"Lightweight gloves with excellent protection Lightweight gloves with excellent protection. Knuckle, scalphoid and finger protection. Combination of…","Lightweight gloves with excellent protection | Knuckle, scalphoid and finger protection | Combination of Cordura and leather | Excellent breathability",Cleaned noise; brand verified,High,false,Riding Gear > Riding Gloves,High,"Mapped from Shopify Type ""Riding Gloves""",rukka-airventur-gloves-1|Size:6:Colour:Black|price:18500.00|compare:|weight:2000|barcode:|qty:0 | rukka-airventur-gloves-2|Size:6:Colour:Black/White/Orange|price:18500.00|compare:|weight:2000|barcode:|qty:0 | rukka-airventur-gloves-3|Size:7:Colour:Black|price:18500.00|compare:|weight:2000|barcode:|qty:0 | rukka-airventur-gloves-4|Size:7:Colour:Black/White/Orange|price:18500.00|compare:|weight:2000|barcode:|qty:0 | rukka-airventur-gloves-5|Size:8:Colour:Black|price:18500.00|compare:|weight:2000|barcode:|qty:0 | rukka-airventur-gloves-6|Size:8:Colour:Black/White/Orange|price:18500.00|compare:|weight:2000|barcode:|qty:0 | rukka-airventur-gloves-7|Size:9:Colour:Black|price:18500.00|compare:|weight:2000|barcode:|qty:0 | rukka-airventur-gloves-8|Size:9:Colour:Black/White/Orange|price:18500.00|compare:|weight:2000|barcode:|qty:0 | rukka-airventur-gloves-9|Size:10:Colour:Black|price:18500.00|compare:|weight:2000|barcode:|qty:0 | rukka-airventur-gloves-10|Size:10:Colour:Black/White/Orange|price:18500.00|compare:|weight:2000|barcode:|qty:0 | rukka-airventur-gloves-11|Size:11:Colour:Black|price:18500.00|compare:|weight:2000|barcode:|qty:0 | rukka-airventur-gloves-12|Size:11:Colour:Black/White/Orange|price:18500.00|compare:|weight:2000|barcode:|qty:0 | rukka-airventur-gloves-13|Size:12:Colour:Black|price:18500.00|compare:|weight:2000|barcode:|qty:0 | rukka-airventur-gloves-14|Size:12:Colour:Black/White/Orange|price:18500.00|compare:|weight:2000|barcode:|qty:0 | rukka-airventur-gloves-15|Size:13:Colour:Black|price:18500.00|compare:|weight:2000|barcode:|qty:0 | rukka-airventur-gloves-16|Size:13:Colour:Black/White/Orange|price:18500.00|compare:|weight:2000|barcode:|qty:0 | rukka-airventur-gloves-17|Size:14:Colour:Black|price:18500.00|compare:|weight:2000|barcode:|qty:0 | rukka-airventur-gloves-18|Size:14:Colour:Black/White/Orange|price:18500.00|compare:|weight:2000|barcode:|qty:0,"rukka-airventur-gloves-1,rukka-airventur-gloves-2,rukka-airventur-gloves-3,rukka-airventur-gloves-4,rukka-airventur-gloves-5,rukka-airventur-gloves-6,rukka-airventur-gloves-7,rukka-airventur-gloves-8,rukka-airventur-gloves-9,rukka-airventur-gloves-10,rukka-airventur-gloves-11,rukka-airventur-gloves-12,rukka-airventur-gloves-13,rukka-airventur-gloves-14,rukka-airventur-gloves-15,rukka-airventur-gloves-16,rukka-airventur-gloves-17,rukka-airventur-gloves-18",18,https://cdn.shopify.com/s/files/1/0076/8301/4754/products/7_70871_778_R_999_back_AirVentuR.jpg?v=1662009437|pos:1|alt:Rukka Rukka AirventuR Gloves – front view || https://cdn.shopify.com/s/files/1/0076/8301/4754/products/7_70871_778_R_999_palm_AirVentuR.jpg?v=1662009438|pos:2|alt:Rukka Rukka AirventuR Gloves – side view || https://cdn.shopify.com/s/files/1/0076/8301/4754/products/7_70871_778_R_990_back_AirVentuR.jpg?v=1662009439|pos:3|alt:Rukka Rukka AirventuR Gloves – rear view || https://cdn.shopify.com/s/files/1/0076/8301/4754/products/7_70871_778_R_990_palm_AirVentuR.jpg?v=1662009438|pos:4|alt:Rukka Rukka AirventuR Gloves – detail view,4,Rukka Rukka AirventuR Gloves – front view | Rukka Rukka AirventuR Gloves – side view | Rukka Rukka AirventuR Gloves – rear view | Rukka Rukka AirventuR Gloves – detail view,,0,Rukka AirventuR Gloves,Rukka AirventuR Gloves. • Lightweight gloves with excellent protection • Lightweight gloves with excellent protection.,Combination of Cordura and leather.,Lightweight gloves with excellent protection.,"Knuckle, scalphoid and finger protection. Excellent breathability.",,Available in multiple sizes. Check the size guide before ordering.,Rukka AirventuR Gloves — a riding Glov built to the specifications listed above.,true,draft,https://cdn.shopify.com/s/files/1/0076/8301/4754/products/7_70871_778_R_999_back_AirVentuR.jpg?v=1662009437|role:hero || https://cdn.shopify.com/s/files/1/0076/8301/4754/products/7_70871_778_R_999_palm_AirVentuR.jpg?v=1662009438|role:construction detail || https://cdn.shopify.com/s/files/1/0076/8301/4754/products/7_70871_778_R_990_back_AirVentuR.jpg?v=1662009439|role:side profile,3,false,/products/rukka-airventur-gloves,/products/rukka-airventur-gloves
rukka-minot-leather-gloves,rukka-minot-leather-gloves,Rukka Minot Leather Gloves,Rukka Minot Leather Gloves,rukka-minot-leather-gloves,"The flags in the modern Rukka logo stand for the letters R, U, K, K, A in the international flagship alphabet - a homage to… • Lightweight leather glove with polyester lining. • Knuckle and finger protection. • Wrist closure with press buttons. • Material	Upper material: 100% cow leather; Lining: 100% polyester (Contains non-textile parts of animal origin). Available in multiple sizes and/or colours — select your variant.","The flags in the modern Rukka logo stand for the letters R, U, K, K, A in the international flagship alphabet - a homage to the sailing sport that was once the core of Rukka.<br><br>

<b>Features:</b><br>

<li>Lightweight leather glove with polyester lining</li>
<li>Knuckle and finger protection</li>
<li>Wrist closure with press buttons</li><br>
<b>ADDITIONAL PRODUCT INFORMATION</b><br>
<li>Material	Upper material: 100% cow leather; Lining: 100% polyester (Contains non-textile parts of animal origin)</li>","The flags in the modern Rukka logo stand for the letters R, U, K, K, A in the international flagship alphabet - a homage to the sailing sport that was once the core of Rukka.

Features:

• Lightweight leather glove with polyester lining

• Knuckle and finger protection

• Wrist closure with press buttons

ADDITIONAL PRODUCT INFORMATION

• Material	Upper material: 100% cow leather; Lining: 100% polyester (Contains non-textile parts of animal origin)",11000,,2026-07-26,active,Rukka,2000,g,Buy Rukka Minot Leather Gloves | Mile 27 Store,"The flags in the modern Rukka logo stand for the letters R, U, K, K, A in the international flagship alphabet - a homage to… Lightweight leather glove…",Lightweight leather glove with polyester lining | Knuckle and finger protection | Wrist closure with press buttons | Material	Upper material: 100% cow leather; Lining: 100% polyester (Contains non-textile parts of animal origin),Cleaned noise; brand verified,High,false,Riding Gear > Riding Gloves,High,"Mapped from Shopify Type ""Riding Gloves""",rukka-minot-leather-gloves-1|Size:6:Colour:Black|price:11000.00|compare:|weight:2000|barcode:|qty:0 | rukka-minot-leather-gloves-2|Size:6:Colour:Brown|price:11000.00|compare:|weight:2000|barcode:|qty:0 | rukka-minot-leather-gloves-3|Size:7:Colour:Black|price:11000.00|compare:|weight:2000|barcode:|qty:0 | rukka-minot-leather-gloves-4|Size:7:Colour:Brown|price:11000.00|compare:|weight:2000|barcode:|qty:0 | rukka-minot-leather-gloves-5|Size:8:Colour:Black|price:11000.00|compare:|weight:2000|barcode:|qty:0 | rukka-minot-leather-gloves-6|Size:8:Colour:Brown|price:11000.00|compare:|weight:2000|barcode:|qty:0 | rukka-minot-leather-gloves-7|Size:9:Colour:Black|price:11000.00|compare:|weight:2000|barcode:|qty:0 | rukka-minot-leather-gloves-8|Size:9:Colour:Brown|price:11000.00|compare:|weight:2000|barcode:|qty:0 | rukka-minot-leather-gloves-9|Size:10:Colour:Black|price:11000.00|compare:|weight:2000|barcode:|qty:0 | rukka-minot-leather-gloves-10|Size:10:Colour:Brown|price:11000.00|compare:|weight:2000|barcode:|qty:0,"rukka-minot-leather-gloves-1,rukka-minot-leather-gloves-2,rukka-minot-leather-gloves-3,rukka-minot-leather-gloves-4,rukka-minot-leather-gloves-5,rukka-minot-leather-gloves-6,rukka-minot-leather-gloves-7,rukka-minot-leather-gloves-8,rukka-minot-leather-gloves-9,rukka-minot-leather-gloves-10",10,https://cdn.shopify.com/s/files/1/0076/8301/4754/products/5_70878_727_R_990_Minot.jpg?v=1662009740|pos:1|alt:Rukka Rukka Minot Leather Gloves – front view || https://cdn.shopify.com/s/files/1/0076/8301/4754/products/5_70878_727_R_990_Minot_palm.jpg?v=1662009741|pos:2|alt:Rukka Rukka Minot Leather Gloves – side view || https://cdn.shopify.com/s/files/1/0076/8301/4754/products/5_70878_727_R_195_Minot.jpg?v=1662009740|pos:3|alt:Rukka Rukka Minot Leather Gloves – rear view || https://cdn.shopify.com/s/files/1/0076/8301/4754/products/5_70878_727_R_195_Minot_palm.jpg?v=1662009741|pos:4|alt:Rukka Rukka Minot Leather Gloves – detail view,4,Rukka Rukka Minot Leather Gloves – front view | Rukka Rukka Minot Leather Gloves – side view | Rukka Rukka Minot Leather Gloves – rear view | Rukka Rukka Minot Leather Gloves – detail view,,0,Rukka Minot Leather Gloves,"Rukka Minot Leather Gloves. The flags in the modern Rukka logo stand for the letters R, U, K, K, A in the international flagship alphabet - a homage to… • Lightweight leather glove with polyester lining.",Lightweight leather glove with polyester lining. Material	Upper material: 100% cow leather; Lining: 100% polyester (Contains non-textile parts of animal origin).,Lightweight leather glove with polyester lining.,Knuckle and finger protection. Wrist closure with press buttons.,,Available in multiple sizes. Check the size guide before ordering.,Rukka Minot Leather Gloves — a riding Glov built to the specifications listed above.,true,draft,https://cdn.shopify.com/s/files/1/0076/8301/4754/products/5_70878_727_R_990_Minot.jpg?v=1662009740|role:hero || https://cdn.shopify.com/s/files/1/0076/8301/4754/products/5_70878_727_R_990_Minot_palm.jpg?v=1662009741|role:construction detail || https://cdn.shopify.com/s/files/1/0076/8301/4754/products/5_70878_727_R_195_Minot.jpg?v=1662009740|role:side profile,3,false,/products/rukka-minot-leather-gloves,/products/rukka-minot-leather-gloves
rukka-rytmi-gloves,rukka-rytmi-gloves,Rukka Rytmi Gloves,Rukka Rytmi Gloves,rukka-rytmi-gloves,"Material: 91% LEATHER, 5% NYLON, 2%POLYESTER, 1%Polyurethan, 1% Elastan • Lightweight leather gloves. • Knuckle protection. • Touchscreen fingertips. Available in multiple sizes and/or colours — select your variant.","<li>Lightweight leather gloves</li>
<li>Knuckle protection</li>
<li>Touchscreen fingertips</li><br>

<h3>ADDITIONAL PRODUCT INFORMATION</h3>
<b>Material:</b>	91% LEATHER, 5% NYLON, 2%POLYESTER, 1%Polyurethan, 1% Elastan","• Lightweight leather gloves

• Knuckle protection

• Touchscreen fingertips

ADDITIONAL PRODUCT INFORMATION

Material:	91% LEATHER, 5% NYLON, 2%POLYESTER, 1%Polyurethan, 1% Elastan",18500,,2026-07-26,active,Rukka,2000,g,Buy Rukka Rytmi Gloves | Mile 27 Store,"Material: 91% LEATHER, 5% NYLON, 2%POLYESTER, 1%Polyurethan, 1% Elastan Lightweight leather gloves. Knuckle protection. Touchscreen fingertips.",Lightweight leather gloves | Knuckle protection | Touchscreen fingertips,Cleaned noise; brand verified,High,false,Riding Gear > Riding Gloves,High,"Mapped from Shopify Type ""Riding Gloves""",rukka-rytmi-gloves-1|Size:6:Colour:Black/Red|price:18500.00|compare:|weight:2000|barcode:|qty:0 | rukka-rytmi-gloves-2|Size:6:Colour:Black/Yellow|price:18500.00|compare:|weight:2000|barcode:|qty:0 | rukka-rytmi-gloves-3|Size:7:Colour:Black/Red|price:18500.00|compare:|weight:2000|barcode:|qty:0 | rukka-rytmi-gloves-4|Size:7:Colour:Black/Yellow|price:18500.00|compare:|weight:2000|barcode:|qty:0 | rukka-rytmi-gloves-5|Size:8:Colour:Black/Red|price:18500.00|compare:|weight:2000|barcode:|qty:0 | rukka-rytmi-gloves-6|Size:8:Colour:Black/Yellow|price:18500.00|compare:|weight:2000|barcode:|qty:0 | rukka-rytmi-gloves-7|Size:9:Colour:Black/Red|price:18500.00|compare:|weight:2000|barcode:|qty:0 | rukka-rytmi-gloves-8|Size:9:Colour:Black/Yellow|price:18500.00|compare:|weight:2000|barcode:|qty:0 | rukka-rytmi-gloves-9|Size:10:Colour:Black/Red|price:18500.00|compare:|weight:2000|barcode:|qty:0 | rukka-rytmi-gloves-10|Size:10:Colour:Black/Yellow|price:18500.00|compare:|weight:2000|barcode:|qty:0 | rukka-rytmi-gloves-11|Size:11:Colour:Black/Red|price:18500.00|compare:|weight:2000|barcode:|qty:0 | rukka-rytmi-gloves-12|Size:11:Colour:Black/Yellow|price:18500.00|compare:|weight:2000|barcode:|qty:0 | rukka-rytmi-gloves-13|Size:12:Colour:Black/Red|price:18500.00|compare:|weight:2000|barcode:|qty:0 | rukka-rytmi-gloves-14|Size:12:Colour:Black/Yellow|price:18500.00|compare:|weight:2000|barcode:|qty:0 | rukka-rytmi-gloves-15|Size:13:Colour:Black/Red|price:18500.00|compare:|weight:2000|barcode:|qty:0 | rukka-rytmi-gloves-16|Size:13:Colour:Black/Yellow|price:18500.00|compare:|weight:2000|barcode:|qty:0 | rukka-rytmi-gloves-17|Size:14:Colour:Black/Red|price:18500.00|compare:|weight:2000|barcode:|qty:0 | rukka-rytmi-gloves-18|Size:14:Colour:Black/Yellow|price:18500.00|compare:|weight:2000|barcode:|qty:0,"rukka-rytmi-gloves-1,rukka-rytmi-gloves-2,rukka-rytmi-gloves-3,rukka-rytmi-gloves-4,rukka-rytmi-gloves-5,rukka-rytmi-gloves-6,rukka-rytmi-gloves-7,rukka-rytmi-gloves-8,rukka-rytmi-gloves-9,rukka-rytmi-gloves-10,rukka-rytmi-gloves-11,rukka-rytmi-gloves-12,rukka-rytmi-gloves-13,rukka-rytmi-gloves-14,rukka-rytmi-gloves-15,rukka-rytmi-gloves-16,rukka-rytmi-gloves-17,rukka-rytmi-gloves-18",18,https://cdn.shopify.com/s/files/1/0076/8301/4754/products/rukka_Rytmi_back-3.jpg?v=1662010118|pos:1|alt:Rukka Rukka Rytmi Gloves – front view || https://cdn.shopify.com/s/files/1/0076/8301/4754/products/rukka_Rytmi_back-1.jpg?v=1662010118|pos:2|alt:Rukka Rukka Rytmi Gloves – side view,2,Rukka Rukka Rytmi Gloves – front view | Rukka Rukka Rytmi Gloves – side view,,0,Rukka Rytmi Gloves,"Rukka Rytmi Gloves. Material: 91% LEATHER, 5% NYLON, 2%POLYESTER, 1%Polyurethan, 1% Elastan • Lightweight leather gloves.",Lightweight leather gloves.,Lightweight leather gloves.,Knuckle protection. Touchscreen fingertips.,,Available in multiple sizes. Check the size guide before ordering.,Rukka Rytmi Gloves — a riding Glov built to the specifications listed above.,true,draft,https://cdn.shopify.com/s/files/1/0076/8301/4754/products/rukka_Rytmi_back-3.jpg?v=1662010118|role:hero || https://cdn.shopify.com/s/files/1/0076/8301/4754/products/rukka_Rytmi_back-1.jpg?v=1662010118|role:construction detail,2,false,/products/rukka-rytmi-gloves,/products/rukka-rytmi-gloves
rukka-aft-l-gloves,rukka-aft-l-gloves,Rukka AFT-L Gloves,Rukka AFT-L Gloves,rukka-aft-l-gloves,"• lightweight gloves with long cuffs • lightweight gloves with long cuffs. • knuckle, scarphoid and finger protection. • combination of leather, air stretch mesh and neoprene. • excellent breathability. Available in multiple sizes and/or colours — select your variant.","<b>Features</b><br>

<li>lightweight gloves with long cuffs</li>
<li>knuckle, scarphoid and finger protection</li>
<li>combination of leather, air stretch mesh and neoprene</li>
<li>excellent breathability</li>
<li>touchscreen fingertips</li><br>
<b>ADDITIONAL PRODUCT INFORMATION</b><br>
<li>Material	80% cowhide leather, 11% nylon, 7% elasthane, 1% polyurethane, 1% polyester (contains non-textile parts of animal origin)</li>","Features

• lightweight gloves with long cuffs

• knuckle, scarphoid and finger protection

• combination of leather, air stretch mesh and neoprene

• excellent breathability

• touchscreen fingertips

ADDITIONAL PRODUCT INFORMATION

• Material	80% cowhide leather, 11% nylon, 7% elasthane, 1% polyurethane, 1% polyester (contains non-textile parts of animal origin)",16000,,2026-07-26,active,Rukka,2000,g,Buy Rukka AFT-L Gloves | Mile 27 Store,"lightweight gloves with long cuffs lightweight gloves with long cuffs. knuckle, scarphoid and finger protection. combination of leather, air stretch mesh…","lightweight gloves with long cuffs | knuckle, scarphoid and finger protection | combination of leather, air stretch mesh and neoprene | excellent breathability",Cleaned noise; brand verified,High,false,Riding Gear > Riding Gloves,High,"Mapped from Shopify Type ""Riding Gloves""",rukka-aft-l-gloves-1|Size:6|price:16000.00|compare:|weight:2000|barcode:|qty:0 | rukka-aft-l-gloves-2|Size:7|price:16000.00|compare:|weight:2000|barcode:|qty:0 | rukka-aft-l-gloves-3|Size:8|price:16000.00|compare:|weight:2000|barcode:|qty:0 | rukka-aft-l-gloves-4|Size:9|price:16000.00|compare:|weight:2000|barcode:|qty:0 | rukka-aft-l-gloves-5|Size:10|price:16000.00|compare:|weight:2000|barcode:|qty:0 | rukka-aft-l-gloves-6|Size:11|price:16000.00|compare:|weight:2000|barcode:|qty:0 | rukka-aft-l-gloves-7|Size:12|price:16000.00|compare:|weight:2000|barcode:|qty:0 | rukka-aft-l-gloves-8|Size:13|price:16000.00|compare:|weight:2000|barcode:|qty:0 | rukka-aft-l-gloves-9|Size:14|price:16000.00|compare:|weight:2000|barcode:|qty:0,"rukka-aft-l-gloves-1,rukka-aft-l-gloves-2,rukka-aft-l-gloves-3,rukka-aft-l-gloves-4,rukka-aft-l-gloves-5,rukka-aft-l-gloves-6,rukka-aft-l-gloves-7,rukka-aft-l-gloves-8,rukka-aft-l-gloves-9",9,https://cdn.shopify.com/s/files/1/0076/8301/4754/products/3_70875_778_R_990.jpg?v=1662010381|pos:1|alt:Rukka Rukka AFT-L Gloves – front view || https://cdn.shopify.com/s/files/1/0076/8301/4754/products/3_70875_778_R_990_palm.jpg?v=1662010381|pos:2|alt:Rukka Rukka AFT-L Gloves – side view,2,Rukka Rukka AFT-L Gloves – front view | Rukka Rukka AFT-L Gloves – side view,,0,Rukka AFT-L Gloves,Rukka AFT-L Gloves. • lightweight gloves with long cuffs • lightweight gloves with long cuffs.,"combination of leather, air stretch mesh and neoprene.",lightweight gloves with long cuffs.,"knuckle, scarphoid and finger protection. excellent breathability.",,Available in multiple sizes. Check the size guide before ordering.,Rukka AFT-L Gloves — a riding Glov built to the specifications listed above.,true,draft,https://cdn.shopify.com/s/files/1/0076/8301/4754/products/3_70875_778_R_990.jpg?v=1662010381|role:hero || https://cdn.shopify.com/s/files/1/0076/8301/4754/products/3_70875_778_R_990_palm.jpg?v=1662010381|role:construction detail,2,false,/products/rukka-aft-l-gloves,/products/rukka-aft-l-gloves
rukka-airium-gloves,rukka-airium-gloves,Rukka Airium Gloves,Rukka Airium Gloves,rukka-airium-gloves,"The summer glove ""Airium"" offers a lot of safety and a very good grip at high summer temperatures. Extremely airy, comfortable and yet offers the… • Elastic and breathable material. • Ankle, buttock and finger protection. • Extra grip on forehand and fingertips. • On thumb and pointing finger tips Material for the operation of touch screens. Available in multiple sizes and/or colours — select your variant.","The summer glove ""Airium"" offers a lot of safety and a very good grip at high summer temperatures. Extremely airy, comfortable and yet offers the maximum safety that a good motorcycle glove should offer.<br><br>

<li>Elastic and breathable material</li>
<li>Ankle, buttock and finger protection</li>
<li>Extra grip on forehand and fingertips</li>
<li>On thumb and pointing finger tips Material for the operation of touch screens</li><br>
<b>ADDITIONAL PRODUCT INFORMATION</b><br>
<li>Material	79% NYLON, 16% PU, 3% LEATHER, 2% POLYESTER</li>","The summer glove ""Airium"" offers a lot of safety and a very good grip at high summer temperatures. Extremely airy, comfortable and yet offers the maximum safety that a good motorcycle glove should offer.

• Elastic and breathable material

• Ankle, buttock and finger protection

• Extra grip on forehand and fingertips

• On thumb and pointing finger tips Material for the operation of touch screens

ADDITIONAL PRODUCT INFORMATION

• Material	79% NYLON, 16% PU, 3% LEATHER, 2% POLYESTER",12500,,2026-07-26,active,Rukka,2000,g,Buy Rukka Airium Gloves | Mile 27 Store,"The summer glove ""Airium"" offers a lot of safety and a very good grip at high summer temperatures. Extremely airy, comfortable and yet offers the… Elastic…","Elastic and breathable material | Ankle, buttock and finger protection | Extra grip on forehand and fingertips | On thumb and pointing finger tips Material for the operation of touch screens",Cleaned noise; brand verified,High,false,Riding Gear > Riding Gloves,High,"Mapped from Shopify Type ""Riding Gloves""",rukka-airium-gloves-1|Size:6|price:12500.00|compare:|weight:2000|barcode:|qty:0 | rukka-airium-gloves-2|Size:7|price:12500.00|compare:|weight:2000|barcode:|qty:0 | rukka-airium-gloves-3|Size:8|price:12500.00|compare:|weight:2000|barcode:|qty:0 | rukka-airium-gloves-4|Size:9|price:12500.00|compare:|weight:2000|barcode:|qty:0 | rukka-airium-gloves-5|Size:10|price:12500.00|compare:|weight:2000|barcode:|qty:0 | rukka-airium-gloves-6|Size:11|price:12500.00|compare:|weight:2000|barcode:|qty:0 | rukka-airium-gloves-7|Size:12|price:12500.00|compare:|weight:2000|barcode:|qty:0 | rukka-airium-gloves-8|Size:13|price:12500.00|compare:|weight:2000|barcode:|qty:0 | rukka-airium-gloves-9|Size:14|price:12500.00|compare:|weight:2000|barcode:|qty:0,"rukka-airium-gloves-1,rukka-airium-gloves-2,rukka-airium-gloves-3,rukka-airium-gloves-4,rukka-airium-gloves-5,rukka-airium-gloves-6,rukka-airium-gloves-7,rukka-airium-gloves-8,rukka-airium-gloves-9",9,https://cdn.shopify.com/s/files/1/0076/8301/4754/products/7_70868_778_R_990_back_Airium.jpg?v=1662010725|pos:1|alt:Rukka Rukka Airium Gloves – front view || https://cdn.shopify.com/s/files/1/0076/8301/4754/products/7_70868_778_R_990_palm_Airium.jpg?v=1662010724|pos:2|alt:Rukka Rukka Airium Gloves – side view,2,Rukka Rukka Airium Gloves – front view | Rukka Rukka Airium Gloves – side view,,0,Rukka Airium Gloves,"Rukka Airium Gloves. The summer glove ""Airium"" offers a lot of safety and a very good grip at high summer temperatures.",Elastic and breathable material. On thumb and pointing finger tips Material for the operation of touch screens.,,"Ankle, buttock and finger protection. Extra grip on forehand and fingertips.",,Available in multiple sizes. Check the size guide before ordering.,Rukka Airium Gloves — a riding Glov built to the specifications listed above.,true,draft,https://cdn.shopify.com/s/files/1/0076/8301/4754/products/7_70868_778_R_990_back_Airium.jpg?v=1662010725|role:hero || https://cdn.shopify.com/s/files/1/0076/8301/4754/products/7_70868_778_R_990_palm_Airium.jpg?v=1662010724|role:construction detail,2,false,/products/rukka-airium-gloves,/products/rukka-airium-gloves
rukka-shield-rd-gtx-textile-pants,rukka-shield-rd-gtx-textile-pants,Rukka Shield-RD GTX Textile Pants,Rukka Shield-RD GTX Textile Pants,rukka-shield-rd-gtx-textile-pants,"Rukka designs and manufactures the motorcycle clothing according to the strict guidelines, ""safe & comfortable"" with the highest standards for waterproofing and comfort. Each garment… • 100% durable breathable, windproof and waterproof Gore-Tex® PRO 3-layer laminate with abrasion and tear resistant Cordura® face fabric.. • Armacor® and Keprotec® reinforcements on knees and hips. • Front and rear thigh vents. • 2 waterproof pockets with zipper on the outside. Available in multiple sizes and/or colours — select your variant.","Rukka designs and manufactures the motorcycle clothing according to the strict guidelines, ""safe &amp; comfortable"" with the highest standards for waterproofing and comfort. Each garment works best in its specific comfort zone Either hot or cold, rain or shine, Rukka offers flexible technologies for different riding conditions.<br><br>

<b>Features:</b><br>

<li>100% durable breathable, windproof and waterproof Gore-Tex® PRO 3-layer laminate with abrasion and tear resistant Cordura® face fabric.</li>
<li>Armacor® and Keprotec® reinforcements on knees and hips</li>
<li>Front and rear thigh vents</li>
<li>2 waterproof pockets with zipper on the outside</li>
<li>Removable comfortable suspenders</li>
<li>Waistband closure with snap button</li>
<li>Adjustable waist belt</li>
<li>Connecting zipper to the jacket.</li>
<li>Adjustable trouser leg end with zipper and Velcro closure.</li>
<li>Heat and abrasion resistant fixed leather inserts on the inner knees and seat area</li>
<li>Inner lining made of Outlast® for temperature regulation.</li>
<li>Rukka anti-slip system in the seat area.</li>
<li>Separate very warm down pants with 110 g filling (90\10 down \ feathers). Easy to store in its own small bag</li><br>
<b>Specifications:</b><br>

<li>Rukka D3O® Air XTR knee and hip protectors EN 1621-1 2012 Level 2</li><br>
<b>ADDITIONAL PRODUCT INFORMATION</b><br>
<li>Material	75% polyamide, 25% polytetrafluoroethylene Separate down pants: Outer fabric: 100% polyester Filling: down 90% feathers 10% / Contains non-textile parts of animal origin.</li>","Rukka designs and manufactures the motorcycle clothing according to the strict guidelines, ""safe & comfortable"" with the highest standards for waterproofing and comfort. Each garment works best in its specific comfort zone Either hot or cold, rain or shine, Rukka offers flexible technologies for different riding conditions.

Features:

• 100% durable breathable, windproof and waterproof Gore-Tex® PRO 3-layer laminate with abrasion and tear resistant Cordura® face fabric.

• Armacor® and Keprotec® reinforcements on knees and hips

• Front and rear thigh vents

• 2 waterproof pockets with zipper on the outside

• Removable comfortable suspenders

• Waistband closure with snap button

• Adjustable waist belt

• Connecting zipper to the jacket.

• Adjustable trouser leg end with zipper and Velcro closure.

• Heat and abrasion resistant fixed leather inserts on the inner knees and seat area

• Inner lining made of Outlast® for temperature regulation.

• Rukka anti-slip system in the seat area.

• Separate very warm down pants with 110 g filling (90\10 down \ feathers). Easy to store in its own small bag

Specifications:

• Rukka D3O® Air XTR knee and hip protectors EN 1621-1 2012 Level 2

ADDITIONAL PRODUCT INFORMATION

• Material	75% polyamide, 25% polytetrafluoroethylene Separate down pants: Outer fabric: 100% polyester Filling: down 90% feathers 10% / Contains non-textile parts of animal origin.",124000,,2026-07-26,active,Rukka,7000,g,Buy Rukka Shield-RD GTX Textile Pants | Mile 27 Store,"Rukka designs and manufactures the motorcycle clothing according to the strict guidelines, ""safe & comfortable"" with the highest standards for…","100% durable breathable, windproof and waterproof Gore-Tex® PRO 3-layer laminate with abrasion and tear resistant Cordura® face fabric. | Armacor® and Keprotec® reinforcements on knees and hips | Front and rear thigh vents | 2 waterproof pockets with zipper on the outside",Cleaned noise; brand verified,High,false,Riding Gear > Riding Pants > Textile Pants,High,"Refined by title keyword: ""\b(textile\s+pants|touring\s+pants)\b""",rukka-shield-rd-gtx-textile-pants-1|Size:46|price:124000.00|compare:|weight:7000|barcode:|qty:0 | rukka-shield-rd-gtx-textile-pants-2|Size:48|price:124000.00|compare:|weight:7000|barcode:|qty:0 | rukka-shield-rd-gtx-textile-pants-3|Size:50|price:124000.00|compare:|weight:7000|barcode:|qty:0 | rukka-shield-rd-gtx-textile-pants-4|Size:52|price:124000.00|compare:|weight:7000|barcode:|qty:0 | rukka-shield-rd-gtx-textile-pants-5|Size:54|price:124000.00|compare:|weight:7000|barcode:|qty:0 | rukka-shield-rd-gtx-textile-pants-6|Size:56|price:124000.00|compare:|weight:7000|barcode:|qty:0 | rukka-shield-rd-gtx-textile-pants-7|Size:58|price:124000.00|compare:|weight:7000|barcode:|qty:0 | rukka-shield-rd-gtx-textile-pants-8|Size:60|price:124000.00|compare:|weight:7000|barcode:|qty:0 | rukka-shield-rd-gtx-textile-pants-9|Size:62|price:124000.00|compare:|weight:7000|barcode:|qty:0 | rukka-shield-rd-gtx-textile-pants-10|Size:64|price:124000.00|compare:|weight:7000|barcode:|qty:0 | rukka-shield-rd-gtx-textile-pants-11|Size:66|price:124000.00|compare:|weight:7000|barcode:|qty:0,"rukka-shield-rd-gtx-textile-pants-1,rukka-shield-rd-gtx-textile-pants-2,rukka-shield-rd-gtx-textile-pants-3,rukka-shield-rd-gtx-textile-pants-4,rukka-shield-rd-gtx-textile-pants-5,rukka-shield-rd-gtx-textile-pants-6,rukka-shield-rd-gtx-textile-pants-7,rukka-shield-rd-gtx-textile-pants-8,rukka-shield-rd-gtx-textile-pants-9,rukka-shield-rd-gtx-textile-pants-10,rukka-shield-rd-gtx-textile-pants-11",11,https://cdn.shopify.com/s/files/1/0076/8301/4754/products/9_70203_722_RD_999.jpg?v=1662011455|pos:1|alt:Rukka Rukka Shield-RD GTX Textile Pants – front view || https://cdn.shopify.com/s/files/1/0076/8301/4754/products/9_70203_722_RD_999_back.jpg?v=1662011455|pos:2|alt:Rukka Rukka Shield-RD GTX Textile Pants – side view || https://cdn.shopify.com/s/files/1/0076/8301/4754/products/9_70203_722_RD_999_inside.jpg?v=1662011455|pos:3|alt:Rukka Rukka Shield-RD GTX Textile Pants – rear view,3,Rukka Rukka Shield-RD GTX Textile Pants – front view | Rukka Rukka Shield-RD GTX Textile Pants – side view | Rukka Rukka Shield-RD GTX Textile Pants – rear view,,0,Rukka Shield-RD GTX Textile Pants,"Rukka Shield-RD GTX Textile Pants. Rukka designs and manufactures the motorcycle clothing according to the strict guidelines, ""safe & comfortable"" with the highest standards for waterproofing and comfort.",,,"100% durable breathable, windproof and waterproof Gore-Tex® PRO 3-layer laminate with abrasion and tear resistant Cordura® face fabric. Armacor® and Keprotec® reinforcements on knees and hips. Front and rear thigh vents. 2 waterproof pockets with zipper on the outside.",,Available in multiple sizes. Check the size guide before ordering.,Rukka Shield-RD GTX Textile Pants — a textile Pant built to the specifications listed above.,true,draft,https://cdn.shopify.com/s/files/1/0076/8301/4754/products/9_70203_722_RD_999.jpg?v=1662011455|role:hero || https://cdn.shopify.com/s/files/1/0076/8301/4754/products/9_70203_722_RD_999_back.jpg?v=1662011455|role:construction detail || https://cdn.shopify.com/s/files/1/0076/8301/4754/products/9_70203_722_RD_999_inside.jpg?v=1662011455|role:side profile,3,false,/products/rukka-shield-rd-gtx-textile-pants,/products/rukka-shield-rd-gtx-textile-pants
rukka-raptor-r-textile-pants,rukka-raptor-r-textile-pants,Rukka Raptor-R Textile Pants,Rukka Raptor-R Textile Pants,rukka-raptor-r-textile-pants,"Rukka designs and manufactures motorbike clothing according to strict guidelines, ""safe & comfortable"" with the highest standards for waterproofing and comfort. Each garment works best… • 100% durably breathable, windproof and waterproof Gore-Tex® PRO 3-layer stretch laminate and abrasion and tear resistant stretch polyamide face fabric. • Armacor® is a combination of the high-tech fibre Aramid (Kevlar) with Cordura and Gore-Tex®. • Ventilation openings on the thighs. • 2 waterproof outer pockets with zip. Available in multiple sizes and/or colours — select your variant.","Rukka designs and manufactures motorbike clothing according to strict guidelines, ""safe &amp; comfortable"" with the highest standards for waterproofing and comfort. Each garment works best in its specific comfort zone Either hot or cold, rain or shine, Rukka offers flexible technologies for different riding conditions.<br><br>

<b>Features:</b><br>

<li>100% durably breathable, windproof and waterproof Gore-Tex® PRO 3-layer stretch laminate and abrasion and tear resistant stretch polyamide face fabric</li>
<li>Armacor® is a combination of the high-tech fibre Aramid (Kevlar) with Cordura and Gore-Tex®</li>
<li>Ventilation openings on the thighs</li>
<li>2 waterproof outer pockets with zip</li>
<li>Removable comfortable braces</li>
<li>Waistband closure with press stud</li>
<li>Adjustable waist belt</li>
<li>Long all-round connection zip to the jacket</li>
<li>Adjustable trouser leg end with zip and velcro closure</li>
<li>Heat and abrasion resistant fixed leather inserts on inner knees and seat area.</li>
<li>Rukka anti-slip system in the seat area</li>
<li>Separate very warm down trousers with 110 g filling (90\10 down). Easy to store in its own small pouch</li><br>
<b>Specifications:</b><br>

<li>Rukka D3O® Air XTR knee protectors EN 1621-1 2012 Level 2</li>
<li>Rukka D3O® Air XTR hip protectors EN 1621-1 2012 Level 2</li><br>
<b>ADDITIONAL PRODUCT INFORMATION</b><br>
<li>Material	71% polyamide, 13% elastane, 16% polytetrafluoroethylene</li>","Rukka designs and manufactures motorbike clothing according to strict guidelines, ""safe & comfortable"" with the highest standards for waterproofing and comfort. Each garment works best in its specific comfort zone Either hot or cold, rain or shine, Rukka offers flexible technologies for different riding conditions.

Features:

• 100% durably breathable, windproof and waterproof Gore-Tex® PRO 3-layer stretch laminate and abrasion and tear resistant stretch polyamide face fabric

• Armacor® is a combination of the high-tech fibre Aramid (Kevlar) with Cordura and Gore-Tex®

• Ventilation openings on the thighs

• 2 waterproof outer pockets with zip

• Removable comfortable braces

• Waistband closure with press stud

• Adjustable waist belt

• Long all-round connection zip to the jacket

• Adjustable trouser leg end with zip and velcro closure

• Heat and abrasion resistant fixed leather inserts on inner knees and seat area.

• Rukka anti-slip system in the seat area

• Separate very warm down trousers with 110 g filling (90\10 down). Easy to store in its own small pouch

Specifications:

• Rukka D3O® Air XTR knee protectors EN 1621-1 2012 Level 2

• Rukka D3O® Air XTR hip protectors EN 1621-1 2012 Level 2

ADDITIONAL PRODUCT INFORMATION

• Material	71% polyamide, 13% elastane, 16% polytetrafluoroethylene",112000,,2026-07-26,active,Rukka,7000,g,Buy Rukka Raptor-R Textile Pants | Mile 27 Store,"Rukka designs and manufactures motorbike clothing according to strict guidelines, ""safe & comfortable"" with the highest standards for waterproofing and…","100% durably breathable, windproof and waterproof Gore-Tex® PRO 3-layer stretch laminate and abrasion and tear resistant stretch polyamide face fabric | Armacor® is a combination of the high-tech fibre Aramid (Kevlar) with Cordura and Gore-Tex® | Ventilation openings on the thighs | 2 waterproof outer pockets with zip",Cleaned noise; brand verified,High,false,Riding Gear > Riding Pants > Textile Pants,High,"Refined by title keyword: ""\b(textile\s+pants|touring\s+pants)\b""",rukka-raptor-r-textile-pants-1|Size:46|price:112000.00|compare:|weight:7000|barcode:|qty:0 | rukka-raptor-r-textile-pants-2|Size:48|price:112000.00|compare:|weight:7000|barcode:|qty:0 | rukka-raptor-r-textile-pants-3|Size:50|price:112000.00|compare:|weight:7000|barcode:|qty:0 | rukka-raptor-r-textile-pants-4|Size:52|price:112000.00|compare:|weight:7000|barcode:|qty:0 | rukka-raptor-r-textile-pants-5|Size:54|price:112000.00|compare:|weight:7000|barcode:|qty:0 | rukka-raptor-r-textile-pants-6|Size:56|price:112000.00|compare:|weight:7000|barcode:|qty:0 | rukka-raptor-r-textile-pants-7|Size:58|price:112000.00|compare:|weight:7000|barcode:|qty:0 | rukka-raptor-r-textile-pants-8|Size:60|price:112000.00|compare:|weight:7000|barcode:|qty:0 | rukka-raptor-r-textile-pants-9|Size:62|price:112000.00|compare:|weight:7000|barcode:|qty:0 | rukka-raptor-r-textile-pants-10|Size:64|price:112000.00|compare:|weight:7000|barcode:|qty:0 | rukka-raptor-r-textile-pants-11|Size:66|price:112000.00|compare:|weight:7000|barcode:|qty:0,"rukka-raptor-r-textile-pants-1,rukka-raptor-r-textile-pants-2,rukka-raptor-r-textile-pants-3,rukka-raptor-r-textile-pants-4,rukka-raptor-r-textile-pants-5,rukka-raptor-r-textile-pants-6,rukka-raptor-r-textile-pants-7,rukka-raptor-r-textile-pants-8,rukka-raptor-r-textile-pants-9,rukka-raptor-r-textile-pants-10,rukka-raptor-r-textile-pants-11",11,https://cdn.shopify.com/s/files/1/0076/8301/4754/products/9_70113_739_R_999.jpg?v=1662011866|pos:1|alt:Rukka Rukka Raptor-R Textile Pants – front view || https://cdn.shopify.com/s/files/1/0076/8301/4754/products/9_70113_739_R_999_back.jpg?v=1662011867|pos:2|alt:Rukka Rukka Raptor-R Textile Pants – side view || https://cdn.shopify.com/s/files/1/0076/8301/4754/products/9_70113_739_R_inside.jpg?v=1662011867|pos:3|alt:Rukka Rukka Raptor-R Textile Pants – rear view,3,Rukka Rukka Raptor-R Textile Pants – front view | Rukka Rukka Raptor-R Textile Pants – side view | Rukka Rukka Raptor-R Textile Pants – rear view,,0,Rukka Raptor-R Textile Pants,"Rukka Raptor-R Textile Pants. Rukka designs and manufactures motorbike clothing according to strict guidelines, ""safe & comfortable"" with the highest standards for waterproofing and comfort.",,Ventilation openings on the thighs.,"100% durably breathable, windproof and waterproof Gore-Tex® PRO 3-layer stretch laminate and abrasion and tear resistant stretch polyamide face fabric. Armacor® is a combination of the high-tech fibre Aramid (Kevlar) with Cordura and Gore-Tex®. 2 waterproof outer pockets with zip.",,Available in multiple sizes. Check the size guide before ordering.,Rukka Raptor-R Textile Pants — a textile Pant built to the specifications listed above.,true,draft,https://cdn.shopify.com/s/files/1/0076/8301/4754/products/9_70113_739_R_999.jpg?v=1662011866|role:hero || https://cdn.shopify.com/s/files/1/0076/8301/4754/products/9_70113_739_R_999_back.jpg?v=1662011867|role:construction detail || https://cdn.shopify.com/s/files/1/0076/8301/4754/products/9_70113_739_R_inside.jpg?v=1662011867|role:side profile,3,false,/products/rukka-raptor-r-textile-pants,/products/rukka-raptor-r-textile-pants
rukka-shield-r-textile-pants,rukka-shield-r-textile-pants,Rukka Shield-R Textile Pants,Rukka Shield-R Textile Pants,rukka-shield-r-textile-pants,"Safe, safer, Rukka. with the new Armaprotection collection, Rukka once again makes it clear what the focus is on: safety and timelessness. The intelligent selection… • GORE-TEX PRO 3-ply laminate. • CORDURA 500D outer material. • ARMACOR reinforcements at knees/shin and hip. • KEPROTEC material doubling on the ARMACOR material. Available in multiple sizes and/or colours — select your variant.","Safe, safer, Rukka. with the new Armaprotection collection, Rukka once again makes it clear what the focus is on: safety and timelessness. The intelligent selection of the best materials in combination with sophisticated and modern design creates milestones in the field of motorcycle clothing.<br><br>

<b>Features:</b><br>

<li>GORE-TEX PRO 3-ply laminate</li>
<li>CORDURA 500D outer material</li>
<li>ARMACOR reinforcements at knees/shin and hip</li>
<li>KEPROTEC material doubling on the ARMACOR material</li>
<li>OUTLAST inner lining not removable</li>
<li>Leather anti-slip material and AIR-Cushion System in the seat</li>
<li>Leather application at the knees/inner legs</li>
<li>Stretch material in the crotch and in the back of the knee</li>
<li>accordion stretch applications above the knees and in the upper bottom area</li>
<li>Suspenders removable</li>
<li>4 vents: on the thighs front and back</li>
<li>Elastic waistband fastener on both sides with adjustable width</li>
<li>2x double-sided waterproof access pockets</li>
<li>connecting zipper to the jacket all around</li><br>
<b>Specifications:</b><br>

<b>Protectors:</b>

<li>Rukka D3OXTR-LVL2 protectors at Hip and Knees/Shins</li><br>
<b>ADDITIONAL PRODUCT INFORMATION</b><br>
<li>Material	75% Polyamide 25% Polytetrafluorethylene</li>","Safe, safer, Rukka. with the new Armaprotection collection, Rukka once again makes it clear what the focus is on: safety and timelessness. The intelligent selection of the best materials in combination with sophisticated and modern design creates milestones in the field of motorcycle clothing.

Features:

• GORE-TEX PRO 3-ply laminate

• CORDURA 500D outer material

• ARMACOR reinforcements at knees/shin and hip

• KEPROTEC material doubling on the ARMACOR material

• OUTLAST inner lining not removable

• Leather anti-slip material and AIR-Cushion System in the seat

• Leather application at the knees/inner legs

• Stretch material in the crotch and in the back of the knee

• accordion stretch applications above the knees and in the upper bottom area

• Suspenders removable

• 4 vents: on the thighs front and back

• Elastic waistband fastener on both sides with adjustable width

• 2x double-sided waterproof access pockets

• connecting zipper to the jacket all around

Specifications:

Protectors:

• Rukka D3OXTR-LVL2 protectors at Hip and Knees/Shins

ADDITIONAL PRODUCT INFORMATION

• Material	75% Polyamide 25% Polytetrafluorethylene",112000,,2026-07-26,active,Rukka,7000,g,Buy Rukka Shield-R Textile Pants | Mile 27 Store,"Safe, safer, Rukka. with the new Armaprotection collection, Rukka once again makes it clear what the focus is on: safety and timelessness. The intelligent…",GORE-TEX PRO 3-ply laminate | CORDURA 500D outer material | ARMACOR reinforcements at knees/shin and hip | KEPROTEC material doubling on the ARMACOR material,Cleaned noise; brand verified,High,false,Riding Gear > Riding Pants > Textile Pants,High,"Refined by title keyword: ""\b(textile\s+pants|touring\s+pants)\b""",rukka-shield-r-textile-pants-1|Size:46|price:112000.00|compare:|weight:7000|barcode:|qty:0 | rukka-shield-r-textile-pants-2|Size:48|price:112000.00|compare:|weight:7000|barcode:|qty:0 | rukka-shield-r-textile-pants-3|Size:50|price:112000.00|compare:|weight:7000|barcode:|qty:0 | rukka-shield-r-textile-pants-4|Size:52|price:112000.00|compare:|weight:7000|barcode:|qty:0 | rukka-shield-r-textile-pants-5|Size:54|price:112000.00|compare:|weight:7000|barcode:|qty:0 | rukka-shield-r-textile-pants-6|Size:56|price:112000.00|compare:|weight:7000|barcode:|qty:0 | rukka-shield-r-textile-pants-7|Size:58|price:112000.00|compare:|weight:7000|barcode:|qty:0 | rukka-shield-r-textile-pants-8|Size:60|price:112000.00|compare:|weight:7000|barcode:|qty:0 | rukka-shield-r-textile-pants-9|Size:62|price:112000.00|compare:|weight:7000|barcode:|qty:0 | rukka-shield-r-textile-pants-10|Size:64|price:112000.00|compare:|weight:7000|barcode:|qty:0 | rukka-shield-r-textile-pants-11|Size:66|price:112000.00|compare:|weight:7000|barcode:|qty:0,"rukka-shield-r-textile-pants-1,rukka-shield-r-textile-pants-2,rukka-shield-r-textile-pants-3,rukka-shield-r-textile-pants-4,rukka-shield-r-textile-pants-5,rukka-shield-r-textile-pants-6,rukka-shield-r-textile-pants-7,rukka-shield-r-textile-pants-8,rukka-shield-r-textile-pants-9,rukka-shield-r-textile-pants-10,rukka-shield-r-textile-pants-11",11,https://cdn.shopify.com/s/files/1/0076/8301/4754/products/7_70203_722_R_999.jpg?v=1662012245|pos:1|alt:Rukka Rukka Shield-R Textile Pants – front view || https://cdn.shopify.com/s/files/1/0076/8301/4754/products/7_70203_722_R_999_back.jpg?v=1662012245|pos:2|alt:Rukka Rukka Shield-R Textile Pants – side view,2,Rukka Rukka Shield-R Textile Pants – front view | Rukka Rukka Shield-R Textile Pants – side view,,0,Rukka Shield-R Textile Pants,"Rukka Shield-R Textile Pants. Safe, safer, Rukka. with the new Armaprotection collection, Rukka once again makes it clear what the focus is on: safety and timelessness.",CORDURA 500D outer material. KEPROTEC material doubling on the ARMACOR material.,,GORE-TEX PRO 3-ply laminate. ARMACOR reinforcements at knees/shin and hip.,,Available in multiple sizes. Check the size guide before ordering.,Rukka Shield-R Textile Pants — a textile Pant built to the specifications listed above.,true,draft,https://cdn.shopify.com/s/files/1/0076/8301/4754/products/7_70203_722_R_999.jpg?v=1662012245|role:hero || https://cdn.shopify.com/s/files/1/0076/8301/4754/products/7_70203_722_R_999_back.jpg?v=1662012245|role:construction detail,2,false,/products/rukka-shield-r-textile-pants,/products/rukka-shield-r-textile-pants
rukka-aramen-leather-pants,rukka-aramen-leather-pants,Rukka Aramen Leather Pants,Rukka Aramen Leather Pants,rukka-aramen-leather-pants,"Rukka designs and manufactures motorcycle clothing according to strict guidelines, ""safe & comfortable"" with the highest standards for waterproofing and comfort. Each combination works best… • Breathable, windproof and waterproof 3-layer laminate Corium+® Platinum. • Membrane welded with 0.7 mm aniline leather. • Removable thermal lining (60g). • Can be retrofitted with Rukka Defence & Comfort suspenders. Available in multiple sizes and/or colours — select your variant.","Rukka designs and manufactures motorcycle clothing according to strict guidelines, ""safe &amp; comfortable"" with the highest standards for waterproofing and comfort. Each combination works best in its specific comfort zone. Either hot or cold, rain or shine, Rukka offers flexible technologies for different riding conditions.<br><br>

<b>Features:</b><br>

<li>Breathable, windproof and waterproof 3-layer laminate Corium+® Platinum</li>
<li>Membrane welded with 0.7 mm aniline leather</li>
<li>Removable thermal lining (60g)</li>
<li>Can be retrofitted with Rukka Defence &amp; Comfort suspenders</li>
<li>Elastic waistband closure with press stud</li>
<li>Connecting zipper to the jacket</li><br>
<b>Specifications:</b><br>

<li>Rukka D3O EN1621-1 2012, Level 1 knee and hip protectors, can be retrofitted with Level 2</li>
<li>Weight: 2.25 kg (size 50 with protectors)</li><br>
<b>ADDITIONAL PRODUCT INFORMATION</b><br>
<li>Material	100% cowhide / Contains non-textile parts of animal origin.</li>","Rukka designs and manufactures motorcycle clothing according to strict guidelines, ""safe & comfortable"" with the highest standards for waterproofing and comfort. Each combination works best in its specific comfort zone. Either hot or cold, rain or shine, Rukka offers flexible technologies for different riding conditions.

Features:

• Breathable, windproof and waterproof 3-layer laminate Corium+® Platinum

• Membrane welded with 0.7 mm aniline leather

• Removable thermal lining (60g)

• Can be retrofitted with Rukka Defence & Comfort suspenders

• Elastic waistband closure with press stud

• Connecting zipper to the jacket

Specifications:

• Rukka D3O EN1621-1 2012, Level 1 knee and hip protectors, can be retrofitted with Level 2

• Weight: 2.25 kg (size 50 with protectors)

ADDITIONAL PRODUCT INFORMATION

• Material	100% cowhide / Contains non-textile parts of animal origin.",109000,,2026-07-26,active,Rukka,7000,g,Buy Rukka Aramen Leather Pants | Mile 27 Store,"Rukka designs and manufactures motorcycle clothing according to strict guidelines, ""safe & comfortable"" with the highest standards for waterproofing and…","Breathable, windproof and waterproof 3-layer laminate Corium+® Platinum | Membrane welded with 0.7 mm aniline leather | Removable thermal lining (60g) | Can be retrofitted with Rukka Defence & Comfort suspenders",Cleaned noise; brand verified,High,false,Riding Gear > Riding Pants > Leather Pants,High,"Refined by title keyword: ""\bleather\s+pants\b""",rukka-aramen-leather-pants-1|Size:46|price:109000.00|compare:|weight:7000|barcode:|qty:0 | rukka-aramen-leather-pants-2|Size:48|price:109000.00|compare:|weight:7000|barcode:|qty:0 | rukka-aramen-leather-pants-3|Size:50|price:109000.00|compare:|weight:7000|barcode:|qty:0 | rukka-aramen-leather-pants-4|Size:52|price:109000.00|compare:|weight:7000|barcode:|qty:0 | rukka-aramen-leather-pants-5|Size:54|price:109000.00|compare:|weight:7000|barcode:|qty:0 | rukka-aramen-leather-pants-6|Size:56|price:109000.00|compare:|weight:7000|barcode:|qty:0 | rukka-aramen-leather-pants-7|Size:58|price:109000.00|compare:|weight:7000|barcode:|qty:0 | rukka-aramen-leather-pants-8|Size:60|price:109000.00|compare:|weight:7000|barcode:|qty:0 | rukka-aramen-leather-pants-9|Size:62|price:109000.00|compare:|weight:7000|barcode:|qty:0 | rukka-aramen-leather-pants-10|Size:64|price:109000.00|compare:|weight:7000|barcode:|qty:0 | rukka-aramen-leather-pants-11|Size:66|price:109000.00|compare:|weight:7000|barcode:|qty:0,"rukka-aramen-leather-pants-1,rukka-aramen-leather-pants-2,rukka-aramen-leather-pants-3,rukka-aramen-leather-pants-4,rukka-aramen-leather-pants-5,rukka-aramen-leather-pants-6,rukka-aramen-leather-pants-7,rukka-aramen-leather-pants-8,rukka-aramen-leather-pants-9,rukka-aramen-leather-pants-10,rukka-aramen-leather-pants-11",11,https://cdn.shopify.com/s/files/1/0076/8301/4754/products/9_70219_726_R_990.webp?v=1662012880|pos:1|alt:Rukka Rukka Aramen Leather Pants – front view || https://cdn.shopify.com/s/files/1/0076/8301/4754/products/9_70219_726_R_990_back.jpg?v=1662012882|pos:2|alt:Rukka Rukka Aramen Leather Pants – side view,2,Rukka Rukka Aramen Leather Pants – front view | Rukka Rukka Aramen Leather Pants – side view,,0,Rukka Aramen Leather Pants,"Rukka Aramen Leather Pants. Rukka designs and manufactures motorcycle clothing according to strict guidelines, ""safe & comfortable"" with the highest standards for waterproofing and comfort.",Membrane welded with 0.7 mm aniline leather.,Can be retrofitted with Rukka Defence & Comfort suspenders.,"Breathable, windproof and waterproof 3-layer laminate Corium+® Platinum. Removable thermal lining (60g).",,Available in multiple sizes. Check the size guide before ordering.,Rukka Aramen Leather Pants — a leather Pant built to the specifications listed above.,true,draft,https://cdn.shopify.com/s/files/1/0076/8301/4754/products/9_70219_726_R_990.webp?v=1662012880|role:hero || https://cdn.shopify.com/s/files/1/0076/8301/4754/products/9_70219_726_R_990_back.jpg?v=1662012882|role:construction detail,2,false,/products/rukka-aramen-leather-pants,/products/rukka-aramen-leather-pants
rukka-merlin-gore-tex-pants,rukka-merlin-gore-tex-pants,Rukka Merlin Gore-Tex Pants,Rukka Merlin Gore-Tex Pants,rukka-merlin-gore-tex-pants,Materials: • Gore-tex Pro Shell 3L Leather laminate material. • TFL Cool Leather system. • 3M reflectors. • Elastic Gore-Tex offers added comfort. Available in multiple sizes and/or colours — select your variant.,"<b>Materials:</b><br>

<li>Gore-tex Pro Shell 3L Leather laminate material</li>
<li>TFL Cool Leather system</li>
<li>3M reflectors</li>
<li>Elastic Gore-Tex offers added comfort</li><br>
<b>Protectors:</b><br>

<li>RVP air Protectors meet the requirements of Norm prEN 1621-1 2010</li><br>
<b>Special:</b><br>

<li>Zippers in leg openings</li>
<li>Trousers have a connecting zipper to jacket</li>
<li>Stretch panels in trousers above the knee and on lower back</li>
<li>Trousers with 2 pockets and braces</li>
<li>is worn over the boots</li>","Materials:

• Gore-tex Pro Shell 3L Leather laminate material

• TFL Cool Leather system

• 3M reflectors

• Elastic Gore-Tex offers added comfort

Protectors:

• RVP air Protectors meet the requirements of Norm prEN 1621-1 2010

Special:

• Zippers in leg openings

• Trousers have a connecting zipper to jacket

• Stretch panels in trousers above the knee and on lower back

• Trousers with 2 pockets and braces

• is worn over the boots",149000,,2026-07-26,active,Rukka,7000,g,Buy Rukka Merlin Gore-Tex Pants | Mile 27 Store,Materials: Gore-tex Pro Shell 3L Leather laminate material. TFL Cool Leather system. 3M reflectors. Elastic Gore-Tex offers added comfort.,Gore-tex Pro Shell 3L Leather laminate material | TFL Cool Leather system | 3M reflectors | Elastic Gore-Tex offers added comfort,Cleaned noise; brand verified,High,false,Riding Gear > Riding Pants,High,"Mapped from Shopify Type ""Riding Pants""",rukka-merlin-gore-tex-pants-1|Size:46|price:149000.00|compare:|weight:7000|barcode:|qty:0 | rukka-merlin-gore-tex-pants-2|Size:48|price:149000.00|compare:|weight:7000|barcode:|qty:0 | rukka-merlin-gore-tex-pants-3|Size:50|price:149000.00|compare:|weight:7000|barcode:|qty:0 | rukka-merlin-gore-tex-pants-4|Size:52|price:149000.00|compare:|weight:7000|barcode:|qty:0 | rukka-merlin-gore-tex-pants-5|Size:54|price:149000.00|compare:|weight:7000|barcode:|qty:0 | rukka-merlin-gore-tex-pants-6|Size:56|price:149000.00|compare:|weight:7000|barcode:|qty:0 | rukka-merlin-gore-tex-pants-7|Size:58|price:149000.00|compare:|weight:7000|barcode:|qty:0 | rukka-merlin-gore-tex-pants-8|Size:60|price:149000.00|compare:|weight:7000|barcode:|qty:0 | rukka-merlin-gore-tex-pants-9|Size:62|price:149000.00|compare:|weight:7000|barcode:|qty:0,"rukka-merlin-gore-tex-pants-1,rukka-merlin-gore-tex-pants-2,rukka-merlin-gore-tex-pants-3,rukka-merlin-gore-tex-pants-4,rukka-merlin-gore-tex-pants-5,rukka-merlin-gore-tex-pants-6,rukka-merlin-gore-tex-pants-7,rukka-merlin-gore-tex-pants-8,rukka-merlin-gore-tex-pants-9",9,https://cdn.shopify.com/s/files/1/0076/8301/4754/products/Rukka-Merlin-2.jpg?v=1662013271|pos:1|alt:Rukka Rukka Merlin Gore-Tex Pants – front view || https://cdn.shopify.com/s/files/1/0076/8301/4754/products/Rukka-Merlin.jpg?v=1662013271|pos:2|alt:Rukka Rukka Merlin Gore-Tex Pants – side view,2,Rukka Rukka Merlin Gore-Tex Pants – front view | Rukka Rukka Merlin Gore-Tex Pants – side view,,0,Rukka Merlin Gore-Tex Pants,Rukka Merlin Gore-Tex Pants. Materials: • Gore-tex Pro Shell 3L Leather laminate material.,Gore-tex Pro Shell 3L Leather laminate material. TFL Cool Leather system.,Elastic Gore-Tex offers added comfort.,3M reflectors.,,Available in multiple sizes. Check the size guide before ordering.,Rukka Merlin Gore-Tex Pants — a riding Pant built to the specifications listed above.,true,draft,https://cdn.shopify.com/s/files/1/0076/8301/4754/products/Rukka-Merlin-2.jpg?v=1662013271|role:hero || https://cdn.shopify.com/s/files/1/0076/8301/4754/products/Rukka-Merlin.jpg?v=1662013271|role:construction detail,2,false,/products/rukka-merlin-gore-tex-pants,/products/rukka-merlin-gore-tex-pants
rukka-realer-gtx-textile-pants,rukka-realer-gtx-textile-pants,Rukka Realer GTX Textile Pants,Rukka Realer GTX Textile Pants,rukka-realer-gtx-textile-pants,"Materials: • Gore-Tex Pro 3-layer stretch laminate strengthened with Armacor product technology, combination of high-tech fibers aramid and Cordura. • Rukka D3O Air limb protectors meet the requirements of CE Norm EN 1621-1 2012. • Extra warm detachable down trousers with 60g filling (90/10 down/feather). • Rukka AirCushion and Rukka Antiglide system of Keprotec in seating area. Available in multiple sizes and/or colours — select your variant.","<b>Materials:</b><br>

<li>Gore-Tex Pro 3-layer stretch laminate strengthened with Armacor product technology, combination of high-tech fibers aramid and Cordura</li><br>
<b>Protectors:</b><br>

<li>Rukka D3O Air limb protectors meet the requirements of CE Norm EN 1621-1 2012</li><br>
<b>Special:</b><br>

<li>Extra warm detachable down trousers with 60g filling (90/10 down/feather)</li>
<li>Rukka AirCushion and Rukka Antiglide system of Keprotec in seating area</li>
<li>Ventilations on thighs</li>
<li>Adjustable waist and leg ends</li>
<li>Reflecting transfer prints on back of leg, reflecting pipings on knees</li>
<li>A connecting zipper to jacket</li>
<li>Waterproof pockets marked with a ”waterproof pocket” label.</li>
<li>Waist closure with double tightening </li>
<li>Heat and abrasion resistant leather patches in the  inner side of knee area</li>
<li>Two waterproof pockets</li>
<li>is worn over the boots</li>","Materials:

• Gore-Tex Pro 3-layer stretch laminate strengthened with Armacor product technology, combination of high-tech fibers aramid and Cordura

Protectors:

• Rukka D3O Air limb protectors meet the requirements of CE Norm EN 1621-1 2012

Special:

• Extra warm detachable down trousers with 60g filling (90/10 down/feather)

• Rukka AirCushion and Rukka Antiglide system of Keprotec in seating area

• Ventilations on thighs

• Adjustable waist and leg ends

• Reflecting transfer prints on back of leg, reflecting pipings on knees

• A connecting zipper to jacket

• Waterproof pockets marked with a ”waterproof pocket” label.

• Waist closure with double tightening 

• Heat and abrasion resistant leather patches in the  inner side of knee area

• Two waterproof pockets

• is worn over the boots",116000,,2026-07-26,active,Rukka,7000,g,Buy Rukka Realer GTX Textile Pants | Mile 27 Store,"Materials: Gore-Tex Pro 3-layer stretch laminate strengthened with Armacor product technology, combination of high-tech fibers aramid and Cordura. Rukka…","Gore-Tex Pro 3-layer stretch laminate strengthened with Armacor product technology, combination of high-tech fibers aramid and Cordura | Rukka D3O Air limb protectors meet the requirements of CE Norm EN 1621-1 2012 | Extra warm detachable down trousers with 60g filling (90/10 down/feather) | Rukka AirCushion and Rukka Antiglide system of Keprotec in seating area",Cleaned noise; brand verified,High,false,Riding Gear > Riding Pants > Textile Pants,High,"Refined by title keyword: ""\b(textile\s+pants|touring\s+pants)\b""",rukka-realer-gtx-textile-pants-1|Size:46|price:116000.00|compare:|weight:7000|barcode:|qty:0 | rukka-realer-gtx-textile-pants-2|Size:48|price:116000.00|compare:|weight:7000|barcode:|qty:0 | rukka-realer-gtx-textile-pants-3|Size:50|price:116000.00|compare:|weight:7000|barcode:|qty:0 | rukka-realer-gtx-textile-pants-4|Size:52|price:116000.00|compare:|weight:7000|barcode:|qty:0 | rukka-realer-gtx-textile-pants-5|Size:54|price:116000.00|compare:|weight:7000|barcode:|qty:0 | rukka-realer-gtx-textile-pants-6|Size:56|price:116000.00|compare:|weight:7000|barcode:|qty:0 | rukka-realer-gtx-textile-pants-7|Size:58|price:116000.00|compare:|weight:7000|barcode:|qty:0 | rukka-realer-gtx-textile-pants-8|Size:60|price:116000.00|compare:|weight:7000|barcode:|qty:0 | rukka-realer-gtx-textile-pants-9|Size:62|price:116000.00|compare:|weight:7000|barcode:|qty:0 | rukka-realer-gtx-textile-pants-10|Size:64|price:116000.00|compare:|weight:7000|barcode:|qty:0 | rukka-realer-gtx-textile-pants-11|Size:66|price:116000.00|compare:|weight:7000|barcode:|qty:0,"rukka-realer-gtx-textile-pants-1,rukka-realer-gtx-textile-pants-2,rukka-realer-gtx-textile-pants-3,rukka-realer-gtx-textile-pants-4,rukka-realer-gtx-textile-pants-5,rukka-realer-gtx-textile-pants-6,rukka-realer-gtx-textile-pants-7,rukka-realer-gtx-textile-pants-8,rukka-realer-gtx-textile-pants-9,rukka-realer-gtx-textile-pants-10,rukka-realer-gtx-textile-pants-11",11,https://cdn.shopify.com/s/files/1/0076/8301/4754/products/Rukka-Realer-Trousers-7_70101_739_R_990.jpg?v=1662013521|pos:1|alt:Rukka Rukka Realer GTX Textile Pants – front view || https://cdn.shopify.com/s/files/1/0076/8301/4754/products/Rukka-Realer-Trousers-7_70101_739_R_990_back.jpg?v=1662013522|pos:2|alt:Rukka Rukka Realer GTX Textile Pants – side view || https://cdn.shopify.com/s/files/1/0076/8301/4754/products/Rukka-Realer-Trousers-7_70101_739_R_990_inner_back.jpg?v=1662013521|pos:3|alt:Rukka Rukka Realer GTX Textile Pants – rear view || https://cdn.shopify.com/s/files/1/0076/8301/4754/products/5_70100_739_R_996_brand03_Realer.jpg?v=1662013522|pos:4|alt:Rukka Rukka Realer GTX Textile Pants – detail view,4,Rukka Rukka Realer GTX Textile Pants – front view | Rukka Rukka Realer GTX Textile Pants – side view | Rukka Rukka Realer GTX Textile Pants – rear view | Rukka Rukka Realer GTX Textile Pants – detail view,,0,Rukka Realer GTX Textile Pants,"Rukka Realer GTX Textile Pants. Materials: • Gore-Tex Pro 3-layer stretch laminate strengthened with Armacor product technology, combination of high-tech fibers aramid and Cordura.",,,"Gore-Tex Pro 3-layer stretch laminate strengthened with Armacor product technology, combination of high-tech fibers aramid and Cordura. Rukka D3O Air limb protectors meet the requirements of CE Norm EN 1621-1 2012. Extra warm detachable down trousers with 60g filling (90/10 down/feather). Rukka AirCushion and Rukka Antiglide system of Keprotec in seating area.",,Available in multiple sizes. Check the size guide before ordering.,Rukka Realer GTX Textile Pants — a textile Pant built to the specifications listed above.,true,draft,https://cdn.shopify.com/s/files/1/0076/8301/4754/products/Rukka-Realer-Trousers-7_70101_739_R_990.jpg?v=1662013521|role:hero || https://cdn.shopify.com/s/files/1/0076/8301/4754/products/Rukka-Realer-Trousers-7_70101_739_R_990_back.jpg?v=1662013522|role:construction detail || https://cdn.shopify.com/s/files/1/0076/8301/4754/products/Rukka-Realer-Trousers-7_70101_739_R_990_inner_back.jpg?v=1662013521|role:side profile,3,false,/products/rukka-realer-gtx-textile-pants,/products/rukka-realer-gtx-textile-pants
rukka-exegal-gore-tex-textile-pants,rukka-exegal-gore-tex-textile-pants,Rukka Exegal Gore-Tex Textile Pants,Rukka Exegal Gore-Tex Textile Pants,rukka-exegal-gore-tex-textile-pants,"Rough weather? Not an issue for touring riders with the new Rukka Exegal. Made of abrasion and tear resistant Gore-Tex® PRO 3-layer laminate, it is… • 100% breathable, wind- and waterproof Gore-Tex® Pro 3-layer laminated to abrasion and tear resistant Cordura shell fabric. • Armacor strengthenings on knees, combination of high-tech fibers aramid and Cordura. • ventilation openings with zipper and mesh inserts:. • on thighs. Available in multiple sizes and/or colours — select your variant.","Rough weather? Not an issue for touring riders with the new Rukka Exegal. Made of abrasion and tear resistant Gore-Tex® PRO 3-layer laminate, it is 100% water- and windproof as well as breathable. In short: the Exegal is the perfect combination of all outstanding Rukka values.<br><br>

<b>Materials</b><br>

<li>100% breathable, wind- and waterproof Gore-Tex® Pro 3-layer laminated to abrasion and tear resistant Cordura shell fabric</li>
<li>Armacor strengthenings on knees, combination of high-tech fibers aramid and Cordura</li><br>
<b>Ventilation</b><br>

<li>ventilation openings with zipper and mesh inserts:</li>

<li>on thighs</li><br>
<b>Adjustability and Fit</b><br>

<li>a connecting zipper for jacket</li>
<li>waist closure with double tightening</li>
<li>leg bottoms with zipper and Velcro tightening</li><br>
<b>Pockets</b><br>

<li>three pockets outside, two waterproof</li><br>
<b>Protectors</b><br>

<li>D3O® Air XTR knee, shin and hip protectors EN 1621-1 2012</li><br>
<b>Comfort and Special Features</b><br>

<li>detachable Rukka Defence &amp; Comfort braces</li>
<li>detachable liner with 60g insulation and Outlast® temperature regulation</li>
<li>Air Cushion System in seating area</li>
<li>elastic panels on groin, above knees, back yoke and knee bend</li>
<li>heat and abrasion-resistant leather panels in inner side of knees and on seating area</li>
<li>is worn over the boots</li><br>
<b>ADDITIONAL PRODUCT INFORMATION</b><br>
<li>Material	75% polyamide, 25% polytetrafluorethylene</li>","Rough weather? Not an issue for touring riders with the new Rukka Exegal. Made of abrasion and tear resistant Gore-Tex® PRO 3-layer laminate, it is 100% water- and windproof as well as breathable. In short: the Exegal is the perfect combination of all outstanding Rukka values.

Materials

• 100% breathable, wind- and waterproof Gore-Tex® Pro 3-layer laminated to abrasion and tear resistant Cordura shell fabric

• Armacor strengthenings on knees, combination of high-tech fibers aramid and Cordura

Ventilation

• ventilation openings with zipper and mesh inserts:

• on thighs

Adjustability and Fit

• a connecting zipper for jacket

• waist closure with double tightening

• leg bottoms with zipper and Velcro tightening

Pockets

• three pockets outside, two waterproof

Protectors

• D3O® Air XTR knee, shin and hip protectors EN 1621-1 2012

Comfort and Special Features

• detachable Rukka Defence & Comfort braces

• detachable liner with 60g insulation and Outlast® temperature regulation

• Air Cushion System in seating area

• elastic panels on groin, above knees, back yoke and knee bend

• heat and abrasion-resistant leather panels in inner side of knees and on seating area

• is worn over the boots

ADDITIONAL PRODUCT INFORMATION

• Material	75% polyamide, 25% polytetrafluorethylene",105000,,2026-07-26,active,Rukka,7000,g,Buy Rukka Exegal Gore-Tex Textile Pants | Mile 27 Store,"Rough weather? Not an issue for touring riders with the new Rukka Exegal. Made of abrasion and tear resistant Gore-Tex® PRO 3-layer laminate, it is… 100%…","100% breathable, wind- and waterproof Gore-Tex® Pro 3-layer laminated to abrasion and tear resistant Cordura shell fabric | Armacor strengthenings on knees, combination of high-tech fibers aramid and Cordura | ventilation openings with zipper and mesh inserts: | on thighs",Cleaned noise; brand verified,High,false,Riding Gear > Riding Pants > Textile Pants,High,"Refined by title keyword: ""\b(textile\s+pants|touring\s+pants)\b""",rukka-exegal-gore-tex-textile-pants-1|Size:46|price:105000.00|compare:|weight:7000|barcode:|qty:0 | rukka-exegal-gore-tex-textile-pants-2|Size:48|price:105000.00|compare:|weight:7000|barcode:|qty:0 | rukka-exegal-gore-tex-textile-pants-3|Size:50|price:105000.00|compare:|weight:7000|barcode:|qty:0 | rukka-exegal-gore-tex-textile-pants-4|Size:52|price:105000.00|compare:|weight:7000|barcode:|qty:0 | rukka-exegal-gore-tex-textile-pants-5|Size:54|price:105000.00|compare:|weight:7000|barcode:|qty:0 | rukka-exegal-gore-tex-textile-pants-6|Size:56|price:105000.00|compare:|weight:7000|barcode:|qty:0 | rukka-exegal-gore-tex-textile-pants-7|Size:58|price:105000.00|compare:|weight:7000|barcode:|qty:0 | rukka-exegal-gore-tex-textile-pants-8|Size:60|price:105000.00|compare:|weight:7000|barcode:|qty:0 | rukka-exegal-gore-tex-textile-pants-9|Size:62|price:105000.00|compare:|weight:7000|barcode:|qty:0 | rukka-exegal-gore-tex-textile-pants-10|Size:64|price:105000.00|compare:|weight:7000|barcode:|qty:0 | rukka-exegal-gore-tex-textile-pants-11|Size:66|price:105000.00|compare:|weight:7000|barcode:|qty:0,"rukka-exegal-gore-tex-textile-pants-1,rukka-exegal-gore-tex-textile-pants-2,rukka-exegal-gore-tex-textile-pants-3,rukka-exegal-gore-tex-textile-pants-4,rukka-exegal-gore-tex-textile-pants-5,rukka-exegal-gore-tex-textile-pants-6,rukka-exegal-gore-tex-textile-pants-7,rukka-exegal-gore-tex-textile-pants-8,rukka-exegal-gore-tex-textile-pants-9,rukka-exegal-gore-tex-textile-pants-10,rukka-exegal-gore-tex-textile-pants-11",11,https://cdn.shopify.com/s/files/1/0076/8301/4754/products/3_70107_722_R_999.webp?v=1662013937|pos:1|alt:Rukka Rukka Exegal Gore-Tex Textile Pants – front view || https://cdn.shopify.com/s/files/1/0076/8301/4754/products/3_70107_722_R_999_back.jpg?v=1662013939|pos:2|alt:Rukka Rukka Exegal Gore-Tex Textile Pants – side view,2,Rukka Rukka Exegal Gore-Tex Textile Pants – front view | Rukka Rukka Exegal Gore-Tex Textile Pants – side view,,0,Rukka Exegal Gore-Tex Textile Pants,Rukka Exegal Gore-Tex Textile Pants. Rough weather? Not an issue for touring riders with the new Rukka Exegal.,"100% breathable, wind- and waterproof Gore-Tex® Pro 3-layer laminated to abrasion and tear resistant Cordura shell fabric. ventilation openings with zipper and mesh inserts:.",ventilation openings with zipper and mesh inserts:.,"Armacor strengthenings on knees, combination of high-tech fibers aramid and Cordura. on thighs.",,Available in multiple sizes. Check the size guide before ordering.,Rukka Exegal Gore-Tex Textile Pants — a textile Pant built to the specifications listed above.,true,draft,https://cdn.shopify.com/s/files/1/0076/8301/4754/products/3_70107_722_R_999.webp?v=1662013937|role:hero || https://cdn.shopify.com/s/files/1/0076/8301/4754/products/3_70107_722_R_999_back.jpg?v=1662013939|role:construction detail,2,false,/products/rukka-exegal-gore-tex-textile-pants,/products/rukka-exegal-gore-tex-textile-pants
rukka-arma-r-waterproof-textile-pants,rukka-arma-r-waterproof-textile-pants,Rukka Arma-R Waterproof Textile Pants,Rukka Arma-R Waterproof Textile Pants,rukka-arma-r-waterproof-textile-pants,"The new Rukka RFC Arma-R motorcycle pants combine the latest technologies in the areas of safety, comfort and all-weather suitability! • GORE-TEX PRO 3-layer laminate, outer fabric does not soak up water in the rain. • High abrasion protection with CORDURA 500D outer fabric throughout the trousers. • Armacor reinforcements on knees/shins. • GORE-TEX stretch panels in the groin, above the knee and in the back of the knee.. Available in multiple sizes and/or colours — select your variant.","The new Rukka RFC Arma-R motorcycle pants combine the latest technologies in the areas of safety, comfort and all-weather suitability!<br><br>

<b>Features:</b><br>

<li>GORE-TEX PRO 3-layer laminate, outer fabric does not soak up water in the rain</li>
<li>High abrasion protection with CORDURA 500D outer fabric throughout the trousers</li>
<li>Armacor reinforcements on knees/shins</li>
<li>GORE-TEX stretch panels in the groin, above the knee and in the back of the knee.</li>
<li>AirCushion and Antiglide in the seat area, as climate buffer and anti-slip protection</li>
<li>2x ventilation openings on the thighs</li>
<li>Removable thermo nylon lining</li>
<li>1 non-waterproof front pocket</li>
<li>Adjustable waist and leg cuffs on both sides with Velcro fasteners</li>
<li>Elasticated waistband</li>
<li>All-round connection zip at the waist</li>
<li>Rukka Defence &amp; Comfort braces can be retrofitted</li>
<li>Reflective transfer prints on the back of the calves</li>
<li>is worn over the boots</li><br>
<b>Specifications:</b><br>

<li>Rukka D3O XTR hip protectors</li>
<li>Rukka D3O XTR knee/shin protectors</li><br>
<b>ADDITIONAL PRODUCT INFORMATION</b><br>
<li>Material	75% Polyamide, 25% Polytetrafluorethylene</li>","The new Rukka RFC Arma-R motorcycle pants combine the latest technologies in the areas of safety, comfort and all-weather suitability!

Features:

• GORE-TEX PRO 3-layer laminate, outer fabric does not soak up water in the rain

• High abrasion protection with CORDURA 500D outer fabric throughout the trousers

• Armacor reinforcements on knees/shins

• GORE-TEX stretch panels in the groin, above the knee and in the back of the knee.

• AirCushion and Antiglide in the seat area, as climate buffer and anti-slip protection

• 2x ventilation openings on the thighs

• Removable thermo nylon lining

• 1 non-waterproof front pocket

• Adjustable waist and leg cuffs on both sides with Velcro fasteners

• Elasticated waistband

• All-round connection zip at the waist

• Rukka Defence & Comfort braces can be retrofitted

• Reflective transfer prints on the back of the calves

• is worn over the boots

Specifications:

• Rukka D3O XTR hip protectors

• Rukka D3O XTR knee/shin protectors

ADDITIONAL PRODUCT INFORMATION

• Material	75% Polyamide, 25% Polytetrafluorethylene",112000,,2026-07-26,active,Rukka,7000,g,Buy Rukka Arma-R Waterproof Textile Pants | Mile 27 Store,"The new Rukka RFC Arma-R motorcycle pants combine the latest technologies in the areas of safety, comfort and all-weather suitability! GORE-TEX PRO…","GORE-TEX PRO 3-layer laminate, outer fabric does not soak up water in the rain | High abrasion protection with CORDURA 500D outer fabric throughout the trousers | Armacor reinforcements on knees/shins | GORE-TEX stretch panels in the groin, above the knee and in the back of the knee.",Cleaned noise; brand verified,High,false,Riding Gear > Riding Pants > Textile Pants,High,"Refined by title keyword: ""\b(textile\s+pants|touring\s+pants)\b""",rukka-arma-r-waterproof-textile-pants-1|Size:46|price:112000.00|compare:|weight:7000|barcode:|qty:0 | rukka-arma-r-waterproof-textile-pants-2|Size:48|price:112000.00|compare:|weight:7000|barcode:|qty:0 | rukka-arma-r-waterproof-textile-pants-3|Size:50|price:112000.00|compare:|weight:7000|barcode:|qty:0 | rukka-arma-r-waterproof-textile-pants-4|Size:52|price:112000.00|compare:|weight:7000|barcode:|qty:0 | rukka-arma-r-waterproof-textile-pants-5|Size:54|price:112000.00|compare:|weight:7000|barcode:|qty:0 | rukka-arma-r-waterproof-textile-pants-6|Size:56|price:112000.00|compare:|weight:7000|barcode:|qty:0 | rukka-arma-r-waterproof-textile-pants-7|Size:58|price:112000.00|compare:|weight:7000|barcode:|qty:0 | rukka-arma-r-waterproof-textile-pants-8|Size:60|price:112000.00|compare:|weight:7000|barcode:|qty:0 | rukka-arma-r-waterproof-textile-pants-9|Size:62|price:112000.00|compare:|weight:7000|barcode:|qty:0,"rukka-arma-r-waterproof-textile-pants-1,rukka-arma-r-waterproof-textile-pants-2,rukka-arma-r-waterproof-textile-pants-3,rukka-arma-r-waterproof-textile-pants-4,rukka-arma-r-waterproof-textile-pants-5,rukka-arma-r-waterproof-textile-pants-6,rukka-arma-r-waterproof-textile-pants-7,rukka-arma-r-waterproof-textile-pants-8,rukka-arma-r-waterproof-textile-pants-9",9,https://cdn.shopify.com/s/files/1/0076/8301/4754/products/rukka1.jpg?v=1662014322|pos:1|alt:Rukka Rukka Arma-R Waterproof Textile Pants – front view || https://cdn.shopify.com/s/files/1/0076/8301/4754/products/rukka1_a.jpg?v=1662014322|pos:2|alt:Rukka Rukka Arma-R Waterproof Textile Pants – side view,2,Rukka Rukka Arma-R Waterproof Textile Pants – front view | Rukka Rukka Arma-R Waterproof Textile Pants – side view,feature:waterproof,1,Rukka Arma-R Waterproof Textile Pants,"Rukka Arma-R Waterproof Textile Pants. The new Rukka RFC Arma-R motorcycle pants combine the latest technologies in the areas of safety, comfort and all-weather suitability! • GORE-TEX PRO.",,,"GORE-TEX PRO 3-layer laminate, outer fabric does not soak up water in the rain. High abrasion protection with CORDURA 500D outer fabric throughout the trousers. Armacor reinforcements on knees/shins. GORE-TEX stretch panels in the groin, above the knee and in the back of the knee.",,Available in multiple sizes. Check the size guide before ordering.,Rukka Arma-R Waterproof Textile Pants — a textile Pant built to the specifications listed above.,true,draft,https://cdn.shopify.com/s/files/1/0076/8301/4754/products/rukka1.jpg?v=1662014322|role:hero || https://cdn.shopify.com/s/files/1/0076/8301/4754/products/rukka1_a.jpg?v=1662014322|role:construction detail,2,false,/products/rukka-arma-r-waterproof-textile-pants,/products/rukka-arma-r-waterproof-textile-pants
rukka-aramos-leather-pants,rukka-aramos-leather-pants,Rukka Aramos Leather Pants,Rukka Aramos Leather Pants,rukka-aramos-leather-pants,"Waterproof 3-layer laminate and high breathability have always been core staples of Rukka motorcycling apparel. But the new Rukka Aramos Corium+ Platinium leather suit raises… • Breathable, wind- and waterproof 3-layer letaher laminate. • elastic parts on crotch, back of the knee. • stretch panels above knee and back yoke. • a connecting zipper for jacket. Available in multiple sizes and/or colours — select your variant.","Waterproof 3-layer laminate and high breathability have always been core staples of Rukka motorcycling apparel. But the new Rukka Aramos Corium+ Platinium leather suit raises the bar with these strengths to a completely new level. They are as great for cruiser and chopper riders as for fans of touring or sport touring motorbikes.<br><br>

<b>Materials</b><br>

<li>Breathable, wind- and waterproof 3-layer letaher laminate</li><br>
<b>Adjustability and Fit</b><br>

<li>elastic parts on crotch, back of the knee</li>
<li>stretch panels above knee and back yoke</li>
<li>a connecting zipper for jacket</li>
<li>waist closure with press button</li>
<li>leg bottoms with zipper</li><br>
<b>Pockets</b><br>

<li>two waterproof pockets outside</li>
<li>To achieve waterproofness the rider must always ensure that zippers are fully closed correctly.</li><br>
<b>Protectors</b><br>

<li>D3O® LP1 knee, shin and hip protectors EN 1621-1 2012</li><br>
<b>Comfort and Special Features</b><br>

<li>detachable thermoreflective inner liner with 60g insulation</li>
<li>can be fitted with Rukka Defence and Comfort braces</li><br>
<b>ADDITIONAL PRODUCT INFORMATION</b><br>
<li>Material	80% cowhide leather, 20% elasthane (contains non-textile parts of animal origin)</li>","Waterproof 3-layer laminate and high breathability have always been core staples of Rukka motorcycling apparel. But the new Rukka Aramos Corium+ Platinium leather suit raises the bar with these strengths to a completely new level. They are as great for cruiser and chopper riders as for fans of touring or sport touring motorbikes.

Materials

• Breathable, wind- and waterproof 3-layer letaher laminate

Adjustability and Fit

• elastic parts on crotch, back of the knee

• stretch panels above knee and back yoke

• a connecting zipper for jacket

• waist closure with press button

• leg bottoms with zipper

Pockets

• two waterproof pockets outside

• To achieve waterproofness the rider must always ensure that zippers are fully closed correctly.

Protectors

• D3O® LP1 knee, shin and hip protectors EN 1621-1 2012

Comfort and Special Features

• detachable thermoreflective inner liner with 60g insulation

• can be fitted with Rukka Defence and Comfort braces

ADDITIONAL PRODUCT INFORMATION

• Material	80% cowhide leather, 20% elasthane (contains non-textile parts of animal origin)",105000,,2026-07-26,active,Rukka,7000,g,Buy Rukka Aramos Leather Pants | Mile 27 Store,Waterproof 3-layer laminate and high breathability have always been core staples of Rukka motorcycling apparel. But the new Rukka Aramos Corium+ Platinium…,"Breathable, wind- and waterproof 3-layer letaher laminate | elastic parts on crotch, back of the knee | stretch panels above knee and back yoke | a connecting zipper for jacket",Cleaned noise; brand verified,High,false,Riding Gear > Riding Pants > Leather Pants,High,"Refined by title keyword: ""\bleather\s+pants\b""",rukka-aramos-leather-pants-1|Size:46|price:105000.00|compare:|weight:7000|barcode:|qty:0 | rukka-aramos-leather-pants-2|Size:48|price:105000.00|compare:|weight:7000|barcode:|qty:0 | rukka-aramos-leather-pants-3|Size:50|price:105000.00|compare:|weight:7000|barcode:|qty:0 | rukka-aramos-leather-pants-4|Size:52|price:105000.00|compare:|weight:7000|barcode:|qty:0 | rukka-aramos-leather-pants-5|Size:54|price:105000.00|compare:|weight:7000|barcode:|qty:0 | rukka-aramos-leather-pants-6|Size:56|price:105000.00|compare:|weight:7000|barcode:|qty:0 | rukka-aramos-leather-pants-7|Size:58|price:105000.00|compare:|weight:7000|barcode:|qty:0 | rukka-aramos-leather-pants-8|Size:60|price:105000.00|compare:|weight:7000|barcode:|qty:0 | rukka-aramos-leather-pants-9|Size:62|price:105000.00|compare:|weight:7000|barcode:|qty:0 | rukka-aramos-leather-pants-10|Size:64|price:105000.00|compare:|weight:7000|barcode:|qty:0 | rukka-aramos-leather-pants-11|Size:66|price:105000.00|compare:|weight:7000|barcode:|qty:0,"rukka-aramos-leather-pants-1,rukka-aramos-leather-pants-2,rukka-aramos-leather-pants-3,rukka-aramos-leather-pants-4,rukka-aramos-leather-pants-5,rukka-aramos-leather-pants-6,rukka-aramos-leather-pants-7,rukka-aramos-leather-pants-8,rukka-aramos-leather-pants-9,rukka-aramos-leather-pants-10,rukka-aramos-leather-pants-11",11,https://cdn.shopify.com/s/files/1/0076/8301/4754/products/3_70209_727_R_990-Aramos-trs.jpg?v=1662014673|pos:1|alt:Rukka Rukka Aramos Leather Pants – front view || https://cdn.shopify.com/s/files/1/0076/8301/4754/products/3_70209_727_R_990_back-Aramos-trs.jpg?v=1662014673|pos:2|alt:Rukka Rukka Aramos Leather Pants – side view,2,Rukka Rukka Aramos Leather Pants – front view | Rukka Rukka Aramos Leather Pants – side view,,0,Rukka Aramos Leather Pants,Rukka Aramos Leather Pants. Waterproof 3-layer laminate and high breathability have always been core staples of Rukka motorcycling apparel.,,,"Breathable, wind- and waterproof 3-layer letaher laminate. elastic parts on crotch, back of the knee. stretch panels above knee and back yoke. a connecting zipper for jacket.",,Available in multiple sizes. Check the size guide before ordering.,Rukka Aramos Leather Pants — a leather Pant built to the specifications listed above.,true,draft,https://cdn.shopify.com/s/files/1/0076/8301/4754/products/3_70209_727_R_990-Aramos-trs.jpg?v=1662014673|role:hero || https://cdn.shopify.com/s/files/1/0076/8301/4754/products/3_70209_727_R_990_back-Aramos-trs.jpg?v=1662014673|role:construction detail,2,false,/products/rukka-aramos-leather-pants,/products/rukka-aramos-leather-pants
rukka-armarone-gore-tex-textile-pants,rukka-armarone-gore-tex-textile-pants,Rukka Armarone Gore-Tex Textile Pants,Rukka Armarone Gore-Tex Textile Pants,rukka-armarone-gore-tex-textile-pants,"Thanks to cutting-edge technology, the Rukka Armarone sets new standards among functional riding suits for the most demanding dynamic motorcyclists. • Gore-Tex® Pro 3-layer laminate, strengthended with Armacor. • Armacor strengthenings on knees, combination of high-tech fibers aramid and Cordura. • ventilation openings with zipper and mesh inserts. • on thighs. Available in multiple sizes and/or colours — select your variant.","Thanks to cutting-edge technology, the Rukka Armarone sets new standards among functional riding suits for the most demanding dynamic motorcyclists.<br><br>

<b>Materials</b><br>

<li>Gore-Tex® Pro 3-layer laminate, strengthended with Armacor</li>
<li>Armacor strengthenings on knees, combination of high-tech fibers aramid and Cordura</li><br>
<b>Ventilation</b><br>

<li>ventilation openings with zipper and mesh inserts</li>

<li>on thighs</li><br>
<b>Adjustability and Fit</b><br>

<li>a connecting zipper for jacket</li>
<li>waist closure with double tightening</li>
<li>leg bottoms with zipper and Velcro tightening</li><br>
<b>Pockets</b><br>

<li>one pocket with zipper</li><br>
<b>Protectors</b><br>

<li>D3O® Air XTR knee, shin and hip protectors EN 1621-1 2012, Level 2</li><br>
<b>Comfort and Special Features</b><br>

<li>detachable thermoreflective inner liner with 60g insulation</li>
<li>Air Cushion System and Antiglide system of Keprotec in seating area</li>
<li>stretch panels on thighs, behind and above the knee and upper back</li>
<li>can be fitted with Rukka Defence and Comfort braces</li>
<li>is worn over the boots</li><br>
<b>ADDITIONAL PRODUCT INFORMATION</b><br>
<li>Material	75% polyamide, 25% polytetrafluorethylene</li>","Thanks to cutting-edge technology, the Rukka Armarone sets new standards among functional riding suits for the most demanding dynamic motorcyclists.

Materials

• Gore-Tex® Pro 3-layer laminate, strengthended with Armacor

• Armacor strengthenings on knees, combination of high-tech fibers aramid and Cordura

Ventilation

• ventilation openings with zipper and mesh inserts

• on thighs

Adjustability and Fit

• a connecting zipper for jacket

• waist closure with double tightening

• leg bottoms with zipper and Velcro tightening

Pockets

• one pocket with zipper

Protectors

• D3O® Air XTR knee, shin and hip protectors EN 1621-1 2012, Level 2

Comfort and Special Features

• detachable thermoreflective inner liner with 60g insulation

• Air Cushion System and Antiglide system of Keprotec in seating area

• stretch panels on thighs, behind and above the knee and upper back

• can be fitted with Rukka Defence and Comfort braces

• is worn over the boots

ADDITIONAL PRODUCT INFORMATION

• Material	75% polyamide, 25% polytetrafluorethylene",87000,,2026-07-26,active,Rukka,7000,g,Buy Rukka Armarone Gore-Tex Textile Pants | Mile 27 Store,"Thanks to cutting-edge technology, the Rukka Armarone sets new standards among functional riding suits for the most demanding dynamic motorcyclists.…","Gore-Tex® Pro 3-layer laminate, strengthended with Armacor | Armacor strengthenings on knees, combination of high-tech fibers aramid and Cordura | ventilation openings with zipper and mesh inserts | on thighs",Cleaned noise; brand verified,High,false,Riding Gear > Riding Pants > Textile Pants,High,"Refined by title keyword: ""\b(textile\s+pants|touring\s+pants)\b""",rukka-armarone-gore-tex-textile-pants-1|Size:46|price:87000.00|compare:|weight:7000|barcode:|qty:0 | rukka-armarone-gore-tex-textile-pants-2|Size:48|price:87000.00|compare:|weight:7000|barcode:|qty:0 | rukka-armarone-gore-tex-textile-pants-3|Size:50|price:87000.00|compare:|weight:7000|barcode:|qty:0 | rukka-armarone-gore-tex-textile-pants-4|Size:52|price:87000.00|compare:|weight:7000|barcode:|qty:0 | rukka-armarone-gore-tex-textile-pants-5|Size:54|price:87000.00|compare:|weight:7000|barcode:|qty:0 | rukka-armarone-gore-tex-textile-pants-6|Size:56|price:87000.00|compare:|weight:7000|barcode:|qty:0 | rukka-armarone-gore-tex-textile-pants-7|Size:58|price:87000.00|compare:|weight:7000|barcode:|qty:0 | rukka-armarone-gore-tex-textile-pants-8|Size:60|price:87000.00|compare:|weight:7000|barcode:|qty:0 | rukka-armarone-gore-tex-textile-pants-9|Size:62|price:87000.00|compare:|weight:7000|barcode:|qty:0 | rukka-armarone-gore-tex-textile-pants-10|Size:64|price:87000.00|compare:|weight:7000|barcode:|qty:0 | rukka-armarone-gore-tex-textile-pants-11|Size:66|price:87000.00|compare:|weight:7000|barcode:|qty:0,"rukka-armarone-gore-tex-textile-pants-1,rukka-armarone-gore-tex-textile-pants-2,rukka-armarone-gore-tex-textile-pants-3,rukka-armarone-gore-tex-textile-pants-4,rukka-armarone-gore-tex-textile-pants-5,rukka-armarone-gore-tex-textile-pants-6,rukka-armarone-gore-tex-textile-pants-7,rukka-armarone-gore-tex-textile-pants-8,rukka-armarone-gore-tex-textile-pants-9,rukka-armarone-gore-tex-textile-pants-10,rukka-armarone-gore-tex-textile-pants-11",11,https://cdn.shopify.com/s/files/1/0076/8301/4754/products/3_70111_722_R_999.jpg?v=1662015323|pos:1|alt:Rukka Rukka Armarone Gore-Tex Textile Pants – front view || https://cdn.shopify.com/s/files/1/0076/8301/4754/products/3_70111_722_R_999_back.jpg?v=1662015323|pos:2|alt:Rukka Rukka Armarone Gore-Tex Textile Pants – side view,2,Rukka Rukka Armarone Gore-Tex Textile Pants – front view | Rukka Rukka Armarone Gore-Tex Textile Pants – side view,,0,Rukka Armarone Gore-Tex Textile Pants,"Rukka Armarone Gore-Tex Textile Pants. Thanks to cutting-edge technology, the Rukka Armarone sets new standards among functional riding suits for the most demanding dynamic motorcyclists.",ventilation openings with zipper and mesh inserts.,ventilation openings with zipper and mesh inserts.,"Gore-Tex® Pro 3-layer laminate, strengthended with Armacor. Armacor strengthenings on knees, combination of high-tech fibers aramid and Cordura. on thighs.",,Available in multiple sizes. Check the size guide before ordering.,Rukka Armarone Gore-Tex Textile Pants — a textile Pant built to the specifications listed above.,true,draft,https://cdn.shopify.com/s/files/1/0076/8301/4754/products/3_70111_722_R_999.jpg?v=1662015323|role:hero || https://cdn.shopify.com/s/files/1/0076/8301/4754/products/3_70111_722_R_999_back.jpg?v=1662015323|role:construction detail,2,false,/products/rukka-armarone-gore-tex-textile-pants,/products/rukka-armarone-gore-tex-textile-pants
rukka-comfo-r-gtx-textile-pants,rukka-comfo-r-gtx-textile-pants,Rukka Comfo-R GTX Textile Pants,Rukka Comfo-R GTX Textile Pants,rukka-comfo-r-gtx-textile-pants,"Rukka designs and manufactures the motorcycle clothing according to the strict guidelines, ""safe & comfortable"" with the highest standards for waterproofing and comfort. Each garment… • 100% durable breathable, windproof and waterproof Gore-Tex® Z-Liner membrane under the outer fabric. • Abrasion-resistant Cordura® 500D reinforcements on hips and knees. • Abrasion-resistant elastic Cordura® 500D outer fabric. • Ventilation openings on the thighs. Available in multiple sizes and/or colours — select your variant.","Rukka designs and manufactures the motorcycle clothing according to the strict guidelines, ""safe &amp; comfortable"" with the highest standards for waterproofing and comfort. Each garment works best in its specific comfort zone Either hot or cold, rain or shine, Rukka offers flexible technologies for different riding conditions.<br><br>

<b>Features:</b><br>

<li>100% durable breathable, windproof and waterproof Gore-Tex® Z-Liner membrane under the outer fabric</li>
<li>Abrasion-resistant Cordura® 500D reinforcements on hips and knees</li>
<li>Abrasion-resistant elastic Cordura® 500D outer fabric</li>
<li>Ventilation openings on the thighs</li>
<li>2 pockets outside with zipper</li>
<li>Waistband closure on both sides</li>
<li>Can be retrofitted with Rukka Defence &amp; Comfort suspenders</li>
<li>Connecting zipper to the jacket</li>
<li>Adjustable trouser leg end with zipper and Velcro closure.</li>
<li>Removable thermal lining (60g)</li>
<li>Rukka air pad and anti-slip system made of Keprotec® in the seat area</li><br>
<b>Specifications:</b><br>

<li>Rukka D3O® Air XTR knee and hip protectors EN1621-1-2012 Level 2</li>
<li>Weight: 2.10kg (size 50 with protectors)</li><br>
<b>ADDITIONAL PRODUCT INFORMATION</b><br>
<li>Material	93% polyamide, 7% elastane</li>","Rukka designs and manufactures the motorcycle clothing according to the strict guidelines, ""safe & comfortable"" with the highest standards for waterproofing and comfort. Each garment works best in its specific comfort zone Either hot or cold, rain or shine, Rukka offers flexible technologies for different riding conditions.

Features:

• 100% durable breathable, windproof and waterproof Gore-Tex® Z-Liner membrane under the outer fabric

• Abrasion-resistant Cordura® 500D reinforcements on hips and knees

• Abrasion-resistant elastic Cordura® 500D outer fabric

• Ventilation openings on the thighs

• 2 pockets outside with zipper

• Waistband closure on both sides

• Can be retrofitted with Rukka Defence & Comfort suspenders

• Connecting zipper to the jacket

• Adjustable trouser leg end with zipper and Velcro closure.

• Removable thermal lining (60g)

• Rukka air pad and anti-slip system made of Keprotec® in the seat area

Specifications:

• Rukka D3O® Air XTR knee and hip protectors EN1621-1-2012 Level 2

• Weight: 2.10kg (size 50 with protectors)

ADDITIONAL PRODUCT INFORMATION

• Material	93% polyamide, 7% elastane",62000,,2026-07-26,active,Rukka,7000,g,Buy Rukka Comfo-R GTX Textile Pants | Mile 27 Store,"Rukka designs and manufactures the motorcycle clothing according to the strict guidelines, ""safe & comfortable"" with the highest standards for…","100% durable breathable, windproof and waterproof Gore-Tex® Z-Liner membrane under the outer fabric | Abrasion-resistant Cordura® 500D reinforcements on hips and knees | Abrasion-resistant elastic Cordura® 500D outer fabric | Ventilation openings on the thighs",Cleaned noise; brand verified,High,false,Riding Gear > Riding Pants > Textile Pants,High,"Refined by title keyword: ""\b(textile\s+pants|touring\s+pants)\b""",rukka-comfo-r-gtx-textile-pants-1|Size:46|price:62000.00|compare:|weight:7000|barcode:|qty:0 | rukka-comfo-r-gtx-textile-pants-2|Size:48|price:62000.00|compare:|weight:7000|barcode:|qty:0 | rukka-comfo-r-gtx-textile-pants-3|Size:50|price:62000.00|compare:|weight:7000|barcode:|qty:0 | rukka-comfo-r-gtx-textile-pants-4|Size:52|price:62000.00|compare:|weight:7000|barcode:|qty:0 | rukka-comfo-r-gtx-textile-pants-5|Size:54|price:62000.00|compare:|weight:7000|barcode:|qty:0 | rukka-comfo-r-gtx-textile-pants-6|Size:56|price:62000.00|compare:|weight:7000|barcode:|qty:0 | rukka-comfo-r-gtx-textile-pants-7|Size:58|price:62000.00|compare:|weight:7000|barcode:|qty:0 | rukka-comfo-r-gtx-textile-pants-8|Size:60|price:62000.00|compare:|weight:7000|barcode:|qty:0 | rukka-comfo-r-gtx-textile-pants-9|Size:62|price:62000.00|compare:|weight:7000|barcode:|qty:0 | rukka-comfo-r-gtx-textile-pants-10|Size:64|price:62000.00|compare:|weight:7000|barcode:|qty:0 | rukka-comfo-r-gtx-textile-pants-11|Size:66|price:62000.00|compare:|weight:7000|barcode:|qty:0,"rukka-comfo-r-gtx-textile-pants-1,rukka-comfo-r-gtx-textile-pants-2,rukka-comfo-r-gtx-textile-pants-3,rukka-comfo-r-gtx-textile-pants-4,rukka-comfo-r-gtx-textile-pants-5,rukka-comfo-r-gtx-textile-pants-6,rukka-comfo-r-gtx-textile-pants-7,rukka-comfo-r-gtx-textile-pants-8,rukka-comfo-r-gtx-textile-pants-9,rukka-comfo-r-gtx-textile-pants-10,rukka-comfo-r-gtx-textile-pants-11",11,https://cdn.shopify.com/s/files/1/0076/8301/4754/products/9_70251_757_R_999.jpg?v=1662015608|pos:1|alt:Rukka Rukka Comfo-R GTX Textile Pants – front view || https://cdn.shopify.com/s/files/1/0076/8301/4754/products/9_70251_757_R_999_back.jpg?v=1662015608|pos:2|alt:Rukka Rukka Comfo-R GTX Textile Pants – side view,2,Rukka Rukka Comfo-R GTX Textile Pants – front view | Rukka Rukka Comfo-R GTX Textile Pants – side view,,0,Rukka Comfo-R GTX Textile Pants,"Rukka Comfo-R GTX Textile Pants. Rukka designs and manufactures the motorcycle clothing according to the strict guidelines, ""safe & comfortable"" with the highest standards for waterproofing and comfort.",,"100% durable breathable, windproof and waterproof Gore-Tex® Z-Liner membrane under the outer fabric. Ventilation openings on the thighs.",Abrasion-resistant Cordura® 500D reinforcements on hips and knees. Abrasion-resistant elastic Cordura® 500D outer fabric.,,Available in multiple sizes. Check the size guide before ordering.,Rukka Comfo-R GTX Textile Pants — a textile Pant built to the specifications listed above.,true,draft,https://cdn.shopify.com/s/files/1/0076/8301/4754/products/9_70251_757_R_999.jpg?v=1662015608|role:hero || https://cdn.shopify.com/s/files/1/0076/8301/4754/products/9_70251_757_R_999_back.jpg?v=1662015608|role:construction detail,2,false,/products/rukka-comfo-r-gtx-textile-pants,/products/rukka-comfo-r-gtx-textile-pants
rukka-r-ex-textile-pants,rukka-r-ex-textile-pants,Rukka R-EX Textile Pants,Rukka R-EX Textile Pants,rukka-r-ex-textile-pants,"The Rukka R-Ex is a rugged, tear and abrasion resistant, 2-layer laminated Gore-Tex® Pants. It comes with a 360° zipper that can be attached to… • wind- and waterproof Gore-Tex® 2-layer laminated Jacket. • ventilation openings with zipper and mesh inserts on side, shoulders,back. • width adjustment on upper arm, hem and cuffs with snap fasteners. • a 360° zip for attaching to any Rukka Jacket. Available in multiple sizes and/or colours — select your variant.","The Rukka R-Ex is a rugged, tear and abrasion resistant, 2-layer laminated Gore-Tex® Pants. It comes with a 360° zipper that can be attached to any Rukka pants. Rukka D3O® XTR protectors on the knees, shins and hips ensure safety. The ventilation option on the thighs provides extra comfort. The Rukka AirCushion and the Rukka Antiglide System from Keprotec provide additional comfort during the ride.<br><br>

<b>Features:</b><br>

<li>wind- and waterproof Gore-Tex® 2-layer laminated Jacket</li>
<li>ventilation openings with zipper and mesh inserts on side, shoulders,back</li>
<li>width adjustment on upper arm, hem and cuffs with snap fasteners </li>
<li>a 360° zip for attaching to any Rukka Jacket</li>
<li>one pocket on the outside</li>
<li>Rukka D3O® XTR protectors on hips and knees, shinbone, approved according to EN 1621-1 2012</li>
<li>Rukka AirCushion and Rukka Antiglide System in the seat area</li>
<li>reflectors on the calves</li><br>
​<b>ADDITIONAL PRODUCT INFORMATION</b><br>

<li>Material	100% nylon</li>","The Rukka R-Ex is a rugged, tear and abrasion resistant, 2-layer laminated Gore-Tex® Pants. It comes with a 360° zipper that can be attached to any Rukka pants. Rukka D3O® XTR protectors on the knees, shins and hips ensure safety. The ventilation option on the thighs provides extra comfort. The Rukka AirCushion and the Rukka Antiglide System from Keprotec provide additional comfort during the ride.

Features:

• wind- and waterproof Gore-Tex® 2-layer laminated Jacket

• ventilation openings with zipper and mesh inserts on side, shoulders,back

• width adjustment on upper arm, hem and cuffs with snap fasteners 

• a 360° zip for attaching to any Rukka Jacket

• one pocket on the outside

• Rukka D3O® XTR protectors on hips and knees, shinbone, approved according to EN 1621-1 2012

• Rukka AirCushion and Rukka Antiglide System in the seat area

• reflectors on the calves

​ADDITIONAL PRODUCT INFORMATION

• Material	100% nylon",62000,,2026-07-26,active,Rukka,7000,g,Buy Rukka R-EX Textile Pants | Mile 27 Store,"The Rukka R-Ex is a rugged, tear and abrasion resistant, 2-layer laminated Gore-Tex® Pants. It comes with a 360° zipper that can be attached to… wind- and…","wind- and waterproof Gore-Tex® 2-layer laminated Jacket | ventilation openings with zipper and mesh inserts on side, shoulders,back | width adjustment on upper arm, hem and cuffs with snap fasteners | a 360° zip for attaching to any Rukka Jacket",Cleaned noise; brand verified,High,false,Riding Gear > Riding Pants > Textile Pants,High,"Refined by title keyword: ""\b(textile\s+pants|touring\s+pants)\b""",rukka-r-ex-textile-pants-1|Size:46|price:62000.00|compare:|weight:7000|barcode:|qty:0 | rukka-r-ex-textile-pants-2|Size:48|price:62000.00|compare:|weight:7000|barcode:|qty:0 | rukka-r-ex-textile-pants-3|Size:50|price:62000.00|compare:|weight:7000|barcode:|qty:0 | rukka-r-ex-textile-pants-4|Size:52|price:62000.00|compare:|weight:7000|barcode:|qty:0 | rukka-r-ex-textile-pants-5|Size:54|price:62000.00|compare:|weight:7000|barcode:|qty:0 | rukka-r-ex-textile-pants-6|Size:56|price:62000.00|compare:|weight:7000|barcode:|qty:0 | rukka-r-ex-textile-pants-7|Size:58|price:62000.00|compare:|weight:7000|barcode:|qty:0 | rukka-r-ex-textile-pants-8|Size:60|price:62000.00|compare:|weight:7000|barcode:|qty:0 | rukka-r-ex-textile-pants-9|Size:62|price:62000.00|compare:|weight:7000|barcode:|qty:0 | rukka-r-ex-textile-pants-10|Size:64|price:62000.00|compare:|weight:7000|barcode:|qty:0 | rukka-r-ex-textile-pants-11|Size:66|price:62000.00|compare:|weight:7000|barcode:|qty:0,"rukka-r-ex-textile-pants-1,rukka-r-ex-textile-pants-2,rukka-r-ex-textile-pants-3,rukka-r-ex-textile-pants-4,rukka-r-ex-textile-pants-5,rukka-r-ex-textile-pants-6,rukka-r-ex-textile-pants-7,rukka-r-ex-textile-pants-8,rukka-r-ex-textile-pants-9,rukka-r-ex-textile-pants-10,rukka-r-ex-textile-pants-11",11,https://cdn.shopify.com/s/files/1/0076/8301/4754/products/5_70115_737_R_999.jpg?v=1662016179|pos:1|alt:Rukka Rukka R-EX Textile Pants – front view || https://cdn.shopify.com/s/files/1/0076/8301/4754/products/5_70115_737_R_999_back.jpg?v=1662016179|pos:2|alt:Rukka Rukka R-EX Textile Pants – side view,2,Rukka Rukka R-EX Textile Pants – front view | Rukka Rukka R-EX Textile Pants – side view,,0,Rukka R-EX Textile Pants,"Rukka R-EX Textile Pants. The Rukka R-Ex is a rugged, tear and abrasion resistant, 2-layer laminated Gore-Tex® Pants.","ventilation openings with zipper and mesh inserts on side, shoulders,back.","ventilation openings with zipper and mesh inserts on side, shoulders,back.","wind- and waterproof Gore-Tex® 2-layer laminated Jacket. width adjustment on upper arm, hem and cuffs with snap fasteners. a 360° zip for attaching to any Rukka Jacket.",,Available in multiple sizes. Check the size guide before ordering.,Rukka R-EX Textile Pants — a textile Pant built to the specifications listed above.,true,draft,https://cdn.shopify.com/s/files/1/0076/8301/4754/products/5_70115_737_R_999.jpg?v=1662016179|role:hero || https://cdn.shopify.com/s/files/1/0076/8301/4754/products/5_70115_737_R_999_back.jpg?v=1662016179|role:construction detail,2,false,/products/rukka-r-ex-textile-pants,/products/rukka-r-ex-textile-pants
rukka-rimo-r-textile-pants,rukka-rimo-r-textile-pants,Rukka Rimo-R Textile Pants,Rukka Rimo-R Textile Pants,rukka-rimo-r-textile-pants,"In the new Airpower collection, Rukka offers double protection: not only protection from injury, but also protection from the heat. Through sophisticated technologies and designs,… • Gore-Tex 2-ply laminate of polyester outer fabric. • Abrasion-resistant reinforcements at knee/shin and seat/thigh back made of Cordura 500D fabric. • mesh lining. • Leather anti-slip material and AIR-Cushion System in the seat. Available in multiple sizes and/or colours — select your variant.","In the new Airpower collection, Rukka offers double protection: not only protection from injury, but also protection from the heat. Through sophisticated technologies and designs, Rukka provides excellent ventilation to keep you cool and safe during summer rides.<br><br>

<b>Features:</b><br>

<li>Gore-Tex 2-ply laminate of polyester outer fabric</li>
<li>Abrasion-resistant reinforcements at knee/shin and seat/thigh back made of Cordura 500D fabric</li>
<li>mesh lining</li>
<li>Leather anti-slip material and AIR-Cushion System in the seat</li>
<li>Leather applications at the knees/inner legs</li>
<li>4x ventilation on the thighs, 2x front, 2x back</li>
<li>2 waterproof pockets on the outside of the waistband</li>
<li>2 cargo bags not waterproof </li>
<li>Stretch material in the crotch</li>
<li>Wide leg opening with width adjustment at the end of the trouser leg</li><br>
<b>specifications:</b><br>

<li>Pockets for Rukka D30 XTR Air knee/shin and hip protectors (not included)</li>
<li>Wider fit with room for separate braces to be fitted underneath</li><br>
<b>ADDITIONAL PRODUCT INFORMATION</b><br>
<li>Material	100% polyester</li>","In the new Airpower collection, Rukka offers double protection: not only protection from injury, but also protection from the heat. Through sophisticated technologies and designs, Rukka provides excellent ventilation to keep you cool and safe during summer rides.

Features:

• Gore-Tex 2-ply laminate of polyester outer fabric

• Abrasion-resistant reinforcements at knee/shin and seat/thigh back made of Cordura 500D fabric

• mesh lining

• Leather anti-slip material and AIR-Cushion System in the seat

• Leather applications at the knees/inner legs

• 4x ventilation on the thighs, 2x front, 2x back

• 2 waterproof pockets on the outside of the waistband

• 2 cargo bags not waterproof 

• Stretch material in the crotch

• Wide leg opening with width adjustment at the end of the trouser leg

specifications:

• Pockets for Rukka D30 XTR Air knee/shin and hip protectors (not included)

• Wider fit with room for separate braces to be fitted underneath

ADDITIONAL PRODUCT INFORMATION

• Material	100% polyester",59000,,2026-07-26,active,Rukka,7000,g,Buy Rukka Rimo-R Textile Pants | Mile 27 Store,"In the new Airpower collection, Rukka offers double protection: not only protection from injury, but also protection from the heat. Through sophisticated…",Gore-Tex 2-ply laminate of polyester outer fabric | Abrasion-resistant reinforcements at knee/shin and seat/thigh back made of Cordura 500D fabric | mesh lining | Leather anti-slip material and AIR-Cushion System in the seat,Cleaned noise; brand verified,High,false,Riding Gear > Riding Pants > Textile Pants,High,"Refined by title keyword: ""\b(textile\s+pants|touring\s+pants)\b""",rukka-rimo-r-textile-pants-1|Size:46|price:59000.00|compare:|weight:7000|barcode:|qty:0 | rukka-rimo-r-textile-pants-2|Size:47|price:59000.00|compare:|weight:7000|barcode:|qty:0 | rukka-rimo-r-textile-pants-3|Size:48|price:59000.00|compare:|weight:7000|barcode:|qty:0 | rukka-rimo-r-textile-pants-4|Size:49|price:59000.00|compare:|weight:7000|barcode:|qty:0 | rukka-rimo-r-textile-pants-5|Size:50|price:59000.00|compare:|weight:7000|barcode:|qty:0 | rukka-rimo-r-textile-pants-6|Size:51|price:59000.00|compare:|weight:7000|barcode:|qty:0 | rukka-rimo-r-textile-pants-7|Size:52|price:59000.00|compare:|weight:7000|barcode:|qty:0 | rukka-rimo-r-textile-pants-8|Size:54|price:59000.00|compare:|weight:7000|barcode:|qty:0 | rukka-rimo-r-textile-pants-9|Size:56|price:59000.00|compare:|weight:7000|barcode:|qty:0 | rukka-rimo-r-textile-pants-10|Size:58|price:59000.00|compare:|weight:7000|barcode:|qty:0 | rukka-rimo-r-textile-pants-11|Size:60|price:59000.00|compare:|weight:7000|barcode:|qty:0 | rukka-rimo-r-textile-pants-12|Size:62|price:59000.00|compare:|weight:7000|barcode:|qty:0 | rukka-rimo-r-textile-pants-13|Size:64|price:59000.00|compare:|weight:7000|barcode:|qty:0 | rukka-rimo-r-textile-pants-14|Size:66|price:59000.00|compare:|weight:7000|barcode:|qty:0,"rukka-rimo-r-textile-pants-1,rukka-rimo-r-textile-pants-2,rukka-rimo-r-textile-pants-3,rukka-rimo-r-textile-pants-4,rukka-rimo-r-textile-pants-5,rukka-rimo-r-textile-pants-6,rukka-rimo-r-textile-pants-7,rukka-rimo-r-textile-pants-8,rukka-rimo-r-textile-pants-9,rukka-rimo-r-textile-pants-10,rukka-rimo-r-textile-pants-11,rukka-rimo-r-textile-pants-12,rukka-rimo-r-textile-pants-13,rukka-rimo-r-textile-pants-14",14,https://cdn.shopify.com/s/files/1/0076/8301/4754/products/7_70231_747_R_929.webp?v=1662016674|pos:1|alt:Rukka Rukka Rimo-R Textile Pants – front view || https://cdn.shopify.com/s/files/1/0076/8301/4754/products/7_70231_747_R_929_back.jpg?v=1662016674|pos:2|alt:Rukka Rukka Rimo-R Textile Pants – side view,2,Rukka Rukka Rimo-R Textile Pants – front view | Rukka Rukka Rimo-R Textile Pants – side view,,0,Rukka Rimo-R Textile Pants,"Rukka Rimo-R Textile Pants. In the new Airpower collection, Rukka offers double protection: not only protection from injury, but also protection from the heat.",mesh lining. Leather anti-slip material and AIR-Cushion System in the seat.,,Gore-Tex 2-ply laminate of polyester outer fabric. Abrasion-resistant reinforcements at knee/shin and seat/thigh back made of Cordura 500D fabric.,,Available in multiple sizes. Check the size guide before ordering.,Rukka Rimo-R Textile Pants — a textile Pant built to the specifications listed above.,true,draft,https://cdn.shopify.com/s/files/1/0076/8301/4754/products/7_70231_747_R_929.webp?v=1662016674|role:hero || https://cdn.shopify.com/s/files/1/0076/8301/4754/products/7_70231_747_R_929_back.jpg?v=1662016674|role:construction detail,2,false,/products/rukka-rimo-r-textile-pants,/products/rukka-rimo-r-textile-pants
rukka-rfc-armocy-gore-tex-textile-pants,rukka-rfc-armocy-gore-tex-textile-pants,Rukka RFC Armocy Gore-Tex Textile Pants,Rukka RFC Armocy Gore-Tex Textile Pants,rukka-rfc-armocy-gore-tex-textile-pants,"Exclusively from Rukka, the RFC Armocy is made of abrasion-resistant Cordura upper, Gore-Tex Pro 3-layer laminate, has knee and hip protectors, a removable thermal lining… • exclusively by Rukka. • Gore-Tex® Pro 3-layer laminate, partly elastic. • abrasion-resistant 500D Cordura® reinforcements on knees, leg ends and on seating area. • Rukka D3O AIR knee and hip protectors, Level 2. Available in multiple sizes and/or colours — select your variant.","Exclusively from Rukka, the RFC Armocy is made of abrasion-resistant Cordura upper, Gore-Tex Pro 3-layer laminate, has knee and hip protectors, a removable thermal lining and anti-slip patch on the buttocks.<br><br>

<b>Features:</b><br>

<li>exclusively by Rukka</li>
<li>Gore-Tex® Pro 3-layer laminate, partly elastic</li>
<li>abrasion-resistant 500D Cordura® reinforcements on knees, leg ends and on seating area</li>
<li>Rukka D3O AIR knee and hip protectors, Level 2</li>
<li>antiglide patch on buttocks</li>
<li>Air Cushion System Climate puffer, antiglide</li>
<li>detachable quilted nylon/thermo lining (60g)</li>
<li>ventilation on thighs</li>
<li>one front pocket</li>
<li>adjustable leg ends with zippers and velcro tabs</li>
<li>waist closure with double tightening</li>
<li>connection zipper for jacket</li>
<li>option with double velcro to attach suspenders</li>
<li>reflective transfer prints on leg ends</li>
<li>is worn over the boots </li><br>
<b>ADDITIONAL PRODUCT INFORMATION</b><br>
<li>Material	75% polyamide, 25% polytetrafluoroethylene</li>","Exclusively from Rukka, the RFC Armocy is made of abrasion-resistant Cordura upper, Gore-Tex Pro 3-layer laminate, has knee and hip protectors, a removable thermal lining and anti-slip patch on the buttocks.

Features:

• exclusively by Rukka

• Gore-Tex® Pro 3-layer laminate, partly elastic

• abrasion-resistant 500D Cordura® reinforcements on knees, leg ends and on seating area

• Rukka D3O AIR knee and hip protectors, Level 2

• antiglide patch on buttocks

• Air Cushion System Climate puffer, antiglide

• detachable quilted nylon/thermo lining (60g)

• ventilation on thighs

• one front pocket

• adjustable leg ends with zippers and velcro tabs

• waist closure with double tightening

• connection zipper for jacket

• option with double velcro to attach suspenders

• reflective transfer prints on leg ends

• is worn over the boots 

ADDITIONAL PRODUCT INFORMATION

• Material	75% polyamide, 25% polytetrafluoroethylene",105000,,2026-07-26,active,Rukka,7000,g,Buy Rukka RFC Armocy Gore-Tex Textile Pants | Mile 27 Store,"Exclusively from Rukka, the RFC Armocy is made of abrasion-resistant Cordura upper, Gore-Tex Pro 3-layer laminate, has knee and hip protectors, a…","exclusively by Rukka | Gore-Tex® Pro 3-layer laminate, partly elastic | abrasion-resistant 500D Cordura® reinforcements on knees, leg ends and on seating area | Rukka D3O AIR knee and hip protectors, Level 2",Cleaned noise; brand verified,High,false,Riding Gear > Riding Pants > Textile Pants,High,"Refined by title keyword: ""\b(textile\s+pants|touring\s+pants)\b""",rukka-rfc-armocy-gore-tex-textile-pants-1|Size:46|price:105000.00|compare:|weight:7000|barcode:|qty:0 | rukka-rfc-armocy-gore-tex-textile-pants-2|Size:48|price:105000.00|compare:|weight:7000|barcode:|qty:0 | rukka-rfc-armocy-gore-tex-textile-pants-3|Size:50|price:105000.00|compare:|weight:7000|barcode:|qty:0 | rukka-rfc-armocy-gore-tex-textile-pants-4|Size:52|price:105000.00|compare:|weight:7000|barcode:|qty:0 | rukka-rfc-armocy-gore-tex-textile-pants-5|Size:54|price:105000.00|compare:|weight:7000|barcode:|qty:0 | rukka-rfc-armocy-gore-tex-textile-pants-6|Size:56|price:105000.00|compare:|weight:7000|barcode:|qty:0 | rukka-rfc-armocy-gore-tex-textile-pants-7|Size:58|price:105000.00|compare:|weight:7000|barcode:|qty:0 | rukka-rfc-armocy-gore-tex-textile-pants-8|Size:60|price:105000.00|compare:|weight:7000|barcode:|qty:0 | rukka-rfc-armocy-gore-tex-textile-pants-9|Size:62|price:105000.00|compare:|weight:7000|barcode:|qty:0,"rukka-rfc-armocy-gore-tex-textile-pants-1,rukka-rfc-armocy-gore-tex-textile-pants-2,rukka-rfc-armocy-gore-tex-textile-pants-3,rukka-rfc-armocy-gore-tex-textile-pants-4,rukka-rfc-armocy-gore-tex-textile-pants-5,rukka-rfc-armocy-gore-tex-textile-pants-6,rukka-rfc-armocy-gore-tex-textile-pants-7,rukka-rfc-armocy-gore-tex-textile-pants-8,rukka-rfc-armocy-gore-tex-textile-pants-9",9,https://cdn.shopify.com/s/files/1/0076/8301/4754/products/Armocy-trs-front_copy.jpg?v=1662021322|pos:1|alt:Rukka Rukka RFC Armocy Gore-Tex Textile Pants – front view || https://cdn.shopify.com/s/files/1/0076/8301/4754/products/Armocy-trs-back_copy.jpg?v=1662021323|pos:2|alt:Rukka Rukka RFC Armocy Gore-Tex Textile Pants – side view,2,Rukka Rukka RFC Armocy Gore-Tex Textile Pants – front view | Rukka Rukka RFC Armocy Gore-Tex Textile Pants – side view,,0,Rukka RFC Armocy Gore-Tex Textile Pants,"Rukka RFC Armocy Gore-Tex Textile Pants. Exclusively from Rukka, the RFC Armocy is made of abrasion-resistant Cordura upper, Gore-Tex Pro 3-layer laminate, has knee and hip protectors, a removable thermal lining… • exclusively by Rukka.",,,"exclusively by Rukka. Gore-Tex® Pro 3-layer laminate, partly elastic. abrasion-resistant 500D Cordura® reinforcements on knees, leg ends and on seating area. Rukka D3O AIR knee and hip protectors, Level 2.",,Available in multiple sizes. Check the size guide before ordering.,Rukka RFC Armocy Gore-Tex Textile Pants — a textile Pant built to the specifications listed above.,true,draft,https://cdn.shopify.com/s/files/1/0076/8301/4754/products/Armocy-trs-front_copy.jpg?v=1662021322|role:hero || https://cdn.shopify.com/s/files/1/0076/8301/4754/products/Armocy-trs-back_copy.jpg?v=1662021323|role:construction detail,2,false,/products/rukka-rfc-armocy-gore-tex-textile-pants,/products/rukka-rfc-armocy-gore-tex-textile-pants
rukka-offlane-textile-pants,rukka-offlane-textile-pants,Rukka Offlane Textile Pants,Rukka Offlane Textile Pants,rukka-offlane-textile-pants,The Rukka® Offlane trousers were specially developed for the adventure touring sector. It is made of abrasion- and tear-resistant Nylon 500D material with stretch inserts… • abrasion-resistant Nylon 500D outer fabric. • Ventilation openings with zipper and mesh lining for optimum ventilation. • waist width adjustable on both sides. • 360° zipper that can be attached to any Rukka jacket. Available in multiple sizes and/or colours — select your variant.,"The Rukka® Offlane trousers were specially developed for the adventure touring sector. It is made of abrasion- and tear-resistant Nylon 500D material with stretch inserts in the crotch area, above the knees, at the back of the knees and upper seat area. The Rukka® Offlane trousers have a 100% breathable, windproof and waterproof removable Gore-Tex® inner membrane made of temperature regulating Outlast® lining. The inner pants are ideal in cold and wet conditions and can be easily removed in warmer temperatures.<br><br>

<b>Features:</b><br>

<li>abrasion-resistant Nylon 500D outer fabric</li>
<li>Ventilation openings with zipper and mesh lining for optimum ventilation</li>
<li>waist width adjustable on both sides</li>
<li>360° zipper that can be attached to any Rukka jacket</li>
<li>removable 100% breathable, windproof and waterproof Gore-Tex® membrane with Outlast® temperature control</li>
<li>Rukka Defence &amp; Comfort braces can be retrofitted</li>
<li>Rukka air cushion system and leather trim for better grip on the seat</li>
<li>Stretch inserts in the crotch area, above the knees, in the hollows of the knees, in the upper seat area</li>
<li>leather inserts in the inner legs from the knees to the hem</li>
<li>reflectors on the calves</li>
<li>Manufacturer note: The pants are only waterproof and windproof when wearing the inner pants</li><br>

<b>ADDITIONAL PRODUCT INFORMATION</b><br>
<li>Material	100% polyamide</li>","The Rukka® Offlane trousers were specially developed for the adventure touring sector. It is made of abrasion- and tear-resistant Nylon 500D material with stretch inserts in the crotch area, above the knees, at the back of the knees and upper seat area. The Rukka® Offlane trousers have a 100% breathable, windproof and waterproof removable Gore-Tex® inner membrane made of temperature regulating Outlast® lining. The inner pants are ideal in cold and wet conditions and can be easily removed in warmer temperatures.

Features:

• abrasion-resistant Nylon 500D outer fabric

• Ventilation openings with zipper and mesh lining for optimum ventilation

• waist width adjustable on both sides

• 360° zipper that can be attached to any Rukka jacket

• removable 100% breathable, windproof and waterproof Gore-Tex® membrane with Outlast® temperature control

• Rukka Defence & Comfort braces can be retrofitted

• Rukka air cushion system and leather trim for better grip on the seat

• Stretch inserts in the crotch area, above the knees, in the hollows of the knees, in the upper seat area

• leather inserts in the inner legs from the knees to the hem

• reflectors on the calves

• Manufacturer note: The pants are only waterproof and windproof when wearing the inner pants

ADDITIONAL PRODUCT INFORMATION

• Material	100% polyamide",74000,,2026-07-26,active,Rukka,7000,g,Buy Rukka Offlane Textile Pants | Mile 27 Store,The Rukka® Offlane trousers were specially developed for the adventure touring sector. It is made of abrasion- and tear-resistant Nylon 500D material with…,abrasion-resistant Nylon 500D outer fabric | Ventilation openings with zipper and mesh lining for optimum ventilation | waist width adjustable on both sides | 360° zipper that can be attached to any Rukka jacket,Cleaned noise; brand verified,High,false,Riding Gear > Riding Pants > Textile Pants,High,"Refined by title keyword: ""\b(textile\s+pants|touring\s+pants)\b""",rukka-offlane-textile-pants-1|Size:46:Colour:Black/Gray|price:74000.00|compare:|weight:7000|barcode:|qty:0 | rukka-offlane-textile-pants-2|Size:46:Colour:Grey/Red|price:74000.00|compare:|weight:7000|barcode:|qty:0 | rukka-offlane-textile-pants-3|Size:46:Colour:Gray/Blue|price:74000.00|compare:|weight:7000|barcode:|qty:0 | rukka-offlane-textile-pants-4|Size:48:Colour:Black/Gray|price:74000.00|compare:|weight:7000|barcode:|qty:0 | rukka-offlane-textile-pants-5|Size:48:Colour:Grey/Red|price:74000.00|compare:|weight:7000|barcode:|qty:0 | rukka-offlane-textile-pants-6|Size:48:Colour:Gray/Blue|price:74000.00|compare:|weight:7000|barcode:|qty:0 | rukka-offlane-textile-pants-7|Size:50:Colour:Black/Gray|price:74000.00|compare:|weight:7000|barcode:|qty:0 | rukka-offlane-textile-pants-8|Size:50:Colour:Grey/Red|price:74000.00|compare:|weight:7000|barcode:|qty:0 | rukka-offlane-textile-pants-9|Size:50:Colour:Gray/Blue|price:74000.00|compare:|weight:7000|barcode:|qty:0 | rukka-offlane-textile-pants-10|Size:52:Colour:Black/Gray|price:74000.00|compare:|weight:7000|barcode:|qty:0 | rukka-offlane-textile-pants-11|Size:52:Colour:Grey/Red|price:74000.00|compare:|weight:7000|barcode:|qty:0 | rukka-offlane-textile-pants-12|Size:52:Colour:Gray/Blue|price:74000.00|compare:|weight:7000|barcode:|qty:0 | rukka-offlane-textile-pants-13|Size:54:Colour:Black/Gray|price:74000.00|compare:|weight:7000|barcode:|qty:0 | rukka-offlane-textile-pants-14|Size:54:Colour:Grey/Red|price:74000.00|compare:|weight:7000|barcode:|qty:0 | rukka-offlane-textile-pants-15|Size:54:Colour:Gray/Blue|price:74000.00|compare:|weight:7000|barcode:|qty:0 | rukka-offlane-textile-pants-16|Size:56:Colour:Black/Gray|price:74000.00|compare:|weight:7000|barcode:|qty:0 | rukka-offlane-textile-pants-17|Size:56:Colour:Grey/Red|price:74000.00|compare:|weight:7000|barcode:|qty:0 | rukka-offlane-textile-pants-18|Size:56:Colour:Gray/Blue|price:74000.00|compare:|weight:7000|barcode:|qty:0 | rukka-offlane-textile-pants-19|Size:58:Colour:Black/Gray|price:74000.00|compare:|weight:7000|barcode:|qty:0 | rukka-offlane-textile-pants-20|Size:58:Colour:Grey/Red|price:74000.00|compare:|weight:7000|barcode:|qty:0 | rukka-offlane-textile-pants-21|Size:58:Colour:Gray/Blue|price:74000.00|compare:|weight:7000|barcode:|qty:0 | rukka-offlane-textile-pants-22|Size:60:Colour:Black/Gray|price:74000.00|compare:|weight:7000|barcode:|qty:0 | rukka-offlane-textile-pants-23|Size:60:Colour:Grey/Red|price:74000.00|compare:|weight:7000|barcode:|qty:0 | rukka-offlane-textile-pants-24|Size:60:Colour:Gray/Blue|price:74000.00|compare:|weight:7000|barcode:|qty:0 | rukka-offlane-textile-pants-25|Size:62:Colour:Black/Gray|price:74000.00|compare:|weight:7000|barcode:|qty:0 | rukka-offlane-textile-pants-26|Size:62:Colour:Grey/Red|price:74000.00|compare:|weight:7000|barcode:|qty:0 | rukka-offlane-textile-pants-27|Size:62:Colour:Gray/Blue|price:74000.00|compare:|weight:7000|barcode:|qty:0 | rukka-offlane-textile-pants-28|Size:64:Colour:Black/Gray|price:74000.00|compare:|weight:7000|barcode:|qty:0 | rukka-offlane-textile-pants-29|Size:64:Colour:Grey/Red|price:74000.00|compare:|weight:7000|barcode:|qty:0 | rukka-offlane-textile-pants-30|Size:64:Colour:Gray/Blue|price:74000.00|compare:|weight:7000|barcode:|qty:0 | rukka-offlane-textile-pants-31|Size:66:Colour:Black/Gray|price:74000.00|compare:|weight:7000|barcode:|qty:0 | rukka-offlane-textile-pants-32|Size:66:Colour:Grey/Red|price:74000.00|compare:|weight:7000|barcode:|qty:0 | rukka-offlane-textile-pants-33|Size:66:Colour:Gray/Blue|price:74000.00|compare:|weight:7000|barcode:|qty:0,"rukka-offlane-textile-pants-1,rukka-offlane-textile-pants-2,rukka-offlane-textile-pants-3,rukka-offlane-textile-pants-4,rukka-offlane-textile-pants-5,rukka-offlane-textile-pants-6,rukka-offlane-textile-pants-7,rukka-offlane-textile-pants-8,rukka-offlane-textile-pants-9,rukka-offlane-textile-pants-10,rukka-offlane-textile-pants-11,rukka-offlane-textile-pants-12,rukka-offlane-textile-pants-13,rukka-offlane-textile-pants-14,rukka-offlane-textile-pants-15,rukka-offlane-textile-pants-16,rukka-offlane-textile-pants-17,rukka-offlane-textile-pants-18,rukka-offlane-textile-pants-19,rukka-offlane-textile-pants-20,rukka-offlane-textile-pants-21,rukka-offlane-textile-pants-22,rukka-offlane-textile-pants-23,rukka-offlane-textile-pants-24,rukka-offlane-textile-pants-25,rukka-offlane-textile-pants-26,rukka-offlane-textile-pants-27,rukka-offlane-textile-pants-28,rukka-offlane-textile-pants-29,rukka-offlane-textile-pants-30,rukka-offlane-textile-pants-31,rukka-offlane-textile-pants-32,rukka-offlane-textile-pants-33",33,https://cdn.shopify.com/s/files/1/0076/8301/4754/products/5_70245_725_R_929.jpg?v=1662021772|pos:1|alt:Rukka Rukka Offlane Textile Pants – front view || https://cdn.shopify.com/s/files/1/0076/8301/4754/products/5_70245_725_R_929_back.jpg?v=1662021777|pos:2|alt:Rukka Rukka Offlane Textile Pants – side view || https://cdn.shopify.com/s/files/1/0076/8301/4754/products/5_70245_725_R_265.jpg?v=1662021772|pos:3|alt:Rukka Rukka Offlane Textile Pants – rear view || https://cdn.shopify.com/s/files/1/0076/8301/4754/products/5_70245_725_R_265_back.jpg?v=1662021777|pos:4|alt:Rukka Rukka Offlane Textile Pants – detail view || https://cdn.shopify.com/s/files/1/0076/8301/4754/products/5_70245_725_R_238.jpg?v=1662021772|pos:5|alt:Rukka Rukka Offlane Textile Pants – top view || https://cdn.shopify.com/s/files/1/0076/8301/4754/products/5_70245_725_R_238_back.jpg?v=1662021772|pos:6|alt:Rukka Rukka Offlane Textile Pants – product view,6,Rukka Rukka Offlane Textile Pants – front view | Rukka Rukka Offlane Textile Pants – side view | Rukka Rukka Offlane Textile Pants – rear view | Rukka Rukka Offlane Textile Pants – detail view | Rukka Rukka Offlane Textile Pants – top view | Rukka Rukka Offlane Textile Pants – product view,,0,Rukka Offlane Textile Pants,Rukka Offlane Textile Pants. The Rukka® Offlane trousers were specially developed for the adventure touring sector.,abrasion-resistant Nylon 500D outer fabric. Ventilation openings with zipper and mesh lining for optimum ventilation.,Ventilation openings with zipper and mesh lining for optimum ventilation.,waist width adjustable on both sides. 360° zipper that can be attached to any Rukka jacket.,,Available in multiple sizes. Check the size guide before ordering.,Rukka Offlane Textile Pants — a textile Pant built to the specifications listed above.,true,draft,https://cdn.shopify.com/s/files/1/0076/8301/4754/products/5_70245_725_R_929.jpg?v=1662021772|role:hero || https://cdn.shopify.com/s/files/1/0076/8301/4754/products/5_70245_725_R_929_back.jpg?v=1662021777|role:construction detail || https://cdn.shopify.com/s/files/1/0076/8301/4754/products/5_70245_725_R_265.jpg?v=1662021772|role:side profile,3,false,/products/rukka-offlane-textile-pants,/products/rukka-offlane-textile-pants
rukka-thundr-gore-tex-textile-pants,rukka-thundr-gore-tex-textile-pants,Rukka Thundr Gore-Tex Textile Pants,Rukka Thundr Gore-Tex Textile Pants,rukka-thundr-gore-tex-textile-pants,Materials: • Gore-Tex Pro 3-layer laminate. • Rukka D3O Air limb protectors meet the requirements of Norm EN 1621-1 2012. • Detachable thermal lining (60g). • Trousers have a connecting zipper to jacket. Available in multiple sizes and/or colours — select your variant.,"<b>Materials:</b><br>

<li>Gore-Tex Pro 3-layer laminate</li><br>
<b>Protectors:</b><br>

<li>Rukka D3O Air limb protectors meet the requirements of Norm EN 1621-1 2012</li><br>
<b>Special:</b><br>

<li>Detachable thermal lining (60g)</li>
<li>Trousers have a connecting zipper to jacket</li>
<li>Rukka AirCushion and Rukka Antiglide system of Keprotec in seating area </li>
<li>Waist closure with double tightening</li>
<li>Option to attach braces</li>
<li>Stretch panels behind and above the knee</li>
<li>One outside pocket</li>
<li>is worn over the boots</li>","Materials:

• Gore-Tex Pro 3-layer laminate

Protectors:

• Rukka D3O Air limb protectors meet the requirements of Norm EN 1621-1 2012

Special:

• Detachable thermal lining (60g)

• Trousers have a connecting zipper to jacket

• Rukka AirCushion and Rukka Antiglide system of Keprotec in seating area 

• Waist closure with double tightening

• Option to attach braces

• Stretch panels behind and above the knee

• One outside pocket

• is worn over the boots",72000,,2026-07-26,active,Rukka,7000,g,Buy Rukka Thundr Gore-Tex Textile Pants | Mile 27 Store,Materials: Gore-Tex Pro 3-layer laminate. Rukka D3O Air limb protectors meet the requirements of Norm EN 1621-1 2012. Detachable thermal lining (60g).…,Gore-Tex Pro 3-layer laminate | Rukka D3O Air limb protectors meet the requirements of Norm EN 1621-1 2012 | Detachable thermal lining (60g) | Trousers have a connecting zipper to jacket,Cleaned noise; brand verified,High,false,Riding Gear > Riding Pants > Textile Pants,High,"Refined by title keyword: ""\b(textile\s+pants|touring\s+pants)\b""",rukka-thundr-gore-tex-textile-pants-1|Size:46|price:72000.00|compare:|weight:7000|barcode:|qty:0 | rukka-thundr-gore-tex-textile-pants-2|Size:48|price:72000.00|compare:|weight:7000|barcode:|qty:0 | rukka-thundr-gore-tex-textile-pants-3|Size:50|price:72000.00|compare:|weight:7000|barcode:|qty:0 | rukka-thundr-gore-tex-textile-pants-4|Size:52|price:72000.00|compare:|weight:7000|barcode:|qty:0 | rukka-thundr-gore-tex-textile-pants-5|Size:54|price:72000.00|compare:|weight:7000|barcode:|qty:0 | rukka-thundr-gore-tex-textile-pants-6|Size:56|price:72000.00|compare:|weight:7000|barcode:|qty:0 | rukka-thundr-gore-tex-textile-pants-7|Size:58|price:72000.00|compare:|weight:7000|barcode:|qty:0 | rukka-thundr-gore-tex-textile-pants-8|Size:60|price:72000.00|compare:|weight:7000|barcode:|qty:0 | rukka-thundr-gore-tex-textile-pants-9|Size:62|price:72000.00|compare:|weight:7000|barcode:|qty:0 | rukka-thundr-gore-tex-textile-pants-10|Size:64|price:72000.00|compare:|weight:7000|barcode:|qty:0 | rukka-thundr-gore-tex-textile-pants-11|Size:66|price:72000.00|compare:|weight:7000|barcode:|qty:0,"rukka-thundr-gore-tex-textile-pants-1,rukka-thundr-gore-tex-textile-pants-2,rukka-thundr-gore-tex-textile-pants-3,rukka-thundr-gore-tex-textile-pants-4,rukka-thundr-gore-tex-textile-pants-5,rukka-thundr-gore-tex-textile-pants-6,rukka-thundr-gore-tex-textile-pants-7,rukka-thundr-gore-tex-textile-pants-8,rukka-thundr-gore-tex-textile-pants-9,rukka-thundr-gore-tex-textile-pants-10,rukka-thundr-gore-tex-textile-pants-11",11,https://cdn.shopify.com/s/files/1/0076/8301/4754/products/Rukka-Thund-R-GORE-TEX-Trousers-7_70103_722_R_990.jpg?v=1662022030|pos:1|alt:Rukka Rukka Thundr Gore-Tex Textile Pants – front view,1,Rukka Rukka Thundr Gore-Tex Textile Pants – front view,,0,Rukka Thundr Gore-Tex Textile Pants,Rukka Thundr Gore-Tex Textile Pants. Materials: • Gore-Tex Pro 3-layer laminate.,,,Gore-Tex Pro 3-layer laminate. Rukka D3O Air limb protectors meet the requirements of Norm EN 1621-1 2012. Detachable thermal lining (60g). Trousers have a connecting zipper to jacket.,,Available in multiple sizes. Check the size guide before ordering.,Rukka Thundr Gore-Tex Textile Pants — a textile Pant built to the specifications listed above.,true,draft,https://cdn.shopify.com/s/files/1/0076/8301/4754/products/Rukka-Thund-R-GORE-TEX-Trousers-7_70103_722_R_990.jpg?v=1662022030|role:hero,1,false,/products/rukka-thundr-gore-tex-textile-pants,/products/rukka-thundr-gore-tex-textile-pants
rukka-elas-textile-pants,rukka-elas-textile-pants,Rukka Elas Textile Pants,Rukka Elas Textile Pants,rukka-elas-textile-pants,"MATERIALS • Abrasion-resistant Stretch Cordura 500 shell fabric. • 100% breathable, wind- and waterproof GORE-TEX® Z-liner membrane. • Highly tear and abrasion resistant reinforcements on knee area. • Rukka D3O Air limb protectors meet the requirements of CE Norm EN 1621-1 2012. Available in multiple sizes and/or colours — select your variant.","<b>MATERIALS</b>

<li>Abrasion-resistant Stretch Cordura 500 shell fabric</li>
<li>100% breathable, wind- and waterproof GORE-TEX® Z-liner membrane</li>
<li>Highly tear and abrasion resistant reinforcements on knee area</li>
<b>PROTECTORS</b>

<li>Rukka D3O Air limb protectors meet the requirements of CE Norm EN 1621-1 2012</li>
<b>SPECIAL FEATURES</b>

<li>Detachable thermal lining (60g)</li>
<li>A connecting zipper to jacket</li>
<li>Waist closure with double tightening</li>
<li>Rukka AirCushion and Rukka Antiglide system of Keprotec in seating area</li>
<li>Ventilation openings on thighs</li>
<li>Adjustable leg bottoms with zippers and velcro tightening</li>
<li>Can be fitted with Rukka Defence &amp; Comfort Braces</li>
<li>Two pockets with zippers</li>
<b>ADDITIONAL PRODUCT INFORMATION</b>
<li>Material	93% Polyamide, 7% elasthane</li>","MATERIALS

• Abrasion-resistant Stretch Cordura 500 shell fabric

• 100% breathable, wind- and waterproof GORE-TEX® Z-liner membrane

• Highly tear and abrasion resistant reinforcements on knee area

PROTECTORS

• Rukka D3O Air limb protectors meet the requirements of CE Norm EN 1621-1 2012

SPECIAL FEATURES

• Detachable thermal lining (60g)

• A connecting zipper to jacket

• Waist closure with double tightening

• Rukka AirCushion and Rukka Antiglide system of Keprotec in seating area

• Ventilation openings on thighs

• Adjustable leg bottoms with zippers and velcro tightening

• Can be fitted with Rukka Defence & Comfort Braces

• Two pockets with zippers

ADDITIONAL PRODUCT INFORMATION
• Material	93% Polyamide, 7% elasthane",67000,,2026-07-26,active,Rukka,7000,g,Buy Rukka Elas Textile Pants | Mile 27 Store,"MATERIALS Abrasion-resistant Stretch Cordura 500 shell fabric. 100% breathable, wind- and waterproof GORE-TEX® Z-liner membrane. Highly tear and abrasion…","Abrasion-resistant Stretch Cordura 500 shell fabric | 100% breathable, wind- and waterproof GORE-TEX® Z-liner membrane | Highly tear and abrasion resistant reinforcements on knee area | Rukka D3O Air limb protectors meet the requirements of CE Norm EN 1621-1 2012",Cleaned noise; brand verified,High,false,Riding Gear > Riding Pants > Textile Pants,High,"Refined by title keyword: ""\b(textile\s+pants|touring\s+pants)\b""",rukka-elas-textile-pants-1|Size:46|price:67000.00|compare:|weight:7000|barcode:|qty:0 | rukka-elas-textile-pants-2|Size:48|price:67000.00|compare:|weight:7000|barcode:|qty:0 | rukka-elas-textile-pants-3|Size:50|price:67000.00|compare:|weight:7000|barcode:|qty:0 | rukka-elas-textile-pants-4|Size:52|price:67000.00|compare:|weight:7000|barcode:|qty:0 | rukka-elas-textile-pants-5|Size:54|price:67000.00|compare:|weight:7000|barcode:|qty:0 | rukka-elas-textile-pants-6|Size:56|price:67000.00|compare:|weight:7000|barcode:|qty:0 | rukka-elas-textile-pants-7|Size:58|price:67000.00|compare:|weight:7000|barcode:|qty:0 | rukka-elas-textile-pants-8|Size:60|price:67000.00|compare:|weight:7000|barcode:|qty:0 | rukka-elas-textile-pants-9|Size:62|price:67000.00|compare:|weight:7000|barcode:|qty:0 | rukka-elas-textile-pants-10|Size:64|price:67000.00|compare:|weight:7000|barcode:|qty:0,"rukka-elas-textile-pants-1,rukka-elas-textile-pants-2,rukka-elas-textile-pants-3,rukka-elas-textile-pants-4,rukka-elas-textile-pants-5,rukka-elas-textile-pants-6,rukka-elas-textile-pants-7,rukka-elas-textile-pants-8,rukka-elas-textile-pants-9,rukka-elas-textile-pants-10",10,https://cdn.shopify.com/s/files/1/0076/8301/4754/products/9_70147_757_R_990.jpg?v=1662022798|pos:1|alt:Rukka Rukka Elas Textile Pants – front view || https://cdn.shopify.com/s/files/1/0076/8301/4754/products/9_70147_757_R_990_back.jpg?v=1662022799|pos:2|alt:Rukka Rukka Elas Textile Pants – side view,2,Rukka Rukka Elas Textile Pants – front view | Rukka Rukka Elas Textile Pants – side view,,0,Rukka Elas Textile Pants,Rukka Elas Textile Pants. MATERIALS • Abrasion-resistant Stretch Cordura 500 shell fabric.,Abrasion-resistant Stretch Cordura 500 shell fabric.,"100% breathable, wind- and waterproof GORE-TEX® Z-liner membrane.",Highly tear and abrasion resistant reinforcements on knee area. Rukka D3O Air limb protectors meet the requirements of CE Norm EN 1621-1 2012.,,Available in multiple sizes. Check the size guide before ordering.,Rukka Elas Textile Pants — a textile Pant built to the specifications listed above.,true,draft,https://cdn.shopify.com/s/files/1/0076/8301/4754/products/9_70147_757_R_990.jpg?v=1662022798|role:hero || https://cdn.shopify.com/s/files/1/0076/8301/4754/products/9_70147_757_R_990_back.jpg?v=1662022799|role:construction detail,2,false,/products/rukka-elas-textile-pants,/products/rukka-elas-textile-pants
rukka-4air-goretex-textile-pants,rukka-4air-goretex-textile-pants,Rukka 4Air GoreTex Textile Pants,Rukka 4Air GoreTex Textile Pants,rukka-4air-goretex-textile-pants,"• knitted Cordura AFT 500D knitwear • knitted Cordura AFT 500D knitwear. • reinforcements in the knee/shin area made of double-knit Cordura AFT. • removable GoreTex® inner pants with Outlast® lining for temperature regulation. • long, all-round connection zipper to combine the pants with a jacket. Available in multiple sizes and/or colours — select your variant.","<b>Features:</b><br>

<li>knitted Cordura AFT 500D knitwear</li>
<li>reinforcements in the knee/shin area made of double-knit Cordura AFT</li>
<li>removable GoreTex® inner pants with Outlast® lining for temperature regulation</li>
<li>long, all-round connection zipper to combine the pants with a jacket</li>
<li>suspenders can be fastened by velcro</li>
<li>Rukka Aircushion and anti-slip material from Keprotec on the buttocks</li>
<li>bilateral bud-size regulation</li>
<li>two bags</li>
<li>is worn over the boots</li><br>
<b>Protection:</b><br>

<li>Rukka D3O Air knee protection (type tested to EN 1621-1-2012)</li><br>
<b>ADDITIONAL PRODUCT INFORMATION</b><br>
<li>Material	100% polyamide</li>","Features:

• knitted Cordura AFT 500D knitwear

• reinforcements in the knee/shin area made of double-knit Cordura AFT

• removable GoreTex® inner pants with Outlast® lining for temperature regulation

• long, all-round connection zipper to combine the pants with a jacket

• suspenders can be fastened by velcro

• Rukka Aircushion and anti-slip material from Keprotec on the buttocks

• bilateral bud-size regulation

• two bags

• is worn over the boots

Protection:

• Rukka D3O Air knee protection (type tested to EN 1621-1-2012)

ADDITIONAL PRODUCT INFORMATION

• Material	100% polyamide",68000,,2026-07-26,active,Rukka,7000,g,Buy Rukka 4Air GoreTex Textile Pants | Mile 27 Store,knitted Cordura AFT 500D knitwear knitted Cordura AFT 500D knitwear. reinforcements in the knee/shin area made of double-knit Cordura AFT. removable…,"knitted Cordura AFT 500D knitwear | reinforcements in the knee/shin area made of double-knit Cordura AFT | removable GoreTex® inner pants with Outlast® lining for temperature regulation | long, all-round connection zipper to combine the pants with a jacket",Cleaned noise; brand verified,High,false,Riding Gear > Riding Pants > Textile Pants,High,"Refined by title keyword: ""\b(textile\s+pants|touring\s+pants)\b""",rukka-4air-goretex-textile-pants-1|Size:46|price:68000.00|compare:|weight:7000|barcode:|qty:0 | rukka-4air-goretex-textile-pants-2|Size:48|price:68000.00|compare:|weight:7000|barcode:|qty:0 | rukka-4air-goretex-textile-pants-3|Size:50|price:68000.00|compare:|weight:7000|barcode:|qty:0 | rukka-4air-goretex-textile-pants-4|Size:52|price:68000.00|compare:|weight:7000|barcode:|qty:0 | rukka-4air-goretex-textile-pants-5|Size:54|price:68000.00|compare:|weight:7000|barcode:|qty:0 | rukka-4air-goretex-textile-pants-6|Size:56|price:68000.00|compare:|weight:7000|barcode:|qty:0 | rukka-4air-goretex-textile-pants-7|Size:58|price:68000.00|compare:|weight:7000|barcode:|qty:0 | rukka-4air-goretex-textile-pants-8|Size:60|price:68000.00|compare:|weight:7000|barcode:|qty:0 | rukka-4air-goretex-textile-pants-9|Size:62|price:68000.00|compare:|weight:7000|barcode:|qty:0 | rukka-4air-goretex-textile-pants-10|Size:64|price:68000.00|compare:|weight:7000|barcode:|qty:0 | rukka-4air-goretex-textile-pants-11|Size:66|price:68000.00|compare:|weight:7000|barcode:|qty:0,"rukka-4air-goretex-textile-pants-1,rukka-4air-goretex-textile-pants-2,rukka-4air-goretex-textile-pants-3,rukka-4air-goretex-textile-pants-4,rukka-4air-goretex-textile-pants-5,rukka-4air-goretex-textile-pants-6,rukka-4air-goretex-textile-pants-7,rukka-4air-goretex-textile-pants-8,rukka-4air-goretex-textile-pants-9,rukka-4air-goretex-textile-pants-10,rukka-4air-goretex-textile-pants-11",11,https://cdn.shopify.com/s/files/1/0076/8301/4754/products/Rukka-4Air-Trousers-7_70121_720_R_990.jpg?v=1662023084|pos:1|alt:Rukka Rukka 4Air GoreTex Textile Pants – front view || https://cdn.shopify.com/s/files/1/0076/8301/4754/products/Rukka-4Air-Trousers-7_70121_720_R_990_back.jpg?v=1662023084|pos:2|alt:Rukka Rukka 4Air GoreTex Textile Pants – side view,2,Rukka Rukka 4Air GoreTex Textile Pants – front view | Rukka Rukka 4Air GoreTex Textile Pants – side view,,0,Rukka 4Air GoreTex Textile Pants,Rukka 4Air GoreTex Textile Pants. • knitted Cordura AFT 500D knitwear • knitted Cordura AFT 500D knitwear.,,,"knitted Cordura AFT 500D knitwear. reinforcements in the knee/shin area made of double-knit Cordura AFT. removable GoreTex® inner pants with Outlast® lining for temperature regulation. long, all-round connection zipper to combine the pants with a jacket.",,Available in multiple sizes. Check the size guide before ordering.,Rukka 4Air GoreTex Textile Pants — a textile Pant built to the specifications listed above.,true,draft,https://cdn.shopify.com/s/files/1/0076/8301/4754/products/Rukka-4Air-Trousers-7_70121_720_R_990.jpg?v=1662023084|role:hero || https://cdn.shopify.com/s/files/1/0076/8301/4754/products/Rukka-4Air-Trousers-7_70121_720_R_990_back.jpg?v=1662023084|role:construction detail,2,false,/products/rukka-4air-goretex-textile-pants,/products/rukka-4air-goretex-textile-pants
rukka-stretchair-textile-pants,rukka-stretchair-textile-pants,Rukka StretchAir Textile Pants,Rukka StretchAir Textile Pants,rukka-stretchair-textile-pants,"Rukka expands its popular AirPower collection with the new StretchAir suit, combining a perfect fit with exemplary safety and great comfort even in extreme heat. • knitted mesh Cordura AFT for maximum airflow. • knitted Cordura AFT two layers strengthening on knees. • Belt loops enable use of the belt. • A connecting zipper for jacket. Available in multiple sizes and/or colours — select your variant.","Rukka expands its popular AirPower collection with the new StretchAir suit, combining a perfect fit with exemplary safety and great comfort even in extreme heat.<br><br>

<b>Materials</b><br>

<li>knitted mesh Cordura AFT for maximum airflow</li>
<li>knitted Cordura AFT two layers strengthening on knees</li><br>
<b>Adjustability and Fit</b><br>

<li>Belt loops enable use of the belt</li>
<li>A connecting zipper for jacket</li><br>
<b>Pockets</b><br>

<li>Two pockets with zipper</li><br>
<b>Protectors</b><br>

<li>D3O® Air XTR knee, shin and hip protectors EN 1621-1 2012, Level 2</li><br>
<b>Comfort and Special Features</b><br>

<li>stretch material on sides, above the knees, knee bend, rear yoke and leg ends</li>
<li>fits inside of the boots</li>
<li>Rukka AirCushion and Rukka Antiglide system of Keprotec in seating area</li>
<li>can be fitted with Rukka Defence &amp; Comfort Braces</li><br>
    

<b>ADDITIONAL PRODUCT INFORMATION</b><br>
<li>Material	100% polyamide</li>","Rukka expands its popular AirPower collection with the new StretchAir suit, combining a perfect fit with exemplary safety and great comfort even in extreme heat.

Materials

• knitted mesh Cordura AFT for maximum airflow

• knitted Cordura AFT two layers strengthening on knees

Adjustability and Fit

• Belt loops enable use of the belt

• A connecting zipper for jacket

Pockets

• Two pockets with zipper

Protectors

• D3O® Air XTR knee, shin and hip protectors EN 1621-1 2012, Level 2

Comfort and Special Features

• stretch material on sides, above the knees, knee bend, rear yoke and leg ends

• fits inside of the boots

• Rukka AirCushion and Rukka Antiglide system of Keprotec in seating area

• can be fitted with Rukka Defence & Comfort Braces

    

ADDITIONAL PRODUCT INFORMATION

• Material	100% polyamide",43000,,2026-07-26,active,Rukka,7000,g,Buy Rukka StretchAir Textile Pants | Mile 27 Store,"Rukka expands its popular AirPower collection with the new StretchAir suit, combining a perfect fit with exemplary safety and great comfort even in…",knitted mesh Cordura AFT for maximum airflow | knitted Cordura AFT two layers strengthening on knees | Belt loops enable use of the belt | A connecting zipper for jacket,Cleaned noise; brand verified,High,false,Riding Gear > Riding Pants > Textile Pants,High,"Refined by title keyword: ""\b(textile\s+pants|touring\s+pants)\b""",rukka-stretchair-textile-pants-1|Size:46|price:43000.00|compare:|weight:7000|barcode:|qty:0 | rukka-stretchair-textile-pants-2|Size:48|price:43000.00|compare:|weight:7000|barcode:|qty:0 | rukka-stretchair-textile-pants-3|Size:50|price:43000.00|compare:|weight:7000|barcode:|qty:0 | rukka-stretchair-textile-pants-4|Size:52|price:43000.00|compare:|weight:7000|barcode:|qty:0 | rukka-stretchair-textile-pants-5|Size:54|price:43000.00|compare:|weight:7000|barcode:|qty:0 | rukka-stretchair-textile-pants-6|Size:56|price:43000.00|compare:|weight:7000|barcode:|qty:0 | rukka-stretchair-textile-pants-7|Size:58|price:43000.00|compare:|weight:7000|barcode:|qty:0 | rukka-stretchair-textile-pants-8|Size:60|price:43000.00|compare:|weight:7000|barcode:|qty:0 | rukka-stretchair-textile-pants-9|Size:62|price:43000.00|compare:|weight:7000|barcode:|qty:0 | rukka-stretchair-textile-pants-10|Size:64|price:43000.00|compare:|weight:7000|barcode:|qty:0,"rukka-stretchair-textile-pants-1,rukka-stretchair-textile-pants-2,rukka-stretchair-textile-pants-3,rukka-stretchair-textile-pants-4,rukka-stretchair-textile-pants-5,rukka-stretchair-textile-pants-6,rukka-stretchair-textile-pants-7,rukka-stretchair-textile-pants-8,rukka-stretchair-textile-pants-9,rukka-stretchair-textile-pants-10",10,https://cdn.shopify.com/s/files/1/0076/8301/4754/products/3_70127_720_R_990.jpg?v=1662023599|pos:1|alt:Rukka Rukka StretchAir Textile Pants – front view || https://cdn.shopify.com/s/files/1/0076/8301/4754/products/3_70127_720_R_990_back.jpg?v=1662023599|pos:2|alt:Rukka Rukka StretchAir Textile Pants – side view,2,Rukka Rukka StretchAir Textile Pants – front view | Rukka Rukka StretchAir Textile Pants – side view,,0,Rukka StretchAir Textile Pants,"Rukka StretchAir Textile Pants. Rukka expands its popular AirPower collection with the new StretchAir suit, combining a perfect fit with exemplary safety and great comfort even in extreme heat.",knitted mesh Cordura AFT for maximum airflow.,,knitted Cordura AFT two layers strengthening on knees. Belt loops enable use of the belt. A connecting zipper for jacket.,,Available in multiple sizes. Check the size guide before ordering.,Rukka StretchAir Textile Pants — a textile Pant built to the specifications listed above.,true,draft,https://cdn.shopify.com/s/files/1/0076/8301/4754/products/3_70127_720_R_990.jpg?v=1662023599|role:hero || https://cdn.shopify.com/s/files/1/0076/8301/4754/products/3_70127_720_R_990_back.jpg?v=1662023599|role:construction detail,2,false,/products/rukka-stretchair-textile-pants,/products/rukka-stretchair-textile-pants
rukka-r-o-r-textile-pants,rukka-r-o-r-textile-pants,Rukka R.O.R. Textile Pants,Rukka R.O.R. Textile Pants,rukka-r-o-r-textile-pants,"The Rukka R.O.R. pants is your faithful companion in all weather conditions. • 100% breathable, windproof, waterproof GORE-TEX® 2-layer laminate with 150D lightweight polyester outer fabric. • abrasion resistant 500D CORDURA® reinforcements on knees and shins. • bags for Rukka D3O protectors on hips and knees / tibia. • wide cut for separate knee orthoses. Available in multiple sizes and/or colours — select your variant.","The Rukka R.O.R. pants is your faithful companion in all weather conditions.<br><br>

<b>Features:</b><br>

<li>100% breathable, windproof, waterproof GORE-TEX® 2-layer laminate with 150D lightweight polyester outer fabric</li>
<li>abrasion resistant 500D CORDURA® reinforcements on knees and shins</li>
<li>bags for Rukka D3O protectors on hips and knees / tibia</li>
<li>wide cut for separate knee orthoses</li>
<li>connecting zipper for jacket</li>
<li>detachable Rukka Defense &amp; Comfort braces</li>
<li>waist closure with double tightening</li>
<li>elastic GORE-TEX® material in crotch above the knees and rear yoke</li>
<li>ventilation openings with zipper on thighs</li>
<li>heat and abrasion-resistant leather panels in inner side of knees and on seating area</li>
<li>Rukka Aircushion system in seating area</li>
<li>trousers leg fits over adventure boots</li>
<li>two pockets with zipper and two thigh pockets with zipper and Velcro closure</li><br>
<b>Contents:</b><br>

<li>1 x Rukka pants</li>
<li>knee and hip protectors not included (have to be ordered separately)</li><br>
<b>ADDITIONAL PRODUCT INFORMATION</b><br>
<li>Material	100% Polyester</li>","The Rukka R.O.R. pants is your faithful companion in all weather conditions.

Features:

• 100% breathable, windproof, waterproof GORE-TEX® 2-layer laminate with 150D lightweight polyester outer fabric

• abrasion resistant 500D CORDURA® reinforcements on knees and shins

• bags for Rukka D3O protectors on hips and knees / tibia

• wide cut for separate knee orthoses

• connecting zipper for jacket

• detachable Rukka Defense & Comfort braces

• waist closure with double tightening

• elastic GORE-TEX® material in crotch above the knees and rear yoke

• ventilation openings with zipper on thighs

• heat and abrasion-resistant leather panels in inner side of knees and on seating area

• Rukka Aircushion system in seating area

• trousers leg fits over adventure boots

• two pockets with zipper and two thigh pockets with zipper and Velcro closure

Contents:

• 1 x Rukka pants

• knee and hip protectors not included (have to be ordered separately)

ADDITIONAL PRODUCT INFORMATION

• Material	100% Polyester",57000,,2026-07-26,active,Rukka,7000,g,Buy Rukka R.O.R. Textile Pants | Mile 27 Store,"The Rukka R.O.R. pants is your faithful companion in all weather conditions. 100% breathable, windproof, waterproof GORE-TEX® 2-layer laminate with 150D…","100% breathable, windproof, waterproof GORE-TEX® 2-layer laminate with 150D lightweight polyester outer fabric | abrasion resistant 500D CORDURA® reinforcements on knees and shins | bags for Rukka D3O protectors on hips and knees / tibia | wide cut for separate knee orthoses",Cleaned noise; brand verified,High,false,Riding Gear > Riding Pants > Textile Pants,High,"Refined by title keyword: ""\b(textile\s+pants|touring\s+pants)\b""",rukka-r-o-r-textile-pants-1|Size:46|price:57000.00|compare:|weight:7000|barcode:|qty:0 | rukka-r-o-r-textile-pants-2|Size:48|price:57000.00|compare:|weight:7000|barcode:|qty:0 | rukka-r-o-r-textile-pants-3|Size:50|price:57000.00|compare:|weight:7000|barcode:|qty:0 | rukka-r-o-r-textile-pants-4|Size:52|price:57000.00|compare:|weight:7000|barcode:|qty:0 | rukka-r-o-r-textile-pants-5|Size:54|price:57000.00|compare:|weight:7000|barcode:|qty:0 | rukka-r-o-r-textile-pants-6|Size:56|price:57000.00|compare:|weight:7000|barcode:|qty:0 | rukka-r-o-r-textile-pants-7|Size:58|price:57000.00|compare:|weight:7000|barcode:|qty:0 | rukka-r-o-r-textile-pants-8|Size:60|price:57000.00|compare:|weight:7000|barcode:|qty:0 | rukka-r-o-r-textile-pants-9|Size:62|price:57000.00|compare:|weight:7000|barcode:|qty:0 | rukka-r-o-r-textile-pants-10|Size:64|price:57000.00|compare:|weight:7000|barcode:|qty:0 | rukka-r-o-r-textile-pants-11|Size:66|price:57000.00|compare:|weight:7000|barcode:|qty:0,"rukka-r-o-r-textile-pants-1,rukka-r-o-r-textile-pants-2,rukka-r-o-r-textile-pants-3,rukka-r-o-r-textile-pants-4,rukka-r-o-r-textile-pants-5,rukka-r-o-r-textile-pants-6,rukka-r-o-r-textile-pants-7,rukka-r-o-r-textile-pants-8,rukka-r-o-r-textile-pants-9,rukka-r-o-r-textile-pants-10,rukka-r-o-r-textile-pants-11",11,https://cdn.shopify.com/s/files/1/0076/8301/4754/products/9_70205_747_R_929.jpg?v=1662024031|pos:1|alt:Rukka Rukka R.O.R. Textile Pants – front view || https://cdn.shopify.com/s/files/1/0076/8301/4754/products/9_70205_747_R_929_back.jpg?v=1662024031|pos:2|alt:Rukka Rukka R.O.R. Textile Pants – side view,2,Rukka Rukka R.O.R. Textile Pants – front view | Rukka Rukka R.O.R. Textile Pants – side view,,0,Rukka R.O.R. Textile Pants,Rukka R.O.R. Textile Pants. The Rukka R.O.R. pants is your faithful companion in all weather conditions.,,"100% breathable, windproof, waterproof GORE-TEX® 2-layer laminate with 150D lightweight polyester outer fabric.",abrasion resistant 500D CORDURA® reinforcements on knees and shins. bags for Rukka D3O protectors on hips and knees / tibia. wide cut for separate knee orthoses.,,Available in multiple sizes. Check the size guide before ordering.,Rukka R.O.R. Textile Pants — a textile Pant built to the specifications listed above.,true,draft,https://cdn.shopify.com/s/files/1/0076/8301/4754/products/9_70205_747_R_929.jpg?v=1662024031|role:hero || https://cdn.shopify.com/s/files/1/0076/8301/4754/products/9_70205_747_R_929_back.jpg?v=1662024031|role:construction detail,2,false,/products/rukka-r-o-r-textile-pants,/products/rukka-r-o-r-textile-pants
rukka-airventur-textile-pants,rukka-airventur-textile-pants,Rukka AirventuR Textile Pants,Rukka AirventuR Textile Pants,rukka-airventur-textile-pants,"Rukka, the Finnish motorcycle apparel experts, expand their AirPower collection with the new suit AirventuR, combining maximum wearing comfort with outstanding safety. • knitted mesh Cordura AFT for maximum airflow. • knitted Cordura AFT two layers strengthening on knees. • belt loops enable use of the belt. • a connecting zipper for jacket. Available in multiple sizes and/or colours — select your variant.","Rukka, the Finnish motorcycle apparel experts, expand their AirPower collection with the new suit AirventuR, combining maximum wearing comfort with outstanding safety.<br><br>

<b>Materials</b><br>

<li>knitted mesh Cordura AFT for maximum airflow</li>
<li>knitted Cordura AFT two layers strengthening on knees</li><br>
<b>Adjustability and Fit</b><br>

<li>belt loops enable use of the belt</li>
<li>a connecting zipper for jacket</li>
<li>leg bottoms with zipper and Velcro tightening</li><br>
<b>Pockets</b><br>

<li>three pockets with zipper</li><br>
<b>Protectors</b><br>

<li>D3O® Air XTR knee, shin and hip protectors EN 1621-1 2012, Level 2</li><br>
<b>Comfort and Special Features</b><br>

<li>stretch material on groin, above knees and back yoke</li>
<li>Rukka AirCushion system in seating area</li>
<li>heat and abrasion-resistant leather panels in inner side of knees and on seating area</li>
<li>can be fitted with Rukka Defence &amp; Comfort Braces</li><br>
    

<b>ADDITIONAL PRODUCT INFORMATION</b><br>
<li>Material	100% polyamide</li>","Rukka, the Finnish motorcycle apparel experts, expand their AirPower collection with the new suit AirventuR, combining maximum wearing comfort with outstanding safety.

Materials

• knitted mesh Cordura AFT for maximum airflow

• knitted Cordura AFT two layers strengthening on knees

Adjustability and Fit

• belt loops enable use of the belt

• a connecting zipper for jacket

• leg bottoms with zipper and Velcro tightening

Pockets

• three pockets with zipper

Protectors

• D3O® Air XTR knee, shin and hip protectors EN 1621-1 2012, Level 2

Comfort and Special Features

• stretch material on groin, above knees and back yoke

• Rukka AirCushion system in seating area

• heat and abrasion-resistant leather panels in inner side of knees and on seating area

• can be fitted with Rukka Defence & Comfort Braces

    

ADDITIONAL PRODUCT INFORMATION

• Material	100% polyamide",49000,,2026-07-26,active,Rukka,7000,g,Buy Rukka AirventuR Textile Pants | Mile 27 Store,"Rukka, the Finnish motorcycle apparel experts, expand their AirPower collection with the new suit AirventuR, combining maximum wearing comfort with…",knitted mesh Cordura AFT for maximum airflow | knitted Cordura AFT two layers strengthening on knees | belt loops enable use of the belt | a connecting zipper for jacket,Cleaned noise; brand verified,High,false,Riding Gear > Riding Pants > Textile Pants,High,"Refined by title keyword: ""\b(textile\s+pants|touring\s+pants)\b""",rukka-airventur-textile-pants-1|Size:46|price:49000.00|compare:|weight:7000|barcode:|qty:0 | rukka-airventur-textile-pants-2|Size:48|price:49000.00|compare:|weight:7000|barcode:|qty:0 | rukka-airventur-textile-pants-3|Size:50|price:49000.00|compare:|weight:7000|barcode:|qty:0 | rukka-airventur-textile-pants-4|Size:52|price:49000.00|compare:|weight:7000|barcode:|qty:0 | rukka-airventur-textile-pants-5|Size:54|price:49000.00|compare:|weight:7000|barcode:|qty:0 | rukka-airventur-textile-pants-6|Size:56|price:49000.00|compare:|weight:7000|barcode:|qty:0 | rukka-airventur-textile-pants-7|Size:58|price:49000.00|compare:|weight:7000|barcode:|qty:0 | rukka-airventur-textile-pants-8|Size:60|price:49000.00|compare:|weight:7000|barcode:|qty:0 | rukka-airventur-textile-pants-9|Size:62|price:49000.00|compare:|weight:7000|barcode:|qty:0 | rukka-airventur-textile-pants-10|Size:64|price:49000.00|compare:|weight:7000|barcode:|qty:0,"rukka-airventur-textile-pants-1,rukka-airventur-textile-pants-2,rukka-airventur-textile-pants-3,rukka-airventur-textile-pants-4,rukka-airventur-textile-pants-5,rukka-airventur-textile-pants-6,rukka-airventur-textile-pants-7,rukka-airventur-textile-pants-8,rukka-airventur-textile-pants-9,rukka-airventur-textile-pants-10",10,https://cdn.shopify.com/s/files/1/0076/8301/4754/products/3_70129_720_R_990.jpg?v=1662024273|pos:1|alt:Rukka Rukka AirventuR Textile Pants – front view || https://cdn.shopify.com/s/files/1/0076/8301/4754/products/3_70129_720_R_990_back.jpg?v=1662024272|pos:2|alt:Rukka Rukka AirventuR Textile Pants – side view,2,Rukka Rukka AirventuR Textile Pants – front view | Rukka Rukka AirventuR Textile Pants – side view,,0,Rukka AirventuR Textile Pants,"Rukka AirventuR Textile Pants. Rukka, the Finnish motorcycle apparel experts, expand their AirPower collection with the new suit AirventuR, combining maximum wearing comfort with outstanding safety.",knitted mesh Cordura AFT for maximum airflow.,,knitted Cordura AFT two layers strengthening on knees. belt loops enable use of the belt. a connecting zipper for jacket.,,Available in multiple sizes. Check the size guide before ordering.,Rukka AirventuR Textile Pants — a textile Pant built to the specifications listed above.,true,draft,https://cdn.shopify.com/s/files/1/0076/8301/4754/products/3_70129_720_R_990.jpg?v=1662024273|role:hero || https://cdn.shopify.com/s/files/1/0076/8301/4754/products/3_70129_720_R_990_back.jpg?v=1662024272|role:construction detail,2,false,/products/rukka-airventur-textile-pants,/products/rukka-airventur-textile-pants
rukka-stretchdry-gore-tex-textile-pants,rukka-stretchdry-gore-tex-textile-pants,Rukka StretchDry Gore-Tex Textile Pants,Rukka StretchDry Gore-Tex Textile Pants,rukka-stretchdry-gore-tex-textile-pants,"The new StretchDry suit is the perfect wet weather gear for all who choose a Rukka AirPower suit without a membrane as their ultimate solution… • 100% breathable, wind- and waterproof Gore-Tex® 2-layer laminated to light and durable polyester shell fabric. • abrasion-resistant 500D Cordura® reinforcements on knees, leg ends and on seating area. • waist closure with double tightening. • a connecting zipper for jacket. Available in multiple sizes and/or colours — select your variant.","The new StretchDry suit is the perfect wet weather gear for all who choose a Rukka AirPower suit without a membrane as their ultimate solution for hot summer weather.<br><br>

<b>Materials</b><br>

<li>100% breathable, wind- and waterproof Gore-Tex® 2-layer laminated to light and durable polyester shell fabric</li>
<li>abrasion-resistant 500D Cordura® reinforcements on knees, leg ends and on seating area</li><br>
<b>Adjustability and Fit</b><br>

<li>waist closure with double tightening</li>
<li>a connecting zipper for jacket</li>
<li>long 2 way side zippers from leg bottom to hip, upper zipper works as a ventilation</li><br>
<b>Pockets</b><br>

<li>one pocket with zipper</li><br>
<b>Comfort and Special Features</b><br>

<li>elastic Flex2Fit material on sides, above the knees and rear yoke</li>
<li>Rukka antiglide system of Keprotec in seating area</li>
<li>can be fitted with Rukka Defence and Comfort Braces</li>
<li>is worn over the boots</li><br>
<b>ADDITIONAL PRODUCT INFORMATION</b><br>
<li>Material	100% polyester</li>","The new StretchDry suit is the perfect wet weather gear for all who choose a Rukka AirPower suit without a membrane as their ultimate solution for hot summer weather.

Materials

• 100% breathable, wind- and waterproof Gore-Tex® 2-layer laminated to light and durable polyester shell fabric

• abrasion-resistant 500D Cordura® reinforcements on knees, leg ends and on seating area

Adjustability and Fit

• waist closure with double tightening

• a connecting zipper for jacket

• long 2 way side zippers from leg bottom to hip, upper zipper works as a ventilation

Pockets

• one pocket with zipper

Comfort and Special Features

• elastic Flex2Fit material on sides, above the knees and rear yoke

• Rukka antiglide system of Keprotec in seating area

• can be fitted with Rukka Defence and Comfort Braces

• is worn over the boots

ADDITIONAL PRODUCT INFORMATION

• Material	100% polyester",44000,,2026-07-26,active,Rukka,7000,g,Buy Rukka StretchDry Gore-Tex Textile Pants | Mile 27 Store,The new StretchDry suit is the perfect wet weather gear for all who choose a Rukka AirPower suit without a membrane as their ultimate solution… 100%…,"100% breathable, wind- and waterproof Gore-Tex® 2-layer laminated to light and durable polyester shell fabric | abrasion-resistant 500D Cordura® reinforcements on knees, leg ends and on seating area | waist closure with double tightening | a connecting zipper for jacket",Cleaned noise; brand verified,High,false,Riding Gear > Riding Pants > Textile Pants,High,"Refined by title keyword: ""\b(textile\s+pants|touring\s+pants)\b""",rukka-stretchdry-gore-tex-textile-pants-1|Size:46|price:44000.00|compare:|weight:7000|barcode:|qty:0 | rukka-stretchdry-gore-tex-textile-pants-2|Size:48|price:44000.00|compare:|weight:7000|barcode:|qty:0 | rukka-stretchdry-gore-tex-textile-pants-3|Size:50|price:44000.00|compare:|weight:7000|barcode:|qty:0 | rukka-stretchdry-gore-tex-textile-pants-4|Size:52|price:44000.00|compare:|weight:7000|barcode:|qty:0 | rukka-stretchdry-gore-tex-textile-pants-5|Size:54|price:44000.00|compare:|weight:7000|barcode:|qty:0 | rukka-stretchdry-gore-tex-textile-pants-6|Size:56|price:44000.00|compare:|weight:7000|barcode:|qty:0 | rukka-stretchdry-gore-tex-textile-pants-7|Size:58|price:44000.00|compare:|weight:7000|barcode:|qty:0 | rukka-stretchdry-gore-tex-textile-pants-8|Size:60|price:44000.00|compare:|weight:7000|barcode:|qty:0 | rukka-stretchdry-gore-tex-textile-pants-9|Size:62|price:44000.00|compare:|weight:7000|barcode:|qty:0 | rukka-stretchdry-gore-tex-textile-pants-10|Size:64|price:44000.00|compare:|weight:7000|barcode:|qty:0 | rukka-stretchdry-gore-tex-textile-pants-11|Size:66|price:44000.00|compare:|weight:7000|barcode:|qty:0,"rukka-stretchdry-gore-tex-textile-pants-1,rukka-stretchdry-gore-tex-textile-pants-2,rukka-stretchdry-gore-tex-textile-pants-3,rukka-stretchdry-gore-tex-textile-pants-4,rukka-stretchdry-gore-tex-textile-pants-5,rukka-stretchdry-gore-tex-textile-pants-6,rukka-stretchdry-gore-tex-textile-pants-7,rukka-stretchdry-gore-tex-textile-pants-8,rukka-stretchdry-gore-tex-textile-pants-9,rukka-stretchdry-gore-tex-textile-pants-10,rukka-stretchdry-gore-tex-textile-pants-11",11,https://cdn.shopify.com/s/files/1/0076/8301/4754/products/3_70211_747_R_990.jpg?v=1662024609|pos:1|alt:Rukka Rukka StretchDry Gore-Tex Textile Pants – front view || https://cdn.shopify.com/s/files/1/0076/8301/4754/products/3_70211_747_R_990_back.jpg?v=1662024609|pos:2|alt:Rukka Rukka StretchDry Gore-Tex Textile Pants – side view,2,Rukka Rukka StretchDry Gore-Tex Textile Pants – front view | Rukka Rukka StretchDry Gore-Tex Textile Pants – side view,,0,Rukka StretchDry Gore-Tex Textile Pants,Rukka StretchDry Gore-Tex Textile Pants. The new StretchDry suit is the perfect wet weather gear for all who choose a Rukka AirPower suit without a membrane as their ultimate solution… •.,"100% breathable, wind- and waterproof Gore-Tex® 2-layer laminated to light and durable polyester shell fabric.",,"abrasion-resistant 500D Cordura® reinforcements on knees, leg ends and on seating area. waist closure with double tightening. a connecting zipper for jacket.",,Available in multiple sizes. Check the size guide before ordering.,Rukka StretchDry Gore-Tex Textile Pants — a textile Pant built to the specifications listed above.,true,draft,https://cdn.shopify.com/s/files/1/0076/8301/4754/products/3_70211_747_R_990.jpg?v=1662024609|role:hero || https://cdn.shopify.com/s/files/1/0076/8301/4754/products/3_70211_747_R_990_back.jpg?v=1662024609|role:construction detail,2,false,/products/rukka-stretchdry-gore-tex-textile-pants,/products/rukka-stretchdry-gore-tex-textile-pants
rukka-rct-gore-tex-textile-pants,rukka-rct-gore-tex-textile-pants,Rukka RCT Gore-Tex Textile Pants,Rukka RCT Gore-Tex Textile Pants,rukka-rct-gore-tex-textile-pants,"Materials: • Abrasion-resistant mc-approved Cordura 500. • Breathable, wind- and waterproof Gore-Tex Z-liner membrane. • Rukka D3O Air protectors meet the requirements of CE Norm EN 1621-1 2012. • Detachable thermal-lining (60g). Available in multiple sizes and/or colours — select your variant.","<b>Materials:</b><br>

<li>Abrasion-resistant mc-approved Cordura 500</li>
<li>Breathable, wind- and waterproof Gore-Tex Z-liner membrane</li><br>
<b>Protectors: </b><br>

<li>Rukka D3O Air protectors meet the requirements of CE Norm EN 1621-1 2012</li><br>
<b>Special:</b><br>

<li>Detachable thermal-lining (60g)</li>
<li>Adjustable waist on leg ends</li>
<li>Trousers have a connecting zipper for jacket</li>
<li>Option to attach braces</li>
<li>One pocket</li>
<li>3M reflectors on legs</li>
<li>is worn over the boots</li>","Materials:

• Abrasion-resistant mc-approved Cordura 500

• Breathable, wind- and waterproof Gore-Tex Z-liner membrane

Protectors: 

• Rukka D3O Air protectors meet the requirements of CE Norm EN 1621-1 2012

Special:

• Detachable thermal-lining (60g)

• Adjustable waist on leg ends

• Trousers have a connecting zipper for jacket

• Option to attach braces

• One pocket

• 3M reflectors on legs

• is worn over the boots",45000,,2026-07-26,active,Rukka,7000,g,Buy Rukka RCT Gore-Tex Textile Pants | Mile 27 Store,"Materials: Abrasion-resistant mc-approved Cordura 500. Breathable, wind- and waterproof Gore-Tex Z-liner membrane. Rukka D3O Air protectors meet the…","Abrasion-resistant mc-approved Cordura 500 | Breathable, wind- and waterproof Gore-Tex Z-liner membrane | Rukka D3O Air protectors meet the requirements of CE Norm EN 1621-1 2012 | Detachable thermal-lining (60g)",Cleaned noise; brand verified,High,false,Riding Gear > Riding Pants > Textile Pants,High,"Refined by title keyword: ""\b(textile\s+pants|touring\s+pants)\b""",rukka-rct-gore-tex-textile-pants-1|Size:46|price:45000.00|compare:|weight:7000|barcode:|qty:0 | rukka-rct-gore-tex-textile-pants-2|Size:48|price:45000.00|compare:|weight:7000|barcode:|qty:0 | rukka-rct-gore-tex-textile-pants-3|Size:50|price:45000.00|compare:|weight:7000|barcode:|qty:0 | rukka-rct-gore-tex-textile-pants-4|Size:52|price:45000.00|compare:|weight:7000|barcode:|qty:0 | rukka-rct-gore-tex-textile-pants-5|Size:54|price:45000.00|compare:|weight:7000|barcode:|qty:0 | rukka-rct-gore-tex-textile-pants-6|Size:56|price:45000.00|compare:|weight:7000|barcode:|qty:0 | rukka-rct-gore-tex-textile-pants-7|Size:58|price:45000.00|compare:|weight:7000|barcode:|qty:0 | rukka-rct-gore-tex-textile-pants-8|Size:60|price:45000.00|compare:|weight:7000|barcode:|qty:0 | rukka-rct-gore-tex-textile-pants-9|Size:62|price:45000.00|compare:|weight:7000|barcode:|qty:0 | rukka-rct-gore-tex-textile-pants-10|Size:64|price:45000.00|compare:|weight:7000|barcode:|qty:0 | rukka-rct-gore-tex-textile-pants-11|Size:66|price:45000.00|compare:|weight:7000|barcode:|qty:0,"rukka-rct-gore-tex-textile-pants-1,rukka-rct-gore-tex-textile-pants-2,rukka-rct-gore-tex-textile-pants-3,rukka-rct-gore-tex-textile-pants-4,rukka-rct-gore-tex-textile-pants-5,rukka-rct-gore-tex-textile-pants-6,rukka-rct-gore-tex-textile-pants-7,rukka-rct-gore-tex-textile-pants-8,rukka-rct-gore-tex-textile-pants-9,rukka-rct-gore-tex-textile-pants-10,rukka-rct-gore-tex-textile-pants-11",11,https://cdn.shopify.com/s/files/1/0076/8301/4754/products/Rukka-RCT-Gore-Tex-Trousers-7_70141_725_R_990.jpg?v=1662025323|pos:1|alt:Rukka Rukka RCT Gore-Tex Textile Pants – front view || https://cdn.shopify.com/s/files/1/0076/8301/4754/products/7_70141_725_R_990_back.jpg?v=1662025322|pos:2|alt:Rukka Rukka RCT Gore-Tex Textile Pants – side view,2,Rukka Rukka RCT Gore-Tex Textile Pants – front view | Rukka Rukka RCT Gore-Tex Textile Pants – side view,,0,Rukka RCT Gore-Tex Textile Pants,Rukka RCT Gore-Tex Textile Pants. Materials: • Abrasion-resistant mc-approved Cordura 500.,,"Breathable, wind- and waterproof Gore-Tex Z-liner membrane.",Abrasion-resistant mc-approved Cordura 500. Rukka D3O Air protectors meet the requirements of CE Norm EN 1621-1 2012. Detachable thermal-lining (60g).,,Available in multiple sizes. Check the size guide before ordering.,Rukka RCT Gore-Tex Textile Pants — a textile Pant built to the specifications listed above.,true,draft,https://cdn.shopify.com/s/files/1/0076/8301/4754/products/Rukka-RCT-Gore-Tex-Trousers-7_70141_725_R_990.jpg?v=1662025323|role:hero || https://cdn.shopify.com/s/files/1/0076/8301/4754/products/7_70141_725_R_990_back.jpg?v=1662025322|role:construction detail,2,false,/products/rukka-rct-gore-tex-textile-pants,/products/rukka-rct-gore-tex-textile-pants
rukka-start-r-textile-pants,rukka-start-r-textile-pants,Rukka Start-R Textile Pants,Rukka Start-R Textile Pants,rukka-start-r-textile-pants,"The Rukka Start-R motorcycle Pants are constructed with a 100% breathable, windproof and waterproof Gore-Tex® Z-Liner membrane. The outer fabric is made of abrasion-resistant Cordura®… • abrasion-resistant Cordura® 500D outer fabric. • soft neoprene collar. • 100% breathable, wind- and waterproof Gore-Tex Z-Liner membrane. • Width adjustment at waistband with Velcro fastener. Available in multiple sizes and/or colours — select your variant.","The Rukka Start-R motorcycle Pants are constructed with a 100% breathable, windproof and waterproof Gore-Tex® Z-Liner membrane. The outer fabric is made of abrasion-resistant Cordura® 500D material. The ventilation openings on both sides ensure optimum ventilation and a pleasant draught. For an optimal fit, the Rukka® START-R trousers have a width adjustment on both sides of the waistband; belt loops and an elasticated waistband at the leg end. The width adjustment on the upper arms, waistband and sleeve cuffs offers a perfect fit due to the flexibility. Safety is ensured by Rukka D3O® XTR protectors on the knees, shins and hips. Protector pockets are available for retrofitting with RUKKA® RUKKA® D3O® XTR joint protectors on hips, shins and knees. Furthermore, the trousers have a 360° zipper and can be connected to any Rukka jacket.<br><br>

<b>Features:</b><br>

<li>abrasion-resistant Cordura® 500D outer fabric</li>
<li>soft neoprene collar</li>
<li>100% breathable, wind- and waterproof Gore-Tex Z-Liner membrane</li>
<li>Width adjustment at waistband with Velcro fastener</li>
<li>elastic inserts at leg end</li>
<li>belt loops at the waistband</li>
<li>one pocket with zipper</li>
<li>D3O® LP1 protectors on knees and shins, approved according to EN 1621-1 2012</li>
<li>Reflectors on the calves</li>
<li>Rukka Defence &amp; Comfort braces can be retrofitted</li><br>
<b>ADDITIONAL PRODUCT INFORMATION</b><br>
<li>Material	100% polyamide</li>","The Rukka Start-R motorcycle Pants are constructed with a 100% breathable, windproof and waterproof Gore-Tex® Z-Liner membrane. The outer fabric is made of abrasion-resistant Cordura® 500D material. The ventilation openings on both sides ensure optimum ventilation and a pleasant draught. For an optimal fit, the Rukka® START-R trousers have a width adjustment on both sides of the waistband; belt loops and an elasticated waistband at the leg end. The width adjustment on the upper arms, waistband and sleeve cuffs offers a perfect fit due to the flexibility. Safety is ensured by Rukka D3O® XTR protectors on the knees, shins and hips. Protector pockets are available for retrofitting with RUKKA® RUKKA® D3O® XTR joint protectors on hips, shins and knees. Furthermore, the trousers have a 360° zipper and can be connected to any Rukka jacket.

Features:

• abrasion-resistant Cordura® 500D outer fabric

• soft neoprene collar

• 100% breathable, wind- and waterproof Gore-Tex Z-Liner membrane

• Width adjustment at waistband with Velcro fastener

• elastic inserts at leg end

• belt loops at the waistband

• one pocket with zipper

• D3O® LP1 protectors on knees and shins, approved according to EN 1621-1 2012

• Reflectors on the calves

• Rukka Defence & Comfort braces can be retrofitted

ADDITIONAL PRODUCT INFORMATION

• Material	100% polyamide",37000,,2026-07-26,active,Rukka,7000,g,Buy Rukka Start-R Textile Pants | Mile 27 Store,"The Rukka Start-R motorcycle Pants are constructed with a 100% breathable, windproof and waterproof Gore-Tex® Z-Liner membrane. The outer fabric is made…","abrasion-resistant Cordura® 500D outer fabric | soft neoprene collar | 100% breathable, wind- and waterproof Gore-Tex Z-Liner membrane | Width adjustment at waistband with Velcro fastener",Cleaned noise; brand verified,High,false,Riding Gear > Riding Pants > Textile Pants,High,"Refined by title keyword: ""\b(textile\s+pants|touring\s+pants)\b""",rukka-start-r-textile-pants-1|Size:46|price:37000.00|compare:|weight:7000|barcode:|qty:0 | rukka-start-r-textile-pants-2|Size:48|price:37000.00|compare:|weight:7000|barcode:|qty:0 | rukka-start-r-textile-pants-3|Size:50|price:37000.00|compare:|weight:7000|barcode:|qty:0 | rukka-start-r-textile-pants-4|Size:52|price:37000.00|compare:|weight:7000|barcode:|qty:0 | rukka-start-r-textile-pants-5|Size:54|price:37000.00|compare:|weight:7000|barcode:|qty:0 | rukka-start-r-textile-pants-6|Size:56|price:37000.00|compare:|weight:7000|barcode:|qty:0 | rukka-start-r-textile-pants-7|Size:58|price:37000.00|compare:|weight:7000|barcode:|qty:0 | rukka-start-r-textile-pants-8|Size:60|price:37000.00|compare:|weight:7000|barcode:|qty:0 | rukka-start-r-textile-pants-9|Size:62|price:37000.00|compare:|weight:7000|barcode:|qty:0 | rukka-start-r-textile-pants-10|Size:64|price:37000.00|compare:|weight:7000|barcode:|qty:0 | rukka-start-r-textile-pants-11|Size:66|price:37000.00|compare:|weight:7000|barcode:|qty:0,"rukka-start-r-textile-pants-1,rukka-start-r-textile-pants-2,rukka-start-r-textile-pants-3,rukka-start-r-textile-pants-4,rukka-start-r-textile-pants-5,rukka-start-r-textile-pants-6,rukka-start-r-textile-pants-7,rukka-start-r-textile-pants-8,rukka-start-r-textile-pants-9,rukka-start-r-textile-pants-10,rukka-start-r-textile-pants-11",11,https://cdn.shopify.com/s/files/1/0076/8301/4754/products/5_70247_725_R_990.jpg?v=1662025906|pos:1|alt:Rukka Rukka Start-R Textile Pants – front view || https://cdn.shopify.com/s/files/1/0076/8301/4754/products/5_70247_725_R_990_back.jpg?v=1662025906|pos:2|alt:Rukka Rukka Start-R Textile Pants – side view,2,Rukka Rukka Start-R Textile Pants – front view | Rukka Rukka Start-R Textile Pants – side view,,0,Rukka Start-R Textile Pants,"Rukka Start-R Textile Pants. The Rukka Start-R motorcycle Pants are constructed with a 100% breathable, windproof and waterproof Gore-Tex® Z-Liner membrane.",,"100% breathable, wind- and waterproof Gore-Tex Z-Liner membrane.",abrasion-resistant Cordura® 500D outer fabric. soft neoprene collar. Width adjustment at waistband with Velcro fastener.,,Available in multiple sizes. Check the size guide before ordering.,Rukka Start-R Textile Pants — a textile Pant built to the specifications listed above.,true,draft,https://cdn.shopify.com/s/files/1/0076/8301/4754/products/5_70247_725_R_990.jpg?v=1662025906|role:hero || https://cdn.shopify.com/s/files/1/0076/8301/4754/products/5_70247_725_R_990_back.jpg?v=1662025906|role:construction detail,2,false,/products/rukka-start-r-textile-pants,/products/rukka-start-r-textile-pants
rukka-d3o-air-rps-protector-shirt,rukka-d3o-air-rps-protector-shirt,Rukka D3O Air RPS Protector Shirt,Rukka D3O Air RPS Protector Shirt,rukka-d3o-air-rps-protector-shirt,• CP1 chest protector EN1621-3:2016 Level 1 • CP1 chest protector EN1621-3:2016 Level 1. • LP1 protectors on elbows and shoulders EN1621-1:2012 Level 1. • D3O Air All Back protector EN1621-2:2014 Level 2. • stretch cordura shell fabric. Available in multiple sizes and/or colours — select your variant.,"<b>Features:</b><br>

<li>CP1 chest protector EN1621-3:2016 Level 1</li>
<li>LP1 protectors on elbows and shoulders EN1621-1:2012 Level 1</li>
<li>D3O Air All Back protector EN1621-2:2014 Level 2</li>
<li>stretch cordura shell fabric</li>
<li>outlast lining and outlast fleece on sleeves</li>
<li>long connecting zipper for pants</li><br>
 

<b>ADDITIONAL PRODUCT INFORMATION</b><br>
<li>Material	92% polyamide, 8% elasthane</li>","Features:

• CP1 chest protector EN1621-3:2016 Level 1

• LP1 protectors on elbows and shoulders EN1621-1:2012 Level 1

• D3O Air All Back protector EN1621-2:2014 Level 2

• stretch cordura shell fabric

• outlast lining and outlast fleece on sleeves

• long connecting zipper for pants

 

ADDITIONAL PRODUCT INFORMATION

• Material	92% polyamide, 8% elasthane",37000,,2026-07-26,active,Rukka,6000,g,Buy Rukka D3O Air RPS Protector Shirt | Mile 27 Store,CP1 chest protector EN1621-3:2016 Level 1 CP1 chest protector EN1621-3:2016 Level 1. LP1 protectors on elbows and shoulders EN1621-1:2012 Level 1. D3O Air…,CP1 chest protector EN1621-3:2016 Level 1 | LP1 protectors on elbows and shoulders EN1621-1:2012 Level 1 | D3O Air All Back protector EN1621-2:2014 Level 2 | stretch cordura shell fabric,Cleaned noise; brand verified,High,false,Riding Gear > Protection,High,"Mapped from Shopify Type ""Protection Gears""",rukka-d3o-air-rps-protector-shirt-1|Size:S|price:37000.00|compare:|weight:6000|barcode:|qty:0 | rukka-d3o-air-rps-protector-shirt-2|Size:M|price:37000.00|compare:|weight:6000|barcode:|qty:0 | rukka-d3o-air-rps-protector-shirt-3|Size:L|price:37000.00|compare:|weight:6000|barcode:|qty:0 | rukka-d3o-air-rps-protector-shirt-4|Size:XL|price:37000.00|compare:|weight:6000|barcode:|qty:0 | rukka-d3o-air-rps-protector-shirt-5|Size:XXL|price:37000.00|compare:|weight:6000|barcode:|qty:0 | rukka-d3o-air-rps-protector-shirt-6|Size:XXXL|price:37000.00|compare:|weight:6000|barcode:|qty:0,"rukka-d3o-air-rps-protector-shirt-1,rukka-d3o-air-rps-protector-shirt-2,rukka-d3o-air-rps-protector-shirt-3,rukka-d3o-air-rps-protector-shirt-4,rukka-d3o-air-rps-protector-shirt-5,rukka-d3o-air-rps-protector-shirt-6",6,https://cdn.shopify.com/s/files/1/0076/8301/4754/products/3_70326_728_R_990.jpg?v=1662027531|pos:1|alt:Rukka Rukka D3O Air RPS Protector Shirt – front view || https://cdn.shopify.com/s/files/1/0076/8301/4754/products/3_70326_728_R_990_back.jpg?v=1662027531|pos:2|alt:Rukka Rukka D3O Air RPS Protector Shirt – side view,2,Rukka Rukka D3O Air RPS Protector Shirt – front view | Rukka Rukka D3O Air RPS Protector Shirt – side view,,0,Rukka D3O Air RPS Protector Shirt,Rukka D3O Air RPS Protector Shirt. • CP1 chest protector EN1621-3:2016 Level 1 • CP1 chest protector EN1621-3:2016 Level 1.,stretch cordura shell fabric.,,CP1 chest protector EN1621-3:2016 Level 1. LP1 protectors on elbows and shoulders EN1621-1:2012 Level 1. D3O Air All Back protector EN1621-2:2014 Level 2.,,Available in multiple sizes. Check the size guide before ordering.,Rukka D3O Air RPS Protector Shirt — a protection built to the specifications listed above.,true,draft,https://cdn.shopify.com/s/files/1/0076/8301/4754/products/3_70326_728_R_990.jpg?v=1662027531|role:hero || https://cdn.shopify.com/s/files/1/0076/8301/4754/products/3_70326_728_R_990_back.jpg?v=1662027531|role:construction detail,2,false,/products/rukka-d3o-air-rps-protector-shirt,/products/rukka-d3o-air-rps-protector-shirt
rukka-rps-aft-protector-jacket,rukka-rps-aft-protector-jacket,Rukka RPS AFT Protector Jacket,Rukka RPS AFT Protector Jacket,rukka-rps-aft-protector-jacket,"Rukka RPS AFT Protector Jacket • Safety first - and convenient!  With the Rukka protector jacket, you give every outfit a higher level of protection right away, thus preserving you…. • all around elastic AFT mesh material. • all-round connection zipper to every Rukka trousers. • elasticated cuffs at the sleeves and seam. Available in multiple sizes and/or colours — select your variant.","<b>Rukka RPS AFT Protector Jacket</b><br>

<li>Safety first - and convenient!  With the Rukka protector jacket, you give every outfit a higher level of protection right away, thus preserving your flexibility.</li><br>
<b>Features:</b><br>

<li>all around elastic AFT mesh material</li>
<li>all-round connection zipper to every Rukka trousers</li>
<li>elasticated cuffs at the sleeves and seam</li><br>
<b>Specifications:</b><br>

<li>Rukka D3O LP2 Pro Protectors LVL2 on shoulder and elbow</li>
<li>Rukka D3O AIR ALLBACK Protector LVL2</li>
<li>full-length Rukka D3O chest protector LVL1</li><br>
<b>ADDITIONAL PRODUCT INFORMATION</b><br>
<li>Material	70% Nylon, 30% Elastane</li>","Rukka RPS AFT Protector Jacket

• Safety first - and convenient!  With the Rukka protector jacket, you give every outfit a higher level of protection right away, thus preserving your flexibility.

Features:

• all around elastic AFT mesh material

• all-round connection zipper to every Rukka trousers

• elasticated cuffs at the sleeves and seam

Specifications:

• Rukka D3O LP2 Pro Protectors LVL2 on shoulder and elbow

• Rukka D3O AIR ALLBACK Protector LVL2

• full-length Rukka D3O chest protector LVL1

ADDITIONAL PRODUCT INFORMATION

• Material	70% Nylon, 30% Elastane",32000,,2026-07-26,active,Rukka,6000,g,Buy Rukka RPS AFT Protector Jacket | Mile 27 Store,"Rukka RPS AFT Protector Jacket Safety first - and convenient! With the Rukka protector jacket, you give every outfit a higher level of protection right…","Safety first - and convenient!  With the Rukka protector jacket, you give every outfit a higher level of protection right away, thus preserving you… | all around elastic AFT mesh material | all-round connection zipper to every Rukka trousers | elasticated cuffs at the sleeves and seam",Cleaned noise; brand verified,High,false,Riding Gear > Protection,High,"Mapped from Shopify Type ""Protection Gears""",rukka-rps-aft-protector-jacket-1|Size:S|price:32000.00|compare:|weight:6000|barcode:|qty:0 | rukka-rps-aft-protector-jacket-2|Size:M|price:32000.00|compare:|weight:6000|barcode:|qty:0 | rukka-rps-aft-protector-jacket-3|Size:L|price:32000.00|compare:|weight:6000|barcode:|qty:0 | rukka-rps-aft-protector-jacket-4|Size:XL|price:32000.00|compare:|weight:6000|barcode:|qty:0 | rukka-rps-aft-protector-jacket-5|Size:XXL|price:32000.00|compare:|weight:6000|barcode:|qty:0 | rukka-rps-aft-protector-jacket-6|Size:XXXL|price:32000.00|compare:|weight:6000|barcode:|qty:0,"rukka-rps-aft-protector-jacket-1,rukka-rps-aft-protector-jacket-2,rukka-rps-aft-protector-jacket-3,rukka-rps-aft-protector-jacket-4,rukka-rps-aft-protector-jacket-5,rukka-rps-aft-protector-jacket-6",6,https://cdn.shopify.com/s/files/1/0076/8301/4754/products/7_70333_703_R_990.jpg?v=1662027838|pos:1|alt:Rukka Rukka RPS AFT Protector Jacket – front view || https://cdn.shopify.com/s/files/1/0076/8301/4754/products/7_70333_703_R_990_back.jpg?v=1662027837|pos:2|alt:Rukka Rukka RPS AFT Protector Jacket – side view,2,Rukka Rukka RPS AFT Protector Jacket – front view | Rukka Rukka RPS AFT Protector Jacket – side view,,0,Rukka RPS AFT Protector Jacket,"Rukka RPS AFT Protector Jacket. Rukka RPS AFT Protector Jacket • Safety first - and convenient!  With the Rukka protector jacket, you give every outfit a higher level of protection right away, thus preserving you….",all around elastic AFT mesh material.,,"Safety first - and convenient!  With the Rukka protector jacket, you give every outfit a higher level of protection right away, thus preserving you…. all-round connection zipper to every Rukka trousers. elasticated cuffs at the sleeves and seam.",,Available in multiple sizes. Check the size guide before ordering.,Rukka RPS AFT Protector Jacket — a protection built to the specifications listed above.,true,draft,https://cdn.shopify.com/s/files/1/0076/8301/4754/products/7_70333_703_R_990.jpg?v=1662027838|role:hero || https://cdn.shopify.com/s/files/1/0076/8301/4754/products/7_70333_703_R_990_back.jpg?v=1662027837|role:construction detail,2,false,/products/rukka-rps-aft-protector-jacket,/products/rukka-rps-aft-protector-jacket
rukka-d3o-air-kastor-3-0-protector-vest,rukka-d3o-air-kastor-3-0-protector-vest,Rukka D3O Air Kastor 3.0 Protector Vest,Rukka D3O Air Kastor 3.0 Protector Vest,rukka-d3o-air-kastor-3-0-protector-vest,• removable CP1 chest protector EN1621-3:2016 Level 1 • removable CP1 chest protector EN1621-3:2016 Level 1. • D3O Air All Back protector EN1621-2:2014 Level 2. • stretch cordura shell fabric. • outlast lining and outlast fleece on sleeves. Available in multiple sizes and/or colours — select your variant.,"<b>Features:</b><br>

<li>removable CP1 chest protector EN1621-3:2016 Level 1</li>
<li>D3O Air All Back protector EN1621-2:2014 Level 2</li>
<li>stretch cordura shell fabric</li>
<li>outlast lining and outlast fleece on sleeves</li>
<li>long connecting zipper for pants</li><br>
  

<b>ADDITIONAL PRODUCT INFORMATION</b><br>
<li>Material	92% polyamide, 8% elasthane</li>","Features:

• removable CP1 chest protector EN1621-3:2016 Level 1

• D3O Air All Back protector EN1621-2:2014 Level 2

• stretch cordura shell fabric

• outlast lining and outlast fleece on sleeves

• long connecting zipper for pants

  

ADDITIONAL PRODUCT INFORMATION

• Material	92% polyamide, 8% elasthane",28000,,2026-07-26,active,Rukka,5000,g,Buy Rukka D3O Air Kastor 3.0 Protector Vest | Mile 27 Store,removable CP1 chest protector EN1621-3:2016 Level 1 removable CP1 chest protector EN1621-3:2016 Level 1. D3O Air All Back protector EN1621-2:2014 Level 2.…,removable CP1 chest protector EN1621-3:2016 Level 1 | D3O Air All Back protector EN1621-2:2014 Level 2 | stretch cordura shell fabric | outlast lining and outlast fleece on sleeves,Cleaned noise; brand verified,High,false,Riding Gear > Protection,High,"Mapped from Shopify Type ""Protection Gears""",rukka-d3o-air-kastor-3-0-protector-vest-1|Size:S|price:28000.00|compare:|weight:5000|barcode:|qty:0 | rukka-d3o-air-kastor-3-0-protector-vest-2|Size:M|price:28000.00|compare:|weight:5000|barcode:|qty:0 | rukka-d3o-air-kastor-3-0-protector-vest-3|Size:L|price:28000.00|compare:|weight:5000|barcode:|qty:0 | rukka-d3o-air-kastor-3-0-protector-vest-4|Size:XL|price:28000.00|compare:|weight:5000|barcode:|qty:0 | rukka-d3o-air-kastor-3-0-protector-vest-5|Size:XXL|price:28000.00|compare:|weight:5000|barcode:|qty:0 | rukka-d3o-air-kastor-3-0-protector-vest-6|Size:XXXL|price:28000.00|compare:|weight:5000|barcode:|qty:0,"rukka-d3o-air-kastor-3-0-protector-vest-1,rukka-d3o-air-kastor-3-0-protector-vest-2,rukka-d3o-air-kastor-3-0-protector-vest-3,rukka-d3o-air-kastor-3-0-protector-vest-4,rukka-d3o-air-kastor-3-0-protector-vest-5,rukka-d3o-air-kastor-3-0-protector-vest-6",6,https://cdn.shopify.com/s/files/1/0076/8301/4754/products/3_70325_728_R_990.jpg?v=1662028188|pos:1|alt:Rukka Rukka D3O Air Kastor 3.0 Protector Vest – front view || https://cdn.shopify.com/s/files/1/0076/8301/4754/products/3_70325_728_R_990_back.jpg?v=1662028183|pos:2|alt:Rukka Rukka D3O Air Kastor 3.0 Protector Vest – side view,2,Rukka Rukka D3O Air Kastor 3.0 Protector Vest – front view | Rukka Rukka D3O Air Kastor 3.0 Protector Vest – side view,,0,Rukka D3O Air Kastor 3.0 Protector Vest,Rukka D3O Air Kastor 3.0 Protector Vest. • removable CP1 chest protector EN1621-3:2016 Level 1 • removable CP1 chest protector EN1621-3:2016 Level 1.,stretch cordura shell fabric.,,removable CP1 chest protector EN1621-3:2016 Level 1. D3O Air All Back protector EN1621-2:2014 Level 2. outlast lining and outlast fleece on sleeves.,,Available in multiple sizes. Check the size guide before ordering.,Rukka D3O Air Kastor 3.0 Protector Vest — a protection built to the specifications listed above.,true,draft,https://cdn.shopify.com/s/files/1/0076/8301/4754/products/3_70325_728_R_990.jpg?v=1662028188|role:hero || https://cdn.shopify.com/s/files/1/0076/8301/4754/products/3_70325_728_R_990_back.jpg?v=1662028183|role:construction detail,2,false,/products/rukka-d3o-air-kastor-3-0-protector-vest,/products/rukka-d3o-air-kastor-3-0-protector-vest
rukka-kastor-aft-protector-vest,rukka-kastor-aft-protector-vest,Rukka Kastor AFT Protector Vest,Rukka Kastor AFT Protector Vest,rukka-kastor-aft-protector-vest,"Safety first - and convenient! With the Rukka protector vest, you give every outfit a higher level of protection right away, thus preserving your flexibility. • All around elastic AFT mesh material. • All-round connection zipper to every Rukka pants. • Elasticated cuff at the seam. • Rukka D3O AIR ALLBACK Protector LVL2. Available in multiple sizes and/or colours — select your variant.","Safety first - and convenient!  With the Rukka protector vest, you give every outfit a higher level of protection right away, thus preserving your flexibility.<br><br>

<b>Features:</b><br>

<li>All around elastic AFT mesh material</li>
<li>All-round connection zipper to every Rukka pants</li>
<li>Elasticated cuff at the seam</li><br>
<b>Specifications:</b><br>

<li>Rukka D3O AIR ALLBACK Protector LVL2</li>
<li>Full-length Rukka D3O chest protector LVL1</li><br>
<b>ADDITIONAL PRODUCT INFORMATION</b><br>
<li>Material	70% nylon, 30% elastane</li>","Safety first - and convenient!  With the Rukka protector vest, you give every outfit a higher level of protection right away, thus preserving your flexibility.

Features:

• All around elastic AFT mesh material

• All-round connection zipper to every Rukka pants

• Elasticated cuff at the seam

Specifications:

• Rukka D3O AIR ALLBACK Protector LVL2

• Full-length Rukka D3O chest protector LVL1

ADDITIONAL PRODUCT INFORMATION

• Material	70% nylon, 30% elastane",24500,,2026-07-26,active,Rukka,5000,g,Buy Rukka Kastor AFT Protector Vest | Mile 27 Store,"Safety first - and convenient! With the Rukka protector vest, you give every outfit a higher level of protection right away, thus preserving your…",All around elastic AFT mesh material | All-round connection zipper to every Rukka pants | Elasticated cuff at the seam | Rukka D3O AIR ALLBACK Protector LVL2,Cleaned noise; brand verified,High,false,Riding Gear > Protection,High,"Mapped from Shopify Type ""Vests""",rukka-kastor-aft-protector-vest-1|Size:S|price:24500.00|compare:|weight:5000|barcode:|qty:0 | rukka-kastor-aft-protector-vest-2|Size:M|price:24500.00|compare:|weight:5000|barcode:|qty:0 | rukka-kastor-aft-protector-vest-3|Size:L|price:24500.00|compare:|weight:5000|barcode:|qty:0 | rukka-kastor-aft-protector-vest-4|Size:XL|price:24500.00|compare:|weight:5000|barcode:|qty:0 | rukka-kastor-aft-protector-vest-5|Size:XXL|price:24500.00|compare:|weight:5000|barcode:|qty:0 | rukka-kastor-aft-protector-vest-6|Size:XXXL|price:24500.00|compare:|weight:5000|barcode:|qty:0,"rukka-kastor-aft-protector-vest-1,rukka-kastor-aft-protector-vest-2,rukka-kastor-aft-protector-vest-3,rukka-kastor-aft-protector-vest-4,rukka-kastor-aft-protector-vest-5,rukka-kastor-aft-protector-vest-6",6,https://cdn.shopify.com/s/files/1/0076/8301/4754/products/7_70327_703_R_990.jpg?v=1662028558|pos:1|alt:Rukka Rukka Kastor AFT Protector Vest – front view || https://cdn.shopify.com/s/files/1/0076/8301/4754/products/7_70327_703_R_990_back.jpg?v=1662028557|pos:2|alt:Rukka Rukka Kastor AFT Protector Vest – side view,2,Rukka Rukka Kastor AFT Protector Vest – front view | Rukka Rukka Kastor AFT Protector Vest – side view,,0,Rukka Kastor AFT Protector Vest,"Rukka Kastor AFT Protector Vest. Safety first - and convenient! With the Rukka protector vest, you give every outfit a higher level of protection right away, thus preserving your flexibility.",All around elastic AFT mesh material.,,All-round connection zipper to every Rukka pants. Elasticated cuff at the seam. Rukka D3O AIR ALLBACK Protector LVL2.,,Available in multiple sizes. Check the size guide before ordering.,Rukka Kastor AFT Protector Vest — a protection built to the specifications listed above.,true,draft,https://cdn.shopify.com/s/files/1/0076/8301/4754/products/7_70327_703_R_990.jpg?v=1662028558|role:hero || https://cdn.shopify.com/s/files/1/0076/8301/4754/products/7_70327_703_R_990_back.jpg?v=1662028557|role:construction detail,2,false,/products/rukka-kastor-aft-protector-vest,/products/rukka-kastor-aft-protector-vest
rukka-kastor-2-0-protector,rukka-kastor-2-0-protector,Rukka Kastor 2.0 Protector,Rukka Kastor 2.0 Protector,rukka-kastor-2-0-protector,• Chest and back protector • Chest and back protector. • Stretch Cordura shell fabric. • Outlast® lining with temperature regulation. • A connecting zipper for trousers. Available in multiple sizes and/or colours — select your variant.,"<ul data-mce-fragment=""1"">
<li data-mce-fragment=""1"">Chest and back protector</li>
<li data-mce-fragment=""1"">Stretch Cordura shell fabric</li>
<li data-mce-fragment=""1"">Outlast® lining with temperature regulation</li>
<li data-mce-fragment=""1"">A connecting zipper for trousers</li>
<li data-mce-fragment=""1"">Chest protector PPE directive (89/686/EEC)</li>
<li data-mce-fragment=""1"">All back protector EN 1621-2 2014 level 2</li>
</ul>","• Chest and back protector

• Stretch Cordura shell fabric

• Outlast® lining with temperature regulation

• A connecting zipper for trousers

• Chest protector PPE directive (89/686/EEC)

• All back protector EN 1621-2 2014 level 2",28000,,2026-07-26,active,Rukka,5000,g,Buy Rukka Kastor 2.0 Protector | Mile 27 Store,Chest and back protector Chest and back protector. Stretch Cordura shell fabric. Outlast® lining with temperature regulation. A connecting zipper for…,Chest and back protector | Stretch Cordura shell fabric | Outlast® lining with temperature regulation | A connecting zipper for trousers,Cleaned noise; brand verified,High,false,Riding Gear > Protection,High,"Mapped from Shopify Type ""Vests""",rukka-kastor-2-0-protector-1|Size:S|price:28000.00|compare:|weight:5000|barcode:|qty:0 | rukka-kastor-2-0-protector-2|Size:M|price:28000.00|compare:|weight:5000|barcode:|qty:0 | rukka-kastor-2-0-protector-3|Size:L|price:28000.00|compare:|weight:5000|barcode:|qty:0 | rukka-kastor-2-0-protector-4|Size:XL|price:28000.00|compare:|weight:5000|barcode:|qty:0 | rukka-kastor-2-0-protector-5|Size:XXL|price:28000.00|compare:|weight:5000|barcode:|qty:0,"rukka-kastor-2-0-protector-1,rukka-kastor-2-0-protector-2,rukka-kastor-2-0-protector-3,rukka-kastor-2-0-protector-4,rukka-kastor-2-0-protector-5",5,https://cdn.shopify.com/s/files/1/0076/8301/4754/products/7_70324_728_r_990_kastor_2.0__large_4f36dc34-e245-421b-9e97-10604bc72504.jpg?v=1662028814|pos:1|alt:Rukka Rukka Kastor 2.0 Protector – front view || https://cdn.shopify.com/s/files/1/0076/8301/4754/products/7_70324_728_r_990_back_kastor_2.0__large_fa70787e-94cf-409a-9352-ce2776a493b1.jpg?v=1662028816|pos:2|alt:Rukka Rukka Kastor 2.0 Protector – side view,2,Rukka Rukka Kastor 2.0 Protector – front view | Rukka Rukka Kastor 2.0 Protector – side view,,0,Rukka Kastor 2.0 Protector,Rukka Kastor 2.0 Protector. • Chest and back protector • Chest and back protector.,Stretch Cordura shell fabric.,,Chest and back protector. Outlast® lining with temperature regulation. A connecting zipper for trousers.,,Available in multiple sizes. Check the size guide before ordering.,Rukka Kastor 2.0 Protector — a protection built to the specifications listed above.,true,draft,https://cdn.shopify.com/s/files/1/0076/8301/4754/products/7_70324_728_r_990_kastor_2.0__large_4f36dc34-e245-421b-9e97-10604bc72504.jpg?v=1662028814|role:hero || https://cdn.shopify.com/s/files/1/0076/8301/4754/products/7_70324_728_r_990_back_kastor_2.0__large_fa70787e-94cf-409a-9352-ce2776a493b1.jpg?v=1662028816|role:construction detail,2,false,/products/rukka-kastor-2-0-protector,/products/rukka-kastor-2-0-protector
rukka-cepi-protection-vest,rukka-cepi-protection-vest,Rukka Cepi Protection Vest,Rukka Cepi Protection Vest,rukka-cepi-protection-vest,• Detachable chest and back protector • Detachable chest and back protector. • Rukka D3O full back protector meet the requirements of CE norm EN 1621-2 2014 and chest PPE Directive (89/686/ECC) requirements. • Stretch Cordura shell fabric. • Outlast lining with thermal regulation. Available in multiple sizes and/or colours — select your variant.,"<li>Detachable chest and back protector</li>
<li>Rukka D3O full back protector meet the requirements of CE norm EN 1621-2 2014 and chest PPE Directive (89/686/ECC) requirements</li>
<li>Stretch Cordura shell fabric</li>
<li>Outlast lining with thermal regulation</li>
<li>Adjustable shoulder straps</li><br>
 

<b>ADDITIONAL PRODUCT INFORMATION</b><br>
<li>Material	93% Polyamid, 7% Elasthan</li>","• Detachable chest and back protector

• Rukka D3O full back protector meet the requirements of CE norm EN 1621-2 2014 and chest PPE Directive (89/686/ECC) requirements

• Stretch Cordura shell fabric

• Outlast lining with thermal regulation

• Adjustable shoulder straps

 

ADDITIONAL PRODUCT INFORMATION

• Material	93% Polyamid, 7% Elasthan",23500,,2026-07-26,active,Rukka,5000,g,Buy Rukka Cepi Protection Vest | Mile 27 Store,Detachable chest and back protector Detachable chest and back protector. Rukka D3O full back protector meet the requirements of CE norm EN 1621-2 2014 and…,Detachable chest and back protector | Rukka D3O full back protector meet the requirements of CE norm EN 1621-2 2014 and chest PPE Directive (89/686/ECC) requirements | Stretch Cordura shell fabric | Outlast lining with thermal regulation,Cleaned noise; brand verified,High,false,Riding Gear > Protection,High,"Mapped from Shopify Type ""Vests""",rukka-cepi-protection-vest-1|Size:XS|price:23500.00|compare:|weight:5000|barcode:|qty:0 | rukka-cepi-protection-vest-2|Size:S|price:23500.00|compare:|weight:5000|barcode:|qty:0 | rukka-cepi-protection-vest-3|Size:M|price:23500.00|compare:|weight:5000|barcode:|qty:0 | rukka-cepi-protection-vest-4|Size:L|price:23500.00|compare:|weight:5000|barcode:|qty:0 | rukka-cepi-protection-vest-5|Size:XL|price:23500.00|compare:|weight:5000|barcode:|qty:0 | rukka-cepi-protection-vest-6|Size:XXL|price:23500.00|compare:|weight:5000|barcode:|qty:0 | rukka-cepi-protection-vest-7|Size:XXXL|price:23500.00|compare:|weight:5000|barcode:|qty:0,"rukka-cepi-protection-vest-1,rukka-cepi-protection-vest-2,rukka-cepi-protection-vest-3,rukka-cepi-protection-vest-4,rukka-cepi-protection-vest-5,rukka-cepi-protection-vest-6,rukka-cepi-protection-vest-7",7,https://cdn.shopify.com/s/files/1/0076/8301/4754/products/Rukka-Cepi-Protektor-Vest-3.jpg?v=1662029034|pos:1|alt:Rukka Rukka Cepi Protection Vest – front view || https://cdn.shopify.com/s/files/1/0076/8301/4754/products/Rukka-Cepi-Protektor-Vest-4.jpg?v=1662029034|pos:2|alt:Rukka Rukka Cepi Protection Vest – side view || https://cdn.shopify.com/s/files/1/0076/8301/4754/products/Rukka-Cepi-Protektor-Vest-1.jpg?v=1662029033|pos:3|alt:Rukka Rukka Cepi Protection Vest – rear view,3,Rukka Rukka Cepi Protection Vest – front view | Rukka Rukka Cepi Protection Vest – side view | Rukka Rukka Cepi Protection Vest – rear view,,0,Rukka Cepi Protection Vest,Rukka Cepi Protection Vest. • Detachable chest and back protector • Detachable chest and back protector.,Stretch Cordura shell fabric.,,Detachable chest and back protector. Rukka D3O full back protector meet the requirements of CE norm EN 1621-2 2014 and chest PPE Directive (89/686/ECC) requirements. Outlast lining with thermal regulation.,,Available in multiple sizes. Check the size guide before ordering.,Rukka Cepi Protection Vest — a protection built to the specifications listed above.,true,draft,https://cdn.shopify.com/s/files/1/0076/8301/4754/products/Rukka-Cepi-Protektor-Vest-3.jpg?v=1662029034|role:hero || https://cdn.shopify.com/s/files/1/0076/8301/4754/products/Rukka-Cepi-Protektor-Vest-4.jpg?v=1662029034|role:construction detail || https://cdn.shopify.com/s/files/1/0076/8301/4754/products/Rukka-Cepi-Protektor-Vest-1.jpg?v=1662029033|role:side profile,3,false,/products/rukka-cepi-protection-vest,/products/rukka-cepi-protection-vest
rukka-armagate-textile-jacket,rukka-armagate-textile-jacket,Rukka Armagate Textile Jacket,Rukka Armagate Textile Jacket,rukka-armagate-textile-jacket,"The Rukka Armagate motorbike textile jacket offers high protection, comfort and flexibility. This makes it the perfect companion for all kinds of tours and allows… • 100% durable breathable, windproof and waterproof GORE-TEX Pro 3-layer laminate with abrasion and tear resistant CORDURA® outer fabric.. • Abrasion-resistant CORDURA® 1500D reinforcements on shoulders and elbows. • two waterproof pockets on the outside (with zip). • key hook inside the right front pocket. Available in multiple sizes and/or colours — select your variant.","<div class=""description"" data-mce-fragment=""1"" itemprop=""description"">
<p data-mce-fragment=""1"">The Rukka Armagate motorbike textile jacket offers high protection, comfort and flexibility. This makes it the perfect companion for all kinds of tours and allows for a pleasant ride.</p>
<p data-mce-fragment=""1""><strong data-mce-fragment=""1"">Features:</strong></p>
<ul data-mce-fragment=""1"">
<li data-mce-fragment=""1"">100% durable breathable, windproof and waterproof GORE-TEX Pro 3-layer laminate with abrasion and tear resistant CORDURA® outer fabric.</li>
<li data-mce-fragment=""1"">Abrasion-resistant CORDURA® 1500D reinforcements on shoulders and elbows</li>
<li data-mce-fragment=""1"">two waterproof pockets on the outside (with zip)</li>
<li data-mce-fragment=""1"">key hook inside the right front pocket</li>
<li data-mce-fragment=""1"">cuffs with zips and waterproof inner cuffs</li>
<li data-mce-fragment=""1"">Integrated ATS (= attached storm collar) GORE-TEX stretch protection collar that can be stowed in a pocket</li>
<li data-mce-fragment=""1"">Stretch inserts in the crook of the arms and in the back</li>
<li data-mce-fragment=""1"">Soft neoprene collar</li>
<li data-mce-fragment=""1"">Ventilation openings on the sides, back and shoulders</li>
<li data-mce-fragment=""1"">crotch strap and all-round connection zip to the trousers</li>
<li data-mce-fragment=""1"">adjustable waistband and sleeve ends with Velcro fastening</li>
<li data-mce-fragment=""1"">width adjustment on the upper arm with press studs</li>
</ul>
<p data-mce-fragment=""1""><strong data-mce-fragment=""1"">Specifications:</strong></p>
<ul data-mce-fragment=""1"">
<li data-mce-fragment=""1"">Rukka D3O Air XTR All back protector EN 1621-2:2014, Level 2</li>
<li data-mce-fragment=""1"">Rukka D3O® Air XTR shoulder and elbow protectors EN1621-1-2012 LVL2</li>
<li data-mce-fragment=""1"">Pocket for D3O® CP1 chest protector (Not included)</li>
</ul>
</div>
<h2 data-mce-fragment=""1"">ADDITIONAL PRODUCT INFORMATION</h2>
<div data-mce-fragment=""1"">
<table class=""UserAttributes"" data-mce-fragment=""1"">
<tbody data-mce-fragment=""1"">
<tr data-mce-fragment=""1"">
<td class=""AttributeLabel VerticalAlignMiddle"" data-mce-fragment=""1"">Material</td>
<td class=""AttributeContent"" data-mce-fragment=""1"">Outer material: 100% Polyamide</td>
</tr>
</tbody>
</table>
</div>","The Rukka Armagate motorbike textile jacket offers high protection, comfort and flexibility. This makes it the perfect companion for all kinds of tours and allows for a pleasant ride.

Features:

• 100% durable breathable, windproof and waterproof GORE-TEX Pro 3-layer laminate with abrasion and tear resistant CORDURA® outer fabric.

• Abrasion-resistant CORDURA® 1500D reinforcements on shoulders and elbows

• two waterproof pockets on the outside (with zip)

• key hook inside the right front pocket

• cuffs with zips and waterproof inner cuffs

• Integrated ATS (= attached storm collar) GORE-TEX stretch protection collar that can be stowed in a pocket

• Stretch inserts in the crook of the arms and in the back

• Soft neoprene collar

• Ventilation openings on the sides, back and shoulders

• crotch strap and all-round connection zip to the trousers

• adjustable waistband and sleeve ends with Velcro fastening

• width adjustment on the upper arm with press studs

Specifications:

• Rukka D3O Air XTR All back protector EN 1621-2:2014, Level 2

• Rukka D3O® Air XTR shoulder and elbow protectors EN1621-1-2012 LVL2

• Pocket for D3O® CP1 chest protector (Not included)

ADDITIONAL PRODUCT INFORMATION

Material | 
Outer material: 100% Polyamide |",140000,,2026-07-26,active,Rukka,6000,g,Buy Rukka Armagate Textile Jacket | Mile 27 Store,"The Rukka Armagate motorbike textile jacket offers high protection, comfort and flexibility. This makes it the perfect companion for all kinds of tours…","100% durable breathable, windproof and waterproof GORE-TEX Pro 3-layer laminate with abrasion and tear resistant CORDURA® outer fabric. | Abrasion-resistant CORDURA® 1500D reinforcements on shoulders and elbows | two waterproof pockets on the outside (with zip) | key hook inside the right front pocket",Cleaned noise; brand verified,High,false,Riding Gear > Riding Jackets > Textile Jackets,High,"Refined by title keyword: ""\b(textile\s+jacket|touring\s+jacket|adventure\s+jacket)\b""",rukka-armagate-textile-jacket-1|Size:46:Colour:Black/Black|price:140000.00|compare:|weight:6000|barcode:|qty:0 | rukka-armagate-textile-jacket-2|Size:46:Colour:Black/Yellow|price:140000.00|compare:|weight:6000|barcode:|qty:0 | rukka-armagate-textile-jacket-3|Size:46:Colour:Black/Silver|price:140000.00|compare:|weight:6000|barcode:|qty:0 | rukka-armagate-textile-jacket-4|Size:48:Colour:Black/Black|price:140000.00|compare:|weight:6000|barcode:|qty:0 | rukka-armagate-textile-jacket-5|Size:48:Colour:Black/Yellow|price:140000.00|compare:|weight:6000|barcode:|qty:0 | rukka-armagate-textile-jacket-6|Size:48:Colour:Black/Silver|price:140000.00|compare:|weight:6000|barcode:|qty:0 | rukka-armagate-textile-jacket-7|Size:50:Colour:Black/Black|price:140000.00|compare:|weight:6000|barcode:|qty:0 | rukka-armagate-textile-jacket-8|Size:50:Colour:Black/Yellow|price:140000.00|compare:|weight:6000|barcode:|qty:0 | rukka-armagate-textile-jacket-9|Size:50:Colour:Black/Silver|price:140000.00|compare:|weight:6000|barcode:|qty:0 | rukka-armagate-textile-jacket-10|Size:52:Colour:Black/Black|price:140000.00|compare:|weight:6000|barcode:|qty:0 | rukka-armagate-textile-jacket-11|Size:52:Colour:Black/Yellow|price:140000.00|compare:|weight:6000|barcode:|qty:0 | rukka-armagate-textile-jacket-12|Size:52:Colour:Black/Silver|price:140000.00|compare:|weight:6000|barcode:|qty:0 | rukka-armagate-textile-jacket-13|Size:54:Colour:Black/Black|price:140000.00|compare:|weight:6000|barcode:|qty:0 | rukka-armagate-textile-jacket-14|Size:54:Colour:Black/Yellow|price:140000.00|compare:|weight:6000|barcode:|qty:0 | rukka-armagate-textile-jacket-15|Size:54:Colour:Black/Silver|price:140000.00|compare:|weight:6000|barcode:|qty:0 | rukka-armagate-textile-jacket-16|Size:56:Colour:Black/Black|price:140000.00|compare:|weight:6000|barcode:|qty:0 | rukka-armagate-textile-jacket-17|Size:56:Colour:Black/Yellow|price:140000.00|compare:|weight:6000|barcode:|qty:0 | rukka-armagate-textile-jacket-18|Size:56:Colour:Black/Silver|price:140000.00|compare:|weight:6000|barcode:|qty:0 | rukka-armagate-textile-jacket-19|Size:58:Colour:Black/Black|price:140000.00|compare:|weight:6000|barcode:|qty:0 | rukka-armagate-textile-jacket-20|Size:58:Colour:Black/Yellow|price:140000.00|compare:|weight:6000|barcode:|qty:0 | rukka-armagate-textile-jacket-21|Size:58:Colour:Black/Silver|price:140000.00|compare:|weight:6000|barcode:|qty:0 | rukka-armagate-textile-jacket-22|Size:60:Colour:Black/Black|price:140000.00|compare:|weight:6000|barcode:|qty:0 | rukka-armagate-textile-jacket-23|Size:60:Colour:Black/Yellow|price:140000.00|compare:|weight:6000|barcode:|qty:0 | rukka-armagate-textile-jacket-24|Size:60:Colour:Black/Silver|price:140000.00|compare:|weight:6000|barcode:|qty:0 | rukka-armagate-textile-jacket-25|Size:62:Colour:Black/Black|price:140000.00|compare:|weight:6000|barcode:|qty:0 | rukka-armagate-textile-jacket-26|Size:62:Colour:Black/Yellow|price:140000.00|compare:|weight:6000|barcode:|qty:0 | rukka-armagate-textile-jacket-27|Size:62:Colour:Black/Silver|price:140000.00|compare:|weight:6000|barcode:|qty:0 | rukka-armagate-textile-jacket-28|Size:64:Colour:Black/Black|price:140000.00|compare:|weight:6000|barcode:|qty:0 | rukka-armagate-textile-jacket-29|Size:64:Colour:Black/Yellow|price:140000.00|compare:|weight:6000|barcode:|qty:0 | rukka-armagate-textile-jacket-30|Size:64:Colour:Black/Silver|price:140000.00|compare:|weight:6000|barcode:|qty:0 | rukka-armagate-textile-jacket-31|Size:66:Colour:Black/Black|price:140000.00|compare:|weight:6000|barcode:|qty:0 | rukka-armagate-textile-jacket-32|Size:66:Colour:Black/Yellow|price:140000.00|compare:|weight:6000|barcode:|qty:0 | rukka-armagate-textile-jacket-33|Size:66:Colour:Black/Silver|price:140000.00|compare:|weight:6000|barcode:|qty:0,"rukka-armagate-textile-jacket-1,rukka-armagate-textile-jacket-2,rukka-armagate-textile-jacket-3,rukka-armagate-textile-jacket-4,rukka-armagate-textile-jacket-5,rukka-armagate-textile-jacket-6,rukka-armagate-textile-jacket-7,rukka-armagate-textile-jacket-8,rukka-armagate-textile-jacket-9,rukka-armagate-textile-jacket-10,rukka-armagate-textile-jacket-11,rukka-armagate-textile-jacket-12,rukka-armagate-textile-jacket-13,rukka-armagate-textile-jacket-14,rukka-armagate-textile-jacket-15,rukka-armagate-textile-jacket-16,rukka-armagate-textile-jacket-17,rukka-armagate-textile-jacket-18,rukka-armagate-textile-jacket-19,rukka-armagate-textile-jacket-20,rukka-armagate-textile-jacket-21,rukka-armagate-textile-jacket-22,rukka-armagate-textile-jacket-23,rukka-armagate-textile-jacket-24,rukka-armagate-textile-jacket-25,rukka-armagate-textile-jacket-26,rukka-armagate-textile-jacket-27,rukka-armagate-textile-jacket-28,rukka-armagate-textile-jacket-29,rukka-armagate-textile-jacket-30,rukka-armagate-textile-jacket-31,rukka-armagate-textile-jacket-32,rukka-armagate-textile-jacket-33",33,https://cdn.shopify.com/s/files/1/0076/8301/4754/products/3_70222_722_R_999.jpg?v=1669371638|pos:1|alt:Rukka Rukka Armagate Textile Jacket – front view || https://cdn.shopify.com/s/files/1/0076/8301/4754/products/3_70222_722_R_994.jpg?v=1669371635|pos:2|alt:Rukka Rukka Armagate Textile Jacket – side view || https://cdn.shopify.com/s/files/1/0076/8301/4754/products/3_70222_722_R_994_back.jpg?v=1669371637|pos:3|alt:Rukka Rukka Armagate Textile Jacket – rear view || https://cdn.shopify.com/s/files/1/0076/8301/4754/products/3_70222_722_R_990.jpg?v=1669371635|pos:4|alt:Rukka Rukka Armagate Textile Jacket – detail view || https://cdn.shopify.com/s/files/1/0076/8301/4754/products/3_70222_722_R_990_back.jpg?v=1669371635|pos:5|alt:Rukka Rukka Armagate Textile Jacket – top view,5,Rukka Rukka Armagate Textile Jacket – front view | Rukka Rukka Armagate Textile Jacket – side view | Rukka Rukka Armagate Textile Jacket – rear view | Rukka Rukka Armagate Textile Jacket – detail view | Rukka Rukka Armagate Textile Jacket – top view,,0,Rukka Armagate Textile Jacket,"Rukka Armagate Textile Jacket. The Rukka Armagate motorbike textile jacket offers high protection, comfort and flexibility.",,,"100% durable breathable, windproof and waterproof GORE-TEX Pro 3-layer laminate with abrasion and tear resistant CORDURA® outer fabric. Abrasion-resistant CORDURA® 1500D reinforcements on shoulders and elbows. two waterproof pockets on the outside (with zip). key hook inside the right front pocket.",,Available in multiple sizes. Check the size guide before ordering.,Rukka Armagate Textile Jacket — a textile Jacket built to the specifications listed above.,true,draft,https://cdn.shopify.com/s/files/1/0076/8301/4754/products/3_70222_722_R_999.jpg?v=1669371638|role:hero || https://cdn.shopify.com/s/files/1/0076/8301/4754/products/3_70222_722_R_994.jpg?v=1669371635|role:construction detail || https://cdn.shopify.com/s/files/1/0076/8301/4754/products/3_70222_722_R_994_back.jpg?v=1669371637|role:side profile,3,false,/products/rukka-armagate-textile-jacket,/products/rukka-armagate-textile-jacket
rukka-ecuado-r-textile-jacket,rukka-ecuado-r-textile-jacket,Rukka Ecuado-R Textile Jacket,Rukka Ecuado-R Textile Jacket,rukka-ecuado-r-textile-jacket,"The Rukka Ecuado-R motorbike textile jacket offers all the features that make a good motorbike jacket. It combines protection and comfort, making it an indispensable… • Outside 2 lower waterproof flap pockets with zip and press studs.. • One large waterproof pocket in the lower back. • two breast pockets with press studs. • Ventilation openings on the sides, front and back of the sleeves, back, shoulders and chest.. Available in multiple sizes and/or colours — select your variant.","<div class=""description"" data-mce-fragment=""1"" itemprop=""description"">
<p data-mce-fragment=""1"">The Rukka Ecuado-R motorbike textile jacket offers all the features that make a good motorbike jacket. It combines protection and comfort, making it an indispensable companion on a wide range of tours. Thanks to its adjustable elements, it adapts perfectly to its owner.</p>
<p data-mce-fragment=""1""><strong data-mce-fragment=""1"">Features:</strong></p>
<ul data-mce-fragment=""1"">
<li data-mce-fragment=""1"">Outside 2 lower waterproof flap pockets with zip and press studs.</li>
<li data-mce-fragment=""1"">One large waterproof pocket in the lower back</li>
<li data-mce-fragment=""1"">two breast pockets with press studs</li>
<li data-mce-fragment=""1"">Ventilation openings on the sides, front and back of the sleeves, back, shoulders and chest.</li>
<li data-mce-fragment=""1"">Sleeve cuffs with zips and waterproof inner cuffs</li>
<li data-mce-fragment=""1"">Integrated ATS (= attached storm collar) GORE-TEX stretch protection collar, which can be stowed in a pocket.</li>
<li data-mce-fragment=""1"">Stretch panels under the arms and in the back</li>
<li data-mce-fragment=""1"">soft neoprene collar</li>
<li data-mce-fragment=""1"">Adjustable waist belt</li>
<li data-mce-fragment=""1"">crotch strap and all-round connection zip to trousers</li>
<li data-mce-fragment=""1"">adjustable waistband and sleeve ends with Velcro fastening</li>
<li data-mce-fragment=""1"">width adjustable upper and lower arms with press studs</li>
</ul>
<p data-mce-fragment=""1""><strong data-mce-fragment=""1"">Specifications:</strong></p>
<ul data-mce-fragment=""1"">
<li data-mce-fragment=""1"">D3O® CP1 chest protector, EN 1621-3:2018 LVL 1.</li>
<li data-mce-fragment=""1"">Rukka D3O® Air All Back protector EN 1621-2 2014, LVL 1</li>
<li data-mce-fragment=""1"">Rukka D3O® Air XTR shoulder and elbow protectors EN1621-1-2012 LVL2</li>
</ul>
</div>
<h2 data-mce-fragment=""1"">ADDITIONAL PRODUCT INFORMATION</h2>
<div data-mce-fragment=""1"">
<table class=""UserAttributes"" data-mce-fragment=""1"">
<tbody data-mce-fragment=""1"">
<tr data-mce-fragment=""1"">
<td class=""AttributeLabel VerticalAlignMiddle"" data-mce-fragment=""1"">Material</td>
<td class=""AttributeContent"" data-mce-fragment=""1"">Outer material: 100% Polyamide / Carrier material: 100% Polyamide / Combi material: 92% Polyamide, 8% Elastane / Lining: 100% Polyethersulfone</td>
</tr>
</tbody>
</table>
</div>","The Rukka Ecuado-R motorbike textile jacket offers all the features that make a good motorbike jacket. It combines protection and comfort, making it an indispensable companion on a wide range of tours. Thanks to its adjustable elements, it adapts perfectly to its owner.

Features:

• Outside 2 lower waterproof flap pockets with zip and press studs.

• One large waterproof pocket in the lower back

• two breast pockets with press studs

• Ventilation openings on the sides, front and back of the sleeves, back, shoulders and chest.

• Sleeve cuffs with zips and waterproof inner cuffs

• Integrated ATS (= attached storm collar) GORE-TEX stretch protection collar, which can be stowed in a pocket.

• Stretch panels under the arms and in the back

• soft neoprene collar

• Adjustable waist belt

• crotch strap and all-round connection zip to trousers

• adjustable waistband and sleeve ends with Velcro fastening

• width adjustable upper and lower arms with press studs

Specifications:

• D3O® CP1 chest protector, EN 1621-3:2018 LVL 1.

• Rukka D3O® Air All Back protector EN 1621-2 2014, LVL 1

• Rukka D3O® Air XTR shoulder and elbow protectors EN1621-1-2012 LVL2

ADDITIONAL PRODUCT INFORMATION

Material | 
Outer material: 100% Polyamide / Carrier material: 100% Polyamide / Combi material: 92% Polyamide, 8% Elastane / Lining: 100% Polyethersulfone |",184000,,2026-07-26,active,Rukka,6000,g,Buy Rukka Ecuado-R Textile Jacket | Mile 27 Store,"The Rukka Ecuado-R motorbike textile jacket offers all the features that make a good motorbike jacket. It combines protection and comfort, making it an…","Outside 2 lower waterproof flap pockets with zip and press studs. | One large waterproof pocket in the lower back | two breast pockets with press studs | Ventilation openings on the sides, front and back of the sleeves, back, shoulders and chest.",Cleaned noise; brand verified,High,false,Riding Gear > Riding Jackets > Textile Jackets,High,"Refined by title keyword: ""\b(textile\s+jacket|touring\s+jacket|adventure\s+jacket)\b""",rukka-ecuado-r-textile-jacket-1|Size:46:Colour:Black/Black|price:184000.00|compare:|weight:6000|barcode:|qty:0 | rukka-ecuado-r-textile-jacket-2|Size:46:Colour:Black/Silver|price:184000.00|compare:|weight:6000|barcode:|qty:0 | rukka-ecuado-r-textile-jacket-3|Size:46:Colour:Light Grey/Black/Red|price:184000.00|compare:|weight:6000|barcode:|qty:0 | rukka-ecuado-r-textile-jacket-4|Size:46:Colour:Light Grey/Neon|price:184000.00|compare:|weight:6000|barcode:|qty:0 | rukka-ecuado-r-textile-jacket-5|Size:48:Colour:Black/Black|price:184000.00|compare:|weight:6000|barcode:|qty:0 | rukka-ecuado-r-textile-jacket-6|Size:48:Colour:Black/Silver|price:184000.00|compare:|weight:6000|barcode:|qty:0 | rukka-ecuado-r-textile-jacket-7|Size:48:Colour:Light Grey/Black/Red|price:184000.00|compare:|weight:6000|barcode:|qty:0 | rukka-ecuado-r-textile-jacket-8|Size:48:Colour:Light Grey/Neon|price:184000.00|compare:|weight:6000|barcode:|qty:0 | rukka-ecuado-r-textile-jacket-9|Size:50:Colour:Black/Black|price:184000.00|compare:|weight:6000|barcode:|qty:0 | rukka-ecuado-r-textile-jacket-10|Size:50:Colour:Black/Silver|price:184000.00|compare:|weight:6000|barcode:|qty:0 | rukka-ecuado-r-textile-jacket-11|Size:50:Colour:Light Grey/Black/Red|price:184000.00|compare:|weight:6000|barcode:|qty:0 | rukka-ecuado-r-textile-jacket-12|Size:50:Colour:Light Grey/Neon|price:184000.00|compare:|weight:6000|barcode:|qty:0 | rukka-ecuado-r-textile-jacket-13|Size:52:Colour:Black/Black|price:184000.00|compare:|weight:6000|barcode:|qty:0 | rukka-ecuado-r-textile-jacket-14|Size:52:Colour:Black/Silver|price:184000.00|compare:|weight:6000|barcode:|qty:0 | rukka-ecuado-r-textile-jacket-15|Size:52:Colour:Light Grey/Black/Red|price:184000.00|compare:|weight:6000|barcode:|qty:0 | rukka-ecuado-r-textile-jacket-16|Size:52:Colour:Light Grey/Neon|price:184000.00|compare:|weight:6000|barcode:|qty:0 | rukka-ecuado-r-textile-jacket-17|Size:54:Colour:Black/Black|price:184000.00|compare:|weight:6000|barcode:|qty:0 | rukka-ecuado-r-textile-jacket-18|Size:54:Colour:Black/Silver|price:184000.00|compare:|weight:6000|barcode:|qty:0 | rukka-ecuado-r-textile-jacket-19|Size:54:Colour:Light Grey/Black/Red|price:184000.00|compare:|weight:6000|barcode:|qty:0 | rukka-ecuado-r-textile-jacket-20|Size:54:Colour:Light Grey/Neon|price:184000.00|compare:|weight:6000|barcode:|qty:0 | rukka-ecuado-r-textile-jacket-21|Size:56:Colour:Black/Black|price:184000.00|compare:|weight:6000|barcode:|qty:0 | rukka-ecuado-r-textile-jacket-22|Size:56:Colour:Black/Silver|price:184000.00|compare:|weight:6000|barcode:|qty:0 | rukka-ecuado-r-textile-jacket-23|Size:56:Colour:Light Grey/Black/Red|price:184000.00|compare:|weight:6000|barcode:|qty:0 | rukka-ecuado-r-textile-jacket-24|Size:56:Colour:Light Grey/Neon|price:184000.00|compare:|weight:6000|barcode:|qty:0 | rukka-ecuado-r-textile-jacket-25|Size:58:Colour:Black/Black|price:184000.00|compare:|weight:6000|barcode:|qty:0 | rukka-ecuado-r-textile-jacket-26|Size:58:Colour:Black/Silver|price:184000.00|compare:|weight:6000|barcode:|qty:0 | rukka-ecuado-r-textile-jacket-27|Size:58:Colour:Light Grey/Black/Red|price:184000.00|compare:|weight:6000|barcode:|qty:0 | rukka-ecuado-r-textile-jacket-28|Size:58:Colour:Light Grey/Neon|price:184000.00|compare:|weight:6000|barcode:|qty:0 | rukka-ecuado-r-textile-jacket-29|Size:60:Colour:Black/Black|price:184000.00|compare:|weight:6000|barcode:|qty:0 | rukka-ecuado-r-textile-jacket-30|Size:60:Colour:Black/Silver|price:184000.00|compare:|weight:6000|barcode:|qty:0 | rukka-ecuado-r-textile-jacket-31|Size:60:Colour:Light Grey/Black/Red|price:184000.00|compare:|weight:6000|barcode:|qty:0 | rukka-ecuado-r-textile-jacket-32|Size:60:Colour:Light Grey/Neon|price:184000.00|compare:|weight:6000|barcode:|qty:0 | rukka-ecuado-r-textile-jacket-33|Size:62:Colour:Black/Black|price:184000.00|compare:|weight:6000|barcode:|qty:0 | rukka-ecuado-r-textile-jacket-34|Size:62:Colour:Black/Silver|price:184000.00|compare:|weight:6000|barcode:|qty:0 | rukka-ecuado-r-textile-jacket-35|Size:62:Colour:Light Grey/Black/Red|price:184000.00|compare:|weight:6000|barcode:|qty:0 | rukka-ecuado-r-textile-jacket-36|Size:62:Colour:Light Grey/Neon|price:184000.00|compare:|weight:6000|barcode:|qty:0 | rukka-ecuado-r-textile-jacket-37|Size:64:Colour:Black/Black|price:184000.00|compare:|weight:6000|barcode:|qty:0 | rukka-ecuado-r-textile-jacket-38|Size:64:Colour:Black/Silver|price:184000.00|compare:|weight:6000|barcode:|qty:0 | rukka-ecuado-r-textile-jacket-39|Size:64:Colour:Light Grey/Black/Red|price:184000.00|compare:|weight:6000|barcode:|qty:0 | rukka-ecuado-r-textile-jacket-40|Size:64:Colour:Light Grey/Neon|price:184000.00|compare:|weight:6000|barcode:|qty:0 | rukka-ecuado-r-textile-jacket-41|Size:66:Colour:Black/Black|price:184000.00|compare:|weight:6000|barcode:|qty:0 | rukka-ecuado-r-textile-jacket-42|Size:66:Colour:Black/Silver|price:184000.00|compare:|weight:6000|barcode:|qty:0 | rukka-ecuado-r-textile-jacket-43|Size:66:Colour:Light Grey/Black/Red|price:184000.00|compare:|weight:6000|barcode:|qty:0 | rukka-ecuado-r-textile-jacket-44|Size:66:Colour:Light Grey/Neon|price:184000.00|compare:|weight:6000|barcode:|qty:0,"rukka-ecuado-r-textile-jacket-1,rukka-ecuado-r-textile-jacket-2,rukka-ecuado-r-textile-jacket-3,rukka-ecuado-r-textile-jacket-4,rukka-ecuado-r-textile-jacket-5,rukka-ecuado-r-textile-jacket-6,rukka-ecuado-r-textile-jacket-7,rukka-ecuado-r-textile-jacket-8,rukka-ecuado-r-textile-jacket-9,rukka-ecuado-r-textile-jacket-10,rukka-ecuado-r-textile-jacket-11,rukka-ecuado-r-textile-jacket-12,rukka-ecuado-r-textile-jacket-13,rukka-ecuado-r-textile-jacket-14,rukka-ecuado-r-textile-jacket-15,rukka-ecuado-r-textile-jacket-16,rukka-ecuado-r-textile-jacket-17,rukka-ecuado-r-textile-jacket-18,rukka-ecuado-r-textile-jacket-19,rukka-ecuado-r-textile-jacket-20,rukka-ecuado-r-textile-jacket-21,rukka-ecuado-r-textile-jacket-22,rukka-ecuado-r-textile-jacket-23,rukka-ecuado-r-textile-jacket-24,rukka-ecuado-r-textile-jacket-25,rukka-ecuado-r-textile-jacket-26,rukka-ecuado-r-textile-jacket-27,rukka-ecuado-r-textile-jacket-28,rukka-ecuado-r-textile-jacket-29,rukka-ecuado-r-textile-jacket-30,rukka-ecuado-r-textile-jacket-31,rukka-ecuado-r-textile-jacket-32,rukka-ecuado-r-textile-jacket-33,rukka-ecuado-r-textile-jacket-34,rukka-ecuado-r-textile-jacket-35,rukka-ecuado-r-textile-jacket-36,rukka-ecuado-r-textile-jacket-37,rukka-ecuado-r-textile-jacket-38,rukka-ecuado-r-textile-jacket-39,rukka-ecuado-r-textile-jacket-40,rukka-ecuado-r-textile-jacket-41,rukka-ecuado-r-textile-jacket-42,rukka-ecuado-r-textile-jacket-43,rukka-ecuado-r-textile-jacket-44",44,https://cdn.shopify.com/s/files/1/0076/8301/4754/products/3_70220_722_R_999.jpg?v=1669372065|pos:1|alt:Rukka Rukka Ecuado-R Textile Jacket – front view || https://cdn.shopify.com/s/files/1/0076/8301/4754/products/3_70220_722_R_999_back.jpg?v=1669372068|pos:2|alt:Rukka Rukka Ecuado-R Textile Jacket – side view || https://cdn.shopify.com/s/files/1/0076/8301/4754/products/3_70220_722_R_265.jpg?v=1669372065|pos:3|alt:Rukka Rukka Ecuado-R Textile Jacket – rear view || https://cdn.shopify.com/s/files/1/0076/8301/4754/products/3_70220_722_R_265_back.jpg?v=1669372067|pos:4|alt:Rukka Rukka Ecuado-R Textile Jacket – detail view || https://cdn.shopify.com/s/files/1/0076/8301/4754/products/3_70220_722_R_200.jpg?v=1669372068|pos:5|alt:Rukka Rukka Ecuado-R Textile Jacket – top view || https://cdn.shopify.com/s/files/1/0076/8301/4754/products/3_70220_722_R_200_back.jpg?v=1669372065|pos:6|alt:Rukka Rukka Ecuado-R Textile Jacket – product view,6,Rukka Rukka Ecuado-R Textile Jacket – front view | Rukka Rukka Ecuado-R Textile Jacket – side view | Rukka Rukka Ecuado-R Textile Jacket – rear view | Rukka Rukka Ecuado-R Textile Jacket – detail view | Rukka Rukka Ecuado-R Textile Jacket – top view | Rukka Rukka Ecuado-R Textile Jacket – product view,,0,Rukka Ecuado-R Textile Jacket,Rukka Ecuado-R Textile Jacket. The Rukka Ecuado-R motorbike textile jacket offers all the features that make a good motorbike jacket.,,"Ventilation openings on the sides, front and back of the sleeves, back, shoulders and chest.",Outside 2 lower waterproof flap pockets with zip and press studs. One large waterproof pocket in the lower back. two breast pockets with press studs.,,Available in multiple sizes. Check the size guide before ordering.,Rukka Ecuado-R Textile Jacket — a textile Jacket built to the specifications listed above.,true,draft,https://cdn.shopify.com/s/files/1/0076/8301/4754/products/3_70220_722_R_999.jpg?v=1669372065|role:hero || https://cdn.shopify.com/s/files/1/0076/8301/4754/products/3_70220_722_R_999_back.jpg?v=1669372068|role:construction detail || https://cdn.shopify.com/s/files/1/0076/8301/4754/products/3_70220_722_R_265.jpg?v=1669372065|role:side profile,3,false,/products/rukka-ecuado-r-textile-jacket,/products/rukka-ecuado-r-textile-jacket
rukka-trave-r-textile-jacket,rukka-trave-r-textile-jacket,Rukka Trave-R Textile Jacket,Rukka Trave-R Textile Jacket,rukka-trave-r-textile-jacket,"The Rukka Trave-R Motorcycle Textile Jacket offers perfect protection against wind and weather and is extremely robust thanks to its material. The shoulder and elbow… • 100% durably breathable, windproof and waterproof GORE-TEX Z-Liner membrane under the outer fabric.. • abrasion-resistant CORDURA® 1500D reinforcements on shoulders and elbows. • two zipped lower pockets. • two waterproof inner pockets including mobile phone pocket. Available in multiple sizes and/or colours — select your variant.","<div class=""description"" data-mce-fragment=""1"" itemprop=""description"">
<p data-mce-fragment=""1"">The Rukka Trave-R Motorcycle Textile Jacket offers perfect protection against wind and weather and is extremely robust thanks to its material. The shoulder and elbow protectors supplied and the option of retrofitting a back protector protect the rider in the event of a fall. The jacket is the perfect companion for every tour. Comfort and function are optimally combined in it.</p>
<p data-mce-fragment=""1""><strong data-mce-fragment=""1"">Features:</strong></p>
<ul data-mce-fragment=""1"">
<li data-mce-fragment=""1"">100% durably breathable, windproof and waterproof GORE-TEX Z-Liner membrane under the outer fabric.</li>
<li data-mce-fragment=""1"">abrasion-resistant CORDURA® 1500D reinforcements on shoulders and elbows</li>
<li data-mce-fragment=""1"">two zipped lower pockets</li>
<li data-mce-fragment=""1"">two waterproof inner pockets including mobile phone pocket</li>
<li data-mce-fragment=""1"">Key hook inside the right front pocket</li>
<li data-mce-fragment=""1"">Ventilation openings on the sides</li>
<li data-mce-fragment=""1"">removable thermal lining (60g)</li>
<li data-mce-fragment=""1"">soft neoprene collar</li>
<li data-mce-fragment=""1"">Crotch strap and all-round connection zip to trousers</li>
<li data-mce-fragment=""1"">adjustable waistband and sleeve ends with Velcro fastening</li>
<li data-mce-fragment=""1"">width adjustment on the upper arm with press studs</li>
</ul>
<p data-mce-fragment=""1""><strong data-mce-fragment=""1"">Specifications:</strong></p>
<ul data-mce-fragment=""1"">
<li data-mce-fragment=""1"">Rukka D3O® Air XTR shoulder and elbow protectors EN1621-1-2012 LVL2</li>
<li data-mce-fragment=""1"">prepared for Rukka D3O® Air XTR Allback protector (not included)</li>
</ul>
</div>
<h2 data-mce-fragment=""1"">ADDITIONAL PRODUCT INFORMATION</h2>
<div data-mce-fragment=""1"">
<table class=""UserAttributes"" data-mce-fragment=""1"">
<tbody data-mce-fragment=""1"">
<tr data-mce-fragment=""1"">
<td class=""AttributeLabel VerticalAlignMiddle"" data-mce-fragment=""1"">Material</td>
<td class=""AttributeContent"" data-mce-fragment=""1"">Outer fabric: 100% Polyamide / Membrane: 100% Polyamide / Lining: 100% Polyamide / Insulation: 100% Polyester</td>
</tr>
</tbody>
</table>
</div>","The Rukka Trave-R Motorcycle Textile Jacket offers perfect protection against wind and weather and is extremely robust thanks to its material. The shoulder and elbow protectors supplied and the option of retrofitting a back protector protect the rider in the event of a fall. The jacket is the perfect companion for every tour. Comfort and function are optimally combined in it.

Features:

• 100% durably breathable, windproof and waterproof GORE-TEX Z-Liner membrane under the outer fabric.

• abrasion-resistant CORDURA® 1500D reinforcements on shoulders and elbows

• two zipped lower pockets

• two waterproof inner pockets including mobile phone pocket

• Key hook inside the right front pocket

• Ventilation openings on the sides

• removable thermal lining (60g)

• soft neoprene collar

• Crotch strap and all-round connection zip to trousers

• adjustable waistband and sleeve ends with Velcro fastening

• width adjustment on the upper arm with press studs

Specifications:

• Rukka D3O® Air XTR shoulder and elbow protectors EN1621-1-2012 LVL2

• prepared for Rukka D3O® Air XTR Allback protector (not included)

ADDITIONAL PRODUCT INFORMATION

Material | 
Outer fabric: 100% Polyamide / Membrane: 100% Polyamide / Lining: 100% Polyamide / Insulation: 100% Polyester |",75000,,2026-07-26,active,Rukka,6000,g,Buy Rukka Trave-R Textile Jacket | Mile 27 Store,The Rukka Trave-R Motorcycle Textile Jacket offers perfect protection against wind and weather and is extremely robust thanks to its material. The…,"100% durably breathable, windproof and waterproof GORE-TEX Z-Liner membrane under the outer fabric. | abrasion-resistant CORDURA® 1500D reinforcements on shoulders and elbows | two zipped lower pockets | two waterproof inner pockets including mobile phone pocket",Cleaned noise; brand verified,High,false,Riding Gear > Riding Jackets > Textile Jackets,High,"Refined by title keyword: ""\b(textile\s+jacket|touring\s+jacket|adventure\s+jacket)\b""",rukka-trave-r-textile-jacket-1|Size:46:Colour:Black/Black|price:75000.00|compare:|weight:6000|barcode:|qty:0 | rukka-trave-r-textile-jacket-2|Size:46:Colour:Black/Yellow|price:75000.00|compare:|weight:6000|barcode:|qty:0 | rukka-trave-r-textile-jacket-3|Size:46:Colour:Black/Silver|price:75000.00|compare:|weight:6000|barcode:|qty:0 | rukka-trave-r-textile-jacket-4|Size:48:Colour:Black/Black|price:75000.00|compare:|weight:6000|barcode:|qty:0 | rukka-trave-r-textile-jacket-5|Size:48:Colour:Black/Yellow|price:75000.00|compare:|weight:6000|barcode:|qty:0 | rukka-trave-r-textile-jacket-6|Size:48:Colour:Black/Silver|price:75000.00|compare:|weight:6000|barcode:|qty:0 | rukka-trave-r-textile-jacket-7|Size:50:Colour:Black/Black|price:75000.00|compare:|weight:6000|barcode:|qty:0 | rukka-trave-r-textile-jacket-8|Size:50:Colour:Black/Yellow|price:75000.00|compare:|weight:6000|barcode:|qty:0 | rukka-trave-r-textile-jacket-9|Size:50:Colour:Black/Silver|price:75000.00|compare:|weight:6000|barcode:|qty:0 | rukka-trave-r-textile-jacket-10|Size:52:Colour:Black/Black|price:75000.00|compare:|weight:6000|barcode:|qty:0 | rukka-trave-r-textile-jacket-11|Size:52:Colour:Black/Yellow|price:75000.00|compare:|weight:6000|barcode:|qty:0 | rukka-trave-r-textile-jacket-12|Size:52:Colour:Black/Silver|price:75000.00|compare:|weight:6000|barcode:|qty:0 | rukka-trave-r-textile-jacket-13|Size:54:Colour:Black/Black|price:75000.00|compare:|weight:6000|barcode:|qty:0 | rukka-trave-r-textile-jacket-14|Size:54:Colour:Black/Yellow|price:75000.00|compare:|weight:6000|barcode:|qty:0 | rukka-trave-r-textile-jacket-15|Size:54:Colour:Black/Silver|price:75000.00|compare:|weight:6000|barcode:|qty:0 | rukka-trave-r-textile-jacket-16|Size:56:Colour:Black/Black|price:75000.00|compare:|weight:6000|barcode:|qty:0 | rukka-trave-r-textile-jacket-17|Size:56:Colour:Black/Yellow|price:75000.00|compare:|weight:6000|barcode:|qty:0 | rukka-trave-r-textile-jacket-18|Size:56:Colour:Black/Silver|price:75000.00|compare:|weight:6000|barcode:|qty:0 | rukka-trave-r-textile-jacket-19|Size:58:Colour:Black/Black|price:75000.00|compare:|weight:6000|barcode:|qty:0 | rukka-trave-r-textile-jacket-20|Size:58:Colour:Black/Yellow|price:75000.00|compare:|weight:6000|barcode:|qty:0 | rukka-trave-r-textile-jacket-21|Size:58:Colour:Black/Silver|price:75000.00|compare:|weight:6000|barcode:|qty:0 | rukka-trave-r-textile-jacket-22|Size:60:Colour:Black/Black|price:75000.00|compare:|weight:6000|barcode:|qty:0 | rukka-trave-r-textile-jacket-23|Size:60:Colour:Black/Yellow|price:75000.00|compare:|weight:6000|barcode:|qty:0 | rukka-trave-r-textile-jacket-24|Size:60:Colour:Black/Silver|price:75000.00|compare:|weight:6000|barcode:|qty:0 | rukka-trave-r-textile-jacket-25|Size:62:Colour:Black/Black|price:75000.00|compare:|weight:6000|barcode:|qty:0 | rukka-trave-r-textile-jacket-26|Size:62:Colour:Black/Yellow|price:75000.00|compare:|weight:6000|barcode:|qty:0 | rukka-trave-r-textile-jacket-27|Size:62:Colour:Black/Silver|price:75000.00|compare:|weight:6000|barcode:|qty:0 | rukka-trave-r-textile-jacket-28|Size:64:Colour:Black/Black|price:75000.00|compare:|weight:6000|barcode:|qty:0 | rukka-trave-r-textile-jacket-29|Size:64:Colour:Black/Yellow|price:75000.00|compare:|weight:6000|barcode:|qty:0 | rukka-trave-r-textile-jacket-30|Size:64:Colour:Black/Silver|price:75000.00|compare:|weight:6000|barcode:|qty:0 | rukka-trave-r-textile-jacket-31|Size:66:Colour:Black/Black|price:75000.00|compare:|weight:6000|barcode:|qty:0 | rukka-trave-r-textile-jacket-32|Size:66:Colour:Black/Yellow|price:75000.00|compare:|weight:6000|barcode:|qty:0 | rukka-trave-r-textile-jacket-33|Size:66:Colour:Black/Silver|price:75000.00|compare:|weight:6000|barcode:|qty:0,"rukka-trave-r-textile-jacket-1,rukka-trave-r-textile-jacket-2,rukka-trave-r-textile-jacket-3,rukka-trave-r-textile-jacket-4,rukka-trave-r-textile-jacket-5,rukka-trave-r-textile-jacket-6,rukka-trave-r-textile-jacket-7,rukka-trave-r-textile-jacket-8,rukka-trave-r-textile-jacket-9,rukka-trave-r-textile-jacket-10,rukka-trave-r-textile-jacket-11,rukka-trave-r-textile-jacket-12,rukka-trave-r-textile-jacket-13,rukka-trave-r-textile-jacket-14,rukka-trave-r-textile-jacket-15,rukka-trave-r-textile-jacket-16,rukka-trave-r-textile-jacket-17,rukka-trave-r-textile-jacket-18,rukka-trave-r-textile-jacket-19,rukka-trave-r-textile-jacket-20,rukka-trave-r-textile-jacket-21,rukka-trave-r-textile-jacket-22,rukka-trave-r-textile-jacket-23,rukka-trave-r-textile-jacket-24,rukka-trave-r-textile-jacket-25,rukka-trave-r-textile-jacket-26,rukka-trave-r-textile-jacket-27,rukka-trave-r-textile-jacket-28,rukka-trave-r-textile-jacket-29,rukka-trave-r-textile-jacket-30,rukka-trave-r-textile-jacket-31,rukka-trave-r-textile-jacket-32,rukka-trave-r-textile-jacket-33",33,https://cdn.shopify.com/s/files/1/0076/8301/4754/products/3_70258_725_R_999.jpg?v=1669376659|pos:1|alt:Rukka Rukka Trave-R Textile Jacket – front view || https://cdn.shopify.com/s/files/1/0076/8301/4754/products/3_70258_725_R_999_back.jpg?v=1669376661|pos:2|alt:Rukka Rukka Trave-R Textile Jacket – side view || https://cdn.shopify.com/s/files/1/0076/8301/4754/products/3_70258_725_R_940.jpg?v=1669376659|pos:3|alt:Rukka Rukka Trave-R Textile Jacket – rear view || https://cdn.shopify.com/s/files/1/0076/8301/4754/products/3_70258_725_R_940_back.jpg?v=1669376659|pos:4|alt:Rukka Rukka Trave-R Textile Jacket – detail view || https://cdn.shopify.com/s/files/1/0076/8301/4754/products/3_70258_725_R_990.jpg?v=1669376662|pos:5|alt:Rukka Rukka Trave-R Textile Jacket – top view || https://cdn.shopify.com/s/files/1/0076/8301/4754/products/3_70258_725_R_990_back.jpg?v=1669376659|pos:6|alt:Rukka Rukka Trave-R Textile Jacket – product view,6,Rukka Rukka Trave-R Textile Jacket – front view | Rukka Rukka Trave-R Textile Jacket – side view | Rukka Rukka Trave-R Textile Jacket – rear view | Rukka Rukka Trave-R Textile Jacket – detail view | Rukka Rukka Trave-R Textile Jacket – top view | Rukka Rukka Trave-R Textile Jacket – product view,,0,Rukka Trave-R Textile Jacket,Rukka Trave-R Textile Jacket. The Rukka Trave-R Motorcycle Textile Jacket offers perfect protection against wind and weather and is extremely robust thanks to its material.,,"100% durably breathable, windproof and waterproof GORE-TEX Z-Liner membrane under the outer fabric.",abrasion-resistant CORDURA® 1500D reinforcements on shoulders and elbows. two zipped lower pockets. two waterproof inner pockets including mobile phone pocket.,,Available in multiple sizes. Check the size guide before ordering.,Rukka Trave-R Textile Jacket — a textile Jacket built to the specifications listed above.,true,draft,https://cdn.shopify.com/s/files/1/0076/8301/4754/products/3_70258_725_R_999.jpg?v=1669376659|role:hero || https://cdn.shopify.com/s/files/1/0076/8301/4754/products/3_70258_725_R_999_back.jpg?v=1669376661|role:construction detail || https://cdn.shopify.com/s/files/1/0076/8301/4754/products/3_70258_725_R_940.jpg?v=1669376659|role:side profile,3,false,/products/rukka-trave-r-textile-jacket,/products/rukka-trave-r-textile-jacket
rukka-transfo-r-textile-jacket,rukka-transfo-r-textile-jacket,Rukka Transfo-R Textile Jacket,Rukka Transfo-R Textile Jacket,rukka-transfo-r-textile-jacket,"The Rukka Transfo-R Motorcycle Textile Jacket takes up very little space as it can be stored in a small pouch. It can be worn with… • one hundred percent breathable, windproof and waterproof GORE-TEX Performance Technology 3-layer laminate with lightweight, durable and stretchy po…. • adjustable hem. • Crotch strap. • adjustable width adjustment by Velcro at sleeve ends. Available in multiple sizes and/or colours — select your variant.","<div class=""description"" data-mce-fragment=""1"" itemprop=""description"">
<p data-mce-fragment=""1"">The Rukka Transfo-R Motorcycle Textile Jacket takes up very little space as it can be stored in a small pouch. It can be worn with a Rukka AirPower series jacket or used as a separate rain jacket. Stretchable material at the back of the sleeves and at the back provides additional comfort. GORE-TEX Performance Technology 3-layer laminate with lightweight, durable and stretchy polyamide outer fabric ensures 100% wind and waterproofness.</p>
<p data-mce-fragment=""1""><strong data-mce-fragment=""1"">Features:</strong></p>
<ul data-mce-fragment=""1"">
<li data-mce-fragment=""1"">one hundred percent breathable, windproof and waterproof GORE-TEX Performance Technology 3-layer laminate with lightweight, durable and stretchy polyamide outer fabric.</li>
<li data-mce-fragment=""1"">adjustable hem</li>
<li data-mce-fragment=""1"">Crotch strap</li>
<li data-mce-fragment=""1"">adjustable width adjustment by Velcro at sleeve ends</li>
<li data-mce-fragment=""1"">2 waterproof outer lower pockets (with zip)</li>
<li data-mce-fragment=""1"">stretchy GORE-TEX Flex2Fit material at the back of the sleeves and at the back</li>
<li data-mce-fragment=""1"">can be worn with a Rukka AirPower series jacket or used as a separate rain jacket</li>
<li data-mce-fragment=""1"">takes up hardly any space as it can be stowed in an enclosed small pouch</li>
</ul>
<p data-mce-fragment=""1""><strong data-mce-fragment=""1"">Specifications:</strong></p>
<ul data-mce-fragment=""1"">
<li data-mce-fragment=""1"">No protectors included. Attention. This garment is designed to be used with garments from the Rukka Airpower range</li>
</ul>
</div>
<h2 data-mce-fragment=""1"">ADDITIONAL PRODUCT INFORMATION</h2>
<div data-mce-fragment=""1"">
<table class=""UserAttributes"" data-mce-fragment=""1"">
<tbody data-mce-fragment=""1"">
<tr data-mce-fragment=""1"">
<td class=""AttributeLabel VerticalAlignMiddle"" data-mce-fragment=""1"">Material</td>
<td class=""AttributeContent"" data-mce-fragment=""1"">Outer material: 92% Polyamide, 8% Elastane / Carrier material: 100% Polyester / Combi material: 44% Polyester, 37% Polyamide, 19% Elastane</td>
</tr>
</tbody>
</table>
</div>","The Rukka Transfo-R Motorcycle Textile Jacket takes up very little space as it can be stored in a small pouch. It can be worn with a Rukka AirPower series jacket or used as a separate rain jacket. Stretchable material at the back of the sleeves and at the back provides additional comfort. GORE-TEX Performance Technology 3-layer laminate with lightweight, durable and stretchy polyamide outer fabric ensures 100% wind and waterproofness.

Features:

• one hundred percent breathable, windproof and waterproof GORE-TEX Performance Technology 3-layer laminate with lightweight, durable and stretchy polyamide outer fabric.

• adjustable hem

• Crotch strap

• adjustable width adjustment by Velcro at sleeve ends

• 2 waterproof outer lower pockets (with zip)

• stretchy GORE-TEX Flex2Fit material at the back of the sleeves and at the back

• can be worn with a Rukka AirPower series jacket or used as a separate rain jacket

• takes up hardly any space as it can be stowed in an enclosed small pouch

Specifications:

• No protectors included. Attention. This garment is designed to be used with garments from the Rukka Airpower range

ADDITIONAL PRODUCT INFORMATION

Material | 
Outer material: 92% Polyamide, 8% Elastane / Carrier material: 100% Polyester / Combi material: 44% Polyester, 37% Polyamide, 19% Elastane |",56500,,2026-07-26,active,Rukka,6000,g,Buy Rukka Transfo-R Textile Jacket | Mile 27 Store,The Rukka Transfo-R Motorcycle Textile Jacket takes up very little space as it can be stored in a small pouch. It can be worn with… one hundred percent…,"one hundred percent breathable, windproof and waterproof GORE-TEX Performance Technology 3-layer laminate with lightweight, durable and stretchy po… | adjustable hem | Crotch strap | adjustable width adjustment by Velcro at sleeve ends",Cleaned noise; brand verified,High,false,Riding Gear > Riding Jackets > Textile Jackets,High,"Refined by title keyword: ""\b(textile\s+jacket|touring\s+jacket|adventure\s+jacket)\b""",rukka-transfo-r-textile-jacket-1|Size:46|price:56500.00|compare:|weight:6000|barcode:|qty:0 | rukka-transfo-r-textile-jacket-2|Size:48|price:56500.00|compare:|weight:6000|barcode:|qty:0 | rukka-transfo-r-textile-jacket-3|Size:50|price:56500.00|compare:|weight:6000|barcode:|qty:0 | rukka-transfo-r-textile-jacket-4|Size:52|price:56500.00|compare:|weight:6000|barcode:|qty:0 | rukka-transfo-r-textile-jacket-5|Size:54|price:56500.00|compare:|weight:6000|barcode:|qty:0 | rukka-transfo-r-textile-jacket-6|Size:56|price:56500.00|compare:|weight:6000|barcode:|qty:0 | rukka-transfo-r-textile-jacket-7|Size:58|price:56500.00|compare:|weight:6000|barcode:|qty:0 | rukka-transfo-r-textile-jacket-8|Size:60|price:56500.00|compare:|weight:6000|barcode:|qty:0 | rukka-transfo-r-textile-jacket-9|Size:62|price:56500.00|compare:|weight:6000|barcode:|qty:0 | rukka-transfo-r-textile-jacket-10|Size:64|price:56500.00|compare:|weight:6000|barcode:|qty:0 | rukka-transfo-r-textile-jacket-11|Size:66|price:56500.00|compare:|weight:6000|barcode:|qty:0,"rukka-transfo-r-textile-jacket-1,rukka-transfo-r-textile-jacket-2,rukka-transfo-r-textile-jacket-3,rukka-transfo-r-textile-jacket-4,rukka-transfo-r-textile-jacket-5,rukka-transfo-r-textile-jacket-6,rukka-transfo-r-textile-jacket-7,rukka-transfo-r-textile-jacket-8,rukka-transfo-r-textile-jacket-9,rukka-transfo-r-textile-jacket-10,rukka-transfo-r-textile-jacket-11",11,https://cdn.shopify.com/s/files/1/0076/8301/4754/products/3_70261_761_R_999.jpg?v=1669377852|pos:1|alt:Rukka Rukka Transfo-R Textile Jacket – front view || https://cdn.shopify.com/s/files/1/0076/8301/4754/products/3_70261_761_R_999_back.jpg?v=1669377851|pos:2|alt:Rukka Rukka Transfo-R Textile Jacket – side view,2,Rukka Rukka Transfo-R Textile Jacket – front view | Rukka Rukka Transfo-R Textile Jacket – side view,,0,Rukka Transfo-R Textile Jacket,Rukka Transfo-R Textile Jacket. The Rukka Transfo-R Motorcycle Textile Jacket takes up very little space as it can be stored in a small pouch.,,"one hundred percent breathable, windproof and waterproof GORE-TEX Performance Technology 3-layer laminate with lightweight, durable and stretchy po….",adjustable hem. Crotch strap. adjustable width adjustment by Velcro at sleeve ends.,,Available in multiple sizes. Check the size guide before ordering.,Rukka Transfo-R Textile Jacket — a textile Jacket built to the specifications listed above.,true,draft,https://cdn.shopify.com/s/files/1/0076/8301/4754/products/3_70261_761_R_999.jpg?v=1669377852|role:hero || https://cdn.shopify.com/s/files/1/0076/8301/4754/products/3_70261_761_R_999_back.jpg?v=1669377851|role:construction detail,2,false,/products/rukka-transfo-r-textile-jacket,/products/rukka-transfo-r-textile-jacket
rukka-madagasca-r-textile-jacket,rukka-madagasca-r-textile-jacket,Rukka Madagasca-R Textile Jacket,Rukka Madagasca-R Textile Jacket,rukka-madagasca-r-textile-jacket,"With stretch panels in the crook of the arms, under the arms and in the back, the Rukka Madagasca-R motorbike textile jacket offers optimum comfort… • abrasion-resistant CORDURA® 1500D reinforcements on shoulders and elbows. • abrasion-resistant CORDURA® 500D outer fabric. • Ventilation openings on the sides, back, sleeves, shoulders and chest. • Ventilation openings on the sides, back, sleeves, shoulders and chest. Available in multiple sizes and/or colours — select your variant.","<div class=""description"" data-mce-fragment=""1"" itemprop=""description"">
<p data-mce-fragment=""1"">With stretch panels in the crook of the arms, under the arms and in the back, the Rukka Madagasca-R motorbike textile jacket offers optimum comfort and the perfect fit. The waterproof lining in stretch GORE-TEX protects against wet weather. So nothing stands in the way of a ride.</p>
<p data-mce-fragment=""1""><strong data-mce-fragment=""1"">Features:</strong></p>
<ul data-mce-fragment=""1"">
<li data-mce-fragment=""1"">abrasion-resistant CORDURA® 1500D reinforcements on shoulders and elbows</li>
<li data-mce-fragment=""1"">abrasion-resistant CORDURA® 500D outer fabric</li>
<li data-mce-fragment=""1"">Ventilation openings on the sides, back, sleeves, shoulders and chest</li>
<li data-mce-fragment=""1"">Ventilation openings on the sides, back, sleeves, shoulders and chest</li>
<li data-mce-fragment=""1"">one large pocket on the lower back</li>
<li data-mce-fragment=""1"">one zipped toll card pocket on the left sleeve end</li>
<li data-mce-fragment=""1"">two chest pockets with zips</li>
<li data-mce-fragment=""1"">Two pockets on the outside with zip and press stud (right lower pocket waterproof)</li>
<li data-mce-fragment=""1"">Two waterproof pockets in the removable thermal lining</li>
<li data-mce-fragment=""1"">Removable waterproof lining in stretch GORE-TEX Performance Technology 3-layer laminate</li>
<li data-mce-fragment=""1"">Stretch panels in the crook of the arms, under the arms and in the back</li>
<li data-mce-fragment=""1"">soft neoprene collar</li>
<li data-mce-fragment=""1"">adjustable waist belt</li>
<li data-mce-fragment=""1"">crotch strap and all-round connection zip to trousers</li>
<li data-mce-fragment=""1"">adjustable waistband and sleeve ends with Velcro fastening</li>
<li data-mce-fragment=""1"">Width adjustability on the upper arms and lower arms with press studs​</li>
</ul>
<p data-mce-fragment=""1""><strong data-mce-fragment=""1"">Specifications:</strong></p>
<ul data-mce-fragment=""1"">
<li data-mce-fragment=""1"">Rukka D3O Air XTR All back protector EN 1621-2:2014, Level 1</li>
<li data-mce-fragment=""1"">Rukka D3O® Air XTR shoulder and elbow protectors EN1621-1-2012 level 2</li>
<li data-mce-fragment=""1"">Pocket for D3O® CP1 chest protector (not included)</li>
</ul>
</div>
<h2 data-mce-fragment=""1"">ADDITIONAL PRODUCT INFORMATION</h2>
<div data-mce-fragment=""1"">
<table class=""UserAttributes"" data-mce-fragment=""1"">
<tbody data-mce-fragment=""1"">
<tr data-mce-fragment=""1"">
<td class=""AttributeLabel VerticalAlignMiddle"" data-mce-fragment=""1"">Material</td>
<td class=""AttributeContent"" data-mce-fragment=""1"">Outer material: 100% Polyamide / Membrane: 92% Polyamide, 8% Elastane / Membrane combination material: 44% Polyethersulphone, 37% Polyamide, 19% Elastane / Carrier material of the membrane: 100% Polyamide</td>
</tr>
</tbody>
</table>
</div>","With stretch panels in the crook of the arms, under the arms and in the back, the Rukka Madagasca-R motorbike textile jacket offers optimum comfort and the perfect fit. The waterproof lining in stretch GORE-TEX protects against wet weather. So nothing stands in the way of a ride.

Features:

• abrasion-resistant CORDURA® 1500D reinforcements on shoulders and elbows

• abrasion-resistant CORDURA® 500D outer fabric

• Ventilation openings on the sides, back, sleeves, shoulders and chest

• Ventilation openings on the sides, back, sleeves, shoulders and chest

• one large pocket on the lower back

• one zipped toll card pocket on the left sleeve end

• two chest pockets with zips

• Two pockets on the outside with zip and press stud (right lower pocket waterproof)

• Two waterproof pockets in the removable thermal lining

• Removable waterproof lining in stretch GORE-TEX Performance Technology 3-layer laminate

• Stretch panels in the crook of the arms, under the arms and in the back

• soft neoprene collar

• adjustable waist belt

• crotch strap and all-round connection zip to trousers

• adjustable waistband and sleeve ends with Velcro fastening

• Width adjustability on the upper arms and lower arms with press studs​

Specifications:

• Rukka D3O Air XTR All back protector EN 1621-2:2014, Level 1

• Rukka D3O® Air XTR shoulder and elbow protectors EN1621-1-2012 level 2

• Pocket for D3O® CP1 chest protector (not included)

ADDITIONAL PRODUCT INFORMATION

Material | 
Outer material: 100% Polyamide / Membrane: 92% Polyamide, 8% Elastane / Membrane combination material: 44% Polyethersulphone, 37% Polyamide, 19% Elastane / Carrier material of the membrane: 100% Polyamide |",141000,,2026-07-26,active,Rukka,6000,g,Buy Rukka Madagasca-R Textile Jacket | Mile 27 Store,"With stretch panels in the crook of the arms, under the arms and in the back, the Rukka Madagasca-R motorbike textile jacket offers optimum comfort……","abrasion-resistant CORDURA® 1500D reinforcements on shoulders and elbows | abrasion-resistant CORDURA® 500D outer fabric | Ventilation openings on the sides, back, sleeves, shoulders and chest | Ventilation openings on the sides, back, sleeves, shoulders and chest",Cleaned noise; brand verified,High,false,Riding Gear > Riding Jackets > Textile Jackets,High,"Refined by title keyword: ""\b(textile\s+jacket|touring\s+jacket|adventure\s+jacket)\b""",rukka-madagasca-r-textile-jacket-1|Size:46:Colour:Light Grey/Black/Red|price:141000.00|compare:|weight:6000|barcode:|qty:0 | rukka-madagasca-r-textile-jacket-2|Size:46:Colour:Anthracite/Black/Yellow|price:141000.00|compare:|weight:6000|barcode:|qty:0 | rukka-madagasca-r-textile-jacket-3|Size:46:Colour:Sand/Black|price:141000.00|compare:|weight:6000|barcode:|qty:0 | rukka-madagasca-r-textile-jacket-4|Size:48:Colour:Light Grey/Black/Red|price:141000.00|compare:|weight:6000|barcode:|qty:0 | rukka-madagasca-r-textile-jacket-5|Size:48:Colour:Anthracite/Black/Yellow|price:141000.00|compare:|weight:6000|barcode:|qty:0 | rukka-madagasca-r-textile-jacket-6|Size:48:Colour:Sand/Black|price:141000.00|compare:|weight:6000|barcode:|qty:0 | rukka-madagasca-r-textile-jacket-7|Size:50:Colour:Light Grey/Black/Red|price:141000.00|compare:|weight:6000|barcode:|qty:0 | rukka-madagasca-r-textile-jacket-8|Size:50:Colour:Anthracite/Black/Yellow|price:141000.00|compare:|weight:6000|barcode:|qty:0 | rukka-madagasca-r-textile-jacket-9|Size:50:Colour:Sand/Black|price:141000.00|compare:|weight:6000|barcode:|qty:0 | rukka-madagasca-r-textile-jacket-10|Size:52:Colour:Light Grey/Black/Red|price:141000.00|compare:|weight:6000|barcode:|qty:0 | rukka-madagasca-r-textile-jacket-11|Size:52:Colour:Anthracite/Black/Yellow|price:141000.00|compare:|weight:6000|barcode:|qty:0 | rukka-madagasca-r-textile-jacket-12|Size:52:Colour:Sand/Black|price:141000.00|compare:|weight:6000|barcode:|qty:0 | rukka-madagasca-r-textile-jacket-13|Size:54:Colour:Light Grey/Black/Red|price:141000.00|compare:|weight:6000|barcode:|qty:0 | rukka-madagasca-r-textile-jacket-14|Size:54:Colour:Anthracite/Black/Yellow|price:141000.00|compare:|weight:6000|barcode:|qty:0 | rukka-madagasca-r-textile-jacket-15|Size:54:Colour:Sand/Black|price:141000.00|compare:|weight:6000|barcode:|qty:0 | rukka-madagasca-r-textile-jacket-16|Size:56:Colour:Light Grey/Black/Red|price:141000.00|compare:|weight:6000|barcode:|qty:0 | rukka-madagasca-r-textile-jacket-17|Size:56:Colour:Anthracite/Black/Yellow|price:141000.00|compare:|weight:6000|barcode:|qty:0 | rukka-madagasca-r-textile-jacket-18|Size:56:Colour:Sand/Black|price:141000.00|compare:|weight:6000|barcode:|qty:0 | rukka-madagasca-r-textile-jacket-19|Size:58:Colour:Light Grey/Black/Red|price:141000.00|compare:|weight:6000|barcode:|qty:0 | rukka-madagasca-r-textile-jacket-20|Size:58:Colour:Anthracite/Black/Yellow|price:141000.00|compare:|weight:6000|barcode:|qty:0 | rukka-madagasca-r-textile-jacket-21|Size:58:Colour:Sand/Black|price:141000.00|compare:|weight:6000|barcode:|qty:0 | rukka-madagasca-r-textile-jacket-22|Size:60:Colour:Light Grey/Black/Red|price:141000.00|compare:|weight:6000|barcode:|qty:0 | rukka-madagasca-r-textile-jacket-23|Size:60:Colour:Anthracite/Black/Yellow|price:141000.00|compare:|weight:6000|barcode:|qty:0 | rukka-madagasca-r-textile-jacket-24|Size:60:Colour:Sand/Black|price:141000.00|compare:|weight:6000|barcode:|qty:0 | rukka-madagasca-r-textile-jacket-25|Size:62:Colour:Light Grey/Black/Red|price:141000.00|compare:|weight:6000|barcode:|qty:0 | rukka-madagasca-r-textile-jacket-26|Size:62:Colour:Anthracite/Black/Yellow|price:141000.00|compare:|weight:6000|barcode:|qty:0 | rukka-madagasca-r-textile-jacket-27|Size:62:Colour:Sand/Black|price:141000.00|compare:|weight:6000|barcode:|qty:0 | rukka-madagasca-r-textile-jacket-28|Size:64:Colour:Light Grey/Black/Red|price:141000.00|compare:|weight:6000|barcode:|qty:0 | rukka-madagasca-r-textile-jacket-29|Size:64:Colour:Anthracite/Black/Yellow|price:141000.00|compare:|weight:6000|barcode:|qty:0 | rukka-madagasca-r-textile-jacket-30|Size:64:Colour:Sand/Black|price:141000.00|compare:|weight:6000|barcode:|qty:0 | rukka-madagasca-r-textile-jacket-31|Size:66:Colour:Light Grey/Black/Red|price:141000.00|compare:|weight:6000|barcode:|qty:0 | rukka-madagasca-r-textile-jacket-32|Size:66:Colour:Anthracite/Black/Yellow|price:141000.00|compare:|weight:6000|barcode:|qty:0 | rukka-madagasca-r-textile-jacket-33|Size:66:Colour:Sand/Black|price:141000.00|compare:|weight:6000|barcode:|qty:0,"rukka-madagasca-r-textile-jacket-1,rukka-madagasca-r-textile-jacket-2,rukka-madagasca-r-textile-jacket-3,rukka-madagasca-r-textile-jacket-4,rukka-madagasca-r-textile-jacket-5,rukka-madagasca-r-textile-jacket-6,rukka-madagasca-r-textile-jacket-7,rukka-madagasca-r-textile-jacket-8,rukka-madagasca-r-textile-jacket-9,rukka-madagasca-r-textile-jacket-10,rukka-madagasca-r-textile-jacket-11,rukka-madagasca-r-textile-jacket-12,rukka-madagasca-r-textile-jacket-13,rukka-madagasca-r-textile-jacket-14,rukka-madagasca-r-textile-jacket-15,rukka-madagasca-r-textile-jacket-16,rukka-madagasca-r-textile-jacket-17,rukka-madagasca-r-textile-jacket-18,rukka-madagasca-r-textile-jacket-19,rukka-madagasca-r-textile-jacket-20,rukka-madagasca-r-textile-jacket-21,rukka-madagasca-r-textile-jacket-22,rukka-madagasca-r-textile-jacket-23,rukka-madagasca-r-textile-jacket-24,rukka-madagasca-r-textile-jacket-25,rukka-madagasca-r-textile-jacket-26,rukka-madagasca-r-textile-jacket-27,rukka-madagasca-r-textile-jacket-28,rukka-madagasca-r-textile-jacket-29,rukka-madagasca-r-textile-jacket-30,rukka-madagasca-r-textile-jacket-31,rukka-madagasca-r-textile-jacket-32,rukka-madagasca-r-textile-jacket-33",33,https://cdn.shopify.com/s/files/1/0076/8301/4754/products/3_70254_725_R_265.jpg?v=1669379607|pos:1|alt:Rukka Rukka Madagasca-R Textile Jacket – front view || https://cdn.shopify.com/s/files/1/0076/8301/4754/products/3_70254_725_R_265_back.jpg?v=1669379610|pos:2|alt:Rukka Rukka Madagasca-R Textile Jacket – side view || https://cdn.shopify.com/s/files/1/0076/8301/4754/products/3_70254_725_R_294.jpg?v=1669379606|pos:3|alt:Rukka Rukka Madagasca-R Textile Jacket – rear view || https://cdn.shopify.com/s/files/1/0076/8301/4754/products/3_70254_725_R_294_back.jpg?v=1669379610|pos:4|alt:Rukka Rukka Madagasca-R Textile Jacket – detail view || https://cdn.shopify.com/s/files/1/0076/8301/4754/products/3_70254_725_R_109.jpg?v=1669379609|pos:5|alt:Rukka Rukka Madagasca-R Textile Jacket – top view || https://cdn.shopify.com/s/files/1/0076/8301/4754/products/3_70254_725_R_109_back.jpg?v=1669379607|pos:6|alt:Rukka Rukka Madagasca-R Textile Jacket – product view,6,Rukka Rukka Madagasca-R Textile Jacket – front view | Rukka Rukka Madagasca-R Textile Jacket – side view | Rukka Rukka Madagasca-R Textile Jacket – rear view | Rukka Rukka Madagasca-R Textile Jacket – detail view | Rukka Rukka Madagasca-R Textile Jacket – top view | Rukka Rukka Madagasca-R Textile Jacket – product view,,0,Rukka Madagasca-R Textile Jacket,"Rukka Madagasca-R Textile Jacket. With stretch panels in the crook of the arms, under the arms and in the back, the Rukka Madagasca-R motorbike textile jacket offers optimum comfort….",,"Ventilation openings on the sides, back, sleeves, shoulders and chest. Ventilation openings on the sides, back, sleeves, shoulders and chest.",abrasion-resistant CORDURA® 1500D reinforcements on shoulders and elbows. abrasion-resistant CORDURA® 500D outer fabric.,,Available in multiple sizes. Check the size guide before ordering.,Rukka Madagasca-R Textile Jacket — a textile Jacket built to the specifications listed above.,true,draft,https://cdn.shopify.com/s/files/1/0076/8301/4754/products/3_70254_725_R_265.jpg?v=1669379607|role:hero || https://cdn.shopify.com/s/files/1/0076/8301/4754/products/3_70254_725_R_265_back.jpg?v=1669379610|role:construction detail || https://cdn.shopify.com/s/files/1/0076/8301/4754/products/3_70254_725_R_294.jpg?v=1669379606|role:side profile,3,false,/products/rukka-madagasca-r-textile-jacket,/products/rukka-madagasca-r-textile-jacket
rukka-airgobi-textile-jacket,rukka-airgobi-textile-jacket,Rukka Airgobi Textile Jacket,Rukka Airgobi Textile Jacket,rukka-airgobi-textile-jacket,"The Rukka Airgobi Motorcycle Textile Jacket comes with stretch panels under the arms, sides, sleeve ends and back for total comfort. It is also compatible… • Extremely breathable AFT+ fabric on the shoulders and under the arms. • Knitted Cordura® AFT material for maximum air permeability as outer fabric. • knitted doubled Cordura® AFT on the shoulders and elbows. • 2 outer pockets. Available in multiple sizes and/or colours — select your variant.","<div class=""description"" data-mce-fragment=""1"" itemprop=""description"">
<p data-mce-fragment=""1"">The Rukka Airgobi Motorcycle Textile Jacket comes with stretch panels under the arms, sides, sleeve ends and back for total comfort. It is also compatible with the Rukka Transfo-R GORE-TEX shell jacket. There are zips at the ends of the sleeves for easier putting on and taking off. The adjustable waistband, the crotch strap and the connecting zip to the trousers ensure that the jacket sits firmly on the body. The knitted, doubled CORDURA® AFT on the shoulders and elbows ensures maximum air permeability. Two outer pockets and one pocket with a waterproof pocket pouch provide sufficient space and protection for essentials.</p>
<p data-mce-fragment=""1""><strong data-mce-fragment=""1"">Features:</strong></p>
<ul data-mce-fragment=""1"">
<li data-mce-fragment=""1"">Extremely breathable AFT+ fabric on the shoulders and under the arms</li>
<li data-mce-fragment=""1"">Knitted Cordura® AFT material for maximum air permeability as outer fabric</li>
<li data-mce-fragment=""1"">knitted doubled Cordura® AFT on the shoulders and elbows</li>
<li data-mce-fragment=""1"">2 outer pockets </li>
<li data-mce-fragment=""1"">1 pocket with waterproof pocket pouch</li>
<li data-mce-fragment=""1"">Key hook inside the right front pocket</li>
<li data-mce-fragment=""1"">Stretch panels under the arms, on the sides, at the sleeve ends and in the back</li>
<li data-mce-fragment=""1"">Zipped sleeve ends</li>
<li data-mce-fragment=""1"">Crotch strap and all-round connecting zip to trousers</li>
<li data-mce-fragment=""1"">Adjustable waistband with velcro fastening</li>
</ul>
<p data-mce-fragment=""1""><strong data-mce-fragment=""1"">Specifications:</strong></p>
<ul data-mce-fragment=""1"">
<li data-mce-fragment=""1"">Rukka D3O® Air XTR shoulder and elbow protectors EN1621-1-2012 Level 2</li>
<li data-mce-fragment=""1"">Bag for D3O® CP1 chest protector (not included)</li>
<li data-mce-fragment=""1"">Pocket for Rukka D3O® Air All Back protector (not included)</li>
</ul>
</div>
<h2 data-mce-fragment=""1"">ADDITIONAL PRODUCT INFORMATION</h2>
<div data-mce-fragment=""1"">
<table class=""UserAttributes"" data-mce-fragment=""1"">
<tbody data-mce-fragment=""1"">
<tr data-mce-fragment=""1"">
<td class=""AttributeLabel VerticalAlignMiddle"" data-mce-fragment=""1"">Material</td>
<td class=""AttributeContent"" data-mce-fragment=""1"">Outer material: 100% Polyamide / Combi material: 72% Polyamide, 28% Elastane / Lining: 78% Polyethersulfone, 22% Polyamide</td>
</tr>
</tbody>
</table>
</div>","The Rukka Airgobi Motorcycle Textile Jacket comes with stretch panels under the arms, sides, sleeve ends and back for total comfort. It is also compatible with the Rukka Transfo-R GORE-TEX shell jacket. There are zips at the ends of the sleeves for easier putting on and taking off. The adjustable waistband, the crotch strap and the connecting zip to the trousers ensure that the jacket sits firmly on the body. The knitted, doubled CORDURA® AFT on the shoulders and elbows ensures maximum air permeability. Two outer pockets and one pocket with a waterproof pocket pouch provide sufficient space and protection for essentials.

Features:

• Extremely breathable AFT+ fabric on the shoulders and under the arms

• Knitted Cordura® AFT material for maximum air permeability as outer fabric

• knitted doubled Cordura® AFT on the shoulders and elbows

• 2 outer pockets 

• 1 pocket with waterproof pocket pouch

• Key hook inside the right front pocket

• Stretch panels under the arms, on the sides, at the sleeve ends and in the back

• Zipped sleeve ends

• Crotch strap and all-round connecting zip to trousers

• Adjustable waistband with velcro fastening

Specifications:

• Rukka D3O® Air XTR shoulder and elbow protectors EN1621-1-2012 Level 2

• Bag for D3O® CP1 chest protector (not included)

• Pocket for Rukka D3O® Air All Back protector (not included)

ADDITIONAL PRODUCT INFORMATION

Material | 
Outer material: 100% Polyamide / Combi material: 72% Polyamide, 28% Elastane / Lining: 78% Polyethersulfone, 22% Polyamide |",65000,,2026-07-26,active,Rukka,6000,g,Buy Rukka Airgobi Textile Jacket | Mile 27 Store,"The Rukka Airgobi Motorcycle Textile Jacket comes with stretch panels under the arms, sides, sleeve ends and back for total comfort. It is also…",Extremely breathable AFT+ fabric on the shoulders and under the arms | Knitted Cordura® AFT material for maximum air permeability as outer fabric | knitted doubled Cordura® AFT on the shoulders and elbows | 2 outer pockets,Cleaned noise; brand verified,High,false,Riding Gear > Riding Jackets > Textile Jackets,High,"Refined by title keyword: ""\b(textile\s+jacket|touring\s+jacket|adventure\s+jacket)\b""",rukka-airgobi-textile-jacket-1|Size:46:Colour:Black/Black|price:65000.00|compare:|weight:6000|barcode:|qty:0 | rukka-airgobi-textile-jacket-2|Size:46:Colour:Black/Yellow|price:65000.00|compare:|weight:6000|barcode:|qty:0 | rukka-airgobi-textile-jacket-3|Size:46:Colour:Light Grey/Black|price:65000.00|compare:|weight:6000|barcode:|qty:0 | rukka-airgobi-textile-jacket-4|Size:48:Colour:Black/Black|price:65000.00|compare:|weight:6000|barcode:|qty:0 | rukka-airgobi-textile-jacket-5|Size:48:Colour:Black/Yellow|price:65000.00|compare:|weight:6000|barcode:|qty:0 | rukka-airgobi-textile-jacket-6|Size:48:Colour:Light Grey/Black|price:65000.00|compare:|weight:6000|barcode:|qty:0 | rukka-airgobi-textile-jacket-7|Size:50:Colour:Black/Black|price:65000.00|compare:|weight:6000|barcode:|qty:0 | rukka-airgobi-textile-jacket-8|Size:50:Colour:Black/Yellow|price:65000.00|compare:|weight:6000|barcode:|qty:0 | rukka-airgobi-textile-jacket-9|Size:50:Colour:Light Grey/Black|price:65000.00|compare:|weight:6000|barcode:|qty:0 | rukka-airgobi-textile-jacket-10|Size:52:Colour:Black/Black|price:65000.00|compare:|weight:6000|barcode:|qty:0 | rukka-airgobi-textile-jacket-11|Size:52:Colour:Black/Yellow|price:65000.00|compare:|weight:6000|barcode:|qty:0 | rukka-airgobi-textile-jacket-12|Size:52:Colour:Light Grey/Black|price:65000.00|compare:|weight:6000|barcode:|qty:0 | rukka-airgobi-textile-jacket-13|Size:54:Colour:Black/Black|price:65000.00|compare:|weight:6000|barcode:|qty:0 | rukka-airgobi-textile-jacket-14|Size:54:Colour:Black/Yellow|price:65000.00|compare:|weight:6000|barcode:|qty:0 | rukka-airgobi-textile-jacket-15|Size:54:Colour:Light Grey/Black|price:65000.00|compare:|weight:6000|barcode:|qty:0 | rukka-airgobi-textile-jacket-16|Size:56:Colour:Black/Black|price:65000.00|compare:|weight:6000|barcode:|qty:0 | rukka-airgobi-textile-jacket-17|Size:56:Colour:Black/Yellow|price:65000.00|compare:|weight:6000|barcode:|qty:0 | rukka-airgobi-textile-jacket-18|Size:56:Colour:Light Grey/Black|price:65000.00|compare:|weight:6000|barcode:|qty:0 | rukka-airgobi-textile-jacket-19|Size:58:Colour:Black/Black|price:65000.00|compare:|weight:6000|barcode:|qty:0 | rukka-airgobi-textile-jacket-20|Size:58:Colour:Black/Yellow|price:65000.00|compare:|weight:6000|barcode:|qty:0 | rukka-airgobi-textile-jacket-21|Size:58:Colour:Light Grey/Black|price:65000.00|compare:|weight:6000|barcode:|qty:0 | rukka-airgobi-textile-jacket-22|Size:60:Colour:Black/Black|price:65000.00|compare:|weight:6000|barcode:|qty:0 | rukka-airgobi-textile-jacket-23|Size:60:Colour:Black/Yellow|price:65000.00|compare:|weight:6000|barcode:|qty:0 | rukka-airgobi-textile-jacket-24|Size:60:Colour:Light Grey/Black|price:65000.00|compare:|weight:6000|barcode:|qty:0 | rukka-airgobi-textile-jacket-25|Size:62:Colour:Black/Black|price:65000.00|compare:|weight:6000|barcode:|qty:0 | rukka-airgobi-textile-jacket-26|Size:62:Colour:Black/Yellow|price:65000.00|compare:|weight:6000|barcode:|qty:0 | rukka-airgobi-textile-jacket-27|Size:62:Colour:Light Grey/Black|price:65000.00|compare:|weight:6000|barcode:|qty:0 | rukka-airgobi-textile-jacket-28|Size:64:Colour:Black/Black|price:65000.00|compare:|weight:6000|barcode:|qty:0 | rukka-airgobi-textile-jacket-29|Size:64:Colour:Black/Yellow|price:65000.00|compare:|weight:6000|barcode:|qty:0 | rukka-airgobi-textile-jacket-30|Size:64:Colour:Light Grey/Black|price:65000.00|compare:|weight:6000|barcode:|qty:0 | rukka-airgobi-textile-jacket-31|Size:66:Colour:Black/Black|price:65000.00|compare:|weight:6000|barcode:|qty:0 | rukka-airgobi-textile-jacket-32|Size:66:Colour:Black/Yellow|price:65000.00|compare:|weight:6000|barcode:|qty:0 | rukka-airgobi-textile-jacket-33|Size:66:Colour:Light Grey/Black|price:65000.00|compare:|weight:6000|barcode:|qty:0,"rukka-airgobi-textile-jacket-1,rukka-airgobi-textile-jacket-2,rukka-airgobi-textile-jacket-3,rukka-airgobi-textile-jacket-4,rukka-airgobi-textile-jacket-5,rukka-airgobi-textile-jacket-6,rukka-airgobi-textile-jacket-7,rukka-airgobi-textile-jacket-8,rukka-airgobi-textile-jacket-9,rukka-airgobi-textile-jacket-10,rukka-airgobi-textile-jacket-11,rukka-airgobi-textile-jacket-12,rukka-airgobi-textile-jacket-13,rukka-airgobi-textile-jacket-14,rukka-airgobi-textile-jacket-15,rukka-airgobi-textile-jacket-16,rukka-airgobi-textile-jacket-17,rukka-airgobi-textile-jacket-18,rukka-airgobi-textile-jacket-19,rukka-airgobi-textile-jacket-20,rukka-airgobi-textile-jacket-21,rukka-airgobi-textile-jacket-22,rukka-airgobi-textile-jacket-23,rukka-airgobi-textile-jacket-24,rukka-airgobi-textile-jacket-25,rukka-airgobi-textile-jacket-26,rukka-airgobi-textile-jacket-27,rukka-airgobi-textile-jacket-28,rukka-airgobi-textile-jacket-29,rukka-airgobi-textile-jacket-30,rukka-airgobi-textile-jacket-31,rukka-airgobi-textile-jacket-32,rukka-airgobi-textile-jacket-33",33,https://cdn.shopify.com/s/files/1/0076/8301/4754/products/3_70132_720_R_999.jpg?v=1669380999|pos:1|alt:Rukka Rukka Airgobi Textile Jacket – front view || https://cdn.shopify.com/s/files/1/0076/8301/4754/products/3_70132_720_R_999_back.jpg?v=1669381000|pos:2|alt:Rukka Rukka Airgobi Textile Jacket – side view || https://cdn.shopify.com/s/files/1/0076/8301/4754/products/3_70132_720_R_940.jpg?v=1669380999|pos:3|alt:Rukka Rukka Airgobi Textile Jacket – rear view || https://cdn.shopify.com/s/files/1/0076/8301/4754/products/3_70132_720_R_940_back.jpg?v=1669380999|pos:4|alt:Rukka Rukka Airgobi Textile Jacket – detail view || https://cdn.shopify.com/s/files/1/0076/8301/4754/products/3_70132_720_R_200.jpg?v=1669380999|pos:5|alt:Rukka Rukka Airgobi Textile Jacket – top view || https://cdn.shopify.com/s/files/1/0076/8301/4754/products/3_70132_720_R_200_back.jpg?v=1669380999|pos:6|alt:Rukka Rukka Airgobi Textile Jacket – product view,6,Rukka Rukka Airgobi Textile Jacket – front view | Rukka Rukka Airgobi Textile Jacket – side view | Rukka Rukka Airgobi Textile Jacket – rear view | Rukka Rukka Airgobi Textile Jacket – detail view | Rukka Rukka Airgobi Textile Jacket – top view | Rukka Rukka Airgobi Textile Jacket – product view,,0,Rukka Airgobi Textile Jacket,"Rukka Airgobi Textile Jacket. The Rukka Airgobi Motorcycle Textile Jacket comes with stretch panels under the arms, sides, sleeve ends and back for total comfort.",Knitted Cordura® AFT material for maximum air permeability as outer fabric.,,Extremely breathable AFT+ fabric on the shoulders and under the arms. knitted doubled Cordura® AFT on the shoulders and elbows. 2 outer pockets.,,Available in multiple sizes. Check the size guide before ordering.,Rukka Airgobi Textile Jacket — a textile Jacket built to the specifications listed above.,true,draft,https://cdn.shopify.com/s/files/1/0076/8301/4754/products/3_70132_720_R_999.jpg?v=1669380999|role:hero || https://cdn.shopify.com/s/files/1/0076/8301/4754/products/3_70132_720_R_999_back.jpg?v=1669381000|role:construction detail || https://cdn.shopify.com/s/files/1/0076/8301/4754/products/3_70132_720_R_940.jpg?v=1669380999|role:side profile,3,false,/products/rukka-airgobi-textile-jacket,/products/rukka-airgobi-textile-jacket
rukka-virium-2-0-gtx-gloves,rukka-virium-2-0-gtx-gloves,Rukka Virium 2.0 GTX Gloves,Rukka Virium 2.0 GTX Gloves,rukka-virium-2-0-gtx-gloves,"Rukka designs and manufactures the motorcycle clothing according to the strict guidelines, ""safe & comfortable"" with the highest standards for waterproofing and comfort. Each garment… • Textile gloves made of elastic material.. • Fully waterproof, windproof and breathable. • On the fingers and palm additional material for better grip. • Best grip feeling due to GORE-TEX® Gore Grip technology.. Available in multiple sizes and/or colours — select your variant.","Rukka designs and manufactures the motorcycle clothing according to the strict guidelines, ""safe &amp; comfortable"" with the highest standards for waterproofing and comfort. Each garment works best in its specific comfort zone Either hot or cold, rain or shine, Rukka offers flexible technologies for different riding conditions.<br><br>

<b>Features:</b><br>

<li>Textile gloves made of elastic material.</li>
<li>Fully waterproof, windproof and breathable</li>
<li>On the fingers and palm additional material for better grip</li>
<li>Best grip feeling due to GORE-TEX® Gore Grip technology.</li>
<li>Visor wiper on the left index finger</li>
<li>Touchscreen fingertips on index finger and thumb</li><br>
<b>Specifications:</b><br>

<li>Hand edge and knuckle protection</li><br>
<b>ADDITIONAL PRODUCT INFORMATION</b><br>
<li>Material	85% nylon, 11% polyurethane, 3% elastane, 1% polyester</li>","Rukka designs and manufactures the motorcycle clothing according to the strict guidelines, ""safe & comfortable"" with the highest standards for waterproofing and comfort. Each garment works best in its specific comfort zone Either hot or cold, rain or shine, Rukka offers flexible technologies for different riding conditions.

Features:

• Textile gloves made of elastic material.

• Fully waterproof, windproof and breathable

• On the fingers and palm additional material for better grip

• Best grip feeling due to GORE-TEX® Gore Grip technology.

• Visor wiper on the left index finger

• Touchscreen fingertips on index finger and thumb

Specifications:

• Hand edge and knuckle protection

ADDITIONAL PRODUCT INFORMATION

• Material	85% nylon, 11% polyurethane, 3% elastane, 1% polyester",23000,,2026-07-26,active,Rukka,2000,g,Buy Rukka Virium 2.0 GTX Gloves | Mile 27 Store,"Rukka designs and manufactures the motorcycle clothing according to the strict guidelines, ""safe & comfortable"" with the highest standards for…","Textile gloves made of elastic material. | Fully waterproof, windproof and breathable | On the fingers and palm additional material for better grip | Best grip feeling due to GORE-TEX® Gore Grip technology.",Cleaned noise; brand verified,High,false,Riding Gear > Riding Gloves,High,"Mapped from Shopify Type ""Riding Gloves""",rukka-virium-2-0-gtx-gloves-1|Size:6:Colour:Black|price:23000.00|compare:|weight:2000|barcode:|qty:0 | rukka-virium-2-0-gtx-gloves-2|Size:6:Colour:Black/White|price:23000.00|compare:|weight:2000|barcode:|qty:0 | rukka-virium-2-0-gtx-gloves-3|Size:6:Colour:Black/Red|price:23000.00|compare:|weight:2000|barcode:|qty:0 | rukka-virium-2-0-gtx-gloves-4|Size:6:Colour:Black/Yellow|price:23000.00|compare:|weight:2000|barcode:|qty:0 | rukka-virium-2-0-gtx-gloves-5|Size:7:Colour:Black|price:23000.00|compare:|weight:2000|barcode:|qty:0 | rukka-virium-2-0-gtx-gloves-6|Size:7:Colour:Black/White|price:23000.00|compare:|weight:2000|barcode:|qty:0 | rukka-virium-2-0-gtx-gloves-7|Size:7:Colour:Black/Red|price:23000.00|compare:|weight:2000|barcode:|qty:0 | rukka-virium-2-0-gtx-gloves-8|Size:7:Colour:Black/Yellow|price:23000.00|compare:|weight:2000|barcode:|qty:0 | rukka-virium-2-0-gtx-gloves-9|Size:8:Colour:Black|price:23000.00|compare:|weight:2000|barcode:|qty:0 | rukka-virium-2-0-gtx-gloves-10|Size:8:Colour:Black/White|price:23000.00|compare:|weight:2000|barcode:|qty:0 | rukka-virium-2-0-gtx-gloves-11|Size:8:Colour:Black/Red|price:23000.00|compare:|weight:2000|barcode:|qty:0 | rukka-virium-2-0-gtx-gloves-12|Size:8:Colour:Black/Yellow|price:23000.00|compare:|weight:2000|barcode:|qty:0 | rukka-virium-2-0-gtx-gloves-13|Size:9:Colour:Black|price:23000.00|compare:|weight:2000|barcode:|qty:0 | rukka-virium-2-0-gtx-gloves-14|Size:9:Colour:Black/White|price:23000.00|compare:|weight:2000|barcode:|qty:0 | rukka-virium-2-0-gtx-gloves-15|Size:9:Colour:Black/Red|price:23000.00|compare:|weight:2000|barcode:|qty:0 | rukka-virium-2-0-gtx-gloves-16|Size:9:Colour:Black/Yellow|price:23000.00|compare:|weight:2000|barcode:|qty:0 | rukka-virium-2-0-gtx-gloves-17|Size:10:Colour:Black|price:23000.00|compare:|weight:2000|barcode:|qty:0 | rukka-virium-2-0-gtx-gloves-18|Size:10:Colour:Black/White|price:23000.00|compare:|weight:2000|barcode:|qty:0 | rukka-virium-2-0-gtx-gloves-19|Size:10:Colour:Black/Red|price:23000.00|compare:|weight:2000|barcode:|qty:0 | rukka-virium-2-0-gtx-gloves-20|Size:10:Colour:Black/Yellow|price:23000.00|compare:|weight:2000|barcode:|qty:0 | rukka-virium-2-0-gtx-gloves-21|Size:11:Colour:Black|price:23000.00|compare:|weight:2000|barcode:|qty:0 | rukka-virium-2-0-gtx-gloves-22|Size:11:Colour:Black/White|price:23000.00|compare:|weight:2000|barcode:|qty:0 | rukka-virium-2-0-gtx-gloves-23|Size:11:Colour:Black/Red|price:23000.00|compare:|weight:2000|barcode:|qty:0 | rukka-virium-2-0-gtx-gloves-24|Size:11:Colour:Black/Yellow|price:23000.00|compare:|weight:2000|barcode:|qty:0 | rukka-virium-2-0-gtx-gloves-25|Size:12:Colour:Black|price:23000.00|compare:|weight:2000|barcode:|qty:0 | rukka-virium-2-0-gtx-gloves-26|Size:12:Colour:Black/White|price:23000.00|compare:|weight:2000|barcode:|qty:0 | rukka-virium-2-0-gtx-gloves-27|Size:12:Colour:Black/Red|price:23000.00|compare:|weight:2000|barcode:|qty:0 | rukka-virium-2-0-gtx-gloves-28|Size:12:Colour:Black/Yellow|price:23000.00|compare:|weight:2000|barcode:|qty:0 | rukka-virium-2-0-gtx-gloves-29|Size:13:Colour:Black|price:23000.00|compare:|weight:2000|barcode:|qty:0 | rukka-virium-2-0-gtx-gloves-30|Size:13:Colour:Black/White|price:23000.00|compare:|weight:2000|barcode:|qty:0 | rukka-virium-2-0-gtx-gloves-31|Size:13:Colour:Black/Red|price:23000.00|compare:|weight:2000|barcode:|qty:0 | rukka-virium-2-0-gtx-gloves-32|Size:13:Colour:Black/Yellow|price:23000.00|compare:|weight:2000|barcode:|qty:0 | rukka-virium-2-0-gtx-gloves-33|Size:14:Colour:Black|price:23000.00|compare:|weight:2000|barcode:|qty:0 | rukka-virium-2-0-gtx-gloves-34|Size:14:Colour:Black/White|price:23000.00|compare:|weight:2000|barcode:|qty:0 | rukka-virium-2-0-gtx-gloves-35|Size:14:Colour:Black/Red|price:23000.00|compare:|weight:2000|barcode:|qty:0 | rukka-virium-2-0-gtx-gloves-36|Size:14:Colour:Black/Yellow|price:23000.00|compare:|weight:2000|barcode:|qty:0,"rukka-virium-2-0-gtx-gloves-1,rukka-virium-2-0-gtx-gloves-2,rukka-virium-2-0-gtx-gloves-3,rukka-virium-2-0-gtx-gloves-4,rukka-virium-2-0-gtx-gloves-5,rukka-virium-2-0-gtx-gloves-6,rukka-virium-2-0-gtx-gloves-7,rukka-virium-2-0-gtx-gloves-8,rukka-virium-2-0-gtx-gloves-9,rukka-virium-2-0-gtx-gloves-10,rukka-virium-2-0-gtx-gloves-11,rukka-virium-2-0-gtx-gloves-12,rukka-virium-2-0-gtx-gloves-13,rukka-virium-2-0-gtx-gloves-14,rukka-virium-2-0-gtx-gloves-15,rukka-virium-2-0-gtx-gloves-16,rukka-virium-2-0-gtx-gloves-17,rukka-virium-2-0-gtx-gloves-18,rukka-virium-2-0-gtx-gloves-19,rukka-virium-2-0-gtx-gloves-20,rukka-virium-2-0-gtx-gloves-21,rukka-virium-2-0-gtx-gloves-22,rukka-virium-2-0-gtx-gloves-23,rukka-virium-2-0-gtx-gloves-24,rukka-virium-2-0-gtx-gloves-25,rukka-virium-2-0-gtx-gloves-26,rukka-virium-2-0-gtx-gloves-27,rukka-virium-2-0-gtx-gloves-28,rukka-virium-2-0-gtx-gloves-29,rukka-virium-2-0-gtx-gloves-30,rukka-virium-2-0-gtx-gloves-31,rukka-virium-2-0-gtx-gloves-32,rukka-virium-2-0-gtx-gloves-33,rukka-virium-2-0-gtx-gloves-34,rukka-virium-2-0-gtx-gloves-35,rukka-virium-2-0-gtx-gloves-36",36,https://cdn.shopify.com/s/files/1/0076/8301/4754/products/9_70888_778_R_999.jpg?v=1661859494|pos:1|alt:Rukka Rukka Virium 2.0 GTX Gloves – front view || https://cdn.shopify.com/s/files/1/0076/8301/4754/products/9_70888_778_R_990_palm.jpg?v=1661859494|pos:2|alt:Rukka Rukka Virium 2.0 GTX Gloves – side view || https://cdn.shopify.com/s/files/1/0076/8301/4754/products/9_70888_778_R_990.jpg?v=1661859494|pos:3|alt:Rukka Rukka Virium 2.0 GTX Gloves – rear view || https://cdn.shopify.com/s/files/1/0076/8301/4754/products/9_70888_778_R_965.jpg?v=1661859494|pos:4|alt:Rukka Rukka Virium 2.0 GTX Gloves – detail view || https://cdn.shopify.com/s/files/1/0076/8301/4754/products/9_70888_778_R_994.jpg?v=1661859496|pos:5|alt:Rukka Rukka Virium 2.0 GTX Gloves – top view,5,Rukka Rukka Virium 2.0 GTX Gloves – front view | Rukka Rukka Virium 2.0 GTX Gloves – side view | Rukka Rukka Virium 2.0 GTX Gloves – rear view | Rukka Rukka Virium 2.0 GTX Gloves – detail view | Rukka Rukka Virium 2.0 GTX Gloves – top view,,0,Rukka Virium 2.0 GTX Gloves,"Rukka Virium 2.0 GTX Gloves. Rukka designs and manufactures the motorcycle clothing according to the strict guidelines, ""safe & comfortable"" with the highest standards for waterproofing and comfort.",Textile gloves made of elastic material. On the fingers and palm additional material for better grip.,,"Fully waterproof, windproof and breathable. Best grip feeling due to GORE-TEX® Gore Grip technology.",,Available in multiple sizes. Check the size guide before ordering.,Rukka Virium 2.0 GTX Gloves — a riding Glov built to the specifications listed above.,true,draft,https://cdn.shopify.com/s/files/1/0076/8301/4754/products/9_70888_778_R_999.jpg?v=1661859494|role:hero || https://cdn.shopify.com/s/files/1/0076/8301/4754/products/9_70888_778_R_990_palm.jpg?v=1661859494|role:construction detail || https://cdn.shopify.com/s/files/1/0076/8301/4754/products/9_70888_778_R_990.jpg?v=1661859494|role:side profile,3,false,/products/rukka-virium-2-0-gtx-gloves,/products/rukka-virium-2-0-gtx-gloves
rukka-mars-2-0-gore-tex-winter-gloves,rukka-mars-2-0-gore-tex-winter-gloves,Rukka Mars 2.0 Gore-Tex Winter Gloves,Rukka Mars 2.0 Gore-Tex Winter Gloves,rukka-mars-2-0-gore-tex-winter-gloves,"• leather gloves with Gore-Tex® lining • leather gloves with Gore-Tex® lining. • fully water- and windproof, breathable. • visor wiper in left index finger. • fleece lining. Available in multiple sizes and/or colours — select your variant.","<b>Features:</b><br>

<li>leather gloves with Gore-Tex® lining</li>
<li>fully water- and windproof, breathable</li>
<li>visor wiper in left index finger</li>
<li>fleece lining</li>
<li>extra warmth for colder riding conditions with light insulation</li><br>
<b>ADDITIONAL PRODUCT INFORMATION</b><br>
<li>Material	87% cowhide leather, 12% nylon, 1% elasthane (contains non-textile parts of animal origin)</li>","Features:

• leather gloves with Gore-Tex® lining

• fully water- and windproof, breathable

• visor wiper in left index finger

• fleece lining

• extra warmth for colder riding conditions with light insulation

ADDITIONAL PRODUCT INFORMATION

• Material	87% cowhide leather, 12% nylon, 1% elasthane (contains non-textile parts of animal origin)",19000,,2026-07-26,active,Rukka,2000,g,Buy Rukka Mars 2.0 Gore-Tex Winter Gloves | Mile 27 Store,"leather gloves with Gore-Tex® lining leather gloves with Gore-Tex® lining. fully water- and windproof, breathable. visor wiper in left index finger.…","leather gloves with Gore-Tex® lining | fully water- and windproof, breathable | visor wiper in left index finger | fleece lining",Cleaned noise; brand verified,High,false,Riding Gear > Riding Gloves,High,"Mapped from Shopify Type ""Riding Gloves""",rukka-mars-2-0-gore-tex-winter-gloves-1|Size:6|price:19000.00|compare:|weight:2000|barcode:|qty:0 | rukka-mars-2-0-gore-tex-winter-gloves-2|Size:7|price:19000.00|compare:|weight:2000|barcode:|qty:0 | rukka-mars-2-0-gore-tex-winter-gloves-3|Size:8|price:19000.00|compare:|weight:2000|barcode:|qty:0 | rukka-mars-2-0-gore-tex-winter-gloves-4|Size:9|price:19000.00|compare:|weight:2000|barcode:|qty:0 | rukka-mars-2-0-gore-tex-winter-gloves-5|Size:10|price:19000.00|compare:|weight:2000|barcode:|qty:0 | rukka-mars-2-0-gore-tex-winter-gloves-6|Size:11|price:19000.00|compare:|weight:2000|barcode:|qty:0 | rukka-mars-2-0-gore-tex-winter-gloves-7|Size:12|price:19000.00|compare:|weight:2000|barcode:|qty:0 | rukka-mars-2-0-gore-tex-winter-gloves-8|Size:13|price:19000.00|compare:|weight:2000|barcode:|qty:0,"rukka-mars-2-0-gore-tex-winter-gloves-1,rukka-mars-2-0-gore-tex-winter-gloves-2,rukka-mars-2-0-gore-tex-winter-gloves-3,rukka-mars-2-0-gore-tex-winter-gloves-4,rukka-mars-2-0-gore-tex-winter-gloves-5,rukka-mars-2-0-gore-tex-winter-gloves-6,rukka-mars-2-0-gore-tex-winter-gloves-7,rukka-mars-2-0-gore-tex-winter-gloves-8",8,https://cdn.shopify.com/s/files/1/0076/8301/4754/products/3_70873_778_R_990.jpg?v=1661859092|pos:1|alt:Rukka Rukka Mars 2.0 Gore-Tex Winter Gloves – front view || https://cdn.shopify.com/s/files/1/0076/8301/4754/products/3_70873_778_R_990_palm.jpg?v=1661859092|pos:2|alt:Rukka Rukka Mars 2.0 Gore-Tex Winter Gloves – side view,2,Rukka Rukka Mars 2.0 Gore-Tex Winter Gloves – front view | Rukka Rukka Mars 2.0 Gore-Tex Winter Gloves – side view,season:winter,1,Rukka Mars 2.0 Gore-Tex Winter Gloves,Rukka Mars 2.0 Gore-Tex Winter Gloves. • leather gloves with Gore-Tex® lining • leather gloves with Gore-Tex® lining.,leather gloves with Gore-Tex® lining.,,"fully water- and windproof, breathable. visor wiper in left index finger. fleece lining.",,Available in multiple sizes. Check the size guide before ordering.,Rukka Mars 2.0 Gore-Tex Winter Gloves — a riding Glov built to the specifications listed above.,true,draft,https://cdn.shopify.com/s/files/1/0076/8301/4754/products/3_70873_778_R_990.jpg?v=1661859092|role:hero || https://cdn.shopify.com/s/files/1/0076/8301/4754/products/3_70873_778_R_990_palm.jpg?v=1661859092|role:construction detail,2,false,/products/rukka-mars-2-0-gore-tex-winter-gloves,/products/rukka-mars-2-0-gore-tex-winter-gloves
rukka-thermog-gloves,rukka-thermog-gloves,Rukka ThermoG+ Gloves,Rukka ThermoG+ Gloves,rukka-thermog-gloves,"Weather resistance and maximum touch sensitivity for perfect control with Gore Grip technology. Lining, membrane and outer fabric are securely bonded together for maximum comfort… • Textile gloves with leather palm. • Fully waterproof, windproof and breathable. • Excellent grip feel for perfect control with Gore-Tex Gore-Grip technology. • Extra warmth for colder driving conditions with 200g Thinsulate insulation. Available in multiple sizes and/or colours — select your variant.","Weather resistance and maximum touch sensitivity for perfect control with Gore Grip technology. Lining, membrane and outer fabric are securely bonded together for maximum comfort and safety while in motion.<br><br>

<b>Features:</b><br>

<li>Textile gloves with leather palm </li>
<li>Fully waterproof, windproof and breathable</li>
<li>Excellent grip feel for perfect control with Gore-Tex Gore-Grip technology</li>
<li>Extra warmth for colder driving conditions with 200g Thinsulate insulation</li>
<li>Palm, knuckle and finger protection</li>
<li>Elastic wrist with velcro tightening</li>
<li>Fleece lining</li>
<li>Visor wiper on left index finger</li>
<li>Touchscreen Fingertips</li><br>
<b>ADDITIONAL PRODUCT INFORMATION</b><br>
<li>Material	40% Leather, 52% Nylon, 6% Elastane, 1% Polyester, 1% Polyurethane (Contains non-textile parts of animal origin)</li>","Weather resistance and maximum touch sensitivity for perfect control with Gore Grip technology. Lining, membrane and outer fabric are securely bonded together for maximum comfort and safety while in motion.

Features:

• Textile gloves with leather palm 

• Fully waterproof, windproof and breathable

• Excellent grip feel for perfect control with Gore-Tex Gore-Grip technology

• Extra warmth for colder driving conditions with 200g Thinsulate insulation

• Palm, knuckle and finger protection

• Elastic wrist with velcro tightening

• Fleece lining

• Visor wiper on left index finger

• Touchscreen Fingertips

ADDITIONAL PRODUCT INFORMATION

• Material	40% Leather, 52% Nylon, 6% Elastane, 1% Polyester, 1% Polyurethane (Contains non-textile parts of animal origin)",20500,,2026-07-26,active,Rukka,2000,g,Buy Rukka ThermoG+ Gloves | Mile 27 Store,"Weather resistance and maximum touch sensitivity for perfect control with Gore Grip technology. Lining, membrane and outer fabric are securely bonded…","Textile gloves with leather palm | Fully waterproof, windproof and breathable | Excellent grip feel for perfect control with Gore-Tex Gore-Grip technology | Extra warmth for colder driving conditions with 200g Thinsulate insulation",Cleaned noise; brand verified,High,false,Riding Gear > Riding Gloves,High,"Mapped from Shopify Type ""Riding Gloves""",rukka-thermog-gloves-1|Size:6|price:20500.00|compare:|weight:2000|barcode:|qty:0 | rukka-thermog-gloves-2|Size:7|price:20500.00|compare:|weight:2000|barcode:|qty:0 | rukka-thermog-gloves-3|Size:8|price:20500.00|compare:|weight:2000|barcode:|qty:0 | rukka-thermog-gloves-4|Size:9|price:20500.00|compare:|weight:2000|barcode:|qty:0 | rukka-thermog-gloves-5|Size:10|price:20500.00|compare:|weight:2000|barcode:|qty:0 | rukka-thermog-gloves-6|Size:11|price:20500.00|compare:|weight:2000|barcode:|qty:0 | rukka-thermog-gloves-7|Size:12|price:20500.00|compare:|weight:2000|barcode:|qty:0 | rukka-thermog-gloves-8|Size:13|price:20500.00|compare:|weight:2000|barcode:|qty:0 | rukka-thermog-gloves-9|Size:14|price:20500.00|compare:|weight:2000|barcode:|qty:0,"rukka-thermog-gloves-1,rukka-thermog-gloves-2,rukka-thermog-gloves-3,rukka-thermog-gloves-4,rukka-thermog-gloves-5,rukka-thermog-gloves-6,rukka-thermog-gloves-7,rukka-thermog-gloves-8,rukka-thermog-gloves-9",9,https://cdn.shopify.com/s/files/1/0076/8301/4754/products/7_70884_778_R_990.jpg?v=1661856158|pos:1|alt:Rukka Rukka ThermoG+ Gloves – front view || https://cdn.shopify.com/s/files/1/0076/8301/4754/products/7_70884_778_R_990_palm.jpg?v=1661856158|pos:2|alt:Rukka Rukka ThermoG+ Gloves – side view,2,Rukka Rukka ThermoG+ Gloves – front view | Rukka Rukka ThermoG+ Gloves – side view,,0,Rukka ThermoG+ Gloves,Rukka ThermoG+ Gloves. Weather resistance and maximum touch sensitivity for perfect control with Gore Grip technology.,Textile gloves with leather palm.,Extra warmth for colder driving conditions with 200g Thinsulate insulation.,"Fully waterproof, windproof and breathable. Excellent grip feel for perfect control with Gore-Tex Gore-Grip technology.",,Available in multiple sizes. Check the size guide before ordering.,Rukka ThermoG+ Gloves — a riding Glov built to the specifications listed above.,true,draft,https://cdn.shopify.com/s/files/1/0076/8301/4754/products/7_70884_778_R_990.jpg?v=1661856158|role:hero || https://cdn.shopify.com/s/files/1/0076/8301/4754/products/7_70884_778_R_990_palm.jpg?v=1661856158|role:construction detail,2,false,/products/rukka-thermog-gloves,/products/rukka-thermog-gloves
rukka-frosto-gore-tex-gloves,rukka-frosto-gore-tex-gloves,Rukka Frosto Gore-Tex Gloves,Rukka Frosto Gore-Tex Gloves,rukka-frosto-gore-tex-gloves,"• Fully water- and windproof, breathable Gore-Tex® lining • Fully water- and windproof, breathable Gore-Tex® lining. • combination of leather and textile. • warm light thermo lining. • knuckle and scaphiod reinforcements. Available in multiple sizes and/or colours — select your variant.","<b>Features:</b><br>

<li>Fully water- and windproof, breathable Gore-Tex® lining</li>
<li>combination of leather and textile</li>
<li>warm light thermo lining</li>
<li>knuckle and scaphiod reinforcements</li>
<li>visor wiper in left index finger</li>
<li>long adjustable cuffs with double construction</li><br>
<b>ADDITIONAL PRODUCT INFORMATION</b><br>
<li>Material	55% cowhide leather, 41% nylon, 4% elasthane (contains non-textile parts of animal origin)</li>","Features:

• Fully water- and windproof, breathable Gore-Tex® lining

• combination of leather and textile

• warm light thermo lining

• knuckle and scaphiod reinforcements

• visor wiper in left index finger

• long adjustable cuffs with double construction

ADDITIONAL PRODUCT INFORMATION

• Material	55% cowhide leather, 41% nylon, 4% elasthane (contains non-textile parts of animal origin)",20500,,2026-07-26,active,Rukka,2000,g,Buy Rukka Frosto Gore-Tex Gloves | Mile 27 Store,"Fully water- and windproof, breathable Gore-Tex® lining Fully water- and windproof, breathable Gore-Tex® lining. combination of leather and textile. warm…","Fully water- and windproof, breathable Gore-Tex® lining | combination of leather and textile | warm light thermo lining | knuckle and scaphiod reinforcements",Cleaned noise; brand verified,High,false,Riding Gear > Riding Gloves,High,"Mapped from Shopify Type ""Riding Gloves""",rukka-frosto-gore-tex-gloves-1|Size:6|price:20500.00|compare:|weight:2000|barcode:|qty:0 | rukka-frosto-gore-tex-gloves-2|Size:7|price:20500.00|compare:|weight:2000|barcode:|qty:0 | rukka-frosto-gore-tex-gloves-3|Size:8|price:20500.00|compare:|weight:2000|barcode:|qty:0 | rukka-frosto-gore-tex-gloves-4|Size:9|price:20500.00|compare:|weight:2000|barcode:|qty:0 | rukka-frosto-gore-tex-gloves-5|Size:10|price:20500.00|compare:|weight:2000|barcode:|qty:0 | rukka-frosto-gore-tex-gloves-6|Size:11|price:20500.00|compare:|weight:2000|barcode:|qty:0 | rukka-frosto-gore-tex-gloves-7|Size:12|price:20500.00|compare:|weight:2000|barcode:|qty:0 | rukka-frosto-gore-tex-gloves-8|Size:13|price:20500.00|compare:|weight:2000|barcode:|qty:0 | rukka-frosto-gore-tex-gloves-9|Size:14|price:20500.00|compare:|weight:2000|barcode:|qty:0,"rukka-frosto-gore-tex-gloves-1,rukka-frosto-gore-tex-gloves-2,rukka-frosto-gore-tex-gloves-3,rukka-frosto-gore-tex-gloves-4,rukka-frosto-gore-tex-gloves-5,rukka-frosto-gore-tex-gloves-6,rukka-frosto-gore-tex-gloves-7,rukka-frosto-gore-tex-gloves-8,rukka-frosto-gore-tex-gloves-9",9,https://cdn.shopify.com/s/files/1/0076/8301/4754/products/3_70874_778_R_990.jpg?v=1661855307|pos:1|alt:Rukka Rukka Frosto Gore-Tex Gloves – front view || https://cdn.shopify.com/s/files/1/0076/8301/4754/products/3_70874_778_R_990_palm.jpg?v=1661855308|pos:2|alt:Rukka Rukka Frosto Gore-Tex Gloves – side view,2,Rukka Rukka Frosto Gore-Tex Gloves – front view | Rukka Rukka Frosto Gore-Tex Gloves – side view,,0,Rukka Frosto Gore-Tex Gloves,"Rukka Frosto Gore-Tex Gloves. • Fully water- and windproof, breathable Gore-Tex® lining • Fully water- and windproof, breathable Gore-Tex® lining.",combination of leather and textile.,,"Fully water- and windproof, breathable Gore-Tex® lining. warm light thermo lining. knuckle and scaphiod reinforcements.",,Available in multiple sizes. Check the size guide before ordering.,Rukka Frosto Gore-Tex Gloves — a riding Glov built to the specifications listed above.,true,draft,https://cdn.shopify.com/s/files/1/0076/8301/4754/products/3_70874_778_R_990.jpg?v=1661855307|role:hero || https://cdn.shopify.com/s/files/1/0076/8301/4754/products/3_70874_778_R_990_palm.jpg?v=1661855308|role:construction detail,2,false,/products/rukka-frosto-gore-tex-gloves,/products/rukka-frosto-gore-tex-gloves
rukka-ceres-2-0-gore-tex-gloves,rukka-ceres-2-0-gore-tex-gloves,Rukka Ceres 2.0 Gore-Tex Gloves,Rukka Ceres 2.0 Gore-Tex Gloves,rukka-ceres-2-0-gore-tex-gloves,"Gore-Tex gloves made of leather and elastic textile material. Weather resistance and maximum tactile sensitivity for perfect control thanks to Gore-Grip technology! • outstanding grip feeling for perfect control with X-Trafit technology. • waterproof, windproof and breathable. • ankle and wrist protection. • long windscreen wiper on the left hand. Available in multiple sizes and/or colours — select your variant.","Gore-Tex gloves made of leather and elastic textile material. Weather resistance and maximum tactile sensitivity for perfect control thanks to Gore-Grip technology!<br><br>

<b>Features:</b><br>

<li>outstanding grip feeling for perfect control with X-Trafit technology</li>
<li>waterproof, windproof and breathable</li>
<li>ankle and wrist protection</li>
<li>long windscreen wiper on the left hand</li>
<li>touchscreen fingertips</li>","Gore-Tex gloves made of leather and elastic textile material. Weather resistance and maximum tactile sensitivity for perfect control thanks to Gore-Grip technology!

Features:

• outstanding grip feeling for perfect control with X-Trafit technology

• waterproof, windproof and breathable

• ankle and wrist protection

• long windscreen wiper on the left hand

• touchscreen fingertips",24000,,2026-07-26,active,Rukka,2000,g,Buy Rukka Ceres 2.0 Gore-Tex Gloves | Mile 27 Store,Gore-Tex gloves made of leather and elastic textile material. Weather resistance and maximum tactile sensitivity for perfect control thanks to Gore-Grip…,"outstanding grip feeling for perfect control with X-Trafit technology | waterproof, windproof and breathable | ankle and wrist protection | long windscreen wiper on the left hand",Cleaned noise; brand verified,High,false,Riding Gear > Riding Gloves,High,"Mapped from Shopify Type ""Riding Gloves""",rukka-ceres-2-0-gore-tex-gloves-1|Size:6:Colour:Black|price:24000.00|compare:|weight:2000|barcode:|qty:0 | rukka-ceres-2-0-gore-tex-gloves-2|Size:6:Colour:Black/Blue|price:24000.00|compare:|weight:2000|barcode:|qty:0 | rukka-ceres-2-0-gore-tex-gloves-3|Size:6:Colour:Black/Yellow|price:24000.00|compare:|weight:2000|barcode:|qty:0 | rukka-ceres-2-0-gore-tex-gloves-4|Size:7:Colour:Black|price:24000.00|compare:|weight:2000|barcode:|qty:0 | rukka-ceres-2-0-gore-tex-gloves-5|Size:7:Colour:Black/Blue|price:24000.00|compare:|weight:2000|barcode:|qty:0 | rukka-ceres-2-0-gore-tex-gloves-6|Size:7:Colour:Black/Yellow|price:24000.00|compare:|weight:2000|barcode:|qty:0 | rukka-ceres-2-0-gore-tex-gloves-7|Size:8:Colour:Black|price:24000.00|compare:|weight:2000|barcode:|qty:0 | rukka-ceres-2-0-gore-tex-gloves-8|Size:8:Colour:Black/Blue|price:24000.00|compare:|weight:2000|barcode:|qty:0 | rukka-ceres-2-0-gore-tex-gloves-9|Size:8:Colour:Black/Yellow|price:24000.00|compare:|weight:2000|barcode:|qty:0 | rukka-ceres-2-0-gore-tex-gloves-10|Size:9:Colour:Black|price:24000.00|compare:|weight:2000|barcode:|qty:0 | rukka-ceres-2-0-gore-tex-gloves-11|Size:9:Colour:Black/Blue|price:24000.00|compare:|weight:2000|barcode:|qty:0 | rukka-ceres-2-0-gore-tex-gloves-12|Size:9:Colour:Black/Yellow|price:24000.00|compare:|weight:2000|barcode:|qty:0 | rukka-ceres-2-0-gore-tex-gloves-13|Size:10:Colour:Black|price:24000.00|compare:|weight:2000|barcode:|qty:0 | rukka-ceres-2-0-gore-tex-gloves-14|Size:10:Colour:Black/Blue|price:24000.00|compare:|weight:2000|barcode:|qty:0 | rukka-ceres-2-0-gore-tex-gloves-15|Size:10:Colour:Black/Yellow|price:24000.00|compare:|weight:2000|barcode:|qty:0 | rukka-ceres-2-0-gore-tex-gloves-16|Size:11:Colour:Black|price:24000.00|compare:|weight:2000|barcode:|qty:0 | rukka-ceres-2-0-gore-tex-gloves-17|Size:11:Colour:Black/Blue|price:24000.00|compare:|weight:2000|barcode:|qty:0 | rukka-ceres-2-0-gore-tex-gloves-18|Size:11:Colour:Black/Yellow|price:24000.00|compare:|weight:2000|barcode:|qty:0 | rukka-ceres-2-0-gore-tex-gloves-19|Size:12:Colour:Black|price:24000.00|compare:|weight:2000|barcode:|qty:0 | rukka-ceres-2-0-gore-tex-gloves-20|Size:12:Colour:Black/Blue|price:24000.00|compare:|weight:2000|barcode:|qty:0 | rukka-ceres-2-0-gore-tex-gloves-21|Size:12:Colour:Black/Yellow|price:24000.00|compare:|weight:2000|barcode:|qty:0 | rukka-ceres-2-0-gore-tex-gloves-22|Size:13:Colour:Black|price:24000.00|compare:|weight:2000|barcode:|qty:0 | rukka-ceres-2-0-gore-tex-gloves-23|Size:13:Colour:Black/Blue|price:24000.00|compare:|weight:2000|barcode:|qty:0 | rukka-ceres-2-0-gore-tex-gloves-24|Size:13:Colour:Black/Yellow|price:24000.00|compare:|weight:2000|barcode:|qty:0 | rukka-ceres-2-0-gore-tex-gloves-25|Size:14:Colour:Black|price:24000.00|compare:|weight:2000|barcode:|qty:0 | rukka-ceres-2-0-gore-tex-gloves-26|Size:14:Colour:Black/Blue|price:24000.00|compare:|weight:2000|barcode:|qty:0 | rukka-ceres-2-0-gore-tex-gloves-27|Size:14:Colour:Black/Yellow|price:24000.00|compare:|weight:2000|barcode:|qty:0,"rukka-ceres-2-0-gore-tex-gloves-1,rukka-ceres-2-0-gore-tex-gloves-2,rukka-ceres-2-0-gore-tex-gloves-3,rukka-ceres-2-0-gore-tex-gloves-4,rukka-ceres-2-0-gore-tex-gloves-5,rukka-ceres-2-0-gore-tex-gloves-6,rukka-ceres-2-0-gore-tex-gloves-7,rukka-ceres-2-0-gore-tex-gloves-8,rukka-ceres-2-0-gore-tex-gloves-9,rukka-ceres-2-0-gore-tex-gloves-10,rukka-ceres-2-0-gore-tex-gloves-11,rukka-ceres-2-0-gore-tex-gloves-12,rukka-ceres-2-0-gore-tex-gloves-13,rukka-ceres-2-0-gore-tex-gloves-14,rukka-ceres-2-0-gore-tex-gloves-15,rukka-ceres-2-0-gore-tex-gloves-16,rukka-ceres-2-0-gore-tex-gloves-17,rukka-ceres-2-0-gore-tex-gloves-18,rukka-ceres-2-0-gore-tex-gloves-19,rukka-ceres-2-0-gore-tex-gloves-20,rukka-ceres-2-0-gore-tex-gloves-21,rukka-ceres-2-0-gore-tex-gloves-22,rukka-ceres-2-0-gore-tex-gloves-23,rukka-ceres-2-0-gore-tex-gloves-24,rukka-ceres-2-0-gore-tex-gloves-25,rukka-ceres-2-0-gore-tex-gloves-26,rukka-ceres-2-0-gore-tex-gloves-27",27,https://cdn.shopify.com/s/files/1/0076/8301/4754/products/5_70880_778_R_990.jpg?v=1661855084|pos:1|alt:Rukka Rukka Ceres 2.0 Gore-Tex Gloves – front view || https://cdn.shopify.com/s/files/1/0076/8301/4754/products/5_70880_778_R_990_palm.jpg?v=1661855084|pos:2|alt:Rukka Rukka Ceres 2.0 Gore-Tex Gloves – side view || https://cdn.shopify.com/s/files/1/0076/8301/4754/products/5_70880_778_R_993.jpg?v=1661855086|pos:3|alt:Rukka Rukka Ceres 2.0 Gore-Tex Gloves – rear view || https://cdn.shopify.com/s/files/1/0076/8301/4754/products/5_70880_778_R_994.jpg?v=1661855086|pos:4|alt:Rukka Rukka Ceres 2.0 Gore-Tex Gloves – detail view,4,Rukka Rukka Ceres 2.0 Gore-Tex Gloves – front view | Rukka Rukka Ceres 2.0 Gore-Tex Gloves – side view | Rukka Rukka Ceres 2.0 Gore-Tex Gloves – rear view | Rukka Rukka Ceres 2.0 Gore-Tex Gloves – detail view,,0,Rukka Ceres 2.0 Gore-Tex Gloves,Rukka Ceres 2.0 Gore-Tex Gloves. Gore-Tex gloves made of leather and elastic textile material.,,,"outstanding grip feeling for perfect control with X-Trafit technology. waterproof, windproof and breathable. ankle and wrist protection. long windscreen wiper on the left hand.",,Available in multiple sizes. Check the size guide before ordering.,Rukka Ceres 2.0 Gore-Tex Gloves — a riding Glov built to the specifications listed above.,true,draft,https://cdn.shopify.com/s/files/1/0076/8301/4754/products/5_70880_778_R_990.jpg?v=1661855084|role:hero || https://cdn.shopify.com/s/files/1/0076/8301/4754/products/5_70880_778_R_990_palm.jpg?v=1661855084|role:construction detail || https://cdn.shopify.com/s/files/1/0076/8301/4754/products/5_70880_778_R_993.jpg?v=1661855086|role:side profile,3,false,/products/rukka-ceres-2-0-gore-tex-gloves,/products/rukka-ceres-2-0-gore-tex-gloves
rukka-apollo-2-0-gtx-leather-gloves,rukka-apollo-2-0-gtx-leather-gloves,Rukka Apollo 2.0 GTX Leather Gloves,Rukka Apollo 2.0 GTX Leather Gloves,rukka-apollo-2-0-gtx-leather-gloves,"Rukka designs and manufactures the motorcycle clothing according to the strict guidelines, ""safe & comfortable"" with the highest standards for waterproofing and comfort. Each garment… • Fully waterproof, windproof and breathable. • Goatskin gloves. • Operation of cell phones and navigation devices through touch screen system. • Best grip feeling due to GORE-TEX® Gore Grip technology. Available in multiple sizes and/or colours — select your variant.","Rukka designs and manufactures the motorcycle clothing according to the strict guidelines, ""safe &amp; comfortable"" with the highest standards for waterproofing and comfort. Each garment works best in its specific comfort zone Either hot or cold, rain or shine, Rukka offers flexible technologies for different riding conditions.<br><br>

<b>Features:</b><br>

<li>Fully waterproof, windproof and breathable</li>
<li>Goatskin gloves</li>
<li>Operation of cell phones and navigation devices through touch screen system</li>
<li>Best grip feeling due to GORE-TEX® Gore Grip technology</li>
<li>Visor wiper on the left index finger</li><br>
<b>Specifications:</b><br>

<li>Hand edge and knuckle protection</li><br>
<b>ADDITIONAL PRODUCT INFORMATION</b><br>
<li>Material	93% goatskin, 7% polyurethane / Contains non-textile parts of animal origin.</li>","Rukka designs and manufactures the motorcycle clothing according to the strict guidelines, ""safe & comfortable"" with the highest standards for waterproofing and comfort. Each garment works best in its specific comfort zone Either hot or cold, rain or shine, Rukka offers flexible technologies for different riding conditions.

Features:

• Fully waterproof, windproof and breathable

• Goatskin gloves

• Operation of cell phones and navigation devices through touch screen system

• Best grip feeling due to GORE-TEX® Gore Grip technology

• Visor wiper on the left index finger

Specifications:

• Hand edge and knuckle protection

ADDITIONAL PRODUCT INFORMATION

• Material	93% goatskin, 7% polyurethane / Contains non-textile parts of animal origin.",21500,,2026-07-26,active,Rukka,2000,g,Buy Rukka Apollo 2.0 GTX Leather Gloves | Mile 27 Store,"Rukka designs and manufactures the motorcycle clothing according to the strict guidelines, ""safe & comfortable"" with the highest standards for…","Fully waterproof, windproof and breathable | Goatskin gloves | Operation of cell phones and navigation devices through touch screen system | Best grip feeling due to GORE-TEX® Gore Grip technology",Cleaned noise; brand verified,High,false,Riding Gear > Riding Gloves,High,"Mapped from Shopify Type ""Riding Gloves""",rukka-apollo-2-0-gtx-leather-gloves-1|Size:6|price:21500.00|compare:|weight:2000|barcode:|qty:0 | rukka-apollo-2-0-gtx-leather-gloves-2|Size:7|price:21500.00|compare:|weight:2000|barcode:|qty:0 | rukka-apollo-2-0-gtx-leather-gloves-3|Size:8|price:21500.00|compare:|weight:2000|barcode:|qty:0 | rukka-apollo-2-0-gtx-leather-gloves-4|Size:9|price:21500.00|compare:|weight:2000|barcode:|qty:0 | rukka-apollo-2-0-gtx-leather-gloves-5|Size:10|price:21500.00|compare:|weight:2000|barcode:|qty:0 | rukka-apollo-2-0-gtx-leather-gloves-6|Size:11|price:21500.00|compare:|weight:2000|barcode:|qty:0 | rukka-apollo-2-0-gtx-leather-gloves-7|Size:12|price:21500.00|compare:|weight:2000|barcode:|qty:0 | rukka-apollo-2-0-gtx-leather-gloves-8|Size:13|price:21500.00|compare:|weight:2000|barcode:|qty:0 | rukka-apollo-2-0-gtx-leather-gloves-9|Size:14|price:21500.00|compare:|weight:2000|barcode:|qty:0,"rukka-apollo-2-0-gtx-leather-gloves-1,rukka-apollo-2-0-gtx-leather-gloves-2,rukka-apollo-2-0-gtx-leather-gloves-3,rukka-apollo-2-0-gtx-leather-gloves-4,rukka-apollo-2-0-gtx-leather-gloves-5,rukka-apollo-2-0-gtx-leather-gloves-6,rukka-apollo-2-0-gtx-leather-gloves-7,rukka-apollo-2-0-gtx-leather-gloves-8,rukka-apollo-2-0-gtx-leather-gloves-9",9,https://cdn.shopify.com/s/files/1/0076/8301/4754/products/9_70887_778_R_999.jpg?v=1661854752|pos:1|alt:Rukka Rukka Apollo 2.0 GTX Leather Gloves – front view || https://cdn.shopify.com/s/files/1/0076/8301/4754/products/9_70887_778_R_999_palm.jpg?v=1661854753|pos:2|alt:Rukka Rukka Apollo 2.0 GTX Leather Gloves – side view,2,Rukka Rukka Apollo 2.0 GTX Leather Gloves – front view | Rukka Rukka Apollo 2.0 GTX Leather Gloves – side view,,0,Rukka Apollo 2.0 GTX Leather Gloves,"Rukka Apollo 2.0 GTX Leather Gloves. Rukka designs and manufactures the motorcycle clothing according to the strict guidelines, ""safe & comfortable"" with the highest standards for waterproofing and comfort.",,,"Fully waterproof, windproof and breathable. Goatskin gloves. Operation of cell phones and navigation devices through touch screen system. Best grip feeling due to GORE-TEX® Gore Grip technology.",,Available in multiple sizes. Check the size guide before ordering.,Rukka Apollo 2.0 GTX Leather Gloves — a riding Glov built to the specifications listed above.,true,draft,https://cdn.shopify.com/s/files/1/0076/8301/4754/products/9_70887_778_R_999.jpg?v=1661854752|role:hero || https://cdn.shopify.com/s/files/1/0076/8301/4754/products/9_70887_778_R_999_palm.jpg?v=1661854753|role:construction detail,2,false,/products/rukka-apollo-2-0-gtx-leather-gloves,/products/rukka-apollo-2-0-gtx-leather-gloves
rukka-harros-gore-tex-gloves,rukka-harros-gore-tex-gloves,Rukka Harros Gore-Tex Gloves,Rukka Harros Gore-Tex Gloves,rukka-harros-gore-tex-gloves,• Fully water- and windproof and breathable Gore-Tex® lining • Fully water- and windproof and breathable  Gore-Tex® lining. • Combination of textile and leather. • Outlast lining. • Warm light wadding. Available in multiple sizes and/or colours — select your variant.,"<ul data-mce-fragment=""1"">
<li data-mce-fragment=""1"">Fully water- and windproof and breathable  Gore-Tex® lining</li>
<li data-mce-fragment=""1"">Combination of textile and leather</li>
<li data-mce-fragment=""1"">Outlast lining</li>
<li data-mce-fragment=""1"">Warm light wadding</li>
<li data-mce-fragment=""1"">Knuckle foam padding</li>
<li data-mce-fragment=""1"">Visor viper in left index finger</li>
<li data-mce-fragment=""1"">Elastic wrist with velcro tightening</li>
<li data-mce-fragment=""1"">Long adjustable cuffs</li>
<li data-mce-fragment=""1"">Reflecting details</li>
</ul>","• Fully water- and windproof and breathable  Gore-Tex® lining

• Combination of textile and leather

• Outlast lining

• Warm light wadding

• Knuckle foam padding

• Visor viper in left index finger

• Elastic wrist with velcro tightening

• Long adjustable cuffs

• Reflecting details",21500,,2026-07-26,active,Rukka,2000,g,Buy Rukka Harros Gore-Tex Gloves | Mile 27 Store,Fully water- and windproof and breathable Gore-Tex® lining Fully water- and windproof and breathable Gore-Tex® lining. Combination of textile and leather.…,Fully water- and windproof and breathable  Gore-Tex® lining | Combination of textile and leather | Outlast lining | Warm light wadding,Cleaned noise; brand verified,High,false,Riding Gear > Riding Gloves,High,"Mapped from Shopify Type ""Riding Gloves""",rukka-harros-gore-tex-gloves-1|Size:7|price:21500.00|compare:|weight:2000|barcode:|qty:0 | rukka-harros-gore-tex-gloves-2|Size:8|price:21500.00|compare:|weight:2000|barcode:|qty:0 | rukka-harros-gore-tex-gloves-3|Size:9|price:21500.00|compare:|weight:2000|barcode:|qty:0 | rukka-harros-gore-tex-gloves-4|Size:10|price:21500.00|compare:|weight:2000|barcode:|qty:0 | rukka-harros-gore-tex-gloves-5|Size:11|price:21500.00|compare:|weight:2000|barcode:|qty:0 | rukka-harros-gore-tex-gloves-6|Size:12|price:21500.00|compare:|weight:2000|barcode:|qty:0 | rukka-harros-gore-tex-gloves-7|Size:13|price:21500.00|compare:|weight:2000|barcode:|qty:0 | rukka-harros-gore-tex-gloves-8|Size:14|price:21500.00|compare:|weight:2000|barcode:|qty:0,"rukka-harros-gore-tex-gloves-1,rukka-harros-gore-tex-gloves-2,rukka-harros-gore-tex-gloves-3,rukka-harros-gore-tex-gloves-4,rukka-harros-gore-tex-gloves-5,rukka-harros-gore-tex-gloves-6,rukka-harros-gore-tex-gloves-7,rukka-harros-gore-tex-gloves-8",8,https://cdn.shopify.com/s/files/1/0076/8301/4754/products/Rukka-Harros-Gore-Tex-Glove-5_70865_778_R_296_back_Harros_1.jpg?v=1661854424|pos:1|alt:Rukka Rukka Harros Gore-Tex Gloves – front view || https://cdn.shopify.com/s/files/1/0076/8301/4754/products/Rukka-Harros-Gore-Tex-Glove-5_70865_778_R_296_palm_Harros.jpg?v=1661854424|pos:2|alt:Rukka Rukka Harros Gore-Tex Gloves – side view,2,Rukka Rukka Harros Gore-Tex Gloves – front view | Rukka Rukka Harros Gore-Tex Gloves – side view,,0,Rukka Harros Gore-Tex Gloves,Rukka Harros Gore-Tex Gloves. • Fully water- and windproof and breathable Gore-Tex® lining • Fully water- and windproof and breathable  Gore-Tex® lining.,Combination of textile and leather.,,Fully water- and windproof and breathable  Gore-Tex® lining. Outlast lining. Warm light wadding.,,Available in multiple sizes. Check the size guide before ordering.,Rukka Harros Gore-Tex Gloves — a riding Glov built to the specifications listed above.,true,draft,https://cdn.shopify.com/s/files/1/0076/8301/4754/products/Rukka-Harros-Gore-Tex-Glove-5_70865_778_R_296_back_Harros_1.jpg?v=1661854424|role:hero || https://cdn.shopify.com/s/files/1/0076/8301/4754/products/Rukka-Harros-Gore-Tex-Glove-5_70865_778_R_296_palm_Harros.jpg?v=1661854424|role:construction detail,2,false,/products/rukka-harros-gore-tex-gloves,/products/rukka-harros-gore-tex-gloves
rukka-r-star-gore-tex-gloves,rukka-r-star-gore-tex-gloves,Rukka R-Star Gore-Tex Gloves,Rukka R-Star Gore-Tex Gloves,rukka-r-star-gore-tex-gloves,• Fully water- and windproof and breathable Gore-Tex gloves • Fully water- and windproof and breathable Gore-Tex gloves. • Full leather gloves. • 2 in 1 technology. • Fleece lining. Available in multiple sizes and/or colours — select your variant.,"<ul data-mce-fragment=""1"">
<li data-mce-fragment=""1"">Fully water- and windproof and breathable Gore-Tex gloves</li>
<li data-mce-fragment=""1"">Full leather gloves</li>
<li data-mce-fragment=""1"">2 in 1 technology</li>
<li data-mce-fragment=""1"">Fleece lining</li>
<li data-mce-fragment=""1"">Extra warmth for colder riding conditions with light insulation</li>
<li data-mce-fragment=""1"">Knuckle  protection of carbon</li>
<li data-mce-fragment=""1"">Scaphoid protection with Super Fabric</li>
<li data-mce-fragment=""1"">Visor wiper in left hand</li>
</ul>","• Fully water- and windproof and breathable Gore-Tex gloves

• Full leather gloves

• 2 in 1 technology

• Fleece lining

• Extra warmth for colder riding conditions with light insulation

• Knuckle  protection of carbon

• Scaphoid protection with Super Fabric

• Visor wiper in left hand",28000,,2026-07-26,active,Rukka,2000,g,Buy Rukka R-Star Gore-Tex Gloves | Mile 27 Store,Fully water- and windproof and breathable Gore-Tex gloves Fully water- and windproof and breathable Gore-Tex gloves. Full leather gloves. 2 in 1…,Fully water- and windproof and breathable Gore-Tex gloves | Full leather gloves | 2 in 1 technology | Fleece lining,Cleaned noise; brand verified,High,false,Riding Gear > Riding Gloves,High,"Mapped from Shopify Type ""Riding Gloves""",rukka-r-star-gore-tex-gloves-1|Size:7|price:28000.00|compare:|weight:2000|barcode:|qty:0 | rukka-r-star-gore-tex-gloves-2|Size:8|price:28000.00|compare:|weight:2000|barcode:|qty:0 | rukka-r-star-gore-tex-gloves-3|Size:9|price:28000.00|compare:|weight:2000|barcode:|qty:0 | rukka-r-star-gore-tex-gloves-4|Size:10|price:28000.00|compare:|weight:2000|barcode:|qty:0 | rukka-r-star-gore-tex-gloves-5|Size:11|price:28000.00|compare:|weight:2000|barcode:|qty:0 | rukka-r-star-gore-tex-gloves-6|Size:12|price:28000.00|compare:|weight:2000|barcode:|qty:0 | rukka-r-star-gore-tex-gloves-7|Size:13|price:28000.00|compare:|weight:2000|barcode:|qty:0 | rukka-r-star-gore-tex-gloves-8|Size:14|price:28000.00|compare:|weight:2000|barcode:|qty:0,"rukka-r-star-gore-tex-gloves-1,rukka-r-star-gore-tex-gloves-2,rukka-r-star-gore-tex-gloves-3,rukka-r-star-gore-tex-gloves-4,rukka-r-star-gore-tex-gloves-5,rukka-r-star-gore-tex-gloves-6,rukka-r-star-gore-tex-gloves-7,rukka-r-star-gore-tex-gloves-8",8,https://cdn.shopify.com/s/files/1/0076/8301/4754/products/Rukka-R-Star-Glove-2.jpg?v=1661854095|pos:1|alt:Rukka Rukka R-Star Gore-Tex Gloves – front view || https://cdn.shopify.com/s/files/1/0076/8301/4754/products/Rukka-R-Star-Glove.jpg?v=1661854097|pos:2|alt:Rukka Rukka R-Star Gore-Tex Gloves – side view || https://cdn.shopify.com/s/files/1/0076/8301/4754/products/Rukka-R-Star-Glove-1.jpg?v=1661854096|pos:3|alt:Rukka Rukka R-Star Gore-Tex Gloves – rear view || https://cdn.shopify.com/s/files/1/0076/8301/4754/products/Rukka-R-Star-Glove-3.jpg?v=1661854095|pos:4|alt:Rukka Rukka R-Star Gore-Tex Gloves – detail view,4,Rukka Rukka R-Star Gore-Tex Gloves – front view | Rukka Rukka R-Star Gore-Tex Gloves – side view | Rukka Rukka R-Star Gore-Tex Gloves – rear view | Rukka Rukka R-Star Gore-Tex Gloves – detail view,,0,Rukka R-Star Gore-Tex Gloves,Rukka R-Star Gore-Tex Gloves. • Fully water- and windproof and breathable Gore-Tex gloves • Fully water- and windproof and breathable Gore-Tex gloves.,Full leather gloves.,,Fully water- and windproof and breathable Gore-Tex gloves. 2 in 1 technology. Fleece lining.,,Available in multiple sizes. Check the size guide before ordering.,Rukka R-Star Gore-Tex Gloves — a riding Glov built to the specifications listed above.,true,draft,https://cdn.shopify.com/s/files/1/0076/8301/4754/products/Rukka-R-Star-Glove-2.jpg?v=1661854095|role:hero || https://cdn.shopify.com/s/files/1/0076/8301/4754/products/Rukka-R-Star-Glove.jpg?v=1661854097|role:construction detail || https://cdn.shopify.com/s/files/1/0076/8301/4754/products/Rukka-R-Star-Glove-1.jpg?v=1661854096|role:side profile,3,false,/products/rukka-r-star-gore-tex-gloves,/products/rukka-r-star-gore-tex-gloves
rukka-argosaurus-2-0-gore-tex-gloves,rukka-argosaurus-2-0-gore-tex-gloves,Rukka Argosaurus 2.0 Gore-Tex Gloves,Rukka Argosaurus 2.0 Gore-Tex Gloves,rukka-argosaurus-2-0-gore-tex-gloves,"Weather resistance and maximum tactile sensitivity for perfect control thanks to Gore-Grip technology! • leather gloves. • excellent grip for perfect control with Gore Grip Technology. • waterproof, windproof and breathable. • combination of leather and neoprene. Available in multiple sizes and/or colours — select your variant.","Weather resistance and maximum tactile sensitivity for perfect control thanks to Gore-Grip technology!<br><br>

<b>Features:</b><br>

<li>leather gloves</li>
<li>excellent grip for perfect control with Gore Grip Technology</li>
<li>waterproof, windproof and breathable</li>
<li>combination of leather and neoprene</li>
<li>ankle protection made of TPU</li>
<li>ventilation at the ankles</li>
<li>""Finger bridge"" between the third and fourth fingers.</li>
<li>touchscreen fingertip for operating mobile phone / Navy</li>","Weather resistance and maximum tactile sensitivity for perfect control thanks to Gore-Grip technology!

Features:

• leather gloves

• excellent grip for perfect control with Gore Grip Technology

• waterproof, windproof and breathable

• combination of leather and neoprene

• ankle protection made of TPU

• ventilation at the ankles

• ""Finger bridge"" between the third and fourth fingers.

• touchscreen fingertip for operating mobile phone / Navy",30000,,2026-07-26,active,Rukka,2000,g,Buy Rukka Argosaurus 2.0 Gore-Tex Gloves | Mile 27 Store,Weather resistance and maximum tactile sensitivity for perfect control thanks to Gore-Grip technology! leather gloves. excellent grip for perfect control…,"leather gloves | excellent grip for perfect control with Gore Grip Technology | waterproof, windproof and breathable | combination of leather and neoprene",Cleaned noise; brand verified,High,false,Riding Gear > Riding Gloves,High,"Mapped from Shopify Type ""Riding Gloves""",rukka-argosaurus-2-0-gore-tex-gloves-1|Size:6:Colour:Black|price:30000.00|compare:|weight:2000|barcode:|qty:0 | rukka-argosaurus-2-0-gore-tex-gloves-2|Size:6:Colour:Black/Yellow|price:30000.00|compare:|weight:2000|barcode:|qty:0 | rukka-argosaurus-2-0-gore-tex-gloves-3|Size:7:Colour:Black|price:30000.00|compare:|weight:2000|barcode:|qty:0 | rukka-argosaurus-2-0-gore-tex-gloves-4|Size:7:Colour:Black/Yellow|price:30000.00|compare:|weight:2000|barcode:|qty:0 | rukka-argosaurus-2-0-gore-tex-gloves-5|Size:8:Colour:Black|price:30000.00|compare:|weight:2000|barcode:|qty:0 | rukka-argosaurus-2-0-gore-tex-gloves-6|Size:8:Colour:Black/Yellow|price:30000.00|compare:|weight:2000|barcode:|qty:0 | rukka-argosaurus-2-0-gore-tex-gloves-7|Size:9:Colour:Black|price:30000.00|compare:|weight:2000|barcode:|qty:0 | rukka-argosaurus-2-0-gore-tex-gloves-8|Size:9:Colour:Black/Yellow|price:30000.00|compare:|weight:2000|barcode:|qty:0 | rukka-argosaurus-2-0-gore-tex-gloves-9|Size:10:Colour:Black|price:30000.00|compare:|weight:2000|barcode:|qty:0 | rukka-argosaurus-2-0-gore-tex-gloves-10|Size:10:Colour:Black/Yellow|price:30000.00|compare:|weight:2000|barcode:|qty:0 | rukka-argosaurus-2-0-gore-tex-gloves-11|Size:11:Colour:Black|price:30000.00|compare:|weight:2000|barcode:|qty:0 | rukka-argosaurus-2-0-gore-tex-gloves-12|Size:11:Colour:Black/Yellow|price:30000.00|compare:|weight:2000|barcode:|qty:0 | rukka-argosaurus-2-0-gore-tex-gloves-13|Size:12:Colour:Black|price:30000.00|compare:|weight:2000|barcode:|qty:0 | rukka-argosaurus-2-0-gore-tex-gloves-14|Size:12:Colour:Black/Yellow|price:30000.00|compare:|weight:2000|barcode:|qty:0 | rukka-argosaurus-2-0-gore-tex-gloves-15|Size:13:Colour:Black|price:30000.00|compare:|weight:2000|barcode:|qty:0 | rukka-argosaurus-2-0-gore-tex-gloves-16|Size:13:Colour:Black/Yellow|price:30000.00|compare:|weight:2000|barcode:|qty:0 | rukka-argosaurus-2-0-gore-tex-gloves-17|Size:14:Colour:Black|price:30000.00|compare:|weight:2000|barcode:|qty:0 | rukka-argosaurus-2-0-gore-tex-gloves-18|Size:14:Colour:Black/Yellow|price:30000.00|compare:|weight:2000|barcode:|qty:0,"rukka-argosaurus-2-0-gore-tex-gloves-1,rukka-argosaurus-2-0-gore-tex-gloves-2,rukka-argosaurus-2-0-gore-tex-gloves-3,rukka-argosaurus-2-0-gore-tex-gloves-4,rukka-argosaurus-2-0-gore-tex-gloves-5,rukka-argosaurus-2-0-gore-tex-gloves-6,rukka-argosaurus-2-0-gore-tex-gloves-7,rukka-argosaurus-2-0-gore-tex-gloves-8,rukka-argosaurus-2-0-gore-tex-gloves-9,rukka-argosaurus-2-0-gore-tex-gloves-10,rukka-argosaurus-2-0-gore-tex-gloves-11,rukka-argosaurus-2-0-gore-tex-gloves-12,rukka-argosaurus-2-0-gore-tex-gloves-13,rukka-argosaurus-2-0-gore-tex-gloves-14,rukka-argosaurus-2-0-gore-tex-gloves-15,rukka-argosaurus-2-0-gore-tex-gloves-16,rukka-argosaurus-2-0-gore-tex-gloves-17,rukka-argosaurus-2-0-gore-tex-gloves-18",18,https://cdn.shopify.com/s/files/1/0076/8301/4754/products/5_70879_778_R_999.jpg?v=1661853196|pos:1|alt:Rukka Rukka Argosaurus 2.0 Gore-Tex Gloves – front view || https://cdn.shopify.com/s/files/1/0076/8301/4754/products/5_70879_778_R_999_palm.jpg?v=1661853197|pos:2|alt:Rukka Rukka Argosaurus 2.0 Gore-Tex Gloves – side view || https://cdn.shopify.com/s/files/1/0076/8301/4754/products/5_70879_778_R_940.jpg?v=1661853198|pos:3|alt:Rukka Rukka Argosaurus 2.0 Gore-Tex Gloves – rear view || https://cdn.shopify.com/s/files/1/0076/8301/4754/products/5_70879_778_R_940_palm.jpg?v=1661853198|pos:4|alt:Rukka Rukka Argosaurus 2.0 Gore-Tex Gloves – detail view,4,Rukka Rukka Argosaurus 2.0 Gore-Tex Gloves – front view | Rukka Rukka Argosaurus 2.0 Gore-Tex Gloves – side view | Rukka Rukka Argosaurus 2.0 Gore-Tex Gloves – rear view | Rukka Rukka Argosaurus 2.0 Gore-Tex Gloves – detail view,,0,Rukka Argosaurus 2.0 Gore-Tex Gloves,Rukka Argosaurus 2.0 Gore-Tex Gloves. Weather resistance and maximum tactile sensitivity for perfect control thanks to Gore-Grip technology! • leather gloves.,leather gloves. combination of leather and neoprene.,,"excellent grip for perfect control with Gore Grip Technology. waterproof, windproof and breathable.",,Available in multiple sizes. Check the size guide before ordering.,Rukka Argosaurus 2.0 Gore-Tex Gloves — a riding Glov built to the specifications listed above.,true,draft,https://cdn.shopify.com/s/files/1/0076/8301/4754/products/5_70879_778_R_999.jpg?v=1661853196|role:hero || https://cdn.shopify.com/s/files/1/0076/8301/4754/products/5_70879_778_R_999_palm.jpg?v=1661853197|role:construction detail || https://cdn.shopify.com/s/files/1/0076/8301/4754/products/5_70879_778_R_940.jpg?v=1661853198|role:side profile,3,false,/products/rukka-argosaurus-2-0-gore-tex-gloves,/products/rukka-argosaurus-2-0-gore-tex-gloves
rukka-stretchdry-gore-tex-textile-jacket,rukka-stretchdry-gore-tex-textile-jacket,Rukka StretchDry Gore-Tex Textile Jacket,Rukka StretchDry Gore-Tex Textile Jacket,rukka-stretchdry-gore-tex-textile-jacket,"The new StretchDry suit is the perfect wet weather gear for all who choose a Rukka AirPower suit without a membrane as their ultimate solution… • 100% breathable, wind- and waterproof Gore-Tex® 2-layer laminated to light and durable polyester shell fabric. • abrasion-resistant 500D Cordura® reinforcements on shoulders and elbows. • ventilation openings with zipper and mesh inserts. • on sides. Available in multiple sizes and/or colours — select your variant.","The new StretchDry suit is the perfect wet weather gear for all who choose a Rukka AirPower suit without a membrane as their ultimate solution for hot summer weather.<br><br>

ATTENTION! The jacket has no protectors or protector pockets. It was designed as weather protection for clothing from the Air series, the StretchAir are already equipped with protectors and a protector pocket.<br><br>

<b>Materials</b><br>

<li>100% breathable, wind- and waterproof Gore-Tex® 2-layer laminated to light and durable polyester shell fabric</li>
<li>abrasion-resistant 500D Cordura® reinforcements on shoulders and elbows</li><br>
<b>Ventilation</b><br>

<li>ventilation openings with zipper and mesh inserts</li>
<li>on sides</li>
<b>Adjustability and Fit</b><br>

<li>adjustable hem with Velcro tightening</li>
<li>Flex2Fit elastic panels under arm and back</li>
<li>a crotch strap and a long connecting zipper for trousers</li>
<li>Jacket has no protectors or protector pockets</li><br>
<b>Pockets</b><br>

<li>two lower pockets with zippers</li>
<li>time card pocket with zipper on the left sleeve end</li><br>
<b>Comfort and Special Features</b><br>

<li>sleeves with velcros</li><br>
  

<b>ADDITIONAL PRODUCT INFORMATION</b><br>
<li>Material	100% polyester</li>","The new StretchDry suit is the perfect wet weather gear for all who choose a Rukka AirPower suit without a membrane as their ultimate solution for hot summer weather.

ATTENTION! The jacket has no protectors or protector pockets. It was designed as weather protection for clothing from the Air series, the StretchAir are already equipped with protectors and a protector pocket.

Materials

• 100% breathable, wind- and waterproof Gore-Tex® 2-layer laminated to light and durable polyester shell fabric

• abrasion-resistant 500D Cordura® reinforcements on shoulders and elbows

Ventilation

• ventilation openings with zipper and mesh inserts

• on sides

Adjustability and Fit

• adjustable hem with Velcro tightening

• Flex2Fit elastic panels under arm and back

• a crotch strap and a long connecting zipper for trousers

• Jacket has no protectors or protector pockets

Pockets

• two lower pockets with zippers

• time card pocket with zipper on the left sleeve end

Comfort and Special Features

• sleeves with velcros

  

ADDITIONAL PRODUCT INFORMATION

• Material	100% polyester",51000,,2026-07-26,active,Rukka,7000,g,Buy Rukka StretchDry Gore-Tex Textile Jacket | Mile 27 Store,The new StretchDry suit is the perfect wet weather gear for all who choose a Rukka AirPower suit without a membrane as their ultimate solution… 100%…,"100% breathable, wind- and waterproof Gore-Tex® 2-layer laminated to light and durable polyester shell fabric | abrasion-resistant 500D Cordura® reinforcements on shoulders and elbows | ventilation openings with zipper and mesh inserts | on sides",Cleaned noise; brand verified,High,false,Riding Gear > Riding Jackets > Textile Jackets,High,"Refined by title keyword: ""\b(textile\s+jacket|touring\s+jacket|adventure\s+jacket)\b""",rukka-stretchdry-gore-tex-textile-jacket-1|Size:46:Colour:Black/White|price:51000.00|compare:|weight:7000|barcode:|qty:0 | rukka-stretchdry-gore-tex-textile-jacket-2|Size:46:Colour:Black/Yellow|price:51000.00|compare:|weight:7000|barcode:|qty:0 | rukka-stretchdry-gore-tex-textile-jacket-3|Size:48:Colour:Black/White|price:51000.00|compare:|weight:7000|barcode:|qty:0 | rukka-stretchdry-gore-tex-textile-jacket-4|Size:48:Colour:Black/Yellow|price:51000.00|compare:|weight:7000|barcode:|qty:0 | rukka-stretchdry-gore-tex-textile-jacket-5|Size:50:Colour:Black/White|price:51000.00|compare:|weight:7000|barcode:|qty:0 | rukka-stretchdry-gore-tex-textile-jacket-6|Size:50:Colour:Black/Yellow|price:51000.00|compare:|weight:7000|barcode:|qty:0 | rukka-stretchdry-gore-tex-textile-jacket-7|Size:52:Colour:Black/White|price:51000.00|compare:|weight:7000|barcode:|qty:0 | rukka-stretchdry-gore-tex-textile-jacket-8|Size:52:Colour:Black/Yellow|price:51000.00|compare:|weight:7000|barcode:|qty:0 | rukka-stretchdry-gore-tex-textile-jacket-9|Size:54:Colour:Black/White|price:51000.00|compare:|weight:7000|barcode:|qty:0 | rukka-stretchdry-gore-tex-textile-jacket-10|Size:54:Colour:Black/Yellow|price:51000.00|compare:|weight:7000|barcode:|qty:0 | rukka-stretchdry-gore-tex-textile-jacket-11|Size:56:Colour:Black/White|price:51000.00|compare:|weight:7000|barcode:|qty:0 | rukka-stretchdry-gore-tex-textile-jacket-12|Size:56:Colour:Black/Yellow|price:51000.00|compare:|weight:7000|barcode:|qty:0 | rukka-stretchdry-gore-tex-textile-jacket-13|Size:58:Colour:Black/White|price:51000.00|compare:|weight:7000|barcode:|qty:0 | rukka-stretchdry-gore-tex-textile-jacket-14|Size:58:Colour:Black/Yellow|price:51000.00|compare:|weight:7000|barcode:|qty:0 | rukka-stretchdry-gore-tex-textile-jacket-15|Size:60:Colour:Black/White|price:51000.00|compare:|weight:7000|barcode:|qty:0 | rukka-stretchdry-gore-tex-textile-jacket-16|Size:60:Colour:Black/Yellow|price:51000.00|compare:|weight:7000|barcode:|qty:0 | rukka-stretchdry-gore-tex-textile-jacket-17|Size:62:Colour:Black/White|price:51000.00|compare:|weight:7000|barcode:|qty:0 | rukka-stretchdry-gore-tex-textile-jacket-18|Size:62:Colour:Black/Yellow|price:51000.00|compare:|weight:7000|barcode:|qty:0 | rukka-stretchdry-gore-tex-textile-jacket-19|Size:64:Colour:Black/White|price:51000.00|compare:|weight:7000|barcode:|qty:0 | rukka-stretchdry-gore-tex-textile-jacket-20|Size:64:Colour:Black/Yellow|price:51000.00|compare:|weight:7000|barcode:|qty:0 | rukka-stretchdry-gore-tex-textile-jacket-21|Size:66:Colour:Black/White|price:51000.00|compare:|weight:7000|barcode:|qty:0 | rukka-stretchdry-gore-tex-textile-jacket-22|Size:66:Colour:Black/Yellow|price:51000.00|compare:|weight:7000|barcode:|qty:0,"rukka-stretchdry-gore-tex-textile-jacket-1,rukka-stretchdry-gore-tex-textile-jacket-2,rukka-stretchdry-gore-tex-textile-jacket-3,rukka-stretchdry-gore-tex-textile-jacket-4,rukka-stretchdry-gore-tex-textile-jacket-5,rukka-stretchdry-gore-tex-textile-jacket-6,rukka-stretchdry-gore-tex-textile-jacket-7,rukka-stretchdry-gore-tex-textile-jacket-8,rukka-stretchdry-gore-tex-textile-jacket-9,rukka-stretchdry-gore-tex-textile-jacket-10,rukka-stretchdry-gore-tex-textile-jacket-11,rukka-stretchdry-gore-tex-textile-jacket-12,rukka-stretchdry-gore-tex-textile-jacket-13,rukka-stretchdry-gore-tex-textile-jacket-14,rukka-stretchdry-gore-tex-textile-jacket-15,rukka-stretchdry-gore-tex-textile-jacket-16,rukka-stretchdry-gore-tex-textile-jacket-17,rukka-stretchdry-gore-tex-textile-jacket-18,rukka-stretchdry-gore-tex-textile-jacket-19,rukka-stretchdry-gore-tex-textile-jacket-20,rukka-stretchdry-gore-tex-textile-jacket-21,rukka-stretchdry-gore-tex-textile-jacket-22",22,https://cdn.shopify.com/s/files/1/0076/8301/4754/products/3_70210_747_R_990.jpg?v=1661852138|pos:1|alt:Rukka Rukka StretchDry Gore-Tex Textile Jacket – front view || https://cdn.shopify.com/s/files/1/0076/8301/4754/products/3_70210_747_R_990_back.jpg?v=1661852138|pos:2|alt:Rukka Rukka StretchDry Gore-Tex Textile Jacket – side view || https://cdn.shopify.com/s/files/1/0076/8301/4754/products/3_70210_747_R_994.jpg?v=1661852140|pos:3|alt:Rukka Rukka StretchDry Gore-Tex Textile Jacket – rear view || https://cdn.shopify.com/s/files/1/0076/8301/4754/products/3_70210_747_R_994_back.jpg?v=1661852138|pos:4|alt:Rukka Rukka StretchDry Gore-Tex Textile Jacket – detail view,4,Rukka Rukka StretchDry Gore-Tex Textile Jacket – front view | Rukka Rukka StretchDry Gore-Tex Textile Jacket – side view | Rukka Rukka StretchDry Gore-Tex Textile Jacket – rear view | Rukka Rukka StretchDry Gore-Tex Textile Jacket – detail view,,0,Rukka StretchDry Gore-Tex Textile Jacket,Rukka StretchDry Gore-Tex Textile Jacket. The new StretchDry suit is the perfect wet weather gear for all who choose a Rukka AirPower suit without a membrane as their ultimate solution… •.,"100% breathable, wind- and waterproof Gore-Tex® 2-layer laminated to light and durable polyester shell fabric. ventilation openings with zipper and mesh inserts.",ventilation openings with zipper and mesh inserts.,abrasion-resistant 500D Cordura® reinforcements on shoulders and elbows. on sides.,,Available in multiple sizes. Check the size guide before ordering.,Rukka StretchDry Gore-Tex Textile Jacket — a textile Jacket built to the specifications listed above.,true,draft,https://cdn.shopify.com/s/files/1/0076/8301/4754/products/3_70210_747_R_990.jpg?v=1661852138|role:hero || https://cdn.shopify.com/s/files/1/0076/8301/4754/products/3_70210_747_R_990_back.jpg?v=1661852138|role:construction detail || https://cdn.shopify.com/s/files/1/0076/8301/4754/products/3_70210_747_R_994.jpg?v=1661852140|role:side profile,3,false,/products/rukka-stretchdry-gore-tex-textile-jacket,/products/rukka-stretchdry-gore-tex-textile-jacket
rukka-raymore-textile-jacket,rukka-raymore-textile-jacket,Rukka Raymore Textile Jacket,Rukka Raymore Textile Jacket,rukka-raymore-textile-jacket,"The perfect blend of safety, comfort and a laid back look. Riding on the Highway, looking great at a bike meet or strolling through the… • abrasion-resistant Cordura cotton 500D shell fabric. • ventilation openings with zipper and mesh inserts. • on sides. • adjustable hem and cuffs with press buttons. Available in multiple sizes and/or colours — select your variant.","The perfect blend of safety, comfort and a laid back look. Riding on the Highway, looking great at a bike meet or strolling through the inner city - with the Raymore, Melfort and Yorkton, Rukka offers cool guys perfect jackets for any occasion.<br><br>

<b>Materials</b><br>

<li>abrasion-resistant Cordura cotton 500D shell fabric</li><br>
<b>Ventilation</b><br>

<li>ventilation openings with zipper and mesh inserts</li>

<li>on sides</li><br>
<b>Adjustability and Fit</b><br>

<li>adjustable hem and cuffs with press buttons</li>
<li>practical crotch strap allows the jacket to fit securely (even in the event of a fall)</li><br>
<b>Pockets</b><br>

<li>four outside pockets, lower left pocket has one water resistant bag</li>
<li>two inside pockets</li><br>
<b>Protectors</b><br>

<li>D3O® Air XTR shoulder and elbow protectors EN 1621-1 2012, Level 2</li>
<li>pocket for Rukka D3O® Air Allback protector EN1621-2 2014</li><br>
<b>Comfort and Special Features</b><br>

<li>cordura stretch panels on sides, sleeves and on back</li>
<li>elastic accordion panels above elbow</li><br>


<b>ADDITIONAL PRODUCT INFORMATION</b><br>
<li>Material	60% cotton, 40% polyamide</li>","The perfect blend of safety, comfort and a laid back look. Riding on the Highway, looking great at a bike meet or strolling through the inner city - with the Raymore, Melfort and Yorkton, Rukka offers cool guys perfect jackets for any occasion.

Materials

• abrasion-resistant Cordura cotton 500D shell fabric

Ventilation

• ventilation openings with zipper and mesh inserts

• on sides

Adjustability and Fit

• adjustable hem and cuffs with press buttons

• practical crotch strap allows the jacket to fit securely (even in the event of a fall)

Pockets

• four outside pockets, lower left pocket has one water resistant bag

• two inside pockets

Protectors

• D3O® Air XTR shoulder and elbow protectors EN 1621-1 2012, Level 2

• pocket for Rukka D3O® Air Allback protector EN1621-2 2014

Comfort and Special Features

• cordura stretch panels on sides, sleeves and on back

• elastic accordion panels above elbow

ADDITIONAL PRODUCT INFORMATION

• Material	60% cotton, 40% polyamide",48000,,2026-07-26,active,Rukka,7000,g,Buy Rukka Raymore Textile Jacket | Mile 27 Store,"The perfect blend of safety, comfort and a laid back look. Riding on the Highway, looking great at a bike meet or strolling through the……",abrasion-resistant Cordura cotton 500D shell fabric | ventilation openings with zipper and mesh inserts | on sides | adjustable hem and cuffs with press buttons,Cleaned noise; brand verified,High,false,Riding Gear > Riding Jackets > Textile Jackets,High,"Refined by title keyword: ""\b(textile\s+jacket|touring\s+jacket|adventure\s+jacket)\b""",rukka-raymore-textile-jacket-1|Size:46:Colour:Black/Silver|price:48000.00|compare:|weight:7000|barcode:|qty:0 | rukka-raymore-textile-jacket-2|Size:46:Colour:Dark Blue|price:48000.00|compare:|weight:7000|barcode:|qty:0 | rukka-raymore-textile-jacket-3|Size:48:Colour:Black/Silver|price:48000.00|compare:|weight:7000|barcode:|qty:0 | rukka-raymore-textile-jacket-4|Size:48:Colour:Dark Blue|price:48000.00|compare:|weight:7000|barcode:|qty:0 | rukka-raymore-textile-jacket-5|Size:50:Colour:Black/Silver|price:48000.00|compare:|weight:7000|barcode:|qty:0 | rukka-raymore-textile-jacket-6|Size:50:Colour:Dark Blue|price:48000.00|compare:|weight:7000|barcode:|qty:0 | rukka-raymore-textile-jacket-7|Size:52:Colour:Black/Silver|price:48000.00|compare:|weight:7000|barcode:|qty:0 | rukka-raymore-textile-jacket-8|Size:52:Colour:Dark Blue|price:48000.00|compare:|weight:7000|barcode:|qty:0 | rukka-raymore-textile-jacket-9|Size:54:Colour:Black/Silver|price:48000.00|compare:|weight:7000|barcode:|qty:0 | rukka-raymore-textile-jacket-10|Size:54:Colour:Dark Blue|price:48000.00|compare:|weight:7000|barcode:|qty:0 | rukka-raymore-textile-jacket-11|Size:56:Colour:Black/Silver|price:48000.00|compare:|weight:7000|barcode:|qty:0 | rukka-raymore-textile-jacket-12|Size:56:Colour:Dark Blue|price:48000.00|compare:|weight:7000|barcode:|qty:0 | rukka-raymore-textile-jacket-13|Size:58:Colour:Black/Silver|price:48000.00|compare:|weight:7000|barcode:|qty:0 | rukka-raymore-textile-jacket-14|Size:58:Colour:Dark Blue|price:48000.00|compare:|weight:7000|barcode:|qty:0 | rukka-raymore-textile-jacket-15|Size:60:Colour:Black/Silver|price:48000.00|compare:|weight:7000|barcode:|qty:0 | rukka-raymore-textile-jacket-16|Size:60:Colour:Dark Blue|price:48000.00|compare:|weight:7000|barcode:|qty:0 | rukka-raymore-textile-jacket-17|Size:62:Colour:Black/Silver|price:48000.00|compare:|weight:7000|barcode:|qty:0 | rukka-raymore-textile-jacket-18|Size:62:Colour:Dark Blue|price:48000.00|compare:|weight:7000|barcode:|qty:0 | rukka-raymore-textile-jacket-19|Size:64:Colour:Black/Silver|price:48000.00|compare:|weight:7000|barcode:|qty:0 | rukka-raymore-textile-jacket-20|Size:64:Colour:Dark Blue|price:48000.00|compare:|weight:7000|barcode:|qty:0 | rukka-raymore-textile-jacket-21|Size:66:Colour:Black/Silver|price:48000.00|compare:|weight:7000|barcode:|qty:0 | rukka-raymore-textile-jacket-22|Size:66:Colour:Dark Blue|price:48000.00|compare:|weight:7000|barcode:|qty:0,"rukka-raymore-textile-jacket-1,rukka-raymore-textile-jacket-2,rukka-raymore-textile-jacket-3,rukka-raymore-textile-jacket-4,rukka-raymore-textile-jacket-5,rukka-raymore-textile-jacket-6,rukka-raymore-textile-jacket-7,rukka-raymore-textile-jacket-8,rukka-raymore-textile-jacket-9,rukka-raymore-textile-jacket-10,rukka-raymore-textile-jacket-11,rukka-raymore-textile-jacket-12,rukka-raymore-textile-jacket-13,rukka-raymore-textile-jacket-14,rukka-raymore-textile-jacket-15,rukka-raymore-textile-jacket-16,rukka-raymore-textile-jacket-17,rukka-raymore-textile-jacket-18,rukka-raymore-textile-jacket-19,rukka-raymore-textile-jacket-20,rukka-raymore-textile-jacket-21,rukka-raymore-textile-jacket-22",22,https://cdn.shopify.com/s/files/1/0076/8301/4754/products/3_70157_729_R_990.jpg?v=1661851812|pos:1|alt:Rukka Rukka Raymore Textile Jacket – front view || https://cdn.shopify.com/s/files/1/0076/8301/4754/products/3_70157_729_R_990_back.jpg?v=1661851814|pos:2|alt:Rukka Rukka Raymore Textile Jacket – side view || https://cdn.shopify.com/s/files/1/0076/8301/4754/products/3_70157_729_R_195.jpg?v=1661851814|pos:3|alt:Rukka Rukka Raymore Textile Jacket – rear view,3,Rukka Rukka Raymore Textile Jacket – front view | Rukka Rukka Raymore Textile Jacket – side view | Rukka Rukka Raymore Textile Jacket – rear view,,0,Rukka Raymore Textile Jacket,"Rukka Raymore Textile Jacket. The perfect blend of safety, comfort and a laid back look.",abrasion-resistant Cordura cotton 500D shell fabric. ventilation openings with zipper and mesh inserts.,ventilation openings with zipper and mesh inserts.,on sides. adjustable hem and cuffs with press buttons.,,Available in multiple sizes. Check the size guide before ordering.,Rukka Raymore Textile Jacket — a textile Jacket built to the specifications listed above.,true,draft,https://cdn.shopify.com/s/files/1/0076/8301/4754/products/3_70157_729_R_990.jpg?v=1661851812|role:hero || https://cdn.shopify.com/s/files/1/0076/8301/4754/products/3_70157_729_R_990_back.jpg?v=1661851814|role:construction detail || https://cdn.shopify.com/s/files/1/0076/8301/4754/products/3_70157_729_R_195.jpg?v=1661851814|role:side profile,3,false,/products/rukka-raymore-textile-jacket,/products/rukka-raymore-textile-jacket
rukka-airventur-textile-jacket,rukka-airventur-textile-jacket,Rukka AirventuR Textile Jacket,Rukka AirventuR Textile Jacket,rukka-airventur-textile-jacket,"Rukka, the Finnish motorcycle apparel experts, expand their AirPower collection with the new suit AirventuR, combining maximum wearing comfort with outstanding safety. • knitted mesh Cordura AFT for maximum airflow. • knitted Cordura AFT two layers strengthening on elbows and shoulders. • cuffs with zippers and velcro tightening in hem. • a long connecting zipper for trousers. Available in multiple sizes and/or colours — select your variant.","Rukka, the Finnish motorcycle apparel experts, expand their AirPower collection with the new suit AirventuR, combining maximum wearing comfort with outstanding safety.<br><br>

<b>Materials</b><br>

<li>knitted mesh Cordura AFT for maximum airflow</li>
<li>knitted Cordura AFT two layers strengthening on elbows and shoulders</li><br>
<b>Adjustability and Fit</b><br>

<li>cuffs with zippers and velcro tightening in hem</li>
<li>a long connecting zipper for trousers</li><br>
<b>Pockets</b><br>

<li>two front pockets</li>
<li>one watertight pocket inside the left pocket</li><br>
<b>Protectors</b><br>

<li>D3O® Air XTR shoulder and elbow protectors EN 1621-1 2012, Level 2</li>
<li>pocket for D30® CP1 chest protector</li>
<li>pocket for D3O® Air Allback protector, EN1621-2 2014</li><br>
<b>Comfort and Special Features</b><br>

<li>elastic parts under arm and sides on back</li>
<li>highly breathable AFT + material on sides and shoulders</li><br>
    

<b>ADDITIONAL PRODUCT INFORMATION</b><br>
<li>Material	100% polyamide</li>","Rukka, the Finnish motorcycle apparel experts, expand their AirPower collection with the new suit AirventuR, combining maximum wearing comfort with outstanding safety.

Materials

• knitted mesh Cordura AFT for maximum airflow

• knitted Cordura AFT two layers strengthening on elbows and shoulders

Adjustability and Fit

• cuffs with zippers and velcro tightening in hem

• a long connecting zipper for trousers

Pockets

• two front pockets

• one watertight pocket inside the left pocket

Protectors

• D3O® Air XTR shoulder and elbow protectors EN 1621-1 2012, Level 2

• pocket for D30® CP1 chest protector

• pocket for D3O® Air Allback protector, EN1621-2 2014

Comfort and Special Features

• elastic parts under arm and sides on back

• highly breathable AFT + material on sides and shoulders

    

ADDITIONAL PRODUCT INFORMATION

• Material	100% polyamide",59000,,2026-07-26,active,Rukka,7000,g,Buy Rukka AirventuR Textile Jacket | Mile 27 Store,"Rukka, the Finnish motorcycle apparel experts, expand their AirPower collection with the new suit AirventuR, combining maximum wearing comfort with…",knitted mesh Cordura AFT for maximum airflow | knitted Cordura AFT two layers strengthening on elbows and shoulders | cuffs with zippers and velcro tightening in hem | a long connecting zipper for trousers,Cleaned noise; brand verified,High,false,Riding Gear > Riding Jackets > Textile Jackets,High,"Refined by title keyword: ""\b(textile\s+jacket|touring\s+jacket|adventure\s+jacket)\b""",rukka-airventur-textile-jacket-1|Size:46:Colour:Dark Grey|price:59000.00|compare:|weight:7000|barcode:|qty:0 | rukka-airventur-textile-jacket-2|Size:46:Colour:Light Grey|price:59000.00|compare:|weight:7000|barcode:|qty:0 | rukka-airventur-textile-jacket-3|Size:48:Colour:Dark Grey|price:59000.00|compare:|weight:7000|barcode:|qty:0 | rukka-airventur-textile-jacket-4|Size:48:Colour:Light Grey|price:59000.00|compare:|weight:7000|barcode:|qty:0 | rukka-airventur-textile-jacket-5|Size:50:Colour:Dark Grey|price:59000.00|compare:|weight:7000|barcode:|qty:0 | rukka-airventur-textile-jacket-6|Size:50:Colour:Light Grey|price:59000.00|compare:|weight:7000|barcode:|qty:0 | rukka-airventur-textile-jacket-7|Size:52:Colour:Dark Grey|price:59000.00|compare:|weight:7000|barcode:|qty:0 | rukka-airventur-textile-jacket-8|Size:52:Colour:Light Grey|price:59000.00|compare:|weight:7000|barcode:|qty:0 | rukka-airventur-textile-jacket-9|Size:54:Colour:Dark Grey|price:59000.00|compare:|weight:7000|barcode:|qty:0 | rukka-airventur-textile-jacket-10|Size:54:Colour:Light Grey|price:59000.00|compare:|weight:7000|barcode:|qty:0 | rukka-airventur-textile-jacket-11|Size:56:Colour:Dark Grey|price:59000.00|compare:|weight:7000|barcode:|qty:0 | rukka-airventur-textile-jacket-12|Size:56:Colour:Light Grey|price:59000.00|compare:|weight:7000|barcode:|qty:0 | rukka-airventur-textile-jacket-13|Size:58:Colour:Dark Grey|price:59000.00|compare:|weight:7000|barcode:|qty:0 | rukka-airventur-textile-jacket-14|Size:58:Colour:Light Grey|price:59000.00|compare:|weight:7000|barcode:|qty:0 | rukka-airventur-textile-jacket-15|Size:60:Colour:Dark Grey|price:59000.00|compare:|weight:7000|barcode:|qty:0 | rukka-airventur-textile-jacket-16|Size:60:Colour:Light Grey|price:59000.00|compare:|weight:7000|barcode:|qty:0 | rukka-airventur-textile-jacket-17|Size:62:Colour:Dark Grey|price:59000.00|compare:|weight:7000|barcode:|qty:0 | rukka-airventur-textile-jacket-18|Size:62:Colour:Light Grey|price:59000.00|compare:|weight:7000|barcode:|qty:0 | rukka-airventur-textile-jacket-19|Size:64:Colour:Dark Grey|price:59000.00|compare:|weight:7000|barcode:|qty:0 | rukka-airventur-textile-jacket-20|Size:64:Colour:Light Grey|price:59000.00|compare:|weight:7000|barcode:|qty:0 | rukka-airventur-textile-jacket-21|Size:66:Colour:Dark Grey|price:59000.00|compare:|weight:7000|barcode:|qty:0 | rukka-airventur-textile-jacket-22|Size:66:Colour:Light Grey|price:59000.00|compare:|weight:7000|barcode:|qty:0,"rukka-airventur-textile-jacket-1,rukka-airventur-textile-jacket-2,rukka-airventur-textile-jacket-3,rukka-airventur-textile-jacket-4,rukka-airventur-textile-jacket-5,rukka-airventur-textile-jacket-6,rukka-airventur-textile-jacket-7,rukka-airventur-textile-jacket-8,rukka-airventur-textile-jacket-9,rukka-airventur-textile-jacket-10,rukka-airventur-textile-jacket-11,rukka-airventur-textile-jacket-12,rukka-airventur-textile-jacket-13,rukka-airventur-textile-jacket-14,rukka-airventur-textile-jacket-15,rukka-airventur-textile-jacket-16,rukka-airventur-textile-jacket-17,rukka-airventur-textile-jacket-18,rukka-airventur-textile-jacket-19,rukka-airventur-textile-jacket-20,rukka-airventur-textile-jacket-21,rukka-airventur-textile-jacket-22",22,https://cdn.shopify.com/s/files/1/0076/8301/4754/products/3_70128_720_R_290.jpg?v=1661851348|pos:1|alt:Rukka Rukka AirventuR Textile Jacket – front view || https://cdn.shopify.com/s/files/1/0076/8301/4754/products/3_70128_720_R_290_back.jpg?v=1661851347|pos:2|alt:Rukka Rukka AirventuR Textile Jacket – side view || https://cdn.shopify.com/s/files/1/0076/8301/4754/products/3_70128_720_R_200.webp?v=1661851348|pos:3|alt:Rukka Rukka AirventuR Textile Jacket – rear view || https://cdn.shopify.com/s/files/1/0076/8301/4754/products/3_70128_720_R_200_back.jpg?v=1661851348|pos:4|alt:Rukka Rukka AirventuR Textile Jacket – detail view,4,Rukka Rukka AirventuR Textile Jacket – front view | Rukka Rukka AirventuR Textile Jacket – side view | Rukka Rukka AirventuR Textile Jacket – rear view | Rukka Rukka AirventuR Textile Jacket – detail view,,0,Rukka AirventuR Textile Jacket,"Rukka AirventuR Textile Jacket. Rukka, the Finnish motorcycle apparel experts, expand their AirPower collection with the new suit AirventuR, combining maximum wearing comfort with outstanding safety.",knitted mesh Cordura AFT for maximum airflow.,,knitted Cordura AFT two layers strengthening on elbows and shoulders. cuffs with zippers and velcro tightening in hem. a long connecting zipper for trousers.,,Available in multiple sizes. Check the size guide before ordering.,Rukka AirventuR Textile Jacket — a textile Jacket built to the specifications listed above.,true,draft,https://cdn.shopify.com/s/files/1/0076/8301/4754/products/3_70128_720_R_290.jpg?v=1661851348|role:hero || https://cdn.shopify.com/s/files/1/0076/8301/4754/products/3_70128_720_R_290_back.jpg?v=1661851347|role:construction detail || https://cdn.shopify.com/s/files/1/0076/8301/4754/products/3_70128_720_R_200.webp?v=1661851348|role:side profile,3,false,/products/rukka-airventur-textile-jacket,/products/rukka-airventur-textile-jacket
rukka-herm-gore-tex-textile-jacket,rukka-herm-gore-tex-textile-jacket,Rukka Herm Gore-Tex Textile Jacket,Rukka Herm Gore-Tex Textile Jacket,rukka-herm-gore-tex-textile-jacket,"Herm and Hermia expand the Cordura collection and feature 100% wind and waterproof protection while staying breathable thanks to a Gore-Tex® membrane. • abrasion-resistant Cordura 500D shell fabric with reinforcements on shoulders and elbows. • 100% breathable, wind- and waterproof Gore-Tex® Z-liner membrane. • soft neoprene in collar. • ventilation openings with zipper and mesh inserts. Available in multiple sizes and/or colours — select your variant.","Herm and Hermia expand the Cordura collection and feature 100% wind and waterproof protection while staying breathable thanks to a Gore-Tex® membrane.<br><br>

<b>Materials</b><br>

<li>abrasion-resistant Cordura 500D shell fabric with reinforcements on shoulders and elbows</li>
<li>100% breathable, wind- and waterproof Gore-Tex® Z-liner membrane</li>
<li>soft neoprene in collar</li><br>
<b>Ventilation</b><br>

<li>ventilation openings with zipper and mesh inserts</li>

<li>on sides</li><br>
<b>Adjustability and Fit</b><br>

<li>width adjustment on upper arm with snap fasteners</li>
<li>adjustable hem with velcros tightening</li>
<li>a crotch strap and a long connecting zipper for trousers</li><br>
<b>Pockets</b><br>

<li>two outside pockets</li>
<li>two waterproof pockets inside including a mobile phone pocket</li>
<li>one pocket in detachable inner thermo liner</li><br>
<b>Protectors</b><br>

<li>D3O® Air XTR shoulder and elbow protectors EN 1621-1 2012, Level 2</li>
<li>pocket for Rukka D3O® Air Allback protector EN1621-2 2014</li><br>
<b>Comfort and Special Features</b><br>

<li>detachable thermal lining (60g)</li><br>
  

<b>ADDITIONAL PRODUCT INFORMATION</b><br>
<li>Material	100% polyamide</li>","Herm and Hermia expand the Cordura collection and feature 100% wind and waterproof protection while staying breathable thanks to a Gore-Tex® membrane.

Materials

• abrasion-resistant Cordura 500D shell fabric with reinforcements on shoulders and elbows

• 100% breathable, wind- and waterproof Gore-Tex® Z-liner membrane

• soft neoprene in collar

Ventilation

• ventilation openings with zipper and mesh inserts

• on sides

Adjustability and Fit

• width adjustment on upper arm with snap fasteners

• adjustable hem with velcros tightening

• a crotch strap and a long connecting zipper for trousers

Pockets

• two outside pockets

• two waterproof pockets inside including a mobile phone pocket

• one pocket in detachable inner thermo liner

Protectors

• D3O® Air XTR shoulder and elbow protectors EN 1621-1 2012, Level 2

• pocket for Rukka D3O® Air Allback protector EN1621-2 2014

Comfort and Special Features

• detachable thermal lining (60g)

  

ADDITIONAL PRODUCT INFORMATION

• Material	100% polyamide",63000,,2026-07-26,active,Rukka,7000,g,Buy Rukka Herm Gore-Tex Textile Jacket | Mile 27 Store,Herm and Hermia expand the Cordura collection and feature 100% wind and waterproof protection while staying breathable thanks to a Gore-Tex® membrane.…,"abrasion-resistant Cordura 500D shell fabric with reinforcements on shoulders and elbows | 100% breathable, wind- and waterproof Gore-Tex® Z-liner membrane | soft neoprene in collar | ventilation openings with zipper and mesh inserts",Cleaned noise; brand verified,High,false,Riding Gear > Riding Jackets > Textile Jackets,High,"Refined by title keyword: ""\b(textile\s+jacket|touring\s+jacket|adventure\s+jacket)\b""",rukka-herm-gore-tex-textile-jacket-1|Size:46:Colour:Black/Yellow|price:63000.00|compare:|weight:7000|barcode:|qty:0 | rukka-herm-gore-tex-textile-jacket-2|Size:46:Colour:Black/Silver|price:63000.00|compare:|weight:7000|barcode:|qty:0 | rukka-herm-gore-tex-textile-jacket-3|Size:46:Colour:Titan|price:63000.00|compare:|weight:7000|barcode:|qty:0 | rukka-herm-gore-tex-textile-jacket-4|Size:48:Colour:Black/Yellow|price:63000.00|compare:|weight:7000|barcode:|qty:0 | rukka-herm-gore-tex-textile-jacket-5|Size:48:Colour:Black/Silver|price:63000.00|compare:|weight:7000|barcode:|qty:0 | rukka-herm-gore-tex-textile-jacket-6|Size:48:Colour:Titan|price:63000.00|compare:|weight:7000|barcode:|qty:0 | rukka-herm-gore-tex-textile-jacket-7|Size:50:Colour:Black/Yellow|price:63000.00|compare:|weight:7000|barcode:|qty:0 | rukka-herm-gore-tex-textile-jacket-8|Size:50:Colour:Black/Silver|price:63000.00|compare:|weight:7000|barcode:|qty:0 | rukka-herm-gore-tex-textile-jacket-9|Size:50:Colour:Titan|price:63000.00|compare:|weight:7000|barcode:|qty:0 | rukka-herm-gore-tex-textile-jacket-10|Size:52:Colour:Black/Yellow|price:63000.00|compare:|weight:7000|barcode:|qty:0 | rukka-herm-gore-tex-textile-jacket-11|Size:52:Colour:Black/Silver|price:63000.00|compare:|weight:7000|barcode:|qty:0 | rukka-herm-gore-tex-textile-jacket-12|Size:52:Colour:Titan|price:63000.00|compare:|weight:7000|barcode:|qty:0 | rukka-herm-gore-tex-textile-jacket-13|Size:54:Colour:Black/Yellow|price:63000.00|compare:|weight:7000|barcode:|qty:0 | rukka-herm-gore-tex-textile-jacket-14|Size:54:Colour:Black/Silver|price:63000.00|compare:|weight:7000|barcode:|qty:0 | rukka-herm-gore-tex-textile-jacket-15|Size:54:Colour:Titan|price:63000.00|compare:|weight:7000|barcode:|qty:0 | rukka-herm-gore-tex-textile-jacket-16|Size:56:Colour:Black/Yellow|price:63000.00|compare:|weight:7000|barcode:|qty:0 | rukka-herm-gore-tex-textile-jacket-17|Size:56:Colour:Black/Silver|price:63000.00|compare:|weight:7000|barcode:|qty:0 | rukka-herm-gore-tex-textile-jacket-18|Size:56:Colour:Titan|price:63000.00|compare:|weight:7000|barcode:|qty:0 | rukka-herm-gore-tex-textile-jacket-19|Size:58:Colour:Black/Yellow|price:63000.00|compare:|weight:7000|barcode:|qty:0 | rukka-herm-gore-tex-textile-jacket-20|Size:58:Colour:Black/Silver|price:63000.00|compare:|weight:7000|barcode:|qty:0 | rukka-herm-gore-tex-textile-jacket-21|Size:58:Colour:Titan|price:63000.00|compare:|weight:7000|barcode:|qty:0 | rukka-herm-gore-tex-textile-jacket-22|Size:60:Colour:Black/Yellow|price:63000.00|compare:|weight:7000|barcode:|qty:0 | rukka-herm-gore-tex-textile-jacket-23|Size:60:Colour:Black/Silver|price:63000.00|compare:|weight:7000|barcode:|qty:0 | rukka-herm-gore-tex-textile-jacket-24|Size:60:Colour:Titan|price:63000.00|compare:|weight:7000|barcode:|qty:0 | rukka-herm-gore-tex-textile-jacket-25|Size:62:Colour:Black/Yellow|price:63000.00|compare:|weight:7000|barcode:|qty:0 | rukka-herm-gore-tex-textile-jacket-26|Size:62:Colour:Black/Silver|price:63000.00|compare:|weight:7000|barcode:|qty:0 | rukka-herm-gore-tex-textile-jacket-27|Size:62:Colour:Titan|price:63000.00|compare:|weight:7000|barcode:|qty:0 | rukka-herm-gore-tex-textile-jacket-28|Size:64:Colour:Black/Yellow|price:63000.00|compare:|weight:7000|barcode:|qty:0 | rukka-herm-gore-tex-textile-jacket-29|Size:64:Colour:Black/Silver|price:63000.00|compare:|weight:7000|barcode:|qty:0 | rukka-herm-gore-tex-textile-jacket-30|Size:64:Colour:Titan|price:63000.00|compare:|weight:7000|barcode:|qty:0 | rukka-herm-gore-tex-textile-jacket-31|Size:66:Colour:Black/Yellow|price:63000.00|compare:|weight:7000|barcode:|qty:0 | rukka-herm-gore-tex-textile-jacket-32|Size:66:Colour:Black/Silver|price:63000.00|compare:|weight:7000|barcode:|qty:0 | rukka-herm-gore-tex-textile-jacket-33|Size:66:Colour:Titan|price:63000.00|compare:|weight:7000|barcode:|qty:0,"rukka-herm-gore-tex-textile-jacket-1,rukka-herm-gore-tex-textile-jacket-2,rukka-herm-gore-tex-textile-jacket-3,rukka-herm-gore-tex-textile-jacket-4,rukka-herm-gore-tex-textile-jacket-5,rukka-herm-gore-tex-textile-jacket-6,rukka-herm-gore-tex-textile-jacket-7,rukka-herm-gore-tex-textile-jacket-8,rukka-herm-gore-tex-textile-jacket-9,rukka-herm-gore-tex-textile-jacket-10,rukka-herm-gore-tex-textile-jacket-11,rukka-herm-gore-tex-textile-jacket-12,rukka-herm-gore-tex-textile-jacket-13,rukka-herm-gore-tex-textile-jacket-14,rukka-herm-gore-tex-textile-jacket-15,rukka-herm-gore-tex-textile-jacket-16,rukka-herm-gore-tex-textile-jacket-17,rukka-herm-gore-tex-textile-jacket-18,rukka-herm-gore-tex-textile-jacket-19,rukka-herm-gore-tex-textile-jacket-20,rukka-herm-gore-tex-textile-jacket-21,rukka-herm-gore-tex-textile-jacket-22,rukka-herm-gore-tex-textile-jacket-23,rukka-herm-gore-tex-textile-jacket-24,rukka-herm-gore-tex-textile-jacket-25,rukka-herm-gore-tex-textile-jacket-26,rukka-herm-gore-tex-textile-jacket-27,rukka-herm-gore-tex-textile-jacket-28,rukka-herm-gore-tex-textile-jacket-29,rukka-herm-gore-tex-textile-jacket-30,rukka-herm-gore-tex-textile-jacket-31,rukka-herm-gore-tex-textile-jacket-32,rukka-herm-gore-tex-textile-jacket-33",33,https://cdn.shopify.com/s/files/1/0076/8301/4754/products/3_70154_725_R_940.jpg?v=1661850939|pos:1|alt:Rukka Rukka Herm Gore-Tex Textile Jacket – front view || https://cdn.shopify.com/s/files/1/0076/8301/4754/products/3_70154_725_R_940_back.jpg?v=1661850941|pos:2|alt:Rukka Rukka Herm Gore-Tex Textile Jacket – side view || https://cdn.shopify.com/s/files/1/0076/8301/4754/products/3_70154_725_R_990.jpg?v=1661850939|pos:3|alt:Rukka Rukka Herm Gore-Tex Textile Jacket – rear view || https://cdn.shopify.com/s/files/1/0076/8301/4754/products/3_70154_725_R_990_back.jpg?v=1661850940|pos:4|alt:Rukka Rukka Herm Gore-Tex Textile Jacket – detail view || https://cdn.shopify.com/s/files/1/0076/8301/4754/products/3_70154_725_R_290.jpg?v=1661850939|pos:5|alt:Rukka Rukka Herm Gore-Tex Textile Jacket – top view || https://cdn.shopify.com/s/files/1/0076/8301/4754/products/3_70154_725_R_290_back.jpg?v=1661850941|pos:6|alt:Rukka Rukka Herm Gore-Tex Textile Jacket – product view,6,Rukka Rukka Herm Gore-Tex Textile Jacket – front view | Rukka Rukka Herm Gore-Tex Textile Jacket – side view | Rukka Rukka Herm Gore-Tex Textile Jacket – rear view | Rukka Rukka Herm Gore-Tex Textile Jacket – detail view | Rukka Rukka Herm Gore-Tex Textile Jacket – top view | Rukka Rukka Herm Gore-Tex Textile Jacket – product view,,0,Rukka Herm Gore-Tex Textile Jacket,Rukka Herm Gore-Tex Textile Jacket. Herm and Hermia expand the Cordura collection and feature 100% wind and waterproof protection while staying breathable thanks to a Gore-Tex® membrane.,abrasion-resistant Cordura 500D shell fabric with reinforcements on shoulders and elbows. ventilation openings with zipper and mesh inserts.,"100% breathable, wind- and waterproof Gore-Tex® Z-liner membrane. ventilation openings with zipper and mesh inserts.",soft neoprene in collar.,,Available in multiple sizes. Check the size guide before ordering.,Rukka Herm Gore-Tex Textile Jacket — a textile Jacket built to the specifications listed above.,true,draft,https://cdn.shopify.com/s/files/1/0076/8301/4754/products/3_70154_725_R_940.jpg?v=1661850939|role:hero || https://cdn.shopify.com/s/files/1/0076/8301/4754/products/3_70154_725_R_940_back.jpg?v=1661850941|role:construction detail || https://cdn.shopify.com/s/files/1/0076/8301/4754/products/3_70154_725_R_990.jpg?v=1661850939|role:side profile,3,false,/products/rukka-herm-gore-tex-textile-jacket,/products/rukka-herm-gore-tex-textile-jacket
rukka-melfort-gore-tex-textile-jacket,rukka-melfort-gore-tex-textile-jacket,Rukka Melfort Gore-Tex Textile Jacket,Rukka Melfort Gore-Tex Textile Jacket,rukka-melfort-gore-tex-textile-jacket,"Rukka Melfort Gore-Tex Motorcycle Textile Jacket • abrasion-resistant Cordura cotton 500D shell fabric with cow leather reinforcements on shoulders and elbows. • 100% breathable, wind- and waterproof Gore-Tex® Z-liner membrane. • leather edge on collar. • ventilation openings with zipper and mesh inserts. Available in multiple sizes and/or colours — select your variant.","Rukka Melfort Gore-Tex Motorcycle Textile Jacket<br><br>

The perfect blend of safety, comfort and a laid back look. Riding on the Highway, looking great at a bike meet or strolling through the inner city - with the Raymore, Melfort and Yorkton, Rukka offers cool guys perfect jackets for any occasion.<br><br>

<b>Materials</b><br>

<li>abrasion-resistant Cordura cotton 500D shell fabric with cow leather reinforcements on shoulders and elbows</li>
<li>100% breathable, wind- and waterproof Gore-Tex® Z-liner membrane</li>
<li>leather edge on collar</li><br>
<b>Ventilation</b><br>

<li>ventilation openings with zipper and mesh inserts</li>

<li>on sides</li><br>
<b>Adjustability and Fit</b><br>

<li>adjustable hem with velcro tightening</li>
<li>practical crotch strap allows the jacket to fit securely (even in the event of a fall)</li><br>
<b>Pockets</b><br>

<li>four outside pockets</li>
<li>two patch pockets with resting pockets</li>
<li>two chest pockets</li>
<li>two waterproof pockets inside including a mobile phone pocket</li><br>
<b>Protectors</b><br>

<li>D3O® Air XTR shoulder and elbow protectors EN 1621-1 2012, Level 2</li>
<li>pocket for Rukka D3O® Air Allback protector EN1621-2 2014</li><br>
<b>Comfort and Special Features</b><br>

<li>detachable thermal lining (60g)</li>
<li>cordura stretch panels on sides, sleeves and on back</li><br>
 

<b>ADDITIONAL PRODUCT INFORMATION</b><br>
<li>Material	60% cotton, 40% polyamide</li>","Rukka Melfort Gore-Tex Motorcycle Textile Jacket

The perfect blend of safety, comfort and a laid back look. Riding on the Highway, looking great at a bike meet or strolling through the inner city - with the Raymore, Melfort and Yorkton, Rukka offers cool guys perfect jackets for any occasion.

Materials

• abrasion-resistant Cordura cotton 500D shell fabric with cow leather reinforcements on shoulders and elbows

• 100% breathable, wind- and waterproof Gore-Tex® Z-liner membrane

• leather edge on collar

Ventilation

• ventilation openings with zipper and mesh inserts

• on sides

Adjustability and Fit

• adjustable hem with velcro tightening

• practical crotch strap allows the jacket to fit securely (even in the event of a fall)

Pockets

• four outside pockets

• two patch pockets with resting pockets

• two chest pockets

• two waterproof pockets inside including a mobile phone pocket

Protectors

• D3O® Air XTR shoulder and elbow protectors EN 1621-1 2012, Level 2

• pocket for Rukka D3O® Air Allback protector EN1621-2 2014

Comfort and Special Features

• detachable thermal lining (60g)

• cordura stretch panels on sides, sleeves and on back

 

ADDITIONAL PRODUCT INFORMATION

• Material	60% cotton, 40% polyamide",72000,,2026-07-26,active,Rukka,7000,g,Buy Rukka Melfort Gore-Tex Textile Jacket | Mile 27 Store,Rukka Melfort Gore-Tex Motorcycle Textile Jacket abrasion-resistant Cordura cotton 500D shell fabric with cow leather reinforcements on shoulders and…,"abrasion-resistant Cordura cotton 500D shell fabric with cow leather reinforcements on shoulders and elbows | 100% breathable, wind- and waterproof Gore-Tex® Z-liner membrane | leather edge on collar | ventilation openings with zipper and mesh inserts",Cleaned noise; brand verified,High,false,Riding Gear > Riding Jackets > Textile Jackets,High,"Refined by title keyword: ""\b(textile\s+jacket|touring\s+jacket|adventure\s+jacket)\b""",rukka-melfort-gore-tex-textile-jacket-1|Size:46:Colour:Black/Silver|price:72000.00|compare:|weight:7000|barcode:|qty:0 | rukka-melfort-gore-tex-textile-jacket-2|Size:46:Colour:Dark Brown|price:72000.00|compare:|weight:7000|barcode:|qty:0 | rukka-melfort-gore-tex-textile-jacket-3|Size:48:Colour:Black/Silver|price:72000.00|compare:|weight:7000|barcode:|qty:0 | rukka-melfort-gore-tex-textile-jacket-4|Size:48:Colour:Dark Brown|price:72000.00|compare:|weight:7000|barcode:|qty:0 | rukka-melfort-gore-tex-textile-jacket-5|Size:50:Colour:Black/Silver|price:72000.00|compare:|weight:7000|barcode:|qty:0 | rukka-melfort-gore-tex-textile-jacket-6|Size:50:Colour:Dark Brown|price:72000.00|compare:|weight:7000|barcode:|qty:0 | rukka-melfort-gore-tex-textile-jacket-7|Size:52:Colour:Black/Silver|price:72000.00|compare:|weight:7000|barcode:|qty:0 | rukka-melfort-gore-tex-textile-jacket-8|Size:52:Colour:Dark Brown|price:72000.00|compare:|weight:7000|barcode:|qty:0 | rukka-melfort-gore-tex-textile-jacket-9|Size:54:Colour:Black/Silver|price:72000.00|compare:|weight:7000|barcode:|qty:0 | rukka-melfort-gore-tex-textile-jacket-10|Size:54:Colour:Dark Brown|price:72000.00|compare:|weight:7000|barcode:|qty:0 | rukka-melfort-gore-tex-textile-jacket-11|Size:56:Colour:Black/Silver|price:72000.00|compare:|weight:7000|barcode:|qty:0 | rukka-melfort-gore-tex-textile-jacket-12|Size:56:Colour:Dark Brown|price:72000.00|compare:|weight:7000|barcode:|qty:0 | rukka-melfort-gore-tex-textile-jacket-13|Size:58:Colour:Black/Silver|price:72000.00|compare:|weight:7000|barcode:|qty:0 | rukka-melfort-gore-tex-textile-jacket-14|Size:58:Colour:Dark Brown|price:72000.00|compare:|weight:7000|barcode:|qty:0 | rukka-melfort-gore-tex-textile-jacket-15|Size:60:Colour:Black/Silver|price:72000.00|compare:|weight:7000|barcode:|qty:0 | rukka-melfort-gore-tex-textile-jacket-16|Size:60:Colour:Dark Brown|price:72000.00|compare:|weight:7000|barcode:|qty:0 | rukka-melfort-gore-tex-textile-jacket-17|Size:62:Colour:Black/Silver|price:72000.00|compare:|weight:7000|barcode:|qty:0 | rukka-melfort-gore-tex-textile-jacket-18|Size:62:Colour:Dark Brown|price:72000.00|compare:|weight:7000|barcode:|qty:0 | rukka-melfort-gore-tex-textile-jacket-19|Size:64:Colour:Black/Silver|price:72000.00|compare:|weight:7000|barcode:|qty:0 | rukka-melfort-gore-tex-textile-jacket-20|Size:64:Colour:Dark Brown|price:72000.00|compare:|weight:7000|barcode:|qty:0 | rukka-melfort-gore-tex-textile-jacket-21|Size:66:Colour:Black/Silver|price:72000.00|compare:|weight:7000|barcode:|qty:0 | rukka-melfort-gore-tex-textile-jacket-22|Size:66:Colour:Dark Brown|price:72000.00|compare:|weight:7000|barcode:|qty:0,"rukka-melfort-gore-tex-textile-jacket-1,rukka-melfort-gore-tex-textile-jacket-2,rukka-melfort-gore-tex-textile-jacket-3,rukka-melfort-gore-tex-textile-jacket-4,rukka-melfort-gore-tex-textile-jacket-5,rukka-melfort-gore-tex-textile-jacket-6,rukka-melfort-gore-tex-textile-jacket-7,rukka-melfort-gore-tex-textile-jacket-8,rukka-melfort-gore-tex-textile-jacket-9,rukka-melfort-gore-tex-textile-jacket-10,rukka-melfort-gore-tex-textile-jacket-11,rukka-melfort-gore-tex-textile-jacket-12,rukka-melfort-gore-tex-textile-jacket-13,rukka-melfort-gore-tex-textile-jacket-14,rukka-melfort-gore-tex-textile-jacket-15,rukka-melfort-gore-tex-textile-jacket-16,rukka-melfort-gore-tex-textile-jacket-17,rukka-melfort-gore-tex-textile-jacket-18,rukka-melfort-gore-tex-textile-jacket-19,rukka-melfort-gore-tex-textile-jacket-20,rukka-melfort-gore-tex-textile-jacket-21,rukka-melfort-gore-tex-textile-jacket-22",22,https://cdn.shopify.com/s/files/1/0076/8301/4754/products/3_70156_729_R_990.jpg?v=1661850398|pos:1|alt:Rukka Rukka Melfort Gore-Tex Textile Jacket – front view || https://cdn.shopify.com/s/files/1/0076/8301/4754/products/3_70156_729_R_990_back.jpg?v=1661850397|pos:2|alt:Rukka Rukka Melfort Gore-Tex Textile Jacket – side view || https://cdn.shopify.com/s/files/1/0076/8301/4754/products/3_70156_729_R_195.jpg?v=1661850397|pos:3|alt:Rukka Rukka Melfort Gore-Tex Textile Jacket – rear view || https://cdn.shopify.com/s/files/1/0076/8301/4754/products/3_70156_729_R_195_back.jpg?v=1661850397|pos:4|alt:Rukka Rukka Melfort Gore-Tex Textile Jacket – detail view,4,Rukka Rukka Melfort Gore-Tex Textile Jacket – front view | Rukka Rukka Melfort Gore-Tex Textile Jacket – side view | Rukka Rukka Melfort Gore-Tex Textile Jacket – rear view | Rukka Rukka Melfort Gore-Tex Textile Jacket – detail view,,0,Rukka Melfort Gore-Tex Textile Jacket,Rukka Melfort Gore-Tex Textile Jacket. Rukka Melfort Gore-Tex Motorcycle Textile Jacket • abrasion-resistant Cordura cotton 500D shell fabric with cow leather reinforcements on shoulders and elbows.,abrasion-resistant Cordura cotton 500D shell fabric with cow leather reinforcements on shoulders and elbows. leather edge on collar. ventilation openings with zipper and mesh inserts.,"100% breathable, wind- and waterproof Gore-Tex® Z-liner membrane. ventilation openings with zipper and mesh inserts.",,,Available in multiple sizes. Check the size guide before ordering.,Rukka Melfort Gore-Tex Textile Jacket — a textile Jacket built to the specifications listed above.,true,draft,https://cdn.shopify.com/s/files/1/0076/8301/4754/products/3_70156_729_R_990.jpg?v=1661850398|role:hero || https://cdn.shopify.com/s/files/1/0076/8301/4754/products/3_70156_729_R_990_back.jpg?v=1661850397|role:construction detail || https://cdn.shopify.com/s/files/1/0076/8301/4754/products/3_70156_729_R_195.jpg?v=1661850397|role:side profile,3,false,/products/rukka-melfort-gore-tex-textile-jacket,/products/rukka-melfort-gore-tex-textile-jacket
rukka-start-r-textile-jacket,rukka-start-r-textile-jacket,Rukka Start-R Textile Jacket,Rukka Start-R Textile Jacket,rukka-start-r-textile-jacket,"The Rukka Start-R motorcycle jacket is manufactured with a 100% breathable, windproof and waterproof Gore-Tex® Z-Liner membrane. The outer fabric is made of abrasion-resistant Nylon… • abrasion-resistant Nylon 500D outer fabric. • soft neoprene collar. • 100% breathable, wind- and waterproof Gore-Tex Z-Liner membrane. • Width adjustment at waistband with Velcro fastener. Available in multiple sizes and/or colours — select your variant.","The Rukka Start-R motorcycle jacket is manufactured with a 100% breathable, windproof and waterproof Gore-Tex® Z-Liner membrane. The outer fabric is made of abrasion-resistant Nylon 500D material. The ventilation on both sides ensures optimum ventilation and a pleasant draught. The width adjustment on the upper arms, waistband and sleeve cuffs offers the perfect fit due to the flexibility. There are protector pockets for retrofitting with RUKKA® D3O® AIR ALLBACK and FULLBACK back protectors, as well as the larger RUKKA® D3O® XTR joint protectors on shoulder and elbow. In addition, the jacket has a 360° zipper and can be connected to any Rukka Pants.<br><br>

<b>Features:</b><br>

<li>abrasion-resistant Nylon 500D outer fabric</li>
<li>soft neoprene collar</li>
<li>100% breathable, wind- and waterproof Gore-Tex Z-Liner membrane</li>
<li>Width adjustment at waistband with Velcro fastener</li>
<li>width adjustment at sleeve end with velcro fastener</li>
<li>360° zipper, can be connected to any Rukka trousers</li>
<li>Ventilation openings with zipper and mesh membrane for optimum ventilation</li>
<li>two outside pockets</li>
<li>one inside pocket, waterproof, including mobile phone compartment</li>
<li>D3O® LP1 protectors on shoulders and elbows, confirmed according to EN 1621-1 2012 standard</li>
<li>Reflectors on upper arms and back</li>","The Rukka Start-R motorcycle jacket is manufactured with a 100% breathable, windproof and waterproof Gore-Tex® Z-Liner membrane. The outer fabric is made of abrasion-resistant Nylon 500D material. The ventilation on both sides ensures optimum ventilation and a pleasant draught. The width adjustment on the upper arms, waistband and sleeve cuffs offers the perfect fit due to the flexibility. There are protector pockets for retrofitting with RUKKA® D3O® AIR ALLBACK and FULLBACK back protectors, as well as the larger RUKKA® D3O® XTR joint protectors on shoulder and elbow. In addition, the jacket has a 360° zipper and can be connected to any Rukka Pants.

Features:

• abrasion-resistant Nylon 500D outer fabric

• soft neoprene collar

• 100% breathable, wind- and waterproof Gore-Tex Z-Liner membrane

• Width adjustment at waistband with Velcro fastener

• width adjustment at sleeve end with velcro fastener

• 360° zipper, can be connected to any Rukka trousers

• Ventilation openings with zipper and mesh membrane for optimum ventilation

• two outside pockets

• one inside pocket, waterproof, including mobile phone compartment

• D3O® LP1 protectors on shoulders and elbows, confirmed according to EN 1621-1 2012 standard

• Reflectors on upper arms and back",51000,,2026-07-26,active,Rukka,7000,g,Buy Rukka Start-R Textile Jacket | Mile 27 Store,"The Rukka Start-R motorcycle jacket is manufactured with a 100% breathable, windproof and waterproof Gore-Tex® Z-Liner membrane. The outer fabric is made…","abrasion-resistant Nylon 500D outer fabric | soft neoprene collar | 100% breathable, wind- and waterproof Gore-Tex Z-Liner membrane | Width adjustment at waistband with Velcro fastener",Cleaned noise; brand verified,High,false,Riding Gear > Riding Jackets > Textile Jackets,High,"Refined by title keyword: ""\b(textile\s+jacket|touring\s+jacket|adventure\s+jacket)\b""",rukka-start-r-textile-jacket-1|Size:46:Colour:Black|price:51000.00|compare:|weight:7000|barcode:|qty:0 | rukka-start-r-textile-jacket-2|Size:46:Colour:Black/Red|price:51000.00|compare:|weight:7000|barcode:|qty:0 | rukka-start-r-textile-jacket-3|Size:46:Colour:Black/Yellow|price:51000.00|compare:|weight:7000|barcode:|qty:0 | rukka-start-r-textile-jacket-4|Size:46:Colour:Grey|price:51000.00|compare:|weight:7000|barcode:|qty:0 | rukka-start-r-textile-jacket-5|Size:48:Colour:Black|price:51000.00|compare:|weight:7000|barcode:|qty:0 | rukka-start-r-textile-jacket-6|Size:48:Colour:Black/Red|price:51000.00|compare:|weight:7000|barcode:|qty:0 | rukka-start-r-textile-jacket-7|Size:48:Colour:Black/Yellow|price:51000.00|compare:|weight:7000|barcode:|qty:0 | rukka-start-r-textile-jacket-8|Size:48:Colour:Grey|price:51000.00|compare:|weight:7000|barcode:|qty:0 | rukka-start-r-textile-jacket-9|Size:50:Colour:Black|price:51000.00|compare:|weight:7000|barcode:|qty:0 | rukka-start-r-textile-jacket-10|Size:50:Colour:Black/Red|price:51000.00|compare:|weight:7000|barcode:|qty:0 | rukka-start-r-textile-jacket-11|Size:50:Colour:Black/Yellow|price:51000.00|compare:|weight:7000|barcode:|qty:0 | rukka-start-r-textile-jacket-12|Size:50:Colour:Grey|price:51000.00|compare:|weight:7000|barcode:|qty:0 | rukka-start-r-textile-jacket-13|Size:52:Colour:Black|price:51000.00|compare:|weight:7000|barcode:|qty:0 | rukka-start-r-textile-jacket-14|Size:52:Colour:Black/Red|price:51000.00|compare:|weight:7000|barcode:|qty:0 | rukka-start-r-textile-jacket-15|Size:52:Colour:Black/Yellow|price:51000.00|compare:|weight:7000|barcode:|qty:0 | rukka-start-r-textile-jacket-16|Size:52:Colour:Grey|price:51000.00|compare:|weight:7000|barcode:|qty:0 | rukka-start-r-textile-jacket-17|Size:54:Colour:Black|price:51000.00|compare:|weight:7000|barcode:|qty:0 | rukka-start-r-textile-jacket-18|Size:54:Colour:Black/Red|price:51000.00|compare:|weight:7000|barcode:|qty:0 | rukka-start-r-textile-jacket-19|Size:54:Colour:Black/Yellow|price:51000.00|compare:|weight:7000|barcode:|qty:0 | rukka-start-r-textile-jacket-20|Size:54:Colour:Grey|price:51000.00|compare:|weight:7000|barcode:|qty:0 | rukka-start-r-textile-jacket-21|Size:56:Colour:Black|price:51000.00|compare:|weight:7000|barcode:|qty:0 | rukka-start-r-textile-jacket-22|Size:56:Colour:Black/Red|price:51000.00|compare:|weight:7000|barcode:|qty:0 | rukka-start-r-textile-jacket-23|Size:56:Colour:Black/Yellow|price:51000.00|compare:|weight:7000|barcode:|qty:0 | rukka-start-r-textile-jacket-24|Size:56:Colour:Grey|price:51000.00|compare:|weight:7000|barcode:|qty:0 | rukka-start-r-textile-jacket-25|Size:58:Colour:Black|price:51000.00|compare:|weight:7000|barcode:|qty:0 | rukka-start-r-textile-jacket-26|Size:58:Colour:Black/Red|price:51000.00|compare:|weight:7000|barcode:|qty:0 | rukka-start-r-textile-jacket-27|Size:58:Colour:Black/Yellow|price:51000.00|compare:|weight:7000|barcode:|qty:0 | rukka-start-r-textile-jacket-28|Size:58:Colour:Grey|price:51000.00|compare:|weight:7000|barcode:|qty:0 | rukka-start-r-textile-jacket-29|Size:60:Colour:Black|price:51000.00|compare:|weight:7000|barcode:|qty:0 | rukka-start-r-textile-jacket-30|Size:60:Colour:Black/Red|price:51000.00|compare:|weight:7000|barcode:|qty:0 | rukka-start-r-textile-jacket-31|Size:60:Colour:Black/Yellow|price:51000.00|compare:|weight:7000|barcode:|qty:0 | rukka-start-r-textile-jacket-32|Size:60:Colour:Grey|price:51000.00|compare:|weight:7000|barcode:|qty:0 | rukka-start-r-textile-jacket-33|Size:62:Colour:Black|price:51000.00|compare:|weight:7000|barcode:|qty:0 | rukka-start-r-textile-jacket-34|Size:62:Colour:Black/Red|price:51000.00|compare:|weight:7000|barcode:|qty:0 | rukka-start-r-textile-jacket-35|Size:62:Colour:Black/Yellow|price:51000.00|compare:|weight:7000|barcode:|qty:0 | rukka-start-r-textile-jacket-36|Size:62:Colour:Grey|price:51000.00|compare:|weight:7000|barcode:|qty:0 | rukka-start-r-textile-jacket-37|Size:64:Colour:Black|price:51000.00|compare:|weight:7000|barcode:|qty:0 | rukka-start-r-textile-jacket-38|Size:64:Colour:Black/Red|price:51000.00|compare:|weight:7000|barcode:|qty:0 | rukka-start-r-textile-jacket-39|Size:64:Colour:Black/Yellow|price:51000.00|compare:|weight:7000|barcode:|qty:0 | rukka-start-r-textile-jacket-40|Size:64:Colour:Grey|price:51000.00|compare:|weight:7000|barcode:|qty:0 | rukka-start-r-textile-jacket-41|Size:66:Colour:Black|price:51000.00|compare:|weight:7000|barcode:|qty:0 | rukka-start-r-textile-jacket-42|Size:66:Colour:Black/Red|price:51000.00|compare:|weight:7000|barcode:|qty:0 | rukka-start-r-textile-jacket-43|Size:66:Colour:Black/Yellow|price:51000.00|compare:|weight:7000|barcode:|qty:0 | rukka-start-r-textile-jacket-44|Size:66:Colour:Grey|price:51000.00|compare:|weight:7000|barcode:|qty:0,"rukka-start-r-textile-jacket-1,rukka-start-r-textile-jacket-2,rukka-start-r-textile-jacket-3,rukka-start-r-textile-jacket-4,rukka-start-r-textile-jacket-5,rukka-start-r-textile-jacket-6,rukka-start-r-textile-jacket-7,rukka-start-r-textile-jacket-8,rukka-start-r-textile-jacket-9,rukka-start-r-textile-jacket-10,rukka-start-r-textile-jacket-11,rukka-start-r-textile-jacket-12,rukka-start-r-textile-jacket-13,rukka-start-r-textile-jacket-14,rukka-start-r-textile-jacket-15,rukka-start-r-textile-jacket-16,rukka-start-r-textile-jacket-17,rukka-start-r-textile-jacket-18,rukka-start-r-textile-jacket-19,rukka-start-r-textile-jacket-20,rukka-start-r-textile-jacket-21,rukka-start-r-textile-jacket-22,rukka-start-r-textile-jacket-23,rukka-start-r-textile-jacket-24,rukka-start-r-textile-jacket-25,rukka-start-r-textile-jacket-26,rukka-start-r-textile-jacket-27,rukka-start-r-textile-jacket-28,rukka-start-r-textile-jacket-29,rukka-start-r-textile-jacket-30,rukka-start-r-textile-jacket-31,rukka-start-r-textile-jacket-32,rukka-start-r-textile-jacket-33,rukka-start-r-textile-jacket-34,rukka-start-r-textile-jacket-35,rukka-start-r-textile-jacket-36,rukka-start-r-textile-jacket-37,rukka-start-r-textile-jacket-38,rukka-start-r-textile-jacket-39,rukka-start-r-textile-jacket-40,rukka-start-r-textile-jacket-41,rukka-start-r-textile-jacket-42,rukka-start-r-textile-jacket-43,rukka-start-r-textile-jacket-44",44,https://cdn.shopify.com/s/files/1/0076/8301/4754/products/5_70246_725_R_990.webp?v=1661849624|pos:1|alt:Rukka Rukka Start-R Textile Jacket – front view || https://cdn.shopify.com/s/files/1/0076/8301/4754/products/5_70246_725_R_990_back.jpg?v=1661849622|pos:2|alt:Rukka Rukka Start-R Textile Jacket – side view || https://cdn.shopify.com/s/files/1/0076/8301/4754/products/5_70246_725_R_966.jpg?v=1661849623|pos:3|alt:Rukka Rukka Start-R Textile Jacket – rear view || https://cdn.shopify.com/s/files/1/0076/8301/4754/products/5_70246_725_R_966_back.jpg?v=1661849623|pos:4|alt:Rukka Rukka Start-R Textile Jacket – detail view || https://cdn.shopify.com/s/files/1/0076/8301/4754/products/5_70246_725_R_994.jpg?v=1661849624|pos:5|alt:Rukka Rukka Start-R Textile Jacket – top view || https://cdn.shopify.com/s/files/1/0076/8301/4754/products/5_70246_725_R_994_back.jpg?v=1661849620|pos:6|alt:Rukka Rukka Start-R Textile Jacket – product view || https://cdn.shopify.com/s/files/1/0076/8301/4754/products/5_70246_725_R_290.jpg?v=1661849622|pos:7|alt:Rukka Rukka Start-R Textile Jacket – product view || https://cdn.shopify.com/s/files/1/0076/8301/4754/products/5_70246_725_R_290_back.jpg?v=1661849620|pos:8|alt:Rukka Rukka Start-R Textile Jacket – product view,8,Rukka Rukka Start-R Textile Jacket – front view | Rukka Rukka Start-R Textile Jacket – side view | Rukka Rukka Start-R Textile Jacket – rear view | Rukka Rukka Start-R Textile Jacket – detail view | Rukka Rukka Start-R Textile Jacket – top view | Rukka Rukka Start-R Textile Jacket – product view,,0,Rukka Start-R Textile Jacket,"Rukka Start-R Textile Jacket. The Rukka Start-R motorcycle jacket is manufactured with a 100% breathable, windproof and waterproof Gore-Tex® Z-Liner membrane.",abrasion-resistant Nylon 500D outer fabric.,"100% breathable, wind- and waterproof Gore-Tex Z-Liner membrane.",soft neoprene collar. Width adjustment at waistband with Velcro fastener.,,Available in multiple sizes. Check the size guide before ordering.,Rukka Start-R Textile Jacket — a textile Jacket built to the specifications listed above.,true,draft,https://cdn.shopify.com/s/files/1/0076/8301/4754/products/5_70246_725_R_990.webp?v=1661849624|role:hero || https://cdn.shopify.com/s/files/1/0076/8301/4754/products/5_70246_725_R_990_back.jpg?v=1661849622|role:construction detail || https://cdn.shopify.com/s/files/1/0076/8301/4754/products/5_70246_725_R_966.jpg?v=1661849623|role:side profile,3,false,/products/rukka-start-r-textile-jacket,/products/rukka-start-r-textile-jacket
rukka-stretchair-textile-jacket,rukka-stretchair-textile-jacket,Rukka StretchAir Textile Jacket,Rukka StretchAir Textile Jacket,rukka-stretchair-textile-jacket,"Rukka expands its popular AirPower collection with the new StretchAir suit, combining a perfect fit with exemplary safety and great comfort even in extreme heat. • knitted mesh Cordura AFT for maximum airflow. • knitted Cordura AFT two layers strengthening on elbows and shoulders. • cuffs with zippers and velcro tightening in hem. • a long connecting zipper for trousers. Available in multiple sizes and/or colours — select your variant.","Rukka expands its popular AirPower collection with the new StretchAir suit, combining a perfect fit with exemplary safety and great comfort even in extreme heat.<br><br>

<b>Materials</b><br>

<li>knitted mesh Cordura AFT for maximum airflow</li>
<li>knitted Cordura AFT two layers strengthening on elbows and shoulders</li><br>
<b>Adjustability and Fit</b><br>

<li>cuffs with zippers and velcro tightening in hem</li>
<li>a long connecting zipper for trousers</li><br>
<b>Pockets</b><br>

<li>two front pockets</li>
<li>one watertight pocket inside the left pocket</li><br>
<b>Protectors</b><br>

<li>D3O® Air XTR shoulder and elbow protectors EN 1621-1 2012, Level 2</li>
<li>pocket for D30® CP1 chest protector</li>
<li>pocket for D3O® Air Allback protector, EN1621-2 2014</li><br>
<b>Comfort and Special Features</b><br>

<li>elastic parts under arm and sides on back</li>
<li>highly breathable AFT + material on sides and shoulders</li><br>
    

<b>ADDITIONAL PRODUCT INFORMATION</b><br>
<li>Material	100% polyamide</li>","Rukka expands its popular AirPower collection with the new StretchAir suit, combining a perfect fit with exemplary safety and great comfort even in extreme heat.

Materials

• knitted mesh Cordura AFT for maximum airflow

• knitted Cordura AFT two layers strengthening on elbows and shoulders

Adjustability and Fit

• cuffs with zippers and velcro tightening in hem

• a long connecting zipper for trousers

Pockets

• two front pockets

• one watertight pocket inside the left pocket

Protectors

• D3O® Air XTR shoulder and elbow protectors EN 1621-1 2012, Level 2

• pocket for D30® CP1 chest protector

• pocket for D3O® Air Allback protector, EN1621-2 2014

Comfort and Special Features

• elastic parts under arm and sides on back

• highly breathable AFT + material on sides and shoulders

    

ADDITIONAL PRODUCT INFORMATION

• Material	100% polyamide",51000,,2026-07-26,active,Rukka,7000,g,Buy Rukka StretchAir Textile Jacket | Mile 27 Store,"Rukka expands its popular AirPower collection with the new StretchAir suit, combining a perfect fit with exemplary safety and great comfort even in…",knitted mesh Cordura AFT for maximum airflow | knitted Cordura AFT two layers strengthening on elbows and shoulders | cuffs with zippers and velcro tightening in hem | a long connecting zipper for trousers,Cleaned noise; brand verified,High,false,Riding Gear > Riding Jackets > Textile Jackets,High,"Refined by title keyword: ""\b(textile\s+jacket|touring\s+jacket|adventure\s+jacket)\b""",rukka-stretchair-textile-jacket-1|Size:46|price:51000.00|compare:|weight:7000|barcode:|qty:0 | rukka-stretchair-textile-jacket-2|Size:48|price:51000.00|compare:|weight:7000|barcode:|qty:0 | rukka-stretchair-textile-jacket-3|Size:50|price:51000.00|compare:|weight:7000|barcode:|qty:0 | rukka-stretchair-textile-jacket-4|Size:52|price:51000.00|compare:|weight:7000|barcode:|qty:0 | rukka-stretchair-textile-jacket-5|Size:54|price:51000.00|compare:|weight:7000|barcode:|qty:0 | rukka-stretchair-textile-jacket-6|Size:56|price:51000.00|compare:|weight:7000|barcode:|qty:0 | rukka-stretchair-textile-jacket-7|Size:58|price:51000.00|compare:|weight:7000|barcode:|qty:0 | rukka-stretchair-textile-jacket-8|Size:60|price:51000.00|compare:|weight:7000|barcode:|qty:0 | rukka-stretchair-textile-jacket-9|Size:62|price:51000.00|compare:|weight:7000|barcode:|qty:0 | rukka-stretchair-textile-jacket-10|Size:64|price:51000.00|compare:|weight:7000|barcode:|qty:0 | rukka-stretchair-textile-jacket-11|Size:66|price:51000.00|compare:|weight:7000|barcode:|qty:0,"rukka-stretchair-textile-jacket-1,rukka-stretchair-textile-jacket-2,rukka-stretchair-textile-jacket-3,rukka-stretchair-textile-jacket-4,rukka-stretchair-textile-jacket-5,rukka-stretchair-textile-jacket-6,rukka-stretchair-textile-jacket-7,rukka-stretchair-textile-jacket-8,rukka-stretchair-textile-jacket-9,rukka-stretchair-textile-jacket-10,rukka-stretchair-textile-jacket-11",11,https://cdn.shopify.com/s/files/1/0076/8301/4754/products/3_70126_720_R_999.jpg?v=1661777045|pos:1|alt:Rukka Rukka StretchAir Textile Jacket – front view || https://cdn.shopify.com/s/files/1/0076/8301/4754/products/3_70126_720_R_999_back.jpg?v=1661777046|pos:2|alt:Rukka Rukka StretchAir Textile Jacket – side view,2,Rukka Rukka StretchAir Textile Jacket – front view | Rukka Rukka StretchAir Textile Jacket – side view,,0,Rukka StretchAir Textile Jacket,"Rukka StretchAir Textile Jacket. Rukka expands its popular AirPower collection with the new StretchAir suit, combining a perfect fit with exemplary safety and great comfort even in extreme heat.",knitted mesh Cordura AFT for maximum airflow.,,knitted Cordura AFT two layers strengthening on elbows and shoulders. cuffs with zippers and velcro tightening in hem. a long connecting zipper for trousers.,,Available in multiple sizes. Check the size guide before ordering.,Rukka StretchAir Textile Jacket — a textile Jacket built to the specifications listed above.,true,draft,https://cdn.shopify.com/s/files/1/0076/8301/4754/products/3_70126_720_R_999.jpg?v=1661777045|role:hero || https://cdn.shopify.com/s/files/1/0076/8301/4754/products/3_70126_720_R_999_back.jpg?v=1661777046|role:construction detail,2,false,/products/rukka-stretchair-textile-jacket,/products/rukka-stretchair-textile-jacket
rukka-elas-textile-jacket,rukka-elas-textile-jacket,Rukka Elas Textile Jacket,Rukka Elas Textile Jacket,rukka-elas-textile-jacket,"The Rukka Elas jacket is your faithful companion on the bike in all weathers. • made of abrasion-resistant, motorcycle-tested stretch Cordura 500. • highly tear and abrasion resistant reinforcements at shoulder and elbow. • breathable, wind and waterproof thanks to GoreTex Z-Liner membrane. • Rukka D3O Air joint protectors according to EN 1621-1 2012 standard. Available in multiple sizes and/or colours — select your variant.","The Rukka Elas jacket is your faithful companion on the bike in all weathers.<br><br>

<b>Features:</b><br>

<li>made of abrasion-resistant, motorcycle-tested stretch Cordura 500</li>
<li>highly tear and abrasion resistant reinforcements at shoulder and elbow</li>
<li>breathable, wind and waterproof thanks to GoreTex Z-Liner membrane</li>
<li>Rukka D3O Air joint protectors according to EN 1621-1 2012 standard</li>
<li>D30 Air Allback back protector according to EN 1621-2 2014</li>
<li>Collar with integrated, fold-out storm collar</li>
<li>removable thermal lining (60 g)</li>
<li>Ventilation via long 2-way zippers on both sides</li>
<li>Width adjustment on upper arm</li>
<li>Connection zipper to the trousers</li>
<li>two outside pockets and two waterproof inside pockets with mobile phone holder</li>
<li>a pocket in the removable lining</li><br>
<b>ADDITIONAL PRODUCT INFORMATION</b><br>
<li>Material	93% polyamide, 7% elastane</li>","The Rukka Elas jacket is your faithful companion on the bike in all weathers.

Features:

• made of abrasion-resistant, motorcycle-tested stretch Cordura 500

• highly tear and abrasion resistant reinforcements at shoulder and elbow

• breathable, wind and waterproof thanks to GoreTex Z-Liner membrane

• Rukka D3O Air joint protectors according to EN 1621-1 2012 standard

• D30 Air Allback back protector according to EN 1621-2 2014

• Collar with integrated, fold-out storm collar

• removable thermal lining (60 g)

• Ventilation via long 2-way zippers on both sides

• Width adjustment on upper arm

• Connection zipper to the trousers

• two outside pockets and two waterproof inside pockets with mobile phone holder

• a pocket in the removable lining

ADDITIONAL PRODUCT INFORMATION

• Material	93% polyamide, 7% elastane",90000,,2026-07-26,active,Rukka,7000,g,Buy Rukka Elas Textile Jacket | Mile 27 Store,"The Rukka Elas jacket is your faithful companion on the bike in all weathers. made of abrasion-resistant, motorcycle-tested stretch Cordura 500. highly…","made of abrasion-resistant, motorcycle-tested stretch Cordura 500 | highly tear and abrasion resistant reinforcements at shoulder and elbow | breathable, wind and waterproof thanks to GoreTex Z-Liner membrane | Rukka D3O Air joint protectors according to EN 1621-1 2012 standard",Cleaned noise; brand verified,High,false,Riding Gear > Riding Jackets > Textile Jackets,High,"Refined by title keyword: ""\b(textile\s+jacket|touring\s+jacket|adventure\s+jacket)\b""",rukka-elas-textile-jacket-1|Size:44:Colour:Black/Yellow|price:90000.00|compare:|weight:7000|barcode:|qty:0 | rukka-elas-textile-jacket-2|Size:44:Colour:Grey|price:90000.00|compare:|weight:7000|barcode:|qty:0 | rukka-elas-textile-jacket-3|Size:46:Colour:Black/Yellow|price:90000.00|compare:|weight:7000|barcode:|qty:0 | rukka-elas-textile-jacket-4|Size:46:Colour:Grey|price:90000.00|compare:|weight:7000|barcode:|qty:0 | rukka-elas-textile-jacket-5|Size:48:Colour:Black/Yellow|price:90000.00|compare:|weight:7000|barcode:|qty:0 | rukka-elas-textile-jacket-6|Size:48:Colour:Grey|price:90000.00|compare:|weight:7000|barcode:|qty:0 | rukka-elas-textile-jacket-7|Size:50:Colour:Black/Yellow|price:90000.00|compare:|weight:7000|barcode:|qty:0 | rukka-elas-textile-jacket-8|Size:50:Colour:Grey|price:90000.00|compare:|weight:7000|barcode:|qty:0 | rukka-elas-textile-jacket-9|Size:52:Colour:Black/Yellow|price:90000.00|compare:|weight:7000|barcode:|qty:0 | rukka-elas-textile-jacket-10|Size:52:Colour:Grey|price:90000.00|compare:|weight:7000|barcode:|qty:0 | rukka-elas-textile-jacket-11|Size:54:Colour:Black/Yellow|price:90000.00|compare:|weight:7000|barcode:|qty:0 | rukka-elas-textile-jacket-12|Size:54:Colour:Grey|price:90000.00|compare:|weight:7000|barcode:|qty:0 | rukka-elas-textile-jacket-13|Size:56:Colour:Black/Yellow|price:90000.00|compare:|weight:7000|barcode:|qty:0 | rukka-elas-textile-jacket-14|Size:56:Colour:Grey|price:90000.00|compare:|weight:7000|barcode:|qty:0 | rukka-elas-textile-jacket-15|Size:58:Colour:Black/Yellow|price:90000.00|compare:|weight:7000|barcode:|qty:0 | rukka-elas-textile-jacket-16|Size:58:Colour:Grey|price:90000.00|compare:|weight:7000|barcode:|qty:0 | rukka-elas-textile-jacket-17|Size:60:Colour:Black/Yellow|price:90000.00|compare:|weight:7000|barcode:|qty:0 | rukka-elas-textile-jacket-18|Size:60:Colour:Grey|price:90000.00|compare:|weight:7000|barcode:|qty:0 | rukka-elas-textile-jacket-19|Size:62:Colour:Black/Yellow|price:90000.00|compare:|weight:7000|barcode:|qty:0 | rukka-elas-textile-jacket-20|Size:62:Colour:Grey|price:90000.00|compare:|weight:7000|barcode:|qty:0 | rukka-elas-textile-jacket-21|Size:64:Colour:Black/Yellow|price:90000.00|compare:|weight:7000|barcode:|qty:0 | rukka-elas-textile-jacket-22|Size:64:Colour:Grey|price:90000.00|compare:|weight:7000|barcode:|qty:0 | rukka-elas-textile-jacket-23|Size:66:Colour:Black/Yellow|price:90000.00|compare:|weight:7000|barcode:|qty:0 | rukka-elas-textile-jacket-24|Size:66:Colour:Grey|price:90000.00|compare:|weight:7000|barcode:|qty:0,"rukka-elas-textile-jacket-1,rukka-elas-textile-jacket-2,rukka-elas-textile-jacket-3,rukka-elas-textile-jacket-4,rukka-elas-textile-jacket-5,rukka-elas-textile-jacket-6,rukka-elas-textile-jacket-7,rukka-elas-textile-jacket-8,rukka-elas-textile-jacket-9,rukka-elas-textile-jacket-10,rukka-elas-textile-jacket-11,rukka-elas-textile-jacket-12,rukka-elas-textile-jacket-13,rukka-elas-textile-jacket-14,rukka-elas-textile-jacket-15,rukka-elas-textile-jacket-16,rukka-elas-textile-jacket-17,rukka-elas-textile-jacket-18,rukka-elas-textile-jacket-19,rukka-elas-textile-jacket-20,rukka-elas-textile-jacket-21,rukka-elas-textile-jacket-22,rukka-elas-textile-jacket-23,rukka-elas-textile-jacket-24",24,https://cdn.shopify.com/s/files/1/0076/8301/4754/products/9_70146_757_R_994.jpg?v=1661776575|pos:1|alt:Rukka Rukka Elas Textile Jacket – front view || https://cdn.shopify.com/s/files/1/0076/8301/4754/products/9_70146_757_R_994_back.jpg?v=1661776576|pos:2|alt:Rukka Rukka Elas Textile Jacket – side view || https://cdn.shopify.com/s/files/1/0076/8301/4754/products/Rukka_Grau.jpg?v=1661776575|pos:3|alt:Rukka Rukka Elas Textile Jacket – rear view,3,Rukka Rukka Elas Textile Jacket – front view | Rukka Rukka Elas Textile Jacket – side view | Rukka Rukka Elas Textile Jacket – rear view,,0,Rukka Elas Textile Jacket,Rukka Elas Textile Jacket. The Rukka Elas jacket is your faithful companion on the bike in all weathers.,,"breathable, wind and waterproof thanks to GoreTex Z-Liner membrane.","made of abrasion-resistant, motorcycle-tested stretch Cordura 500. highly tear and abrasion resistant reinforcements at shoulder and elbow. Rukka D3O Air joint protectors according to EN 1621-1 2012 standard.",,Available in multiple sizes. Check the size guide before ordering.,Rukka Elas Textile Jacket — a textile Jacket built to the specifications listed above.,true,draft,https://cdn.shopify.com/s/files/1/0076/8301/4754/products/9_70146_757_R_994.jpg?v=1661776575|role:hero || https://cdn.shopify.com/s/files/1/0076/8301/4754/products/9_70146_757_R_994_back.jpg?v=1661776576|role:construction detail || https://cdn.shopify.com/s/files/1/0076/8301/4754/products/Rukka_Grau.jpg?v=1661776575|role:side profile,3,false,/products/rukka-elas-textile-jacket,/products/rukka-elas-textile-jacket
rukka-r-o-r-jacket,rukka-r-o-r-jacket,Rukka R.O.R. Jacket,Rukka R.O.R. Jacket,rukka-r-o-r-jacket,"Abrasion-resistant 500D CORDURA® reinforcements on shoulders and elbows. • Soft neoprene collar. • Ventilation openings with zippers on the chest, in the back, on the arms and on the sides with 2-way system. • Width adjustment on upper and lower arms with printheads. • Elastic inserts in the elbow. Available in multiple sizes and/or colours — select your variant.","<b>MATERIALS</b><br>

100% breathable, windproof, waterproof GORE-TEX® 2-layer laminate with 150D lightweight polyester outer fabric
Abrasion-resistant 500D CORDURA® reinforcements on shoulders and elbows.<br>
<b>PROTECTORS</b><br>

Bag for rukka D3O ALLBACK back protector, shoulder and elbow protectors
Next cut, suitable to wear protector shirts underneath.<br>
<b>Special equipment</b><br>

<li>Soft neoprene collar</li>
<li>Ventilation openings with zippers on the chest, in the back, on the arms and on the sides with 2-way system</li>
<li>Width adjustment on upper and lower arms with printheads</li>
<li>Elastic inserts in the elbow</li>
<li>Sleeves with zips and waterproof GORE-TEX® cuffs</li>
<li>Adjustability of the waistband with VELCRO Velcro</li>
<li>Connection RV all around</li>
<li>2 chest pockets with zips and 2 lower pockets with zips and VELCRO velcro closure</li>
<li>1 large pocket in the lower back with zipper and velcro</li>
<li>1 transparent timekeeper card pocket on the left sleeve with zipper</li>
<li>Waterproof bag with zipper inside, including mobile phone pocket</li><br>
<b>ADDITIONAL PRODUCT INFORMATION</b><br>
<li>Material	100% Polyester</li>","MATERIALS

100% breathable, windproof, waterproof GORE-TEX® 2-layer laminate with 150D lightweight polyester outer fabric
Abrasion-resistant 500D CORDURA® reinforcements on shoulders and elbows.

PROTECTORS

Bag for rukka D3O ALLBACK back protector, shoulder and elbow protectors
Next cut, suitable to wear protector shirts underneath.

Special equipment

• Soft neoprene collar

• Ventilation openings with zippers on the chest, in the back, on the arms and on the sides with 2-way system

• Width adjustment on upper and lower arms with printheads

• Elastic inserts in the elbow

• Sleeves with zips and waterproof GORE-TEX® cuffs

• Adjustability of the waistband with VELCRO Velcro

• Connection RV all around

• 2 chest pockets with zips and 2 lower pockets with zips and VELCRO velcro closure

• 1 large pocket in the lower back with zipper and velcro

• 1 transparent timekeeper card pocket on the left sleeve with zipper

• Waterproof bag with zipper inside, including mobile phone pocket

ADDITIONAL PRODUCT INFORMATION

• Material	100% Polyester",77000,,2026-07-26,active,Rukka,7000,g,Buy Rukka R.O.R. Jacket | Mile 27 Store,"Abrasion-resistant 500D CORDURA® reinforcements on shoulders and elbows. Soft neoprene collar. Ventilation openings with zippers on the chest, in the…","Soft neoprene collar | Ventilation openings with zippers on the chest, in the back, on the arms and on the sides with 2-way system | Width adjustment on upper and lower arms with printheads | Elastic inserts in the elbow",Cleaned noise; brand verified,High,false,Riding Gear > Riding Jackets,High,"Mapped from Shopify Type ""Jackets""",rukka-r-o-r-jacket-1|Size:46:Colour:Black/Grey|price:77000.00|compare:|weight:7000|barcode:|qty:0 | rukka-r-o-r-jacket-2|Size:46:Colour:Black/Yellow|price:77000.00|compare:|weight:7000|barcode:|qty:0 | rukka-r-o-r-jacket-3|Size:48:Colour:Black/Grey|price:77000.00|compare:|weight:7000|barcode:|qty:0 | rukka-r-o-r-jacket-4|Size:48:Colour:Black/Yellow|price:77000.00|compare:|weight:7000|barcode:|qty:0 | rukka-r-o-r-jacket-5|Size:50:Colour:Black/Grey|price:77000.00|compare:|weight:7000|barcode:|qty:0 | rukka-r-o-r-jacket-6|Size:50:Colour:Black/Yellow|price:77000.00|compare:|weight:7000|barcode:|qty:0 | rukka-r-o-r-jacket-7|Size:52:Colour:Black/Grey|price:77000.00|compare:|weight:7000|barcode:|qty:0 | rukka-r-o-r-jacket-8|Size:52:Colour:Black/Yellow|price:77000.00|compare:|weight:7000|barcode:|qty:0 | rukka-r-o-r-jacket-9|Size:54:Colour:Black/Grey|price:77000.00|compare:|weight:7000|barcode:|qty:0 | rukka-r-o-r-jacket-10|Size:54:Colour:Black/Yellow|price:77000.00|compare:|weight:7000|barcode:|qty:0 | rukka-r-o-r-jacket-11|Size:56:Colour:Black/Grey|price:77000.00|compare:|weight:7000|barcode:|qty:0 | rukka-r-o-r-jacket-12|Size:56:Colour:Black/Yellow|price:77000.00|compare:|weight:7000|barcode:|qty:0 | rukka-r-o-r-jacket-13|Size:58:Colour:Black/Grey|price:77000.00|compare:|weight:7000|barcode:|qty:0 | rukka-r-o-r-jacket-14|Size:58:Colour:Black/Yellow|price:77000.00|compare:|weight:7000|barcode:|qty:0 | rukka-r-o-r-jacket-15|Size:60:Colour:Black/Grey|price:77000.00|compare:|weight:7000|barcode:|qty:0 | rukka-r-o-r-jacket-16|Size:60:Colour:Black/Yellow|price:77000.00|compare:|weight:7000|barcode:|qty:0 | rukka-r-o-r-jacket-17|Size:62:Colour:Black/Grey|price:77000.00|compare:|weight:7000|barcode:|qty:0 | rukka-r-o-r-jacket-18|Size:62:Colour:Black/Yellow|price:77000.00|compare:|weight:7000|barcode:|qty:0 | rukka-r-o-r-jacket-19|Size:64:Colour:Black/Grey|price:77000.00|compare:|weight:7000|barcode:|qty:0 | rukka-r-o-r-jacket-20|Size:64:Colour:Black/Yellow|price:77000.00|compare:|weight:7000|barcode:|qty:0 | rukka-r-o-r-jacket-21|Size:66:Colour:Black/Grey|price:77000.00|compare:|weight:7000|barcode:|qty:0 | rukka-r-o-r-jacket-22|Size:66:Colour:Black/Yellow|price:77000.00|compare:|weight:7000|barcode:|qty:0,"rukka-r-o-r-jacket-1,rukka-r-o-r-jacket-2,rukka-r-o-r-jacket-3,rukka-r-o-r-jacket-4,rukka-r-o-r-jacket-5,rukka-r-o-r-jacket-6,rukka-r-o-r-jacket-7,rukka-r-o-r-jacket-8,rukka-r-o-r-jacket-9,rukka-r-o-r-jacket-10,rukka-r-o-r-jacket-11,rukka-r-o-r-jacket-12,rukka-r-o-r-jacket-13,rukka-r-o-r-jacket-14,rukka-r-o-r-jacket-15,rukka-r-o-r-jacket-16,rukka-r-o-r-jacket-17,rukka-r-o-r-jacket-18,rukka-r-o-r-jacket-19,rukka-r-o-r-jacket-20,rukka-r-o-r-jacket-21,rukka-r-o-r-jacket-22",22,https://cdn.shopify.com/s/files/1/0076/8301/4754/products/9_70204_747_R_929.jpg?v=1661775769|pos:1|alt:Rukka Rukka R.O.R. Jacket – front view || https://cdn.shopify.com/s/files/1/0076/8301/4754/products/9_70204_747_R_929_back.jpg?v=1661775767|pos:2|alt:Rukka Rukka R.O.R. Jacket – side view || https://cdn.shopify.com/s/files/1/0076/8301/4754/products/9_70204_747_R_940.jpg?v=1661775769|pos:3|alt:Rukka Rukka R.O.R. Jacket – rear view || https://cdn.shopify.com/s/files/1/0076/8301/4754/products/9_70204_747_R_940_back.jpg?v=1661775767|pos:4|alt:Rukka Rukka R.O.R. Jacket – detail view,4,Rukka Rukka R.O.R. Jacket – front view | Rukka Rukka R.O.R. Jacket – side view | Rukka Rukka R.O.R. Jacket – rear view | Rukka Rukka R.O.R. Jacket – detail view,,0,Rukka R.O.R. Jacket,Rukka R.O.R. Jacket. Abrasion-resistant 500D CORDURA® reinforcements on shoulders and elbows.,,"Ventilation openings with zippers on the chest, in the back, on the arms and on the sides with 2-way system.",Soft neoprene collar. Width adjustment on upper and lower arms with printheads. Elastic inserts in the elbow.,,Available in multiple sizes. Check the size guide before ordering.,Rukka R.O.R. Jacket — a riding Jacket built to the specifications listed above.,true,draft,https://cdn.shopify.com/s/files/1/0076/8301/4754/products/9_70204_747_R_929.jpg?v=1661775769|role:hero || https://cdn.shopify.com/s/files/1/0076/8301/4754/products/9_70204_747_R_929_back.jpg?v=1661775767|role:construction detail || https://cdn.shopify.com/s/files/1/0076/8301/4754/products/9_70204_747_R_940.jpg?v=1661775769|role:side profile,3,false,/products/rukka-r-o-r-jacket,/products/rukka-r-o-r-jacket
rukka-yorkton-leather-jacket,rukka-yorkton-leather-jacket,Rukka Yorkton Leather Jacket,Rukka Yorkton Leather Jacket,rukka-yorkton-leather-jacket,"The perfect blend of safety, comfort and a laid back look. Riding on the Highway, looking great at a bike meet or strolling through the… • abrasion-resistant cowhide leather. • adjustable hem with press buttons. • adjustable cuffs with press buttons and zippers. • two outside pockets. Available in multiple sizes and/or colours — select your variant.","The perfect blend of safety, comfort and a laid back look. Riding on the Highway, looking great at a bike meet or strolling through the inner city - with the Raymore, Melfort and Yorkton, Rukka offers cool guys perfect jackets for any occasion.<br><br>

<b>Materials</b><br>

<li>abrasion-resistant cowhide leather</li><br>
<b>Adjustability and Fit</b><br>

<li>adjustable hem with press buttons</li>
<li>adjustable cuffs with press buttons and zippers</li><br>
<b>Pockets</b><br>

<li>two outside pockets</li>
<li>one inside pocket</li><br>
<b>Protectors</b><br>

<li>D3O® LP1 shoulder and elbow protectors EN 1621-1 2012</li>
<li>pocket for Rukka D3O® Air Allback protector EN1621-2 2014</li><br>
<b>Comfort and Special Features</b><br>

<li>elastic accordion panels onback</li><br>
<b>ADDITIONAL PRODUCT INFORMATION</b><br>
<li>Material	100% cowhide leather (Contains non-textile parts of animal origin)</li>","The perfect blend of safety, comfort and a laid back look. Riding on the Highway, looking great at a bike meet or strolling through the inner city - with the Raymore, Melfort and Yorkton, Rukka offers cool guys perfect jackets for any occasion.

Materials

• abrasion-resistant cowhide leather

Adjustability and Fit

• adjustable hem with press buttons

• adjustable cuffs with press buttons and zippers

Pockets

• two outside pockets

• one inside pocket

Protectors

• D3O® LP1 shoulder and elbow protectors EN 1621-1 2012

• pocket for Rukka D3O® Air Allback protector EN1621-2 2014

Comfort and Special Features

• elastic accordion panels onback

ADDITIONAL PRODUCT INFORMATION

• Material	100% cowhide leather (Contains non-textile parts of animal origin)",64000,,2026-07-26,active,Rukka,7000,g,Buy Rukka Yorkton Leather Jacket | Mile 27 Store,"The perfect blend of safety, comfort and a laid back look. Riding on the Highway, looking great at a bike meet or strolling through the……",abrasion-resistant cowhide leather | adjustable hem with press buttons | adjustable cuffs with press buttons and zippers | two outside pockets,Cleaned noise; brand verified,High,false,Riding Gear > Riding Jackets > Leather Jackets,High,"Refined by title keyword: ""\bleather\s+jacket\b""",rukka-yorkton-leather-jacket-1|Size:46:Colour:Black/Silver|price:64000.00|compare:|weight:7000|barcode:|qty:0 | rukka-yorkton-leather-jacket-2|Size:46:Colour:Dark Brown|price:64000.00|compare:|weight:7000|barcode:|qty:0 | rukka-yorkton-leather-jacket-3|Size:48:Colour:Black/Silver|price:64000.00|compare:|weight:7000|barcode:|qty:0 | rukka-yorkton-leather-jacket-4|Size:48:Colour:Dark Brown|price:64000.00|compare:|weight:7000|barcode:|qty:0 | rukka-yorkton-leather-jacket-5|Size:50:Colour:Black/Silver|price:64000.00|compare:|weight:7000|barcode:|qty:0 | rukka-yorkton-leather-jacket-6|Size:50:Colour:Dark Brown|price:64000.00|compare:|weight:7000|barcode:|qty:0 | rukka-yorkton-leather-jacket-7|Size:52:Colour:Black/Silver|price:64000.00|compare:|weight:7000|barcode:|qty:0 | rukka-yorkton-leather-jacket-8|Size:52:Colour:Dark Brown|price:64000.00|compare:|weight:7000|barcode:|qty:0 | rukka-yorkton-leather-jacket-9|Size:54:Colour:Black/Silver|price:64000.00|compare:|weight:7000|barcode:|qty:0 | rukka-yorkton-leather-jacket-10|Size:54:Colour:Dark Brown|price:64000.00|compare:|weight:7000|barcode:|qty:0 | rukka-yorkton-leather-jacket-11|Size:56:Colour:Black/Silver|price:64000.00|compare:|weight:7000|barcode:|qty:0 | rukka-yorkton-leather-jacket-12|Size:56:Colour:Dark Brown|price:64000.00|compare:|weight:7000|barcode:|qty:0 | rukka-yorkton-leather-jacket-13|Size:58:Colour:Black/Silver|price:64000.00|compare:|weight:7000|barcode:|qty:0 | rukka-yorkton-leather-jacket-14|Size:58:Colour:Dark Brown|price:64000.00|compare:|weight:7000|barcode:|qty:0 | rukka-yorkton-leather-jacket-15|Size:60:Colour:Black/Silver|price:64000.00|compare:|weight:7000|barcode:|qty:0 | rukka-yorkton-leather-jacket-16|Size:60:Colour:Dark Brown|price:64000.00|compare:|weight:7000|barcode:|qty:0 | rukka-yorkton-leather-jacket-17|Size:62:Colour:Black/Silver|price:64000.00|compare:|weight:7000|barcode:|qty:0 | rukka-yorkton-leather-jacket-18|Size:62:Colour:Dark Brown|price:64000.00|compare:|weight:7000|barcode:|qty:0 | rukka-yorkton-leather-jacket-19|Size:64:Colour:Black/Silver|price:64000.00|compare:|weight:7000|barcode:|qty:0 | rukka-yorkton-leather-jacket-20|Size:64:Colour:Dark Brown|price:64000.00|compare:|weight:7000|barcode:|qty:0 | rukka-yorkton-leather-jacket-21|Size:66:Colour:Black/Silver|price:64000.00|compare:|weight:7000|barcode:|qty:0 | rukka-yorkton-leather-jacket-22|Size:66:Colour:Dark Brown|price:64000.00|compare:|weight:7000|barcode:|qty:0,"rukka-yorkton-leather-jacket-1,rukka-yorkton-leather-jacket-2,rukka-yorkton-leather-jacket-3,rukka-yorkton-leather-jacket-4,rukka-yorkton-leather-jacket-5,rukka-yorkton-leather-jacket-6,rukka-yorkton-leather-jacket-7,rukka-yorkton-leather-jacket-8,rukka-yorkton-leather-jacket-9,rukka-yorkton-leather-jacket-10,rukka-yorkton-leather-jacket-11,rukka-yorkton-leather-jacket-12,rukka-yorkton-leather-jacket-13,rukka-yorkton-leather-jacket-14,rukka-yorkton-leather-jacket-15,rukka-yorkton-leather-jacket-16,rukka-yorkton-leather-jacket-17,rukka-yorkton-leather-jacket-18,rukka-yorkton-leather-jacket-19,rukka-yorkton-leather-jacket-20,rukka-yorkton-leather-jacket-21,rukka-yorkton-leather-jacket-22",22,https://cdn.shopify.com/s/files/1/0076/8301/4754/products/3_70206_727_R_990_Yorkton.jpg?v=1661775132|pos:1|alt:Rukka Rukka Yorkton Leather Jacket – front view || https://cdn.shopify.com/s/files/1/0076/8301/4754/products/3_70206_727_R_990_back_Yorkton.jpg?v=1661775131|pos:2|alt:Rukka Rukka Yorkton Leather Jacket – side view || https://cdn.shopify.com/s/files/1/0076/8301/4754/products/3_70206_727_R_195_Yorkton.jpg?v=1661775131|pos:3|alt:Rukka Rukka Yorkton Leather Jacket – rear view || https://cdn.shopify.com/s/files/1/0076/8301/4754/products/3_70206_727_R_195_back_Yorkton.jpg?v=1661775132|pos:4|alt:Rukka Rukka Yorkton Leather Jacket – detail view,4,Rukka Rukka Yorkton Leather Jacket – front view | Rukka Rukka Yorkton Leather Jacket – side view | Rukka Rukka Yorkton Leather Jacket – rear view | Rukka Rukka Yorkton Leather Jacket – detail view,,0,Rukka Yorkton Leather Jacket,"Rukka Yorkton Leather Jacket. The perfect blend of safety, comfort and a laid back look.",abrasion-resistant cowhide leather.,,adjustable hem with press buttons. adjustable cuffs with press buttons and zippers. two outside pockets.,,Available in multiple sizes. Check the size guide before ordering.,Rukka Yorkton Leather Jacket — a leather Jacket built to the specifications listed above.,true,draft,https://cdn.shopify.com/s/files/1/0076/8301/4754/products/3_70206_727_R_990_Yorkton.jpg?v=1661775132|role:hero || https://cdn.shopify.com/s/files/1/0076/8301/4754/products/3_70206_727_R_990_back_Yorkton.jpg?v=1661775131|role:construction detail || https://cdn.shopify.com/s/files/1/0076/8301/4754/products/3_70206_727_R_195_Yorkton.jpg?v=1661775131|role:side profile,3,false,/products/rukka-yorkton-leather-jacket,/products/rukka-yorkton-leather-jacket
rukka-comfo-r-gtx-textile-jacket,rukka-comfo-r-gtx-textile-jacket,Rukka Comfo-R GTX Textile Jacket,Rukka Comfo-R GTX Textile Jacket,rukka-comfo-r-gtx-textile-jacket,"Rukka designs and manufactures the motorcycle clothing according to the strict guidelines, ""safe & comfortable"" with the highest standards for waterproofing and comfort. Each garment… • 100% durable breathable, windproof and waterproof Gore-Tex® Z-Liner membrane under the outer fabric. • Abrasion-resistant 500D CORDURA® reinforcements on shoulders and elbows. • Abrasion resistant elastic Cordura® 500D outer fabric. • Ventilation openings on the sides and back. Available in multiple sizes and/or colours — select your variant.","Rukka designs and manufactures the motorcycle clothing according to the strict guidelines, ""safe &amp; comfortable"" with the highest standards for waterproofing and comfort. Each garment works best in its specific comfort zone Either hot or cold, rain or shine, Rukka offers flexible technologies for different riding conditions.<br><br>

<b>Features:</b><br>

<li>100% durable breathable, windproof and waterproof Gore-Tex® Z-Liner membrane under the outer fabric</li>
<li>Abrasion-resistant 500D CORDURA® reinforcements on shoulders and elbows</li>
<li>Abrasion resistant elastic Cordura® 500D outer fabric</li>
<li>Ventilation openings on the sides and back</li>
<li>2 zippered lower pockets and 2 waterproof inner pockets including cell phone pocket</li>
<li>Crotch strap and connection zipper to pants</li>
<li>Adjustable waistband and sleeve ends with Velcro closure</li>
<li>Width adjustability on the upper arm with snaps</li>
<li>Removable thermal lining (60g)</li>
<li>Integrated anti-loss ATS (= attached storm collar) Gore-Tex® stretch collar that can be hidden in a pocket</li>
<li>Soft neoprene collar</li><br>
<b>Specifications:</b><br>

<li>Rukka D3O Air XTR All back protector EN 1621-2:2014 Level 1.</li>
<li>Rukka D3O® Air XTR shoulder and elbow protectors EN1621-1-2012 Level 2</li>
<li>Weight: 2.30kg (size 50 with protectors)</li><br>
<b>ADDITIONAL PRODUCT INFORMATION</b><br>
<li>Material	93% polyamide, 7% elastane</li>","Rukka designs and manufactures the motorcycle clothing according to the strict guidelines, ""safe & comfortable"" with the highest standards for waterproofing and comfort. Each garment works best in its specific comfort zone Either hot or cold, rain or shine, Rukka offers flexible technologies for different riding conditions.

Features:

• 100% durable breathable, windproof and waterproof Gore-Tex® Z-Liner membrane under the outer fabric

• Abrasion-resistant 500D CORDURA® reinforcements on shoulders and elbows

• Abrasion resistant elastic Cordura® 500D outer fabric

• Ventilation openings on the sides and back

• 2 zippered lower pockets and 2 waterproof inner pockets including cell phone pocket

• Crotch strap and connection zipper to pants

• Adjustable waistband and sleeve ends with Velcro closure

• Width adjustability on the upper arm with snaps

• Removable thermal lining (60g)

• Integrated anti-loss ATS (= attached storm collar) Gore-Tex® stretch collar that can be hidden in a pocket

• Soft neoprene collar

Specifications:

• Rukka D3O Air XTR All back protector EN 1621-2:2014 Level 1.

• Rukka D3O® Air XTR shoulder and elbow protectors EN1621-1-2012 Level 2

• Weight: 2.30kg (size 50 with protectors)

ADDITIONAL PRODUCT INFORMATION

• Material	93% polyamide, 7% elastane",77000,,2026-07-26,active,Rukka,7000,g,Buy Rukka Comfo-R GTX Textile Jacket | Mile 27 Store,"Rukka designs and manufactures the motorcycle clothing according to the strict guidelines, ""safe & comfortable"" with the highest standards for…","100% durable breathable, windproof and waterproof Gore-Tex® Z-Liner membrane under the outer fabric | Abrasion-resistant 500D CORDURA® reinforcements on shoulders and elbows | Abrasion resistant elastic Cordura® 500D outer fabric | Ventilation openings on the sides and back",Cleaned noise; brand verified,High,false,Riding Gear > Riding Jackets > Textile Jackets,High,"Refined by title keyword: ""\b(textile\s+jacket|touring\s+jacket|adventure\s+jacket)\b""",rukka-comfo-r-gtx-textile-jacket-1|Size:46:Colour:Black|price:77000.00|compare:|weight:7000|barcode:|qty:0 | rukka-comfo-r-gtx-textile-jacket-2|Size:46:Colour:Black/Grey/Yellow|price:77000.00|compare:|weight:7000|barcode:|qty:0 | rukka-comfo-r-gtx-textile-jacket-3|Size:46:Colour:Black/Light Grey|price:77000.00|compare:|weight:7000|barcode:|qty:0 | rukka-comfo-r-gtx-textile-jacket-4|Size:46:Colour:Black/Yellow|price:77000.00|compare:|weight:7000|barcode:|qty:0 | rukka-comfo-r-gtx-textile-jacket-5|Size:46:Colour:Black/Silver|price:77000.00|compare:|weight:7000|barcode:|qty:0 | rukka-comfo-r-gtx-textile-jacket-6|Size:46:Colour:Light Grey/Black|price:77000.00|compare:|weight:7000|barcode:|qty:0 | rukka-comfo-r-gtx-textile-jacket-7|Size:48:Colour:Black|price:77000.00|compare:|weight:7000|barcode:|qty:0 | rukka-comfo-r-gtx-textile-jacket-8|Size:48:Colour:Black/Grey/Yellow|price:77000.00|compare:|weight:7000|barcode:|qty:0 | rukka-comfo-r-gtx-textile-jacket-9|Size:48:Colour:Black/Light Grey|price:77000.00|compare:|weight:7000|barcode:|qty:0 | rukka-comfo-r-gtx-textile-jacket-10|Size:48:Colour:Black/Yellow|price:77000.00|compare:|weight:7000|barcode:|qty:0 | rukka-comfo-r-gtx-textile-jacket-11|Size:48:Colour:Black/Silver|price:77000.00|compare:|weight:7000|barcode:|qty:0 | rukka-comfo-r-gtx-textile-jacket-12|Size:48:Colour:Light Grey/Black|price:77000.00|compare:|weight:7000|barcode:|qty:0 | rukka-comfo-r-gtx-textile-jacket-13|Size:50:Colour:Black|price:77000.00|compare:|weight:7000|barcode:|qty:0 | rukka-comfo-r-gtx-textile-jacket-14|Size:50:Colour:Black/Grey/Yellow|price:77000.00|compare:|weight:7000|barcode:|qty:0 | rukka-comfo-r-gtx-textile-jacket-15|Size:50:Colour:Black/Light Grey|price:77000.00|compare:|weight:7000|barcode:|qty:0 | rukka-comfo-r-gtx-textile-jacket-16|Size:50:Colour:Black/Yellow|price:77000.00|compare:|weight:7000|barcode:|qty:0 | rukka-comfo-r-gtx-textile-jacket-17|Size:50:Colour:Black/Silver|price:77000.00|compare:|weight:7000|barcode:|qty:0 | rukka-comfo-r-gtx-textile-jacket-18|Size:50:Colour:Light Grey/Black|price:77000.00|compare:|weight:7000|barcode:|qty:0 | rukka-comfo-r-gtx-textile-jacket-19|Size:52:Colour:Black|price:77000.00|compare:|weight:7000|barcode:|qty:0 | rukka-comfo-r-gtx-textile-jacket-20|Size:52:Colour:Black/Grey/Yellow|price:77000.00|compare:|weight:7000|barcode:|qty:0 | rukka-comfo-r-gtx-textile-jacket-21|Size:52:Colour:Black/Light Grey|price:77000.00|compare:|weight:7000|barcode:|qty:0 | rukka-comfo-r-gtx-textile-jacket-22|Size:52:Colour:Black/Yellow|price:77000.00|compare:|weight:7000|barcode:|qty:0 | rukka-comfo-r-gtx-textile-jacket-23|Size:52:Colour:Black/Silver|price:77000.00|compare:|weight:7000|barcode:|qty:0 | rukka-comfo-r-gtx-textile-jacket-24|Size:52:Colour:Light Grey/Black|price:77000.00|compare:|weight:7000|barcode:|qty:0 | rukka-comfo-r-gtx-textile-jacket-25|Size:54:Colour:Black|price:77000.00|compare:|weight:7000|barcode:|qty:0 | rukka-comfo-r-gtx-textile-jacket-26|Size:54:Colour:Black/Grey/Yellow|price:77000.00|compare:|weight:7000|barcode:|qty:0 | rukka-comfo-r-gtx-textile-jacket-27|Size:54:Colour:Black/Light Grey|price:77000.00|compare:|weight:7000|barcode:|qty:0 | rukka-comfo-r-gtx-textile-jacket-28|Size:54:Colour:Black/Yellow|price:77000.00|compare:|weight:7000|barcode:|qty:0 | rukka-comfo-r-gtx-textile-jacket-29|Size:54:Colour:Black/Silver|price:77000.00|compare:|weight:7000|barcode:|qty:0 | rukka-comfo-r-gtx-textile-jacket-30|Size:54:Colour:Light Grey/Black|price:77000.00|compare:|weight:7000|barcode:|qty:0 | rukka-comfo-r-gtx-textile-jacket-31|Size:56:Colour:Black|price:77000.00|compare:|weight:7000|barcode:|qty:0 | rukka-comfo-r-gtx-textile-jacket-32|Size:56:Colour:Black/Grey/Yellow|price:77000.00|compare:|weight:7000|barcode:|qty:0 | rukka-comfo-r-gtx-textile-jacket-33|Size:56:Colour:Black/Light Grey|price:77000.00|compare:|weight:7000|barcode:|qty:0 | rukka-comfo-r-gtx-textile-jacket-34|Size:56:Colour:Black/Yellow|price:77000.00|compare:|weight:7000|barcode:|qty:0 | rukka-comfo-r-gtx-textile-jacket-35|Size:56:Colour:Black/Silver|price:77000.00|compare:|weight:7000|barcode:|qty:0 | rukka-comfo-r-gtx-textile-jacket-36|Size:56:Colour:Light Grey/Black|price:77000.00|compare:|weight:7000|barcode:|qty:0 | rukka-comfo-r-gtx-textile-jacket-37|Size:58:Colour:Black|price:77000.00|compare:|weight:7000|barcode:|qty:0 | rukka-comfo-r-gtx-textile-jacket-38|Size:58:Colour:Black/Grey/Yellow|price:77000.00|compare:|weight:7000|barcode:|qty:0 | rukka-comfo-r-gtx-textile-jacket-39|Size:58:Colour:Black/Light Grey|price:77000.00|compare:|weight:7000|barcode:|qty:0 | rukka-comfo-r-gtx-textile-jacket-40|Size:58:Colour:Black/Yellow|price:77000.00|compare:|weight:7000|barcode:|qty:0 | rukka-comfo-r-gtx-textile-jacket-41|Size:58:Colour:Black/Silver|price:77000.00|compare:|weight:7000|barcode:|qty:0 | rukka-comfo-r-gtx-textile-jacket-42|Size:58:Colour:Light Grey/Black|price:77000.00|compare:|weight:7000|barcode:|qty:0 | rukka-comfo-r-gtx-textile-jacket-43|Size:60:Colour:Black|price:77000.00|compare:|weight:7000|barcode:|qty:0 | rukka-comfo-r-gtx-textile-jacket-44|Size:60:Colour:Black/Grey/Yellow|price:77000.00|compare:|weight:7000|barcode:|qty:0 | rukka-comfo-r-gtx-textile-jacket-45|Size:60:Colour:Black/Light Grey|price:77000.00|compare:|weight:7000|barcode:|qty:0 | rukka-comfo-r-gtx-textile-jacket-46|Size:60:Colour:Black/Yellow|price:77000.00|compare:|weight:7000|barcode:|qty:0 | rukka-comfo-r-gtx-textile-jacket-47|Size:60:Colour:Black/Silver|price:77000.00|compare:|weight:7000|barcode:|qty:0 | rukka-comfo-r-gtx-textile-jacket-48|Size:60:Colour:Light Grey/Black|price:77000.00|compare:|weight:7000|barcode:|qty:0 | rukka-comfo-r-gtx-textile-jacket-49|Size:62:Colour:Black|price:77000.00|compare:|weight:7000|barcode:|qty:0 | rukka-comfo-r-gtx-textile-jacket-50|Size:62:Colour:Black/Grey/Yellow|price:77000.00|compare:|weight:7000|barcode:|qty:0 | rukka-comfo-r-gtx-textile-jacket-51|Size:62:Colour:Black/Light Grey|price:77000.00|compare:|weight:7000|barcode:|qty:0 | rukka-comfo-r-gtx-textile-jacket-52|Size:62:Colour:Black/Yellow|price:77000.00|compare:|weight:7000|barcode:|qty:0 | rukka-comfo-r-gtx-textile-jacket-53|Size:62:Colour:Black/Silver|price:77000.00|compare:|weight:7000|barcode:|qty:0 | rukka-comfo-r-gtx-textile-jacket-54|Size:62:Colour:Light Grey/Black|price:77000.00|compare:|weight:7000|barcode:|qty:0 | rukka-comfo-r-gtx-textile-jacket-55|Size:64:Colour:Black|price:77000.00|compare:|weight:7000|barcode:|qty:0 | rukka-comfo-r-gtx-textile-jacket-56|Size:64:Colour:Black/Grey/Yellow|price:77000.00|compare:|weight:7000|barcode:|qty:0 | rukka-comfo-r-gtx-textile-jacket-57|Size:64:Colour:Black/Light Grey|price:77000.00|compare:|weight:7000|barcode:|qty:0 | rukka-comfo-r-gtx-textile-jacket-58|Size:64:Colour:Black/Yellow|price:77000.00|compare:|weight:7000|barcode:|qty:0 | rukka-comfo-r-gtx-textile-jacket-59|Size:64:Colour:Black/Silver|price:77000.00|compare:|weight:7000|barcode:|qty:0 | rukka-comfo-r-gtx-textile-jacket-60|Size:64:Colour:Light Grey/Black|price:77000.00|compare:|weight:7000|barcode:|qty:0 | rukka-comfo-r-gtx-textile-jacket-61|Size:66:Colour:Black|price:77000.00|compare:|weight:7000|barcode:|qty:0 | rukka-comfo-r-gtx-textile-jacket-62|Size:66:Colour:Black/Grey/Yellow|price:77000.00|compare:|weight:7000|barcode:|qty:0 | rukka-comfo-r-gtx-textile-jacket-63|Size:66:Colour:Black/Light Grey|price:77000.00|compare:|weight:7000|barcode:|qty:0 | rukka-comfo-r-gtx-textile-jacket-64|Size:66:Colour:Black/Yellow|price:77000.00|compare:|weight:7000|barcode:|qty:0 | rukka-comfo-r-gtx-textile-jacket-65|Size:66:Colour:Black/Silver|price:77000.00|compare:|weight:7000|barcode:|qty:0 | rukka-comfo-r-gtx-textile-jacket-66|Size:66:Colour:Light Grey/Black|price:77000.00|compare:|weight:7000|barcode:|qty:0,"rukka-comfo-r-gtx-textile-jacket-1,rukka-comfo-r-gtx-textile-jacket-2,rukka-comfo-r-gtx-textile-jacket-3,rukka-comfo-r-gtx-textile-jacket-4,rukka-comfo-r-gtx-textile-jacket-5,rukka-comfo-r-gtx-textile-jacket-6,rukka-comfo-r-gtx-textile-jacket-7,rukka-comfo-r-gtx-textile-jacket-8,rukka-comfo-r-gtx-textile-jacket-9,rukka-comfo-r-gtx-textile-jacket-10,rukka-comfo-r-gtx-textile-jacket-11,rukka-comfo-r-gtx-textile-jacket-12,rukka-comfo-r-gtx-textile-jacket-13,rukka-comfo-r-gtx-textile-jacket-14,rukka-comfo-r-gtx-textile-jacket-15,rukka-comfo-r-gtx-textile-jacket-16,rukka-comfo-r-gtx-textile-jacket-17,rukka-comfo-r-gtx-textile-jacket-18,rukka-comfo-r-gtx-textile-jacket-19,rukka-comfo-r-gtx-textile-jacket-20,rukka-comfo-r-gtx-textile-jacket-21,rukka-comfo-r-gtx-textile-jacket-22,rukka-comfo-r-gtx-textile-jacket-23,rukka-comfo-r-gtx-textile-jacket-24,rukka-comfo-r-gtx-textile-jacket-25,rukka-comfo-r-gtx-textile-jacket-26,rukka-comfo-r-gtx-textile-jacket-27,rukka-comfo-r-gtx-textile-jacket-28,rukka-comfo-r-gtx-textile-jacket-29,rukka-comfo-r-gtx-textile-jacket-30,rukka-comfo-r-gtx-textile-jacket-31,rukka-comfo-r-gtx-textile-jacket-32,rukka-comfo-r-gtx-textile-jacket-33,rukka-comfo-r-gtx-textile-jacket-34,rukka-comfo-r-gtx-textile-jacket-35,rukka-comfo-r-gtx-textile-jacket-36,rukka-comfo-r-gtx-textile-jacket-37,rukka-comfo-r-gtx-textile-jacket-38,rukka-comfo-r-gtx-textile-jacket-39,rukka-comfo-r-gtx-textile-jacket-40,rukka-comfo-r-gtx-textile-jacket-41,rukka-comfo-r-gtx-textile-jacket-42,rukka-comfo-r-gtx-textile-jacket-43,rukka-comfo-r-gtx-textile-jacket-44,rukka-comfo-r-gtx-textile-jacket-45,rukka-comfo-r-gtx-textile-jacket-46,rukka-comfo-r-gtx-textile-jacket-47,rukka-comfo-r-gtx-textile-jacket-48,rukka-comfo-r-gtx-textile-jacket-49,rukka-comfo-r-gtx-textile-jacket-50,rukka-comfo-r-gtx-textile-jacket-51,rukka-comfo-r-gtx-textile-jacket-52,rukka-comfo-r-gtx-textile-jacket-53,rukka-comfo-r-gtx-textile-jacket-54,rukka-comfo-r-gtx-textile-jacket-55,rukka-comfo-r-gtx-textile-jacket-56,rukka-comfo-r-gtx-textile-jacket-57,rukka-comfo-r-gtx-textile-jacket-58,rukka-comfo-r-gtx-textile-jacket-59,rukka-comfo-r-gtx-textile-jacket-60,rukka-comfo-r-gtx-textile-jacket-61,rukka-comfo-r-gtx-textile-jacket-62,rukka-comfo-r-gtx-textile-jacket-63,rukka-comfo-r-gtx-textile-jacket-64,rukka-comfo-r-gtx-textile-jacket-65,rukka-comfo-r-gtx-textile-jacket-66",66,https://cdn.shopify.com/s/files/1/0076/8301/4754/products/9_70250_757_R_999.jpg?v=1661774710|pos:1|alt:Rukka Rukka Comfo-R GTX Textile Jacket – front view || https://cdn.shopify.com/s/files/1/0076/8301/4754/products/9_70250_757_R_999_back.jpg?v=1661774715|pos:2|alt:Rukka Rukka Comfo-R GTX Textile Jacket – side view || https://cdn.shopify.com/s/files/1/0076/8301/4754/products/9_70250_757_R_290.jpg?v=1661774710|pos:3|alt:Rukka Rukka Comfo-R GTX Textile Jacket – rear view || https://cdn.shopify.com/s/files/1/0076/8301/4754/products/9_70250_757_R_290_back.jpg?v=1661774710|pos:4|alt:Rukka Rukka Comfo-R GTX Textile Jacket – detail view || https://cdn.shopify.com/s/files/1/0076/8301/4754/products/9_70250_757_R_920.jpg?v=1661774710|pos:5|alt:Rukka Rukka Comfo-R GTX Textile Jacket – top view || https://cdn.shopify.com/s/files/1/0076/8301/4754/products/9_70250_757_R_994.jpg?v=1661774711|pos:6|alt:Rukka Rukka Comfo-R GTX Textile Jacket – product view || https://cdn.shopify.com/s/files/1/0076/8301/4754/products/9_70250_757_R_990.jpg?v=1661774711|pos:7|alt:Rukka Rukka Comfo-R GTX Textile Jacket – product view || https://cdn.shopify.com/s/files/1/0076/8301/4754/products/9_70250_757_R_200.jpg?v=1661774715|pos:8|alt:Rukka Rukka Comfo-R GTX Textile Jacket – product view || https://cdn.shopify.com/s/files/1/0076/8301/4754/products/9_70250_757_R_200_back.jpg?v=1661774711|pos:9|alt:Rukka Rukka Comfo-R GTX Textile Jacket – product view,9,Rukka Rukka Comfo-R GTX Textile Jacket – front view | Rukka Rukka Comfo-R GTX Textile Jacket – side view | Rukka Rukka Comfo-R GTX Textile Jacket – rear view | Rukka Rukka Comfo-R GTX Textile Jacket – detail view | Rukka Rukka Comfo-R GTX Textile Jacket – top view | Rukka Rukka Comfo-R GTX Textile Jacket – product view,,0,Rukka Comfo-R GTX Textile Jacket,"Rukka Comfo-R GTX Textile Jacket. Rukka designs and manufactures the motorcycle clothing according to the strict guidelines, ""safe & comfortable"" with the highest standards for waterproofing and comfort.",,"100% durable breathable, windproof and waterproof Gore-Tex® Z-Liner membrane under the outer fabric. Ventilation openings on the sides and back.",Abrasion-resistant 500D CORDURA® reinforcements on shoulders and elbows. Abrasion resistant elastic Cordura® 500D outer fabric.,,Available in multiple sizes. Check the size guide before ordering.,Rukka Comfo-R GTX Textile Jacket — a textile Jacket built to the specifications listed above.,true,draft,https://cdn.shopify.com/s/files/1/0076/8301/4754/products/9_70250_757_R_999.jpg?v=1661774710|role:hero || https://cdn.shopify.com/s/files/1/0076/8301/4754/products/9_70250_757_R_999_back.jpg?v=1661774715|role:construction detail || https://cdn.shopify.com/s/files/1/0076/8301/4754/products/9_70250_757_R_290.jpg?v=1661774710|role:side profile,3,false,/products/rukka-comfo-r-gtx-textile-jacket,/products/rukka-comfo-r-gtx-textile-jacket
rukka-r-ex-textile-jacket,rukka-r-ex-textile-jacket,Rukka R-EX Textile Jacket,Rukka R-EX Textile Jacket,rukka-r-ex-textile-jacket,"The RUKKA® R-ex is a 2-layer laminated Gore-Tex jacket. The jacket is constructed from a rugged tear and abrasion resistant 2-layer Gore-Tex nylon laminate. It… • wind- and waterproof Gore-Tex® 2-layer laminated Jacket. • ventilation openings with zipper and mesh inserts on side, shoulders,back. • width adjustment on upper arm, hem and cuffs with snap fasteners. • a 360° zip for attaching to any Rukka Pants. Available in multiple sizes and/or colours — select your variant.","The RUKKA® R-ex is a 2-layer laminated Gore-Tex jacket. The jacket is constructed from a rugged tear and abrasion resistant 2-layer Gore-Tex nylon laminate. It comes with a 360° zip for attaching to any Rukka pant. Venting is plentiful, with vents up the sides, on shoulders and on the back. Protection comes in the form of D30 armour in the shoulders and elbows. The jacket is pre-prepared to take a Rukka D3O® Air All Back and Full Back protectors and Rukka D3O® CP1 split chest protector. The neck is Neoprene lined, for a soft finish and to keep rain out. <br><br>

<b>Features:</b><br>

<li>wind- and waterproof Gore-Tex® 2-layer laminated Jacket</li>
<li>ventilation openings with zipper and mesh inserts on side, shoulders,back</li>
<li>width adjustment on upper arm, hem and cuffs with snap fasteners </li>
<li>a 360° zip for attaching to any Rukka Pants</li>
<li>two waterproof pockets outside</li>
<li>two pockets inside that fit rukka D3O® CP1 split chest protectors</li>
<li>Rukka D3O® XTR  shoulder and elbow protectors, approved according to EN 1621-1 2012</li>
<li>pocket for Rukka D3O® Air All Back and Full Back protectors</li>
<li>reflecting details on sleeves, back and neck</li>","The RUKKA® R-ex is a 2-layer laminated Gore-Tex jacket. The jacket is constructed from a rugged tear and abrasion resistant 2-layer Gore-Tex nylon laminate. It comes with a 360° zip for attaching to any Rukka pant. Venting is plentiful, with vents up the sides, on shoulders and on the back. Protection comes in the form of D30 armour in the shoulders and elbows. The jacket is pre-prepared to take a Rukka D3O® Air All Back and Full Back protectors and Rukka D3O® CP1 split chest protector. The neck is Neoprene lined, for a soft finish and to keep rain out. 

Features:

• wind- and waterproof Gore-Tex® 2-layer laminated Jacket

• ventilation openings with zipper and mesh inserts on side, shoulders,back

• width adjustment on upper arm, hem and cuffs with snap fasteners 

• a 360° zip for attaching to any Rukka Pants

• two waterproof pockets outside

• two pockets inside that fit rukka D3O® CP1 split chest protectors

• Rukka D3O® XTR  shoulder and elbow protectors, approved according to EN 1621-1 2012

• pocket for Rukka D3O® Air All Back and Full Back protectors

• reflecting details on sleeves, back and neck",77000,,2026-07-26,active,Rukka,7000,g,Buy Rukka R-EX Textile Jacket | Mile 27 Store,The RUKKA® R-ex is a 2-layer laminated Gore-Tex jacket. The jacket is constructed from a rugged tear and abrasion resistant 2-layer Gore-Tex nylon…,"wind- and waterproof Gore-Tex® 2-layer laminated Jacket | ventilation openings with zipper and mesh inserts on side, shoulders,back | width adjustment on upper arm, hem and cuffs with snap fasteners | a 360° zip for attaching to any Rukka Pants",Cleaned noise; brand verified,High,false,Riding Gear > Riding Jackets > Textile Jackets,High,"Refined by title keyword: ""\b(textile\s+jacket|touring\s+jacket|adventure\s+jacket)\b""",rukka-r-ex-textile-jacket-1|Size:46:Colour:Black|price:77000.00|compare:|weight:7000|barcode:|qty:0 | rukka-r-ex-textile-jacket-2|Size:46:Colour:Black/Yellow|price:77000.00|compare:|weight:7000|barcode:|qty:0 | rukka-r-ex-textile-jacket-3|Size:46:Colour:Grey|price:77000.00|compare:|weight:7000|barcode:|qty:0 | rukka-r-ex-textile-jacket-4|Size:48:Colour:Black|price:77000.00|compare:|weight:7000|barcode:|qty:0 | rukka-r-ex-textile-jacket-5|Size:48:Colour:Black/Yellow|price:77000.00|compare:|weight:7000|barcode:|qty:0 | rukka-r-ex-textile-jacket-6|Size:48:Colour:Grey|price:77000.00|compare:|weight:7000|barcode:|qty:0 | rukka-r-ex-textile-jacket-7|Size:50:Colour:Black|price:77000.00|compare:|weight:7000|barcode:|qty:0 | rukka-r-ex-textile-jacket-8|Size:50:Colour:Black/Yellow|price:77000.00|compare:|weight:7000|barcode:|qty:0 | rukka-r-ex-textile-jacket-9|Size:50:Colour:Grey|price:77000.00|compare:|weight:7000|barcode:|qty:0 | rukka-r-ex-textile-jacket-10|Size:52:Colour:Black|price:77000.00|compare:|weight:7000|barcode:|qty:0 | rukka-r-ex-textile-jacket-11|Size:52:Colour:Black/Yellow|price:77000.00|compare:|weight:7000|barcode:|qty:0 | rukka-r-ex-textile-jacket-12|Size:52:Colour:Grey|price:77000.00|compare:|weight:7000|barcode:|qty:0 | rukka-r-ex-textile-jacket-13|Size:54:Colour:Black|price:77000.00|compare:|weight:7000|barcode:|qty:0 | rukka-r-ex-textile-jacket-14|Size:54:Colour:Black/Yellow|price:77000.00|compare:|weight:7000|barcode:|qty:0 | rukka-r-ex-textile-jacket-15|Size:54:Colour:Grey|price:77000.00|compare:|weight:7000|barcode:|qty:0 | rukka-r-ex-textile-jacket-16|Size:56:Colour:Black|price:77000.00|compare:|weight:7000|barcode:|qty:0 | rukka-r-ex-textile-jacket-17|Size:56:Colour:Black/Yellow|price:77000.00|compare:|weight:7000|barcode:|qty:0 | rukka-r-ex-textile-jacket-18|Size:56:Colour:Grey|price:77000.00|compare:|weight:7000|barcode:|qty:0 | rukka-r-ex-textile-jacket-19|Size:58:Colour:Black|price:77000.00|compare:|weight:7000|barcode:|qty:0 | rukka-r-ex-textile-jacket-20|Size:58:Colour:Black/Yellow|price:77000.00|compare:|weight:7000|barcode:|qty:0 | rukka-r-ex-textile-jacket-21|Size:58:Colour:Grey|price:77000.00|compare:|weight:7000|barcode:|qty:0 | rukka-r-ex-textile-jacket-22|Size:60:Colour:Black|price:77000.00|compare:|weight:7000|barcode:|qty:0 | rukka-r-ex-textile-jacket-23|Size:60:Colour:Black/Yellow|price:77000.00|compare:|weight:7000|barcode:|qty:0 | rukka-r-ex-textile-jacket-24|Size:60:Colour:Grey|price:77000.00|compare:|weight:7000|barcode:|qty:0 | rukka-r-ex-textile-jacket-25|Size:62:Colour:Black|price:77000.00|compare:|weight:7000|barcode:|qty:0 | rukka-r-ex-textile-jacket-26|Size:62:Colour:Black/Yellow|price:77000.00|compare:|weight:7000|barcode:|qty:0 | rukka-r-ex-textile-jacket-27|Size:62:Colour:Grey|price:77000.00|compare:|weight:7000|barcode:|qty:0 | rukka-r-ex-textile-jacket-28|Size:64:Colour:Black|price:77000.00|compare:|weight:7000|barcode:|qty:0 | rukka-r-ex-textile-jacket-29|Size:64:Colour:Black/Yellow|price:77000.00|compare:|weight:7000|barcode:|qty:0 | rukka-r-ex-textile-jacket-30|Size:64:Colour:Grey|price:77000.00|compare:|weight:7000|barcode:|qty:0 | rukka-r-ex-textile-jacket-31|Size:66:Colour:Black|price:77000.00|compare:|weight:7000|barcode:|qty:0 | rukka-r-ex-textile-jacket-32|Size:66:Colour:Black/Yellow|price:77000.00|compare:|weight:7000|barcode:|qty:0 | rukka-r-ex-textile-jacket-33|Size:66:Colour:Grey|price:77000.00|compare:|weight:7000|barcode:|qty:0,"rukka-r-ex-textile-jacket-1,rukka-r-ex-textile-jacket-2,rukka-r-ex-textile-jacket-3,rukka-r-ex-textile-jacket-4,rukka-r-ex-textile-jacket-5,rukka-r-ex-textile-jacket-6,rukka-r-ex-textile-jacket-7,rukka-r-ex-textile-jacket-8,rukka-r-ex-textile-jacket-9,rukka-r-ex-textile-jacket-10,rukka-r-ex-textile-jacket-11,rukka-r-ex-textile-jacket-12,rukka-r-ex-textile-jacket-13,rukka-r-ex-textile-jacket-14,rukka-r-ex-textile-jacket-15,rukka-r-ex-textile-jacket-16,rukka-r-ex-textile-jacket-17,rukka-r-ex-textile-jacket-18,rukka-r-ex-textile-jacket-19,rukka-r-ex-textile-jacket-20,rukka-r-ex-textile-jacket-21,rukka-r-ex-textile-jacket-22,rukka-r-ex-textile-jacket-23,rukka-r-ex-textile-jacket-24,rukka-r-ex-textile-jacket-25,rukka-r-ex-textile-jacket-26,rukka-r-ex-textile-jacket-27,rukka-r-ex-textile-jacket-28,rukka-r-ex-textile-jacket-29,rukka-r-ex-textile-jacket-30,rukka-r-ex-textile-jacket-31,rukka-r-ex-textile-jacket-32,rukka-r-ex-textile-jacket-33",33,https://cdn.shopify.com/s/files/1/0076/8301/4754/products/5_70114_737_R_999.jpg?v=1661773983|pos:1|alt:Rukka Rukka R-EX Textile Jacket – front view || https://cdn.shopify.com/s/files/1/0076/8301/4754/products/5_70114_737_R_999_back.jpg?v=1661773980|pos:2|alt:Rukka Rukka R-EX Textile Jacket – side view || https://cdn.shopify.com/s/files/1/0076/8301/4754/products/5_70114_737_R_940.jpg?v=1661773980|pos:3|alt:Rukka Rukka R-EX Textile Jacket – rear view || https://cdn.shopify.com/s/files/1/0076/8301/4754/products/5_70114_737_R_940_back.jpg?v=1661773984|pos:4|alt:Rukka Rukka R-EX Textile Jacket – detail view || https://cdn.shopify.com/s/files/1/0076/8301/4754/products/5_70114_737_R_290.jpg?v=1661773983|pos:5|alt:Rukka Rukka R-EX Textile Jacket – top view || https://cdn.shopify.com/s/files/1/0076/8301/4754/products/5_70114_737_R_290_back.jpg?v=1661773983|pos:6|alt:Rukka Rukka R-EX Textile Jacket – product view,6,Rukka Rukka R-EX Textile Jacket – front view | Rukka Rukka R-EX Textile Jacket – side view | Rukka Rukka R-EX Textile Jacket – rear view | Rukka Rukka R-EX Textile Jacket – detail view | Rukka Rukka R-EX Textile Jacket – top view | Rukka Rukka R-EX Textile Jacket – product view,,0,Rukka R-EX Textile Jacket,Rukka R-EX Textile Jacket. The RUKKA® R-ex is a 2-layer laminated Gore-Tex jacket.,"ventilation openings with zipper and mesh inserts on side, shoulders,back.","ventilation openings with zipper and mesh inserts on side, shoulders,back.","wind- and waterproof Gore-Tex® 2-layer laminated Jacket. width adjustment on upper arm, hem and cuffs with snap fasteners. a 360° zip for attaching to any Rukka Pants.",,Available in multiple sizes. Check the size guide before ordering.,Rukka R-EX Textile Jacket — a textile Jacket built to the specifications listed above.,true,draft,https://cdn.shopify.com/s/files/1/0076/8301/4754/products/5_70114_737_R_999.jpg?v=1661773983|role:hero || https://cdn.shopify.com/s/files/1/0076/8301/4754/products/5_70114_737_R_999_back.jpg?v=1661773980|role:construction detail || https://cdn.shopify.com/s/files/1/0076/8301/4754/products/5_70114_737_R_940.jpg?v=1661773980|role:side profile,3,false,/products/rukka-r-ex-textile-jacket,/products/rukka-r-ex-textile-jacket
rukka-rimo-r-textile-jacket,rukka-rimo-r-textile-jacket,Rukka Rimo-R Textile Jacket,Rukka Rimo-R Textile Jacket,rukka-rimo-r-textile-jacket,"In the new Airpower collection, Rukka offers double protection: not only protection from injury, but also protection from the heat. Through sophisticated technologies and designs,… • Breathable, wind- and waterproof Gore-TEX 2-ply laminate of polyester outer fabric. • Abrasion resistant reinforcements at shoulder and elbow in CORDURA 500D material. • Mesh inner lining. • A total of 9 ventilation openings: 4 on the arms in the front, 2 in the chest, 2 on the sides, 1 in the back. Available in multiple sizes and/or colours — select your variant.","In the new Airpower collection, Rukka offers double protection: not only protection from injury, but also protection from the heat. Through sophisticated technologies and designs, Rukka provides excellent ventilation to keep you cool and safe during summer rides.<br><br>

<b>Features:</b><br>

<li>Breathable, wind- and waterproof Gore-TEX 2-ply laminate of polyester outer fabric</li>
<li>Abrasion resistant reinforcements at shoulder and elbow in CORDURA 500D material</li>
<li>Mesh inner lining</li>
<li>A total of 9 ventilation openings: 4 on the arms in the front, 2 in the chest, 2 on the sides, 1 in the back</li>
<li>2 waterproof inner pockets</li>
<li>2 flap pockets attached, not waterproof</li>
<li>1 flap pocket in lower back, not waterproof</li>
<li>1 timekeeper/toll pocket on left sleeve</li>
<li>4x width adjustment on the arms</li>
<li>Elasticated cuffs at the end of the sleeves</li>
<li>Adjustable waist belt</li><br>
<b>Specifications:</b><br>

<li>Pockets for Rukka D3O protectors on joints and back (not included)</li>
<li>Further cut to fit protector shirts underneath</li><br>
<b>ADDITIONAL PRODUCT INFORMATION</b><br>
<li>Material	100% Polyester</li>","In the new Airpower collection, Rukka offers double protection: not only protection from injury, but also protection from the heat. Through sophisticated technologies and designs, Rukka provides excellent ventilation to keep you cool and safe during summer rides.

Features:

• Breathable, wind- and waterproof Gore-TEX 2-ply laminate of polyester outer fabric

• Abrasion resistant reinforcements at shoulder and elbow in CORDURA 500D material

• Mesh inner lining

• A total of 9 ventilation openings: 4 on the arms in the front, 2 in the chest, 2 on the sides, 1 in the back

• 2 waterproof inner pockets

• 2 flap pockets attached, not waterproof

• 1 flap pocket in lower back, not waterproof

• 1 timekeeper/toll pocket on left sleeve

• 4x width adjustment on the arms

• Elasticated cuffs at the end of the sleeves

• Adjustable waist belt

Specifications:

• Pockets for Rukka D3O protectors on joints and back (not included)

• Further cut to fit protector shirts underneath

ADDITIONAL PRODUCT INFORMATION

• Material	100% Polyester",77000,,2026-07-26,active,Rukka,7000,g,Buy Rukka Rimo-R Textile Jacket | Mile 27 Store,"In the new Airpower collection, Rukka offers double protection: not only protection from injury, but also protection from the heat. Through sophisticated…","Breathable, wind- and waterproof Gore-TEX 2-ply laminate of polyester outer fabric | Abrasion resistant reinforcements at shoulder and elbow in CORDURA 500D material | Mesh inner lining | A total of 9 ventilation openings: 4 on the arms in the front, 2 in the chest, 2 on the sides, 1 in the back",Cleaned noise; brand verified,High,false,Riding Gear > Riding Jackets > Textile Jackets,High,"Refined by title keyword: ""\b(textile\s+jacket|touring\s+jacket|adventure\s+jacket)\b""",rukka-rimo-r-textile-jacket-1|Size:44:Colour:Anthracite/White/Red|price:77000.00|compare:|weight:7000|barcode:|qty:0 | rukka-rimo-r-textile-jacket-2|Size:44:Colour:Grey/Blue|price:77000.00|compare:|weight:7000|barcode:|qty:0 | rukka-rimo-r-textile-jacket-3|Size:44:Colour:Silver/Yellow|price:77000.00|compare:|weight:7000|barcode:|qty:0 | rukka-rimo-r-textile-jacket-4|Size:46:Colour:Anthracite/White/Red|price:77000.00|compare:|weight:7000|barcode:|qty:0 | rukka-rimo-r-textile-jacket-5|Size:46:Colour:Grey/Blue|price:77000.00|compare:|weight:7000|barcode:|qty:0 | rukka-rimo-r-textile-jacket-6|Size:46:Colour:Silver/Yellow|price:77000.00|compare:|weight:7000|barcode:|qty:0 | rukka-rimo-r-textile-jacket-7|Size:48:Colour:Anthracite/White/Red|price:77000.00|compare:|weight:7000|barcode:|qty:0 | rukka-rimo-r-textile-jacket-8|Size:48:Colour:Grey/Blue|price:77000.00|compare:|weight:7000|barcode:|qty:0 | rukka-rimo-r-textile-jacket-9|Size:48:Colour:Silver/Yellow|price:77000.00|compare:|weight:7000|barcode:|qty:0 | rukka-rimo-r-textile-jacket-10|Size:50:Colour:Anthracite/White/Red|price:77000.00|compare:|weight:7000|barcode:|qty:0 | rukka-rimo-r-textile-jacket-11|Size:50:Colour:Grey/Blue|price:77000.00|compare:|weight:7000|barcode:|qty:0 | rukka-rimo-r-textile-jacket-12|Size:50:Colour:Silver/Yellow|price:77000.00|compare:|weight:7000|barcode:|qty:0 | rukka-rimo-r-textile-jacket-13|Size:52:Colour:Anthracite/White/Red|price:77000.00|compare:|weight:7000|barcode:|qty:0 | rukka-rimo-r-textile-jacket-14|Size:52:Colour:Grey/Blue|price:77000.00|compare:|weight:7000|barcode:|qty:0 | rukka-rimo-r-textile-jacket-15|Size:52:Colour:Silver/Yellow|price:77000.00|compare:|weight:7000|barcode:|qty:0 | rukka-rimo-r-textile-jacket-16|Size:54:Colour:Anthracite/White/Red|price:77000.00|compare:|weight:7000|barcode:|qty:0 | rukka-rimo-r-textile-jacket-17|Size:54:Colour:Grey/Blue|price:77000.00|compare:|weight:7000|barcode:|qty:0 | rukka-rimo-r-textile-jacket-18|Size:54:Colour:Silver/Yellow|price:77000.00|compare:|weight:7000|barcode:|qty:0 | rukka-rimo-r-textile-jacket-19|Size:56:Colour:Anthracite/White/Red|price:77000.00|compare:|weight:7000|barcode:|qty:0 | rukka-rimo-r-textile-jacket-20|Size:56:Colour:Grey/Blue|price:77000.00|compare:|weight:7000|barcode:|qty:0 | rukka-rimo-r-textile-jacket-21|Size:56:Colour:Silver/Yellow|price:77000.00|compare:|weight:7000|barcode:|qty:0 | rukka-rimo-r-textile-jacket-22|Size:58:Colour:Anthracite/White/Red|price:77000.00|compare:|weight:7000|barcode:|qty:0 | rukka-rimo-r-textile-jacket-23|Size:58:Colour:Grey/Blue|price:77000.00|compare:|weight:7000|barcode:|qty:0 | rukka-rimo-r-textile-jacket-24|Size:58:Colour:Silver/Yellow|price:77000.00|compare:|weight:7000|barcode:|qty:0 | rukka-rimo-r-textile-jacket-25|Size:60:Colour:Anthracite/White/Red|price:77000.00|compare:|weight:7000|barcode:|qty:0 | rukka-rimo-r-textile-jacket-26|Size:60:Colour:Grey/Blue|price:77000.00|compare:|weight:7000|barcode:|qty:0 | rukka-rimo-r-textile-jacket-27|Size:60:Colour:Silver/Yellow|price:77000.00|compare:|weight:7000|barcode:|qty:0 | rukka-rimo-r-textile-jacket-28|Size:62:Colour:Anthracite/White/Red|price:77000.00|compare:|weight:7000|barcode:|qty:0 | rukka-rimo-r-textile-jacket-29|Size:62:Colour:Grey/Blue|price:77000.00|compare:|weight:7000|barcode:|qty:0 | rukka-rimo-r-textile-jacket-30|Size:62:Colour:Silver/Yellow|price:77000.00|compare:|weight:7000|barcode:|qty:0 | rukka-rimo-r-textile-jacket-31|Size:64:Colour:Anthracite/White/Red|price:77000.00|compare:|weight:7000|barcode:|qty:0 | rukka-rimo-r-textile-jacket-32|Size:64:Colour:Grey/Blue|price:77000.00|compare:|weight:7000|barcode:|qty:0 | rukka-rimo-r-textile-jacket-33|Size:64:Colour:Silver/Yellow|price:77000.00|compare:|weight:7000|barcode:|qty:0 | rukka-rimo-r-textile-jacket-34|Size:66:Colour:Anthracite/White/Red|price:77000.00|compare:|weight:7000|barcode:|qty:0 | rukka-rimo-r-textile-jacket-35|Size:66:Colour:Grey/Blue|price:77000.00|compare:|weight:7000|barcode:|qty:0 | rukka-rimo-r-textile-jacket-36|Size:66:Colour:Silver/Yellow|price:77000.00|compare:|weight:7000|barcode:|qty:0,"rukka-rimo-r-textile-jacket-1,rukka-rimo-r-textile-jacket-2,rukka-rimo-r-textile-jacket-3,rukka-rimo-r-textile-jacket-4,rukka-rimo-r-textile-jacket-5,rukka-rimo-r-textile-jacket-6,rukka-rimo-r-textile-jacket-7,rukka-rimo-r-textile-jacket-8,rukka-rimo-r-textile-jacket-9,rukka-rimo-r-textile-jacket-10,rukka-rimo-r-textile-jacket-11,rukka-rimo-r-textile-jacket-12,rukka-rimo-r-textile-jacket-13,rukka-rimo-r-textile-jacket-14,rukka-rimo-r-textile-jacket-15,rukka-rimo-r-textile-jacket-16,rukka-rimo-r-textile-jacket-17,rukka-rimo-r-textile-jacket-18,rukka-rimo-r-textile-jacket-19,rukka-rimo-r-textile-jacket-20,rukka-rimo-r-textile-jacket-21,rukka-rimo-r-textile-jacket-22,rukka-rimo-r-textile-jacket-23,rukka-rimo-r-textile-jacket-24,rukka-rimo-r-textile-jacket-25,rukka-rimo-r-textile-jacket-26,rukka-rimo-r-textile-jacket-27,rukka-rimo-r-textile-jacket-28,rukka-rimo-r-textile-jacket-29,rukka-rimo-r-textile-jacket-30,rukka-rimo-r-textile-jacket-31,rukka-rimo-r-textile-jacket-32,rukka-rimo-r-textile-jacket-33,rukka-rimo-r-textile-jacket-34,rukka-rimo-r-textile-jacket-35,rukka-rimo-r-textile-jacket-36",36,https://cdn.shopify.com/s/files/1/0076/8301/4754/products/7_70230_747_R_290.jpg?v=1661773439|pos:1|alt:Rukka Rukka Rimo-R Textile Jacket – front view || https://cdn.shopify.com/s/files/1/0076/8301/4754/products/7_70230_747_R_290_back.jpg?v=1661773440|pos:2|alt:Rukka Rukka Rimo-R Textile Jacket – side view || https://cdn.shopify.com/s/files/1/0076/8301/4754/products/7_70230_747_R_380.jpg?v=1661773439|pos:3|alt:Rukka Rukka Rimo-R Textile Jacket – rear view || https://cdn.shopify.com/s/files/1/0076/8301/4754/products/7_70230_747_R_380_back.jpg?v=1661773439|pos:4|alt:Rukka Rukka Rimo-R Textile Jacket – detail view || https://cdn.shopify.com/s/files/1/0076/8301/4754/products/7_70230_747_R_210.jpg?v=1661773439|pos:5|alt:Rukka Rukka Rimo-R Textile Jacket – top view || https://cdn.shopify.com/s/files/1/0076/8301/4754/products/7_70230_747_R_210_back.jpg?v=1661773439|pos:6|alt:Rukka Rukka Rimo-R Textile Jacket – product view,6,Rukka Rukka Rimo-R Textile Jacket – front view | Rukka Rukka Rimo-R Textile Jacket – side view | Rukka Rukka Rimo-R Textile Jacket – rear view | Rukka Rukka Rimo-R Textile Jacket – detail view | Rukka Rukka Rimo-R Textile Jacket – top view | Rukka Rukka Rimo-R Textile Jacket – product view,,0,Rukka Rimo-R Textile Jacket,"Rukka Rimo-R Textile Jacket. In the new Airpower collection, Rukka offers double protection: not only protection from injury, but also protection from the heat.",Abrasion resistant reinforcements at shoulder and elbow in CORDURA 500D material. Mesh inner lining.,"A total of 9 ventilation openings: 4 on the arms in the front, 2 in the chest, 2 on the sides, 1 in the back.","Breathable, wind- and waterproof Gore-TEX 2-ply laminate of polyester outer fabric.",,Available in multiple sizes. Check the size guide before ordering.,Rukka Rimo-R Textile Jacket — a textile Jacket built to the specifications listed above.,true,draft,https://cdn.shopify.com/s/files/1/0076/8301/4754/products/7_70230_747_R_290.jpg?v=1661773439|role:hero || https://cdn.shopify.com/s/files/1/0076/8301/4754/products/7_70230_747_R_290_back.jpg?v=1661773440|role:construction detail || https://cdn.shopify.com/s/files/1/0076/8301/4754/products/7_70230_747_R_380.jpg?v=1661773439|role:side profile,3,false,/products/rukka-rimo-r-textile-jacket,/products/rukka-rimo-r-textile-jacket
rukka-armarone-gore-tex-textile-jacket,rukka-armarone-gore-tex-textile-jacket,Rukka Armarone Gore-Tex Textile Jacket,Rukka Armarone Gore-Tex Textile Jacket,rukka-armarone-gore-tex-textile-jacket,"Thanks to cutting-edge technology, the Rukka Armarone sets new standards among functional riding suits for the most demanding dynamic motorcyclists. • 100% breathable, wind- and waterproof Gore-Tex® Pro 3-layer laminated to abrasion and tear resistant Cordura shell fabric. • Armacor strengthenings on elbows and shoulders, combination of high-tech fibers aramid and Cordura. • soft neoprene in collar. • ventilation openings with zipper and mesh inserts. Available in multiple sizes and/or colours — select your variant.","Thanks to cutting-edge technology, the Rukka Armarone sets new standards among functional riding suits for the most demanding dynamic motorcyclists.<br><br>

<b>Materials</b><br>

<li>100% breathable, wind- and waterproof Gore-Tex® Pro 3-layer laminated to abrasion and tear resistant Cordura shell fabric</li>
<li>Armacor strengthenings on elbows and shoulders, combination of high-tech fibers aramid and Cordura</li>
<li>soft neoprene in collar</li><br>
<b>Ventilation</b><br>

<li>ventilation openings with zipper and mesh inserts</li>

<li>on back</li>
<li>on sides</li><br>
<b>Adjustability and Fit</b><br>

<li>width adjustment on upper and lower arm with snap fasteners</li>
<li>adjustable hem with velcros tightening</li>
<li>a crotch strap and a long connecting zipper for trousers</li>
<li>elastic parts on sides oft he jacket, on upper back and bend of arm</li><br>
<b>Pockets</b><br>

<li>two waterproof pockets outside with zipper</li>
<li>two waterproof pockets inside including a mobile phone pocket</li>
<li>one pocket in detachable inner thermo liner</li><br>
<b>Protectors</b><br>

<li>D3O® Air XTR shoulder and elbow protectors EN 1621-1 2012, Level 2</li>
<li>Rukka D3O® Air Allback protector, EN1621-2 2014</li><br>
<b>Comfort and Special Features</b><br>

<li>integrated waterproof, elastic ATS (=Anti Thief System) Gore-Tex Stretch collar which can be hidden in its pocket</li>
<li>detachable lining with 60g insulation</li>
<li>sleeve ends with zippers, velcro tightening and waterproof Gore-Tex® inner cuffs</li><br>
     

<b>ADDITIONAL PRODUCT INFORMATION</b><br>
<li>Material	75% polyamide, 25% polytetrafluorethylene</li>","Thanks to cutting-edge technology, the Rukka Armarone sets new standards among functional riding suits for the most demanding dynamic motorcyclists.

Materials

• 100% breathable, wind- and waterproof Gore-Tex® Pro 3-layer laminated to abrasion and tear resistant Cordura shell fabric

• Armacor strengthenings on elbows and shoulders, combination of high-tech fibers aramid and Cordura

• soft neoprene in collar

Ventilation

• ventilation openings with zipper and mesh inserts

• on back

• on sides

Adjustability and Fit

• width adjustment on upper and lower arm with snap fasteners

• adjustable hem with velcros tightening

• a crotch strap and a long connecting zipper for trousers

• elastic parts on sides oft he jacket, on upper back and bend of arm

Pockets

• two waterproof pockets outside with zipper

• two waterproof pockets inside including a mobile phone pocket

• one pocket in detachable inner thermo liner

Protectors

• D3O® Air XTR shoulder and elbow protectors EN 1621-1 2012, Level 2

• Rukka D3O® Air Allback protector, EN1621-2 2014

Comfort and Special Features

• integrated waterproof, elastic ATS (=Anti Thief System) Gore-Tex Stretch collar which can be hidden in its pocket

• detachable lining with 60g insulation

• sleeve ends with zippers, velcro tightening and waterproof Gore-Tex® inner cuffs

     

ADDITIONAL PRODUCT INFORMATION

• Material	75% polyamide, 25% polytetrafluorethylene",115000,,2026-07-26,active,Rukka,7000,g,Buy Rukka Armarone Gore-Tex Textile Jacket | Mile 27 Store,"Thanks to cutting-edge technology, the Rukka Armarone sets new standards among functional riding suits for the most demanding dynamic motorcyclists. 100%…","100% breathable, wind- and waterproof Gore-Tex® Pro 3-layer laminated to abrasion and tear resistant Cordura shell fabric | Armacor strengthenings on elbows and shoulders, combination of high-tech fibers aramid and Cordura | soft neoprene in collar | ventilation openings with zipper and mesh inserts",Cleaned noise; brand verified,High,false,Riding Gear > Riding Jackets > Textile Jackets,High,"Refined by title keyword: ""\b(textile\s+jacket|touring\s+jacket|adventure\s+jacket)\b""",rukka-armarone-gore-tex-textile-jacket-1|Size:46:Colour:Black/Blue|price:115000.00|compare:|weight:7000|barcode:|qty:0 | rukka-armarone-gore-tex-textile-jacket-2|Size:46:Colour:Black/Grey|price:115000.00|compare:|weight:7000|barcode:|qty:0 | rukka-armarone-gore-tex-textile-jacket-3|Size:46:Colour:Black/Red|price:115000.00|compare:|weight:7000|barcode:|qty:0 | rukka-armarone-gore-tex-textile-jacket-4|Size:46:Colour:Black/White|price:115000.00|compare:|weight:7000|barcode:|qty:0 | rukka-armarone-gore-tex-textile-jacket-5|Size:46:Colour:Black/Yellow|price:115000.00|compare:|weight:7000|barcode:|qty:0 | rukka-armarone-gore-tex-textile-jacket-6|Size:48:Colour:Black/Blue|price:115000.00|compare:|weight:7000|barcode:|qty:0 | rukka-armarone-gore-tex-textile-jacket-7|Size:48:Colour:Black/Grey|price:115000.00|compare:|weight:7000|barcode:|qty:0 | rukka-armarone-gore-tex-textile-jacket-8|Size:48:Colour:Black/Red|price:115000.00|compare:|weight:7000|barcode:|qty:0 | rukka-armarone-gore-tex-textile-jacket-9|Size:48:Colour:Black/White|price:115000.00|compare:|weight:7000|barcode:|qty:0 | rukka-armarone-gore-tex-textile-jacket-10|Size:48:Colour:Black/Yellow|price:115000.00|compare:|weight:7000|barcode:|qty:0 | rukka-armarone-gore-tex-textile-jacket-11|Size:50:Colour:Black/Blue|price:115000.00|compare:|weight:7000|barcode:|qty:0 | rukka-armarone-gore-tex-textile-jacket-12|Size:50:Colour:Black/Grey|price:115000.00|compare:|weight:7000|barcode:|qty:0 | rukka-armarone-gore-tex-textile-jacket-13|Size:50:Colour:Black/Red|price:115000.00|compare:|weight:7000|barcode:|qty:0 | rukka-armarone-gore-tex-textile-jacket-14|Size:50:Colour:Black/White|price:115000.00|compare:|weight:7000|barcode:|qty:0 | rukka-armarone-gore-tex-textile-jacket-15|Size:50:Colour:Black/Yellow|price:115000.00|compare:|weight:7000|barcode:|qty:0 | rukka-armarone-gore-tex-textile-jacket-16|Size:52:Colour:Black/Blue|price:115000.00|compare:|weight:7000|barcode:|qty:0 | rukka-armarone-gore-tex-textile-jacket-17|Size:52:Colour:Black/Grey|price:115000.00|compare:|weight:7000|barcode:|qty:0 | rukka-armarone-gore-tex-textile-jacket-18|Size:52:Colour:Black/Red|price:115000.00|compare:|weight:7000|barcode:|qty:0 | rukka-armarone-gore-tex-textile-jacket-19|Size:52:Colour:Black/White|price:115000.00|compare:|weight:7000|barcode:|qty:0 | rukka-armarone-gore-tex-textile-jacket-20|Size:52:Colour:Black/Yellow|price:115000.00|compare:|weight:7000|barcode:|qty:0 | rukka-armarone-gore-tex-textile-jacket-21|Size:54:Colour:Black/Blue|price:115000.00|compare:|weight:7000|barcode:|qty:0 | rukka-armarone-gore-tex-textile-jacket-22|Size:54:Colour:Black/Grey|price:115000.00|compare:|weight:7000|barcode:|qty:0 | rukka-armarone-gore-tex-textile-jacket-23|Size:54:Colour:Black/Red|price:115000.00|compare:|weight:7000|barcode:|qty:0 | rukka-armarone-gore-tex-textile-jacket-24|Size:54:Colour:Black/White|price:115000.00|compare:|weight:7000|barcode:|qty:0 | rukka-armarone-gore-tex-textile-jacket-25|Size:54:Colour:Black/Yellow|price:115000.00|compare:|weight:7000|barcode:|qty:0 | rukka-armarone-gore-tex-textile-jacket-26|Size:56:Colour:Black/Blue|price:115000.00|compare:|weight:7000|barcode:|qty:0 | rukka-armarone-gore-tex-textile-jacket-27|Size:56:Colour:Black/Grey|price:115000.00|compare:|weight:7000|barcode:|qty:0 | rukka-armarone-gore-tex-textile-jacket-28|Size:56:Colour:Black/Red|price:115000.00|compare:|weight:7000|barcode:|qty:0 | rukka-armarone-gore-tex-textile-jacket-29|Size:56:Colour:Black/White|price:115000.00|compare:|weight:7000|barcode:|qty:0 | rukka-armarone-gore-tex-textile-jacket-30|Size:56:Colour:Black/Yellow|price:115000.00|compare:|weight:7000|barcode:|qty:0 | rukka-armarone-gore-tex-textile-jacket-31|Size:58:Colour:Black/Blue|price:115000.00|compare:|weight:7000|barcode:|qty:0 | rukka-armarone-gore-tex-textile-jacket-32|Size:58:Colour:Black/Grey|price:115000.00|compare:|weight:7000|barcode:|qty:0 | rukka-armarone-gore-tex-textile-jacket-33|Size:58:Colour:Black/Red|price:115000.00|compare:|weight:7000|barcode:|qty:0 | rukka-armarone-gore-tex-textile-jacket-34|Size:58:Colour:Black/White|price:115000.00|compare:|weight:7000|barcode:|qty:0 | rukka-armarone-gore-tex-textile-jacket-35|Size:58:Colour:Black/Yellow|price:115000.00|compare:|weight:7000|barcode:|qty:0 | rukka-armarone-gore-tex-textile-jacket-36|Size:60:Colour:Black/Blue|price:115000.00|compare:|weight:7000|barcode:|qty:0 | rukka-armarone-gore-tex-textile-jacket-37|Size:60:Colour:Black/Grey|price:115000.00|compare:|weight:7000|barcode:|qty:0 | rukka-armarone-gore-tex-textile-jacket-38|Size:60:Colour:Black/Red|price:115000.00|compare:|weight:7000|barcode:|qty:0 | rukka-armarone-gore-tex-textile-jacket-39|Size:60:Colour:Black/White|price:115000.00|compare:|weight:7000|barcode:|qty:0 | rukka-armarone-gore-tex-textile-jacket-40|Size:60:Colour:Black/Yellow|price:115000.00|compare:|weight:7000|barcode:|qty:0 | rukka-armarone-gore-tex-textile-jacket-41|Size:62:Colour:Black/Blue|price:115000.00|compare:|weight:7000|barcode:|qty:0 | rukka-armarone-gore-tex-textile-jacket-42|Size:62:Colour:Black/Grey|price:115000.00|compare:|weight:7000|barcode:|qty:0 | rukka-armarone-gore-tex-textile-jacket-43|Size:62:Colour:Black/Red|price:115000.00|compare:|weight:7000|barcode:|qty:0 | rukka-armarone-gore-tex-textile-jacket-44|Size:62:Colour:Black/White|price:115000.00|compare:|weight:7000|barcode:|qty:0 | rukka-armarone-gore-tex-textile-jacket-45|Size:62:Colour:Black/Yellow|price:115000.00|compare:|weight:7000|barcode:|qty:0 | rukka-armarone-gore-tex-textile-jacket-46|Size:64:Colour:Black/Blue|price:115000.00|compare:|weight:7000|barcode:|qty:0 | rukka-armarone-gore-tex-textile-jacket-47|Size:64:Colour:Black/Grey|price:115000.00|compare:|weight:7000|barcode:|qty:0 | rukka-armarone-gore-tex-textile-jacket-48|Size:64:Colour:Black/Red|price:115000.00|compare:|weight:7000|barcode:|qty:0 | rukka-armarone-gore-tex-textile-jacket-49|Size:64:Colour:Black/White|price:115000.00|compare:|weight:7000|barcode:|qty:0 | rukka-armarone-gore-tex-textile-jacket-50|Size:64:Colour:Black/Yellow|price:115000.00|compare:|weight:7000|barcode:|qty:0 | rukka-armarone-gore-tex-textile-jacket-51|Size:66:Colour:Black/Blue|price:115000.00|compare:|weight:7000|barcode:|qty:0 | rukka-armarone-gore-tex-textile-jacket-52|Size:66:Colour:Black/Grey|price:115000.00|compare:|weight:7000|barcode:|qty:0 | rukka-armarone-gore-tex-textile-jacket-53|Size:66:Colour:Black/Red|price:115000.00|compare:|weight:7000|barcode:|qty:0 | rukka-armarone-gore-tex-textile-jacket-54|Size:66:Colour:Black/White|price:115000.00|compare:|weight:7000|barcode:|qty:0 | rukka-armarone-gore-tex-textile-jacket-55|Size:66:Colour:Black/Yellow|price:115000.00|compare:|weight:7000|barcode:|qty:0,"rukka-armarone-gore-tex-textile-jacket-1,rukka-armarone-gore-tex-textile-jacket-2,rukka-armarone-gore-tex-textile-jacket-3,rukka-armarone-gore-tex-textile-jacket-4,rukka-armarone-gore-tex-textile-jacket-5,rukka-armarone-gore-tex-textile-jacket-6,rukka-armarone-gore-tex-textile-jacket-7,rukka-armarone-gore-tex-textile-jacket-8,rukka-armarone-gore-tex-textile-jacket-9,rukka-armarone-gore-tex-textile-jacket-10,rukka-armarone-gore-tex-textile-jacket-11,rukka-armarone-gore-tex-textile-jacket-12,rukka-armarone-gore-tex-textile-jacket-13,rukka-armarone-gore-tex-textile-jacket-14,rukka-armarone-gore-tex-textile-jacket-15,rukka-armarone-gore-tex-textile-jacket-16,rukka-armarone-gore-tex-textile-jacket-17,rukka-armarone-gore-tex-textile-jacket-18,rukka-armarone-gore-tex-textile-jacket-19,rukka-armarone-gore-tex-textile-jacket-20,rukka-armarone-gore-tex-textile-jacket-21,rukka-armarone-gore-tex-textile-jacket-22,rukka-armarone-gore-tex-textile-jacket-23,rukka-armarone-gore-tex-textile-jacket-24,rukka-armarone-gore-tex-textile-jacket-25,rukka-armarone-gore-tex-textile-jacket-26,rukka-armarone-gore-tex-textile-jacket-27,rukka-armarone-gore-tex-textile-jacket-28,rukka-armarone-gore-tex-textile-jacket-29,rukka-armarone-gore-tex-textile-jacket-30,rukka-armarone-gore-tex-textile-jacket-31,rukka-armarone-gore-tex-textile-jacket-32,rukka-armarone-gore-tex-textile-jacket-33,rukka-armarone-gore-tex-textile-jacket-34,rukka-armarone-gore-tex-textile-jacket-35,rukka-armarone-gore-tex-textile-jacket-36,rukka-armarone-gore-tex-textile-jacket-37,rukka-armarone-gore-tex-textile-jacket-38,rukka-armarone-gore-tex-textile-jacket-39,rukka-armarone-gore-tex-textile-jacket-40,rukka-armarone-gore-tex-textile-jacket-41,rukka-armarone-gore-tex-textile-jacket-42,rukka-armarone-gore-tex-textile-jacket-43,rukka-armarone-gore-tex-textile-jacket-44,rukka-armarone-gore-tex-textile-jacket-45,rukka-armarone-gore-tex-textile-jacket-46,rukka-armarone-gore-tex-textile-jacket-47,rukka-armarone-gore-tex-textile-jacket-48,rukka-armarone-gore-tex-textile-jacket-49,rukka-armarone-gore-tex-textile-jacket-50,rukka-armarone-gore-tex-textile-jacket-51,rukka-armarone-gore-tex-textile-jacket-52,rukka-armarone-gore-tex-textile-jacket-53,rukka-armarone-gore-tex-textile-jacket-54,rukka-armarone-gore-tex-textile-jacket-55",55,https://cdn.shopify.com/s/files/1/0076/8301/4754/products/9_70110_722_R_993.jpg?v=1661770532|pos:1|alt:Rukka Rukka Armarone Gore-Tex Textile Jacket – front view || https://cdn.shopify.com/s/files/1/0076/8301/4754/products/9_70110_722_R_993_back.jpg?v=1661770532|pos:2|alt:Rukka Rukka Armarone Gore-Tex Textile Jacket – side view || https://cdn.shopify.com/s/files/1/0076/8301/4754/products/3_70110_722_R_999.jpg?v=1661770531|pos:3|alt:Rukka Rukka Armarone Gore-Tex Textile Jacket – rear view || https://cdn.shopify.com/s/files/1/0076/8301/4754/products/3_70110_722_R_999_back.jpg?v=1661770531|pos:4|alt:Rukka Rukka Armarone Gore-Tex Textile Jacket – detail view || https://cdn.shopify.com/s/files/1/0076/8301/4754/products/3_70110_722_R_965.jpg?v=1661770532|pos:5|alt:Rukka Rukka Armarone Gore-Tex Textile Jacket – top view || https://cdn.shopify.com/s/files/1/0076/8301/4754/products/3_70110_722_R_965_back.jpg?v=1661770532|pos:6|alt:Rukka Rukka Armarone Gore-Tex Textile Jacket – product view || https://cdn.shopify.com/s/files/1/0076/8301/4754/products/3_70110_722_R_990.jpg?v=1661770533|pos:7|alt:Rukka Rukka Armarone Gore-Tex Textile Jacket – product view || https://cdn.shopify.com/s/files/1/0076/8301/4754/products/3_70110_722_R_990_back.jpg?v=1661770531|pos:8|alt:Rukka Rukka Armarone Gore-Tex Textile Jacket – product view || https://cdn.shopify.com/s/files/1/0076/8301/4754/products/3_70110_722_R_994.jpg?v=1661770531|pos:9|alt:Rukka Rukka Armarone Gore-Tex Textile Jacket – product view || https://cdn.shopify.com/s/files/1/0076/8301/4754/products/3_70110_722_R_994_back.jpg?v=1661770532|pos:10|alt:Rukka Rukka Armarone Gore-Tex Textile Jacket – product view,10,Rukka Rukka Armarone Gore-Tex Textile Jacket – front view | Rukka Rukka Armarone Gore-Tex Textile Jacket – side view | Rukka Rukka Armarone Gore-Tex Textile Jacket – rear view | Rukka Rukka Armarone Gore-Tex Textile Jacket – detail view | Rukka Rukka Armarone Gore-Tex Textile Jacket – top view | Rukka Rukka Armarone Gore-Tex Textile Jacket – product view,,0,Rukka Armarone Gore-Tex Textile Jacket,"Rukka Armarone Gore-Tex Textile Jacket. Thanks to cutting-edge technology, the Rukka Armarone sets new standards among functional riding suits for the most demanding dynamic motorcyclists.","100% breathable, wind- and waterproof Gore-Tex® Pro 3-layer laminated to abrasion and tear resistant Cordura shell fabric. ventilation openings with zipper and mesh inserts.",ventilation openings with zipper and mesh inserts.,"Armacor strengthenings on elbows and shoulders, combination of high-tech fibers aramid and Cordura. soft neoprene in collar.",,Available in multiple sizes. Check the size guide before ordering.,Rukka Armarone Gore-Tex Textile Jacket — a textile Jacket built to the specifications listed above.,true,draft,https://cdn.shopify.com/s/files/1/0076/8301/4754/products/9_70110_722_R_993.jpg?v=1661770532|role:hero || https://cdn.shopify.com/s/files/1/0076/8301/4754/products/9_70110_722_R_993_back.jpg?v=1661770532|role:construction detail || https://cdn.shopify.com/s/files/1/0076/8301/4754/products/3_70110_722_R_999.jpg?v=1661770531|role:side profile,3,false,/products/rukka-armarone-gore-tex-textile-jacket,/products/rukka-armarone-gore-tex-textile-jacket
rukka-offlane-textile-jacket,rukka-offlane-textile-jacket,Rukka Offlane Textile Jacket,Rukka Offlane Textile Jacket,rukka-offlane-textile-jacket,The Rukka® Offlane Jacket was specially developed for adventure touring. It is made of abrasion and tear resistant Cordura® 500D material with stretch inserts on… • abrasion-resistant Cordura® 500D outer fabric. • soft neoprene collar. • ventilation openings with zipper and mesh membrane for optimum ventilation. • adjustable width at the upper and lower arms with press studs. Available in multiple sizes and/or colours — select your variant.,"The Rukka® Offlane Jacket was specially developed for adventure touring. It is made of abrasion and tear resistant Cordura® 500D material with stretch inserts on the sides and upper back. The Rukka® Offlane jacket has a 100% breathable, windproof and waterproof removable Gore-Tex® inner membrane made of temperature regulating Outlast® lining. The inner jacket is ideal in cold and wet conditions and can be easily removed in warmer temperatures. The jacket has several outside pockets and one in the back. It comes with versatile ventilation options on the shoulders, sides, chest, back and under the arms. The RUKKA® OFFLINE jacket comes standard with RUKKA® D3O® XTR joint protectors in the shoulder and elbow and RUKKA® D3O® AIR ALLBACK back protector. Pockets are available for retrofitting the D3O® CP1 chest protectors on both sides. The Offlane motorcycle jacket comes with a 360° zipper that can be attached to any Rukka trousers. <br><br>

<b>Features:</b><br>

<li>abrasion-resistant Cordura® 500D outer fabric</li>
<li>soft neoprene collar</li>
<li>ventilation openings with zipper and mesh membrane for optimum ventilation</li>
<li>adjustable width at the upper and lower arms with press studs</li>
<li>adjustable waist belt, the hem can be adjusted with a velcro fastener</li>
<li>elastic inserts on the crook of the arm, on the shoulder and on the back</li>
<li>five outside pockets and four inside pockets</li>
<li>elastic Gore-Tex® ATS storm collar, which is firmly sewn and can be hidden outside in a small cantilever pocket if not needed</li>
<li>100% breathable, wind- and waterproof Gore-Tex membrane with OUTLAST® temperature regulation</li>
<li>sleeve ends with Velcro closure and Gore-Tex® inner cuffs</li>
<li>Reflectors on upper arms and in the back</li>
<li>Manufacturer note: The jacket is only waterproof and windproof when wearing the inner jacket.</li><br>

<b>ADDITIONAL PRODUCT INFORMATION</b><br>
<li>Material	100% polyamide</li>","The Rukka® Offlane Jacket was specially developed for adventure touring. It is made of abrasion and tear resistant Cordura® 500D material with stretch inserts on the sides and upper back. The Rukka® Offlane jacket has a 100% breathable, windproof and waterproof removable Gore-Tex® inner membrane made of temperature regulating Outlast® lining. The inner jacket is ideal in cold and wet conditions and can be easily removed in warmer temperatures. The jacket has several outside pockets and one in the back. It comes with versatile ventilation options on the shoulders, sides, chest, back and under the arms. The RUKKA® OFFLINE jacket comes standard with RUKKA® D3O® XTR joint protectors in the shoulder and elbow and RUKKA® D3O® AIR ALLBACK back protector. Pockets are available for retrofitting the D3O® CP1 chest protectors on both sides. The Offlane motorcycle jacket comes with a 360° zipper that can be attached to any Rukka trousers. 

Features:

• abrasion-resistant Cordura® 500D outer fabric

• soft neoprene collar

• ventilation openings with zipper and mesh membrane for optimum ventilation

• adjustable width at the upper and lower arms with press studs

• adjustable waist belt, the hem can be adjusted with a velcro fastener

• elastic inserts on the crook of the arm, on the shoulder and on the back

• five outside pockets and four inside pockets

• elastic Gore-Tex® ATS storm collar, which is firmly sewn and can be hidden outside in a small cantilever pocket if not needed

• 100% breathable, wind- and waterproof Gore-Tex membrane with OUTLAST® temperature regulation

• sleeve ends with Velcro closure and Gore-Tex® inner cuffs

• Reflectors on upper arms and in the back

• Manufacturer note: The jacket is only waterproof and windproof when wearing the inner jacket.

ADDITIONAL PRODUCT INFORMATION

• Material	100% polyamide",101000,,2026-07-26,active,Rukka,7000,g,Buy Rukka Offlane Textile Jacket | Mile 27 Store,The Rukka® Offlane Jacket was specially developed for adventure touring. It is made of abrasion and tear resistant Cordura® 500D material with stretch…,abrasion-resistant Cordura® 500D outer fabric | soft neoprene collar | ventilation openings with zipper and mesh membrane for optimum ventilation | adjustable width at the upper and lower arms with press studs,Cleaned noise; brand verified,High,false,Riding Gear > Riding Jackets > Textile Jackets,High,"Refined by title keyword: ""\b(textile\s+jacket|touring\s+jacket|adventure\s+jacket)\b""",rukka-offlane-textile-jacket-1|Size:46:Colour:Black/Dark Grey|price:101000.00|compare:|weight:7000|barcode:|qty:0 | rukka-offlane-textile-jacket-2|Size:46:Colour:Grey/Yellow|price:101000.00|compare:|weight:7000|barcode:|qty:0 | rukka-offlane-textile-jacket-3|Size:46:Colour:Grey/Red|price:101000.00|compare:|weight:7000|barcode:|qty:0 | rukka-offlane-textile-jacket-4|Size:46:Colour:Grey/Blue|price:101000.00|compare:|weight:7000|barcode:|qty:0 | rukka-offlane-textile-jacket-5|Size:48:Colour:Black/Dark Grey|price:101000.00|compare:|weight:7000|barcode:|qty:0 | rukka-offlane-textile-jacket-6|Size:48:Colour:Grey/Yellow|price:101000.00|compare:|weight:7000|barcode:|qty:0 | rukka-offlane-textile-jacket-7|Size:48:Colour:Grey/Red|price:101000.00|compare:|weight:7000|barcode:|qty:0 | rukka-offlane-textile-jacket-8|Size:48:Colour:Grey/Blue|price:101000.00|compare:|weight:7000|barcode:|qty:0 | rukka-offlane-textile-jacket-9|Size:50:Colour:Black/Dark Grey|price:101000.00|compare:|weight:7000|barcode:|qty:0 | rukka-offlane-textile-jacket-10|Size:50:Colour:Grey/Yellow|price:101000.00|compare:|weight:7000|barcode:|qty:0 | rukka-offlane-textile-jacket-11|Size:50:Colour:Grey/Red|price:101000.00|compare:|weight:7000|barcode:|qty:0 | rukka-offlane-textile-jacket-12|Size:50:Colour:Grey/Blue|price:101000.00|compare:|weight:7000|barcode:|qty:0 | rukka-offlane-textile-jacket-13|Size:52:Colour:Black/Dark Grey|price:101000.00|compare:|weight:7000|barcode:|qty:0 | rukka-offlane-textile-jacket-14|Size:52:Colour:Grey/Yellow|price:101000.00|compare:|weight:7000|barcode:|qty:0 | rukka-offlane-textile-jacket-15|Size:52:Colour:Grey/Red|price:101000.00|compare:|weight:7000|barcode:|qty:0 | rukka-offlane-textile-jacket-16|Size:52:Colour:Grey/Blue|price:101000.00|compare:|weight:7000|barcode:|qty:0 | rukka-offlane-textile-jacket-17|Size:54:Colour:Black/Dark Grey|price:101000.00|compare:|weight:7000|barcode:|qty:0 | rukka-offlane-textile-jacket-18|Size:54:Colour:Grey/Yellow|price:101000.00|compare:|weight:7000|barcode:|qty:0 | rukka-offlane-textile-jacket-19|Size:54:Colour:Grey/Red|price:101000.00|compare:|weight:7000|barcode:|qty:0 | rukka-offlane-textile-jacket-20|Size:54:Colour:Grey/Blue|price:101000.00|compare:|weight:7000|barcode:|qty:0 | rukka-offlane-textile-jacket-21|Size:56:Colour:Black/Dark Grey|price:101000.00|compare:|weight:7000|barcode:|qty:0 | rukka-offlane-textile-jacket-22|Size:56:Colour:Grey/Yellow|price:101000.00|compare:|weight:7000|barcode:|qty:0 | rukka-offlane-textile-jacket-23|Size:56:Colour:Grey/Red|price:101000.00|compare:|weight:7000|barcode:|qty:0 | rukka-offlane-textile-jacket-24|Size:56:Colour:Grey/Blue|price:101000.00|compare:|weight:7000|barcode:|qty:0 | rukka-offlane-textile-jacket-25|Size:58:Colour:Black/Dark Grey|price:101000.00|compare:|weight:7000|barcode:|qty:0 | rukka-offlane-textile-jacket-26|Size:58:Colour:Grey/Yellow|price:101000.00|compare:|weight:7000|barcode:|qty:0 | rukka-offlane-textile-jacket-27|Size:58:Colour:Grey/Red|price:101000.00|compare:|weight:7000|barcode:|qty:0 | rukka-offlane-textile-jacket-28|Size:58:Colour:Grey/Blue|price:101000.00|compare:|weight:7000|barcode:|qty:0 | rukka-offlane-textile-jacket-29|Size:60:Colour:Black/Dark Grey|price:101000.00|compare:|weight:7000|barcode:|qty:0 | rukka-offlane-textile-jacket-30|Size:60:Colour:Grey/Yellow|price:101000.00|compare:|weight:7000|barcode:|qty:0 | rukka-offlane-textile-jacket-31|Size:60:Colour:Grey/Red|price:101000.00|compare:|weight:7000|barcode:|qty:0 | rukka-offlane-textile-jacket-32|Size:60:Colour:Grey/Blue|price:101000.00|compare:|weight:7000|barcode:|qty:0 | rukka-offlane-textile-jacket-33|Size:62:Colour:Black/Dark Grey|price:101000.00|compare:|weight:7000|barcode:|qty:0 | rukka-offlane-textile-jacket-34|Size:62:Colour:Grey/Yellow|price:101000.00|compare:|weight:7000|barcode:|qty:0 | rukka-offlane-textile-jacket-35|Size:62:Colour:Grey/Red|price:101000.00|compare:|weight:7000|barcode:|qty:0 | rukka-offlane-textile-jacket-36|Size:62:Colour:Grey/Blue|price:101000.00|compare:|weight:7000|barcode:|qty:0 | rukka-offlane-textile-jacket-37|Size:64:Colour:Black/Dark Grey|price:101000.00|compare:|weight:7000|barcode:|qty:0 | rukka-offlane-textile-jacket-38|Size:64:Colour:Grey/Yellow|price:101000.00|compare:|weight:7000|barcode:|qty:0 | rukka-offlane-textile-jacket-39|Size:64:Colour:Grey/Red|price:101000.00|compare:|weight:7000|barcode:|qty:0 | rukka-offlane-textile-jacket-40|Size:64:Colour:Grey/Blue|price:101000.00|compare:|weight:7000|barcode:|qty:0 | rukka-offlane-textile-jacket-41|Size:66:Colour:Black/Dark Grey|price:101000.00|compare:|weight:7000|barcode:|qty:0 | rukka-offlane-textile-jacket-42|Size:66:Colour:Grey/Yellow|price:101000.00|compare:|weight:7000|barcode:|qty:0 | rukka-offlane-textile-jacket-43|Size:66:Colour:Grey/Red|price:101000.00|compare:|weight:7000|barcode:|qty:0 | rukka-offlane-textile-jacket-44|Size:66:Colour:Grey/Blue|price:101000.00|compare:|weight:7000|barcode:|qty:0,"rukka-offlane-textile-jacket-1,rukka-offlane-textile-jacket-2,rukka-offlane-textile-jacket-3,rukka-offlane-textile-jacket-4,rukka-offlane-textile-jacket-5,rukka-offlane-textile-jacket-6,rukka-offlane-textile-jacket-7,rukka-offlane-textile-jacket-8,rukka-offlane-textile-jacket-9,rukka-offlane-textile-jacket-10,rukka-offlane-textile-jacket-11,rukka-offlane-textile-jacket-12,rukka-offlane-textile-jacket-13,rukka-offlane-textile-jacket-14,rukka-offlane-textile-jacket-15,rukka-offlane-textile-jacket-16,rukka-offlane-textile-jacket-17,rukka-offlane-textile-jacket-18,rukka-offlane-textile-jacket-19,rukka-offlane-textile-jacket-20,rukka-offlane-textile-jacket-21,rukka-offlane-textile-jacket-22,rukka-offlane-textile-jacket-23,rukka-offlane-textile-jacket-24,rukka-offlane-textile-jacket-25,rukka-offlane-textile-jacket-26,rukka-offlane-textile-jacket-27,rukka-offlane-textile-jacket-28,rukka-offlane-textile-jacket-29,rukka-offlane-textile-jacket-30,rukka-offlane-textile-jacket-31,rukka-offlane-textile-jacket-32,rukka-offlane-textile-jacket-33,rukka-offlane-textile-jacket-34,rukka-offlane-textile-jacket-35,rukka-offlane-textile-jacket-36,rukka-offlane-textile-jacket-37,rukka-offlane-textile-jacket-38,rukka-offlane-textile-jacket-39,rukka-offlane-textile-jacket-40,rukka-offlane-textile-jacket-41,rukka-offlane-textile-jacket-42,rukka-offlane-textile-jacket-43,rukka-offlane-textile-jacket-44",44,https://cdn.shopify.com/s/files/1/0076/8301/4754/products/9_70244_725_R_929.jpg?v=1661768598|pos:1|alt:Rukka Rukka Offlane Textile Jacket – front view || https://cdn.shopify.com/s/files/1/0076/8301/4754/products/9_70244_725_R_929_back.jpg?v=1661768598|pos:2|alt:Rukka Rukka Offlane Textile Jacket – side view || https://cdn.shopify.com/s/files/1/0076/8301/4754/products/5_70244_725_R_294.jpg?v=1661768598|pos:3|alt:Rukka Rukka Offlane Textile Jacket – rear view || https://cdn.shopify.com/s/files/1/0076/8301/4754/products/5_70244_725_R_294_back.jpg?v=1661768601|pos:4|alt:Rukka Rukka Offlane Textile Jacket – detail view || https://cdn.shopify.com/s/files/1/0076/8301/4754/products/5_70244_725_R_265.jpg?v=1661768601|pos:5|alt:Rukka Rukka Offlane Textile Jacket – top view || https://cdn.shopify.com/s/files/1/0076/8301/4754/products/5_70244_725_R_265_back.jpg?v=1661768601|pos:6|alt:Rukka Rukka Offlane Textile Jacket – product view || https://cdn.shopify.com/s/files/1/0076/8301/4754/products/5_70244_725_R_238.jpg?v=1661768600|pos:7|alt:Rukka Rukka Offlane Textile Jacket – product view || https://cdn.shopify.com/s/files/1/0076/8301/4754/products/5_70244_725_R_238_back.jpg?v=1661768601|pos:8|alt:Rukka Rukka Offlane Textile Jacket – product view,8,Rukka Rukka Offlane Textile Jacket – front view | Rukka Rukka Offlane Textile Jacket – side view | Rukka Rukka Offlane Textile Jacket – rear view | Rukka Rukka Offlane Textile Jacket – detail view | Rukka Rukka Offlane Textile Jacket – top view | Rukka Rukka Offlane Textile Jacket – product view,,0,Rukka Offlane Textile Jacket,Rukka Offlane Textile Jacket. The Rukka® Offlane Jacket was specially developed for adventure touring.,ventilation openings with zipper and mesh membrane for optimum ventilation.,ventilation openings with zipper and mesh membrane for optimum ventilation.,abrasion-resistant Cordura® 500D outer fabric. soft neoprene collar. adjustable width at the upper and lower arms with press studs.,,Available in multiple sizes. Check the size guide before ordering.,Rukka Offlane Textile Jacket — a textile Jacket built to the specifications listed above.,true,draft,https://cdn.shopify.com/s/files/1/0076/8301/4754/products/9_70244_725_R_929.jpg?v=1661768598|role:hero || https://cdn.shopify.com/s/files/1/0076/8301/4754/products/9_70244_725_R_929_back.jpg?v=1661768598|role:construction detail || https://cdn.shopify.com/s/files/1/0076/8301/4754/products/5_70244_725_R_294.jpg?v=1661768598|role:side profile,3,false,/products/rukka-offlane-textile-jacket,/products/rukka-offlane-textile-jacket
rukka-aramos-leather-jacket,rukka-aramos-leather-jacket,Rukka Aramos Leather Jacket,Rukka Aramos Leather Jacket,rukka-aramos-leather-jacket,"Waterproof 3-layer laminate and high breathability have always been core staples of Rukka motorcycling apparel. But the new Rukka Aramos Corium+ Platinium leather suit raises… • breathable, wind- and waterproof 3-layer letaher laminate. • soft neoprene in collar. • ventilation openings with zipper and mesh inserts. • on sides. Available in multiple sizes and/or colours — select your variant.","Waterproof 3-layer laminate and high breathability have always been core staples of Rukka motorcycling apparel. But the new Rukka Aramos Corium+ Platinium leather suit raises the bar with these strengths to a completely new level. They are as great for cruiser and chopper riders as for fans of touring or sport touring motorbikes.<br><br>

<b>Materials</b><br>

<li>breathable, wind- and waterproof 3-layer letaher laminate</li>
<li>soft neoprene in collar</li><br>
<b>Ventilation</b><br>

<li>ventilation openings with zipper and mesh inserts</li>
<li>on sides</li><br>
<b>Adjustability and Fit</b><br>

<li>elastic parts on sides, bend of arm, armpit and on back</li>
<li>stretch panels above elbow and lower back</li>
<li>adjustable hem with press buttons</li>
<li>long connecting zipper for trousers</li><br>
<b>Pockets</b><br>

<li>two waterproof pockets outside</li>
<li>one waterproof pocket inside including a mobile phone pocket</li>
<li>one pocket in detachable lining</li>
<li>To achieve waterproofness the rider must always ensure that zippers are fully closed correctly.</li><br>

<b>Protectors</b><br>

<li>D3O® LP1 shoulder and elbow protectors EN 1621-1 2012</li>
<li>Rukka D3O® Air Allback protector, EN1621-2 2014</li>
<li>also compatible for Rukka D30® Air Full Back protector</li><br>
<b>Comfort and Special Features</b><br>

<li>detachable collar of Stretch material</li>
<li>detachable inner lining with 60g insulation</li>
<li>sleeve ends with zippers</li><br>


<b>ADDITIONAL PRODUCT INFORMATION</b><br>
<li>Material	80% cowhide leather, 20% elasthane (contains non-textile parts of animal origin)</li>","Waterproof 3-layer laminate and high breathability have always been core staples of Rukka motorcycling apparel. But the new Rukka Aramos Corium+ Platinium leather suit raises the bar with these strengths to a completely new level. They are as great for cruiser and chopper riders as for fans of touring or sport touring motorbikes.

Materials

• breathable, wind- and waterproof 3-layer letaher laminate

• soft neoprene in collar

Ventilation

• ventilation openings with zipper and mesh inserts

• on sides

Adjustability and Fit

• elastic parts on sides, bend of arm, armpit and on back

• stretch panels above elbow and lower back

• adjustable hem with press buttons

• long connecting zipper for trousers

Pockets

• two waterproof pockets outside

• one waterproof pocket inside including a mobile phone pocket

• one pocket in detachable lining

• To achieve waterproofness the rider must always ensure that zippers are fully closed correctly.

Protectors

• D3O® LP1 shoulder and elbow protectors EN 1621-1 2012

• Rukka D3O® Air Allback protector, EN1621-2 2014

• also compatible for Rukka D30® Air Full Back protector

Comfort and Special Features

• detachable collar of Stretch material

• detachable inner lining with 60g insulation

• sleeve ends with zippers

ADDITIONAL PRODUCT INFORMATION

• Material	80% cowhide leather, 20% elasthane (contains non-textile parts of animal origin)",129000,,2026-07-26,active,Rukka,7000,g,Buy Rukka Aramos Leather Jacket | Mile 27 Store,Waterproof 3-layer laminate and high breathability have always been core staples of Rukka motorcycling apparel. But the new Rukka Aramos Corium+ Platinium…,"breathable, wind- and waterproof 3-layer letaher laminate | soft neoprene in collar | ventilation openings with zipper and mesh inserts | on sides",Cleaned noise; brand verified,High,false,Riding Gear > Riding Jackets > Leather Jackets,High,"Refined by title keyword: ""\bleather\s+jacket\b""",rukka-aramos-leather-jacket-1|Size:46|price:129000.00|compare:|weight:7000|barcode:|qty:0 | rukka-aramos-leather-jacket-2|Size:48|price:129000.00|compare:|weight:7000|barcode:|qty:0 | rukka-aramos-leather-jacket-3|Size:50|price:129000.00|compare:|weight:7000|barcode:|qty:0 | rukka-aramos-leather-jacket-4|Size:52|price:129000.00|compare:|weight:7000|barcode:|qty:0 | rukka-aramos-leather-jacket-5|Size:54|price:129000.00|compare:|weight:7000|barcode:|qty:0 | rukka-aramos-leather-jacket-6|Size:56|price:129000.00|compare:|weight:7000|barcode:|qty:0 | rukka-aramos-leather-jacket-7|Size:58|price:129000.00|compare:|weight:7000|barcode:|qty:0 | rukka-aramos-leather-jacket-8|Size:60|price:129000.00|compare:|weight:7000|barcode:|qty:0 | rukka-aramos-leather-jacket-9|Size:62|price:129000.00|compare:|weight:7000|barcode:|qty:0 | rukka-aramos-leather-jacket-10|Size:64|price:129000.00|compare:|weight:7000|barcode:|qty:0 | rukka-aramos-leather-jacket-11|Size:66|price:129000.00|compare:|weight:7000|barcode:|qty:0,"rukka-aramos-leather-jacket-1,rukka-aramos-leather-jacket-2,rukka-aramos-leather-jacket-3,rukka-aramos-leather-jacket-4,rukka-aramos-leather-jacket-5,rukka-aramos-leather-jacket-6,rukka-aramos-leather-jacket-7,rukka-aramos-leather-jacket-8,rukka-aramos-leather-jacket-9,rukka-aramos-leather-jacket-10,rukka-aramos-leather-jacket-11",11,https://cdn.shopify.com/s/files/1/0076/8301/4754/products/3_70208_727_R_990-Aramos-jkt.jpg?v=1661768026|pos:1|alt:Rukka Rukka Aramos Leather Jacket – front view || https://cdn.shopify.com/s/files/1/0076/8301/4754/products/3_70208_727_R_990_back-Aramos-jkt.jpg?v=1661768026|pos:2|alt:Rukka Rukka Aramos Leather Jacket – side view,2,Rukka Rukka Aramos Leather Jacket – front view | Rukka Rukka Aramos Leather Jacket – side view,,0,Rukka Aramos Leather Jacket,Rukka Aramos Leather Jacket. Waterproof 3-layer laminate and high breathability have always been core staples of Rukka motorcycling apparel.,ventilation openings with zipper and mesh inserts.,ventilation openings with zipper and mesh inserts.,"breathable, wind- and waterproof 3-layer letaher laminate. soft neoprene in collar. on sides.",,Available in multiple sizes. Check the size guide before ordering.,Rukka Aramos Leather Jacket — a leather Jacket built to the specifications listed above.,true,draft,https://cdn.shopify.com/s/files/1/0076/8301/4754/products/3_70208_727_R_990-Aramos-jkt.jpg?v=1661768026|role:hero || https://cdn.shopify.com/s/files/1/0076/8301/4754/products/3_70208_727_R_990_back-Aramos-jkt.jpg?v=1661768026|role:construction detail,2,false,/products/rukka-aramos-leather-jacket,/products/rukka-aramos-leather-jacket
rukka-arma-r-waterproof-textile-jacket,rukka-arma-r-waterproof-textile-jacket,Rukka Arma-R Waterproof Textile Jacket,Rukka Arma-R Waterproof Textile Jacket,rukka-arma-r-waterproof-textile-jacket,"The new Rukka RFC Arma-R offers a combination of the latest technologies for safety, comfort and all-weather suitability! • GORE-TEX PRO 3-layer laminate, outer fabric does not soak up in the rain.. • High abrasion protection with CORDURA 500D outer fabric over the entire jacket. • Additional Armacor reinforcements on shoulders and elbows. • GORE-TEX stretch panels on chest, front sleeve ends and crook of arm. Available in multiple sizes and/or colours — select your variant.","The new Rukka RFC Arma-R offers a combination of the latest technologies for safety, comfort and all-weather suitability!<br><br>

<b>Features:</b><br>

<li>GORE-TEX PRO 3-layer laminate, outer fabric does not soak up in the rain.</li>
<li>High abrasion protection with CORDURA 500D outer fabric over the entire jacket</li>
<li>Additional Armacor reinforcements on shoulders and elbows</li>
<li>GORE-TEX stretch panels on chest, front sleeve ends and crook of arm</li>
<li>Soft neoprene collar</li>
<li>Removable elastic GORE-TEX collar that protects against wind and water when worn with a helmet</li>
<li>Elastic GORE-TEX wind/water lock system at sleeve ends</li>
<li>Removable thermal nylon lining</li>
<li>Adjustable sleeve width on upper and lower arm</li>
<li>Ventilation openings on 2x shoulders in front and 2x long from armpits to waistband</li>
<li>2 front waterproof lower pockets, 2 chest pockets, 2 waterproof inner chest pockets</li>
<li>Adjustable sleeve ends and hem with Velcro fasteners</li>
<li>Connecting zip at the waistband of the lining</li>
<li>Reflective prints on sleeves and back, reflective piping on back of collar</li><br>
<b>Specifications:</b><br>

<li>Rukka D3O XTR shoulder and elbow protectors</li>
<li>Rukka D3O XTR All back protector (Level 1)</li><br>
<b>ADDITIONAL PRODUCT INFORMATION</b><br>
<li>Material	75% Polyamide, 25% Polytetrafluorethylene</li>","The new Rukka RFC Arma-R offers a combination of the latest technologies for safety, comfort and all-weather suitability!

Features:

• GORE-TEX PRO 3-layer laminate, outer fabric does not soak up in the rain.

• High abrasion protection with CORDURA 500D outer fabric over the entire jacket

• Additional Armacor reinforcements on shoulders and elbows

• GORE-TEX stretch panels on chest, front sleeve ends and crook of arm

• Soft neoprene collar

• Removable elastic GORE-TEX collar that protects against wind and water when worn with a helmet

• Elastic GORE-TEX wind/water lock system at sleeve ends

• Removable thermal nylon lining

• Adjustable sleeve width on upper and lower arm

• Ventilation openings on 2x shoulders in front and 2x long from armpits to waistband

• 2 front waterproof lower pockets, 2 chest pockets, 2 waterproof inner chest pockets

• Adjustable sleeve ends and hem with Velcro fasteners

• Connecting zip at the waistband of the lining

• Reflective prints on sleeves and back, reflective piping on back of collar

Specifications:

• Rukka D3O XTR shoulder and elbow protectors

• Rukka D3O XTR All back protector (Level 1)

ADDITIONAL PRODUCT INFORMATION

• Material	75% Polyamide, 25% Polytetrafluorethylene",155000,,2026-07-26,active,Rukka,7000,g,Buy Rukka Arma-R Waterproof Textile Jacket | Mile 27 Store,"The new Rukka RFC Arma-R offers a combination of the latest technologies for safety, comfort and all-weather suitability! GORE-TEX PRO 3-layer laminate,…","GORE-TEX PRO 3-layer laminate, outer fabric does not soak up in the rain. | High abrasion protection with CORDURA 500D outer fabric over the entire jacket | Additional Armacor reinforcements on shoulders and elbows | GORE-TEX stretch panels on chest, front sleeve ends and crook of arm",Cleaned noise; brand verified,High,false,Riding Gear > Riding Jackets > Textile Jackets,High,"Refined by title keyword: ""\b(textile\s+jacket|touring\s+jacket|adventure\s+jacket)\b""",rukka-arma-r-waterproof-textile-jacket-1|Size:46:Colour:Black/Silver|price:155000.00|compare:|weight:7000|barcode:|qty:0 | rukka-arma-r-waterproof-textile-jacket-2|Size:46:Colour:Black/Neon|price:155000.00|compare:|weight:7000|barcode:|qty:0 | rukka-arma-r-waterproof-textile-jacket-3|Size:48:Colour:Black/Silver|price:155000.00|compare:|weight:7000|barcode:|qty:0 | rukka-arma-r-waterproof-textile-jacket-4|Size:48:Colour:Black/Neon|price:155000.00|compare:|weight:7000|barcode:|qty:0 | rukka-arma-r-waterproof-textile-jacket-5|Size:50:Colour:Black/Silver|price:155000.00|compare:|weight:7000|barcode:|qty:0 | rukka-arma-r-waterproof-textile-jacket-6|Size:50:Colour:Black/Neon|price:155000.00|compare:|weight:7000|barcode:|qty:0 | rukka-arma-r-waterproof-textile-jacket-7|Size:52:Colour:Black/Silver|price:155000.00|compare:|weight:7000|barcode:|qty:0 | rukka-arma-r-waterproof-textile-jacket-8|Size:52:Colour:Black/Neon|price:155000.00|compare:|weight:7000|barcode:|qty:0 | rukka-arma-r-waterproof-textile-jacket-9|Size:54:Colour:Black/Silver|price:155000.00|compare:|weight:7000|barcode:|qty:0 | rukka-arma-r-waterproof-textile-jacket-10|Size:54:Colour:Black/Neon|price:155000.00|compare:|weight:7000|barcode:|qty:0 | rukka-arma-r-waterproof-textile-jacket-11|Size:56:Colour:Black/Silver|price:155000.00|compare:|weight:7000|barcode:|qty:0 | rukka-arma-r-waterproof-textile-jacket-12|Size:56:Colour:Black/Neon|price:155000.00|compare:|weight:7000|barcode:|qty:0 | rukka-arma-r-waterproof-textile-jacket-13|Size:58:Colour:Black/Silver|price:155000.00|compare:|weight:7000|barcode:|qty:0 | rukka-arma-r-waterproof-textile-jacket-14|Size:58:Colour:Black/Neon|price:155000.00|compare:|weight:7000|barcode:|qty:0 | rukka-arma-r-waterproof-textile-jacket-15|Size:60:Colour:Black/Silver|price:155000.00|compare:|weight:7000|barcode:|qty:0 | rukka-arma-r-waterproof-textile-jacket-16|Size:60:Colour:Black/Neon|price:155000.00|compare:|weight:7000|barcode:|qty:0 | rukka-arma-r-waterproof-textile-jacket-17|Size:62:Colour:Black/Silver|price:155000.00|compare:|weight:7000|barcode:|qty:0 | rukka-arma-r-waterproof-textile-jacket-18|Size:62:Colour:Black/Neon|price:155000.00|compare:|weight:7000|barcode:|qty:0 | rukka-arma-r-waterproof-textile-jacket-19|Size:64:Colour:Black/Silver|price:155000.00|compare:|weight:7000|barcode:|qty:0 | rukka-arma-r-waterproof-textile-jacket-20|Size:64:Colour:Black/Neon|price:155000.00|compare:|weight:7000|barcode:|qty:0 | rukka-arma-r-waterproof-textile-jacket-21|Size:66:Colour:Black/Silver|price:155000.00|compare:|weight:7000|barcode:|qty:0 | rukka-arma-r-waterproof-textile-jacket-22|Size:66:Colour:Black/Neon|price:155000.00|compare:|weight:7000|barcode:|qty:0,"rukka-arma-r-waterproof-textile-jacket-1,rukka-arma-r-waterproof-textile-jacket-2,rukka-arma-r-waterproof-textile-jacket-3,rukka-arma-r-waterproof-textile-jacket-4,rukka-arma-r-waterproof-textile-jacket-5,rukka-arma-r-waterproof-textile-jacket-6,rukka-arma-r-waterproof-textile-jacket-7,rukka-arma-r-waterproof-textile-jacket-8,rukka-arma-r-waterproof-textile-jacket-9,rukka-arma-r-waterproof-textile-jacket-10,rukka-arma-r-waterproof-textile-jacket-11,rukka-arma-r-waterproof-textile-jacket-12,rukka-arma-r-waterproof-textile-jacket-13,rukka-arma-r-waterproof-textile-jacket-14,rukka-arma-r-waterproof-textile-jacket-15,rukka-arma-r-waterproof-textile-jacket-16,rukka-arma-r-waterproof-textile-jacket-17,rukka-arma-r-waterproof-textile-jacket-18,rukka-arma-r-waterproof-textile-jacket-19,rukka-arma-r-waterproof-textile-jacket-20,rukka-arma-r-waterproof-textile-jacket-21,rukka-arma-r-waterproof-textile-jacket-22",22,https://cdn.shopify.com/s/files/1/0076/8301/4754/products/rukka4_a.jpg?v=1661767616|pos:1|alt:Rukka Rukka Arma-R Waterproof Textile Jacket – front view || https://cdn.shopify.com/s/files/1/0076/8301/4754/products/rukka4_d.jpg?v=1661767616|pos:2|alt:Rukka Rukka Arma-R Waterproof Textile Jacket – side view || https://cdn.shopify.com/s/files/1/0076/8301/4754/products/rukka4_f.jpg?v=1661767614|pos:3|alt:Rukka Rukka Arma-R Waterproof Textile Jacket – rear view || https://cdn.shopify.com/s/files/1/0076/8301/4754/products/rukka3_a.jpg?v=1661767614|pos:4|alt:Rukka Rukka Arma-R Waterproof Textile Jacket – detail view || https://cdn.shopify.com/s/files/1/0076/8301/4754/products/rukka3_d.jpg?v=1661767614|pos:5|alt:Rukka Rukka Arma-R Waterproof Textile Jacket – top view,5,Rukka Rukka Arma-R Waterproof Textile Jacket – front view | Rukka Rukka Arma-R Waterproof Textile Jacket – side view | Rukka Rukka Arma-R Waterproof Textile Jacket – rear view | Rukka Rukka Arma-R Waterproof Textile Jacket – detail view | Rukka Rukka Arma-R Waterproof Textile Jacket – top view,feature:waterproof,1,Rukka Arma-R Waterproof Textile Jacket,"Rukka Arma-R Waterproof Textile Jacket. The new Rukka RFC Arma-R offers a combination of the latest technologies for safety, comfort and all-weather suitability! • GORE-TEX PRO 3-layer laminate, outer fabric does not soak up in the rain..",,,"GORE-TEX PRO 3-layer laminate, outer fabric does not soak up in the rain. High abrasion protection with CORDURA 500D outer fabric over the entire jacket. Additional Armacor reinforcements on shoulders and elbows. GORE-TEX stretch panels on chest, front sleeve ends and crook of arm.",,Available in multiple sizes. Check the size guide before ordering.,Rukka Arma-R Waterproof Textile Jacket — a textile Jacket built to the specifications listed above.,true,draft,https://cdn.shopify.com/s/files/1/0076/8301/4754/products/rukka4_a.jpg?v=1661767616|role:hero || https://cdn.shopify.com/s/files/1/0076/8301/4754/products/rukka4_d.jpg?v=1661767616|role:construction detail || https://cdn.shopify.com/s/files/1/0076/8301/4754/products/rukka4_f.jpg?v=1661767614|role:side profile,3,false,/products/rukka-arma-r-waterproof-textile-jacket,/products/rukka-arma-r-waterproof-textile-jacket
rukka-exegal-gore-tex-textile-jacket,rukka-exegal-gore-tex-textile-jacket,Rukka Exegal Gore-Tex Textile Jacket,Rukka Exegal Gore-Tex Textile Jacket,rukka-exegal-gore-tex-textile-jacket,"Rough weather? Not an issue for touring riders with the new Rukka Exegal. Made of abrasion and tear resistant Gore-Tex® PRO 3-layer laminate, it is… • 100% breathable, wind- and waterproof Gore-Tex® Pro 3-layer laminated to abrasion and tear resistant Cordura shell fabric. • Armacor strengthenings on elbows and shoulders,  combination of high-tech fibers aramid and Cordura. • soft neoprene in collar. • ventilation openings with zipper and mesh inserts. Available in multiple sizes and/or colours — select your variant.","Rough weather? Not an issue for touring riders with the new Rukka Exegal. Made of abrasion and tear resistant Gore-Tex® PRO 3-layer laminate, it is 100% water- and windproof as well as breathable. In short: the Exegal is the perfect combination of all outstanding Rukka values.<br><br>

<b>Materials</b><br>

<li>100% breathable, wind- and waterproof Gore-Tex® Pro 3-layer laminated to abrasion and tear resistant Cordura shell fabric</li>
<li>Armacor strengthenings on elbows and shoulders,  combination of high-tech fibers aramid and Cordura</li>
<li>soft neoprene in collar</li><br>
<b>Ventilation</b><br>

<li>ventilation openings with zipper and mesh inserts</li>

<li>on back</li>
<li>on chest</li>
<li>on sleeves</li>
<li>on sides</li><br>
<b>Adjustability and Fit</b><br>

<li>width adjustment on upper and lower arm with snap fasteners</li>
<li>adjustable hem with velcros</li>
<li>adjustable waist belt</li>
<li>a crotch strap and a long connecting zipper for trousers</li><br>
<b>Pockets</b><br>

<li>two pockets outside (waterproof)</li>
<li>a large pocket at the lower back</li>
<li>two waterproof pockets  at inside lining</li><br>
<b>Protectors</b><br>

<li>D3O® Air XTR shoulder and elbow protectors EN 1621-1 2012</li>
<li>Rukka D3O® Air Full Back protector included</li>
<li>D3O® CP1 chest protector included EN 1621-3:2016, Level 1</li><br>
<b>Comfort and Special Features</b><br>

<li>integrated waterproof, elastic  ATS (=Anti Thief System) Gore-Tex Stretch collar which can be hidden in its pocket</li>
<li>detachable lining with 60g insulation and Outlast® temperature regulation</li>
<li>sleeve ends with zippers, velcro tightening and waterproof Gore-Tex® inner cuffs</li><br>
    

<b>ADDITIONAL PRODUCT INFORMATION</b><br>
<li>Material	75% polyamide, 25% polytetrafluorethylene</li>","Rough weather? Not an issue for touring riders with the new Rukka Exegal. Made of abrasion and tear resistant Gore-Tex® PRO 3-layer laminate, it is 100% water- and windproof as well as breathable. In short: the Exegal is the perfect combination of all outstanding Rukka values.

Materials

• 100% breathable, wind- and waterproof Gore-Tex® Pro 3-layer laminated to abrasion and tear resistant Cordura shell fabric

• Armacor strengthenings on elbows and shoulders,  combination of high-tech fibers aramid and Cordura

• soft neoprene in collar

Ventilation

• ventilation openings with zipper and mesh inserts

• on back

• on chest

• on sleeves

• on sides

Adjustability and Fit

• width adjustment on upper and lower arm with snap fasteners

• adjustable hem with velcros

• adjustable waist belt

• a crotch strap and a long connecting zipper for trousers

Pockets

• two pockets outside (waterproof)

• a large pocket at the lower back

• two waterproof pockets  at inside lining

Protectors

• D3O® Air XTR shoulder and elbow protectors EN 1621-1 2012

• Rukka D3O® Air Full Back protector included

• D3O® CP1 chest protector included EN 1621-3:2016, Level 1

Comfort and Special Features

• integrated waterproof, elastic  ATS (=Anti Thief System) Gore-Tex Stretch collar which can be hidden in its pocket

• detachable lining with 60g insulation and Outlast® temperature regulation

• sleeve ends with zippers, velcro tightening and waterproof Gore-Tex® inner cuffs

    

ADDITIONAL PRODUCT INFORMATION

• Material	75% polyamide, 25% polytetrafluorethylene",155000,,2026-07-26,active,Rukka,7000,g,Buy Rukka Exegal Gore-Tex Textile Jacket | Mile 27 Store,"Rough weather? Not an issue for touring riders with the new Rukka Exegal. Made of abrasion and tear resistant Gore-Tex® PRO 3-layer laminate, it is… 100%…","100% breathable, wind- and waterproof Gore-Tex® Pro 3-layer laminated to abrasion and tear resistant Cordura shell fabric | Armacor strengthenings on elbows and shoulders,  combination of high-tech fibers aramid and Cordura | soft neoprene in collar | ventilation openings with zipper and mesh inserts",Cleaned noise; brand verified,High,false,Riding Gear > Riding Jackets > Textile Jackets,High,"Refined by title keyword: ""\b(textile\s+jacket|touring\s+jacket|adventure\s+jacket)\b""",rukka-exegal-gore-tex-textile-jacket-1|Size:46:Colour:Black/Black|price:155000.00|compare:|weight:7000|barcode:|qty:0 | rukka-exegal-gore-tex-textile-jacket-2|Size:46:Colour:Black/White|price:155000.00|compare:|weight:7000|barcode:|qty:0 | rukka-exegal-gore-tex-textile-jacket-3|Size:46:Colour:Black/Yellow|price:155000.00|compare:|weight:7000|barcode:|qty:0 | rukka-exegal-gore-tex-textile-jacket-4|Size:46:Colour:Grey/Red|price:155000.00|compare:|weight:7000|barcode:|qty:0 | rukka-exegal-gore-tex-textile-jacket-5|Size:46:Colour:Grey/Blue|price:155000.00|compare:|weight:7000|barcode:|qty:0 | rukka-exegal-gore-tex-textile-jacket-6|Size:48:Colour:Black/Black|price:155000.00|compare:|weight:7000|barcode:|qty:0 | rukka-exegal-gore-tex-textile-jacket-7|Size:48:Colour:Black/White|price:155000.00|compare:|weight:7000|barcode:|qty:0 | rukka-exegal-gore-tex-textile-jacket-8|Size:48:Colour:Black/Yellow|price:155000.00|compare:|weight:7000|barcode:|qty:0 | rukka-exegal-gore-tex-textile-jacket-9|Size:48:Colour:Grey/Red|price:155000.00|compare:|weight:7000|barcode:|qty:0 | rukka-exegal-gore-tex-textile-jacket-10|Size:48:Colour:Grey/Blue|price:155000.00|compare:|weight:7000|barcode:|qty:0 | rukka-exegal-gore-tex-textile-jacket-11|Size:50:Colour:Black/Black|price:155000.00|compare:|weight:7000|barcode:|qty:0 | rukka-exegal-gore-tex-textile-jacket-12|Size:50:Colour:Black/White|price:155000.00|compare:|weight:7000|barcode:|qty:0 | rukka-exegal-gore-tex-textile-jacket-13|Size:50:Colour:Black/Yellow|price:155000.00|compare:|weight:7000|barcode:|qty:0 | rukka-exegal-gore-tex-textile-jacket-14|Size:50:Colour:Grey/Red|price:155000.00|compare:|weight:7000|barcode:|qty:0 | rukka-exegal-gore-tex-textile-jacket-15|Size:50:Colour:Grey/Blue|price:155000.00|compare:|weight:7000|barcode:|qty:0 | rukka-exegal-gore-tex-textile-jacket-16|Size:52:Colour:Black/Black|price:155000.00|compare:|weight:7000|barcode:|qty:0 | rukka-exegal-gore-tex-textile-jacket-17|Size:52:Colour:Black/White|price:155000.00|compare:|weight:7000|barcode:|qty:0 | rukka-exegal-gore-tex-textile-jacket-18|Size:52:Colour:Black/Yellow|price:155000.00|compare:|weight:7000|barcode:|qty:0 | rukka-exegal-gore-tex-textile-jacket-19|Size:52:Colour:Grey/Red|price:155000.00|compare:|weight:7000|barcode:|qty:0 | rukka-exegal-gore-tex-textile-jacket-20|Size:52:Colour:Grey/Blue|price:155000.00|compare:|weight:7000|barcode:|qty:0 | rukka-exegal-gore-tex-textile-jacket-21|Size:54:Colour:Black/Black|price:155000.00|compare:|weight:7000|barcode:|qty:0 | rukka-exegal-gore-tex-textile-jacket-22|Size:54:Colour:Black/White|price:155000.00|compare:|weight:7000|barcode:|qty:0 | rukka-exegal-gore-tex-textile-jacket-23|Size:54:Colour:Black/Yellow|price:155000.00|compare:|weight:7000|barcode:|qty:0 | rukka-exegal-gore-tex-textile-jacket-24|Size:54:Colour:Grey/Red|price:155000.00|compare:|weight:7000|barcode:|qty:0 | rukka-exegal-gore-tex-textile-jacket-25|Size:54:Colour:Grey/Blue|price:155000.00|compare:|weight:7000|barcode:|qty:0 | rukka-exegal-gore-tex-textile-jacket-26|Size:56:Colour:Black/Black|price:155000.00|compare:|weight:7000|barcode:|qty:0 | rukka-exegal-gore-tex-textile-jacket-27|Size:56:Colour:Black/White|price:155000.00|compare:|weight:7000|barcode:|qty:0 | rukka-exegal-gore-tex-textile-jacket-28|Size:56:Colour:Black/Yellow|price:155000.00|compare:|weight:7000|barcode:|qty:0 | rukka-exegal-gore-tex-textile-jacket-29|Size:56:Colour:Grey/Red|price:155000.00|compare:|weight:7000|barcode:|qty:0 | rukka-exegal-gore-tex-textile-jacket-30|Size:56:Colour:Grey/Blue|price:155000.00|compare:|weight:7000|barcode:|qty:0 | rukka-exegal-gore-tex-textile-jacket-31|Size:58:Colour:Black/Black|price:155000.00|compare:|weight:7000|barcode:|qty:0 | rukka-exegal-gore-tex-textile-jacket-32|Size:58:Colour:Black/White|price:155000.00|compare:|weight:7000|barcode:|qty:0 | rukka-exegal-gore-tex-textile-jacket-33|Size:58:Colour:Black/Yellow|price:155000.00|compare:|weight:7000|barcode:|qty:0 | rukka-exegal-gore-tex-textile-jacket-34|Size:58:Colour:Grey/Red|price:155000.00|compare:|weight:7000|barcode:|qty:0 | rukka-exegal-gore-tex-textile-jacket-35|Size:58:Colour:Grey/Blue|price:155000.00|compare:|weight:7000|barcode:|qty:0 | rukka-exegal-gore-tex-textile-jacket-36|Size:60:Colour:Black/Black|price:155000.00|compare:|weight:7000|barcode:|qty:0 | rukka-exegal-gore-tex-textile-jacket-37|Size:60:Colour:Black/White|price:155000.00|compare:|weight:7000|barcode:|qty:0 | rukka-exegal-gore-tex-textile-jacket-38|Size:60:Colour:Black/Yellow|price:155000.00|compare:|weight:7000|barcode:|qty:0 | rukka-exegal-gore-tex-textile-jacket-39|Size:60:Colour:Grey/Red|price:155000.00|compare:|weight:7000|barcode:|qty:0 | rukka-exegal-gore-tex-textile-jacket-40|Size:60:Colour:Grey/Blue|price:155000.00|compare:|weight:7000|barcode:|qty:0 | rukka-exegal-gore-tex-textile-jacket-41|Size:62:Colour:Black/Black|price:155000.00|compare:|weight:7000|barcode:|qty:0 | rukka-exegal-gore-tex-textile-jacket-42|Size:62:Colour:Black/White|price:155000.00|compare:|weight:7000|barcode:|qty:0 | rukka-exegal-gore-tex-textile-jacket-43|Size:62:Colour:Black/Yellow|price:155000.00|compare:|weight:7000|barcode:|qty:0 | rukka-exegal-gore-tex-textile-jacket-44|Size:62:Colour:Grey/Red|price:155000.00|compare:|weight:7000|barcode:|qty:0 | rukka-exegal-gore-tex-textile-jacket-45|Size:62:Colour:Grey/Blue|price:155000.00|compare:|weight:7000|barcode:|qty:0 | rukka-exegal-gore-tex-textile-jacket-46|Size:64:Colour:Black/Black|price:155000.00|compare:|weight:7000|barcode:|qty:0 | rukka-exegal-gore-tex-textile-jacket-47|Size:64:Colour:Black/White|price:155000.00|compare:|weight:7000|barcode:|qty:0 | rukka-exegal-gore-tex-textile-jacket-48|Size:64:Colour:Black/Yellow|price:155000.00|compare:|weight:7000|barcode:|qty:0 | rukka-exegal-gore-tex-textile-jacket-49|Size:64:Colour:Grey/Red|price:155000.00|compare:|weight:7000|barcode:|qty:0 | rukka-exegal-gore-tex-textile-jacket-50|Size:64:Colour:Grey/Blue|price:155000.00|compare:|weight:7000|barcode:|qty:0 | rukka-exegal-gore-tex-textile-jacket-51|Size:66:Colour:Black/Black|price:155000.00|compare:|weight:7000|barcode:|qty:0 | rukka-exegal-gore-tex-textile-jacket-52|Size:66:Colour:Black/White|price:155000.00|compare:|weight:7000|barcode:|qty:0 | rukka-exegal-gore-tex-textile-jacket-53|Size:66:Colour:Black/Yellow|price:155000.00|compare:|weight:7000|barcode:|qty:0 | rukka-exegal-gore-tex-textile-jacket-54|Size:66:Colour:Grey/Red|price:155000.00|compare:|weight:7000|barcode:|qty:0 | rukka-exegal-gore-tex-textile-jacket-55|Size:66:Colour:Grey/Blue|price:155000.00|compare:|weight:7000|barcode:|qty:0,"rukka-exegal-gore-tex-textile-jacket-1,rukka-exegal-gore-tex-textile-jacket-2,rukka-exegal-gore-tex-textile-jacket-3,rukka-exegal-gore-tex-textile-jacket-4,rukka-exegal-gore-tex-textile-jacket-5,rukka-exegal-gore-tex-textile-jacket-6,rukka-exegal-gore-tex-textile-jacket-7,rukka-exegal-gore-tex-textile-jacket-8,rukka-exegal-gore-tex-textile-jacket-9,rukka-exegal-gore-tex-textile-jacket-10,rukka-exegal-gore-tex-textile-jacket-11,rukka-exegal-gore-tex-textile-jacket-12,rukka-exegal-gore-tex-textile-jacket-13,rukka-exegal-gore-tex-textile-jacket-14,rukka-exegal-gore-tex-textile-jacket-15,rukka-exegal-gore-tex-textile-jacket-16,rukka-exegal-gore-tex-textile-jacket-17,rukka-exegal-gore-tex-textile-jacket-18,rukka-exegal-gore-tex-textile-jacket-19,rukka-exegal-gore-tex-textile-jacket-20,rukka-exegal-gore-tex-textile-jacket-21,rukka-exegal-gore-tex-textile-jacket-22,rukka-exegal-gore-tex-textile-jacket-23,rukka-exegal-gore-tex-textile-jacket-24,rukka-exegal-gore-tex-textile-jacket-25,rukka-exegal-gore-tex-textile-jacket-26,rukka-exegal-gore-tex-textile-jacket-27,rukka-exegal-gore-tex-textile-jacket-28,rukka-exegal-gore-tex-textile-jacket-29,rukka-exegal-gore-tex-textile-jacket-30,rukka-exegal-gore-tex-textile-jacket-31,rukka-exegal-gore-tex-textile-jacket-32,rukka-exegal-gore-tex-textile-jacket-33,rukka-exegal-gore-tex-textile-jacket-34,rukka-exegal-gore-tex-textile-jacket-35,rukka-exegal-gore-tex-textile-jacket-36,rukka-exegal-gore-tex-textile-jacket-37,rukka-exegal-gore-tex-textile-jacket-38,rukka-exegal-gore-tex-textile-jacket-39,rukka-exegal-gore-tex-textile-jacket-40,rukka-exegal-gore-tex-textile-jacket-41,rukka-exegal-gore-tex-textile-jacket-42,rukka-exegal-gore-tex-textile-jacket-43,rukka-exegal-gore-tex-textile-jacket-44,rukka-exegal-gore-tex-textile-jacket-45,rukka-exegal-gore-tex-textile-jacket-46,rukka-exegal-gore-tex-textile-jacket-47,rukka-exegal-gore-tex-textile-jacket-48,rukka-exegal-gore-tex-textile-jacket-49,rukka-exegal-gore-tex-textile-jacket-50,rukka-exegal-gore-tex-textile-jacket-51,rukka-exegal-gore-tex-textile-jacket-52,rukka-exegal-gore-tex-textile-jacket-53,rukka-exegal-gore-tex-textile-jacket-54,rukka-exegal-gore-tex-textile-jacket-55",55,https://cdn.shopify.com/s/files/1/0076/8301/4754/products/3_70106_722_R_999.jpg?v=1661767216|pos:1|alt:Rukka Rukka Exegal Gore-Tex Textile Jacket – front view || https://cdn.shopify.com/s/files/1/0076/8301/4754/products/3_70106_722_R_999_back.jpg?v=1661767215|pos:2|alt:Rukka Rukka Exegal Gore-Tex Textile Jacket – side view || https://cdn.shopify.com/s/files/1/0076/8301/4754/products/3_70106_722_R_990.jpg?v=1661767212|pos:3|alt:Rukka Rukka Exegal Gore-Tex Textile Jacket – rear view || https://cdn.shopify.com/s/files/1/0076/8301/4754/products/3_70106_722_R_990_back.jpg?v=1661767212|pos:4|alt:Rukka Rukka Exegal Gore-Tex Textile Jacket – detail view || https://cdn.shopify.com/s/files/1/0076/8301/4754/products/3_70106_722_R_994.jpg?v=1661767216|pos:5|alt:Rukka Rukka Exegal Gore-Tex Textile Jacket – top view || https://cdn.shopify.com/s/files/1/0076/8301/4754/products/3_70106_722_R_994_back.jpg?v=1661767215|pos:6|alt:Rukka Rukka Exegal Gore-Tex Textile Jacket – product view || https://cdn.shopify.com/s/files/1/0076/8301/4754/products/5_70106_722_R_290.jpg?v=1661767215|pos:7|alt:Rukka Rukka Exegal Gore-Tex Textile Jacket – product view || https://cdn.shopify.com/s/files/1/0076/8301/4754/products/5_70106_722_R_290_back.jpg?v=1661767217|pos:8|alt:Rukka Rukka Exegal Gore-Tex Textile Jacket – product view || https://cdn.shopify.com/s/files/1/0076/8301/4754/products/5_70106_722_R_293.jpg?v=1661767216|pos:9|alt:Rukka Rukka Exegal Gore-Tex Textile Jacket – product view || https://cdn.shopify.com/s/files/1/0076/8301/4754/products/5_70106_722_R_293_back.jpg?v=1661767212|pos:10|alt:Rukka Rukka Exegal Gore-Tex Textile Jacket – product view,10,Rukka Rukka Exegal Gore-Tex Textile Jacket – front view | Rukka Rukka Exegal Gore-Tex Textile Jacket – side view | Rukka Rukka Exegal Gore-Tex Textile Jacket – rear view | Rukka Rukka Exegal Gore-Tex Textile Jacket – detail view | Rukka Rukka Exegal Gore-Tex Textile Jacket – top view | Rukka Rukka Exegal Gore-Tex Textile Jacket – product view,,0,Rukka Exegal Gore-Tex Textile Jacket,Rukka Exegal Gore-Tex Textile Jacket. Rough weather? Not an issue for touring riders with the new Rukka Exegal.,"100% breathable, wind- and waterproof Gore-Tex® Pro 3-layer laminated to abrasion and tear resistant Cordura shell fabric. ventilation openings with zipper and mesh inserts.",ventilation openings with zipper and mesh inserts.,"Armacor strengthenings on elbows and shoulders,  combination of high-tech fibers aramid and Cordura. soft neoprene in collar.",,Available in multiple sizes. Check the size guide before ordering.,Rukka Exegal Gore-Tex Textile Jacket — a textile Jacket built to the specifications listed above.,true,draft,https://cdn.shopify.com/s/files/1/0076/8301/4754/products/3_70106_722_R_999.jpg?v=1661767216|role:hero || https://cdn.shopify.com/s/files/1/0076/8301/4754/products/3_70106_722_R_999_back.jpg?v=1661767215|role:construction detail || https://cdn.shopify.com/s/files/1/0076/8301/4754/products/3_70106_722_R_990.jpg?v=1661767212|role:side profile,3,false,/products/rukka-exegal-gore-tex-textile-jacket,/products/rukka-exegal-gore-tex-textile-jacket
rukka-aramen-leather-jacket,rukka-aramen-leather-jacket,Rukka Aramen Leather Jacket,Rukka Aramen Leather Jacket,rukka-aramen-leather-jacket,"Rukka designs and manufactures the motorcycle clothing according to the strict guidelines, ""safe & comfortable"" with the highest standards for waterproofing and comfort. Each suit… • 3-layer laminate CORIUM+ Platinum, waterproof, windproof, breathable. • membrane welded with 0,7 mm aniline leather. • GORE-TEX 3-layer laminate STRETCH in armpits, sleeves and arm bend. • Warming removable quilted lining inner jacket. Available in multiple sizes and/or colours — select your variant.","Rukka designs and manufactures the motorcycle clothing according to the strict guidelines, ""safe &amp; comfortable"" with the highest standards for waterproofing and comfort. Each suit works best in its specific comfort zone. Either hot or cold, rain or shine, Rukka offers flexible technologies for different riding conditions.<br><br>

<b>Features:</b><br>

<li>3-layer laminate CORIUM+ Platinum, waterproof, windproof, breathable</li>
<li>membrane welded with 0,7 mm aniline leather</li>
<li>GORE-TEX 3-layer laminate STRETCH in armpits, sleeves and arm bend</li>
<li>Warming removable quilted lining inner jacket</li>
<li>Reflective piping front and back</li>
<li>Removable GORE-TEX stretch neck protection on the outside of the collar</li>
<li>Completely perforated, membrane is well cooled</li>
<li>Ventilation on the sides</li>
<li>Wind and water lock system on the sleeve cuffs</li>
<li>2x waterproof mesh pockets on both sides on the outside, plus 2 waterproof pockets on the inside</li>
<li>Connecting zipper to the pants</li>
<li>Adjustable waistband with press studs</li><br>
<b>Specifications:</b><br>

<li>Rukka D3O Level 1 shoulder and elbow pprotectors, can be upgraded with Level 2.</li>
<li>Rukka D3O - XTR Level 1 back protector, can be upgraded with Level 2</li>
<li>Weight: approx. 2.95 kg (size 50 with protectors)</li><br>
<b>ADDITIONAL PRODUCT INFORMATION</b><br>
<li>Material	100% cowhide / Contains non-textile parts of animal origin.</li>","Rukka designs and manufactures the motorcycle clothing according to the strict guidelines, ""safe & comfortable"" with the highest standards for waterproofing and comfort. Each suit works best in its specific comfort zone. Either hot or cold, rain or shine, Rukka offers flexible technologies for different riding conditions.

Features:

• 3-layer laminate CORIUM+ Platinum, waterproof, windproof, breathable

• membrane welded with 0,7 mm aniline leather

• GORE-TEX 3-layer laminate STRETCH in armpits, sleeves and arm bend

• Warming removable quilted lining inner jacket

• Reflective piping front and back

• Removable GORE-TEX stretch neck protection on the outside of the collar

• Completely perforated, membrane is well cooled

• Ventilation on the sides

• Wind and water lock system on the sleeve cuffs

• 2x waterproof mesh pockets on both sides on the outside, plus 2 waterproof pockets on the inside

• Connecting zipper to the pants

• Adjustable waistband with press studs

Specifications:

• Rukka D3O Level 1 shoulder and elbow pprotectors, can be upgraded with Level 2.

• Rukka D3O - XTR Level 1 back protector, can be upgraded with Level 2

• Weight: approx. 2.95 kg (size 50 with protectors)

ADDITIONAL PRODUCT INFORMATION

• Material	100% cowhide / Contains non-textile parts of animal origin.",129000,,2026-07-26,active,Rukka,7000,g,Buy Rukka Aramen Leather Jacket | Mile 27 Store,"Rukka designs and manufactures the motorcycle clothing according to the strict guidelines, ""safe & comfortable"" with the highest standards for…","3-layer laminate CORIUM+ Platinum, waterproof, windproof, breathable | membrane welded with 0,7 mm aniline leather | GORE-TEX 3-layer laminate STRETCH in armpits, sleeves and arm bend | Warming removable quilted lining inner jacket",Cleaned noise; brand verified,High,false,Riding Gear > Riding Jackets > Leather Jackets,High,"Refined by title keyword: ""\bleather\s+jacket\b""",rukka-aramen-leather-jacket-1|Size:46|price:129000.00|compare:|weight:7000|barcode:|qty:0 | rukka-aramen-leather-jacket-2|Size:48|price:129000.00|compare:|weight:7000|barcode:|qty:0 | rukka-aramen-leather-jacket-3|Size:50|price:129000.00|compare:|weight:7000|barcode:|qty:0 | rukka-aramen-leather-jacket-4|Size:52|price:129000.00|compare:|weight:7000|barcode:|qty:0 | rukka-aramen-leather-jacket-5|Size:54|price:129000.00|compare:|weight:7000|barcode:|qty:0 | rukka-aramen-leather-jacket-6|Size:56|price:129000.00|compare:|weight:7000|barcode:|qty:0 | rukka-aramen-leather-jacket-7|Size:58|price:129000.00|compare:|weight:7000|barcode:|qty:0 | rukka-aramen-leather-jacket-8|Size:60|price:129000.00|compare:|weight:7000|barcode:|qty:0 | rukka-aramen-leather-jacket-9|Size:62|price:129000.00|compare:|weight:7000|barcode:|qty:0 | rukka-aramen-leather-jacket-10|Size:64|price:129000.00|compare:|weight:7000|barcode:|qty:0 | rukka-aramen-leather-jacket-11|Size:66|price:129000.00|compare:|weight:7000|barcode:|qty:0,"rukka-aramen-leather-jacket-1,rukka-aramen-leather-jacket-2,rukka-aramen-leather-jacket-3,rukka-aramen-leather-jacket-4,rukka-aramen-leather-jacket-5,rukka-aramen-leather-jacket-6,rukka-aramen-leather-jacket-7,rukka-aramen-leather-jacket-8,rukka-aramen-leather-jacket-9,rukka-aramen-leather-jacket-10,rukka-aramen-leather-jacket-11",11,https://cdn.shopify.com/s/files/1/0076/8301/4754/products/9_70218_726_R_990_1.jpg?v=1661766847|pos:1|alt:Rukka Rukka Aramen Leather Jacket – front view || https://cdn.shopify.com/s/files/1/0076/8301/4754/products/9_70218_726_R_990_back.jpg?v=1661766846|pos:2|alt:Rukka Rukka Aramen Leather Jacket – side view,2,Rukka Rukka Aramen Leather Jacket – front view | Rukka Rukka Aramen Leather Jacket – side view,,0,Rukka Aramen Leather Jacket,"Rukka Aramen Leather Jacket. Rukka designs and manufactures the motorcycle clothing according to the strict guidelines, ""safe & comfortable"" with the highest standards for waterproofing and comfort.","membrane welded with 0,7 mm aniline leather.",,"3-layer laminate CORIUM+ Platinum, waterproof, windproof, breathable. GORE-TEX 3-layer laminate STRETCH in armpits, sleeves and arm bend. Warming removable quilted lining inner jacket.",,Available in multiple sizes. Check the size guide before ordering.,Rukka Aramen Leather Jacket — a leather Jacket built to the specifications listed above.,true,draft,https://cdn.shopify.com/s/files/1/0076/8301/4754/products/9_70218_726_R_990_1.jpg?v=1661766847|role:hero || https://cdn.shopify.com/s/files/1/0076/8301/4754/products/9_70218_726_R_990_back.jpg?v=1661766846|role:construction detail,2,false,/products/rukka-aramen-leather-jacket,/products/rukka-aramen-leather-jacket
rukka-r-s-zoorace-leather-jacket,rukka-r-s-zoorace-leather-jacket,Rukka R.S. Zoorace Leather Jacket,Rukka R.S. Zoorace Leather Jacket,rukka-r-s-zoorace-leather-jacket,"Rukka designs and manufactures the motorcycle clothing according to the strict guidelines, ""safe & comfortable"" with the highest standards for waterproofing and comfort. Each garment… • Breathable, windproof and waterproof 3-layer, fully perforated 0.7 mm aniline cowhide Corium+® Platinum laminate. • Ventilation openings on the sides. • 2 exterior zippered waterproof pockets, 2 chest pockets and 2 interior waterproof chest pockets. • Sleeve and waistband closure with snap fastener. Available in multiple sizes and/or colours — select your variant.","Rukka designs and manufactures the motorcycle clothing according to the strict guidelines, ""safe &amp; comfortable"" with the highest standards for waterproofing and comfort. Each garment works best in its specific comfort zone Either hot or cold, rain or shine, Rukka offers flexible technologies for different riding conditions.<br><br>

<b>Features:</b><br>

<li>Breathable, windproof and waterproof 3-layer, fully perforated 0.7 mm aniline cowhide Corium+® Platinum laminate</li>
<li>Ventilation openings on the sides</li>
<li>2 exterior zippered waterproof pockets, 2 chest pockets and 2 interior waterproof chest pockets</li>
<li>Sleeve and waistband closure with snap fastener</li>
<li>Adjustable waistband with press studs</li>
<li>Zipper at the ends of the sleeves</li><br>
<b>Specifications:</b><br>

<li>D3O® LP1 shoulder and elbow protectors EN1621-1 2012 Level 1</li>
<li>Pocket for Rukka D3O® Air XTR back protector</li>
<li>Weight: 2,95kg (size 50 with protectors)</li><br>
<b>ADDITIONAL PRODUCT INFORMATION</b><br>
<li>Material	100% calfskin / Contains non-textile parts of animal origin.</li>","Rukka designs and manufactures the motorcycle clothing according to the strict guidelines, ""safe & comfortable"" with the highest standards for waterproofing and comfort. Each garment works best in its specific comfort zone Either hot or cold, rain or shine, Rukka offers flexible technologies for different riding conditions.

Features:

• Breathable, windproof and waterproof 3-layer, fully perforated 0.7 mm aniline cowhide Corium+® Platinum laminate

• Ventilation openings on the sides

• 2 exterior zippered waterproof pockets, 2 chest pockets and 2 interior waterproof chest pockets

• Sleeve and waistband closure with snap fastener

• Adjustable waistband with press studs

• Zipper at the ends of the sleeves

Specifications:

• D3O® LP1 shoulder and elbow protectors EN1621-1 2012 Level 1

• Pocket for Rukka D3O® Air XTR back protector

• Weight: 2,95kg (size 50 with protectors)

ADDITIONAL PRODUCT INFORMATION

• Material	100% calfskin / Contains non-textile parts of animal origin.",129000,,2026-07-26,active,Rukka,7000,g,Buy Rukka R.S. Zoorace Leather Jacket | Mile 27 Store,"Rukka designs and manufactures the motorcycle clothing according to the strict guidelines, ""safe & comfortable"" with the highest standards for…","Breathable, windproof and waterproof 3-layer, fully perforated 0.7 mm aniline cowhide Corium+® Platinum laminate | Ventilation openings on the sides | 2 exterior zippered waterproof pockets, 2 chest pockets and 2 interior waterproof chest pockets | Sleeve and waistband closure with snap fastener",Cleaned noise; brand verified,High,false,Riding Gear > Riding Jackets > Leather Jackets,High,"Refined by title keyword: ""\bleather\s+jacket\b""",rukka-r-s-zoorace-leather-jacket-1|Size:46|price:129000.00|compare:|weight:7000|barcode:|qty:0 | rukka-r-s-zoorace-leather-jacket-2|Size:48|price:129000.00|compare:|weight:7000|barcode:|qty:0 | rukka-r-s-zoorace-leather-jacket-3|Size:50|price:129000.00|compare:|weight:7000|barcode:|qty:0 | rukka-r-s-zoorace-leather-jacket-4|Size:52|price:129000.00|compare:|weight:7000|barcode:|qty:0 | rukka-r-s-zoorace-leather-jacket-5|Size:54|price:129000.00|compare:|weight:7000|barcode:|qty:0 | rukka-r-s-zoorace-leather-jacket-6|Size:56|price:129000.00|compare:|weight:7000|barcode:|qty:0 | rukka-r-s-zoorace-leather-jacket-7|Size:58|price:129000.00|compare:|weight:7000|barcode:|qty:0 | rukka-r-s-zoorace-leather-jacket-8|Size:60|price:129000.00|compare:|weight:7000|barcode:|qty:0 | rukka-r-s-zoorace-leather-jacket-9|Size:62|price:129000.00|compare:|weight:7000|barcode:|qty:0 | rukka-r-s-zoorace-leather-jacket-10|Size:64|price:129000.00|compare:|weight:7000|barcode:|qty:0 | rukka-r-s-zoorace-leather-jacket-11|Size:66|price:129000.00|compare:|weight:7000|barcode:|qty:0,"rukka-r-s-zoorace-leather-jacket-1,rukka-r-s-zoorace-leather-jacket-2,rukka-r-s-zoorace-leather-jacket-3,rukka-r-s-zoorace-leather-jacket-4,rukka-r-s-zoorace-leather-jacket-5,rukka-r-s-zoorace-leather-jacket-6,rukka-r-s-zoorace-leather-jacket-7,rukka-r-s-zoorace-leather-jacket-8,rukka-r-s-zoorace-leather-jacket-9,rukka-r-s-zoorace-leather-jacket-10,rukka-r-s-zoorace-leather-jacket-11",11,https://cdn.shopify.com/s/files/1/0076/8301/4754/products/9_70213_726_R_990.jpg?v=1661765360|pos:1|alt:Rukka Rukka R.S. Zoorace Leather Jacket – front view || https://cdn.shopify.com/s/files/1/0076/8301/4754/products/9_70213_726_R_990_back.jpg?v=1661765360|pos:2|alt:Rukka Rukka R.S. Zoorace Leather Jacket – side view,2,Rukka Rukka R.S. Zoorace Leather Jacket – front view | Rukka Rukka R.S. Zoorace Leather Jacket – side view,,0,Rukka R.S. Zoorace Leather Jacket,"Rukka R.S. Zoorace Leather Jacket. Rukka designs and manufactures the motorcycle clothing according to the strict guidelines, ""safe & comfortable"" with the highest standards for waterproofing and comfort.",,Ventilation openings on the sides.,"Breathable, windproof and waterproof 3-layer, fully perforated 0.7 mm aniline cowhide Corium+® Platinum laminate. 2 exterior zippered waterproof pockets, 2 chest pockets and 2 interior waterproof chest pockets. Sleeve and waistband closure with snap fastener.",,Available in multiple sizes. Check the size guide before ordering.,Rukka R.S. Zoorace Leather Jacket — a leather Jacket built to the specifications listed above.,true,draft,https://cdn.shopify.com/s/files/1/0076/8301/4754/products/9_70213_726_R_990.jpg?v=1661765360|role:hero || https://cdn.shopify.com/s/files/1/0076/8301/4754/products/9_70213_726_R_990_back.jpg?v=1661765360|role:construction detail,2,false,/products/rukka-r-s-zoorace-leather-jacket,/products/rukka-r-s-zoorace-leather-jacket
rukka-realer-gtx-textile-jacket,rukka-realer-gtx-textile-jacket,Rukka Realer GTX Textile Jacket,Rukka Realer GTX Textile Jacket,rukka-realer-gtx-textile-jacket,"Materials: • Gore-Tex Pro 3-layer stretch laminate. • Armacor strengthenings on elbows and shoulders, combination of high-tech fibers aramid and Cordura. • Rukka D3O Air limb protectors meet the requirements of Norm EN 1621-1 2012 and the Allback protector the requirements of EN 1621-2 2014. • Pocket for fullback. Available in multiple sizes and/or colours — select your variant.","<b>Materials:</b><br>
<li>Gore-Tex Pro 3-layer stretch laminate</li>
<li>Armacor strengthenings on elbows and shoulders, combination of high-tech fibers aramid and Cordura</li>
<br> <b>Protectors:</b><br>
<li>Rukka D3O Air limb protectors meet the requirements of Norm EN 1621-1 2012 and the Allback protector the requirements of EN 1621-2 2014</li>
<li>Pocket for fullback</li>
<li>approved chest protector included</li>
<br> <b>Special:</b><br>
<li>Extra warm detachable down jacket with 100g filling (90/10 down/feather). Jacket can also be used as a vest</li>
<li>A connecting zipper to trousers</li>
<li>Waterproof pockets marked with a ”waterproof pocket” label</li>
<li>Soft neoprene in collar</li>
<li>Detachable collar of elastic Gore-Tex Stretch material</li>
<li>Sleeves with zippers and waterproof GTX cuffs</li>
<li>Ventilation openings on shoulders and long 2-way zipper on the sides</li>
<li>Width adjustment on upper and lower arm</li>
<li>Four waterproof pockets; two outside and two inside including a mobile phone pocket. Four pockets in detachable down jacket</li>","Materials:

• Gore-Tex Pro 3-layer stretch laminate

• Armacor strengthenings on elbows and shoulders, combination of high-tech fibers aramid and Cordura

 Protectors:

• Rukka D3O Air limb protectors meet the requirements of Norm EN 1621-1 2012 and the Allback protector the requirements of EN 1621-2 2014

• Pocket for fullback

• approved chest protector included

 Special:

• Extra warm detachable down jacket with 100g filling (90/10 down/feather). Jacket can also be used as a vest

• A connecting zipper to trousers

• Waterproof pockets marked with a ”waterproof pocket” label

• Soft neoprene in collar

• Detachable collar of elastic Gore-Tex Stretch material

• Sleeves with zippers and waterproof GTX cuffs

• Ventilation openings on shoulders and long 2-way zipper on the sides

• Width adjustment on upper and lower arm

• Four waterproof pockets; two outside and two inside including a mobile phone pocket. Four pockets in detachable down jacket",168000,,2026-07-26,active,Rukka,7000,g,Buy Rukka Realer GTX Textile Jacket | Mile 27 Store,"Materials: Gore-Tex Pro 3-layer stretch laminate. Armacor strengthenings on elbows and shoulders, combination of high-tech fibers aramid and Cordura.…","Gore-Tex Pro 3-layer stretch laminate | Armacor strengthenings on elbows and shoulders, combination of high-tech fibers aramid and Cordura | Rukka D3O Air limb protectors meet the requirements of Norm EN 1621-1 2012 and the Allback protector the requirements of EN 1621-2 2014 | Pocket for fullback",Cleaned noise; brand verified,High,false,Riding Gear > Riding Jackets > Textile Jackets,High,"Refined by title keyword: ""\b(textile\s+jacket|touring\s+jacket|adventure\s+jacket)\b""",rukka-realer-gtx-textile-jacket-1|Size:46:Colour:Black/Yellow|price:168000.00|compare:|weight:7000|barcode:|qty:0 | rukka-realer-gtx-textile-jacket-2|Size:46:Colour:Black/Orange|price:168000.00|compare:|weight:7000|barcode:|qty:0 | rukka-realer-gtx-textile-jacket-3|Size:48:Colour:Black/Yellow|price:168000.00|compare:|weight:7000|barcode:|qty:0 | rukka-realer-gtx-textile-jacket-4|Size:48:Colour:Black/Orange|price:168000.00|compare:|weight:7000|barcode:|qty:0 | rukka-realer-gtx-textile-jacket-5|Size:50:Colour:Black/Yellow|price:168000.00|compare:|weight:7000|barcode:|qty:0 | rukka-realer-gtx-textile-jacket-6|Size:50:Colour:Black/Orange|price:168000.00|compare:|weight:7000|barcode:|qty:0 | rukka-realer-gtx-textile-jacket-7|Size:52:Colour:Black/Yellow|price:168000.00|compare:|weight:7000|barcode:|qty:0 | rukka-realer-gtx-textile-jacket-8|Size:52:Colour:Black/Orange|price:168000.00|compare:|weight:7000|barcode:|qty:0 | rukka-realer-gtx-textile-jacket-9|Size:54:Colour:Black/Yellow|price:168000.00|compare:|weight:7000|barcode:|qty:0 | rukka-realer-gtx-textile-jacket-10|Size:54:Colour:Black/Orange|price:168000.00|compare:|weight:7000|barcode:|qty:0 | rukka-realer-gtx-textile-jacket-11|Size:56:Colour:Black/Yellow|price:168000.00|compare:|weight:7000|barcode:|qty:0 | rukka-realer-gtx-textile-jacket-12|Size:56:Colour:Black/Orange|price:168000.00|compare:|weight:7000|barcode:|qty:0 | rukka-realer-gtx-textile-jacket-13|Size:58:Colour:Black/Yellow|price:168000.00|compare:|weight:7000|barcode:|qty:0 | rukka-realer-gtx-textile-jacket-14|Size:58:Colour:Black/Orange|price:168000.00|compare:|weight:7000|barcode:|qty:0 | rukka-realer-gtx-textile-jacket-15|Size:60:Colour:Black/Yellow|price:168000.00|compare:|weight:7000|barcode:|qty:0 | rukka-realer-gtx-textile-jacket-16|Size:60:Colour:Black/Orange|price:168000.00|compare:|weight:7000|barcode:|qty:0 | rukka-realer-gtx-textile-jacket-17|Size:62:Colour:Black/Yellow|price:168000.00|compare:|weight:7000|barcode:|qty:0 | rukka-realer-gtx-textile-jacket-18|Size:62:Colour:Black/Orange|price:168000.00|compare:|weight:7000|barcode:|qty:0 | rukka-realer-gtx-textile-jacket-19|Size:64:Colour:Black/Yellow|price:168000.00|compare:|weight:7000|barcode:|qty:0 | rukka-realer-gtx-textile-jacket-20|Size:64:Colour:Black/Orange|price:168000.00|compare:|weight:7000|barcode:|qty:0 | rukka-realer-gtx-textile-jacket-21|Size:66:Colour:Black/Yellow|price:168000.00|compare:|weight:7000|barcode:|qty:0 | rukka-realer-gtx-textile-jacket-22|Size:66:Colour:Black/Orange|price:168000.00|compare:|weight:7000|barcode:|qty:0,"rukka-realer-gtx-textile-jacket-1,rukka-realer-gtx-textile-jacket-2,rukka-realer-gtx-textile-jacket-3,rukka-realer-gtx-textile-jacket-4,rukka-realer-gtx-textile-jacket-5,rukka-realer-gtx-textile-jacket-6,rukka-realer-gtx-textile-jacket-7,rukka-realer-gtx-textile-jacket-8,rukka-realer-gtx-textile-jacket-9,rukka-realer-gtx-textile-jacket-10,rukka-realer-gtx-textile-jacket-11,rukka-realer-gtx-textile-jacket-12,rukka-realer-gtx-textile-jacket-13,rukka-realer-gtx-textile-jacket-14,rukka-realer-gtx-textile-jacket-15,rukka-realer-gtx-textile-jacket-16,rukka-realer-gtx-textile-jacket-17,rukka-realer-gtx-textile-jacket-18,rukka-realer-gtx-textile-jacket-19,rukka-realer-gtx-textile-jacket-20,rukka-realer-gtx-textile-jacket-21,rukka-realer-gtx-textile-jacket-22",22,https://cdn.shopify.com/s/files/1/0076/8301/4754/products/Rukka-Realer-Jacket-7_70100_739_R_940.jpg?v=1661765054|pos:1|alt:Rukka Rukka Realer GTX Textile Jacket – front view || https://cdn.shopify.com/s/files/1/0076/8301/4754/products/7_70100_739_R_940_back.jpg?v=1661765056|pos:2|alt:Rukka Rukka Realer GTX Textile Jacket – side view || https://cdn.shopify.com/s/files/1/0076/8301/4754/products/Rukka-Realer-Jacket-7_70100_739_R_996.jpg?v=1661765054|pos:3|alt:Rukka Rukka Realer GTX Textile Jacket – rear view || https://cdn.shopify.com/s/files/1/0076/8301/4754/products/7_70100_739_R_996_back.jpg?v=1661765056|pos:4|alt:Rukka Rukka Realer GTX Textile Jacket – detail view || https://cdn.shopify.com/s/files/1/0076/8301/4754/products/Rukka-Realer-Jacket7_70100_739_R_996_inner.jpg?v=1661765057|pos:5|alt:Rukka Rukka Realer GTX Textile Jacket – top view || https://cdn.shopify.com/s/files/1/0076/8301/4754/products/5_70100_739_R_996_brand06_Realer.jpg?v=1661765054|pos:6|alt:Rukka Rukka Realer GTX Textile Jacket – product view,6,Rukka Rukka Realer GTX Textile Jacket – front view | Rukka Rukka Realer GTX Textile Jacket – side view | Rukka Rukka Realer GTX Textile Jacket – rear view | Rukka Rukka Realer GTX Textile Jacket – detail view | Rukka Rukka Realer GTX Textile Jacket – top view | Rukka Rukka Realer GTX Textile Jacket – product view,,0,Rukka Realer GTX Textile Jacket,Rukka Realer GTX Textile Jacket. Materials: • Gore-Tex Pro 3-layer stretch laminate.,,,"Gore-Tex Pro 3-layer stretch laminate. Armacor strengthenings on elbows and shoulders, combination of high-tech fibers aramid and Cordura. Rukka D3O Air limb protectors meet the requirements of Norm EN 1621-1 2012 and the Allback protector the requirements of EN 1621-2 2014. Pocket for fullback.",,Available in multiple sizes. Check the size guide before ordering.,Rukka Realer GTX Textile Jacket — a textile Jacket built to the specifications listed above.,true,draft,https://cdn.shopify.com/s/files/1/0076/8301/4754/products/Rukka-Realer-Jacket-7_70100_739_R_940.jpg?v=1661765054|role:hero || https://cdn.shopify.com/s/files/1/0076/8301/4754/products/7_70100_739_R_940_back.jpg?v=1661765056|role:construction detail || https://cdn.shopify.com/s/files/1/0076/8301/4754/products/Rukka-Realer-Jacket-7_70100_739_R_996.jpg?v=1661765054|role:side profile,3,false,/products/rukka-realer-gtx-textile-jacket,/products/rukka-realer-gtx-textile-jacket
rukka-raptor-r-textile-jacket,rukka-raptor-r-textile-jacket,Rukka Raptor-R Textile Jacket,Rukka Raptor-R Textile Jacket,rukka-raptor-r-textile-jacket,"Rukka designs and manufactures motorbike clothing according to strict guidelines, ""safe & comfortable"" with the highest standards for waterproofing and comfort. Each garment works best… • 100% durable breathable, windproof and waterproof Gore-Tex® PRO 3-layer stretch laminate and abrasion and tear resistant stretch polyamide face fabric. • Armacor® reinforcements on elbows and shoulders. • Ventilation openings on the sides, back, sleeves and shoulders. • 1 large pocket on the lower back, 2 pockets in the removable inner jacket and 2 waterproof outer pockets with zips. Available in multiple sizes and/or colours — select your variant.","Rukka designs and manufactures motorbike clothing according to strict guidelines, ""safe &amp; comfortable"" with the highest standards for waterproofing and comfort. Each garment works best in its specific comfort zone Either hot or cold, rain or shine, Rukka offers flexible technologies for different riding conditions.<br><br>

<b>Features:</b><br>

<li>100% durable breathable, windproof and waterproof Gore-Tex® PRO 3-layer stretch laminate and abrasion and tear resistant stretch polyamide face fabric</li>
<li>Armacor® reinforcements on elbows and shoulders</li>
<li>Ventilation openings on the sides, back, sleeves and shoulders</li>
<li>1 large pocket on the lower back, 2 pockets in the removable inner jacket and 2 waterproof outer pockets with zips</li>
<li>Crotch strap and connecting zip to trousers</li>
<li>Adjustable waistband and sleeve ends with velcro fastening</li>
<li>Cuffs with waterproof GORE-TEX® inner cuffs</li>
<li>Integrated ATS (= attached storm collar) Gore-Tex® stretch protection collar that can be stowed in a pocket</li>
<li>Soft neoprene collar</li>
<li>A separate extra warm down jacket with 110 fill (90/10 down/feather). Easy to stow in its own small pocket</li><br>
<b>Specifications:</b><br>

<li>D3O® CP1 chest protector EN 1621-3:2016 Level 1</li>
<li>Rukka D3O Air XTR All back protector EN 1621-2:2014 Level 2</li>
<li>Rukka D3O® Air XTR shoulder and elbow protectors EN1621-1-2012 Level 2</li>
<li>Weight: 3.35kg</li><br>
<b>ADDITIONAL PRODUCT INFORMATION</b><br>
<li>Material	71% polyamide, 13% elastane, 16% polytetrafluoroethylene</li>","Rukka designs and manufactures motorbike clothing according to strict guidelines, ""safe & comfortable"" with the highest standards for waterproofing and comfort. Each garment works best in its specific comfort zone Either hot or cold, rain or shine, Rukka offers flexible technologies for different riding conditions.

Features:

• 100% durable breathable, windproof and waterproof Gore-Tex® PRO 3-layer stretch laminate and abrasion and tear resistant stretch polyamide face fabric

• Armacor® reinforcements on elbows and shoulders

• Ventilation openings on the sides, back, sleeves and shoulders

• 1 large pocket on the lower back, 2 pockets in the removable inner jacket and 2 waterproof outer pockets with zips

• Crotch strap and connecting zip to trousers

• Adjustable waistband and sleeve ends with velcro fastening

• Cuffs with waterproof GORE-TEX® inner cuffs

• Integrated ATS (= attached storm collar) Gore-Tex® stretch protection collar that can be stowed in a pocket

• Soft neoprene collar

• A separate extra warm down jacket with 110 fill (90/10 down/feather). Easy to stow in its own small pocket

Specifications:

• D3O® CP1 chest protector EN 1621-3:2016 Level 1

• Rukka D3O Air XTR All back protector EN 1621-2:2014 Level 2

• Rukka D3O® Air XTR shoulder and elbow protectors EN1621-1-2012 Level 2

• Weight: 3.35kg

ADDITIONAL PRODUCT INFORMATION

• Material	71% polyamide, 13% elastane, 16% polytetrafluoroethylene",161000,,2026-07-26,active,Rukka,7000,g,Buy Rukka Raptor-R Textile Jacket | Mile 27 Store,"Rukka designs and manufactures motorbike clothing according to strict guidelines, ""safe & comfortable"" with the highest standards for waterproofing and…","100% durable breathable, windproof and waterproof Gore-Tex® PRO 3-layer stretch laminate and abrasion and tear resistant stretch polyamide face fabric | Armacor® reinforcements on elbows and shoulders | Ventilation openings on the sides, back, sleeves and shoulders | 1 large pocket on the lower back, 2 pockets in the removable inner jacket and 2 waterproof outer pockets with zips",Cleaned noise; brand verified,High,false,Riding Gear > Riding Jackets > Textile Jackets,High,"Refined by title keyword: ""\b(textile\s+jacket|touring\s+jacket|adventure\s+jacket)\b""",rukka-raptor-r-textile-jacket-1|Size:46:Colour:Black/White|price:161000.00|compare:|weight:7000|barcode:|qty:0 | rukka-raptor-r-textile-jacket-2|Size:46:Colour:Black/Yellow|price:161000.00|compare:|weight:7000|barcode:|qty:0 | rukka-raptor-r-textile-jacket-3|Size:46:Colour:Black/Orange|price:161000.00|compare:|weight:7000|barcode:|qty:0 | rukka-raptor-r-textile-jacket-4|Size:46:Colour:Black/Silver|price:161000.00|compare:|weight:7000|barcode:|qty:0 | rukka-raptor-r-textile-jacket-5|Size:48:Colour:Black/White|price:161000.00|compare:|weight:7000|barcode:|qty:0 | rukka-raptor-r-textile-jacket-6|Size:48:Colour:Black/Yellow|price:161000.00|compare:|weight:7000|barcode:|qty:0 | rukka-raptor-r-textile-jacket-7|Size:48:Colour:Black/Orange|price:161000.00|compare:|weight:7000|barcode:|qty:0 | rukka-raptor-r-textile-jacket-8|Size:48:Colour:Black/Silver|price:161000.00|compare:|weight:7000|barcode:|qty:0 | rukka-raptor-r-textile-jacket-9|Size:50:Colour:Black/White|price:161000.00|compare:|weight:7000|barcode:|qty:0 | rukka-raptor-r-textile-jacket-10|Size:50:Colour:Black/Yellow|price:161000.00|compare:|weight:7000|barcode:|qty:0 | rukka-raptor-r-textile-jacket-11|Size:50:Colour:Black/Orange|price:161000.00|compare:|weight:7000|barcode:|qty:0 | rukka-raptor-r-textile-jacket-12|Size:50:Colour:Black/Silver|price:161000.00|compare:|weight:7000|barcode:|qty:0 | rukka-raptor-r-textile-jacket-13|Size:52:Colour:Black/White|price:161000.00|compare:|weight:7000|barcode:|qty:0 | rukka-raptor-r-textile-jacket-14|Size:52:Colour:Black/Yellow|price:161000.00|compare:|weight:7000|barcode:|qty:0 | rukka-raptor-r-textile-jacket-15|Size:52:Colour:Black/Orange|price:161000.00|compare:|weight:7000|barcode:|qty:0 | rukka-raptor-r-textile-jacket-16|Size:52:Colour:Black/Silver|price:161000.00|compare:|weight:7000|barcode:|qty:0 | rukka-raptor-r-textile-jacket-17|Size:54:Colour:Black/White|price:161000.00|compare:|weight:7000|barcode:|qty:0 | rukka-raptor-r-textile-jacket-18|Size:54:Colour:Black/Yellow|price:161000.00|compare:|weight:7000|barcode:|qty:0 | rukka-raptor-r-textile-jacket-19|Size:54:Colour:Black/Orange|price:161000.00|compare:|weight:7000|barcode:|qty:0 | rukka-raptor-r-textile-jacket-20|Size:54:Colour:Black/Silver|price:161000.00|compare:|weight:7000|barcode:|qty:0 | rukka-raptor-r-textile-jacket-21|Size:56:Colour:Black/White|price:161000.00|compare:|weight:7000|barcode:|qty:0 | rukka-raptor-r-textile-jacket-22|Size:56:Colour:Black/Yellow|price:161000.00|compare:|weight:7000|barcode:|qty:0 | rukka-raptor-r-textile-jacket-23|Size:56:Colour:Black/Orange|price:161000.00|compare:|weight:7000|barcode:|qty:0 | rukka-raptor-r-textile-jacket-24|Size:56:Colour:Black/Silver|price:161000.00|compare:|weight:7000|barcode:|qty:0 | rukka-raptor-r-textile-jacket-25|Size:58:Colour:Black/White|price:161000.00|compare:|weight:7000|barcode:|qty:0 | rukka-raptor-r-textile-jacket-26|Size:58:Colour:Black/Yellow|price:161000.00|compare:|weight:7000|barcode:|qty:0 | rukka-raptor-r-textile-jacket-27|Size:58:Colour:Black/Orange|price:161000.00|compare:|weight:7000|barcode:|qty:0 | rukka-raptor-r-textile-jacket-28|Size:58:Colour:Black/Silver|price:161000.00|compare:|weight:7000|barcode:|qty:0 | rukka-raptor-r-textile-jacket-29|Size:60:Colour:Black/White|price:161000.00|compare:|weight:7000|barcode:|qty:0 | rukka-raptor-r-textile-jacket-30|Size:60:Colour:Black/Yellow|price:161000.00|compare:|weight:7000|barcode:|qty:0 | rukka-raptor-r-textile-jacket-31|Size:60:Colour:Black/Orange|price:161000.00|compare:|weight:7000|barcode:|qty:0 | rukka-raptor-r-textile-jacket-32|Size:60:Colour:Black/Silver|price:161000.00|compare:|weight:7000|barcode:|qty:0 | rukka-raptor-r-textile-jacket-33|Size:62:Colour:Black/White|price:161000.00|compare:|weight:7000|barcode:|qty:0 | rukka-raptor-r-textile-jacket-34|Size:62:Colour:Black/Yellow|price:161000.00|compare:|weight:7000|barcode:|qty:0 | rukka-raptor-r-textile-jacket-35|Size:62:Colour:Black/Orange|price:161000.00|compare:|weight:7000|barcode:|qty:0 | rukka-raptor-r-textile-jacket-36|Size:62:Colour:Black/Silver|price:161000.00|compare:|weight:7000|barcode:|qty:0 | rukka-raptor-r-textile-jacket-37|Size:64:Colour:Black/White|price:161000.00|compare:|weight:7000|barcode:|qty:0 | rukka-raptor-r-textile-jacket-38|Size:64:Colour:Black/Yellow|price:161000.00|compare:|weight:7000|barcode:|qty:0 | rukka-raptor-r-textile-jacket-39|Size:64:Colour:Black/Orange|price:161000.00|compare:|weight:7000|barcode:|qty:0 | rukka-raptor-r-textile-jacket-40|Size:64:Colour:Black/Silver|price:161000.00|compare:|weight:7000|barcode:|qty:0 | rukka-raptor-r-textile-jacket-41|Size:66:Colour:Black/White|price:161000.00|compare:|weight:7000|barcode:|qty:0 | rukka-raptor-r-textile-jacket-42|Size:66:Colour:Black/Yellow|price:161000.00|compare:|weight:7000|barcode:|qty:0 | rukka-raptor-r-textile-jacket-43|Size:66:Colour:Black/Orange|price:161000.00|compare:|weight:7000|barcode:|qty:0 | rukka-raptor-r-textile-jacket-44|Size:66:Colour:Black/Silver|price:161000.00|compare:|weight:7000|barcode:|qty:0,"rukka-raptor-r-textile-jacket-1,rukka-raptor-r-textile-jacket-2,rukka-raptor-r-textile-jacket-3,rukka-raptor-r-textile-jacket-4,rukka-raptor-r-textile-jacket-5,rukka-raptor-r-textile-jacket-6,rukka-raptor-r-textile-jacket-7,rukka-raptor-r-textile-jacket-8,rukka-raptor-r-textile-jacket-9,rukka-raptor-r-textile-jacket-10,rukka-raptor-r-textile-jacket-11,rukka-raptor-r-textile-jacket-12,rukka-raptor-r-textile-jacket-13,rukka-raptor-r-textile-jacket-14,rukka-raptor-r-textile-jacket-15,rukka-raptor-r-textile-jacket-16,rukka-raptor-r-textile-jacket-17,rukka-raptor-r-textile-jacket-18,rukka-raptor-r-textile-jacket-19,rukka-raptor-r-textile-jacket-20,rukka-raptor-r-textile-jacket-21,rukka-raptor-r-textile-jacket-22,rukka-raptor-r-textile-jacket-23,rukka-raptor-r-textile-jacket-24,rukka-raptor-r-textile-jacket-25,rukka-raptor-r-textile-jacket-26,rukka-raptor-r-textile-jacket-27,rukka-raptor-r-textile-jacket-28,rukka-raptor-r-textile-jacket-29,rukka-raptor-r-textile-jacket-30,rukka-raptor-r-textile-jacket-31,rukka-raptor-r-textile-jacket-32,rukka-raptor-r-textile-jacket-33,rukka-raptor-r-textile-jacket-34,rukka-raptor-r-textile-jacket-35,rukka-raptor-r-textile-jacket-36,rukka-raptor-r-textile-jacket-37,rukka-raptor-r-textile-jacket-38,rukka-raptor-r-textile-jacket-39,rukka-raptor-r-textile-jacket-40,rukka-raptor-r-textile-jacket-41,rukka-raptor-r-textile-jacket-42,rukka-raptor-r-textile-jacket-43,rukka-raptor-r-textile-jacket-44",44,https://cdn.shopify.com/s/files/1/0076/8301/4754/products/9_70112_739_R_990.jpg?v=1661763913|pos:1|alt:Rukka Rukka Raptor-R Textile Jacket – front view || https://cdn.shopify.com/s/files/1/0076/8301/4754/products/9_70112_739_R_990_back.jpg?v=1661763913|pos:2|alt:Rukka Rukka Raptor-R Textile Jacket – side view || https://cdn.shopify.com/s/files/1/0076/8301/4754/products/9_70112_739_R_994.jpg?v=1661763912|pos:3|alt:Rukka Rukka Raptor-R Textile Jacket – rear view || https://cdn.shopify.com/s/files/1/0076/8301/4754/products/9_70112_739_R_994_back.jpg?v=1661763915|pos:4|alt:Rukka Rukka Raptor-R Textile Jacket – detail view || https://cdn.shopify.com/s/files/1/0076/8301/4754/products/9_70112_739_R_996.jpg?v=1661763913|pos:5|alt:Rukka Rukka Raptor-R Textile Jacket – top view || https://cdn.shopify.com/s/files/1/0076/8301/4754/products/9_70112_739_R_999.jpg?v=1661763912|pos:6|alt:Rukka Rukka Raptor-R Textile Jacket – product view || https://cdn.shopify.com/s/files/1/0076/8301/4754/products/9_70112_739_R_999_back.jpg?v=1661763913|pos:7|alt:Rukka Rukka Raptor-R Textile Jacket – product view,7,Rukka Rukka Raptor-R Textile Jacket – front view | Rukka Rukka Raptor-R Textile Jacket – side view | Rukka Rukka Raptor-R Textile Jacket – rear view | Rukka Rukka Raptor-R Textile Jacket – detail view | Rukka Rukka Raptor-R Textile Jacket – top view | Rukka Rukka Raptor-R Textile Jacket – product view,,0,Rukka Raptor-R Textile Jacket,"Rukka Raptor-R Textile Jacket. Rukka designs and manufactures motorbike clothing according to strict guidelines, ""safe & comfortable"" with the highest standards for waterproofing and comfort.",,"Ventilation openings on the sides, back, sleeves and shoulders.","100% durable breathable, windproof and waterproof Gore-Tex® PRO 3-layer stretch laminate and abrasion and tear resistant stretch polyamide face fabric. Armacor® reinforcements on elbows and shoulders. 1 large pocket on the lower back, 2 pockets in the removable inner jacket and 2 waterproof outer pockets with zips.",,Available in multiple sizes. Check the size guide before ordering.,Rukka Raptor-R Textile Jacket — a textile Jacket built to the specifications listed above.,true,draft,https://cdn.shopify.com/s/files/1/0076/8301/4754/products/9_70112_739_R_990.jpg?v=1661763913|role:hero || https://cdn.shopify.com/s/files/1/0076/8301/4754/products/9_70112_739_R_990_back.jpg?v=1661763913|role:construction detail || https://cdn.shopify.com/s/files/1/0076/8301/4754/products/9_70112_739_R_994.jpg?v=1661763912|role:side profile,3,false,/products/rukka-raptor-r-textile-jacket,/products/rukka-raptor-r-textile-jacket
rukka-shield-r-textile-jacket,rukka-shield-r-textile-jacket,Rukka Shield-R Textile Jacket,Rukka Shield-R Textile Jacket,rukka-shield-r-textile-jacket,"Safe, safer, Rukka. with the new Armaprotection collection, Rukka once again makes it clear what the focus is on: safety and timelessness. The intelligent selection… • GORE-TEX PRO 3-layer laminate. • 500D CORDURA  surface material. • ARMACOR reinforcements on shoulders and elbows. • KEPROTEC material doubled on the aramid-nylon material. Available in multiple sizes and/or colours — select your variant.","Safe, safer, Rukka. with the new Armaprotection collection, Rukka once again makes it clear what the focus is on: safety and timelessness. The intelligent selection of the best materials in combination with sophisticated and modern design creates milestones in the field of motorcycle clothing.<br><br>

<b>Features:</b><br>

<li>GORE-TEX PRO 3-layer laminate</li>
<li>500D CORDURA  surface material</li>
<li>ARMACOR reinforcements on shoulders and elbows</li>
<li>KEPROTEC material doubled on the aramid-nylon material</li>
<li>Special thermoregulating light lining made of Outlast</li>
<li>Stretch material in the upper arms</li>
<li>Accordion stretch applications in the shoulder and on the side back</li>
<li>Covered front strip with large-toothed front zipper</li>
<li>Reflector strips on back, front shoulder and upper arms</li>
<li>8 vents: 2 on the upper arms, 2 on the sides, 2 on the chest and 2 on the back at the sides</li>
<li>width adjustment on the upper arms</li>
<li>Wind and water lock system on the cuffs</li>
<li>2x double-sided waterproof access pockets outside</li>
<li>1 waterproof Napoleon inner pocket on the left with separate cell phone pocket</li>
<li>Firm GORE-TEX stretch neck protection in the collar outside stowable in a pocket</li><br>
<b>Specifications:</b><br>

<li>Rukka D3O CP1 LVL1 chest protector</li>
<li>Rukka D3O Air XTR LVL2 shoulder and elbow protectors</li>
<li>Rukka D3O Air XTR LVL2 Allback back protector</li>
<li>Manufacturer note: The jacket is only waterproof and windproof when wearing the inner jacket.</li><br>

<b>ADDITIONAL PRODUCT INFORMATION</b><br>
<li>Material	75% Polyamide, 25% Polytetrafluorethylene</li>","Safe, safer, Rukka. with the new Armaprotection collection, Rukka once again makes it clear what the focus is on: safety and timelessness. The intelligent selection of the best materials in combination with sophisticated and modern design creates milestones in the field of motorcycle clothing.

Features:

• GORE-TEX PRO 3-layer laminate

• 500D CORDURA  surface material

• ARMACOR reinforcements on shoulders and elbows

• KEPROTEC material doubled on the aramid-nylon material

• Special thermoregulating light lining made of Outlast

• Stretch material in the upper arms

• Accordion stretch applications in the shoulder and on the side back

• Covered front strip with large-toothed front zipper

• Reflector strips on back, front shoulder and upper arms

• 8 vents: 2 on the upper arms, 2 on the sides, 2 on the chest and 2 on the back at the sides

• width adjustment on the upper arms

• Wind and water lock system on the cuffs

• 2x double-sided waterproof access pockets outside

• 1 waterproof Napoleon inner pocket on the left with separate cell phone pocket

• Firm GORE-TEX stretch neck protection in the collar outside stowable in a pocket

Specifications:

• Rukka D3O CP1 LVL1 chest protector

• Rukka D3O Air XTR LVL2 shoulder and elbow protectors

• Rukka D3O Air XTR LVL2 Allback back protector

• Manufacturer note: The jacket is only waterproof and windproof when wearing the inner jacket.

ADDITIONAL PRODUCT INFORMATION

• Material	75% Polyamide, 25% Polytetrafluorethylene",168000,,2026-07-26,active,Rukka,7000,g,Buy Rukka Shield-R Textile Jacket | Mile 27 Store,"Safe, safer, Rukka. with the new Armaprotection collection, Rukka once again makes it clear what the focus is on: safety and timelessness. The intelligent…",GORE-TEX PRO 3-layer laminate | 500D CORDURA  surface material | ARMACOR reinforcements on shoulders and elbows | KEPROTEC material doubled on the aramid-nylon material,Cleaned noise; brand verified,High,false,Riding Gear > Riding Jackets > Textile Jackets,High,"Refined by title keyword: ""\b(textile\s+jacket|touring\s+jacket|adventure\s+jacket)\b""",rukka-shield-r-textile-jacket-1|Size:46:Colour:Black/Black|price:168000.00|compare:|weight:7000|barcode:|qty:0 | rukka-shield-r-textile-jacket-2|Size:46:Colour:Black/Yellow|price:168000.00|compare:|weight:7000|barcode:|qty:0 | rukka-shield-r-textile-jacket-3|Size:46:Colour:Black/Silver|price:168000.00|compare:|weight:7000|barcode:|qty:0 | rukka-shield-r-textile-jacket-4|Size:48:Colour:Black/Black|price:168000.00|compare:|weight:7000|barcode:|qty:0 | rukka-shield-r-textile-jacket-5|Size:48:Colour:Black/Yellow|price:168000.00|compare:|weight:7000|barcode:|qty:0 | rukka-shield-r-textile-jacket-6|Size:48:Colour:Black/Silver|price:168000.00|compare:|weight:7000|barcode:|qty:0 | rukka-shield-r-textile-jacket-7|Size:50:Colour:Black/Black|price:168000.00|compare:|weight:7000|barcode:|qty:0 | rukka-shield-r-textile-jacket-8|Size:50:Colour:Black/Yellow|price:168000.00|compare:|weight:7000|barcode:|qty:0 | rukka-shield-r-textile-jacket-9|Size:50:Colour:Black/Silver|price:168000.00|compare:|weight:7000|barcode:|qty:0 | rukka-shield-r-textile-jacket-10|Size:52:Colour:Black/Black|price:168000.00|compare:|weight:7000|barcode:|qty:0 | rukka-shield-r-textile-jacket-11|Size:52:Colour:Black/Yellow|price:168000.00|compare:|weight:7000|barcode:|qty:0 | rukka-shield-r-textile-jacket-12|Size:52:Colour:Black/Silver|price:168000.00|compare:|weight:7000|barcode:|qty:0 | rukka-shield-r-textile-jacket-13|Size:54:Colour:Black/Black|price:168000.00|compare:|weight:7000|barcode:|qty:0 | rukka-shield-r-textile-jacket-14|Size:54:Colour:Black/Yellow|price:168000.00|compare:|weight:7000|barcode:|qty:0 | rukka-shield-r-textile-jacket-15|Size:54:Colour:Black/Silver|price:168000.00|compare:|weight:7000|barcode:|qty:0 | rukka-shield-r-textile-jacket-16|Size:56:Colour:Black/Black|price:168000.00|compare:|weight:7000|barcode:|qty:0 | rukka-shield-r-textile-jacket-17|Size:56:Colour:Black/Yellow|price:168000.00|compare:|weight:7000|barcode:|qty:0 | rukka-shield-r-textile-jacket-18|Size:56:Colour:Black/Silver|price:168000.00|compare:|weight:7000|barcode:|qty:0 | rukka-shield-r-textile-jacket-19|Size:58:Colour:Black/Black|price:168000.00|compare:|weight:7000|barcode:|qty:0 | rukka-shield-r-textile-jacket-20|Size:58:Colour:Black/Yellow|price:168000.00|compare:|weight:7000|barcode:|qty:0 | rukka-shield-r-textile-jacket-21|Size:58:Colour:Black/Silver|price:168000.00|compare:|weight:7000|barcode:|qty:0 | rukka-shield-r-textile-jacket-22|Size:60:Colour:Black/Black|price:168000.00|compare:|weight:7000|barcode:|qty:0 | rukka-shield-r-textile-jacket-23|Size:60:Colour:Black/Yellow|price:168000.00|compare:|weight:7000|barcode:|qty:0 | rukka-shield-r-textile-jacket-24|Size:60:Colour:Black/Silver|price:168000.00|compare:|weight:7000|barcode:|qty:0 | rukka-shield-r-textile-jacket-25|Size:62:Colour:Black/Black|price:168000.00|compare:|weight:7000|barcode:|qty:0 | rukka-shield-r-textile-jacket-26|Size:62:Colour:Black/Yellow|price:168000.00|compare:|weight:7000|barcode:|qty:0 | rukka-shield-r-textile-jacket-27|Size:62:Colour:Black/Silver|price:168000.00|compare:|weight:7000|barcode:|qty:0 | rukka-shield-r-textile-jacket-28|Size:64:Colour:Black/Black|price:168000.00|compare:|weight:7000|barcode:|qty:0 | rukka-shield-r-textile-jacket-29|Size:64:Colour:Black/Yellow|price:168000.00|compare:|weight:7000|barcode:|qty:0 | rukka-shield-r-textile-jacket-30|Size:64:Colour:Black/Silver|price:168000.00|compare:|weight:7000|barcode:|qty:0 | rukka-shield-r-textile-jacket-31|Size:66:Colour:Black/Black|price:168000.00|compare:|weight:7000|barcode:|qty:0 | rukka-shield-r-textile-jacket-32|Size:66:Colour:Black/Yellow|price:168000.00|compare:|weight:7000|barcode:|qty:0 | rukka-shield-r-textile-jacket-33|Size:66:Colour:Black/Silver|price:168000.00|compare:|weight:7000|barcode:|qty:0,"rukka-shield-r-textile-jacket-1,rukka-shield-r-textile-jacket-2,rukka-shield-r-textile-jacket-3,rukka-shield-r-textile-jacket-4,rukka-shield-r-textile-jacket-5,rukka-shield-r-textile-jacket-6,rukka-shield-r-textile-jacket-7,rukka-shield-r-textile-jacket-8,rukka-shield-r-textile-jacket-9,rukka-shield-r-textile-jacket-10,rukka-shield-r-textile-jacket-11,rukka-shield-r-textile-jacket-12,rukka-shield-r-textile-jacket-13,rukka-shield-r-textile-jacket-14,rukka-shield-r-textile-jacket-15,rukka-shield-r-textile-jacket-16,rukka-shield-r-textile-jacket-17,rukka-shield-r-textile-jacket-18,rukka-shield-r-textile-jacket-19,rukka-shield-r-textile-jacket-20,rukka-shield-r-textile-jacket-21,rukka-shield-r-textile-jacket-22,rukka-shield-r-textile-jacket-23,rukka-shield-r-textile-jacket-24,rukka-shield-r-textile-jacket-25,rukka-shield-r-textile-jacket-26,rukka-shield-r-textile-jacket-27,rukka-shield-r-textile-jacket-28,rukka-shield-r-textile-jacket-29,rukka-shield-r-textile-jacket-30,rukka-shield-r-textile-jacket-31,rukka-shield-r-textile-jacket-32,rukka-shield-r-textile-jacket-33",33,https://cdn.shopify.com/s/files/1/0076/8301/4754/products/7_70202_722_R_999.jpg?v=1661762567|pos:1|alt:Rukka Rukka Shield-R Textile Jacket – front view || https://cdn.shopify.com/s/files/1/0076/8301/4754/products/7_70202_722_R_999_back.jpg?v=1661762567|pos:2|alt:Rukka Rukka Shield-R Textile Jacket – side view || https://cdn.shopify.com/s/files/1/0076/8301/4754/products/9_70202_722_R_994.jpg?v=1661762567|pos:3|alt:Rukka Rukka Shield-R Textile Jacket – rear view || https://cdn.shopify.com/s/files/1/0076/8301/4754/products/9_70202_722_R_994_back.jpg?v=1661762567|pos:4|alt:Rukka Rukka Shield-R Textile Jacket – detail view || https://cdn.shopify.com/s/files/1/0076/8301/4754/products/7_70202_722_R_990.jpg?v=1661762569|pos:5|alt:Rukka Rukka Shield-R Textile Jacket – top view || https://cdn.shopify.com/s/files/1/0076/8301/4754/products/7_70202_722_R_990_back.jpg?v=1661762567|pos:6|alt:Rukka Rukka Shield-R Textile Jacket – product view,6,Rukka Rukka Shield-R Textile Jacket – front view | Rukka Rukka Shield-R Textile Jacket – side view | Rukka Rukka Shield-R Textile Jacket – rear view | Rukka Rukka Shield-R Textile Jacket – detail view | Rukka Rukka Shield-R Textile Jacket – top view | Rukka Rukka Shield-R Textile Jacket – product view,,0,Rukka Shield-R Textile Jacket,"Rukka Shield-R Textile Jacket. Safe, safer, Rukka. with the new Armaprotection collection, Rukka once again makes it clear what the focus is on: safety and timelessness.",500D CORDURA  surface material. KEPROTEC material doubled on the aramid-nylon material.,,GORE-TEX PRO 3-layer laminate. ARMACOR reinforcements on shoulders and elbows.,,Available in multiple sizes. Check the size guide before ordering.,Rukka Shield-R Textile Jacket — a textile Jacket built to the specifications listed above.,true,draft,https://cdn.shopify.com/s/files/1/0076/8301/4754/products/7_70202_722_R_999.jpg?v=1661762567|role:hero || https://cdn.shopify.com/s/files/1/0076/8301/4754/products/7_70202_722_R_999_back.jpg?v=1661762567|role:construction detail || https://cdn.shopify.com/s/files/1/0076/8301/4754/products/9_70202_722_R_994.jpg?v=1661762567|role:side profile,3,false,/products/rukka-shield-r-textile-jacket,/products/rukka-shield-r-textile-jacket
rukka-m-clima-cooling-warming-vest,rukka-m-clima-cooling-warming-vest,Rukka M-CLIMA Cooling/Warming Vest,Rukka M-CLIMA Cooling/Warming Vest,rukka-m-clima-cooling-warming-vest,M-CLIMA® is an electro-thermal technology capable of regulating the temperature and humidity of the wearer to mainatain a stable and balanced micro-climate in extreme weather… • System Safety: M-CLIMA® is a safe technology due to two independent methods for heating and cooling which prevent the system from overheating or ov…. • Rider Safety: M-CLIMA® keeps the rider in a balanced comfortable state free from distractions even in extreme climate conditions.. • Interventional Comfort: M-CLIMA® provides comfort in climatic conditions where passive ventilation and standard thermal insulation are not enough.. • Lightweight and Unobtrusive: M-CLIMA® is designed to minimize weight and optimize ergonomic and sensorial comfort with high level of breathability..…,"M-CLIMA® is an electro-thermal technology capable of regulating the temperature and humidity of the wearer to mainatain a stable and balanced micro-climate in extreme weather conditions, whether hot or cold. The balanced comfort state eliminates distractions and thus, improves the wearer’s concentration, effectiveness and comfort.<br><br>

Rukka uses this innovative technology in the Rukka Airconditioned vest powered by M-CLIMA®. Besides the cooling and heating functions, it scores with minimal weight, high breathability, an ergonomic fit and outstanding wearing comfort. The climate management system draws power from the motorbike’s charging system via the fan unit. A simple push of a button on the remote will activate it. The fan then circulates fresh air from outside throughout the whole vest and over the rider’s skin, for an immediate and appreciable cooling effect. Additionally, for the cooling function, the vest comes with a small, handy battery carried in a matching pocket on its back. The battery is good for up to two hours of constant cooling, and can be recharged during any longer breaks. The warming effect can also be activated at the push of a button. The inside of the vest is completely lined with small, semi-conducting silicon panels. Those heating elements’ temperature may reach up to 46 degrees centigrade, a cosy ten degrees above core body temperature.<br><br>

<b>Features:</b><br>

<li>System Safety: M-CLIMA® is a safe technology due to two independent methods for heating and cooling which prevent the system from overheating or overcooling.</li>
<li>Rider Safety: M-CLIMA® keeps the rider in a balanced comfortable state free from distractions even in extreme climate conditions.</li>
<li>Interventional Comfort: M-CLIMA® provides comfort in climatic conditions where passive ventilation and standard thermal insulation are not enough.</li>
<li>Lightweight and Unobtrusive: M-CLIMA® is designed to minimize weight and optimize ergonomic and sensorial comfort with high level of breathability.</li>
<li>Autonomy: M-CLIMA® delivers 2 hours off-bike cooling via Li-ion battery.</li>
<li>Mid-Layer: M-CLIMA®´s minimalistic design makes it perfect as a mid-layer under standard motorcycle outer garments.</li>
<li>Easy Care: M-CLIMA® vests can be washed without affecting system performance.</li><br>
<b>Specifications:</b><br>

<b>Patented Technology:</b>

<li>M-CLIMA® Climate Management System is the only flexible fast response personal climate comfort management system for motorcycling.</li>
<li>Usable off bike for up to 2 hours; can be worn with protective outer shell garment.</li>
<li>&lt;1 min thermal hysteresis on switch on, &gt;3 mins on switch off.</li>
<li>Skin temperature reduction/increase of &gt; 3° C (within 31 – 33° C), RH reduction of &gt;25 %, heart rate reduction of &gt;10 bpm.</li>
<li>Global Touring, Enduro, Adventure Rider.</li><br>
<b>Heating Mode:</b><br>

<li>Once the M-CLIMA® flexible heating elements are activated, the heating elements reach a</li>
<li>self-regulated constant temperature of around 45° C.</li><br>
<b>Cooling Mode:</b><br>

<li>The M-CLIMA® blower unit pushes air inside the system. The air becomes a turbulent flow next to the skin, accelerating the evaporative cooling effect.</li><br>
<b>Sizes:</b><br>

<li>S = chest circumference: 102 cm, back length: 64 cm</li>
<li>M = chest circumference: 108 cm, back length: 64 cm</li>
<li>L = chest circumference: 114 cm, back length: 65 cm</li>
<li>XL = chest circumference: 120 cm, back length: 67 cm</li>
<li>XXL = chest circumference: 126 cm, back length: 69 cm</li>
<li>3XL = chest circumference: 132 cm, back length: 71 cm</li><br>
<b>Contents:</b><br>

<li>1 x Rukka M-CLIMA Vest</li>
<li>1 x Blower Unit</li>
<li>1 x Remote Control</li>
<li>1 x Lithium-Ionen-Battery Unit</li>
<li>1 x Battery Charger</li>
<li>1 x Manifold</li>
<li>incl. connection cables</li><br>
<b>ADDITIONAL PRODUCT INFORMATION</b><br>
<li>Material	90% polyester, 10% polyurethane</li>","M-CLIMA® is an electro-thermal technology capable of regulating the temperature and humidity of the wearer to mainatain a stable and balanced micro-climate in extreme weather conditions, whether hot or cold. The balanced comfort state eliminates distractions and thus, improves the wearer’s concentration, effectiveness and comfort.

Rukka uses this innovative technology in the Rukka Airconditioned vest powered by M-CLIMA®. Besides the cooling and heating functions, it scores with minimal weight, high breathability, an ergonomic fit and outstanding wearing comfort. The climate management system draws power from the motorbike’s charging system via the fan unit. A simple push of a button on the remote will activate it. The fan then circulates fresh air from outside throughout the whole vest and over the rider’s skin, for an immediate and appreciable cooling effect. Additionally, for the cooling function, the vest comes with a small, handy battery carried in a matching pocket on its back. The battery is good for up to two hours of constant cooling, and can be recharged during any longer breaks. The warming effect can also be activated at the push of a button. The inside of the vest is completely lined with small, semi-conducting silicon panels. Those heating elements’ temperature may reach up to 46 degrees centigrade, a cosy ten degrees above core body temperature.

Features:

• System Safety: M-CLIMA® is a safe technology due to two independent methods for heating and cooling which prevent the system from overheating or overcooling.

• Rider Safety: M-CLIMA® keeps the rider in a balanced comfortable state free from distractions even in extreme climate conditions.

• Interventional Comfort: M-CLIMA® provides comfort in climatic conditions where passive ventilation and standard thermal insulation are not enough.

• Lightweight and Unobtrusive: M-CLIMA® is designed to minimize weight and optimize ergonomic and sensorial comfort with high level of breathability.

• Autonomy: M-CLIMA® delivers 2 hours off-bike cooling via Li-ion battery.

• Mid-Layer: M-CLIMA®´s minimalistic design makes it perfect as a mid-layer under standard motorcycle outer garments.

• Easy Care: M-CLIMA® vests can be washed without affecting system performance.

Specifications:

Patented Technology:

• M-CLIMA® Climate Management System is the only flexible fast response personal climate comfort management system for motorcycling.

• Usable off bike for up to 2 hours; can be worn with protective outer shell garment.

• <1 min thermal hysteresis on switch on, >3 mins on switch off.

• Skin temperature reduction/increase of > 3° C (within 31 – 33° C), RH reduction of >25 %, heart rate reduction of >10 bpm.

• Global Touring, Enduro, Adventure Rider.

Heating Mode:

• Once the M-CLIMA® flexible heating elements are activated, the heating elements reach a

• self-regulated constant temperature of around 45° C.

Cooling Mode:

• The M-CLIMA® blower unit pushes air inside the system. The air becomes a turbulent flow next to the skin, accelerating the evaporative cooling effect.

Sizes:

• S = chest circumference: 102 cm, back length: 64 cm

• M = chest circumference: 108 cm, back length: 64 cm

• L = chest circumference: 114 cm, back length: 65 cm

• XL = chest circumference: 120 cm, back length: 67 cm

• XXL = chest circumference: 126 cm, back length: 69 cm

• 3XL = chest circumference: 132 cm, back length: 71 cm

Contents:

• 1 x Rukka M-CLIMA Vest

• 1 x Blower Unit

• 1 x Remote Control

• 1 x Lithium-Ionen-Battery Unit

• 1 x Battery Charger

• 1 x Manifold

• incl. connection cables

ADDITIONAL PRODUCT INFORMATION

• Material	90% polyester, 10% polyurethane",171000,,2026-07-26,active,Rukka,6000,g,Buy Rukka M-CLIMA Cooling/Warming Vest | Mile 27 Store,M-CLIMA® is an electro-thermal technology capable of regulating the temperature and humidity of the wearer to mainatain a stable and balanced…,System Safety: M-CLIMA® is a safe technology due to two independent methods for heating and cooling which prevent the system from overheating or ov… | Rider Safety: M-CLIMA® keeps the rider in a balanced comfortable state free from distractions even in extreme climate conditions. | Interventional Comfort: M-CLIMA® provides comfort in climatic conditions where passive ventilation and standard thermal insulation are not enough. | Lightweight and Unobtrusive: M-CLIMA® is designed to minimize weight and optimize ergonomic and sensorial comfort with high level of breathability.,Cleaned noise; brand verified,High,false,Riding Gear > Protection,High,"Mapped from Shopify Type ""Vests""",rukka-m-clima-cooling-warming-vest-1|Size:S|price:171000.00|compare:|weight:6000|barcode:|qty:0 | rukka-m-clima-cooling-warming-vest-2|Size:M|price:171000.00|compare:|weight:6000|barcode:|qty:0 | rukka-m-clima-cooling-warming-vest-3|Size:L|price:171000.00|compare:|weight:6000|barcode:|qty:0 | rukka-m-clima-cooling-warming-vest-4|Size:XL|price:171000.00|compare:|weight:6000|barcode:|qty:0 | rukka-m-clima-cooling-warming-vest-5|Size:XXL|price:171000.00|compare:|weight:6000|barcode:|qty:0 | rukka-m-clima-cooling-warming-vest-6|Size:XXXL|price:171000.00|compare:|weight:6000|barcode:|qty:0,"rukka-m-clima-cooling-warming-vest-1,rukka-m-clima-cooling-warming-vest-2,rukka-m-clima-cooling-warming-vest-3,rukka-m-clima-cooling-warming-vest-4,rukka-m-clima-cooling-warming-vest-5,rukka-m-clima-cooling-warming-vest-6",6,https://cdn.shopify.com/s/files/1/0076/8301/4754/products/5_70328_790_R_990.jpg?v=1661757637|pos:1|alt:Rukka Rukka M-CLIMA Cooling/Warming Vest – front view || https://cdn.shopify.com/s/files/1/0076/8301/4754/products/5_70328_790_R_990_back.jpg?v=1661757636|pos:2|alt:Rukka Rukka M-CLIMA Cooling/Warming Vest – side view || https://cdn.shopify.com/s/files/1/0076/8301/4754/products/5_70328_790_R_990_fan.jpg?v=1661757636|pos:3|alt:Rukka Rukka M-CLIMA Cooling/Warming Vest – rear view || https://cdn.shopify.com/s/files/1/0076/8301/4754/products/5_70328_790_R_990_remote.jpg?v=1661757637|pos:4|alt:Rukka Rukka M-CLIMA Cooling/Warming Vest – detail view || https://cdn.shopify.com/s/files/1/0076/8301/4754/products/5_70328_790_R__M-Clima_1.jpg?v=1661757638|pos:5|alt:Rukka Rukka M-CLIMA Cooling/Warming Vest – top view,5,Rukka Rukka M-CLIMA Cooling/Warming Vest – front view | Rukka Rukka M-CLIMA Cooling/Warming Vest – side view | Rukka Rukka M-CLIMA Cooling/Warming Vest – rear view | Rukka Rukka M-CLIMA Cooling/Warming Vest – detail view | Rukka Rukka M-CLIMA Cooling/Warming Vest – top view,,0,Rukka M-CLIMA Cooling/Warming Vest,Rukka M-CLIMA Cooling/Warming Vest. M-CLIMA® is an electro-thermal technology capable of regulating the temperature and humidity of the wearer to mainatain a stable and balanced.,,System Safety: M-CLIMA® is a safe technology due to two independent methods for heating and cooling which prevent the system from overheating or ov…. Interventional Comfort: M-CLIMA® provides comfort in climatic conditions where passive ventilation and standard thermal insulation are not enough. Lightweight and Unobtrusive: M-CLIMA® is designed to minimize weight and optimize ergonomic and sensorial comfort with high level of breathability.,Rider Safety: M-CLIMA® keeps the rider in a balanced comfortable state free from distractions even in extreme climate conditions.,,Available in multiple sizes. Check the size guide before ordering.,Rukka M-CLIMA Cooling/Warming Vest — a protection built to the specifications listed above.,true,draft,https://cdn.shopify.com/s/files/1/0076/8301/4754/products/5_70328_790_R_990.jpg?v=1661757637|role:hero || https://cdn.shopify.com/s/files/1/0076/8301/4754/products/5_70328_790_R_990_back.jpg?v=1661757636|role:construction detail || https://cdn.shopify.com/s/files/1/0076/8301/4754/products/5_70328_790_R_990_fan.jpg?v=1661757636|role:side profile,3,false,/products/rukka-m-clima-cooling-warming-vest,/products/rukka-m-clima-cooling-warming-vest
rukka-shield-rd-wp-gtx-textile-jacket,rukka-shield-rd-wp-gtx-textile-jacket,Rukka Shield-RD WP GTX Textile Jacket,Rukka Shield-RD WP GTX Textile Jacket,rukka-shield-rd-wp-gtx-textile-jacket,"Rukka designs and manufactures motorcycle clothing according to strict guidelines, ""safe & comfortable"" with the highest standards for waterproofing and comfort. Each combination works best… • 100% durable breathable, windproof and waterproof Gore-Tex® PRO 3-layer laminatewith abrasion and tear resistant Cordura®outer fabric. • Armacor® and Keprotec® reinforcements on elbows and shoulders. • Ventilation openings on the sides and on the back, sleeves and chest. • 2 pockets in the removable inner jacket, 2 waterproof lower pockets outside and 1 large pocket in the lower back area. Available in multiple sizes and/or colours — select your variant.","Rukka designs and manufactures motorcycle clothing according to strict guidelines, ""safe &amp; comfortable"" with the highest standards for waterproofing and comfort. Each combination works best in its particular comfort zone. Either hot or cold, rain or shine, Rukka offers flexible technologies for different riding conditions.<br><br>

<b>Features:</b><br>

<li>100% durable breathable, windproof and waterproof Gore-Tex® PRO 3-layer laminatewith abrasion and tear resistant Cordura®outer fabric</li>
<li>Armacor® and Keprotec® reinforcements on elbows and shoulders</li>
<li>Ventilation openings on the sides and on the back, sleeves and chest</li>
<li>2 pockets in the removable inner jacket, 2 waterproof lower pockets outside and 1 large pocket in the lower back area</li>
<li>Crotch strap and connecting zipper to pants</li>
<li>Adjustable waistband and sleeve ends with Velcro closure</li>
<li>Width adjustment on the upper arm with press studs</li>
<li>Cuffs with waterproof GORE-TEX® inner cuffs</li>
<li>Inner lining made of Outlast® for temperature regulation</li>
<li>Integrated ATS (= attached storm collar) Gore-Tex® stretch protection collar that can be stowed in a pocket</li>
<li>Separate very warm down jacket with 110gr filling (90\10\ down\feathers).  Also suitable for leisure. Easy to store in its own small bag</li>
<li>Soft neoprene collar</li><br>
<b>Specifications:</b><br>

<li>D3O® CP1 chest protector, EN 1621-3:2018 Level 1</li>
<li>Rukka D3O Air XTR All back protector, EN 1621-2:2014 Level 2</li>
<li>Rukka D3O® Air XTR shoulder and elbow protectors, EN1621-1-2012 Level 2</li><br>
<b>ADDITIONAL PRODUCT INFORMATION</b><br>
<li>Material	75% polyamide, 25% polytetrafluoroethylene</li>","Rukka designs and manufactures motorcycle clothing according to strict guidelines, ""safe & comfortable"" with the highest standards for waterproofing and comfort. Each combination works best in its particular comfort zone. Either hot or cold, rain or shine, Rukka offers flexible technologies for different riding conditions.

Features:

• 100% durable breathable, windproof and waterproof Gore-Tex® PRO 3-layer laminatewith abrasion and tear resistant Cordura®outer fabric

• Armacor® and Keprotec® reinforcements on elbows and shoulders

• Ventilation openings on the sides and on the back, sleeves and chest

• 2 pockets in the removable inner jacket, 2 waterproof lower pockets outside and 1 large pocket in the lower back area

• Crotch strap and connecting zipper to pants

• Adjustable waistband and sleeve ends with Velcro closure

• Width adjustment on the upper arm with press studs

• Cuffs with waterproof GORE-TEX® inner cuffs

• Inner lining made of Outlast® for temperature regulation

• Integrated ATS (= attached storm collar) Gore-Tex® stretch protection collar that can be stowed in a pocket

• Separate very warm down jacket with 110gr filling (90\10\ down\feathers).  Also suitable for leisure. Easy to store in its own small bag

• Soft neoprene collar

Specifications:

• D3O® CP1 chest protector, EN 1621-3:2018 Level 1

• Rukka D3O Air XTR All back protector, EN 1621-2:2014 Level 2

• Rukka D3O® Air XTR shoulder and elbow protectors, EN1621-1-2012 Level 2

ADDITIONAL PRODUCT INFORMATION

• Material	75% polyamide, 25% polytetrafluoroethylene",180000,,2026-07-26,active,Rukka,7000,g,Buy Rukka Shield-RD WP GTX Textile Jacket | Mile 27 Store,"Rukka designs and manufactures motorcycle clothing according to strict guidelines, ""safe & comfortable"" with the highest standards for waterproofing and…","100% durable breathable, windproof and waterproof Gore-Tex® PRO 3-layer laminatewith abrasion and tear resistant Cordura®outer fabric | Armacor® and Keprotec® reinforcements on elbows and shoulders | Ventilation openings on the sides and on the back, sleeves and chest | 2 pockets in the removable inner jacket, 2 waterproof lower pockets outside and 1 large pocket in the lower back area",Cleaned noise; brand verified,High,false,Riding Gear > Riding Jackets > Textile Jackets,High,"Refined by title keyword: ""\b(textile\s+jacket|touring\s+jacket|adventure\s+jacket)\b""",rukka-shield-rd-wp-gtx-textile-jacket-1|Size:46:Colour:Black|price:180000.00|compare:|weight:7000|barcode:|qty:0 | rukka-shield-rd-wp-gtx-textile-jacket-2|Size:46:Colour:Black/White|price:180000.00|compare:|weight:7000|barcode:|qty:0 | rukka-shield-rd-wp-gtx-textile-jacket-3|Size:46:Colour:Black/Yellow|price:180000.00|compare:|weight:7000|barcode:|qty:0 | rukka-shield-rd-wp-gtx-textile-jacket-4|Size:48:Colour:Black|price:180000.00|compare:|weight:7000|barcode:|qty:0 | rukka-shield-rd-wp-gtx-textile-jacket-5|Size:48:Colour:Black/White|price:180000.00|compare:|weight:7000|barcode:|qty:0 | rukka-shield-rd-wp-gtx-textile-jacket-6|Size:48:Colour:Black/Yellow|price:180000.00|compare:|weight:7000|barcode:|qty:0 | rukka-shield-rd-wp-gtx-textile-jacket-7|Size:50:Colour:Black|price:180000.00|compare:|weight:7000|barcode:|qty:0 | rukka-shield-rd-wp-gtx-textile-jacket-8|Size:50:Colour:Black/White|price:180000.00|compare:|weight:7000|barcode:|qty:0 | rukka-shield-rd-wp-gtx-textile-jacket-9|Size:50:Colour:Black/Yellow|price:180000.00|compare:|weight:7000|barcode:|qty:0 | rukka-shield-rd-wp-gtx-textile-jacket-10|Size:52:Colour:Black|price:180000.00|compare:|weight:7000|barcode:|qty:0 | rukka-shield-rd-wp-gtx-textile-jacket-11|Size:52:Colour:Black/White|price:180000.00|compare:|weight:7000|barcode:|qty:0 | rukka-shield-rd-wp-gtx-textile-jacket-12|Size:52:Colour:Black/Yellow|price:180000.00|compare:|weight:7000|barcode:|qty:0 | rukka-shield-rd-wp-gtx-textile-jacket-13|Size:54:Colour:Black|price:180000.00|compare:|weight:7000|barcode:|qty:0 | rukka-shield-rd-wp-gtx-textile-jacket-14|Size:54:Colour:Black/White|price:180000.00|compare:|weight:7000|barcode:|qty:0 | rukka-shield-rd-wp-gtx-textile-jacket-15|Size:54:Colour:Black/Yellow|price:180000.00|compare:|weight:7000|barcode:|qty:0 | rukka-shield-rd-wp-gtx-textile-jacket-16|Size:56:Colour:Black|price:180000.00|compare:|weight:7000|barcode:|qty:0 | rukka-shield-rd-wp-gtx-textile-jacket-17|Size:56:Colour:Black/White|price:180000.00|compare:|weight:7000|barcode:|qty:0 | rukka-shield-rd-wp-gtx-textile-jacket-18|Size:56:Colour:Black/Yellow|price:180000.00|compare:|weight:7000|barcode:|qty:0 | rukka-shield-rd-wp-gtx-textile-jacket-19|Size:58:Colour:Black|price:180000.00|compare:|weight:7000|barcode:|qty:0 | rukka-shield-rd-wp-gtx-textile-jacket-20|Size:58:Colour:Black/White|price:180000.00|compare:|weight:7000|barcode:|qty:0 | rukka-shield-rd-wp-gtx-textile-jacket-21|Size:58:Colour:Black/Yellow|price:180000.00|compare:|weight:7000|barcode:|qty:0 | rukka-shield-rd-wp-gtx-textile-jacket-22|Size:60:Colour:Black|price:180000.00|compare:|weight:7000|barcode:|qty:0 | rukka-shield-rd-wp-gtx-textile-jacket-23|Size:60:Colour:Black/White|price:180000.00|compare:|weight:7000|barcode:|qty:0 | rukka-shield-rd-wp-gtx-textile-jacket-24|Size:60:Colour:Black/Yellow|price:180000.00|compare:|weight:7000|barcode:|qty:0 | rukka-shield-rd-wp-gtx-textile-jacket-25|Size:62:Colour:Black|price:180000.00|compare:|weight:7000|barcode:|qty:0 | rukka-shield-rd-wp-gtx-textile-jacket-26|Size:62:Colour:Black/White|price:180000.00|compare:|weight:7000|barcode:|qty:0 | rukka-shield-rd-wp-gtx-textile-jacket-27|Size:62:Colour:Black/Yellow|price:180000.00|compare:|weight:7000|barcode:|qty:0 | rukka-shield-rd-wp-gtx-textile-jacket-28|Size:64:Colour:Black|price:180000.00|compare:|weight:7000|barcode:|qty:0 | rukka-shield-rd-wp-gtx-textile-jacket-29|Size:64:Colour:Black/White|price:180000.00|compare:|weight:7000|barcode:|qty:0 | rukka-shield-rd-wp-gtx-textile-jacket-30|Size:64:Colour:Black/Yellow|price:180000.00|compare:|weight:7000|barcode:|qty:0 | rukka-shield-rd-wp-gtx-textile-jacket-31|Size:66:Colour:Black|price:180000.00|compare:|weight:7000|barcode:|qty:0 | rukka-shield-rd-wp-gtx-textile-jacket-32|Size:66:Colour:Black/White|price:180000.00|compare:|weight:7000|barcode:|qty:0 | rukka-shield-rd-wp-gtx-textile-jacket-33|Size:66:Colour:Black/Yellow|price:180000.00|compare:|weight:7000|barcode:|qty:0,"rukka-shield-rd-wp-gtx-textile-jacket-1,rukka-shield-rd-wp-gtx-textile-jacket-2,rukka-shield-rd-wp-gtx-textile-jacket-3,rukka-shield-rd-wp-gtx-textile-jacket-4,rukka-shield-rd-wp-gtx-textile-jacket-5,rukka-shield-rd-wp-gtx-textile-jacket-6,rukka-shield-rd-wp-gtx-textile-jacket-7,rukka-shield-rd-wp-gtx-textile-jacket-8,rukka-shield-rd-wp-gtx-textile-jacket-9,rukka-shield-rd-wp-gtx-textile-jacket-10,rukka-shield-rd-wp-gtx-textile-jacket-11,rukka-shield-rd-wp-gtx-textile-jacket-12,rukka-shield-rd-wp-gtx-textile-jacket-13,rukka-shield-rd-wp-gtx-textile-jacket-14,rukka-shield-rd-wp-gtx-textile-jacket-15,rukka-shield-rd-wp-gtx-textile-jacket-16,rukka-shield-rd-wp-gtx-textile-jacket-17,rukka-shield-rd-wp-gtx-textile-jacket-18,rukka-shield-rd-wp-gtx-textile-jacket-19,rukka-shield-rd-wp-gtx-textile-jacket-20,rukka-shield-rd-wp-gtx-textile-jacket-21,rukka-shield-rd-wp-gtx-textile-jacket-22,rukka-shield-rd-wp-gtx-textile-jacket-23,rukka-shield-rd-wp-gtx-textile-jacket-24,rukka-shield-rd-wp-gtx-textile-jacket-25,rukka-shield-rd-wp-gtx-textile-jacket-26,rukka-shield-rd-wp-gtx-textile-jacket-27,rukka-shield-rd-wp-gtx-textile-jacket-28,rukka-shield-rd-wp-gtx-textile-jacket-29,rukka-shield-rd-wp-gtx-textile-jacket-30,rukka-shield-rd-wp-gtx-textile-jacket-31,rukka-shield-rd-wp-gtx-textile-jacket-32,rukka-shield-rd-wp-gtx-textile-jacket-33",33,https://cdn.shopify.com/s/files/1/0076/8301/4754/products/9_70202_722_RD_999.jpg?v=1661757070|pos:1|alt:Rukka Rukka Shield-RD WP GTX Textile Jacket – front view || https://cdn.shopify.com/s/files/1/0076/8301/4754/products/9_70202_722_RD_999_back.jpg?v=1661757069|pos:2|alt:Rukka Rukka Shield-RD WP GTX Textile Jacket – side view || https://cdn.shopify.com/s/files/1/0076/8301/4754/products/9_70202_722_RD_990.jpg?v=1661757070|pos:3|alt:Rukka Rukka Shield-RD WP GTX Textile Jacket – rear view || https://cdn.shopify.com/s/files/1/0076/8301/4754/products/9_70202_722_RD_990_back.jpg?v=1661757070|pos:4|alt:Rukka Rukka Shield-RD WP GTX Textile Jacket – detail view || https://cdn.shopify.com/s/files/1/0076/8301/4754/products/9_70202_722_RD_994.jpg?v=1661757072|pos:5|alt:Rukka Rukka Shield-RD WP GTX Textile Jacket – top view || https://cdn.shopify.com/s/files/1/0076/8301/4754/products/9_70202_722_RD_994_back.jpg?v=1661757070|pos:6|alt:Rukka Rukka Shield-RD WP GTX Textile Jacket – product view,6,Rukka Rukka Shield-RD WP GTX Textile Jacket – front view | Rukka Rukka Shield-RD WP GTX Textile Jacket – side view | Rukka Rukka Shield-RD WP GTX Textile Jacket – rear view | Rukka Rukka Shield-RD WP GTX Textile Jacket – detail view | Rukka Rukka Shield-RD WP GTX Textile Jacket – top view | Rukka Rukka Shield-RD WP GTX Textile Jacket – product view,,0,Rukka Shield-RD WP GTX Textile Jacket,"Rukka Shield-RD WP GTX Textile Jacket. Rukka designs and manufactures motorcycle clothing according to strict guidelines, ""safe & comfortable"" with the highest standards for waterproofing and comfort.",,"Ventilation openings on the sides and on the back, sleeves and chest.","100% durable breathable, windproof and waterproof Gore-Tex® PRO 3-layer laminatewith abrasion and tear resistant Cordura®outer fabric. Armacor® and Keprotec® reinforcements on elbows and shoulders. 2 pockets in the removable inner jacket, 2 waterproof lower pockets outside and 1 large pocket in the lower back area.",,Available in multiple sizes. Check the size guide before ordering.,Rukka Shield-RD WP GTX Textile Jacket — a textile Jacket built to the specifications listed above.,true,draft,https://cdn.shopify.com/s/files/1/0076/8301/4754/products/9_70202_722_RD_999.jpg?v=1661757070|role:hero || https://cdn.shopify.com/s/files/1/0076/8301/4754/products/9_70202_722_RD_999_back.jpg?v=1661757069|role:construction detail || https://cdn.shopify.com/s/files/1/0076/8301/4754/products/9_70202_722_RD_990.jpg?v=1661757070|role:side profile,3,false,/products/rukka-shield-rd-wp-gtx-textile-jacket,/products/rukka-shield-rd-wp-gtx-textile-jacket
rukka-airgobi-textile-pants,rukka-airgobi-textile-pants,Rukka Airgobi Textile Pants,Rukka Airgobi Textile Pants,rukka-airgobi-textile-pants,The Rukka Airgobi Motorcycle Textile Pants feature Rukka AirCushion air cushioning and Rukka Antiglide anti-slip system made from Schoeller® Keprotec® in the seat. Designed for… • Extremely breathable AFT+ material on the inside of the knee. • knitted Cordura® AFT material for maximum air permeability as outer fabric. • Reinforcement of double CORDURA® AFT knitted material on hips and knees. • Two outer pockets. Available in multiple sizes and/or colours — select your variant.,"<div class=""description"" data-mce-fragment=""1"" itemprop=""description"">
<p data-mce-fragment=""1"">The Rukka Airgobi Motorcycle Textile Pants feature Rukka AirCushion air cushioning and Rukka Antiglide anti-slip system made from Schoeller® Keprotec® in the seat. Designed for use with Rukka StretchDry GORE-TEX wet weather trousers. Stretch panels on the sides, above the knees, in the calves and in the upper seat area ensure optimum fit and comfort. The all-round connection zip to the jacket ensures optimal hold of the trousers. Knitted CORDURA® AFT material as outer fabric offers maximum air permeability. Reinforcement of double CORDURA® AFT knitted material at the hips and knees provides additional safety and air permeability at the same time.</p>
<p data-mce-fragment=""1""><strong data-mce-fragment=""1"">Features:</strong></p>
<ul data-mce-fragment=""1"">
<li data-mce-fragment=""1"">Extremely breathable AFT+ material on the inside of the knee</li>
<li data-mce-fragment=""1"">knitted Cordura® AFT material for maximum air permeability as outer fabric</li>
<li data-mce-fragment=""1"">Reinforcement of double CORDURA® AFT knitted material on hips and knees</li>
<li data-mce-fragment=""1"">Two outer pockets</li>
<li data-mce-fragment=""1"">designed for use with Rukka StretchDry GORE-TEX trousers</li>
<li data-mce-fragment=""1"">Rukka AirCushion air cushion and Rukka Antiglide anti-slip system in Schoeller® Keprotec® in the buttocks</li>
<li data-mce-fragment=""1"">Stretch panels on the sides, above the knees, in the calves and in the upper seat area</li>
<li data-mce-fragment=""1"">Belt loops</li>
<li data-mce-fragment=""1"">Can be retrofitted with Rukka Defence &amp; Comfort braces</li>
<li data-mce-fragment=""1"">All-round connection zip to the jacket</li>
</ul>
<p data-mce-fragment=""1""><strong data-mce-fragment=""1"">Specifications:</strong></p>
<ul data-mce-fragment=""1"">
<li data-mce-fragment=""1"">Rukka D3O® Air XTR hip and knee shin protectors EN 1621-1 2012 Level 2</li>
</ul>
</div>
<h2 data-mce-fragment=""1"">ADDITIONAL PRODUCT INFORMATION</h2>
<div data-mce-fragment=""1"">
<table class=""UserAttributes"" data-mce-fragment=""1"">
<tbody data-mce-fragment=""1"">
<tr data-mce-fragment=""1"">
<td class=""AttributeLabel VerticalAlignMiddle"" data-mce-fragment=""1"">Material</td>
<td class=""AttributeContent"" data-mce-fragment=""1"">Outer material: 100% Polyamide / Combi material: 72% Polyamide, 28% Elastane / Lining: 78% Polyethersulfone, 22% Polyamide</td>
</tr>
</tbody>
</table>
</div>","The Rukka Airgobi Motorcycle Textile Pants feature Rukka AirCushion air cushioning and Rukka Antiglide anti-slip system made from Schoeller® Keprotec® in the seat. Designed for use with Rukka StretchDry GORE-TEX wet weather trousers. Stretch panels on the sides, above the knees, in the calves and in the upper seat area ensure optimum fit and comfort. The all-round connection zip to the jacket ensures optimal hold of the trousers. Knitted CORDURA® AFT material as outer fabric offers maximum air permeability. Reinforcement of double CORDURA® AFT knitted material at the hips and knees provides additional safety and air permeability at the same time.

Features:

• Extremely breathable AFT+ material on the inside of the knee

• knitted Cordura® AFT material for maximum air permeability as outer fabric

• Reinforcement of double CORDURA® AFT knitted material on hips and knees

• Two outer pockets

• designed for use with Rukka StretchDry GORE-TEX trousers

• Rukka AirCushion air cushion and Rukka Antiglide anti-slip system in Schoeller® Keprotec® in the buttocks

• Stretch panels on the sides, above the knees, in the calves and in the upper seat area

• Belt loops

• Can be retrofitted with Rukka Defence & Comfort braces

• All-round connection zip to the jacket

Specifications:

• Rukka D3O® Air XTR hip and knee shin protectors EN 1621-1 2012 Level 2

ADDITIONAL PRODUCT INFORMATION

Material | 
Outer material: 100% Polyamide / Combi material: 72% Polyamide, 28% Elastane / Lining: 78% Polyethersulfone, 22% Polyamide |",56000,,2026-07-26,active,Rukka,6000,g,Buy Rukka Airgobi Textile Pants | Mile 27 Store,The Rukka Airgobi Motorcycle Textile Pants feature Rukka AirCushion air cushioning and Rukka Antiglide anti-slip system made from Schoeller® Keprotec® in…,Extremely breathable AFT+ material on the inside of the knee | knitted Cordura® AFT material for maximum air permeability as outer fabric | Reinforcement of double CORDURA® AFT knitted material on hips and knees | Two outer pockets,Cleaned noise; brand verified,High,false,Riding Gear > Riding Pants > Textile Pants,High,"Refined by title keyword: ""\b(textile\s+pants|touring\s+pants)\b""",rukka-airgobi-textile-pants-1|Size:46|price:56000.00|compare:|weight:6000|barcode:|qty:0 | rukka-airgobi-textile-pants-2|Size:48|price:56000.00|compare:|weight:6000|barcode:|qty:0 | rukka-airgobi-textile-pants-3|Size:50|price:56000.00|compare:|weight:6000|barcode:|qty:0 | rukka-airgobi-textile-pants-4|Size:52|price:56000.00|compare:|weight:6000|barcode:|qty:0 | rukka-airgobi-textile-pants-5|Size:54|price:56000.00|compare:|weight:6000|barcode:|qty:0 | rukka-airgobi-textile-pants-6|Size:56|price:56000.00|compare:|weight:6000|barcode:|qty:0 | rukka-airgobi-textile-pants-7|Size:58|price:56000.00|compare:|weight:6000|barcode:|qty:0 | rukka-airgobi-textile-pants-8|Size:60|price:56000.00|compare:|weight:6000|barcode:|qty:0 | rukka-airgobi-textile-pants-9|Size:62|price:56000.00|compare:|weight:6000|barcode:|qty:0 | rukka-airgobi-textile-pants-10|Size:64|price:56000.00|compare:|weight:6000|barcode:|qty:0,"rukka-airgobi-textile-pants-1,rukka-airgobi-textile-pants-2,rukka-airgobi-textile-pants-3,rukka-airgobi-textile-pants-4,rukka-airgobi-textile-pants-5,rukka-airgobi-textile-pants-6,rukka-airgobi-textile-pants-7,rukka-airgobi-textile-pants-8,rukka-airgobi-textile-pants-9,rukka-airgobi-textile-pants-10",10,https://cdn.shopify.com/s/files/1/0076/8301/4754/products/3_70133_720_R_999.jpg?v=1671277671|pos:1|alt:Rukka Rukka Airgobi Textile Pants – front view || https://cdn.shopify.com/s/files/1/0076/8301/4754/products/3_70133_720_R_999_back.jpg?v=1671277671|pos:2|alt:Rukka Rukka Airgobi Textile Pants – side view,2,Rukka Rukka Airgobi Textile Pants – front view | Rukka Rukka Airgobi Textile Pants – side view,,0,Rukka Airgobi Textile Pants,Rukka Airgobi Textile Pants. The Rukka Airgobi Motorcycle Textile Pants feature Rukka AirCushion air cushioning and Rukka Antiglide anti-slip system made from Schoeller® Keprotec® in the seat.,Extremely breathable AFT+ material on the inside of the knee. knitted Cordura® AFT material for maximum air permeability as outer fabric. Reinforcement of double CORDURA® AFT knitted material on hips and knees.,,Two outer pockets.,,Available in multiple sizes. Check the size guide before ordering.,Rukka Airgobi Textile Pants — a textile Pant built to the specifications listed above.,true,draft,https://cdn.shopify.com/s/files/1/0076/8301/4754/products/3_70133_720_R_999.jpg?v=1671277671|role:hero || https://cdn.shopify.com/s/files/1/0076/8301/4754/products/3_70133_720_R_999_back.jpg?v=1671277671|role:construction detail,2,false,/products/rukka-airgobi-textile-pants,/products/rukka-airgobi-textile-pants
rukka-armagate-textile-pants,rukka-armagate-textile-pants,Rukka Armagate Textile Pants,Rukka Armagate Textile Pants,rukka-armagate-textile-pants,"The Rukka Armagate Motorcycle Textile Pants not only look stylish, but also offer protection, comfort and flexibility through their features. • 100% durably breathable, windproof and waterproof GORE-TEX Pro 3-layer laminate with abrasion and tear resistant CORDURA® outer fabric.. • Abrasion-resistant CORDURA® 1500D reinforcements on hips and knees. • Ventilation openings on the thighs. • waistband closure on both sides. Available in multiple sizes and/or colours — select your variant.","<div class=""description"" data-mce-fragment=""1"" itemprop=""description"">
<p data-mce-fragment=""1"">The Rukka Armagate Motorcycle Textile Pants not only look stylish, but also offer protection, comfort and flexibility through their features.</p>
<p data-mce-fragment=""1""><strong data-mce-fragment=""1"">Features:</strong></p>
<ul data-mce-fragment=""1"">
<li data-mce-fragment=""1"">100% durably breathable, windproof and waterproof GORE-TEX Pro 3-layer laminate with abrasion and tear resistant CORDURA® outer fabric.</li>
<li data-mce-fragment=""1"">Abrasion-resistant CORDURA® 1500D reinforcements on hips and knees</li>
<li data-mce-fragment=""1"">Ventilation openings on the thighs</li>
<li data-mce-fragment=""1"">waistband closure on both sides</li>
<li data-mce-fragment=""1"">can be retrofitted with Rukka Defence &amp; Comfort braces</li>
<li data-mce-fragment=""1"">All-round connection zip to the jacket</li>
<li data-mce-fragment=""1"">Adjustable trouser leg end with zip and Velcro fastening</li>
<li data-mce-fragment=""1"">Rukka AirCushion air pad and Rukka Antiglide anti-slip system made of Schoeller® Keprotec® in the buttocks</li>
<li data-mce-fragment=""1"">Stretch panels in the crotch, back of the knee, above the knees and upper seat area</li>
<li data-mce-fragment=""1"">2 pockets on the outside (with zip)</li>
</ul>
<p data-mce-fragment=""1""><strong data-mce-fragment=""1"">Specifications:</strong></p>
<ul data-mce-fragment=""1"">
<li data-mce-fragment=""1"">Rukka D3O® Air XTR hip and knee shin protectors EN 1621-1 2012 LVL 2</li>
</ul>
</div>
<h2 data-mce-fragment=""1"">ADDITIONAL PRODUCT INFORMATION</h2>
<div data-mce-fragment=""1"">
<table class=""UserAttributes"" data-mce-fragment=""1"">
<tbody data-mce-fragment=""1"">
<tr data-mce-fragment=""1"">
<td class=""AttributeLabel VerticalAlignMiddle"" data-mce-fragment=""1"">Material</td>
<td class=""AttributeContent"" data-mce-fragment=""1"">Outer material: 100% Polyamide / Carrier material: 100% Polyamide / Lining: 60% Polyamide, 40% Polyethersulphone / 100% Polyethersulphone</td>
</tr>
</tbody>
</table>
</div>","The Rukka Armagate Motorcycle Textile Pants not only look stylish, but also offer protection, comfort and flexibility through their features.

Features:

• 100% durably breathable, windproof and waterproof GORE-TEX Pro 3-layer laminate with abrasion and tear resistant CORDURA® outer fabric.

• Abrasion-resistant CORDURA® 1500D reinforcements on hips and knees

• Ventilation openings on the thighs

• waistband closure on both sides

• can be retrofitted with Rukka Defence & Comfort braces

• All-round connection zip to the jacket

• Adjustable trouser leg end with zip and Velcro fastening

• Rukka AirCushion air pad and Rukka Antiglide anti-slip system made of Schoeller® Keprotec® in the buttocks

• Stretch panels in the crotch, back of the knee, above the knees and upper seat area

• 2 pockets on the outside (with zip)

Specifications:

• Rukka D3O® Air XTR hip and knee shin protectors EN 1621-1 2012 LVL 2

ADDITIONAL PRODUCT INFORMATION

Material | 
Outer material: 100% Polyamide / Carrier material: 100% Polyamide / Lining: 60% Polyamide, 40% Polyethersulphone / 100% Polyethersulphone |",112000,,2026-07-26,active,Rukka,6000,g,Buy Rukka Armagate Textile Pants | Mile 27 Store,"The Rukka Armagate Motorcycle Textile Pants not only look stylish, but also offer protection, comfort and flexibility through their features. 100% durably…","100% durably breathable, windproof and waterproof GORE-TEX Pro 3-layer laminate with abrasion and tear resistant CORDURA® outer fabric. | Abrasion-resistant CORDURA® 1500D reinforcements on hips and knees | Ventilation openings on the thighs | waistband closure on both sides",Cleaned noise; brand verified,High,false,Riding Gear > Riding Pants > Textile Pants,High,"Refined by title keyword: ""\b(textile\s+pants|touring\s+pants)\b""",rukka-armagate-textile-pants-1|Size:46|price:112000.00|compare:|weight:6000|barcode:|qty:0 | rukka-armagate-textile-pants-2|Size:48|price:112000.00|compare:|weight:6000|barcode:|qty:0 | rukka-armagate-textile-pants-3|Size:50|price:112000.00|compare:|weight:6000|barcode:|qty:0 | rukka-armagate-textile-pants-4|Size:52|price:112000.00|compare:|weight:6000|barcode:|qty:0 | rukka-armagate-textile-pants-5|Size:54|price:112000.00|compare:|weight:6000|barcode:|qty:0 | rukka-armagate-textile-pants-6|Size:56|price:112000.00|compare:|weight:6000|barcode:|qty:0 | rukka-armagate-textile-pants-7|Size:58|price:112000.00|compare:|weight:6000|barcode:|qty:0 | rukka-armagate-textile-pants-8|Size:60|price:112000.00|compare:|weight:6000|barcode:|qty:0 | rukka-armagate-textile-pants-9|Size:62|price:112000.00|compare:|weight:6000|barcode:|qty:0 | rukka-armagate-textile-pants-10|Size:64|price:112000.00|compare:|weight:6000|barcode:|qty:0 | rukka-armagate-textile-pants-11|Size:66|price:112000.00|compare:|weight:6000|barcode:|qty:0,"rukka-armagate-textile-pants-1,rukka-armagate-textile-pants-2,rukka-armagate-textile-pants-3,rukka-armagate-textile-pants-4,rukka-armagate-textile-pants-5,rukka-armagate-textile-pants-6,rukka-armagate-textile-pants-7,rukka-armagate-textile-pants-8,rukka-armagate-textile-pants-9,rukka-armagate-textile-pants-10,rukka-armagate-textile-pants-11",11,https://cdn.shopify.com/s/files/1/0076/8301/4754/products/3_70223_722_R_999.jpg?v=1671274618|pos:1|alt:Rukka Rukka Armagate Textile Pants – front view || https://cdn.shopify.com/s/files/1/0076/8301/4754/products/3_70223_722_R_999_back.jpg?v=1671274619|pos:2|alt:Rukka Rukka Armagate Textile Pants – side view,2,Rukka Rukka Armagate Textile Pants – front view | Rukka Rukka Armagate Textile Pants – side view,,0,Rukka Armagate Textile Pants,"Rukka Armagate Textile Pants. The Rukka Armagate Motorcycle Textile Pants not only look stylish, but also offer protection, comfort and flexibility through their features.",,Ventilation openings on the thighs.,"100% durably breathable, windproof and waterproof GORE-TEX Pro 3-layer laminate with abrasion and tear resistant CORDURA® outer fabric. Abrasion-resistant CORDURA® 1500D reinforcements on hips and knees. waistband closure on both sides.",,Available in multiple sizes. Check the size guide before ordering.,Rukka Armagate Textile Pants — a textile Pant built to the specifications listed above.,true,draft,https://cdn.shopify.com/s/files/1/0076/8301/4754/products/3_70223_722_R_999.jpg?v=1671274618|role:hero || https://cdn.shopify.com/s/files/1/0076/8301/4754/products/3_70223_722_R_999_back.jpg?v=1671274619|role:construction detail,2,false,/products/rukka-armagate-textile-pants,/products/rukka-armagate-textile-pants
rukka-madagasca-r-textile-pants,rukka-madagasca-r-textile-pants,Rukka Madagasca-R Textile Pants,Rukka Madagasca-R Textile Pants,rukka-madagasca-r-textile-pants,"The Rukka Madagasca-R Motorcycle Textile Pants have everything your heart desires. With various stretch inserts and additional leather inserts, they are not only comfortable but… • abrasion-resistant CORDURA® 1500D reinforcements on hips and knees.. • abrasion resistant CORDURA® 500D outer fabric. • ventilation openings at the front and back of the thighs. • two flap pockets with press studs and zip on the thighs, the right one waterproof. Available in multiple sizes and/or colours — select your variant.","<div class=""description"" data-mce-fragment=""1"" itemprop=""description"">
<p data-mce-fragment=""1"">The Rukka Madagasca-R Motorcycle Textile Pants have everything your heart desires. With various stretch inserts and additional leather inserts, they are not only comfortable but also extremely robust. In addition, the Madagasca can be easily waterproofed thanks to the accompanying Gore-Tex layer. This makes it the 1st choice for every possible ride.</p>
<p data-mce-fragment=""1""><strong data-mce-fragment=""1"">Features:</strong></p>
<ul data-mce-fragment=""1"">
<li data-mce-fragment=""1"">abrasion-resistant CORDURA® 1500D reinforcements on hips and knees.</li>
<li data-mce-fragment=""1"">abrasion resistant CORDURA® 500D outer fabric</li>
<li data-mce-fragment=""1"">ventilation openings at the front and back of the thighs</li>
<li data-mce-fragment=""1"">two flap pockets with press studs and zip on the thighs, the right one waterproof</li>
<li data-mce-fragment=""1"">two pockets on the outside (with zip)</li>
<li data-mce-fragment=""1"">waistband fastening on both sides</li>
<li data-mce-fragment=""1"">can be retrofitted with Rukka Defence &amp; Comfort braces</li>
<li data-mce-fragment=""1"">long all-round connection zip to the jacket</li>
<li data-mce-fragment=""1"">adjustable trouser leg end with zip and Velcro fastener</li>
<li data-mce-fragment=""1"">removable waterproof lining in stretch GORE-TEX Performance Technology 3-layer laminate</li>
<li data-mce-fragment=""1"">Heat and abrasion resistant leather inserts on the inner knees and seat area</li>
<li data-mce-fragment=""1"">Rukka AirCushion in the buttocks</li>
<li data-mce-fragment=""1"">Stretch inserts in the crotch, inner thighs, above the knees, back of the knees and in the back</li>
</ul>
<p data-mce-fragment=""1""><strong data-mce-fragment=""1"">Specifications:</strong></p>
<ul data-mce-fragment=""1"">
<li data-mce-fragment=""1"">Rukka D3O® Air XTR hip and knee shin protectors EN 1621-1 2012 LVL 2</li>
</ul>
</div>
<h2 data-mce-fragment=""1"">ADDITIONAL PRODUCT INFORMATION</h2>
<div data-mce-fragment=""1"">
<table class=""UserAttributes"" data-mce-fragment=""1"">
<tbody data-mce-fragment=""1"">
<tr data-mce-fragment=""1"">
<td class=""AttributeLabel VerticalAlignMiddle"" data-mce-fragment=""1"">Material</td>
<td class=""AttributeContent"" data-mce-fragment=""1"">Outer material: 100% Polyamide / Carrier material: 100% Polyamide / Combi material: 92% Polyamide, 8% Elastane / Lining: 100% Polyester</td>
</tr>
</tbody>
</table>
</div>","The Rukka Madagasca-R Motorcycle Textile Pants have everything your heart desires. With various stretch inserts and additional leather inserts, they are not only comfortable but also extremely robust. In addition, the Madagasca can be easily waterproofed thanks to the accompanying Gore-Tex layer. This makes it the 1st choice for every possible ride.

Features:

• abrasion-resistant CORDURA® 1500D reinforcements on hips and knees.

• abrasion resistant CORDURA® 500D outer fabric

• ventilation openings at the front and back of the thighs

• two flap pockets with press studs and zip on the thighs, the right one waterproof

• two pockets on the outside (with zip)

• waistband fastening on both sides

• can be retrofitted with Rukka Defence & Comfort braces

• long all-round connection zip to the jacket

• adjustable trouser leg end with zip and Velcro fastener

• removable waterproof lining in stretch GORE-TEX Performance Technology 3-layer laminate

• Heat and abrasion resistant leather inserts on the inner knees and seat area

• Rukka AirCushion in the buttocks

• Stretch inserts in the crotch, inner thighs, above the knees, back of the knees and in the back

Specifications:

• Rukka D3O® Air XTR hip and knee shin protectors EN 1621-1 2012 LVL 2

ADDITIONAL PRODUCT INFORMATION

Material | 
Outer material: 100% Polyamide / Carrier material: 100% Polyamide / Combi material: 92% Polyamide, 8% Elastane / Lining: 100% Polyester |",107000,,2026-07-26,active,Rukka,6000,g,Buy Rukka Madagasca-R Textile Pants | Mile 27 Store,"The Rukka Madagasca-R Motorcycle Textile Pants have everything your heart desires. With various stretch inserts and additional leather inserts, they are…","abrasion-resistant CORDURA® 1500D reinforcements on hips and knees. | abrasion resistant CORDURA® 500D outer fabric | ventilation openings at the front and back of the thighs | two flap pockets with press studs and zip on the thighs, the right one waterproof",Cleaned noise; brand verified,High,false,Riding Gear > Riding Pants > Textile Pants,High,"Refined by title keyword: ""\b(textile\s+pants|touring\s+pants)\b""",rukka-madagasca-r-textile-pants-1|Size:46:Colour:Black/Gray|price:107000.00|compare:|weight:6000|barcode:|qty:0 | rukka-madagasca-r-textile-pants-2|Size:46:Colour:Light Grey/Black|price:107000.00|compare:|weight:6000|barcode:|qty:0 | rukka-madagasca-r-textile-pants-3|Size:46:Colour:Sand/Grey|price:107000.00|compare:|weight:6000|barcode:|qty:0 | rukka-madagasca-r-textile-pants-4|Size:48:Colour:Black/Gray|price:107000.00|compare:|weight:6000|barcode:|qty:0 | rukka-madagasca-r-textile-pants-5|Size:48:Colour:Light Grey/Black|price:107000.00|compare:|weight:6000|barcode:|qty:0 | rukka-madagasca-r-textile-pants-6|Size:48:Colour:Sand/Grey|price:107000.00|compare:|weight:6000|barcode:|qty:0 | rukka-madagasca-r-textile-pants-7|Size:50:Colour:Black/Gray|price:107000.00|compare:|weight:6000|barcode:|qty:0 | rukka-madagasca-r-textile-pants-8|Size:50:Colour:Light Grey/Black|price:107000.00|compare:|weight:6000|barcode:|qty:0 | rukka-madagasca-r-textile-pants-9|Size:50:Colour:Sand/Grey|price:107000.00|compare:|weight:6000|barcode:|qty:0 | rukka-madagasca-r-textile-pants-10|Size:52:Colour:Black/Gray|price:107000.00|compare:|weight:6000|barcode:|qty:0 | rukka-madagasca-r-textile-pants-11|Size:52:Colour:Light Grey/Black|price:107000.00|compare:|weight:6000|barcode:|qty:0 | rukka-madagasca-r-textile-pants-12|Size:52:Colour:Sand/Grey|price:107000.00|compare:|weight:6000|barcode:|qty:0 | rukka-madagasca-r-textile-pants-13|Size:54:Colour:Black/Gray|price:107000.00|compare:|weight:6000|barcode:|qty:0 | rukka-madagasca-r-textile-pants-14|Size:54:Colour:Light Grey/Black|price:107000.00|compare:|weight:6000|barcode:|qty:0 | rukka-madagasca-r-textile-pants-15|Size:54:Colour:Sand/Grey|price:107000.00|compare:|weight:6000|barcode:|qty:0 | rukka-madagasca-r-textile-pants-16|Size:56:Colour:Black/Gray|price:107000.00|compare:|weight:6000|barcode:|qty:0 | rukka-madagasca-r-textile-pants-17|Size:56:Colour:Light Grey/Black|price:107000.00|compare:|weight:6000|barcode:|qty:0 | rukka-madagasca-r-textile-pants-18|Size:56:Colour:Sand/Grey|price:107000.00|compare:|weight:6000|barcode:|qty:0 | rukka-madagasca-r-textile-pants-19|Size:58:Colour:Black/Gray|price:107000.00|compare:|weight:6000|barcode:|qty:0 | rukka-madagasca-r-textile-pants-20|Size:58:Colour:Light Grey/Black|price:107000.00|compare:|weight:6000|barcode:|qty:0 | rukka-madagasca-r-textile-pants-21|Size:58:Colour:Sand/Grey|price:107000.00|compare:|weight:6000|barcode:|qty:0 | rukka-madagasca-r-textile-pants-22|Size:60:Colour:Black/Gray|price:107000.00|compare:|weight:6000|barcode:|qty:0 | rukka-madagasca-r-textile-pants-23|Size:60:Colour:Light Grey/Black|price:107000.00|compare:|weight:6000|barcode:|qty:0 | rukka-madagasca-r-textile-pants-24|Size:60:Colour:Sand/Grey|price:107000.00|compare:|weight:6000|barcode:|qty:0 | rukka-madagasca-r-textile-pants-25|Size:62:Colour:Black/Gray|price:107000.00|compare:|weight:6000|barcode:|qty:0 | rukka-madagasca-r-textile-pants-26|Size:62:Colour:Light Grey/Black|price:107000.00|compare:|weight:6000|barcode:|qty:0 | rukka-madagasca-r-textile-pants-27|Size:62:Colour:Sand/Grey|price:107000.00|compare:|weight:6000|barcode:|qty:0 | rukka-madagasca-r-textile-pants-28|Size:64:Colour:Black/Gray|price:107000.00|compare:|weight:6000|barcode:|qty:0 | rukka-madagasca-r-textile-pants-29|Size:64:Colour:Light Grey/Black|price:107000.00|compare:|weight:6000|barcode:|qty:0 | rukka-madagasca-r-textile-pants-30|Size:64:Colour:Sand/Grey|price:107000.00|compare:|weight:6000|barcode:|qty:0 | rukka-madagasca-r-textile-pants-31|Size:66:Colour:Black/Gray|price:107000.00|compare:|weight:6000|barcode:|qty:0 | rukka-madagasca-r-textile-pants-32|Size:66:Colour:Light Grey/Black|price:107000.00|compare:|weight:6000|barcode:|qty:0 | rukka-madagasca-r-textile-pants-33|Size:66:Colour:Sand/Grey|price:107000.00|compare:|weight:6000|barcode:|qty:0,"rukka-madagasca-r-textile-pants-1,rukka-madagasca-r-textile-pants-2,rukka-madagasca-r-textile-pants-3,rukka-madagasca-r-textile-pants-4,rukka-madagasca-r-textile-pants-5,rukka-madagasca-r-textile-pants-6,rukka-madagasca-r-textile-pants-7,rukka-madagasca-r-textile-pants-8,rukka-madagasca-r-textile-pants-9,rukka-madagasca-r-textile-pants-10,rukka-madagasca-r-textile-pants-11,rukka-madagasca-r-textile-pants-12,rukka-madagasca-r-textile-pants-13,rukka-madagasca-r-textile-pants-14,rukka-madagasca-r-textile-pants-15,rukka-madagasca-r-textile-pants-16,rukka-madagasca-r-textile-pants-17,rukka-madagasca-r-textile-pants-18,rukka-madagasca-r-textile-pants-19,rukka-madagasca-r-textile-pants-20,rukka-madagasca-r-textile-pants-21,rukka-madagasca-r-textile-pants-22,rukka-madagasca-r-textile-pants-23,rukka-madagasca-r-textile-pants-24,rukka-madagasca-r-textile-pants-25,rukka-madagasca-r-textile-pants-26,rukka-madagasca-r-textile-pants-27,rukka-madagasca-r-textile-pants-28,rukka-madagasca-r-textile-pants-29,rukka-madagasca-r-textile-pants-30,rukka-madagasca-r-textile-pants-31,rukka-madagasca-r-textile-pants-32,rukka-madagasca-r-textile-pants-33",33,https://cdn.shopify.com/s/files/1/0076/8301/4754/products/3_70255_725_R_929.jpg?v=1671274277|pos:1|alt:Rukka Rukka Madagasca-R Textile Pants – front view || https://cdn.shopify.com/s/files/1/0076/8301/4754/products/3_70255_725_R_929_02.jpg?v=1671274277|pos:2|alt:Rukka Rukka Madagasca-R Textile Pants – side view || https://cdn.shopify.com/s/files/1/0076/8301/4754/products/3_70255_725_R_929_back.jpg?v=1671274273|pos:3|alt:Rukka Rukka Madagasca-R Textile Pants – rear view || https://cdn.shopify.com/s/files/1/0076/8301/4754/products/3_70255_725_R_929_back_02.jpg?v=1671274273|pos:4|alt:Rukka Rukka Madagasca-R Textile Pants – detail view || https://cdn.shopify.com/s/files/1/0076/8301/4754/products/3_70255_725_R_265.jpg?v=1671274274|pos:5|alt:Rukka Rukka Madagasca-R Textile Pants – top view || https://cdn.shopify.com/s/files/1/0076/8301/4754/products/3_70255_725_R_265_back.jpg?v=1671274278|pos:6|alt:Rukka Rukka Madagasca-R Textile Pants – product view || https://cdn.shopify.com/s/files/1/0076/8301/4754/products/3_70255_725_R_109.jpg?v=1671274273|pos:7|alt:Rukka Rukka Madagasca-R Textile Pants – product view || https://cdn.shopify.com/s/files/1/0076/8301/4754/products/3_70255_725_R_109_back.jpg?v=1671274276|pos:8|alt:Rukka Rukka Madagasca-R Textile Pants – product view,8,Rukka Rukka Madagasca-R Textile Pants – front view | Rukka Rukka Madagasca-R Textile Pants – side view | Rukka Rukka Madagasca-R Textile Pants – rear view | Rukka Rukka Madagasca-R Textile Pants – detail view | Rukka Rukka Madagasca-R Textile Pants – top view | Rukka Rukka Madagasca-R Textile Pants – product view,,0,Rukka Madagasca-R Textile Pants,Rukka Madagasca-R Textile Pants. The Rukka Madagasca-R Motorcycle Textile Pants have everything your heart desires.,,ventilation openings at the front and back of the thighs.,"abrasion-resistant CORDURA® 1500D reinforcements on hips and knees. abrasion resistant CORDURA® 500D outer fabric. two flap pockets with press studs and zip on the thighs, the right one waterproof.",,Available in multiple sizes. Check the size guide before ordering.,Rukka Madagasca-R Textile Pants — a textile Pant built to the specifications listed above.,true,draft,https://cdn.shopify.com/s/files/1/0076/8301/4754/products/3_70255_725_R_929.jpg?v=1671274277|role:hero || https://cdn.shopify.com/s/files/1/0076/8301/4754/products/3_70255_725_R_929_02.jpg?v=1671274277|role:construction detail || https://cdn.shopify.com/s/files/1/0076/8301/4754/products/3_70255_725_R_929_back.jpg?v=1671274273|role:side profile,3,false,/products/rukka-madagasca-r-textile-pants,/products/rukka-madagasca-r-textile-pants
rukka-4roads-textile-pants,rukka-4roads-textile-pants,Rukka 4Roads Textile Pants,Rukka 4Roads Textile Pants,rukka-4roads-textile-pants,"The Rukka 4Roads Motorcycle Textile Pants are touring motorbike trousers for men. With their removable thermal lining, you are prepared for any weather. Thanks to… • 100% durably breathable, windproof and waterproof GORE-TEX Z-Liner membrane under the outer fabric. • Abrasion-resistant CORDURA® 1500D reinforcements on hips and knees. • 1 outer pocket (with zip). • Waistband fastening on both sides. Available in multiple sizes and/or colours — select your variant.","<div class=""description"" data-mce-fragment=""1"" itemprop=""description"">
<p data-mce-fragment=""1"">The Rukka 4Roads Motorcycle Textile Pants are touring motorbike trousers for men. With their removable thermal lining, you are prepared for any weather. Thanks to their robust and weatherproof material, they remain the perfect companion on every tour for a long time.</p>
<p data-mce-fragment=""1""><strong data-mce-fragment=""1"">Features:</strong></p>
<ul data-mce-fragment=""1"">
<li data-mce-fragment=""1"">100% durably breathable, windproof and waterproof GORE-TEX Z-Liner membrane under the outer fabric</li>
<li data-mce-fragment=""1"">Abrasion-resistant CORDURA® 1500D reinforcements on hips and knees</li>
<li data-mce-fragment=""1"">1 outer pocket (with zip)</li>
<li data-mce-fragment=""1"">Waistband fastening on both sides</li>
<li data-mce-fragment=""1"">Can be retrofitted with Rukka Defence &amp; Comfort braces</li>
<li data-mce-fragment=""1"">All-round connection zip to jacket</li>
<li data-mce-fragment=""1"">adjustable trouser leg end with zip and velcro fastener</li>
</ul>
<p data-mce-fragment=""1""><strong data-mce-fragment=""1"">Specifications:</strong></p>
<ul data-mce-fragment=""1"">
<li data-mce-fragment=""1"">Rukka D3O® Air XTR hip and knee shin protectors EN 1621-1 2012 LVL 2</li>
</ul>
</div>
<h2 data-mce-fragment=""1"">ADDITIONAL PRODUCT INFORMATION</h2>
<div data-mce-fragment=""1"">
<table class=""UserAttributes"" data-mce-fragment=""1"">
<tbody data-mce-fragment=""1"">
<tr data-mce-fragment=""1"">
<td class=""AttributeLabel VerticalAlignMiddle"" data-mce-fragment=""1"">Material</td>
<td class=""AttributeContent"" data-mce-fragment=""1"">Outer fabric: 100% Polyamide / Membrane: 100% Polyamide / Lining: 100% Polyamide / Insulation: 100% Polyester</td>
</tr>
</tbody>
</table>
</div>","The Rukka 4Roads Motorcycle Textile Pants are touring motorbike trousers for men. With their removable thermal lining, you are prepared for any weather. Thanks to their robust and weatherproof material, they remain the perfect companion on every tour for a long time.

Features:

• 100% durably breathable, windproof and waterproof GORE-TEX Z-Liner membrane under the outer fabric

• Abrasion-resistant CORDURA® 1500D reinforcements on hips and knees

• 1 outer pocket (with zip)

• Waistband fastening on both sides

• Can be retrofitted with Rukka Defence & Comfort braces

• All-round connection zip to jacket

• adjustable trouser leg end with zip and velcro fastener

Specifications:

• Rukka D3O® Air XTR hip and knee shin protectors EN 1621-1 2012 LVL 2

ADDITIONAL PRODUCT INFORMATION

Material | 
Outer fabric: 100% Polyamide / Membrane: 100% Polyamide / Lining: 100% Polyamide / Insulation: 100% Polyester |",60000,,2026-07-26,active,Rukka,6000,g,Buy Rukka 4Roads Textile Pants | Mile 27 Store,"The Rukka 4Roads Motorcycle Textile Pants are touring motorbike trousers for men. With their removable thermal lining, you are prepared for any weather.…","100% durably breathable, windproof and waterproof GORE-TEX Z-Liner membrane under the outer fabric | Abrasion-resistant CORDURA® 1500D reinforcements on hips and knees | 1 outer pocket (with zip) | Waistband fastening on both sides",Cleaned noise; brand verified,High,false,Riding Gear > Riding Pants > Textile Pants,High,"Refined by title keyword: ""\b(textile\s+pants|touring\s+pants)\b""",rukka-4roads-textile-pants-1|Size:46|price:60000.00|compare:|weight:6000|barcode:|qty:0 | rukka-4roads-textile-pants-2|Size:48|price:60000.00|compare:|weight:6000|barcode:|qty:0 | rukka-4roads-textile-pants-3|Size:50|price:60000.00|compare:|weight:6000|barcode:|qty:0 | rukka-4roads-textile-pants-4|Size:52|price:60000.00|compare:|weight:6000|barcode:|qty:0 | rukka-4roads-textile-pants-5|Size:54|price:60000.00|compare:|weight:6000|barcode:|qty:0 | rukka-4roads-textile-pants-6|Size:56|price:60000.00|compare:|weight:6000|barcode:|qty:0 | rukka-4roads-textile-pants-7|Size:58|price:60000.00|compare:|weight:6000|barcode:|qty:0 | rukka-4roads-textile-pants-8|Size:60|price:60000.00|compare:|weight:6000|barcode:|qty:0 | rukka-4roads-textile-pants-9|Size:62|price:60000.00|compare:|weight:6000|barcode:|qty:0,"rukka-4roads-textile-pants-1,rukka-4roads-textile-pants-2,rukka-4roads-textile-pants-3,rukka-4roads-textile-pants-4,rukka-4roads-textile-pants-5,rukka-4roads-textile-pants-6,rukka-4roads-textile-pants-7,rukka-4roads-textile-pants-8,rukka-4roads-textile-pants-9",9,https://cdn.shopify.com/s/files/1/0076/8301/4754/products/3_70256_725_R_999.jpg?v=1671273100|pos:1|alt:Rukka Rukka 4Roads Textile Pants – front view || https://cdn.shopify.com/s/files/1/0076/8301/4754/products/3_70256_725_R_999_back.jpg?v=1671273100|pos:2|alt:Rukka Rukka 4Roads Textile Pants – side view,2,Rukka Rukka 4Roads Textile Pants – front view | Rukka Rukka 4Roads Textile Pants – side view,,0,Rukka 4Roads Textile Pants,Rukka 4Roads Textile Pants. The Rukka 4Roads Motorcycle Textile Pants are touring motorbike trousers for men.,,"100% durably breathable, windproof and waterproof GORE-TEX Z-Liner membrane under the outer fabric.",Abrasion-resistant CORDURA® 1500D reinforcements on hips and knees. 1 outer pocket (with zip). Waistband fastening on both sides.,,Available in multiple sizes. Check the size guide before ordering.,Rukka 4Roads Textile Pants — a textile Pant built to the specifications listed above.,true,draft,https://cdn.shopify.com/s/files/1/0076/8301/4754/products/3_70256_725_R_999.jpg?v=1671273100|role:hero || https://cdn.shopify.com/s/files/1/0076/8301/4754/products/3_70256_725_R_999_back.jpg?v=1671273100|role:construction detail,2,false,/products/rukka-4roads-textile-pants,/products/rukka-4roads-textile-pants
rukka-transfo-r-textile-pants,rukka-transfo-r-textile-pants,Rukka Transfo-R Textile Pants,Rukka Transfo-R Textile Pants,rukka-transfo-r-textile-pants,"The Rukka Transfo-R Motorcycle Textile Pants take up very little space as they can be stowed in an enclosed small pouch. It can be worn… • Abrasion-resistant 500D CORDURA® reinforcements at leg ends.. • 100% breathable, windproof and waterproof GORE-TEX Performance Technology 3-layer laminate with lightweight, durable and stretchy polyamide outer f…. • Can be worn with Rukka AirPower series pants or used as a separate rain pant. • Rukka Antiglide anti-slip system made of Schoeller® Keprotec® in the seat. Available in multiple sizes and/or colours — select your variant.","<div class=""description"" data-mce-fragment=""1"" itemprop=""description"">
<p data-mce-fragment=""1"">The Rukka Transfo-R Motorcycle Textile Pants take up very little space as they can be stowed in an enclosed small pouch. It can be worn together with pants from the Rukka AirPower series or used as a separate rain pant. The GORE-TEX Performance Technology 3-layer laminate with lightweight, durable and elastic polyamide outer fabric ensures 100% wind and waterproofness.</p>
<p data-mce-fragment=""1""><strong data-mce-fragment=""1"">Features:</strong></p>
<ul data-mce-fragment=""1"">
<li data-mce-fragment=""1"">Abrasion-resistant 500D CORDURA® reinforcements at leg ends.</li>
<li data-mce-fragment=""1"">100% breathable, windproof and waterproof GORE-TEX Performance Technology 3-layer laminate with lightweight, durable and stretchy polyamide outer fabric</li>
<li data-mce-fragment=""1"">Can be worn with Rukka AirPower series pants or used as a separate rain pant</li>
<li data-mce-fragment=""1"">Rukka Antiglide anti-slip system made of Schoeller® Keprotec® in the seat</li>
<li data-mce-fragment=""1"">Takes up very little space as it can be stowed in a small pouch provided</li>
<li data-mce-fragment=""1"">waistband closure with press stud</li>
<li data-mce-fragment=""1"">elastic waistband</li>
<li data-mce-fragment=""1"">Long 2-way zip at the side from the leg end to the hip, upper zip can be used for ventilation</li>
<li data-mce-fragment=""1"">adjustable trouser leg end with velcro fastener</li>
</ul>
<p data-mce-fragment=""1""><strong data-mce-fragment=""1"">Specifications:</strong></p>
<ul data-mce-fragment=""1"">
<li data-mce-fragment=""1"">No protectors included. Attention. This garment is designed to be used with garments from the Rukka Airpower range</li>
</ul>
</div>
<h2 data-mce-fragment=""1"">ADDITIONAL PRODUCT INFORMATION</h2>
<div data-mce-fragment=""1"">
<table class=""UserAttributes"" data-mce-fragment=""1"">
<tbody data-mce-fragment=""1"">
<tr data-mce-fragment=""1"">
<td class=""AttributeLabel VerticalAlignMiddle"" data-mce-fragment=""1"">Material</td>
<td class=""AttributeContent"" data-mce-fragment=""1"">Outer material: 92% Polyamide, 8% Elastane / Carrier material: 100% Polyamide / Combi material: 100% Polyamide</td>
</tr>
</tbody>
</table>
</div>","The Rukka Transfo-R Motorcycle Textile Pants take up very little space as they can be stowed in an enclosed small pouch. It can be worn together with pants from the Rukka AirPower series or used as a separate rain pant. The GORE-TEX Performance Technology 3-layer laminate with lightweight, durable and elastic polyamide outer fabric ensures 100% wind and waterproofness.

Features:

• Abrasion-resistant 500D CORDURA® reinforcements at leg ends.

• 100% breathable, windproof and waterproof GORE-TEX Performance Technology 3-layer laminate with lightweight, durable and stretchy polyamide outer fabric

• Can be worn with Rukka AirPower series pants or used as a separate rain pant

• Rukka Antiglide anti-slip system made of Schoeller® Keprotec® in the seat

• Takes up very little space as it can be stowed in a small pouch provided

• waistband closure with press stud

• elastic waistband

• Long 2-way zip at the side from the leg end to the hip, upper zip can be used for ventilation

• adjustable trouser leg end with velcro fastener

Specifications:

• No protectors included. Attention. This garment is designed to be used with garments from the Rukka Airpower range

ADDITIONAL PRODUCT INFORMATION

Material | 
Outer material: 92% Polyamide, 8% Elastane / Carrier material: 100% Polyamide / Combi material: 100% Polyamide |",49000,,2026-07-26,active,Rukka,6000,g,Buy Rukka Transfo-R Textile Pants | Mile 27 Store,The Rukka Transfo-R Motorcycle Textile Pants take up very little space as they can be stowed in an enclosed small pouch. It can be worn……,"Abrasion-resistant 500D CORDURA® reinforcements at leg ends. | 100% breathable, windproof and waterproof GORE-TEX Performance Technology 3-layer laminate with lightweight, durable and stretchy polyamide outer f… | Can be worn with Rukka AirPower series pants or used as a separate rain pant | Rukka Antiglide anti-slip system made of Schoeller® Keprotec® in the seat",Cleaned noise; brand verified,High,false,Riding Gear > Riding Pants > Textile Pants,High,"Refined by title keyword: ""\b(textile\s+pants|touring\s+pants)\b""",rukka-transfo-r-textile-pants-1|Size:46|price:49000.00|compare:|weight:6000|barcode:|qty:0 | rukka-transfo-r-textile-pants-2|Size:48|price:49000.00|compare:|weight:6000|barcode:|qty:0 | rukka-transfo-r-textile-pants-3|Size:50|price:49000.00|compare:|weight:6000|barcode:|qty:0 | rukka-transfo-r-textile-pants-4|Size:52|price:49000.00|compare:|weight:6000|barcode:|qty:0 | rukka-transfo-r-textile-pants-5|Size:54|price:49000.00|compare:|weight:6000|barcode:|qty:0 | rukka-transfo-r-textile-pants-6|Size:56|price:49000.00|compare:|weight:6000|barcode:|qty:0 | rukka-transfo-r-textile-pants-7|Size:58|price:49000.00|compare:|weight:6000|barcode:|qty:0 | rukka-transfo-r-textile-pants-8|Size:60|price:49000.00|compare:|weight:6000|barcode:|qty:0 | rukka-transfo-r-textile-pants-9|Size:62|price:49000.00|compare:|weight:6000|barcode:|qty:0 | rukka-transfo-r-textile-pants-10|Size:64|price:49000.00|compare:|weight:6000|barcode:|qty:0 | rukka-transfo-r-textile-pants-11|Size:66|price:49000.00|compare:|weight:6000|barcode:|qty:0,"rukka-transfo-r-textile-pants-1,rukka-transfo-r-textile-pants-2,rukka-transfo-r-textile-pants-3,rukka-transfo-r-textile-pants-4,rukka-transfo-r-textile-pants-5,rukka-transfo-r-textile-pants-6,rukka-transfo-r-textile-pants-7,rukka-transfo-r-textile-pants-8,rukka-transfo-r-textile-pants-9,rukka-transfo-r-textile-pants-10,rukka-transfo-r-textile-pants-11",11,https://cdn.shopify.com/s/files/1/0076/8301/4754/products/3_70262_761_R_999.jpg?v=1671272691|pos:1|alt:Rukka Rukka Transfo-R Textile Pants – front view || https://cdn.shopify.com/s/files/1/0076/8301/4754/products/3_70262_761_R_999_back.jpg?v=1671272690|pos:2|alt:Rukka Rukka Transfo-R Textile Pants – side view,2,Rukka Rukka Transfo-R Textile Pants – front view | Rukka Rukka Transfo-R Textile Pants – side view,,0,Rukka Transfo-R Textile Pants,Rukka Transfo-R Textile Pants. The Rukka Transfo-R Motorcycle Textile Pants take up very little space as they can be stowed in an enclosed small pouch.,,"100% breathable, windproof and waterproof GORE-TEX Performance Technology 3-layer laminate with lightweight, durable and stretchy polyamide outer f….",Abrasion-resistant 500D CORDURA® reinforcements at leg ends. Can be worn with Rukka AirPower series pants or used as a separate rain pant. Rukka Antiglide anti-slip system made of Schoeller® Keprotec® in the seat.,,Available in multiple sizes. Check the size guide before ordering.,Rukka Transfo-R Textile Pants — a textile Pant built to the specifications listed above.,true,draft,https://cdn.shopify.com/s/files/1/0076/8301/4754/products/3_70262_761_R_999.jpg?v=1671272691|role:hero || https://cdn.shopify.com/s/files/1/0076/8301/4754/products/3_70262_761_R_999_back.jpg?v=1671272690|role:construction detail,2,false,/products/rukka-transfo-r-textile-pants,/products/rukka-transfo-r-textile-pants
