migration_key,source_shopify_handle,name,source_title,slug,description,source_description_html,description_plain_text,price,compare_at_price,available_on,status,brand,weight,weight_unit,meta_title,meta_description,verified_feature_summary,title_change_reason,title_confidence,requires_review,primary_taxon_path,category_confidence,category_reason,variants,variant_skus,variant_count,images,image_count,image_alt_texts,tags,tag_count,story_title,story_introduction,story_module_design,story_module_experience,story_module_feature_focus,story_module_use_case,story_module_buyer_note,story_module_closing,story_eligible,story_editorial_status,story_media_refs,story_media_count,redirect_required,redirect_from,redirect_to
shima-hyper-rs-one-piece-leather-suit,shima-hyper-rs-one-piece-leather-suit,Shima Hyper RS One Piece Leather Suit,Shima Hyper RS One Piece Leather Suit,shima-hyper-rs-one-piece-leather-suit,"HYPER RS is a one-piece motorcycle suit created for those with pure adrenaline running in their blood. Ideal for the track and the street, it… Available in multiple sizes and/or colours — select your variant.","<p><span>HYPER RS is a one-piece motorcycle suit created for those with pure adrenaline running in their blood. Ideal for the track and the street, it is made from premium A+ cowhide and features DuoLayer Protection™ technology, providing the highest level of AAA protection. Advanced hook-and-loop adjustable back (level 2), elbow, shoulder, knee and hip (level 1) protectors will keep you feeling confident on every kilometre. Replaceable elbow and knee sliders and reinforcing panels made from a stretch-leather combination increase safety for intense riding. Extensive perforations on the chest, arms and thighs and SuperMESH fabric on the collar and H2O HYDRO-HUMP aerodynamic hump ensure optimal ventilation. Your comfort on the ride will be enhanced by numerous elastic panels, an ergonomic 3D design, a soft finish on the cuffs and a new type of lining.</span></p>
<p><span>HYPER RS guarantees a level AAA safety due to premium A+ cowhide leather, triple and double stitching and DuoLayer Protection™ technology, a double layer of leather in the shoulder, elbow, buttock, hip and knee areas. Also contributing to the highest level of safety are advanced Level 2 back, elbow and Level 1 shoulder, knee and hip protectors. The elbow, shoulder and knee protectors are adjustable with hook-and-loop fasteners for an easy fit. Replaceable elbow sliders and a set of knee sliders provide additional protection. Reinforcement panels and large synthetic synthetic sliders on the shoulders and knees increase safety, even during the most intense riding.</span></p>
<p><span>The HYPER RS is characterised by extensive spot perforations on the chest, shoulders and thighs for excellent ventilation without compromising safety. Advanced SuperMESH fabric on the collar and aerodynamic H2O HYDRO-HUMP further improves breathability, keeping your body at optimum temperature in any riding situation.</span></p>
<p><span>The HYPER RS is designed for comfort in the most extreme conditions. A large volume of elasticisation panels and an ergonomic 3D design, a soft finish on the cuffs and a new type of lining that does not pull down when worn, increase comfort to the maximum. Elastic panels at the elbows, calves and buttocks, a widened leg with adjustable width, guarantee a perfect fit, even during the most dynamic manoeuvres.</span></p>
<p><span>Designed with sport riding in mind, the HYPER RS features the H2O HYDRO-HUMP aerodynamic hump, which you can equip with the H20 HYDRO-BAG, purchased separately. It will keep you properly hydrated during long rides. Available in four dynamic colour versions: black with red, black with white, fluo and blue, the HYPER RS combines the highest safety standards. It is a motorcycle suit ideal for track and street riding for those who love sporty style.</span></p>","HYPER RS is a one-piece motorcycle suit created for those with pure adrenaline running in their blood. Ideal for the track and the street, it is made from premium A+ cowhide and features DuoLayer Protection™ technology, providing the highest level of AAA protection. Advanced hook-and-loop adjustable back (level 2), elbow, shoulder, knee and hip (level 1) protectors will keep you feeling confident on every kilometre. Replaceable elbow and knee sliders and reinforcing panels made from a stretch-leather combination increase safety for intense riding. Extensive perforations on the chest, arms and thighs and SuperMESH fabric on the collar and H2O HYDRO-HUMP aerodynamic hump ensure optimal ventilation. Your comfort on the ride will be enhanced by numerous elastic panels, an ergonomic 3D design, a soft finish on the cuffs and a new type of lining.

HYPER RS guarantees a level AAA safety due to premium A+ cowhide leather, triple and double stitching and DuoLayer Protection™ technology, a double layer of leather in the shoulder, elbow, buttock, hip and knee areas. Also contributing to the highest level of safety are advanced Level 2 back, elbow and Level 1 shoulder, knee and hip protectors. The elbow, shoulder and knee protectors are adjustable with hook-and-loop fasteners for an easy fit. Replaceable elbow sliders and a set of knee sliders provide additional protection. Reinforcement panels and large synthetic synthetic sliders on the shoulders and knees increase safety, even during the most intense riding.

The HYPER RS is characterised by extensive spot perforations on the chest, shoulders and thighs for excellent ventilation without compromising safety. Advanced SuperMESH fabric on the collar and aerodynamic H2O HYDRO-HUMP further improves breathability, keeping your body at optimum temperature in any riding situation.

The HYPER RS is designed for comfort in the most extreme conditions. A large volume of elasticisation panels and an ergonomic 3D design, a soft finish on the cuffs and a new type of lining that does not pull down when worn, increase comfort to the maximum. Elastic panels at the elbows, calves and buttocks, a widened leg with adjustable width, guarantee a perfect fit, even during the most dynamic manoeuvres.

Designed with sport riding in mind, the HYPER RS features the H2O HYDRO-HUMP aerodynamic hump, which you can equip with the H20 HYDRO-BAG, purchased separately. It will keep you properly hydrated during long rides. Available in four dynamic colour versions: black with red, black with white, fluo and blue, the HYPER RS combines the highest safety standards. It is a motorcycle suit ideal for track and street riding for those who love sporty style.",150000,,2026-07-26,active,Shima,10000,g,Buy Shima Hyper RS One Piece Leather Suit | Mile 27 Store,"HYPER RS is a one-piece motorcycle suit created for those with pure adrenaline running in their blood. Ideal for the track and the street, it…",,Cleaned noise; brand verified,High,false,Riding Gear > Racing Suits > One-Piece Racing Suits,High,"Refined by title keyword: ""\b(leather\s+(suit|racing\s+suit))\b""",shima-hyper-rs-one-piece-leather-suit-1|Size:46:Colour:Black Fluo Red|price:150000.00|compare:|weight:10000|barcode:|qty:0 | shima-hyper-rs-one-piece-leather-suit-2|Size:46:Colour:Black Red|price:150000.00|compare:|weight:10000|barcode:|qty:0 | shima-hyper-rs-one-piece-leather-suit-3|Size:46:Colour:Black White|price:150000.00|compare:|weight:10000|barcode:|qty:0 | shima-hyper-rs-one-piece-leather-suit-4|Size:46:Colour:White Blue Red|price:150000.00|compare:|weight:10000|barcode:|qty:0 | shima-hyper-rs-one-piece-leather-suit-5|Size:48:Colour:Black Fluo Red|price:150000.00|compare:|weight:10000|barcode:|qty:0 | shima-hyper-rs-one-piece-leather-suit-6|Size:48:Colour:Black Red|price:150000.00|compare:|weight:10000|barcode:|qty:0 | shima-hyper-rs-one-piece-leather-suit-7|Size:48:Colour:Black White|price:150000.00|compare:|weight:10000|barcode:|qty:0 | shima-hyper-rs-one-piece-leather-suit-8|Size:48:Colour:White Blue Red|price:150000.00|compare:|weight:10000|barcode:|qty:0 | shima-hyper-rs-one-piece-leather-suit-9|Size:50:Colour:Black Fluo Red|price:150000.00|compare:|weight:10000|barcode:|qty:0 | shima-hyper-rs-one-piece-leather-suit-10|Size:50:Colour:Black Red|price:150000.00|compare:|weight:10000|barcode:|qty:0 | shima-hyper-rs-one-piece-leather-suit-11|Size:50:Colour:Black White|price:150000.00|compare:|weight:10000|barcode:|qty:0 | shima-hyper-rs-one-piece-leather-suit-12|Size:50:Colour:White Blue Red|price:150000.00|compare:|weight:10000|barcode:|qty:0 | shima-hyper-rs-one-piece-leather-suit-13|Size:52:Colour:Black Fluo Red|price:150000.00|compare:|weight:10000|barcode:|qty:0 | shima-hyper-rs-one-piece-leather-suit-14|Size:52:Colour:Black Red|price:150000.00|compare:|weight:10000|barcode:|qty:0 | shima-hyper-rs-one-piece-leather-suit-15|Size:52:Colour:Black White|price:150000.00|compare:|weight:10000|barcode:|qty:0 | shima-hyper-rs-one-piece-leather-suit-16|Size:52:Colour:White Blue Red|price:150000.00|compare:|weight:10000|barcode:|qty:0 | shima-hyper-rs-one-piece-leather-suit-17|Size:54:Colour:Black Fluo Red|price:150000.00|compare:|weight:10000|barcode:|qty:0 | shima-hyper-rs-one-piece-leather-suit-18|Size:54:Colour:Black Red|price:150000.00|compare:|weight:10000|barcode:|qty:0 | shima-hyper-rs-one-piece-leather-suit-19|Size:54:Colour:Black White|price:150000.00|compare:|weight:10000|barcode:|qty:0 | shima-hyper-rs-one-piece-leather-suit-20|Size:54:Colour:White Blue Red|price:150000.00|compare:|weight:10000|barcode:|qty:0 | shima-hyper-rs-one-piece-leather-suit-21|Size:56:Colour:Black Fluo Red|price:150000.00|compare:|weight:10000|barcode:|qty:0 | shima-hyper-rs-one-piece-leather-suit-22|Size:56:Colour:Black Red|price:150000.00|compare:|weight:10000|barcode:|qty:0 | shima-hyper-rs-one-piece-leather-suit-23|Size:56:Colour:Black White|price:150000.00|compare:|weight:10000|barcode:|qty:0 | shima-hyper-rs-one-piece-leather-suit-24|Size:56:Colour:White Blue Red|price:150000.00|compare:|weight:10000|barcode:|qty:0 | shima-hyper-rs-one-piece-leather-suit-25|Size:58:Colour:Black Fluo Red|price:150000.00|compare:|weight:10000|barcode:|qty:0 | shima-hyper-rs-one-piece-leather-suit-26|Size:58:Colour:Black Red|price:150000.00|compare:|weight:10000|barcode:|qty:0 | shima-hyper-rs-one-piece-leather-suit-27|Size:58:Colour:Black White|price:150000.00|compare:|weight:10000|barcode:|qty:0 | shima-hyper-rs-one-piece-leather-suit-28|Size:58:Colour:White Blue Red|price:150000.00|compare:|weight:10000|barcode:|qty:0,"shima-hyper-rs-one-piece-leather-suit-1,shima-hyper-rs-one-piece-leather-suit-2,shima-hyper-rs-one-piece-leather-suit-3,shima-hyper-rs-one-piece-leather-suit-4,shima-hyper-rs-one-piece-leather-suit-5,shima-hyper-rs-one-piece-leather-suit-6,shima-hyper-rs-one-piece-leather-suit-7,shima-hyper-rs-one-piece-leather-suit-8,shima-hyper-rs-one-piece-leather-suit-9,shima-hyper-rs-one-piece-leather-suit-10,shima-hyper-rs-one-piece-leather-suit-11,shima-hyper-rs-one-piece-leather-suit-12,shima-hyper-rs-one-piece-leather-suit-13,shima-hyper-rs-one-piece-leather-suit-14,shima-hyper-rs-one-piece-leather-suit-15,shima-hyper-rs-one-piece-leather-suit-16,shima-hyper-rs-one-piece-leather-suit-17,shima-hyper-rs-one-piece-leather-suit-18,shima-hyper-rs-one-piece-leather-suit-19,shima-hyper-rs-one-piece-leather-suit-20,shima-hyper-rs-one-piece-leather-suit-21,shima-hyper-rs-one-piece-leather-suit-22,shima-hyper-rs-one-piece-leather-suit-23,shima-hyper-rs-one-piece-leather-suit-24,shima-hyper-rs-one-piece-leather-suit-25,shima-hyper-rs-one-piece-leather-suit-26,shima-hyper-rs-one-piece-leather-suit-27,shima-hyper-rs-one-piece-leather-suit-28",28,https://cdn.shopify.com/s/files/1/0076/8301/4754/files/SHIMA_HyperRS_FRONT_BLACK_FLUO_RED_2500x2500_4684f50c-3bba-4bbf-95b3-15f1d09f6e2c.webp?v=1765535878|pos:1|alt:Shima Shima Hyper RS One Piece Leather Suit – front view || https://cdn.shopify.com/s/files/1/0076/8301/4754/files/SHIMA_HyperRS_BACK_BLACK_FLUO_RED_2500x2500_1073f582-a010-4320-8dbd-832f0577abf2.webp?v=1765535878|pos:2|alt:Shima Shima Hyper RS One Piece Leather Suit – side view || https://cdn.shopify.com/s/files/1/0076/8301/4754/files/SHIMA_HyperRS_FRONT_BLACK_RED_2500x2500_1055aa81-8cfd-41af-ae6e-72ad863d55b8.webp?v=1765535878|pos:3|alt:Shima Shima Hyper RS One Piece Leather Suit – rear view || https://cdn.shopify.com/s/files/1/0076/8301/4754/files/SHIMA_HyperRS_BACK_BLACK_RED_2500x2500_f6d2f066-80ec-4daf-a209-65cd6cb594cb.webp?v=1765535878|pos:4|alt:Shima Shima Hyper RS One Piece Leather Suit – detail view || https://cdn.shopify.com/s/files/1/0076/8301/4754/files/SHIMA_HyperRS_FRONT_BLACK_WHITE_2500x2500_952a5778-3c11-46af-b4a5-73c9c55b2af2.webp?v=1765535878|pos:5|alt:Shima Shima Hyper RS One Piece Leather Suit – top view || https://cdn.shopify.com/s/files/1/0076/8301/4754/files/SHIMA_HyperRS_BACK_BALCK_WHITE_2500x2500_5d441746-3f12-49ff-be22-30ae80cca51f.webp?v=1765535878|pos:6|alt:Shima Shima Hyper RS One Piece Leather Suit – product view || https://cdn.shopify.com/s/files/1/0076/8301/4754/files/SHIMA_HyperRS_FRONT_WHITE_BLUE_RED_2500x2500_dcc4302c-e666-465f-b7dc-c427489e73db.webp?v=1765535878|pos:7|alt:Shima Shima Hyper RS One Piece Leather Suit – product view || https://cdn.shopify.com/s/files/1/0076/8301/4754/files/SHIMA_HyperRS_BACK_WHITE_BLUE_RED_2500x2500_83341649-e3fb-4f5a-bd34-4a909734a890.webp?v=1765535878|pos:8|alt:Shima Shima Hyper RS One Piece Leather Suit – product view,8,Shima Shima Hyper RS One Piece Leather Suit – front view | Shima Shima Hyper RS One Piece Leather Suit – side view | Shima Shima Hyper RS One Piece Leather Suit – rear view | Shima Shima Hyper RS One Piece Leather Suit – detail view | Shima Shima Hyper RS One Piece Leather Suit – top view | Shima Shima Hyper RS One Piece Leather Suit – product view,,0,,,,,,,,,false,not_eligible,,0,false,/products/shima-hyper-rs-one-piece-leather-suit,/products/shima-hyper-rs-one-piece-leather-suit
shima-exo-vented-boots,shima-exo-vented-boots,Shima Exo Vented Boots,Shima Exo Vented Boots,shima-exo-vented-boots,"Combining the advantages of a high-performance ventilating mesh fabric and an easy-to-use buckle, the EXO VENTED boot will be a great choice for anyone who… Available in multiple sizes and/or colours — select your variant.","<p><span>Combining the advantages of a high-performance ventilating mesh fabric and an easy-to-use buckle, the EXO VENTED boot will be a great choice for anyone who loves to ride in warm weather. The ATOP mechanism used to fasten the boot guarantees ease of use and excellent tightening along the entire length of the tongue with easy one-handed operation via a dial. The high comfort and fit as well as good ventilation make the boots suitable for daily commuting. Despite the low weight, the boots offer a high level of protection for the ankle, nose and heel. Made of natural suede and safety polyamide mesh, they have rubberised overlays on the toe caps for the gear shift with increased grip.</span></p>","Combining the advantages of a high-performance ventilating mesh fabric and an easy-to-use buckle, the EXO VENTED boot will be a great choice for anyone who loves to ride in warm weather. The ATOP mechanism used to fasten the boot guarantees ease of use and excellent tightening along the entire length of the tongue with easy one-handed operation via a dial. The high comfort and fit as well as good ventilation make the boots suitable for daily commuting. Despite the low weight, the boots offer a high level of protection for the ankle, nose and heel. Made of natural suede and safety polyamide mesh, they have rubberised overlays on the toe caps for the gear shift with increased grip.",24000,,2026-07-26,active,Shima,4000,g,Buy Shima Exo Vented Boots | Mile 27 Store,"Combining the advantages of a high-performance ventilating mesh fabric and an easy-to-use buckle, the EXO VENTED boot will be a great choice for anyone…",,Cleaned noise; brand verified,High,false,Riding Gear > Riding Boots,High,"Mapped from Shopify Type ""Riding Boots""",shima-exo-vented-boots-1|Size:41|price:24000.00|compare:|weight:4000|barcode:|qty:0 | shima-exo-vented-boots-2|Size:42|price:24000.00|compare:|weight:4000|barcode:|qty:0 | shima-exo-vented-boots-3|Size:43|price:24000.00|compare:|weight:4000|barcode:|qty:0 | shima-exo-vented-boots-4|Size:44|price:24000.00|compare:|weight:4000|barcode:|qty:0 | shima-exo-vented-boots-5|Size:45|price:24000.00|compare:|weight:4000|barcode:|qty:0 | shima-exo-vented-boots-6|Size:46|price:24000.00|compare:|weight:4000|barcode:|qty:0 | shima-exo-vented-boots-7|Size:47|price:24000.00|compare:|weight:4000|barcode:|qty:0 | shima-exo-vented-boots-8|Size:48|price:24000.00|compare:|weight:4000|barcode:|qty:0,"shima-exo-vented-boots-1,shima-exo-vented-boots-2,shima-exo-vented-boots-3,shima-exo-vented-boots-4,shima-exo-vented-boots-5,shima-exo-vented-boots-6,shima-exo-vented-boots-7,shima-exo-vented-boots-8",8,https://cdn.shopify.com/s/files/1/0076/8301/4754/files/Exo_Men_Double_1600px.webp?v=1765451501|pos:1|alt:Shima Shima Exo Vented Boots – front view || https://cdn.shopify.com/s/files/1/0076/8301/4754/files/EXO_VENTED_side_2_1600px.webp?v=1765451501|pos:2|alt:Shima Shima Exo Vented Boots – side view || https://cdn.shopify.com/s/files/1/0076/8301/4754/files/EXO_VENTED_side_1_1600px.webp?v=1765451501|pos:3|alt:Shima Shima Exo Vented Boots – rear view,3,Shima Shima Exo Vented Boots – front view | Shima Shima Exo Vented Boots – side view | Shima Shima Exo Vented Boots – rear view,,0,,,,,,,,,false,not_eligible,,0,false,/products/shima-exo-vented-boots,/products/shima-exo-vented-boots
shima-rebel-2-0-wp-boots,shima-rebel-2-0-wp-boots,Shima Rebel 2.0 WP Boots,Shima Rebel 2.0 WP Boots,shima-rebel-2-0-wp-boots,"Discover the new generation of SHIMA REBEL 2.0 motorcycle sneakers, which combine urban style with trusted functionality. The boots are characterised by high water resistance,… Available in multiple sizes and/or colours — select your variant.","<p><span>Discover the new generation of SHIMA REBEL 2.0 motorcycle sneakers, which combine urban style with trusted functionality. The boots are characterised by high water resistance, thanks to the membrane used and the splash-proof side zip. The safety of the REBEL 2.0 WP is based on the robust reinforcements at the heel, ankle and toe and the transversely reinforced rubber sole, ensuring stability and protection in all road conditions. The inside of the boot is additionally enhanced with a polypropylene reinforcement insole. The model is equipped with non-slip ribbing for shifting gears, placed on a modern overlay made from a separate piece of material. The special design of the boots is adapted to the position of the feet when riding a motorcycle, ensuring stability and comfort even on long tours. Additional features such as a lace guard, large reflective panels and adjustable laces make the REBEL 2.0 WP boots not only functional but also very practical. Available in a classic black colour and in a wide size range from 41 to 48, these sneakers are the ideal choice for all motorcyclists who do not want to sacrifice either safety or style when riding on the road.</span></p>","Discover the new generation of SHIMA REBEL 2.0 motorcycle sneakers, which combine urban style with trusted functionality. The boots are characterised by high water resistance, thanks to the membrane used and the splash-proof side zip. The safety of the REBEL 2.0 WP is based on the robust reinforcements at the heel, ankle and toe and the transversely reinforced rubber sole, ensuring stability and protection in all road conditions. The inside of the boot is additionally enhanced with a polypropylene reinforcement insole. The model is equipped with non-slip ribbing for shifting gears, placed on a modern overlay made from a separate piece of material. The special design of the boots is adapted to the position of the feet when riding a motorcycle, ensuring stability and comfort even on long tours. Additional features such as a lace guard, large reflective panels and adjustable laces make the REBEL 2.0 WP boots not only functional but also very practical. Available in a classic black colour and in a wide size range from 41 to 48, these sneakers are the ideal choice for all motorcyclists who do not want to sacrifice either safety or style when riding on the road.",27000,,2026-07-26,active,Shima,4000,g,Buy Shima Rebel 2.0 WP Boots | Mile 27 Store,"Discover the new generation of SHIMA REBEL 2.0 motorcycle sneakers, which combine urban style with trusted functionality. The boots are characterised by…",,Cleaned noise; brand verified,High,false,Riding Gear > Riding Boots,High,"Mapped from Shopify Type ""Riding Boots""",shima-rebel-2-0-wp-boots-1|Size:41|price:27000.00|compare:|weight:4000|barcode:|qty:0 | shima-rebel-2-0-wp-boots-2|Size:42|price:27000.00|compare:|weight:4000|barcode:|qty:0 | shima-rebel-2-0-wp-boots-3|Size:43|price:27000.00|compare:|weight:4000|barcode:|qty:0 | shima-rebel-2-0-wp-boots-4|Size:44|price:27000.00|compare:|weight:4000|barcode:|qty:0 | shima-rebel-2-0-wp-boots-5|Size:45|price:27000.00|compare:|weight:4000|barcode:|qty:0 | shima-rebel-2-0-wp-boots-6|Size:46|price:27000.00|compare:|weight:4000|barcode:|qty:0 | shima-rebel-2-0-wp-boots-7|Size:47|price:27000.00|compare:|weight:4000|barcode:|qty:0 | shima-rebel-2-0-wp-boots-8|Size:48|price:27000.00|compare:|weight:4000|barcode:|qty:0,"shima-rebel-2-0-wp-boots-1,shima-rebel-2-0-wp-boots-2,shima-rebel-2-0-wp-boots-3,shima-rebel-2-0-wp-boots-4,shima-rebel-2-0-wp-boots-5,shima-rebel-2-0-wp-boots-6,shima-rebel-2-0-wp-boots-7,shima-rebel-2-0-wp-boots-8",8,https://cdn.shopify.com/s/files/1/0076/8301/4754/files/SHIMA_REBEL-WP_BLACK_MEN_2500x2500_DOUBLE.webp?v=1765448708|pos:1|alt:Shima Shima Rebel 2.0 WP Boots – front view || https://cdn.shopify.com/s/files/1/0076/8301/4754/files/SHIMA_REBEL-WP_BLACK_MEN_2500x2500_SIDE_02.webp?v=1765448708|pos:2|alt:Shima Shima Rebel 2.0 WP Boots – side view || https://cdn.shopify.com/s/files/1/0076/8301/4754/files/SHIMA_REBEL-WP_BLACK_MEN_2500x2500_SIDE_01.webp?v=1765448708|pos:3|alt:Shima Shima Rebel 2.0 WP Boots – rear view,3,Shima Shima Rebel 2.0 WP Boots – front view | Shima Shima Rebel 2.0 WP Boots – side view | Shima Shima Rebel 2.0 WP Boots – rear view,,0,,,,,,,,,false,not_eligible,,0,false,/products/shima-rebel-2-0-wp-boots,/products/shima-rebel-2-0-wp-boots
shima-rebel-2-0-vented-boots,shima-rebel-2-0-vented-boots,Shima Rebel 2.0 Vented Boots,Shima Rebel 2.0 Vented Boots,shima-rebel-2-0-vented-boots,The new generation of SHIMA REBEL 2.0 VENTED motorcycle boots perfectly combines urban style with exceptional ventilation. The sneakers provide high breathability thanks to extensive… Available in multiple sizes and/or colours — select your variant.,"<p><span>The new generation of SHIMA REBEL 2.0 VENTED motorcycle boots perfectly combines urban style with exceptional ventilation. The sneakers provide high breathability thanks to extensive point perforations and a perforated tongue made of mesh fabric. In terms of safety, the model offers solid reinforcements at the heel, ankle and toe and a cross-reinforced rubber sole for stability and protection in all road conditions. The inside of the shoe is additionally equipped with a polypropylene reinforcement insole. The shoe has non-slip gear shift ribbing placed on a modern overlay made from a separate piece of material. The special design adapted to the position of the feet when riding a motorcycle guarantees stability and comfort even during long hours of touring. A lace cover, large reflective panels and adjustable laces make the REBEL 2.0 VENTED boots functional and practical. Available in classic black and practical grey and in a wide range of sizes from 41 to 48, the trainers are the ideal choice for all motorcyclists who appreciate excellent ventilation and comfort on the motorcycle even on the hottest days.</span></p>","The new generation of SHIMA REBEL 2.0 VENTED motorcycle boots perfectly combines urban style with exceptional ventilation. The sneakers provide high breathability thanks to extensive point perforations and a perforated tongue made of mesh fabric. In terms of safety, the model offers solid reinforcements at the heel, ankle and toe and a cross-reinforced rubber sole for stability and protection in all road conditions. The inside of the shoe is additionally equipped with a polypropylene reinforcement insole. The shoe has non-slip gear shift ribbing placed on a modern overlay made from a separate piece of material. The special design adapted to the position of the feet when riding a motorcycle guarantees stability and comfort even during long hours of touring. A lace cover, large reflective panels and adjustable laces make the REBEL 2.0 VENTED boots functional and practical. Available in classic black and practical grey and in a wide range of sizes from 41 to 48, the trainers are the ideal choice for all motorcyclists who appreciate excellent ventilation and comfort on the motorcycle even on the hottest days.",24000,,2026-07-26,active,Shima,4000,g,Buy Shima Rebel 2.0 Vented Boots | Mile 27 Store,The new generation of SHIMA REBEL 2.0 VENTED motorcycle boots perfectly combines urban style with exceptional ventilation. The sneakers provide high…,,Cleaned noise; brand verified,High,false,Riding Gear > Riding Boots,High,"Mapped from Shopify Type ""Riding Boots""",shima-rebel-2-0-vented-boots-1|Size:41:Colour:Black|price:24000.00|compare:|weight:4000|barcode:|qty:0 | shima-rebel-2-0-vented-boots-2|Size:41:Colour:Gray|price:24000.00|compare:|weight:4000|barcode:|qty:0 | shima-rebel-2-0-vented-boots-3|Size:42:Colour:Black|price:24000.00|compare:|weight:4000|barcode:|qty:0 | shima-rebel-2-0-vented-boots-4|Size:42:Colour:Gray|price:24000.00|compare:|weight:4000|barcode:|qty:0 | shima-rebel-2-0-vented-boots-5|Size:43:Colour:Black|price:24000.00|compare:|weight:4000|barcode:|qty:0 | shima-rebel-2-0-vented-boots-6|Size:43:Colour:Gray|price:24000.00|compare:|weight:4000|barcode:|qty:0 | shima-rebel-2-0-vented-boots-7|Size:44:Colour:Black|price:24000.00|compare:|weight:4000|barcode:|qty:0 | shima-rebel-2-0-vented-boots-8|Size:44:Colour:Gray|price:24000.00|compare:|weight:4000|barcode:|qty:0 | shima-rebel-2-0-vented-boots-9|Size:45:Colour:Black|price:24000.00|compare:|weight:4000|barcode:|qty:0 | shima-rebel-2-0-vented-boots-10|Size:45:Colour:Gray|price:24000.00|compare:|weight:4000|barcode:|qty:0 | shima-rebel-2-0-vented-boots-11|Size:46:Colour:Black|price:24000.00|compare:|weight:4000|barcode:|qty:0 | shima-rebel-2-0-vented-boots-12|Size:46:Colour:Gray|price:24000.00|compare:|weight:4000|barcode:|qty:0 | shima-rebel-2-0-vented-boots-13|Size:47:Colour:Black|price:24000.00|compare:|weight:4000|barcode:|qty:0 | shima-rebel-2-0-vented-boots-14|Size:47:Colour:Gray|price:24000.00|compare:|weight:4000|barcode:|qty:0 | shima-rebel-2-0-vented-boots-15|Size:48:Colour:Black|price:24000.00|compare:|weight:4000|barcode:|qty:0 | shima-rebel-2-0-vented-boots-16|Size:48:Colour:Gray|price:24000.00|compare:|weight:4000|barcode:|qty:0,"shima-rebel-2-0-vented-boots-1,shima-rebel-2-0-vented-boots-2,shima-rebel-2-0-vented-boots-3,shima-rebel-2-0-vented-boots-4,shima-rebel-2-0-vented-boots-5,shima-rebel-2-0-vented-boots-6,shima-rebel-2-0-vented-boots-7,shima-rebel-2-0-vented-boots-8,shima-rebel-2-0-vented-boots-9,shima-rebel-2-0-vented-boots-10,shima-rebel-2-0-vented-boots-11,shima-rebel-2-0-vented-boots-12,shima-rebel-2-0-vented-boots-13,shima-rebel-2-0-vented-boots-14,shima-rebel-2-0-vented-boots-15,shima-rebel-2-0-vented-boots-16",16,https://cdn.shopify.com/s/files/1/0076/8301/4754/files/SHIMA_REBEL-VENT_BLACK_MEN_2500x2500_DOUBLE.webp?v=1765448407|pos:1|alt:Shima Shima Rebel 2.0 Vented Boots – front view || https://cdn.shopify.com/s/files/1/0076/8301/4754/files/SHIMA_REBEL-VENTED_GREY_MEN_DOUBLE_2500x2500_5bdf788f-e264-4b16-b8fc-8568e3b569ac.webp?v=1765448407|pos:2|alt:Shima Shima Rebel 2.0 Vented Boots – side view || https://cdn.shopify.com/s/files/1/0076/8301/4754/files/SHIMA_REBEL-VENT_BLACK_MEN_SIDE_02_2500x2500_e945ffb0-fb44-452a-bb8d-9687336632c6.webp?v=1765448407|pos:3|alt:Shima Shima Rebel 2.0 Vented Boots – rear view || https://cdn.shopify.com/s/files/1/0076/8301/4754/files/SHIMA_REBEL-VENT_BLACK_MEN_SIDE_01_2500x2500_9ed71f2a-c43c-47fe-b288-8710e157b865.webp?v=1765448407|pos:4|alt:Shima Shima Rebel 2.0 Vented Boots – detail view,4,Shima Shima Rebel 2.0 Vented Boots – front view | Shima Shima Rebel 2.0 Vented Boots – side view | Shima Shima Rebel 2.0 Vented Boots – rear view | Shima Shima Rebel 2.0 Vented Boots – detail view,,0,,,,,,,,,false,not_eligible,,0,false,/products/shima-rebel-2-0-vented-boots,/products/shima-rebel-2-0-vented-boots
shima-rx-3-boots,shima-rx-3-boots,Shima RX-3 Boots,Shima RX-3 Boots,shima-rx-3-boots,"SHIMA RX-3 boots are long, sport-touring motorcycle boots that combine advanced protection with comfort for any ride. Made from a combination of leather and microfiber,… Available in multiple sizes and/or colours — select your variant.","<p><span>SHIMA RX-3 boots are long, sport-touring motorcycle boots that combine advanced protection with comfort for any ride. Made from a combination of leather and microfiber, they offer a precise fit and exceptional durability. SAP™ protectors with TPU on the ankle, reinforcements on the heel, toe and shin, as well as a replaceable SAP metal slider on the toe, ensure the highest level of safety for both dynamic riding and extended trips. An internal polypropylene insole enhances structural rigidity, providing optimal foot stabilization. The RX-3 boots feature perforated leather for excellent ventilation, making them an ideal choice for long, demanding routes. A soft lining and ergonomic upper ensure superior comfort, even during long hours of riding. Additional features, such as a zipper cover and a TPU overlay for shifting gear, enhance the boots' functionality for everyday use. The Night Vision System improves visibility with reflective elements on the front and back of the boots, increasing safety in low-light conditions. Available in classic BLACK for touring enthusiasts, as well as sporty, vibrant colourways such as BLACK/WHITE, YELLOW FLUO, and RED FLUO, in sizes 41 - 48, the SHIMA RX-3 boots are the ideal choice for those seeking a perfect balance of protection, comfort, and dynamic style on the road.</span></p>","SHIMA RX-3 boots are long, sport-touring motorcycle boots that combine advanced protection with comfort for any ride. Made from a combination of leather and microfiber, they offer a precise fit and exceptional durability. SAP™ protectors with TPU on the ankle, reinforcements on the heel, toe and shin, as well as a replaceable SAP metal slider on the toe, ensure the highest level of safety for both dynamic riding and extended trips. An internal polypropylene insole enhances structural rigidity, providing optimal foot stabilization. The RX-3 boots feature perforated leather for excellent ventilation, making them an ideal choice for long, demanding routes. A soft lining and ergonomic upper ensure superior comfort, even during long hours of riding. Additional features, such as a zipper cover and a TPU overlay for shifting gear, enhance the boots' functionality for everyday use. The Night Vision System improves visibility with reflective elements on the front and back of the boots, increasing safety in low-light conditions. Available in classic BLACK for touring enthusiasts, as well as sporty, vibrant colourways such as BLACK/WHITE, YELLOW FLUO, and RED FLUO, in sizes 41 - 48, the SHIMA RX-3 boots are the ideal choice for those seeking a perfect balance of protection, comfort, and dynamic style on the road.",28000,,2026-07-26,active,Shima,5000,g,Buy Shima RX-3 Boots | Mile 27 Store,"SHIMA RX-3 boots are long, sport-touring motorcycle boots that combine advanced protection with comfort for any ride. Made from a combination of leather…",,Cleaned noise; brand verified,High,false,Riding Gear > Riding Boots,High,"Mapped from Shopify Type ""Riding Boots""",shima-rx-3-boots-1|Size:41:Colour:Black|price:28000.00|compare:|weight:5000|barcode:|qty:0 | shima-rx-3-boots-2|Size:41:Colour:Black/White|price:28000.00|compare:|weight:5000|barcode:|qty:0 | shima-rx-3-boots-3|Size:41:Colour:Fluo|price:28000.00|compare:|weight:5000|barcode:|qty:0 | shima-rx-3-boots-4|Size:41:Colour:Red Fluo|price:28000.00|compare:|weight:5000|barcode:|qty:0 | shima-rx-3-boots-5|Size:42:Colour:Black|price:28000.00|compare:|weight:5000|barcode:|qty:0 | shima-rx-3-boots-6|Size:42:Colour:Black/White|price:28000.00|compare:|weight:5000|barcode:|qty:0 | shima-rx-3-boots-7|Size:42:Colour:Fluo|price:28000.00|compare:|weight:5000|barcode:|qty:0 | shima-rx-3-boots-8|Size:42:Colour:Red Fluo|price:28000.00|compare:|weight:5000|barcode:|qty:0 | shima-rx-3-boots-9|Size:43:Colour:Black|price:28000.00|compare:|weight:5000|barcode:|qty:0 | shima-rx-3-boots-10|Size:43:Colour:Black/White|price:28000.00|compare:|weight:5000|barcode:|qty:0 | shima-rx-3-boots-11|Size:43:Colour:Fluo|price:28000.00|compare:|weight:5000|barcode:|qty:0 | shima-rx-3-boots-12|Size:43:Colour:Red Fluo|price:28000.00|compare:|weight:5000|barcode:|qty:0 | shima-rx-3-boots-13|Size:44:Colour:Black|price:28000.00|compare:|weight:5000|barcode:|qty:0 | shima-rx-3-boots-14|Size:44:Colour:Black/White|price:28000.00|compare:|weight:5000|barcode:|qty:0 | shima-rx-3-boots-15|Size:44:Colour:Fluo|price:28000.00|compare:|weight:5000|barcode:|qty:0 | shima-rx-3-boots-16|Size:44:Colour:Red Fluo|price:28000.00|compare:|weight:5000|barcode:|qty:0 | shima-rx-3-boots-17|Size:45:Colour:Black|price:28000.00|compare:|weight:5000|barcode:|qty:0 | shima-rx-3-boots-18|Size:45:Colour:Black/White|price:28000.00|compare:|weight:5000|barcode:|qty:0 | shima-rx-3-boots-19|Size:45:Colour:Fluo|price:28000.00|compare:|weight:5000|barcode:|qty:0 | shima-rx-3-boots-20|Size:45:Colour:Red Fluo|price:28000.00|compare:|weight:5000|barcode:|qty:0 | shima-rx-3-boots-21|Size:46:Colour:Black|price:28000.00|compare:|weight:5000|barcode:|qty:0 | shima-rx-3-boots-22|Size:46:Colour:Black/White|price:28000.00|compare:|weight:5000|barcode:|qty:0 | shima-rx-3-boots-23|Size:46:Colour:Fluo|price:28000.00|compare:|weight:5000|barcode:|qty:0 | shima-rx-3-boots-24|Size:46:Colour:Red Fluo|price:28000.00|compare:|weight:5000|barcode:|qty:0 | shima-rx-3-boots-25|Size:47:Colour:Black|price:28000.00|compare:|weight:5000|barcode:|qty:0 | shima-rx-3-boots-26|Size:47:Colour:Black/White|price:28000.00|compare:|weight:5000|barcode:|qty:0 | shima-rx-3-boots-27|Size:47:Colour:Fluo|price:28000.00|compare:|weight:5000|barcode:|qty:0 | shima-rx-3-boots-28|Size:47:Colour:Red Fluo|price:28000.00|compare:|weight:5000|barcode:|qty:0 | shima-rx-3-boots-29|Size:48:Colour:Black|price:28000.00|compare:|weight:5000|barcode:|qty:0 | shima-rx-3-boots-30|Size:48:Colour:Black/White|price:28000.00|compare:|weight:5000|barcode:|qty:0 | shima-rx-3-boots-31|Size:48:Colour:Fluo|price:28000.00|compare:|weight:5000|barcode:|qty:0 | shima-rx-3-boots-32|Size:48:Colour:Red Fluo|price:28000.00|compare:|weight:5000|barcode:|qty:0,"shima-rx-3-boots-1,shima-rx-3-boots-2,shima-rx-3-boots-3,shima-rx-3-boots-4,shima-rx-3-boots-5,shima-rx-3-boots-6,shima-rx-3-boots-7,shima-rx-3-boots-8,shima-rx-3-boots-9,shima-rx-3-boots-10,shima-rx-3-boots-11,shima-rx-3-boots-12,shima-rx-3-boots-13,shima-rx-3-boots-14,shima-rx-3-boots-15,shima-rx-3-boots-16,shima-rx-3-boots-17,shima-rx-3-boots-18,shima-rx-3-boots-19,shima-rx-3-boots-20,shima-rx-3-boots-21,shima-rx-3-boots-22,shima-rx-3-boots-23,shima-rx-3-boots-24,shima-rx-3-boots-25,shima-rx-3-boots-26,shima-rx-3-boots-27,shima-rx-3-boots-28,shima-rx-3-boots-29,shima-rx-3-boots-30,shima-rx-3-boots-31,shima-rx-3-boots-32",32,https://cdn.shopify.com/s/files/1/0076/8301/4754/files/SHIMA_RX3_MEN_BLACK_DOUBLE_2500x2500_50ef8878-152a-4bc5-80b0-a2d07fc7b381.avif?v=1765447807|pos:1|alt:Shima Shima RX-3 Boots – front view || https://cdn.shopify.com/s/files/1/0076/8301/4754/files/SHIMA_RX3_MEN_BLACK_SIDE_B_2500x2500_6b640db1-6251-4269-8cb1-52913bc86c37.avif?v=1765447807|pos:2|alt:Shima Shima RX-3 Boots – side view || https://cdn.shopify.com/s/files/1/0076/8301/4754/files/SHIMA_RX3_MEN_BLACK_SIDE_A_2500x2500_c776f478-d879-4133-bf19-94fa0e671e26.avif?v=1765447807|pos:3|alt:Shima Shima RX-3 Boots – rear view || https://cdn.shopify.com/s/files/1/0076/8301/4754/files/SHIMA_RX3_MEN_BLACK_WHITE_DOUBLE_2500x2500_4f658842-9ae5-4502-895c-d93fb85470b7.avif?v=1765447892|pos:4|alt:Shima Shima RX-3 Boots – detail view || https://cdn.shopify.com/s/files/1/0076/8301/4754/files/SHIMA_RX3_MEN_FLUO_DOUBLE_2500x2500_1fd65611-14ae-424b-98a3-d296670c2af5.avif?v=1765447891|pos:5|alt:Shima Shima RX-3 Boots – top view || https://cdn.shopify.com/s/files/1/0076/8301/4754/files/SHIMA_RX3_MEN_RED_DOUBLE.avif?v=1765447891|pos:6|alt:Shima Shima RX-3 Boots – product view,6,Shima Shima RX-3 Boots – front view | Shima Shima RX-3 Boots – side view | Shima Shima RX-3 Boots – rear view | Shima Shima RX-3 Boots – detail view | Shima Shima RX-3 Boots – top view | Shima Shima RX-3 Boots – product view,,0,,,,,,,,,false,not_eligible,,0,false,/products/shima-rx-3-boots,/products/shima-rx-3-boots
shima-fusion-wp-boots,shima-fusion-wp-boots,Shima Fusion WP Boots,Shima Fusion WP Boots,shima-fusion-wp-boots,"The SHIMA FUSION WP boots are entry-level touring motorcycle boots offering reliable protection, comfort and functionality on the road. Made from durable materials, they provide… Available in multiple sizes and/or colours — select your variant.","<p><span>The SHIMA FUSION WP boots are entry-level touring motorcycle boots offering reliable protection, comfort and functionality on the road. Made from durable materials, they provide reinforced protection in key areas - the heel, ankle and toe - for safe riding. A reinforced shifter panel and rear TPU reinforcements further enhance durability. The polypropylene insole ensures structural rigidity, stabilizing the foot during rides. The boots are equipped with a NextDry waterproof membrane, which effectively protects against rain while allowing air circulation to maintain thermal comfort. This makes the FUSION WP boots suitable for various weather conditions, keeping feet dry and comfortable. Comfort is enhanced by a convenient hook-and-loop closure that allows easy adjustment around the ankle and upper, accommodating different foot and leg shapes. The soft upper finish and specially designed lining provide exceptional comfort, even during extended rides. Additional features, such as a non-slip sole and easy-to-clean fabric protection patches, make the boots practical and user-friendly. The boots also feature the Night Vision System, increasing rider visibility after dark with reflective elements on the upper and back. The FUSION WP boots are an excellent choice for motorcyclists who value comfort and reliable protection at an affordable price.</span></p>","The SHIMA FUSION WP boots are entry-level touring motorcycle boots offering reliable protection, comfort and functionality on the road. Made from durable materials, they provide reinforced protection in key areas - the heel, ankle and toe - for safe riding. A reinforced shifter panel and rear TPU reinforcements further enhance durability. The polypropylene insole ensures structural rigidity, stabilizing the foot during rides. The boots are equipped with a NextDry waterproof membrane, which effectively protects against rain while allowing air circulation to maintain thermal comfort. This makes the FUSION WP boots suitable for various weather conditions, keeping feet dry and comfortable. Comfort is enhanced by a convenient hook-and-loop closure that allows easy adjustment around the ankle and upper, accommodating different foot and leg shapes. The soft upper finish and specially designed lining provide exceptional comfort, even during extended rides. Additional features, such as a non-slip sole and easy-to-clean fabric protection patches, make the boots practical and user-friendly. The boots also feature the Night Vision System, increasing rider visibility after dark with reflective elements on the upper and back. The FUSION WP boots are an excellent choice for motorcyclists who value comfort and reliable protection at an affordable price.",26000,,2026-07-26,active,Shima,4000,g,Buy Shima Fusion WP Boots | Mile 27 Store,"The SHIMA FUSION WP boots are entry-level touring motorcycle boots offering reliable protection, comfort and functionality on the road. Made from durable…",,Cleaned noise; brand verified,High,false,Riding Gear > Riding Boots,High,"Mapped from Shopify Type ""Riding Boots""",shima-fusion-wp-boots-1|Size:41|price:26000.00|compare:|weight:4000|barcode:|qty:0 | shima-fusion-wp-boots-2|Size:42|price:26000.00|compare:|weight:4000|barcode:|qty:0 | shima-fusion-wp-boots-3|Size:43|price:26000.00|compare:|weight:4000|barcode:|qty:0 | shima-fusion-wp-boots-4|Size:44|price:26000.00|compare:|weight:4000|barcode:|qty:0 | shima-fusion-wp-boots-5|Size:45|price:26000.00|compare:|weight:4000|barcode:|qty:0 | shima-fusion-wp-boots-6|Size:46|price:26000.00|compare:|weight:4000|barcode:|qty:0 | shima-fusion-wp-boots-7|Size:47|price:26000.00|compare:|weight:4000|barcode:|qty:0 | shima-fusion-wp-boots-8|Size:48|price:26000.00|compare:|weight:4000|barcode:|qty:0,"shima-fusion-wp-boots-1,shima-fusion-wp-boots-2,shima-fusion-wp-boots-3,shima-fusion-wp-boots-4,shima-fusion-wp-boots-5,shima-fusion-wp-boots-6,shima-fusion-wp-boots-7,shima-fusion-wp-boots-8",8,https://cdn.shopify.com/s/files/1/0076/8301/4754/files/SHIMA_FUSION-WP_BOOT_MEN_BLACK_DOUBLE.avif?v=1765447549|pos:1|alt:Shima Shima Fusion WP Boots – front view || https://cdn.shopify.com/s/files/1/0076/8301/4754/files/SHIMA_FUSION-WP_BOOT_MEN_BLACK_SIDE2.avif?v=1765447549|pos:2|alt:Shima Shima Fusion WP Boots – side view || https://cdn.shopify.com/s/files/1/0076/8301/4754/files/SHIMA_FUSION-WP_BOOT_MEN_BLACK_SIDE1.avif?v=1765447549|pos:3|alt:Shima Shima Fusion WP Boots – rear view,3,Shima Shima Fusion WP Boots – front view | Shima Shima Fusion WP Boots – side view | Shima Shima Fusion WP Boots – rear view,,0,,,,,,,,,false,not_eligible,,0,false,/products/shima-fusion-wp-boots,/products/shima-fusion-wp-boots
shima-tenex-wp-boots,shima-tenex-wp-boots,Shima Tenex WP Boots,Shima Tenex WP Boots,shima-tenex-wp-boots,"SHIMA TENEX WP are touring and sports motorcycle boots designed for shorter and longer journeys, where comfort and safety go hand in hand. Made of… Available in multiple sizes and/or colours — select your variant.","<p><span>SHIMA TENEX WP are touring and sports motorcycle boots designed for shorter and longer journeys, where comfort and safety go hand in hand. Made of durable microfibre and reinforced with CORDURA® elements, they offer unrivalled protection on the road. Thanks to the ATOP side fastening, the boots fit perfectly to the foot and ankle, ensuring stability and comfort. The NextDry™ membrane provides waterproofing, while the perforations on the sides and the breathable tongue ensure excellent air circulation, making the boots ideal for all weather conditions. Reinforced heel, ankle and toes, as well as a polypropylene insole and external sliders on the toes, ensure maximum safety during dynamic riding. The soft finish of the upper and the special design of the lining guarantee comfort, even during all-day riding. The non-slip ESG sole provides confidence with every step, and the reflective panel on the sides and back of the boot increases visibility after dark, ensuring the passive safety of the motorcyclist.</span><span></span></p>","SHIMA TENEX WP are touring and sports motorcycle boots designed for shorter and longer journeys, where comfort and safety go hand in hand. Made of durable microfibre and reinforced with CORDURA® elements, they offer unrivalled protection on the road. Thanks to the ATOP side fastening, the boots fit perfectly to the foot and ankle, ensuring stability and comfort. The NextDry™ membrane provides waterproofing, while the perforations on the sides and the breathable tongue ensure excellent air circulation, making the boots ideal for all weather conditions. Reinforced heel, ankle and toes, as well as a polypropylene insole and external sliders on the toes, ensure maximum safety during dynamic riding. The soft finish of the upper and the special design of the lining guarantee comfort, even during all-day riding. The non-slip ESG sole provides confidence with every step, and the reflective panel on the sides and back of the boot increases visibility after dark, ensuring the passive safety of the motorcyclist.",36000,,2026-07-26,active,Shima,4000,g,Buy Shima Tenex WP Boots | Mile 27 Store,"SHIMA TENEX WP are touring and sports motorcycle boots designed for shorter and longer journeys, where comfort and safety go hand in hand. Made of…",,Cleaned noise; brand verified,High,false,Riding Gear > Riding Boots,High,"Mapped from Shopify Type ""Riding Boots""",shima-tenex-wp-boots-1|Size:41|price:36000.00|compare:|weight:4000|barcode:|qty:0 | shima-tenex-wp-boots-2|Size:42|price:36000.00|compare:|weight:4000|barcode:|qty:0 | shima-tenex-wp-boots-3|Size:43|price:36000.00|compare:|weight:4000|barcode:|qty:0 | shima-tenex-wp-boots-4|Size:44|price:36000.00|compare:|weight:4000|barcode:|qty:0 | shima-tenex-wp-boots-5|Size:45|price:36000.00|compare:|weight:4000|barcode:|qty:0 | shima-tenex-wp-boots-6|Size:46|price:36000.00|compare:|weight:4000|barcode:|qty:0 | shima-tenex-wp-boots-7|Size:47|price:36000.00|compare:|weight:4000|barcode:|qty:0 | shima-tenex-wp-boots-8|Size:48|price:36000.00|compare:|weight:4000|barcode:|qty:0,"shima-tenex-wp-boots-1,shima-tenex-wp-boots-2,shima-tenex-wp-boots-3,shima-tenex-wp-boots-4,shima-tenex-wp-boots-5,shima-tenex-wp-boots-6,shima-tenex-wp-boots-7,shima-tenex-wp-boots-8",8,https://cdn.shopify.com/s/files/1/0076/8301/4754/files/SHIMA_TENEX_BOOT_MEN_BLACK_DOUBLE.avif?v=1765446856|pos:1|alt:Shima Shima Tenex WP Boots – front view || https://cdn.shopify.com/s/files/1/0076/8301/4754/files/SHIMA_TENEX_BOOT_MEN_BLACK_SIDE-2.avif?v=1765446856|pos:2|alt:Shima Shima Tenex WP Boots – side view || https://cdn.shopify.com/s/files/1/0076/8301/4754/files/SHIMA_TENEX_BOOT_MEN_BLACK_SIDE-1.avif?v=1765446856|pos:3|alt:Shima Shima Tenex WP Boots – rear view,3,Shima Shima Tenex WP Boots – front view | Shima Shima Tenex WP Boots – side view | Shima Shima Tenex WP Boots – rear view,,0,,,,,,,,,false,not_eligible,,0,false,/products/shima-tenex-wp-boots,/products/shima-tenex-wp-boots
shima-edge-vented-shoes,shima-edge-vented-shoes,SHIMA Edge Vented Shoes,SHIMA Edge Vented Shoes,shima-edge-vented-shoes,"The SHIMA Edge Vented motorcycle shoes are the perfect combination of safety, comfort and style – the ideal choice for those who enjoy city riding… • H3 Heat Free System. • ATOP lacing cord closure system. • Perforations for breathability. • Inner side of heel with an improved grip. Available in multiple sizes and/or colours — select your variant.","The SHIMA Edge Vented motorcycle shoes are the perfect combination of safety, comfort and style – the ideal choice for those who enjoy city riding and summer trips. Thanks to strategically placed perforations and airy construction of the tongue, they maintain proper air circulation and provide a pleasant feeling of coolness even on hot days. The shoes have a new type of sole made with the ESG™ technology. A diagonally profiled heel counter and the grip enhancing surface guarantee maximum protection. Your safety is also ensured by insole that laterally stiffens the sole and SAP™ ankle protector made of TPR, while the heel, ankle and toe areas have been additionally reinforced. Edge Vented features a strap that makes it easy to pull the shoe on and the innovative ATOP lacing system, which can be easily operated with one hand only. In addition, reflective elements will keep you visible even after dark. <br><br>
<strong>Features:</strong>
<ul data-mce-fragment=""1"">
<li data-mce-fragment=""1"">H3 Heat Free System</li>
<li data-mce-fragment=""1"">ATOP lacing cord closure system</li>
<li data-mce-fragment=""1"">Perforations for breathability</li>
<li data-mce-fragment=""1"">Inner side of heel with an improved grip</li>
<li data-mce-fragment=""1"">Rubberized gear pad</li>
<li data-mce-fragment=""1"">Reflective panels</li>
<li data-mce-fragment=""1"">Pulling strap</li>
</ul>
<strong>Specifications:</strong>
<ul data-mce-fragment=""1"">
<li data-mce-fragment=""1"">SAP™ ankle protector </li>
<li data-mce-fragment=""1"">ESG™ designed sole</li>
<li data-mce-fragment=""1"">Polypropylene insole and reinforced sole</li>
<li data-mce-fragment=""1"">Reinforced heel, ankle and toe areas</li>
<li data-mce-fragment=""1"">Rigid heel cober</li>
<li data-mce-fragment=""1"">Protective motorcycle gear according to the (EU) 2016/425 regulation</li>
<li data-mce-fragment=""1"">PPE - protective motorcycle shoes (EN 13634:2017)</li>
</ul>","The SHIMA Edge Vented motorcycle shoes are the perfect combination of safety, comfort and style – the ideal choice for those who enjoy city riding and summer trips. Thanks to strategically placed perforations and airy construction of the tongue, they maintain proper air circulation and provide a pleasant feeling of coolness even on hot days. The shoes have a new type of sole made with the ESG™ technology. A diagonally profiled heel counter and the grip enhancing surface guarantee maximum protection. Your safety is also ensured by insole that laterally stiffens the sole and SAP™ ankle protector made of TPR, while the heel, ankle and toe areas have been additionally reinforced. Edge Vented features a strap that makes it easy to pull the shoe on and the innovative ATOP lacing system, which can be easily operated with one hand only. In addition, reflective elements will keep you visible even after dark. 

Features:

• H3 Heat Free System

• ATOP lacing cord closure system

• Perforations for breathability

• Inner side of heel with an improved grip

• Rubberized gear pad

• Reflective panels

• Pulling strap

Specifications:

• SAP™ ankle protector 

• ESG™ designed sole

• Polypropylene insole and reinforced sole

• Reinforced heel, ankle and toe areas

• Rigid heel cober

• Protective motorcycle gear according to the (EU) 2016/425 regulation

• PPE - protective motorcycle shoes (EN 13634:2017)",26000,,2026-07-26,active,Shima,4000,g,Buy SHIMA Edge Vented Shoes | Mile 27 Store,"The SHIMA Edge Vented motorcycle shoes are the perfect combination of safety, comfort and style – the ideal choice for those who enjoy city riding… H3…",H3 Heat Free System | ATOP lacing cord closure system | Perforations for breathability | Inner side of heel with an improved grip,Cleaned noise; brand verified,High,false,Riding Gear > Riding Boots,High,"Mapped from Shopify Type ""Riding Boots""",shima-edge-vented-shoes-1|Size:41:Colour:Black|price:26000.00|compare:|weight:4000|barcode:|qty:0 | shima-edge-vented-shoes-2|Size:41:Colour:Black/Red|price:26000.00|compare:|weight:4000|barcode:|qty:0 | shima-edge-vented-shoes-3|Size:41:Colour:Black/Dark Green|price:26000.00|compare:|weight:4000|barcode:|qty:0 | shima-edge-vented-shoes-4|Size:41:Colour:Black/Yellow|price:26000.00|compare:|weight:4000|barcode:|qty:0 | shima-edge-vented-shoes-5|Size:42:Colour:Black|price:26000.00|compare:|weight:4000|barcode:|qty:0 | shima-edge-vented-shoes-6|Size:42:Colour:Black/Red|price:26000.00|compare:|weight:4000|barcode:|qty:0 | shima-edge-vented-shoes-7|Size:42:Colour:Black/Dark Green|price:26000.00|compare:|weight:4000|barcode:|qty:0 | shima-edge-vented-shoes-8|Size:42:Colour:Black/Yellow|price:26000.00|compare:|weight:4000|barcode:|qty:0 | shima-edge-vented-shoes-9|Size:43:Colour:Black|price:26000.00|compare:|weight:4000|barcode:|qty:0 | shima-edge-vented-shoes-10|Size:43:Colour:Black/Red|price:26000.00|compare:|weight:4000|barcode:|qty:0 | shima-edge-vented-shoes-11|Size:43:Colour:Black/Dark Green|price:26000.00|compare:|weight:4000|barcode:|qty:0 | shima-edge-vented-shoes-12|Size:43:Colour:Black/Yellow|price:26000.00|compare:|weight:4000|barcode:|qty:0 | shima-edge-vented-shoes-13|Size:44:Colour:Black|price:26000.00|compare:|weight:4000|barcode:|qty:0 | shima-edge-vented-shoes-14|Size:44:Colour:Black/Red|price:26000.00|compare:|weight:4000|barcode:|qty:0 | shima-edge-vented-shoes-15|Size:44:Colour:Black/Dark Green|price:26000.00|compare:|weight:4000|barcode:|qty:0 | shima-edge-vented-shoes-16|Size:44:Colour:Black/Yellow|price:26000.00|compare:|weight:4000|barcode:|qty:0 | shima-edge-vented-shoes-17|Size:45:Colour:Black|price:26000.00|compare:|weight:4000|barcode:|qty:0 | shima-edge-vented-shoes-18|Size:45:Colour:Black/Red|price:26000.00|compare:|weight:4000|barcode:|qty:0 | shima-edge-vented-shoes-19|Size:45:Colour:Black/Dark Green|price:26000.00|compare:|weight:4000|barcode:|qty:0 | shima-edge-vented-shoes-20|Size:45:Colour:Black/Yellow|price:26000.00|compare:|weight:4000|barcode:|qty:0 | shima-edge-vented-shoes-21|Size:46:Colour:Black|price:26000.00|compare:|weight:4000|barcode:|qty:0 | shima-edge-vented-shoes-22|Size:46:Colour:Black/Red|price:26000.00|compare:|weight:4000|barcode:|qty:0 | shima-edge-vented-shoes-23|Size:46:Colour:Black/Dark Green|price:26000.00|compare:|weight:4000|barcode:|qty:0 | shima-edge-vented-shoes-24|Size:46:Colour:Black/Yellow|price:26000.00|compare:|weight:4000|barcode:|qty:0 | shima-edge-vented-shoes-25|Size:47:Colour:Black|price:26000.00|compare:|weight:4000|barcode:|qty:0 | shima-edge-vented-shoes-26|Size:47:Colour:Black/Red|price:26000.00|compare:|weight:4000|barcode:|qty:0 | shima-edge-vented-shoes-27|Size:47:Colour:Black/Dark Green|price:26000.00|compare:|weight:4000|barcode:|qty:0 | shima-edge-vented-shoes-28|Size:47:Colour:Black/Yellow|price:26000.00|compare:|weight:4000|barcode:|qty:0 | shima-edge-vented-shoes-29|Size:48:Colour:Black|price:26000.00|compare:|weight:4000|barcode:|qty:0 | shima-edge-vented-shoes-30|Size:48:Colour:Black/Red|price:26000.00|compare:|weight:4000|barcode:|qty:0 | shima-edge-vented-shoes-31|Size:48:Colour:Black/Dark Green|price:26000.00|compare:|weight:4000|barcode:|qty:0 | shima-edge-vented-shoes-32|Size:48:Colour:Black/Yellow|price:26000.00|compare:|weight:4000|barcode:|qty:0,"shima-edge-vented-shoes-1,shima-edge-vented-shoes-2,shima-edge-vented-shoes-3,shima-edge-vented-shoes-4,shima-edge-vented-shoes-5,shima-edge-vented-shoes-6,shima-edge-vented-shoes-7,shima-edge-vented-shoes-8,shima-edge-vented-shoes-9,shima-edge-vented-shoes-10,shima-edge-vented-shoes-11,shima-edge-vented-shoes-12,shima-edge-vented-shoes-13,shima-edge-vented-shoes-14,shima-edge-vented-shoes-15,shima-edge-vented-shoes-16,shima-edge-vented-shoes-17,shima-edge-vented-shoes-18,shima-edge-vented-shoes-19,shima-edge-vented-shoes-20,shima-edge-vented-shoes-21,shima-edge-vented-shoes-22,shima-edge-vented-shoes-23,shima-edge-vented-shoes-24,shima-edge-vented-shoes-25,shima-edge-vented-shoes-26,shima-edge-vented-shoes-27,shima-edge-vented-shoes-28,shima-edge-vented-shoes-29,shima-edge-vented-shoes-30,shima-edge-vented-shoes-31,shima-edge-vented-shoes-32",32,https://cdn.shopify.com/s/files/1/0076/8301/4754/products/SHIMA_EDGE_VENTED_MEN_BLACK_DOUBLE_1600px.jpg?v=1661078130|pos:1|alt:Shima SHIMA Edge Vented Shoes – front view || https://cdn.shopify.com/s/files/1/0076/8301/4754/products/SHIMA_EDGE_VENTED_MEN_RED_DOUBLE_1600px.jpg?v=1661078128|pos:2|alt:Shima SHIMA Edge Vented Shoes – side view || https://cdn.shopify.com/s/files/1/0076/8301/4754/products/SHIMA_EDGE_VENTED_MEN_KHAKI_DOUBLE_1600px.jpg?v=1661078129|pos:3|alt:Shima SHIMA Edge Vented Shoes – rear view || https://cdn.shopify.com/s/files/1/0076/8301/4754/products/SHIMA_EDGE_VENTED_MEN_FLUO_DOUBLE_1600px.jpg?v=1661078128|pos:4|alt:Shima SHIMA Edge Vented Shoes – detail view,4,Shima SHIMA Edge Vented Shoes – front view | Shima SHIMA Edge Vented Shoes – side view | Shima SHIMA Edge Vented Shoes – rear view | Shima SHIMA Edge Vented Shoes – detail view,,0,Shima Edge Vented Shoes,"Shima Edge Vented Shoes. The SHIMA Edge Vented motorcycle shoes are the perfect combination of safety, comfort and style – the ideal choice for those who enjoy city riding… • H3 Heat Free System.",,,H3 Heat Free System. ATOP lacing cord closure system. Perforations for breathability. Inner side of heel with an improved grip.,,Available in multiple sizes. Check the size guide before ordering.,Shima Edge Vented Shoes — a riding Boot built to the specifications listed above.,true,draft,https://cdn.shopify.com/s/files/1/0076/8301/4754/products/SHIMA_EDGE_VENTED_MEN_BLACK_DOUBLE_1600px.jpg?v=1661078130|role:hero || https://cdn.shopify.com/s/files/1/0076/8301/4754/products/SHIMA_EDGE_VENTED_MEN_RED_DOUBLE_1600px.jpg?v=1661078128|role:construction detail || https://cdn.shopify.com/s/files/1/0076/8301/4754/products/SHIMA_EDGE_VENTED_MEN_KHAKI_DOUBLE_1600px.jpg?v=1661078129|role:side profile,3,false,/products/shima-edge-vented-shoes,/products/shima-edge-vented-shoes
shima-sx-6-boots,shima-sx-6-boots,SHIMA SX-6 Boots,SHIMA SX-6 Boots,shima-sx-6-boots,The short SHIMA SX-6 motorcycle boots are a great choice both for the racetrack and urban riding. A rigid heel casing reinforces the rear area… • Perforated leather. • Slanted construction. • TPU grip pad for gear change. • SafeFoot technology. Available in multiple sizes and/or colours — select your variant.,"The short SHIMA SX-6 motorcycle boots are a great choice both for the racetrack and urban riding. A rigid heel casing reinforces the rear area of the boot while the metal slider protects the side and top of the foot together with the stiffener hidden under the leather. The sole of the SafeFoot System is strengthened vertically. Perforated leather on the front allows light ventilation and air circulation inside the boot. The SX-6 is equipped with a strap which makes it easier to put on the boot.<br><br>
<strong>Features:</strong>
<ul data-mce-fragment=""1"">
<li data-mce-fragment=""1"">Perforated leather</li>
<li data-mce-fragment=""1"">Slanted construction</li>
<li data-mce-fragment=""1"">TPU grip pad for gear change</li>
<li data-mce-fragment=""1"">SafeFoot technology</li>
<li data-mce-fragment=""1"">Pulling strap</li>
<li data-mce-fragment=""1"">Ergonomic rubber sole</li>
</ul>
<strong>Specifications:</strong>
<ul data-mce-fragment=""1"">
<li data-mce-fragment=""1"">SAP™ TPU cover plate on ankle</li>
<li data-mce-fragment=""1"">Reinforced heel, ankle and toe areas</li>
<li data-mce-fragment=""1"">ArmorPlus foam absorbers on ankle</li>
<li data-mce-fragment=""1"">Rigid heel cover</li>
<li data-mce-fragment=""1"">SAP™ toe slider</li>
<li data-mce-fragment=""1"">EN 13634:2017</li>
</ul>
<strong>Manufacturer's note:</strong>
<ul data-mce-fragment=""1"">
<li data-mce-fragment=""1"">If you measure between two sizes when determining the size the manufacturer recommends to choose the larger size.</li>
</ul>","The short SHIMA SX-6 motorcycle boots are a great choice both for the racetrack and urban riding. A rigid heel casing reinforces the rear area of the boot while the metal slider protects the side and top of the foot together with the stiffener hidden under the leather. The sole of the SafeFoot System is strengthened vertically. Perforated leather on the front allows light ventilation and air circulation inside the boot. The SX-6 is equipped with a strap which makes it easier to put on the boot.

Features:

• Perforated leather

• Slanted construction

• TPU grip pad for gear change

• SafeFoot technology

• Pulling strap

• Ergonomic rubber sole

Specifications:

• SAP™ TPU cover plate on ankle

• Reinforced heel, ankle and toe areas

• ArmorPlus foam absorbers on ankle

• Rigid heel cover

• SAP™ toe slider

• EN 13634:2017

Manufacturer's note:

• If you measure between two sizes when determining the size the manufacturer recommends to choose the larger size.",24000,,2026-07-26,active,Shima,4000,g,Buy SHIMA SX-6 Boots | Mile 27 Store,The short SHIMA SX-6 motorcycle boots are a great choice both for the racetrack and urban riding. A rigid heel casing reinforces the rear area… Perforated…,Perforated leather | Slanted construction | TPU grip pad for gear change | SafeFoot technology,Cleaned noise; brand verified,High,false,Riding Gear > Riding Boots,High,"Mapped from Shopify Type ""Riding Boots""",shima-sx-6-boots-1|Size:41:Colour:Black|price:24000.00|compare:|weight:4000|barcode:|qty:0 | shima-sx-6-boots-2|Size:41:Colour:Black/White/Red|price:24000.00|compare:|weight:4000|barcode:|qty:0 | shima-sx-6-boots-3|Size:42:Colour:Black|price:24000.00|compare:|weight:4000|barcode:|qty:0 | shima-sx-6-boots-4|Size:42:Colour:Black/White/Red|price:24000.00|compare:|weight:4000|barcode:|qty:0 | shima-sx-6-boots-5|Size:43:Colour:Black|price:24000.00|compare:|weight:4000|barcode:|qty:0 | shima-sx-6-boots-6|Size:43:Colour:Black/White/Red|price:24000.00|compare:|weight:4000|barcode:|qty:0 | shima-sx-6-boots-7|Size:44:Colour:Black|price:24000.00|compare:|weight:4000|barcode:|qty:0 | shima-sx-6-boots-8|Size:44:Colour:Black/White/Red|price:24000.00|compare:|weight:4000|barcode:|qty:0 | shima-sx-6-boots-9|Size:45:Colour:Black|price:24000.00|compare:|weight:4000|barcode:|qty:0 | shima-sx-6-boots-10|Size:45:Colour:Black/White/Red|price:24000.00|compare:|weight:4000|barcode:|qty:0 | shima-sx-6-boots-11|Size:46:Colour:Black|price:24000.00|compare:|weight:4000|barcode:|qty:0 | shima-sx-6-boots-12|Size:46:Colour:Black/White/Red|price:24000.00|compare:|weight:4000|barcode:|qty:0,"shima-sx-6-boots-1,shima-sx-6-boots-2,shima-sx-6-boots-3,shima-sx-6-boots-4,shima-sx-6-boots-5,shima-sx-6-boots-6,shima-sx-6-boots-7,shima-sx-6-boots-8,shima-sx-6-boots-9,shima-sx-6-boots-10,shima-sx-6-boots-11,shima-sx-6-boots-12",12,https://cdn.shopify.com/s/files/1/0076/8301/4754/products/SX-6_BLACK_double_1600px.jpg?v=1661077503|pos:1|alt:Shima SHIMA SX-6 Boots – front view || https://cdn.shopify.com/s/files/1/0076/8301/4754/products/SX-6_WHITE_RED_BLACK_double_1600px.jpg?v=1661077502|pos:2|alt:Shima SHIMA SX-6 Boots – side view || https://cdn.shopify.com/s/files/1/0076/8301/4754/products/SX-6_WHITE_RED_BLACK_side_1_1600px.jpg?v=1661077504|pos:3|alt:Shima SHIMA SX-6 Boots – rear view || https://cdn.shopify.com/s/files/1/0076/8301/4754/products/SX-6_WHITE_RED_BLACK_side_2_1600px.jpg?v=1661077503|pos:4|alt:Shima SHIMA SX-6 Boots – detail view,4,Shima SHIMA SX-6 Boots – front view | Shima SHIMA SX-6 Boots – side view | Shima SHIMA SX-6 Boots – rear view | Shima SHIMA SX-6 Boots – detail view,,0,Shima SX-6 Boots,Shima SX-6 Boots. The short SHIMA SX-6 motorcycle boots are a great choice both for the racetrack and urban riding.,Perforated leather. Slanted construction.,,TPU grip pad for gear change. SafeFoot technology.,,Available in multiple sizes. Check the size guide before ordering.,Shima SX-6 Boots — a riding Boot built to the specifications listed above.,true,draft,https://cdn.shopify.com/s/files/1/0076/8301/4754/products/SX-6_BLACK_double_1600px.jpg?v=1661077503|role:hero || https://cdn.shopify.com/s/files/1/0076/8301/4754/products/SX-6_WHITE_RED_BLACK_double_1600px.jpg?v=1661077502|role:construction detail || https://cdn.shopify.com/s/files/1/0076/8301/4754/products/SX-6_WHITE_RED_BLACK_side_1_1600px.jpg?v=1661077504|role:side profile,3,false,/products/shima-sx-6-boots,/products/shima-sx-6-boots
shima-blake-shoes,shima-blake-shoes,SHIMA Blake Shoes,SHIMA Blake Shoes,shima-blake-shoes,"The SHIMA Blake are casual, yet well protective motorcycle shoes with the unmistakeable elegance of leather footwear. If you are looking for shoes that can… • High quality cowhide. • Perforations for breathability. • Grip deboss for gear change. • Side zipper. Available in multiple sizes and/or colours — select your variant.","The SHIMA Blake are casual, yet well protective motorcycle shoes with the unmistakeable elegance of leather footwear. If you are looking for shoes that can last for years, this is the right choice. The heel, toe and ankle areas are reinforced and hardened to keep crucial elements of your foot safe. The subtle perforations are not only decorative but have been added for extra breathability while riding. A specially embossed toe area for more grip while shifting will extend the durability. This is the perfect shoe for those who love to ride with style and personality, without compromising on comfort and safety. Make a stylish set along with the Blake jacket and gloves.<br><br>
<strong>Features:</strong>
<ul data-mce-fragment=""1"">
<li data-mce-fragment=""1"">High quality cowhide</li>
<li data-mce-fragment=""1"">Perforations for breathability</li>
<li data-mce-fragment=""1"">Grip deboss for gear change</li>
<li data-mce-fragment=""1"">Side zipper</li>
<li data-mce-fragment=""1"">Reflective panels</li>
<li data-mce-fragment=""1"">Pulling strap on the back</li>
<li data-mce-fragment=""1"">Anti-slip sole</li>
</ul>
<strong>Specifications:</strong>
<ul data-mce-fragment=""1"">
<li data-mce-fragment=""1"">SAP™ TPU cover plate on ankle</li>
<li data-mce-fragment=""1"">Reinforced heel, ankle and toes areas</li>
<li data-mce-fragment=""1"">Cross-reinforced sole</li>
<li data-mce-fragment=""1"">Protective motorcycle gear according to the (EU) 2016/425 regulation</li>
<li data-mce-fragment=""1"">PPE - protective motorcycle shoes (EN 13634:2017)</li>
</ul>","The SHIMA Blake are casual, yet well protective motorcycle shoes with the unmistakeable elegance of leather footwear. If you are looking for shoes that can last for years, this is the right choice. The heel, toe and ankle areas are reinforced and hardened to keep crucial elements of your foot safe. The subtle perforations are not only decorative but have been added for extra breathability while riding. A specially embossed toe area for more grip while shifting will extend the durability. This is the perfect shoe for those who love to ride with style and personality, without compromising on comfort and safety. Make a stylish set along with the Blake jacket and gloves.

Features:

• High quality cowhide

• Perforations for breathability

• Grip deboss for gear change

• Side zipper

• Reflective panels

• Pulling strap on the back

• Anti-slip sole

Specifications:

• SAP™ TPU cover plate on ankle

• Reinforced heel, ankle and toes areas

• Cross-reinforced sole

• Protective motorcycle gear according to the (EU) 2016/425 regulation

• PPE - protective motorcycle shoes (EN 13634:2017)",28000,,2026-07-26,active,Shima,5000,g,Buy SHIMA Blake Shoes | Mile 27 Store,"The SHIMA Blake are casual, yet well protective motorcycle shoes with the unmistakeable elegance of leather footwear. If you are looking for shoes that…",High quality cowhide | Perforations for breathability | Grip deboss for gear change | Side zipper,Cleaned noise; brand verified,High,false,Riding Gear > Riding Boots,High,"Mapped from Shopify Type ""Riding Boots""",shima-blake-shoes-1|Size:41:Colour:Black|price:28000.00|compare:|weight:5000|barcode:|qty:0 | shima-blake-shoes-2|Size:41:Colour:Brown|price:28000.00|compare:|weight:5000|barcode:|qty:0 | shima-blake-shoes-3|Size:42:Colour:Black|price:28000.00|compare:|weight:5000|barcode:|qty:0 | shima-blake-shoes-4|Size:42:Colour:Brown|price:28000.00|compare:|weight:5000|barcode:|qty:0 | shima-blake-shoes-5|Size:43:Colour:Black|price:28000.00|compare:|weight:5000|barcode:|qty:0 | shima-blake-shoes-6|Size:43:Colour:Brown|price:28000.00|compare:|weight:5000|barcode:|qty:0 | shima-blake-shoes-7|Size:44:Colour:Black|price:28000.00|compare:|weight:5000|barcode:|qty:0 | shima-blake-shoes-8|Size:44:Colour:Brown|price:28000.00|compare:|weight:5000|barcode:|qty:0 | shima-blake-shoes-9|Size:45:Colour:Black|price:28000.00|compare:|weight:5000|barcode:|qty:0 | shima-blake-shoes-10|Size:45:Colour:Brown|price:28000.00|compare:|weight:5000|barcode:|qty:0 | shima-blake-shoes-11|Size:46:Colour:Black|price:28000.00|compare:|weight:5000|barcode:|qty:0 | shima-blake-shoes-12|Size:46:Colour:Brown|price:28000.00|compare:|weight:5000|barcode:|qty:0 | shima-blake-shoes-13|Size:47:Colour:Black|price:28000.00|compare:|weight:5000|barcode:|qty:0 | shima-blake-shoes-14|Size:47:Colour:Brown|price:28000.00|compare:|weight:5000|barcode:|qty:0 | shima-blake-shoes-15|Size:48:Colour:Black|price:28000.00|compare:|weight:5000|barcode:|qty:0 | shima-blake-shoes-16|Size:48:Colour:Brown|price:28000.00|compare:|weight:5000|barcode:|qty:0,"shima-blake-shoes-1,shima-blake-shoes-2,shima-blake-shoes-3,shima-blake-shoes-4,shima-blake-shoes-5,shima-blake-shoes-6,shima-blake-shoes-7,shima-blake-shoes-8,shima-blake-shoes-9,shima-blake-shoes-10,shima-blake-shoes-11,shima-blake-shoes-12,shima-blake-shoes-13,shima-blake-shoes-14,shima-blake-shoes-15,shima-blake-shoes-16",16,https://cdn.shopify.com/s/files/1/0076/8301/4754/products/Blake_black_double_1600px.jpg?v=1661064845|pos:1|alt:Shima SHIMA Blake Shoes – front view || https://cdn.shopify.com/s/files/1/0076/8301/4754/products/Blake_brown_double_1600px.jpg?v=1661064845|pos:2|alt:Shima SHIMA Blake Shoes – side view,2,Shima SHIMA Blake Shoes – front view | Shima SHIMA Blake Shoes – side view,,0,Shima Blake Shoes,"Shima Blake Shoes. The SHIMA Blake are casual, yet well protective motorcycle shoes with the unmistakeable elegance of leather footwear.",,,High quality cowhide. Perforations for breathability. Grip deboss for gear change. Side zipper.,,Available in multiple sizes. Check the size guide before ordering.,Shima Blake Shoes — a riding Boot built to the specifications listed above.,true,draft,https://cdn.shopify.com/s/files/1/0076/8301/4754/products/Blake_black_double_1600px.jpg?v=1661064845|role:hero || https://cdn.shopify.com/s/files/1/0076/8301/4754/products/Blake_brown_double_1600px.jpg?v=1661064845|role:construction detail,2,false,/products/shima-blake-shoes,/products/shima-blake-shoes
shima-thomson-shoes,shima-thomson-shoes,SHIMA Thomson Shoes,SHIMA Thomson Shoes,shima-thomson-shoes,The SHIMA Thomson mixes two worlds into one – a stylish look with an exceptional leather finish as well as all the important functions of… • Perforated leather. • Reinforced gear change area. • Side zipper. • Reflective panels. Available in multiple sizes and/or colours — select your variant.,"The SHIMA Thomson mixes two worlds into one – a stylish look with an exceptional leather finish as well as all the important functions of motorcycle shoes. The durable cow hide provides a soft feel as well as a timeless look. With its reinforced heel and toe areas, SAP ankle support, non-slip rubber sole, reflective elements for increased visibility and a handy side zipper, Thomson is ready for any adventure immediately. Perforated leather on the tongue helps keep feet cool on warmer days. The gearshift area reinforcement will help you operate the gearshift lever and prevent scratches or damage to the leather.<br><br>
<strong>Features:</strong>
<ul data-mce-fragment=""1"">
<li data-mce-fragment=""1"">Perforated leather</li>
<li data-mce-fragment=""1"">Reinforced gear change area</li>
<li data-mce-fragment=""1"">Side zipper</li>
<li data-mce-fragment=""1"">Reflective panels</li>
<li data-mce-fragment=""1"">Pulling strap</li>
<li data-mce-fragment=""1"">Ergonomic rubber sole</li>
</ul>
<strong>Specifications:</strong>
<ul data-mce-fragment=""1"">
<li data-mce-fragment=""1"">SAP™ TPU cover plate on ankle</li>
<li data-mce-fragment=""1"">Reinforced heel, ankle and toe areas</li>
<li data-mce-fragment=""1"">Protective motorcycle gear according to the (EU) 2016/425 regulation</li>
<li data-mce-fragment=""1"">PPE - protective motorcycle shoes (EN 13634:2017)</li>
</ul>","The SHIMA Thomson mixes two worlds into one – a stylish look with an exceptional leather finish as well as all the important functions of motorcycle shoes. The durable cow hide provides a soft feel as well as a timeless look. With its reinforced heel and toe areas, SAP ankle support, non-slip rubber sole, reflective elements for increased visibility and a handy side zipper, Thomson is ready for any adventure immediately. Perforated leather on the tongue helps keep feet cool on warmer days. The gearshift area reinforcement will help you operate the gearshift lever and prevent scratches or damage to the leather.

Features:

• Perforated leather

• Reinforced gear change area

• Side zipper

• Reflective panels

• Pulling strap

• Ergonomic rubber sole

Specifications:

• SAP™ TPU cover plate on ankle

• Reinforced heel, ankle and toe areas

• Protective motorcycle gear according to the (EU) 2016/425 regulation

• PPE - protective motorcycle shoes (EN 13634:2017)",28000,,2026-07-26,active,Shima,5000,g,Buy SHIMA Thomson Shoes | Mile 27 Store,The SHIMA Thomson mixes two worlds into one – a stylish look with an exceptional leather finish as well as all the important functions of… Perforated…,Perforated leather | Reinforced gear change area | Side zipper | Reflective panels,Cleaned noise; brand verified,High,false,Riding Gear > Riding Boots,High,"Mapped from Shopify Type ""Riding Boots""",shima-thomson-shoes-1|Size:41:Colour:Black|price:28000.00|compare:|weight:5000|barcode:|qty:0 | shima-thomson-shoes-2|Size:41:Colour:Brown|price:28000.00|compare:|weight:5000|barcode:|qty:0 | shima-thomson-shoes-3|Size:42:Colour:Black|price:28000.00|compare:|weight:5000|barcode:|qty:0 | shima-thomson-shoes-4|Size:42:Colour:Brown|price:28000.00|compare:|weight:5000|barcode:|qty:0 | shima-thomson-shoes-5|Size:43:Colour:Black|price:28000.00|compare:|weight:5000|barcode:|qty:0 | shima-thomson-shoes-6|Size:43:Colour:Brown|price:28000.00|compare:|weight:5000|barcode:|qty:0 | shima-thomson-shoes-7|Size:44:Colour:Black|price:28000.00|compare:|weight:5000|barcode:|qty:0 | shima-thomson-shoes-8|Size:44:Colour:Brown|price:28000.00|compare:|weight:5000|barcode:|qty:0 | shima-thomson-shoes-9|Size:45:Colour:Black|price:28000.00|compare:|weight:5000|barcode:|qty:0 | shima-thomson-shoes-10|Size:45:Colour:Brown|price:28000.00|compare:|weight:5000|barcode:|qty:0 | shima-thomson-shoes-11|Size:46:Colour:Black|price:28000.00|compare:|weight:5000|barcode:|qty:0 | shima-thomson-shoes-12|Size:46:Colour:Brown|price:28000.00|compare:|weight:5000|barcode:|qty:0,"shima-thomson-shoes-1,shima-thomson-shoes-2,shima-thomson-shoes-3,shima-thomson-shoes-4,shima-thomson-shoes-5,shima-thomson-shoes-6,shima-thomson-shoes-7,shima-thomson-shoes-8,shima-thomson-shoes-9,shima-thomson-shoes-10,shima-thomson-shoes-11,shima-thomson-shoes-12",12,https://cdn.shopify.com/s/files/1/0076/8301/4754/products/thomson_men_black_double_1600px.jpg?v=1661064569|pos:1|alt:Shima SHIMA Thomson Shoes – front view || https://cdn.shopify.com/s/files/1/0076/8301/4754/products/thomson_men_brown_01_double_1600px.jpg?v=1661064570|pos:2|alt:Shima SHIMA Thomson Shoes – side view || https://cdn.shopify.com/s/files/1/0076/8301/4754/products/thomson_men_brown_02_side_1_1600px.jpg?v=1661064571|pos:3|alt:Shima SHIMA Thomson Shoes – rear view || https://cdn.shopify.com/s/files/1/0076/8301/4754/products/thomson_men_brown_04_right_open_v1_1600px.jpg?v=1661064571|pos:4|alt:Shima SHIMA Thomson Shoes – detail view || https://cdn.shopify.com/s/files/1/0076/8301/4754/products/thomson_men_brown_05_back_1600px.jpg?v=1661064569|pos:5|alt:Shima SHIMA Thomson Shoes – top view,5,Shima SHIMA Thomson Shoes – front view | Shima SHIMA Thomson Shoes – side view | Shima SHIMA Thomson Shoes – rear view | Shima SHIMA Thomson Shoes – detail view | Shima SHIMA Thomson Shoes – top view,,0,Shima Thomson Shoes,Shima Thomson Shoes. The SHIMA Thomson mixes two worlds into one – a stylish look with an exceptional leather finish as well as all the important functions of… • Perforated leather.,Perforated leather.,,Reinforced gear change area. Side zipper. Reflective panels.,,Available in multiple sizes. Check the size guide before ordering.,Shima Thomson Shoes — a riding Boot built to the specifications listed above.,true,draft,https://cdn.shopify.com/s/files/1/0076/8301/4754/products/thomson_men_black_double_1600px.jpg?v=1661064569|role:hero || https://cdn.shopify.com/s/files/1/0076/8301/4754/products/thomson_men_brown_01_double_1600px.jpg?v=1661064570|role:construction detail || https://cdn.shopify.com/s/files/1/0076/8301/4754/products/thomson_men_brown_02_side_1_1600px.jpg?v=1661064571|role:side profile,3,false,/products/shima-thomson-shoes,/products/shima-thomson-shoes
shima-edge-waterproof-shoes,shima-edge-waterproof-shoes,SHIMA Edge Waterproof Shoes,SHIMA Edge Waterproof Shoes,shima-edge-waterproof-shoes,"The SHIMA Edge motorcycle shoes are a great choice for everyday wear in the city and longer trips, and in any weather. Thanks to the… • NextDry™ waterproof membrane. • ATOP lacing cord closure system. • Inner side of heel with an improved grip. • Rubberized gear pad. Available in multiple sizes and/or colours — select your variant.","The SHIMA Edge motorcycle shoes are a great choice for everyday wear in the city and longer trips, and in any weather. Thanks to the NextDry™ waterproof membrane, your feet will stay dry at all times. The shoes have a new type of sole made with the ESG™ technology. A diagonally profiled heel counter and the grip enhancing surface guarantee maximum protection. With your safety in mind, the shoes also feature a polypropylene insole, a SAP™ TPR overlay on the ankle and reinforced heels, ankles and toes. Edge  features a strap that makes it easy to pull the shoe on and the innovative ATOP lacing system, which can be easily operated with one hand only. In addition, reflective elements will make you visible even in the dark.<br><br>
<strong>Features:</strong>
<ul data-mce-fragment=""1"">
<li data-mce-fragment=""1"">NextDry™ waterproof membrane</li>
<li data-mce-fragment=""1"">ATOP lacing cord closure system</li>
<li data-mce-fragment=""1"">Inner side of heel with an improved grip</li>
<li data-mce-fragment=""1"">Rubberized gear pad</li>
<li data-mce-fragment=""1"">Reflective panels</li>
<li data-mce-fragment=""1"">Pulling strap</li>
</ul>
<strong>Specifications:</strong>
<ul data-mce-fragment=""1"">
<li data-mce-fragment=""1"">SAP™ TPR overlay on the ankle</li>
<li data-mce-fragment=""1"">ESG™ designed sole</li>
<li data-mce-fragment=""1"">Polypropylene insole and reinforced sole</li>
<li data-mce-fragment=""1"">Reinforced heel, ankle and toe areas</li>
<li data-mce-fragment=""1"">Rigid heel cober</li>
<li data-mce-fragment=""1"">Protective motorcycle gear according to the (EU) 2016/425 regulation</li>
<li data-mce-fragment=""1"">PPE - protective motorcycle shoes (EN 13634:2017)</li>
</ul>","The SHIMA Edge motorcycle shoes are a great choice for everyday wear in the city and longer trips, and in any weather. Thanks to the NextDry™ waterproof membrane, your feet will stay dry at all times. The shoes have a new type of sole made with the ESG™ technology. A diagonally profiled heel counter and the grip enhancing surface guarantee maximum protection. With your safety in mind, the shoes also feature a polypropylene insole, a SAP™ TPR overlay on the ankle and reinforced heels, ankles and toes. Edge  features a strap that makes it easy to pull the shoe on and the innovative ATOP lacing system, which can be easily operated with one hand only. In addition, reflective elements will make you visible even in the dark.

Features:

• NextDry™ waterproof membrane

• ATOP lacing cord closure system

• Inner side of heel with an improved grip

• Rubberized gear pad

• Reflective panels

• Pulling strap

Specifications:

• SAP™ TPR overlay on the ankle

• ESG™ designed sole

• Polypropylene insole and reinforced sole

• Reinforced heel, ankle and toe areas

• Rigid heel cober

• Protective motorcycle gear according to the (EU) 2016/425 regulation

• PPE - protective motorcycle shoes (EN 13634:2017)",26000,,2026-07-26,active,Shima,4000,g,Buy SHIMA Edge Waterproof Shoes | Mile 27 Store,"The SHIMA Edge motorcycle shoes are a great choice for everyday wear in the city and longer trips, and in any weather. Thanks to the… NextDry™ waterproof…",NextDry™ waterproof membrane | ATOP lacing cord closure system | Inner side of heel with an improved grip | Rubberized gear pad,Cleaned noise; brand verified,High,false,Riding Gear > Riding Boots,High,"Mapped from Shopify Type ""Riding Boots""",shima-edge-waterproof-shoes-1|Size:41:Colour:Black|price:26000.00|compare:|weight:4000|barcode:|qty:0 | shima-edge-waterproof-shoes-2|Size:41:Colour:Black/Yellow|price:26000.00|compare:|weight:4000|barcode:|qty:0 | shima-edge-waterproof-shoes-3|Size:42:Colour:Black|price:26000.00|compare:|weight:4000|barcode:|qty:0 | shima-edge-waterproof-shoes-4|Size:42:Colour:Black/Yellow|price:26000.00|compare:|weight:4000|barcode:|qty:0 | shima-edge-waterproof-shoes-5|Size:43:Colour:Black|price:26000.00|compare:|weight:4000|barcode:|qty:0 | shima-edge-waterproof-shoes-6|Size:43:Colour:Black/Yellow|price:26000.00|compare:|weight:4000|barcode:|qty:0 | shima-edge-waterproof-shoes-7|Size:44:Colour:Black|price:26000.00|compare:|weight:4000|barcode:|qty:0 | shima-edge-waterproof-shoes-8|Size:44:Colour:Black/Yellow|price:26000.00|compare:|weight:4000|barcode:|qty:0 | shima-edge-waterproof-shoes-9|Size:45:Colour:Black|price:26000.00|compare:|weight:4000|barcode:|qty:0 | shima-edge-waterproof-shoes-10|Size:45:Colour:Black/Yellow|price:26000.00|compare:|weight:4000|barcode:|qty:0 | shima-edge-waterproof-shoes-11|Size:46:Colour:Black|price:26000.00|compare:|weight:4000|barcode:|qty:0 | shima-edge-waterproof-shoes-12|Size:46:Colour:Black/Yellow|price:26000.00|compare:|weight:4000|barcode:|qty:0 | shima-edge-waterproof-shoes-13|Size:47:Colour:Black|price:26000.00|compare:|weight:4000|barcode:|qty:0 | shima-edge-waterproof-shoes-14|Size:47:Colour:Black/Yellow|price:26000.00|compare:|weight:4000|barcode:|qty:0 | shima-edge-waterproof-shoes-15|Size:48:Colour:Black|price:26000.00|compare:|weight:4000|barcode:|qty:0 | shima-edge-waterproof-shoes-16|Size:48:Colour:Black/Yellow|price:26000.00|compare:|weight:4000|barcode:|qty:0,"shima-edge-waterproof-shoes-1,shima-edge-waterproof-shoes-2,shima-edge-waterproof-shoes-3,shima-edge-waterproof-shoes-4,shima-edge-waterproof-shoes-5,shima-edge-waterproof-shoes-6,shima-edge-waterproof-shoes-7,shima-edge-waterproof-shoes-8,shima-edge-waterproof-shoes-9,shima-edge-waterproof-shoes-10,shima-edge-waterproof-shoes-11,shima-edge-waterproof-shoes-12,shima-edge-waterproof-shoes-13,shima-edge-waterproof-shoes-14,shima-edge-waterproof-shoes-15,shima-edge-waterproof-shoes-16",16,https://cdn.shopify.com/s/files/1/0076/8301/4754/products/SHIMA_EDGE_WATERPROOF_MEN_BLACK_DOUBLE_1600px.jpg?v=1661064314|pos:1|alt:Shima SHIMA Edge Waterproof Shoes – front view || https://cdn.shopify.com/s/files/1/0076/8301/4754/products/SHIMA_EDGE_WATERPROOF_MEN_FLUO_DOUBLE_1600px.jpg?v=1661064314|pos:2|alt:Shima SHIMA Edge Waterproof Shoes – side view || https://cdn.shopify.com/s/files/1/0076/8301/4754/products/SHIMA_EDGE_WATERPROOF_MEN_FLUO_SIDE_2_1600px.jpg?v=1661064314|pos:3|alt:Shima SHIMA Edge Waterproof Shoes – rear view || https://cdn.shopify.com/s/files/1/0076/8301/4754/products/SHIMA_EDGE_WATERPROOF_MEN_FLUO_SIDE_1600px.jpg?v=1661064314|pos:4|alt:Shima SHIMA Edge Waterproof Shoes – detail view,4,Shima SHIMA Edge Waterproof Shoes – front view | Shima SHIMA Edge Waterproof Shoes – side view | Shima SHIMA Edge Waterproof Shoes – rear view | Shima SHIMA Edge Waterproof Shoes – detail view,feature:waterproof,1,Shima Edge Waterproof Shoes,"Shima Edge Waterproof Shoes. The SHIMA Edge motorcycle shoes are a great choice for everyday wear in the city and longer trips, and in any weather.",,,NextDry™ waterproof membrane. ATOP lacing cord closure system. Inner side of heel with an improved grip. Rubberized gear pad.,,Available in multiple sizes. Check the size guide before ordering.,Shima Edge Waterproof Shoes — a riding Boot built to the specifications listed above.,true,draft,https://cdn.shopify.com/s/files/1/0076/8301/4754/products/SHIMA_EDGE_WATERPROOF_MEN_BLACK_DOUBLE_1600px.jpg?v=1661064314|role:hero || https://cdn.shopify.com/s/files/1/0076/8301/4754/products/SHIMA_EDGE_WATERPROOF_MEN_FLUO_DOUBLE_1600px.jpg?v=1661064314|role:construction detail || https://cdn.shopify.com/s/files/1/0076/8301/4754/products/SHIMA_EDGE_WATERPROOF_MEN_FLUO_SIDE_2_1600px.jpg?v=1661064314|role:side profile,3,false,/products/shima-edge-waterproof-shoes,/products/shima-edge-waterproof-shoes
shima-rsx-6-boots,shima-rsx-6-boots,SHIMA RSX-6 Boots,SHIMA RSX-6 Boots,shima-rsx-6-boots,The SHIMA RSX-6 motorcycle boots feature an ergonomical design that fits the position of the biker. The surface of the tibia is covered by a… • Perforated leather. • Slanted construction. • TPU grip pad for gear change. • SafeFoot technology. Available in multiple sizes and/or colours — select your variant.,"The SHIMA RSX-6 motorcycle boots feature an ergonomical design that fits the position of the biker. The surface of the tibia is covered by a hard TPU casing, while the rear area of the boot is reinforced with a plastic x-shaped element and a heel cap. The metal slider on the side of the boot protects the side and top of the foot together with the stiffener hidden under the leather. The sole of the SafeFoot System is strengthened vertically. A special synthetic cap allows you to operate the shift lever more precisely. Perforated leather in strategic areas increases the breathability and air circulation inside the boot for excellent comfort. <br><br>
<strong>Features:</strong>
<ul data-mce-fragment=""1"">
<li data-mce-fragment=""1"">Perforated leather</li>
<li data-mce-fragment=""1"">Slanted construction</li>
<li data-mce-fragment=""1"">TPU grip pad for gear change</li>
<li data-mce-fragment=""1"">SafeFoot technology</li>
<li data-mce-fragment=""1"">Ergonomic rubber sole</li>
</ul>
<strong>Specifications:</strong>
<ul data-mce-fragment=""1"">
<li data-mce-fragment=""1"">SAP™ TPU cover plate on ankle</li>
<li data-mce-fragment=""1"">Reinforced heel, ankle and toes areas</li>
<li data-mce-fragment=""1"">Built-in shin pads</li>
<li data-mce-fragment=""1"">Rigid heel cover</li>
<li data-mce-fragment=""1"">SAP™ toe slider</li>
<li data-mce-fragment=""1"">Protective motorcycle gear according to the (EU) 2016/425 regulation</li>
<li data-mce-fragment=""1"">PPE - protective motorcycle shoes (EN 13634:2017)</li>
</ul>
<b>Manufacturer's note:</b><br>
<li>If you measure between two sizes when determining the size the manufacturer recommends to choose the larger size.</li>
","The SHIMA RSX-6 motorcycle boots feature an ergonomical design that fits the position of the biker. The surface of the tibia is covered by a hard TPU casing, while the rear area of the boot is reinforced with a plastic x-shaped element and a heel cap. The metal slider on the side of the boot protects the side and top of the foot together with the stiffener hidden under the leather. The sole of the SafeFoot System is strengthened vertically. A special synthetic cap allows you to operate the shift lever more precisely. Perforated leather in strategic areas increases the breathability and air circulation inside the boot for excellent comfort. 

Features:

• Perforated leather

• Slanted construction

• TPU grip pad for gear change

• SafeFoot technology

• Ergonomic rubber sole

Specifications:

• SAP™ TPU cover plate on ankle

• Reinforced heel, ankle and toes areas

• Built-in shin pads

• Rigid heel cover

• SAP™ toe slider

• Protective motorcycle gear according to the (EU) 2016/425 regulation

• PPE - protective motorcycle shoes (EN 13634:2017)

Manufacturer's note:

• If you measure between two sizes when determining the size the manufacturer recommends to choose the larger size.",32000,,2026-07-26,active,Shima,5000,g,Buy SHIMA RSX-6 Boots | Mile 27 Store,The SHIMA RSX-6 motorcycle boots feature an ergonomical design that fits the position of the biker. The surface of the tibia is covered by a… Perforated…,Perforated leather | Slanted construction | TPU grip pad for gear change | SafeFoot technology,Cleaned noise; brand verified,High,false,Riding Gear > Riding Boots,High,"Mapped from Shopify Type ""Riding Boots""",shima-rsx-6-boots-1|Size:41:Colour:Black|price:32000.00|compare:|weight:5000|barcode:|qty:0 | shima-rsx-6-boots-2|Size:41:Colour:Black/Red|price:32000.00|compare:|weight:5000|barcode:|qty:0 | shima-rsx-6-boots-3|Size:41:Colour:Black/Yellow|price:32000.00|compare:|weight:5000|barcode:|qty:0 | shima-rsx-6-boots-4|Size:42:Colour:Black|price:32000.00|compare:|weight:5000|barcode:|qty:0 | shima-rsx-6-boots-5|Size:42:Colour:Black/Red|price:32000.00|compare:|weight:5000|barcode:|qty:0 | shima-rsx-6-boots-6|Size:42:Colour:Black/Yellow|price:32000.00|compare:|weight:5000|barcode:|qty:0 | shima-rsx-6-boots-7|Size:43:Colour:Black|price:32000.00|compare:|weight:5000|barcode:|qty:0 | shima-rsx-6-boots-8|Size:43:Colour:Black/Red|price:32000.00|compare:|weight:5000|barcode:|qty:0 | shima-rsx-6-boots-9|Size:43:Colour:Black/Yellow|price:32000.00|compare:|weight:5000|barcode:|qty:0 | shima-rsx-6-boots-10|Size:44:Colour:Black|price:32000.00|compare:|weight:5000|barcode:|qty:0 | shima-rsx-6-boots-11|Size:44:Colour:Black/Red|price:32000.00|compare:|weight:5000|barcode:|qty:0 | shima-rsx-6-boots-12|Size:44:Colour:Black/Yellow|price:32000.00|compare:|weight:5000|barcode:|qty:0 | shima-rsx-6-boots-13|Size:45:Colour:Black|price:32000.00|compare:|weight:5000|barcode:|qty:0 | shima-rsx-6-boots-14|Size:45:Colour:Black/Red|price:32000.00|compare:|weight:5000|barcode:|qty:0 | shima-rsx-6-boots-15|Size:45:Colour:Black/Yellow|price:32000.00|compare:|weight:5000|barcode:|qty:0 | shima-rsx-6-boots-16|Size:46:Colour:Black|price:32000.00|compare:|weight:5000|barcode:|qty:0 | shima-rsx-6-boots-17|Size:46:Colour:Black/Red|price:32000.00|compare:|weight:5000|barcode:|qty:0 | shima-rsx-6-boots-18|Size:46:Colour:Black/Yellow|price:32000.00|compare:|weight:5000|barcode:|qty:0 | shima-rsx-6-boots-19|Size:47:Colour:Black|price:32000.00|compare:|weight:5000|barcode:|qty:0 | shima-rsx-6-boots-20|Size:47:Colour:Black/Red|price:32000.00|compare:|weight:5000|barcode:|qty:0 | shima-rsx-6-boots-21|Size:47:Colour:Black/Yellow|price:32000.00|compare:|weight:5000|barcode:|qty:0 | shima-rsx-6-boots-22|Size:48:Colour:Black|price:32000.00|compare:|weight:5000|barcode:|qty:0 | shima-rsx-6-boots-23|Size:48:Colour:Black/Red|price:32000.00|compare:|weight:5000|barcode:|qty:0 | shima-rsx-6-boots-24|Size:48:Colour:Black/Yellow|price:32000.00|compare:|weight:5000|barcode:|qty:0,"shima-rsx-6-boots-1,shima-rsx-6-boots-2,shima-rsx-6-boots-3,shima-rsx-6-boots-4,shima-rsx-6-boots-5,shima-rsx-6-boots-6,shima-rsx-6-boots-7,shima-rsx-6-boots-8,shima-rsx-6-boots-9,shima-rsx-6-boots-10,shima-rsx-6-boots-11,shima-rsx-6-boots-12,shima-rsx-6-boots-13,shima-rsx-6-boots-14,shima-rsx-6-boots-15,shima-rsx-6-boots-16,shima-rsx-6-boots-17,shima-rsx-6-boots-18,shima-rsx-6-boots-19,shima-rsx-6-boots-20,shima-rsx-6-boots-21,shima-rsx-6-boots-22,shima-rsx-6-boots-23,shima-rsx-6-boots-24",24,https://cdn.shopify.com/s/files/1/0076/8301/4754/products/rsx_black_double_1600px.jpg?v=1661063749|pos:1|alt:Shima SHIMA RSX-6 Boots – front view || https://cdn.shopify.com/s/files/1/0076/8301/4754/products/SHIMA_rsx6_red_fluo_double_1600px.jpg?v=1661063749|pos:2|alt:Shima SHIMA RSX-6 Boots – side view || https://cdn.shopify.com/s/files/1/0076/8301/4754/products/rsx_fluo_double_1600px.jpg?v=1661063749|pos:3|alt:Shima SHIMA RSX-6 Boots – rear view,3,Shima SHIMA RSX-6 Boots – front view | Shima SHIMA RSX-6 Boots – side view | Shima SHIMA RSX-6 Boots – rear view,,0,Shima RSX-6 Boots,Shima RSX-6 Boots. The SHIMA RSX-6 motorcycle boots feature an ergonomical design that fits the position of the biker.,Perforated leather. Slanted construction.,,TPU grip pad for gear change. SafeFoot technology.,,Available in multiple sizes. Check the size guide before ordering.,Shima RSX-6 Boots — a riding Boot built to the specifications listed above.,true,draft,https://cdn.shopify.com/s/files/1/0076/8301/4754/products/rsx_black_double_1600px.jpg?v=1661063749|role:hero || https://cdn.shopify.com/s/files/1/0076/8301/4754/products/SHIMA_rsx6_red_fluo_double_1600px.jpg?v=1661063749|role:construction detail || https://cdn.shopify.com/s/files/1/0076/8301/4754/products/rsx_fluo_double_1600px.jpg?v=1661063749|role:side profile,3,false,/products/shima-rsx-6-boots,/products/shima-rsx-6-boots
shima-strato-boots,shima-strato-boots,SHIMA Strato Boots,SHIMA Strato Boots,shima-strato-boots,"The lightweight, medium-high SHIMA Strato motorcycle boots are designed for everyday use in the city and summer trips to further destinations. They are highly ventilated… • H3 Heat Free System. • ATOP lacing cord closure system. • Rubberized gear pad. • Reflective areas. Available in multiple sizes and/or colours — select your variant.","The lightweight, medium-high SHIMA Strato motorcycle boots are designed for everyday use in the city and summer trips to further destinations. They are highly ventilated thanks to large mesh panels and a 3D mesh lining. The refined construction features reinforcements in strategic locations to ensure safety and cushioning. The Strato is equipped with a pulling strap and ATOP lacing cord closure system that can be easily operated with one hand even when wearing a glove. It has a rubberized gear shifting pad for changing gears with increased grip. Thanks to the large and reflective Night Vision System panels, you are well prepared for night rides. This boot provides the perfect balance between durability, protection and breathability.<br><br>
<strong>Features:</strong>
<ul data-mce-fragment=""1"">
<li data-mce-fragment=""1"">H3 Heat Free System</li>
<li data-mce-fragment=""1"">ATOP lacing cord closure system</li>
<li data-mce-fragment=""1"">Rubberized gear pad</li>
<li data-mce-fragment=""1"">Reflective areas</li>
<li data-mce-fragment=""1"">Ergonomic rubber sole</li>
<li data-mce-fragment=""1"">Pulling strap</li>
</ul>
<strong>Specifications:</strong>
<ul data-mce-fragment=""1"">
<li data-mce-fragment=""1"">SAP™ TPU cover plate on ankle</li>
<li data-mce-fragment=""1"">Reinforced heel, ankle and toes areas</li>
<li data-mce-fragment=""1"">TPU rear reinforcement</li>
<li data-mce-fragment=""1"">ArmorPlus foam absorbers</li>
<li data-mce-fragment=""1"">Cross-reinforced sole</li>
<li data-mce-fragment=""1"">Protective motorcycle gear according to the (EU) 2016/425 regulation</li>
<li data-mce-fragment=""1"">PPE - protective motorcycle shoes (EN 13634:2017)</li>
</ul>
<strong>Manufacturer's note:</strong>
<ul data-mce-fragment=""1"">
<li data-mce-fragment=""1"">If you measure between two sizes when determining the size the manufacturer recommends to choose the larger size.</li>
</ul>","The lightweight, medium-high SHIMA Strato motorcycle boots are designed for everyday use in the city and summer trips to further destinations. They are highly ventilated thanks to large mesh panels and a 3D mesh lining. The refined construction features reinforcements in strategic locations to ensure safety and cushioning. The Strato is equipped with a pulling strap and ATOP lacing cord closure system that can be easily operated with one hand even when wearing a glove. It has a rubberized gear shifting pad for changing gears with increased grip. Thanks to the large and reflective Night Vision System panels, you are well prepared for night rides. This boot provides the perfect balance between durability, protection and breathability.

Features:

• H3 Heat Free System

• ATOP lacing cord closure system

• Rubberized gear pad

• Reflective areas

• Ergonomic rubber sole

• Pulling strap

Specifications:

• SAP™ TPU cover plate on ankle

• Reinforced heel, ankle and toes areas

• TPU rear reinforcement

• ArmorPlus foam absorbers

• Cross-reinforced sole

• Protective motorcycle gear according to the (EU) 2016/425 regulation

• PPE - protective motorcycle shoes (EN 13634:2017)

Manufacturer's note:

• If you measure between two sizes when determining the size the manufacturer recommends to choose the larger size.",30000,,2026-07-26,active,Shima,5000,g,Buy SHIMA Strato Boots | Mile 27 Store,"The lightweight, medium-high SHIMA Strato motorcycle boots are designed for everyday use in the city and summer trips to further destinations. They are…",H3 Heat Free System | ATOP lacing cord closure system | Rubberized gear pad | Reflective areas,Cleaned noise; brand verified,High,false,Riding Gear > Riding Boots,High,"Mapped from Shopify Type ""Riding Boots""",shima-strato-boots-1|Size:41|price:30000.00|compare:|weight:5000|barcode:|qty:0 | shima-strato-boots-2|Size:42|price:30000.00|compare:|weight:5000|barcode:|qty:0 | shima-strato-boots-3|Size:43|price:30000.00|compare:|weight:5000|barcode:|qty:0 | shima-strato-boots-4|Size:44|price:30000.00|compare:|weight:5000|barcode:|qty:0 | shima-strato-boots-5|Size:45|price:30000.00|compare:|weight:5000|barcode:|qty:0 | shima-strato-boots-6|Size:46|price:30000.00|compare:|weight:5000|barcode:|qty:0 | shima-strato-boots-7|Size:47|price:30000.00|compare:|weight:5000|barcode:|qty:0 | shima-strato-boots-8|Size:48|price:30000.00|compare:|weight:5000|barcode:|qty:0,"shima-strato-boots-1,shima-strato-boots-2,shima-strato-boots-3,shima-strato-boots-4,shima-strato-boots-5,shima-strato-boots-6,shima-strato-boots-7,shima-strato-boots-8",8,https://cdn.shopify.com/s/files/1/0076/8301/4754/products/Strato_men_double_1600px.jpg?v=1661063360|pos:1|alt:Shima SHIMA Strato Boots – front view || https://cdn.shopify.com/s/files/1/0076/8301/4754/products/Strato_MEN_side_1_1600px.jpg?v=1661063360|pos:2|alt:Shima SHIMA Strato Boots – side view || https://cdn.shopify.com/s/files/1/0076/8301/4754/products/Strato_MEN_side_2_1600px.jpg?v=1661063359|pos:3|alt:Shima SHIMA Strato Boots – rear view,3,Shima SHIMA Strato Boots – front view | Shima SHIMA Strato Boots – side view | Shima SHIMA Strato Boots – rear view,,0,Shima Strato Boots,"Shima Strato Boots. The lightweight, medium-high SHIMA Strato motorcycle boots are designed for everyday use in the city and summer trips to further destinations.",,,H3 Heat Free System. ATOP lacing cord closure system. Rubberized gear pad. Reflective areas.,,Available in multiple sizes. Check the size guide before ordering.,Shima Strato Boots — a riding Boot built to the specifications listed above.,true,draft,https://cdn.shopify.com/s/files/1/0076/8301/4754/products/Strato_men_double_1600px.jpg?v=1661063360|role:hero || https://cdn.shopify.com/s/files/1/0076/8301/4754/products/Strato_MEN_side_1_1600px.jpg?v=1661063360|role:construction detail || https://cdn.shopify.com/s/files/1/0076/8301/4754/products/Strato_MEN_side_2_1600px.jpg?v=1661063359|role:side profile,3,false,/products/shima-strato-boots,/products/shima-strato-boots
shima-strato-waterproof-boots,shima-strato-waterproof-boots,SHIMA Strato Waterproof Boots,SHIMA Strato Waterproof Boots,shima-strato-waterproof-boots,"With the new season, the well-known, ventilated SHIMA Strato are getting an extra performance boost. Thanks to the NextDry™ waterproof membrane, you don't have to… • NextDry™ waterproof membrane. • ATOP lacing cord closure system. • Rubberized gear pad. • Reflective panels. Available in multiple sizes and/or colours — select your variant.","With the new season, the well-known, ventilated SHIMA Strato are getting an extra performance boost. Thanks to the NextDry™ waterproof membrane, you don't have to worry about unexpected rain while riding. These lightweight, mid-height motorcycle boots are designed for everyday use in the city and summer trips to further destinations. The refined construction features reinforcements in strategic locations to ensure safety and cushioning. The Strato is equipped with a pulling strap and ATOP lacing cord closure system that can be easily operated with one hand even when wearing a glove. It has a rubberized gear shifting pad for changing gears with increased grip. Thanks to the large and reflective Night Vision System panels, you are well prepared for night rides. This boot provides the perfect balance between durability, protection and comfort.<br><br>
<strong>Features:</strong>
<ul data-mce-fragment=""1"">
<li data-mce-fragment=""1"">NextDry™ waterproof membrane</li>
<li data-mce-fragment=""1"">ATOP lacing cord closure system</li>
<li data-mce-fragment=""1"">Rubberized gear pad</li>
<li data-mce-fragment=""1"">Reflective panels</li>
<li data-mce-fragment=""1"">Ergonomic rubber sole</li>
<li data-mce-fragment=""1"">Pulling strap</li>
</ul>
<strong>Specifications:</strong>
<ul data-mce-fragment=""1"">
<li data-mce-fragment=""1"">SAP™ TPU cover plate on ankle</li>
<li data-mce-fragment=""1"">Reinforced heel, ankle and toes areas</li>
<li data-mce-fragment=""1"">ArmorPlus foam absorbers</li>
<li data-mce-fragment=""1"">Cross-reinforced sole</li>
<li data-mce-fragment=""1"">Protective motorcycle gear according to the (EU) 2016/425 regulation</li>
<li data-mce-fragment=""1"">PPE - protective motorcycle shoes (EN 13634:2017)</li>
</ul>","With the new season, the well-known, ventilated SHIMA Strato are getting an extra performance boost. Thanks to the NextDry™ waterproof membrane, you don't have to worry about unexpected rain while riding. These lightweight, mid-height motorcycle boots are designed for everyday use in the city and summer trips to further destinations. The refined construction features reinforcements in strategic locations to ensure safety and cushioning. The Strato is equipped with a pulling strap and ATOP lacing cord closure system that can be easily operated with one hand even when wearing a glove. It has a rubberized gear shifting pad for changing gears with increased grip. Thanks to the large and reflective Night Vision System panels, you are well prepared for night rides. This boot provides the perfect balance between durability, protection and comfort.

Features:

• NextDry™ waterproof membrane

• ATOP lacing cord closure system

• Rubberized gear pad

• Reflective panels

• Ergonomic rubber sole

• Pulling strap

Specifications:

• SAP™ TPU cover plate on ankle

• Reinforced heel, ankle and toes areas

• ArmorPlus foam absorbers

• Cross-reinforced sole

• Protective motorcycle gear according to the (EU) 2016/425 regulation

• PPE - protective motorcycle shoes (EN 13634:2017)",32000,,2026-07-26,active,Shima,5000,g,Buy SHIMA Strato Waterproof Boots | Mile 27 Store,"With the new season, the well-known, ventilated SHIMA Strato are getting an extra performance boost. Thanks to the NextDry™ waterproof membrane, you don't…",NextDry™ waterproof membrane | ATOP lacing cord closure system | Rubberized gear pad | Reflective panels,Cleaned noise; brand verified,High,false,Riding Gear > Riding Boots,High,"Mapped from Shopify Type ""Riding Boots""",shima-strato-waterproof-boots-1|Size:41|price:32000.00|compare:|weight:5000|barcode:|qty:0 | shima-strato-waterproof-boots-2|Size:42|price:32000.00|compare:|weight:5000|barcode:|qty:0 | shima-strato-waterproof-boots-3|Size:43|price:32000.00|compare:|weight:5000|barcode:|qty:0 | shima-strato-waterproof-boots-4|Size:44|price:32000.00|compare:|weight:5000|barcode:|qty:0 | shima-strato-waterproof-boots-5|Size:45|price:32000.00|compare:|weight:5000|barcode:|qty:0 | shima-strato-waterproof-boots-6|Size:46|price:32000.00|compare:|weight:5000|barcode:|qty:0 | shima-strato-waterproof-boots-7|Size:47|price:32000.00|compare:|weight:5000|barcode:|qty:0 | shima-strato-waterproof-boots-8|Size:48|price:32000.00|compare:|weight:5000|barcode:|qty:0,"shima-strato-waterproof-boots-1,shima-strato-waterproof-boots-2,shima-strato-waterproof-boots-3,shima-strato-waterproof-boots-4,shima-strato-waterproof-boots-5,shima-strato-waterproof-boots-6,shima-strato-waterproof-boots-7,shima-strato-waterproof-boots-8",8,https://cdn.shopify.com/s/files/1/0076/8301/4754/products/STRATO_WP_men_double_1600px.jpg?v=1661062757|pos:1|alt:Shima SHIMA Strato Waterproof Boots – front view || https://cdn.shopify.com/s/files/1/0076/8301/4754/products/STRATO_WP_men_side_1_1600px.jpg?v=1661062755|pos:2|alt:Shima SHIMA Strato Waterproof Boots – side view || https://cdn.shopify.com/s/files/1/0076/8301/4754/products/STRATO_WP_men_side_2_1600px.jpg?v=1661062757|pos:3|alt:Shima SHIMA Strato Waterproof Boots – rear view,3,Shima SHIMA Strato Waterproof Boots – front view | Shima SHIMA Strato Waterproof Boots – side view | Shima SHIMA Strato Waterproof Boots – rear view,feature:waterproof,1,Shima Strato Waterproof Boots,"Shima Strato Waterproof Boots. With the new season, the well-known, ventilated SHIMA Strato are getting an extra performance boost.",,,NextDry™ waterproof membrane. ATOP lacing cord closure system. Rubberized gear pad. Reflective panels.,,Available in multiple sizes. Check the size guide before ordering.,Shima Strato Waterproof Boots — a riding Boot built to the specifications listed above.,true,draft,https://cdn.shopify.com/s/files/1/0076/8301/4754/products/STRATO_WP_men_double_1600px.jpg?v=1661062757|role:hero || https://cdn.shopify.com/s/files/1/0076/8301/4754/products/STRATO_WP_men_side_1_1600px.jpg?v=1661062755|role:construction detail || https://cdn.shopify.com/s/files/1/0076/8301/4754/products/STRATO_WP_men_side_2_1600px.jpg?v=1661062757|role:side profile,3,false,/products/shima-strato-waterproof-boots,/products/shima-strato-waterproof-boots
shima-rush-waterproof-textile-pants,shima-rush-waterproof-textile-pants,SHIMA Rush Waterproof Textile Pants,SHIMA Rush Waterproof Textile Pants,shima-rush-waterproof-textile-pants,"SHIMA Rush are versatile 2-layer textile pants. Designed for city and suburban trips, these motorcycle pants are highly effective for a variety of weather conditions.… • Removable NextDry™ waterproof membrane. • Ventilation panels. • Front pockets with ventilation slots. • Leg width adjustment. Available in multiple sizes and/or colours — select your variant.","SHIMA Rush are versatile 2-layer textile pants. Designed for city and suburban trips, these motorcycle pants are highly effective for a variety of weather conditions. The removable, waterproof NextDry™ membrane will protect you from cold and rain. Long ventilation panels with zips on the thighs and at the bottom of the legs provide excellent airflow on summer days. In order to give good protection, Rush comes with breathable Level 1 knee protectors. In addition, it can still be retrofitted with a hip protector (sold separately). Reinforcement fabric on the knees and the back enhances the durability and tear resistance. Thanks to the leg width adjustments, Rush adapts perfectly to the body. Reflective panels give you a lot of confidence while riding. You can pair your pants with the matching SHIMA Rush jacket and gloves to create a stylish set.<br><br>
<strong>Features:</strong>
<ul data-mce-fragment=""1"">
<li data-mce-fragment=""1"">Removable NextDry™ waterproof membrane </li>
<li data-mce-fragment=""1"">Ventilation panels</li>
<li data-mce-fragment=""1"">Front pockets with ventilation slots</li>
<li data-mce-fragment=""1"">Leg width adjustment</li>
<li data-mce-fragment=""1"">Recflective areas</li>
<li data-mce-fragment=""1"">Connecting zips</li>
</ul>
<strong>Specifications:</strong>
<ul data-mce-fragment=""1"">
<li data-mce-fragment=""1"">Knee protectors (Level 1)</li>
<li data-mce-fragment=""1"">Reinforced knees and back areas</li>
<li data-mce-fragment=""1"">Prepared for SAS-TEC hip protector</li>
<li data-mce-fragment=""1"">PPE - protective motorcycle pants (EN 17092-4:2020)</li>
</ul>
<b>Manufacturer's note:</b>
<ul data-mce-fragment=""1"">
<li data-mce-fragment=""1"">If you measure between two sizes when determining the size the manufacturer recommends to choose the larger size.</li>
</ul>
<h3>ADDITIONAL PRODUCT INFORMATION</h3>
<div data-mce-fragment=""1"">
<table class=""UserAttributes"" data-mce-fragment=""1"">
<tbody data-mce-fragment=""1"">
<tr data-mce-fragment=""1"">
<td class=""AttributeLabel VerticalAlignMiddle"" data-mce-fragment=""1"">Material</td>
<td class=""AttributeContent"" data-mce-fragment=""1"">Outer material: 98% polyester, 2% other / Inner Lining: 91% polyester, 7% polyamide, 2% other</td>
</tr>
</tbody>
</table>
</div>","SHIMA Rush are versatile 2-layer textile pants. Designed for city and suburban trips, these motorcycle pants are highly effective for a variety of weather conditions. The removable, waterproof NextDry™ membrane will protect you from cold and rain. Long ventilation panels with zips on the thighs and at the bottom of the legs provide excellent airflow on summer days. In order to give good protection, Rush comes with breathable Level 1 knee protectors. In addition, it can still be retrofitted with a hip protector (sold separately). Reinforcement fabric on the knees and the back enhances the durability and tear resistance. Thanks to the leg width adjustments, Rush adapts perfectly to the body. Reflective panels give you a lot of confidence while riding. You can pair your pants with the matching SHIMA Rush jacket and gloves to create a stylish set.

Features:

• Removable NextDry™ waterproof membrane 

• Ventilation panels

• Front pockets with ventilation slots

• Leg width adjustment

• Recflective areas

• Connecting zips

Specifications:

• Knee protectors (Level 1)

• Reinforced knees and back areas

• Prepared for SAS-TEC hip protector

• PPE - protective motorcycle pants (EN 17092-4:2020)

Manufacturer's note:

• If you measure between two sizes when determining the size the manufacturer recommends to choose the larger size.

ADDITIONAL PRODUCT INFORMATION

Material | 
Outer material: 98% polyester, 2% other / Inner Lining: 91% polyester, 7% polyamide, 2% other |",23000,,2026-07-26,active,Shima,7000,g,Buy SHIMA Rush Waterproof Textile Pants | Mile 27 Store,"SHIMA Rush are versatile 2-layer textile pants. Designed for city and suburban trips, these motorcycle pants are highly effective for a variety of weather…",Removable NextDry™ waterproof membrane | Ventilation panels | Front pockets with ventilation slots | Leg width adjustment,Cleaned noise; brand verified,High,false,Riding Gear > Riding Pants > Textile Pants,High,"Refined by title keyword: ""\b(textile\s+pants|touring\s+pants)\b""",shima-rush-waterproof-textile-pants-1|Size:S|price:23000.00|compare:|weight:7000|barcode:|qty:0 | shima-rush-waterproof-textile-pants-2|Size:M|price:23000.00|compare:|weight:7000|barcode:|qty:0 | shima-rush-waterproof-textile-pants-3|Size:L|price:23000.00|compare:|weight:7000|barcode:|qty:0 | shima-rush-waterproof-textile-pants-4|Size:XL|price:23000.00|compare:|weight:7000|barcode:|qty:0 | shima-rush-waterproof-textile-pants-5|Size:2XL|price:23000.00|compare:|weight:7000|barcode:|qty:0 | shima-rush-waterproof-textile-pants-6|Size:3XL|price:23000.00|compare:|weight:7000|barcode:|qty:0 | shima-rush-waterproof-textile-pants-7|Size:4XL|price:23000.00|compare:|weight:7000|barcode:|qty:0,"shima-rush-waterproof-textile-pants-1,shima-rush-waterproof-textile-pants-2,shima-rush-waterproof-textile-pants-3,shima-rush-waterproof-textile-pants-4,shima-rush-waterproof-textile-pants-5,shima-rush-waterproof-textile-pants-6,shima-rush-waterproof-textile-pants-7",7,https://cdn.shopify.com/s/files/1/0076/8301/4754/products/SHIMA_RUSH_TROUSERS_MEN_FRONT_1600px.jpg?v=1660998061|pos:1|alt:Shima SHIMA Rush Waterproof Textile Pants – front view || https://cdn.shopify.com/s/files/1/0076/8301/4754/products/SHIMA_RUSH_TROUSERS_MEN_BACK_1600px.jpg?v=1660998060|pos:2|alt:Shima SHIMA Rush Waterproof Textile Pants – side view,2,Shima SHIMA Rush Waterproof Textile Pants – front view | Shima SHIMA Rush Waterproof Textile Pants – side view,feature:waterproof,1,Shima Rush Waterproof Textile Pants,Shima Rush Waterproof Textile Pants. SHIMA Rush are versatile 2-layer textile pants.,,Ventilation panels. Front pockets with ventilation slots.,Removable NextDry™ waterproof membrane. Leg width adjustment.,,Available in multiple sizes. Check the size guide before ordering.,Shima Rush Waterproof Textile Pants — a textile Pant built to the specifications listed above.,true,draft,https://cdn.shopify.com/s/files/1/0076/8301/4754/products/SHIMA_RUSH_TROUSERS_MEN_FRONT_1600px.jpg?v=1660998061|role:hero || https://cdn.shopify.com/s/files/1/0076/8301/4754/products/SHIMA_RUSH_TROUSERS_MEN_BACK_1600px.jpg?v=1660998060|role:construction detail,2,false,/products/shima-rush-waterproof-textile-pants,/products/shima-rush-waterproof-textile-pants
shima-jet-waterproof-textile-pants,shima-jet-waterproof-textile-pants,SHIMA Jet Waterproof Textile Pants,SHIMA Jet Waterproof Textile Pants,shima-jet-waterproof-textile-pants,SHIMA Jet are summer motorcycle pants designed with large mesh panels for excellent cooling performance. Jet is ideal for the city riders as well as… • NextDry™ waterproof membrane. • H3 Heat Free System. • Width adjustment. • Reflective areas. Available in multiple sizes and/or colours — select your variant.,"SHIMA Jet are summer motorcycle pants designed with large mesh panels for excellent cooling performance. Jet is ideal for the city riders as well as for those who like short motorcycle tours. Thanks to large ventilation panels it provides a high level of airflow, guaranteeing maximum ventilation even on the hottest days. The removable wind- and waterproof NextDry™ membrane can be used on top or inside the pants. Level 2 knee protectors, an abrasion-resistant fabric that strengthens the knee area as well as reflective detailing increase your driving safety. Even greater protection is possible with SAS-TEC hip and tailbone protectors (available as an option). Discreetly arranged reflective panels ensure that you will be noticed even on days with reduced visibility. These pants can be perfectly matched with the highly ventilated Jet jacket from the same series and easily fastened thanks to two different zippers.<br><br>
<strong>Features:</strong>
<ul data-mce-fragment=""1"">
<li data-mce-fragment=""1"">NextDry™ waterproof membrane</li>
<li data-mce-fragment=""1"">H3 Heat Free System</li>
<li data-mce-fragment=""1"">Width adjustment</li>
<li data-mce-fragment=""1"">Reflective areas</li>
<li data-mce-fragment=""1"">Connecting zippers</li>
<li data-mce-fragment=""1"">Grip fabric inserts</li>
<li data-mce-fragment=""1"">Mix &amp; Match System</li>
</ul>
<strong>Specifications:</strong>
<ul data-mce-fragment=""1"">
<li data-mce-fragment=""1"">Reinforced double safe seams</li>
<li data-mce-fragment=""1"">Fabric reinforcement on the knees</li>
<li data-mce-fragment=""1"">Prepared for SAS-TEC hip and tailbone protectors</li>
<li data-mce-fragment=""1"">Protective motorcycle gear according to the (EU) 2016/425 regulation</li>
<li data-mce-fragment=""1"">PPE - protective motorcycle pants (EN 17092-4:2020)</li>
</ul>
<b>Manufacturer's note:</b>
<ul data-mce-fragment=""1"">
<li data-mce-fragment=""1"">If you measure between two sizes when determining the size the manufacturer recommends to choose the larger size.</li>
</ul>
<h3>ADDITIONAL PRODUCT INFORMATION</h3>
<div data-mce-fragment=""1"">
<table class=""UserAttributes"" data-mce-fragment=""1"">
<tbody data-mce-fragment=""1"">
<tr data-mce-fragment=""1"">
<td class=""AttributeLabel VerticalAlignMiddle"" data-mce-fragment=""1"">Material</td>
<td class=""AttributeContent"" data-mce-fragment=""1"">Outer material: 100% polyester / Waterproof Membrane: 70% polyester, 30% polyurethane / Inner Lining: 100% polyester</td>
</tr>
</tbody>
</table>
</div>","SHIMA Jet are summer motorcycle pants designed with large mesh panels for excellent cooling performance. Jet is ideal for the city riders as well as for those who like short motorcycle tours. Thanks to large ventilation panels it provides a high level of airflow, guaranteeing maximum ventilation even on the hottest days. The removable wind- and waterproof NextDry™ membrane can be used on top or inside the pants. Level 2 knee protectors, an abrasion-resistant fabric that strengthens the knee area as well as reflective detailing increase your driving safety. Even greater protection is possible with SAS-TEC hip and tailbone protectors (available as an option). Discreetly arranged reflective panels ensure that you will be noticed even on days with reduced visibility. These pants can be perfectly matched with the highly ventilated Jet jacket from the same series and easily fastened thanks to two different zippers.

Features:

• NextDry™ waterproof membrane

• H3 Heat Free System

• Width adjustment

• Reflective areas

• Connecting zippers

• Grip fabric inserts

• Mix & Match System

Specifications:

• Reinforced double safe seams

• Fabric reinforcement on the knees

• Prepared for SAS-TEC hip and tailbone protectors

• Protective motorcycle gear according to the (EU) 2016/425 regulation

• PPE - protective motorcycle pants (EN 17092-4:2020)

Manufacturer's note:

• If you measure between two sizes when determining the size the manufacturer recommends to choose the larger size.

ADDITIONAL PRODUCT INFORMATION

Material | 
Outer material: 100% polyester / Waterproof Membrane: 70% polyester, 30% polyurethane / Inner Lining: 100% polyester |",25000,,2026-07-26,active,Shima,7000,g,Buy SHIMA Jet Waterproof Textile Pants | Mile 27 Store,SHIMA Jet are summer motorcycle pants designed with large mesh panels for excellent cooling performance. Jet is ideal for the city riders as well as……,NextDry™ waterproof membrane | H3 Heat Free System | Width adjustment | Reflective areas,Cleaned noise; brand verified,High,false,Riding Gear > Riding Pants,High,"Mapped from Shopify Type ""Riding Pants""",shima-jet-waterproof-textile-pants-1|Size:S:Colour:Black|price:25000.00|compare:|weight:7000|barcode:|qty:0 | shima-jet-waterproof-textile-pants-2|Size:S:Colour:Gray|price:25000.00|compare:|weight:7000|barcode:|qty:0 | shima-jet-waterproof-textile-pants-3|Size:M:Colour:Black|price:25000.00|compare:|weight:7000|barcode:|qty:0 | shima-jet-waterproof-textile-pants-4|Size:M:Colour:Gray|price:25000.00|compare:|weight:7000|barcode:|qty:0 | shima-jet-waterproof-textile-pants-5|Size:L:Colour:Black|price:25000.00|compare:|weight:7000|barcode:|qty:0 | shima-jet-waterproof-textile-pants-6|Size:L:Colour:Gray|price:25000.00|compare:|weight:7000|barcode:|qty:0 | shima-jet-waterproof-textile-pants-7|Size:XL:Colour:Black|price:25000.00|compare:|weight:7000|barcode:|qty:0 | shima-jet-waterproof-textile-pants-8|Size:XL:Colour:Gray|price:25000.00|compare:|weight:7000|barcode:|qty:0 | shima-jet-waterproof-textile-pants-9|Size:XXL:Colour:Black|price:25000.00|compare:|weight:7000|barcode:|qty:0 | shima-jet-waterproof-textile-pants-10|Size:XXL:Colour:Gray|price:25000.00|compare:|weight:7000|barcode:|qty:0 | shima-jet-waterproof-textile-pants-11|Size:XXXL:Colour:Black|price:25000.00|compare:|weight:7000|barcode:|qty:0 | shima-jet-waterproof-textile-pants-12|Size:XXXL:Colour:Gray|price:25000.00|compare:|weight:7000|barcode:|qty:0,"shima-jet-waterproof-textile-pants-1,shima-jet-waterproof-textile-pants-2,shima-jet-waterproof-textile-pants-3,shima-jet-waterproof-textile-pants-4,shima-jet-waterproof-textile-pants-5,shima-jet-waterproof-textile-pants-6,shima-jet-waterproof-textile-pants-7,shima-jet-waterproof-textile-pants-8,shima-jet-waterproof-textile-pants-9,shima-jet-waterproof-textile-pants-10,shima-jet-waterproof-textile-pants-11,shima-jet-waterproof-textile-pants-12",12,https://cdn.shopify.com/s/files/1/0076/8301/4754/products/SHIMA_JET_Men_pants_black_front_1600px.jpg?v=1660997789|pos:1|alt:Shima SHIMA Jet Waterproof Textile Pants – front view || https://cdn.shopify.com/s/files/1/0076/8301/4754/products/SHIMA_JET_Men_pants_black_back_1600px.jpg?v=1660997788|pos:2|alt:Shima SHIMA Jet Waterproof Textile Pants – side view || https://cdn.shopify.com/s/files/1/0076/8301/4754/products/SHIMA_JET_Men_pants_grey_front_1600px.jpg?v=1660997789|pos:3|alt:Shima SHIMA Jet Waterproof Textile Pants – rear view || https://cdn.shopify.com/s/files/1/0076/8301/4754/products/SHIMA_JET_Men_pants_grey_back_1600px.jpg?v=1660997788|pos:4|alt:Shima SHIMA Jet Waterproof Textile Pants – detail view,4,Shima SHIMA Jet Waterproof Textile Pants – front view | Shima SHIMA Jet Waterproof Textile Pants – side view | Shima SHIMA Jet Waterproof Textile Pants – rear view | Shima SHIMA Jet Waterproof Textile Pants – detail view,feature:waterproof,1,Shima Jet Waterproof Textile Pants,Shima Jet Waterproof Textile Pants. SHIMA Jet are summer motorcycle pants designed with large mesh panels for excellent cooling performance.,,,NextDry™ waterproof membrane. H3 Heat Free System. Width adjustment. Reflective areas.,,Available in multiple sizes. Check the size guide before ordering.,Shima Jet Waterproof Textile Pants — a riding Pant built to the specifications listed above.,true,draft,https://cdn.shopify.com/s/files/1/0076/8301/4754/products/SHIMA_JET_Men_pants_black_front_1600px.jpg?v=1660997789|role:hero || https://cdn.shopify.com/s/files/1/0076/8301/4754/products/SHIMA_JET_Men_pants_black_back_1600px.jpg?v=1660997788|role:construction detail || https://cdn.shopify.com/s/files/1/0076/8301/4754/products/SHIMA_JET_Men_pants_grey_front_1600px.jpg?v=1660997789|role:side profile,3,false,/products/shima-jet-waterproof-textile-pants,/products/shima-jet-waterproof-textile-pants
shima-hero-2-0-waterproof-textile-pants,shima-hero-2-0-waterproof-textile-pants,SHIMA Hero 2.0 Waterproof Textile Pants,SHIMA Hero 2.0 Waterproof Textile Pants,shima-hero-2-0-waterproof-textile-pants,"SHIMA Hero 2.0 are your favourite motorcycle pants in a new version! Equipped with a removable warming layer and a NextDry™ waterproof membrane, they convince… • NextDry™ waterproof membrane. • Removable heating layer. • Expanded ventilation system. • Waist and leg width adjustment. Available in multiple sizes and/or colours — select your variant.","SHIMA Hero 2.0 are your favourite motorcycle pants in a new version! Equipped with a removable warming layer and a NextDry™ waterproof membrane, they convince with multi-season functionality. Your safety is ensured by a set of breathable Level 2 knee protectors, Level 1 hip protectors and numerous reflective elements. In sensitive areas, the pants are reinforced with durable, abrasion- and tear-resistant CORDURA® fabric. Large ventilation panels on the thighs regulate air flow. The multi-level adjustment system allows you to tailor the pants to your own preferences. Hero 2.0 also features elastic panels in the knee area, functional cargo pockets and inserts made from anti-slip fabric. And thanks to the connecting zips (360° zip and short zip) you can pair the pants with matching jackets. <br><br>
<strong>Features:</strong>
<ul data-mce-fragment=""1"">
<li data-mce-fragment=""1"">NextDry™ waterproof membrane </li>
<li data-mce-fragment=""1"">Removable heating layer</li>
<li data-mce-fragment=""1"">Expanded ventilation system</li>
<li data-mce-fragment=""1"">Waist and leg width adjustment</li>
<li data-mce-fragment=""1"">Elastic panels</li>
<li data-mce-fragment=""1"">Connecting zips</li>
<li data-mce-fragment=""1"">Recflective areas</li>
<li data-mce-fragment=""1"">Cargo pockets</li>
<li data-mce-fragment=""1"">Mix &amp; Match System</li>
</ul>
<strong>Specifications:</strong>
<ul data-mce-fragment=""1"">
<li data-mce-fragment=""1"">AirForce™ knee protectors (Level 2)</li>
<li data-mce-fragment=""1"">AirForce™ hip protectors (Level 1)</li>
<li data-mce-fragment=""1"">CORDURA® fabric reinforcements</li>
<li data-mce-fragment=""1"">Prepared for SAS-TEC tailbone pad</li>
<li data-mce-fragment=""1"">Protective motorcycle gear according to the (EU) 2016/425 regulation</li>
<li data-mce-fragment=""1"">PPE - protective motorcycle pants (EN 17092-3:2020)</li>
</ul>
<b>Manufacturer's note:</b>
<ul data-mce-fragment=""1"">
<li data-mce-fragment=""1"">If you measure between two sizes when determining the size the manufacturer recommends to choose the larger size.</li>
</ul>
<h3>ADDITIONAL PRODUCT INFORMATION</h3>
<div data-mce-fragment=""1"">
<table class=""UserAttributes"" data-mce-fragment=""1"">
<tbody data-mce-fragment=""1"">
<tr data-mce-fragment=""1"">
<td class=""AttributeLabel VerticalAlignMiddle"" data-mce-fragment=""1"">Material</td>
<td class=""AttributeContent"" data-mce-fragment=""1"">Outer material: 90% polyester, 9% polyamide, 1% other / Inner Lining: 95% polyester, 3% polyamide, 2% other</td>
</tr>
</tbody>
</table>
</div>","SHIMA Hero 2.0 are your favourite motorcycle pants in a new version! Equipped with a removable warming layer and a NextDry™ waterproof membrane, they convince with multi-season functionality. Your safety is ensured by a set of breathable Level 2 knee protectors, Level 1 hip protectors and numerous reflective elements. In sensitive areas, the pants are reinforced with durable, abrasion- and tear-resistant CORDURA® fabric. Large ventilation panels on the thighs regulate air flow. The multi-level adjustment system allows you to tailor the pants to your own preferences. Hero 2.0 also features elastic panels in the knee area, functional cargo pockets and inserts made from anti-slip fabric. And thanks to the connecting zips (360° zip and short zip) you can pair the pants with matching jackets. 

Features:

• NextDry™ waterproof membrane 

• Removable heating layer

• Expanded ventilation system

• Waist and leg width adjustment

• Elastic panels

• Connecting zips

• Recflective areas

• Cargo pockets

• Mix & Match System

Specifications:

• AirForce™ knee protectors (Level 2)

• AirForce™ hip protectors (Level 1)

• CORDURA® fabric reinforcements

• Prepared for SAS-TEC tailbone pad

• Protective motorcycle gear according to the (EU) 2016/425 regulation

• PPE - protective motorcycle pants (EN 17092-3:2020)

Manufacturer's note:

• If you measure between two sizes when determining the size the manufacturer recommends to choose the larger size.

ADDITIONAL PRODUCT INFORMATION

Material | 
Outer material: 90% polyester, 9% polyamide, 1% other / Inner Lining: 95% polyester, 3% polyamide, 2% other |",29000,,2026-07-26,active,Shima,7000,g,Buy SHIMA Hero 2.0 Waterproof Textile Pants | Mile 27 Store,"SHIMA Hero 2.0 are your favourite motorcycle pants in a new version! Equipped with a removable warming layer and a NextDry™ waterproof membrane, they…",NextDry™ waterproof membrane | Removable heating layer | Expanded ventilation system | Waist and leg width adjustment,Cleaned noise; brand verified,High,false,Riding Gear > Riding Pants > Textile Pants,High,"Refined by title keyword: ""\b(textile\s+pants|touring\s+pants)\b""",shima-hero-2-0-waterproof-textile-pants-1|Size:S:Colour:Black|price:29000.00|compare:|weight:7000|barcode:|qty:0 | shima-hero-2-0-waterproof-textile-pants-2|Size:S:Colour:Black/Gray|price:29000.00|compare:|weight:7000|barcode:|qty:0 | shima-hero-2-0-waterproof-textile-pants-3|Size:M:Colour:Black|price:29000.00|compare:|weight:7000|barcode:|qty:0 | shima-hero-2-0-waterproof-textile-pants-4|Size:M:Colour:Black/Gray|price:29000.00|compare:|weight:7000|barcode:|qty:0 | shima-hero-2-0-waterproof-textile-pants-5|Size:L:Colour:Black|price:29000.00|compare:|weight:7000|barcode:|qty:0 | shima-hero-2-0-waterproof-textile-pants-6|Size:L:Colour:Black/Gray|price:29000.00|compare:|weight:7000|barcode:|qty:0 | shima-hero-2-0-waterproof-textile-pants-7|Size:XL:Colour:Black|price:29000.00|compare:|weight:7000|barcode:|qty:0 | shima-hero-2-0-waterproof-textile-pants-8|Size:XL:Colour:Black/Gray|price:29000.00|compare:|weight:7000|barcode:|qty:0 | shima-hero-2-0-waterproof-textile-pants-9|Size:2XL:Colour:Black|price:29000.00|compare:|weight:7000|barcode:|qty:0 | shima-hero-2-0-waterproof-textile-pants-10|Size:2XL:Colour:Black/Gray|price:29000.00|compare:|weight:7000|barcode:|qty:0 | shima-hero-2-0-waterproof-textile-pants-11|Size:3XL:Colour:Black|price:29000.00|compare:|weight:7000|barcode:|qty:0 | shima-hero-2-0-waterproof-textile-pants-12|Size:3XL:Colour:Black/Gray|price:29000.00|compare:|weight:7000|barcode:|qty:0 | shima-hero-2-0-waterproof-textile-pants-13|Size:4XL:Colour:Black|price:29000.00|compare:|weight:7000|barcode:|qty:0 | shima-hero-2-0-waterproof-textile-pants-14|Size:4XL:Colour:Black/Gray|price:29000.00|compare:|weight:7000|barcode:|qty:0 | shima-hero-2-0-waterproof-textile-pants-15|Size:5XL:Colour:Black|price:29000.00|compare:|weight:7000|barcode:|qty:0 | shima-hero-2-0-waterproof-textile-pants-16|Size:5XL:Colour:Black/Gray|price:29000.00|compare:|weight:7000|barcode:|qty:0 | shima-hero-2-0-waterproof-textile-pants-17|Size:6XL:Colour:Black|price:29000.00|compare:|weight:7000|barcode:|qty:0 | shima-hero-2-0-waterproof-textile-pants-18|Size:6XL:Colour:Black/Gray|price:29000.00|compare:|weight:7000|barcode:|qty:0,"shima-hero-2-0-waterproof-textile-pants-1,shima-hero-2-0-waterproof-textile-pants-2,shima-hero-2-0-waterproof-textile-pants-3,shima-hero-2-0-waterproof-textile-pants-4,shima-hero-2-0-waterproof-textile-pants-5,shima-hero-2-0-waterproof-textile-pants-6,shima-hero-2-0-waterproof-textile-pants-7,shima-hero-2-0-waterproof-textile-pants-8,shima-hero-2-0-waterproof-textile-pants-9,shima-hero-2-0-waterproof-textile-pants-10,shima-hero-2-0-waterproof-textile-pants-11,shima-hero-2-0-waterproof-textile-pants-12,shima-hero-2-0-waterproof-textile-pants-13,shima-hero-2-0-waterproof-textile-pants-14,shima-hero-2-0-waterproof-textile-pants-15,shima-hero-2-0-waterproof-textile-pants-16,shima-hero-2-0-waterproof-textile-pants-17,shima-hero-2-0-waterproof-textile-pants-18",18,https://cdn.shopify.com/s/files/1/0076/8301/4754/products/SHIMA_HERO_2.0_MEN_TROUSERS_BLACK_FRONT_1600x1600_a94d277a-3a1a-4600-8474-9a9f5c320313.jpg?v=1660997513|pos:1|alt:Shima SHIMA Hero 2.0 Waterproof Textile Pants – front view || https://cdn.shopify.com/s/files/1/0076/8301/4754/products/SHIMA_HERO_2.0_MEN_TROUSERS_BLACK_BACK_1600x1600_0756f0ed-ddd6-4b80-8dee-f1d3f80172b5.jpg?v=1660997513|pos:2|alt:Shima SHIMA Hero 2.0 Waterproof Textile Pants – side view || https://cdn.shopify.com/s/files/1/0076/8301/4754/products/SHIMA_HERO_2.0_MEN_TROUSERS_BLACK_GREY_FRONT_1600x1600_f6b959ab-726e-49c4-8a9d-56e0965a22c1.jpg?v=1660997513|pos:3|alt:Shima SHIMA Hero 2.0 Waterproof Textile Pants – rear view || https://cdn.shopify.com/s/files/1/0076/8301/4754/products/SHIMA_HERO_2.0_MEN_TROUSERS_BLACK_GREY_BACK_1600x1600_1c6c12ad-b941-4918-b7c4-c9bf5b192259.jpg?v=1660997513|pos:4|alt:Shima SHIMA Hero 2.0 Waterproof Textile Pants – detail view,4,Shima SHIMA Hero 2.0 Waterproof Textile Pants – front view | Shima SHIMA Hero 2.0 Waterproof Textile Pants – side view | Shima SHIMA Hero 2.0 Waterproof Textile Pants – rear view | Shima SHIMA Hero 2.0 Waterproof Textile Pants – detail view,feature:waterproof,1,Shima Hero 2.0 Waterproof Textile Pants,"Shima Hero 2.0 Waterproof Textile Pants. SHIMA Hero 2.0 are your favourite motorcycle pants in a new version! Equipped with a removable warming layer and a NextDry™ waterproof membrane, they convince… • NextDry™ waterproof membrane.",,Expanded ventilation system.,NextDry™ waterproof membrane. Removable heating layer. Waist and leg width adjustment.,,Available in multiple sizes. Check the size guide before ordering.,Shima Hero 2.0 Waterproof Textile Pants — a textile Pant built to the specifications listed above.,true,draft,https://cdn.shopify.com/s/files/1/0076/8301/4754/products/SHIMA_HERO_2.0_MEN_TROUSERS_BLACK_FRONT_1600x1600_a94d277a-3a1a-4600-8474-9a9f5c320313.jpg?v=1660997513|role:hero || https://cdn.shopify.com/s/files/1/0076/8301/4754/products/SHIMA_HERO_2.0_MEN_TROUSERS_BLACK_BACK_1600x1600_0756f0ed-ddd6-4b80-8dee-f1d3f80172b5.jpg?v=1660997513|role:construction detail || https://cdn.shopify.com/s/files/1/0076/8301/4754/products/SHIMA_HERO_2.0_MEN_TROUSERS_BLACK_GREY_FRONT_1600x1600_f6b959ab-726e-49c4-8a9d-56e0965a22c1.jpg?v=1660997513|role:side profile,3,false,/products/shima-hero-2-0-waterproof-textile-pants,/products/shima-hero-2-0-waterproof-textile-pants
shima-mesh-pro-textile-jacket,shima-mesh-pro-textile-jacket,SHIMA Mesh Pro Textile Jacket,SHIMA Mesh Pro Textile Jacket,shima-mesh-pro-textile-jacket,The sporty SHIMA Mesh Pro is a lightweight summer jacket and an excellent choice for summer city rides. It features multiple accordion elastications along the… • H3 Heat Free System. • EvoLink System. • 3D ergonomic construction. • Breathable elastic inserts. Available in multiple sizes and/or colours — select your variant.,"The sporty SHIMA Mesh Pro is a lightweight summer jacket and an excellent choice for summer city rides. It features multiple accordion elastications along the sides which enhance fit and comfort. The extensive mesh panels at the chest, back and sleeves offer high level of airflow and breathability for maximum ventilation. Several reflective panels improve your visibility after dark. The jacket is equipped with an ArmorPlus back protector, shoulder and elbow protectors and external shoulder sliders. In addition, it can still be retrofitted with a SAS-TEC chest protector. Thanks to two types of connecting zippers, the Mesh Pro can be perfectly combined with SHIMA pants of your choice.<br><br>
<strong>Features:</strong>
<ul data-mce-fragment=""1"">
<li data-mce-fragment=""1"">H3 Heat Free System</li>
<li data-mce-fragment=""1"">EvoLink System</li>
<li data-mce-fragment=""1"">3D ergonomic construction</li>
<li data-mce-fragment=""1"">Breathable elastic inserts</li>
<li data-mce-fragment=""1"">Width adjustment</li>
<li data-mce-fragment=""1"">Connecting zippers</li>
<li data-mce-fragment=""1"">Recflective areas</li>
<li data-mce-fragment=""1"">Dry pocket</li>
<li data-mce-fragment=""1"">Slim fit</li>
</ul>
<strong>Specifications:</strong>
<ul data-mce-fragment=""1"">
<li data-mce-fragment=""1"">ArmorPlus back protector (EN 1621-2:2014)</li>
<li data-mce-fragment=""1"">Shoulder and elbow protectors (EN 1621-1:2012)</li>
<li data-mce-fragment=""1"">External shoulder sliders</li>
<li data-mce-fragment=""1"">HITENA® fabric reinforcements</li>
<li data-mce-fragment=""1"">Reinforced double safe seams</li>
<li data-mce-fragment=""1"">Prepared for SAS-TEC chest protector</li>
<li data-mce-fragment=""1"">Protective motorcycle gear according to the (EU) 2016/425 regulation</li>
<li data-mce-fragment=""1"">PPE - protective motorcycle jacket (EN 17092-4:2020)</li>
</ul>
<b>Manufacturer's note:</b>
<ul data-mce-fragment=""1"">
<li data-mce-fragment=""1"">If you measure between two sizes when determining the size the manufacturer recommends to choose the larger size.</li>
</ul>
<h3>ADDITIONAL PRODUCT INFORMATION</h3>
<div data-mce-fragment=""1"">
<table class=""UserAttributes"" data-mce-fragment=""1"">
<tbody data-mce-fragment=""1"">
<tr data-mce-fragment=""1"">
<td class=""AttributeLabel VerticalAlignMiddle"" data-mce-fragment=""1"">Material</td>
<td class=""AttributeContent"" data-mce-fragment=""1"">Outer material 1: 92% polyester, 8% polyamide / Outer material 2: 100% polyester / Outer material 3: 94% Polyamid, 6% Elasthan / Inner Lining: 100% polyester</td>
</tr>
</tbody>
</table>
</div>","The sporty SHIMA Mesh Pro is a lightweight summer jacket and an excellent choice for summer city rides. It features multiple accordion elastications along the sides which enhance fit and comfort. The extensive mesh panels at the chest, back and sleeves offer high level of airflow and breathability for maximum ventilation. Several reflective panels improve your visibility after dark. The jacket is equipped with an ArmorPlus back protector, shoulder and elbow protectors and external shoulder sliders. In addition, it can still be retrofitted with a SAS-TEC chest protector. Thanks to two types of connecting zippers, the Mesh Pro can be perfectly combined with SHIMA pants of your choice.

Features:

• H3 Heat Free System

• EvoLink System

• 3D ergonomic construction

• Breathable elastic inserts

• Width adjustment

• Connecting zippers

• Recflective areas

• Dry pocket

• Slim fit

Specifications:

• ArmorPlus back protector (EN 1621-2:2014)

• Shoulder and elbow protectors (EN 1621-1:2012)

• External shoulder sliders

• HITENA® fabric reinforcements

• Reinforced double safe seams

• Prepared for SAS-TEC chest protector

• Protective motorcycle gear according to the (EU) 2016/425 regulation

• PPE - protective motorcycle jacket (EN 17092-4:2020)

Manufacturer's note:

• If you measure between two sizes when determining the size the manufacturer recommends to choose the larger size.

ADDITIONAL PRODUCT INFORMATION

Material | 
Outer material 1: 92% polyester, 8% polyamide / Outer material 2: 100% polyester / Outer material 3: 94% Polyamid, 6% Elasthan / Inner Lining: 100% polyester |",23000,,2026-07-26,active,Shima,6000,g,Buy SHIMA Mesh Pro Textile Jacket | Mile 27 Store,The sporty SHIMA Mesh Pro is a lightweight summer jacket and an excellent choice for summer city rides. It features multiple accordion elastications along…,H3 Heat Free System | EvoLink System | 3D ergonomic construction | Breathable elastic inserts,Cleaned noise; brand verified,High,false,Riding Gear > Riding Jackets > Textile Jackets,High,"Refined by title keyword: ""\b(textile\s+jacket|touring\s+jacket|adventure\s+jacket)\b""",shima-mesh-pro-textile-jacket-1|Size:S:Colour:Black|price:23000.00|compare:|weight:6000|barcode:|qty:0 | shima-mesh-pro-textile-jacket-2|Size:S:Colour:Black/Red/White|price:23000.00|compare:|weight:6000|barcode:|qty:0 | shima-mesh-pro-textile-jacket-3|Size:S:Colour:Black/White|price:23000.00|compare:|weight:6000|barcode:|qty:0 | shima-mesh-pro-textile-jacket-4|Size:M:Colour:Black|price:23000.00|compare:|weight:6000|barcode:|qty:0 | shima-mesh-pro-textile-jacket-5|Size:M:Colour:Black/Red/White|price:23000.00|compare:|weight:6000|barcode:|qty:0 | shima-mesh-pro-textile-jacket-6|Size:M:Colour:Black/White|price:23000.00|compare:|weight:6000|barcode:|qty:0 | shima-mesh-pro-textile-jacket-7|Size:L:Colour:Black|price:23000.00|compare:|weight:6000|barcode:|qty:0 | shima-mesh-pro-textile-jacket-8|Size:L:Colour:Black/Red/White|price:23000.00|compare:|weight:6000|barcode:|qty:0 | shima-mesh-pro-textile-jacket-9|Size:L:Colour:Black/White|price:23000.00|compare:|weight:6000|barcode:|qty:0 | shima-mesh-pro-textile-jacket-10|Size:XL:Colour:Black|price:23000.00|compare:|weight:6000|barcode:|qty:0 | shima-mesh-pro-textile-jacket-11|Size:XL:Colour:Black/Red/White|price:23000.00|compare:|weight:6000|barcode:|qty:0 | shima-mesh-pro-textile-jacket-12|Size:XL:Colour:Black/White|price:23000.00|compare:|weight:6000|barcode:|qty:0 | shima-mesh-pro-textile-jacket-13|Size:XXL:Colour:Black|price:23000.00|compare:|weight:6000|barcode:|qty:0 | shima-mesh-pro-textile-jacket-14|Size:XXL:Colour:Black/Red/White|price:23000.00|compare:|weight:6000|barcode:|qty:0 | shima-mesh-pro-textile-jacket-15|Size:XXL:Colour:Black/White|price:23000.00|compare:|weight:6000|barcode:|qty:0 | shima-mesh-pro-textile-jacket-16|Size:XXXL:Colour:Black|price:23000.00|compare:|weight:6000|barcode:|qty:0 | shima-mesh-pro-textile-jacket-17|Size:XXXL:Colour:Black/Red/White|price:23000.00|compare:|weight:6000|barcode:|qty:0 | shima-mesh-pro-textile-jacket-18|Size:XXXL:Colour:Black/White|price:23000.00|compare:|weight:6000|barcode:|qty:0,"shima-mesh-pro-textile-jacket-1,shima-mesh-pro-textile-jacket-2,shima-mesh-pro-textile-jacket-3,shima-mesh-pro-textile-jacket-4,shima-mesh-pro-textile-jacket-5,shima-mesh-pro-textile-jacket-6,shima-mesh-pro-textile-jacket-7,shima-mesh-pro-textile-jacket-8,shima-mesh-pro-textile-jacket-9,shima-mesh-pro-textile-jacket-10,shima-mesh-pro-textile-jacket-11,shima-mesh-pro-textile-jacket-12,shima-mesh-pro-textile-jacket-13,shima-mesh-pro-textile-jacket-14,shima-mesh-pro-textile-jacket-15,shima-mesh-pro-textile-jacket-16,shima-mesh-pro-textile-jacket-17,shima-mesh-pro-textile-jacket-18",18,https://cdn.shopify.com/s/files/1/0076/8301/4754/products/MeshPro_Black_Front_1600px.jpg?v=1660997130|pos:1|alt:Shima SHIMA Mesh Pro Textile Jacket – front view || https://cdn.shopify.com/s/files/1/0076/8301/4754/products/MeshPro_Black_Back_1600px.jpg?v=1660997129|pos:2|alt:Shima SHIMA Mesh Pro Textile Jacket – side view || https://cdn.shopify.com/s/files/1/0076/8301/4754/products/MeshPro_Front_1600px.jpg?v=1660997130|pos:3|alt:Shima SHIMA Mesh Pro Textile Jacket – rear view || https://cdn.shopify.com/s/files/1/0076/8301/4754/products/MeshPro_Red_Back_1600px.jpg?v=1660997130|pos:4|alt:Shima SHIMA Mesh Pro Textile Jacket – detail view || https://cdn.shopify.com/s/files/1/0076/8301/4754/products/MeshPro_WhiteBlack_Front_1600px.jpg?v=1660997129|pos:5|alt:Shima SHIMA Mesh Pro Textile Jacket – top view || https://cdn.shopify.com/s/files/1/0076/8301/4754/products/MeshPro_WhiteBlack_Back_1600px.jpg?v=1660997132|pos:6|alt:Shima SHIMA Mesh Pro Textile Jacket – product view,6,Shima SHIMA Mesh Pro Textile Jacket – front view | Shima SHIMA Mesh Pro Textile Jacket – side view | Shima SHIMA Mesh Pro Textile Jacket – rear view | Shima SHIMA Mesh Pro Textile Jacket – detail view | Shima SHIMA Mesh Pro Textile Jacket – top view | Shima SHIMA Mesh Pro Textile Jacket – product view,,0,Shima Mesh Pro Textile Jacket,Shima Mesh Pro Textile Jacket. The sporty SHIMA Mesh Pro is a lightweight summer jacket and an excellent choice for summer city rides.,3D ergonomic construction.,3D ergonomic construction.,H3 Heat Free System. EvoLink System. Breathable elastic inserts.,,Available in multiple sizes. Check the size guide before ordering.,Shima Mesh Pro Textile Jacket — a textile Jacket built to the specifications listed above.,true,draft,https://cdn.shopify.com/s/files/1/0076/8301/4754/products/MeshPro_Black_Front_1600px.jpg?v=1660997130|role:hero || https://cdn.shopify.com/s/files/1/0076/8301/4754/products/MeshPro_Black_Back_1600px.jpg?v=1660997129|role:construction detail || https://cdn.shopify.com/s/files/1/0076/8301/4754/products/MeshPro_Front_1600px.jpg?v=1660997130|role:side profile,3,false,/products/shima-mesh-pro-textile-jacket,/products/shima-mesh-pro-textile-jacket
shima-rush-waterproof-textile-jacket,shima-rush-waterproof-textile-jacket,SHIMA Rush Waterproof Textile Jacket,SHIMA Rush Waterproof Textile Jacket,shima-rush-waterproof-textile-jacket,"SHIMA Rush is a versatile 3-layer textile jacket. Designed for city and suburban trips, this motorcycle jacket is highly effective for a variety of weather… • NextDry™ waterproof membrane. • Removable heating layer. • H3 Heat Free System. • EvoLink System. Available in multiple sizes and/or colours — select your variant.","SHIMA Rush is a versatile 3-layer textile jacket. Designed for city and suburban trips, this motorcycle jacket is highly effective for a variety of weather conditions. The removable heating layer and a waterproof NextDry™ membrane will protect you from cold and rain, while multiple ventilation panels provide excellent airflow on summer days. In order to give the best possible level of protection, Rush comes with an ArmorPlus back protector as well as elbow and shoulder protectors. In addition, it can still be retrofitted with a SAS-TEC chest protector. Double reinforced safe seams and additional thick material on shoulders and elbows enhance the durability and tear resistance. For even more comfort this jacket features a dry pocket and a special back pocket for gloves. Thanks to several width adjustments, Rush adapts perfectly to the body. Reflective panels give you a lot of confidence while riding. You can pair your jacket with the colour-matched SHIMA Rush gloves to create a stylish set.<br><br> <strong>Features:</strong>
<ul data-mce-fragment=""1"">
<li data-mce-fragment=""1"">NextDry™ waterproof membrane </li>
<li data-mce-fragment=""1"">Removable heating layer</li>
<li data-mce-fragment=""1"">H3 Heat Free System</li>
<li data-mce-fragment=""1"">EvoLink System</li>
<li data-mce-fragment=""1"">Width adjustment</li>
<li data-mce-fragment=""1"">Connecting zippers</li>
<li data-mce-fragment=""1"">Recflective areas</li>
<li data-mce-fragment=""1"">Dry pocket</li>
<li data-mce-fragment=""1"">Back pocket for gloves</li>
</ul>
<strong>Specifications:</strong>
<ul data-mce-fragment=""1"">
<li data-mce-fragment=""1"">ArmorPlus back protector (EN 1621-2:2014)</li>
<li data-mce-fragment=""1"">Shoulder and elbow protectors (EN 1621-1:2012)</li>
<li data-mce-fragment=""1"">Fabric reinforcement on shoulders and elbows</li>
<li data-mce-fragment=""1"">Reinforced double safe seams</li>
<li data-mce-fragment=""1"">Prepared for SAS-TEC chest protector</li>
<li data-mce-fragment=""1"">Protective motorcycle gear according to the (EU) 2016/425 regulation</li>
<li data-mce-fragment=""1"">PPE - protective motorcycle jacket (EN 17092-4:2020) </li>
</ul>
<b>Manufacturer's note:</b>
<ul data-mce-fragment=""1"">
<li data-mce-fragment=""1"">If you measure between two sizes when determining the size the manufacturer recommends to choose the larger size.</li>
</ul>
<h3>ADDITIONAL PRODUCT INFORMATION</h3>
<b>Material</b><br> Outer material: 100% polyester / Waterproof Membrane: 70% polyester, 30% polyurethane / Inner Lining: 100% polyester","SHIMA Rush is a versatile 3-layer textile jacket. Designed for city and suburban trips, this motorcycle jacket is highly effective for a variety of weather conditions. The removable heating layer and a waterproof NextDry™ membrane will protect you from cold and rain, while multiple ventilation panels provide excellent airflow on summer days. In order to give the best possible level of protection, Rush comes with an ArmorPlus back protector as well as elbow and shoulder protectors. In addition, it can still be retrofitted with a SAS-TEC chest protector. Double reinforced safe seams and additional thick material on shoulders and elbows enhance the durability and tear resistance. For even more comfort this jacket features a dry pocket and a special back pocket for gloves. Thanks to several width adjustments, Rush adapts perfectly to the body. Reflective panels give you a lot of confidence while riding. You can pair your jacket with the colour-matched SHIMA Rush gloves to create a stylish set.

 Features:

• NextDry™ waterproof membrane 

• Removable heating layer

• H3 Heat Free System

• EvoLink System

• Width adjustment

• Connecting zippers

• Recflective areas

• Dry pocket

• Back pocket for gloves

Specifications:

• ArmorPlus back protector (EN 1621-2:2014)

• Shoulder and elbow protectors (EN 1621-1:2012)

• Fabric reinforcement on shoulders and elbows

• Reinforced double safe seams

• Prepared for SAS-TEC chest protector

• Protective motorcycle gear according to the (EU) 2016/425 regulation

• PPE - protective motorcycle jacket (EN 17092-4:2020) 

Manufacturer's note:

• If you measure between two sizes when determining the size the manufacturer recommends to choose the larger size.

ADDITIONAL PRODUCT INFORMATION

Material
 Outer material: 100% polyester / Waterproof Membrane: 70% polyester, 30% polyurethane / Inner Lining: 100% polyester",24000,,2026-07-26,active,Shima,6000,g,Buy SHIMA Rush Waterproof Textile Jacket | Mile 27 Store,"SHIMA Rush is a versatile 3-layer textile jacket. Designed for city and suburban trips, this motorcycle jacket is highly effective for a variety of…",NextDry™ waterproof membrane | Removable heating layer | H3 Heat Free System | EvoLink System,Cleaned noise; brand verified,High,false,Riding Gear > Riding Jackets > Textile Jackets,High,"Refined by title keyword: ""\b(textile\s+jacket|touring\s+jacket|adventure\s+jacket)\b""",shima-rush-waterproof-textile-jacket-1|Size:S:Colour:Black|price:24000.00|compare:|weight:6000|barcode:|qty:0 | shima-rush-waterproof-textile-jacket-2|Size:S:Colour:Black/Red|price:24000.00|compare:|weight:6000|barcode:|qty:0 | shima-rush-waterproof-textile-jacket-3|Size:S:Colour:Black/Yellow|price:24000.00|compare:|weight:6000|barcode:|qty:0 | shima-rush-waterproof-textile-jacket-4|Size:M:Colour:Black|price:24000.00|compare:|weight:6000|barcode:|qty:0 | shima-rush-waterproof-textile-jacket-5|Size:M:Colour:Black/Red|price:24000.00|compare:|weight:6000|barcode:|qty:0 | shima-rush-waterproof-textile-jacket-6|Size:M:Colour:Black/Yellow|price:24000.00|compare:|weight:6000|barcode:|qty:0 | shima-rush-waterproof-textile-jacket-7|Size:L:Colour:Black|price:24000.00|compare:|weight:6000|barcode:|qty:0 | shima-rush-waterproof-textile-jacket-8|Size:L:Colour:Black/Red|price:24000.00|compare:|weight:6000|barcode:|qty:0 | shima-rush-waterproof-textile-jacket-9|Size:L:Colour:Black/Yellow|price:24000.00|compare:|weight:6000|barcode:|qty:0 | shima-rush-waterproof-textile-jacket-10|Size:XL:Colour:Black|price:24000.00|compare:|weight:6000|barcode:|qty:0 | shima-rush-waterproof-textile-jacket-11|Size:XL:Colour:Black/Red|price:24000.00|compare:|weight:6000|barcode:|qty:0 | shima-rush-waterproof-textile-jacket-12|Size:XL:Colour:Black/Yellow|price:24000.00|compare:|weight:6000|barcode:|qty:0 | shima-rush-waterproof-textile-jacket-13|Size:2XL:Colour:Black|price:24000.00|compare:|weight:6000|barcode:|qty:0 | shima-rush-waterproof-textile-jacket-14|Size:2XL:Colour:Black/Red|price:24000.00|compare:|weight:6000|barcode:|qty:0 | shima-rush-waterproof-textile-jacket-15|Size:2XL:Colour:Black/Yellow|price:24000.00|compare:|weight:6000|barcode:|qty:0 | shima-rush-waterproof-textile-jacket-16|Size:3XL:Colour:Black|price:24000.00|compare:|weight:6000|barcode:|qty:0 | shima-rush-waterproof-textile-jacket-17|Size:3XL:Colour:Black/Red|price:24000.00|compare:|weight:6000|barcode:|qty:0 | shima-rush-waterproof-textile-jacket-18|Size:3XL:Colour:Black/Yellow|price:24000.00|compare:|weight:6000|barcode:|qty:0 | shima-rush-waterproof-textile-jacket-19|Size:4XL:Colour:Black|price:24000.00|compare:|weight:6000|barcode:|qty:0 | shima-rush-waterproof-textile-jacket-20|Size:4XL:Colour:Black/Red|price:24000.00|compare:|weight:6000|barcode:|qty:0 | shima-rush-waterproof-textile-jacket-21|Size:4XL:Colour:Black/Yellow|price:24000.00|compare:|weight:6000|barcode:|qty:0,"shima-rush-waterproof-textile-jacket-1,shima-rush-waterproof-textile-jacket-2,shima-rush-waterproof-textile-jacket-3,shima-rush-waterproof-textile-jacket-4,shima-rush-waterproof-textile-jacket-5,shima-rush-waterproof-textile-jacket-6,shima-rush-waterproof-textile-jacket-7,shima-rush-waterproof-textile-jacket-8,shima-rush-waterproof-textile-jacket-9,shima-rush-waterproof-textile-jacket-10,shima-rush-waterproof-textile-jacket-11,shima-rush-waterproof-textile-jacket-12,shima-rush-waterproof-textile-jacket-13,shima-rush-waterproof-textile-jacket-14,shima-rush-waterproof-textile-jacket-15,shima-rush-waterproof-textile-jacket-16,shima-rush-waterproof-textile-jacket-17,shima-rush-waterproof-textile-jacket-18,shima-rush-waterproof-textile-jacket-19,shima-rush-waterproof-textile-jacket-20,shima-rush-waterproof-textile-jacket-21",21,https://cdn.shopify.com/s/files/1/0076/8301/4754/products/RUSH_Black_Front_1600px.jpg?v=1660994341|pos:1|alt:Shima SHIMA Rush Waterproof Textile Jacket – front view || https://cdn.shopify.com/s/files/1/0076/8301/4754/products/RUSH_Black_Back_1600px.jpg?v=1660994343|pos:2|alt:Shima SHIMA Rush Waterproof Textile Jacket – side view || https://cdn.shopify.com/s/files/1/0076/8301/4754/products/RUSH_Red_Front_1600px.jpg?v=1660994344|pos:3|alt:Shima SHIMA Rush Waterproof Textile Jacket – rear view || https://cdn.shopify.com/s/files/1/0076/8301/4754/products/RUSH_Red_Back_1600px.jpg?v=1660994341|pos:4|alt:Shima SHIMA Rush Waterproof Textile Jacket – detail view || https://cdn.shopify.com/s/files/1/0076/8301/4754/products/RUSH_Fluo_Front_1600px.jpg?v=1660994341|pos:5|alt:Shima SHIMA Rush Waterproof Textile Jacket – top view || https://cdn.shopify.com/s/files/1/0076/8301/4754/products/RUSH_Fluo_Back_1600px.jpg?v=1660994341|pos:6|alt:Shima SHIMA Rush Waterproof Textile Jacket – product view,6,Shima SHIMA Rush Waterproof Textile Jacket – front view | Shima SHIMA Rush Waterproof Textile Jacket – side view | Shima SHIMA Rush Waterproof Textile Jacket – rear view | Shima SHIMA Rush Waterproof Textile Jacket – detail view | Shima SHIMA Rush Waterproof Textile Jacket – top view | Shima SHIMA Rush Waterproof Textile Jacket – product view,feature:waterproof,1,Shima Rush Waterproof Textile Jacket,Shima Rush Waterproof Textile Jacket. SHIMA Rush is a versatile 3-layer textile jacket.,,,NextDry™ waterproof membrane. Removable heating layer. H3 Heat Free System. EvoLink System.,,Available in multiple sizes. Check the size guide before ordering.,Shima Rush Waterproof Textile Jacket — a textile Jacket built to the specifications listed above.,true,draft,https://cdn.shopify.com/s/files/1/0076/8301/4754/products/RUSH_Black_Front_1600px.jpg?v=1660994341|role:hero || https://cdn.shopify.com/s/files/1/0076/8301/4754/products/RUSH_Black_Back_1600px.jpg?v=1660994343|role:construction detail || https://cdn.shopify.com/s/files/1/0076/8301/4754/products/RUSH_Red_Front_1600px.jpg?v=1660994344|role:side profile,3,false,/products/shima-rush-waterproof-textile-jacket,/products/shima-rush-waterproof-textile-jacket
shima-jet-waterproof-textile-jacket,shima-jet-waterproof-textile-jacket,SHIMA Jet Waterproof Textile Jacket,SHIMA Jet Waterproof Textile Jacket,shima-jet-waterproof-textile-jacket,The SHIMA Jet is a summer jacket designed with extended mesh panels for an excellent cooling performance. It is ideal for city riders as well… • NextDry™ waterproof membrane. • H3 Heat Free System. • EvoLink System. • Reflective areas. Available in multiple sizes and/or colours — select your variant.,"The SHIMA Jet is a summer jacket designed with extended mesh panels for an excellent cooling performance. It is ideal for city riders as well as for those who like short motorcycle tours. Thanks to its large ventilation panels it provides a high level of airflow, guaranteeing maximum ventilation even on the hottest days. Jet is equipped with a removable wind- and waterproof NextDry™ membrane for inner or outer use. Specifically designed for motorcyclists, NextDry™ lets your skin breathe while keeping it dry and comfortable, allowing you stay focused on the road. Numerous reflective panels ensure that you will be noticed even on days with reduced visibility. Equipped with Level 2 elbow, shoulder and back protectors, the jacket offers increased safety, which is further reinforced by abrasion-resistant fabric reinforcements in the elbow and arm area. In addition, the jacket can still be retrofitted with a chest protector. Thanks to two different connecting zippers, you can fit this jacket perfectly with the highly ventilated Jet pants from the same series to boost airflow and to make a great touring set.<br><br>
<strong>Features:</strong>
<ul data-mce-fragment=""1"">
<li data-mce-fragment=""1"">NextDry™ waterproof membrane</li>
<li data-mce-fragment=""1"">H3 Heat Free System</li>
<li data-mce-fragment=""1"">EvoLink System</li>
<li data-mce-fragment=""1"">Reflective areas</li>
<li data-mce-fragment=""1"">Width adjustment on hips and arms</li>
<li data-mce-fragment=""1"">Mix &amp; Match System</li>
<li data-mce-fragment=""1"">2 outer pockets</li>
<li data-mce-fragment=""1"">Dry pocket</li>
<li data-mce-fragment=""1"">2 zippers</li>
</ul>
<strong>Specifications:</strong>
<ul data-mce-fragment=""1"">
<li data-mce-fragment=""1"">ArmorPlus back protector</li>
<li data-mce-fragment=""1"">Shoulder protectors</li>
<li data-mce-fragment=""1"">Elbow protectors</li>
<li data-mce-fragment=""1"">Reinforcement on shoulder and elbows</li>
<li data-mce-fragment=""1"">Reinforced double safe seams</li>
<li data-mce-fragment=""1"">Prepared for SAS-TEC chest protector</li>
<li data-mce-fragment=""1"">Protective motorcycle gear according to the (EU) 2016/425 regulation</li>
<li data-mce-fragment=""1"">PPE - protective motorcycle jacket (EN 17092-4:2020)</li>
</ul>
<b>Manufacturer's note:</b>
<ul data-mce-fragment=""1"">
<li data-mce-fragment=""1"">If you measure between two sizes when determining the size the manufacturer recommends to choose the larger size.</li>
</ul>
<h3>ADDITIONAL PRODUCT INFORMATION</h3>
<div data-mce-fragment=""1"">
<table class=""UserAttributes"" data-mce-fragment=""1"">
<tbody data-mce-fragment=""1"">
<tr data-mce-fragment=""1"">
<td class=""AttributeLabel VerticalAlignMiddle"" data-mce-fragment=""1"">Material</td>
<td class=""AttributeContent"" data-mce-fragment=""1"">Outer material: 100% polyester / Waterproof Membrane: 70% polyester, 30% polyurethane / Inner Lining: 100% polyester</td>
</tr>
</tbody>
</table>
</div>","The SHIMA Jet is a summer jacket designed with extended mesh panels for an excellent cooling performance. It is ideal for city riders as well as for those who like short motorcycle tours. Thanks to its large ventilation panels it provides a high level of airflow, guaranteeing maximum ventilation even on the hottest days. Jet is equipped with a removable wind- and waterproof NextDry™ membrane for inner or outer use. Specifically designed for motorcyclists, NextDry™ lets your skin breathe while keeping it dry and comfortable, allowing you stay focused on the road. Numerous reflective panels ensure that you will be noticed even on days with reduced visibility. Equipped with Level 2 elbow, shoulder and back protectors, the jacket offers increased safety, which is further reinforced by abrasion-resistant fabric reinforcements in the elbow and arm area. In addition, the jacket can still be retrofitted with a chest protector. Thanks to two different connecting zippers, you can fit this jacket perfectly with the highly ventilated Jet pants from the same series to boost airflow and to make a great touring set.

Features:

• NextDry™ waterproof membrane

• H3 Heat Free System

• EvoLink System

• Reflective areas

• Width adjustment on hips and arms

• Mix & Match System

• 2 outer pockets

• Dry pocket

• 2 zippers

Specifications:

• ArmorPlus back protector

• Shoulder protectors

• Elbow protectors

• Reinforcement on shoulder and elbows

• Reinforced double safe seams

• Prepared for SAS-TEC chest protector

• Protective motorcycle gear according to the (EU) 2016/425 regulation

• PPE - protective motorcycle jacket (EN 17092-4:2020)

Manufacturer's note:

• If you measure between two sizes when determining the size the manufacturer recommends to choose the larger size.

ADDITIONAL PRODUCT INFORMATION

Material | 
Outer material: 100% polyester / Waterproof Membrane: 70% polyester, 30% polyurethane / Inner Lining: 100% polyester |",26000,,2026-07-26,active,Shima,6000,g,Buy SHIMA Jet Waterproof Textile Jacket | Mile 27 Store,The SHIMA Jet is a summer jacket designed with extended mesh panels for an excellent cooling performance. It is ideal for city riders as well… NextDry™…,NextDry™ waterproof membrane | H3 Heat Free System | EvoLink System | Reflective areas,Cleaned noise; brand verified,High,false,Riding Gear > Riding Jackets,High,"Mapped from Shopify Type ""Jackets""",shima-jet-waterproof-textile-jacket-1|Size:S:Colour:Black|price:26000.00|compare:|weight:6000|barcode:|qty:0 | shima-jet-waterproof-textile-jacket-2|Size:S:Colour:Grey|price:26000.00|compare:|weight:6000|barcode:|qty:0 | shima-jet-waterproof-textile-jacket-3|Size:M:Colour:Black|price:26000.00|compare:|weight:6000|barcode:|qty:0 | shima-jet-waterproof-textile-jacket-4|Size:M:Colour:Grey|price:26000.00|compare:|weight:6000|barcode:|qty:0 | shima-jet-waterproof-textile-jacket-5|Size:L:Colour:Black|price:26000.00|compare:|weight:6000|barcode:|qty:0 | shima-jet-waterproof-textile-jacket-6|Size:L:Colour:Grey|price:26000.00|compare:|weight:6000|barcode:|qty:0 | shima-jet-waterproof-textile-jacket-7|Size:XL:Colour:Black|price:26000.00|compare:|weight:6000|barcode:|qty:0 | shima-jet-waterproof-textile-jacket-8|Size:XL:Colour:Grey|price:26000.00|compare:|weight:6000|barcode:|qty:0 | shima-jet-waterproof-textile-jacket-9|Size:XXL:Colour:Black|price:26000.00|compare:|weight:6000|barcode:|qty:0 | shima-jet-waterproof-textile-jacket-10|Size:XXL:Colour:Grey|price:26000.00|compare:|weight:6000|barcode:|qty:0 | shima-jet-waterproof-textile-jacket-11|Size:XXXL:Colour:Black|price:26000.00|compare:|weight:6000|barcode:|qty:0 | shima-jet-waterproof-textile-jacket-12|Size:XXXL:Colour:Grey|price:26000.00|compare:|weight:6000|barcode:|qty:0,"shima-jet-waterproof-textile-jacket-1,shima-jet-waterproof-textile-jacket-2,shima-jet-waterproof-textile-jacket-3,shima-jet-waterproof-textile-jacket-4,shima-jet-waterproof-textile-jacket-5,shima-jet-waterproof-textile-jacket-6,shima-jet-waterproof-textile-jacket-7,shima-jet-waterproof-textile-jacket-8,shima-jet-waterproof-textile-jacket-9,shima-jet-waterproof-textile-jacket-10,shima-jet-waterproof-textile-jacket-11,shima-jet-waterproof-textile-jacket-12",12,https://cdn.shopify.com/s/files/1/0076/8301/4754/products/SHIMA_JET_Men_jacket_black_front_1600px.jpg?v=1660993887|pos:1|alt:Shima SHIMA Jet Waterproof Textile Jacket – front view || https://cdn.shopify.com/s/files/1/0076/8301/4754/products/SHIMA_JET_Men_jacket_black_back_1600px.jpg?v=1660993888|pos:2|alt:Shima SHIMA Jet Waterproof Textile Jacket – side view || https://cdn.shopify.com/s/files/1/0076/8301/4754/products/SHIMA_JET_Men_jacket_grey_black_front_1600px.jpg?v=1660993887|pos:3|alt:Shima SHIMA Jet Waterproof Textile Jacket – rear view || https://cdn.shopify.com/s/files/1/0076/8301/4754/products/SHIMA_JET_Men_jacket_grey_black_back_1600px.jpg?v=1660993886|pos:4|alt:Shima SHIMA Jet Waterproof Textile Jacket – detail view,4,Shima SHIMA Jet Waterproof Textile Jacket – front view | Shima SHIMA Jet Waterproof Textile Jacket – side view | Shima SHIMA Jet Waterproof Textile Jacket – rear view | Shima SHIMA Jet Waterproof Textile Jacket – detail view,feature:waterproof,1,Shima Jet Waterproof Textile Jacket,Shima Jet Waterproof Textile Jacket. The SHIMA Jet is a summer jacket designed with extended mesh panels for an excellent cooling performance.,,,NextDry™ waterproof membrane. H3 Heat Free System. EvoLink System. Reflective areas.,,Available in multiple sizes. Check the size guide before ordering.,Shima Jet Waterproof Textile Jacket — a riding Jacket built to the specifications listed above.,true,draft,https://cdn.shopify.com/s/files/1/0076/8301/4754/products/SHIMA_JET_Men_jacket_black_front_1600px.jpg?v=1660993887|role:hero || https://cdn.shopify.com/s/files/1/0076/8301/4754/products/SHIMA_JET_Men_jacket_black_back_1600px.jpg?v=1660993888|role:construction detail || https://cdn.shopify.com/s/files/1/0076/8301/4754/products/SHIMA_JET_Men_jacket_grey_black_front_1600px.jpg?v=1660993887|role:side profile,3,false,/products/shima-jet-waterproof-textile-jacket,/products/shima-jet-waterproof-textile-jacket
shima-solid-pro-waterproof-textile-jacket,shima-solid-pro-waterproof-textile-jacket,SHIMA Solid Pro Waterproof Textile Jacket,SHIMA Solid Pro Waterproof Textile Jacket,shima-solid-pro-waterproof-textile-jacket,"SHIMA Solid Pro is an urban motorcycle jacket with a sporty style, ideal for clothing minimalists thanks to its universal character. Equipped with a set… • NextDry™ waterproof membrane. • Removable heating layer. • H3 Heat Free System. • EvoLink System. Available in multiple sizes and/or colours — select your variant.","SHIMA Solid Pro is an urban motorcycle jacket with a sporty style, ideal for clothing minimalists thanks to its universal character. Equipped with a set of protectors with a memory effect, external shoulder sliders and reinforcements on the elbows and shoulders, it provides full protection. Thanks to its ergonomic design and flexible fabric inserts, it gives the feeling of a neat fit and ensures that the protectors will always remain in place without hindering mobility. The removable heating layer and a waterproof NextDry™ membrane will protect you from cold and rain. During warm summer days, you can enjoy pleasant air flow by using the ventilation panels located in the upper chest, shoulders and back. The jacket is made of high density X-Shell weave fabric and has an air-vent along the entire length of the main zipper. Numerous reflective panels provide excellent visibility at any time of a day. <br><br>
<strong>Features:</strong>
<ul data-mce-fragment=""1"">
<li data-mce-fragment=""1"">NextDry™ waterproof membrane </li>
<li data-mce-fragment=""1"">Removable heating layer</li>
<li data-mce-fragment=""1"">H3 Heat Free System</li>
<li data-mce-fragment=""1"">EvoLink System</li>
<li data-mce-fragment=""1"">Width adjustment</li>
<li data-mce-fragment=""1"">Breathable elastic inserts</li>
<li data-mce-fragment=""1"">Connecting zippers</li>
<li data-mce-fragment=""1"">Recflective areas</li>
<li data-mce-fragment=""1"">Dry pocket</li>
<li data-mce-fragment=""1"">Back pocket for gloves</li>
</ul>
<strong>Specifications:</strong>
<ul data-mce-fragment=""1"">
<li data-mce-fragment=""1"">ArmorPlus back protector (EN 1621-2:2014)</li>
<li data-mce-fragment=""1"">Shoulder and elbow protectors (EN 1621-1:2012)</li>
<li data-mce-fragment=""1"">External shoulder sliders</li>
<li data-mce-fragment=""1"">Fabric reinforcement on shoulders and elbows</li>
<li data-mce-fragment=""1"">Reinforced double safe seams</li>
<li data-mce-fragment=""1"">Prepared for SAS-TEC chest protector</li>
<li data-mce-fragment=""1"">Protective motorcycle gear according to the (EU) 2016/425 regulation</li>
<li data-mce-fragment=""1"">PPE - protective motorcycle jacket (EN 17092-4:2020)</li>
</ul>
<b>Manufacturer's note:</b>
<ul data-mce-fragment=""1"">
<li data-mce-fragment=""1"">If you measure between two sizes when determining the size the manufacturer recommends to choose the larger size.</li>
</ul>
<h3>ADDITIONAL PRODUCT INFORMATION</h3>
<div data-mce-fragment=""1"">
<table class=""UserAttributes"" data-mce-fragment=""1"">
<tbody data-mce-fragment=""1"">
<tr data-mce-fragment=""1"">
<td class=""AttributeLabel VerticalAlignMiddle"" data-mce-fragment=""1"">Material</td>
<td class=""AttributeContent"" data-mce-fragment=""1"">Outer material: 92% polyester, 6% polyamide, 2% elasthane / Waterproof Membrane: 70% polyester, 30% polyurethane / Inner Lining: 100% polyester</td>
</tr>
</tbody>
</table>
</div>","SHIMA Solid Pro is an urban motorcycle jacket with a sporty style, ideal for clothing minimalists thanks to its universal character. Equipped with a set of protectors with a memory effect, external shoulder sliders and reinforcements on the elbows and shoulders, it provides full protection. Thanks to its ergonomic design and flexible fabric inserts, it gives the feeling of a neat fit and ensures that the protectors will always remain in place without hindering mobility. The removable heating layer and a waterproof NextDry™ membrane will protect you from cold and rain. During warm summer days, you can enjoy pleasant air flow by using the ventilation panels located in the upper chest, shoulders and back. The jacket is made of high density X-Shell weave fabric and has an air-vent along the entire length of the main zipper. Numerous reflective panels provide excellent visibility at any time of a day. 

Features:

• NextDry™ waterproof membrane 

• Removable heating layer

• H3 Heat Free System

• EvoLink System

• Width adjustment

• Breathable elastic inserts

• Connecting zippers

• Recflective areas

• Dry pocket

• Back pocket for gloves

Specifications:

• ArmorPlus back protector (EN 1621-2:2014)

• Shoulder and elbow protectors (EN 1621-1:2012)

• External shoulder sliders

• Fabric reinforcement on shoulders and elbows

• Reinforced double safe seams

• Prepared for SAS-TEC chest protector

• Protective motorcycle gear according to the (EU) 2016/425 regulation

• PPE - protective motorcycle jacket (EN 17092-4:2020)

Manufacturer's note:

• If you measure between two sizes when determining the size the manufacturer recommends to choose the larger size.

ADDITIONAL PRODUCT INFORMATION

Material | 
Outer material: 92% polyester, 6% polyamide, 2% elasthane / Waterproof Membrane: 70% polyester, 30% polyurethane / Inner Lining: 100% polyester |",29000,,2026-07-26,active,Shima,6000,g,Buy SHIMA Solid Pro Waterproof Textile Jacket | Mile 27 Store,"SHIMA Solid Pro is an urban motorcycle jacket with a sporty style, ideal for clothing minimalists thanks to its universal character. Equipped with a set……",NextDry™ waterproof membrane | Removable heating layer | H3 Heat Free System | EvoLink System,Cleaned noise; brand verified,High,false,Riding Gear > Riding Jackets > Textile Jackets,High,"Refined by title keyword: ""\b(textile\s+jacket|touring\s+jacket|adventure\s+jacket)\b""",shima-solid-pro-waterproof-textile-jacket-1|Size:S:Colour:Black/Red|price:29000.00|compare:|weight:6000|barcode:|qty:0 | shima-solid-pro-waterproof-textile-jacket-2|Size:S:Colour:Black/White|price:29000.00|compare:|weight:6000|barcode:|qty:0 | shima-solid-pro-waterproof-textile-jacket-3|Size:S:Colour:Black/Yellow|price:29000.00|compare:|weight:6000|barcode:|qty:0 | shima-solid-pro-waterproof-textile-jacket-4|Size:M:Colour:Black/Red|price:29000.00|compare:|weight:6000|barcode:|qty:0 | shima-solid-pro-waterproof-textile-jacket-5|Size:M:Colour:Black/White|price:29000.00|compare:|weight:6000|barcode:|qty:0 | shima-solid-pro-waterproof-textile-jacket-6|Size:M:Colour:Black/Yellow|price:29000.00|compare:|weight:6000|barcode:|qty:0 | shima-solid-pro-waterproof-textile-jacket-7|Size:L:Colour:Black/Red|price:29000.00|compare:|weight:6000|barcode:|qty:0 | shima-solid-pro-waterproof-textile-jacket-8|Size:L:Colour:Black/White|price:29000.00|compare:|weight:6000|barcode:|qty:0 | shima-solid-pro-waterproof-textile-jacket-9|Size:L:Colour:Black/Yellow|price:29000.00|compare:|weight:6000|barcode:|qty:0 | shima-solid-pro-waterproof-textile-jacket-10|Size:XL:Colour:Black/Red|price:29000.00|compare:|weight:6000|barcode:|qty:0 | shima-solid-pro-waterproof-textile-jacket-11|Size:XL:Colour:Black/White|price:29000.00|compare:|weight:6000|barcode:|qty:0 | shima-solid-pro-waterproof-textile-jacket-12|Size:XL:Colour:Black/Yellow|price:29000.00|compare:|weight:6000|barcode:|qty:0 | shima-solid-pro-waterproof-textile-jacket-13|Size:XXL:Colour:Black/Red|price:29000.00|compare:|weight:6000|barcode:|qty:0 | shima-solid-pro-waterproof-textile-jacket-14|Size:XXL:Colour:Black/White|price:29000.00|compare:|weight:6000|barcode:|qty:0 | shima-solid-pro-waterproof-textile-jacket-15|Size:XXL:Colour:Black/Yellow|price:29000.00|compare:|weight:6000|barcode:|qty:0 | shima-solid-pro-waterproof-textile-jacket-16|Size:XXXL:Colour:Black/Red|price:29000.00|compare:|weight:6000|barcode:|qty:0 | shima-solid-pro-waterproof-textile-jacket-17|Size:XXXL:Colour:Black/White|price:29000.00|compare:|weight:6000|barcode:|qty:0 | shima-solid-pro-waterproof-textile-jacket-18|Size:XXXL:Colour:Black/Yellow|price:29000.00|compare:|weight:6000|barcode:|qty:0,"shima-solid-pro-waterproof-textile-jacket-1,shima-solid-pro-waterproof-textile-jacket-2,shima-solid-pro-waterproof-textile-jacket-3,shima-solid-pro-waterproof-textile-jacket-4,shima-solid-pro-waterproof-textile-jacket-5,shima-solid-pro-waterproof-textile-jacket-6,shima-solid-pro-waterproof-textile-jacket-7,shima-solid-pro-waterproof-textile-jacket-8,shima-solid-pro-waterproof-textile-jacket-9,shima-solid-pro-waterproof-textile-jacket-10,shima-solid-pro-waterproof-textile-jacket-11,shima-solid-pro-waterproof-textile-jacket-12,shima-solid-pro-waterproof-textile-jacket-13,shima-solid-pro-waterproof-textile-jacket-14,shima-solid-pro-waterproof-textile-jacket-15,shima-solid-pro-waterproof-textile-jacket-16,shima-solid-pro-waterproof-textile-jacket-17,shima-solid-pro-waterproof-textile-jacket-18",18,https://cdn.shopify.com/s/files/1/0076/8301/4754/products/SolidPro_Red_Front_1600px.jpg?v=1660993400|pos:1|alt:Shima SHIMA Solid Pro Waterproof Textile Jacket – front view || https://cdn.shopify.com/s/files/1/0076/8301/4754/products/SolidPro_Red_Back_1600px.jpg?v=1660993398|pos:2|alt:Shima SHIMA Solid Pro Waterproof Textile Jacket – side view || https://cdn.shopify.com/s/files/1/0076/8301/4754/products/SolidPro_BlackWhite_Front_1600px.jpg?v=1660993398|pos:3|alt:Shima SHIMA Solid Pro Waterproof Textile Jacket – rear view || https://cdn.shopify.com/s/files/1/0076/8301/4754/products/SolidPro_BlackWhite_Back_1600px.jpg?v=1660993398|pos:4|alt:Shima SHIMA Solid Pro Waterproof Textile Jacket – detail view || https://cdn.shopify.com/s/files/1/0076/8301/4754/products/SolidPro_Fluo_Front_1600px.jpg?v=1660993400|pos:5|alt:Shima SHIMA Solid Pro Waterproof Textile Jacket – top view || https://cdn.shopify.com/s/files/1/0076/8301/4754/products/SolidPro_Fluo_Back_1600px.jpg?v=1660993398|pos:6|alt:Shima SHIMA Solid Pro Waterproof Textile Jacket – product view,6,Shima SHIMA Solid Pro Waterproof Textile Jacket – front view | Shima SHIMA Solid Pro Waterproof Textile Jacket – side view | Shima SHIMA Solid Pro Waterproof Textile Jacket – rear view | Shima SHIMA Solid Pro Waterproof Textile Jacket – detail view | Shima SHIMA Solid Pro Waterproof Textile Jacket – top view | Shima SHIMA Solid Pro Waterproof Textile Jacket – product view,feature:waterproof,1,Shima Solid Pro Waterproof Textile Jacket,"Shima Solid Pro Waterproof Textile Jacket. SHIMA Solid Pro is an urban motorcycle jacket with a sporty style, ideal for clothing minimalists thanks to its universal character.",,,NextDry™ waterproof membrane. Removable heating layer. H3 Heat Free System. EvoLink System.,,Available in multiple sizes. Check the size guide before ordering.,Shima Solid Pro Waterproof Textile Jacket — a textile Jacket built to the specifications listed above.,true,draft,https://cdn.shopify.com/s/files/1/0076/8301/4754/products/SolidPro_Red_Front_1600px.jpg?v=1660993400|role:hero || https://cdn.shopify.com/s/files/1/0076/8301/4754/products/SolidPro_Red_Back_1600px.jpg?v=1660993398|role:construction detail || https://cdn.shopify.com/s/files/1/0076/8301/4754/products/SolidPro_BlackWhite_Front_1600px.jpg?v=1660993398|role:side profile,3,false,/products/shima-solid-pro-waterproof-textile-jacket,/products/shima-solid-pro-waterproof-textile-jacket
shima-hero-2-0-waterproof-textile-jacket,shima-hero-2-0-waterproof-textile-jacket,SHIMA Hero 2.0 Waterproof Textile Jacket,SHIMA Hero 2.0 Waterproof Textile Jacket,shima-hero-2-0-waterproof-textile-jacket,"SHIMA Hero 2.0 is your favourite motorcycle jacket in a new version! Equipped with a removable warming layer and a NextDry™ waterproof membrane, it convinces… • NextDry™ waterproof membrane. • Removable heating layer. • Expanded ventilation system. • EvoLink System. Available in multiple sizes and/or colours — select your variant.","SHIMA Hero 2.0 is your favourite motorcycle jacket in a new version! Equipped with a removable warming layer and a NextDry™ waterproof membrane, it convinces with multi-season functionality. Your safety is ensured by a set of breathable Level 2 back, hip and elbow protectors and numerous reflective elements. In sensitive areas, the jacket is reinforced with durable, abrasion- and tear-resistant CORDURA® fabric. Large ventilation panels on the front, forearms and back provide various possibilities of regulating the air flow. The multi-level adjustment system allows you to tailor the jacket to your own preferences. For even more comfort, Hero 2.0 features functional flap pockets and an inner waterproof pocket. Thanks to the connecting zips (360° zip and short zip) the jacket can be combined with matching pants. In addition, you can upgrade your Hero 2.0 with a collar and chest protector (sold separately).<br><br>
<strong>Features:</strong>
<ul data-mce-fragment=""1"">
<li data-mce-fragment=""1"">NextDry™ waterproof membrane </li>
<li data-mce-fragment=""1"">Removable heating layer</li>
<li data-mce-fragment=""1"">Expanded ventilation system</li>
<li data-mce-fragment=""1"">EvoLink System</li>
<li data-mce-fragment=""1"">Width adjustment</li>
<li data-mce-fragment=""1"">Connecting loop and zips</li>
<li data-mce-fragment=""1"">Recflective areas</li>
<li data-mce-fragment=""1"">Dry pocket</li>
<li data-mce-fragment=""1"">Flap pockets</li>
<li data-mce-fragment=""1"">Mix &amp; Match System</li>
</ul>
<strong>Specifications:</strong>
<ul data-mce-fragment=""1"">
<li data-mce-fragment=""1"">AirForce™ back protector (Level 2)</li>
<li data-mce-fragment=""1"">AirForce™ shoulder and elbow protectors (Level 2)</li>
<li data-mce-fragment=""1"">CORDURA® fabric reinforcements</li>
<li data-mce-fragment=""1"">Reinforced double safe seams</li>
<li data-mce-fragment=""1"">Prepared for SAS-TEC chest protector</li>
<li data-mce-fragment=""1"">Protective motorcycle gear according to the (EU) 2016/425 regulation</li>
<li data-mce-fragment=""1"">PPE - protective motorcycle jacket (EN 17092-3:2020)</li>
</ul>
<b>Manufacturer's note:</b>
<ul data-mce-fragment=""1"">
<li data-mce-fragment=""1"">If you measure between two sizes when determining the size the manufacturer recommends to choose the larger size.</li>
</ul>
<h3>ADDITIONAL PRODUCT INFORMATION</h3>
<div data-mce-fragment=""1"">
<table class=""UserAttributes"" data-mce-fragment=""1"">
<tbody data-mce-fragment=""1"">
<tr data-mce-fragment=""1"">
<td class=""AttributeLabel VerticalAlignMiddle"" data-mce-fragment=""1"">Material</td>
<td class=""AttributeContent"" data-mce-fragment=""1"">Outer material: 86% polyester, 13% polyamide, 1% other / Inner Lining: 99% polyester, 1% other</td>
</tr>
</tbody>
</table>
</div>","SHIMA Hero 2.0 is your favourite motorcycle jacket in a new version! Equipped with a removable warming layer and a NextDry™ waterproof membrane, it convinces with multi-season functionality. Your safety is ensured by a set of breathable Level 2 back, hip and elbow protectors and numerous reflective elements. In sensitive areas, the jacket is reinforced with durable, abrasion- and tear-resistant CORDURA® fabric. Large ventilation panels on the front, forearms and back provide various possibilities of regulating the air flow. The multi-level adjustment system allows you to tailor the jacket to your own preferences. For even more comfort, Hero 2.0 features functional flap pockets and an inner waterproof pocket. Thanks to the connecting zips (360° zip and short zip) the jacket can be combined with matching pants. In addition, you can upgrade your Hero 2.0 with a collar and chest protector (sold separately).

Features:

• NextDry™ waterproof membrane 

• Removable heating layer

• Expanded ventilation system

• EvoLink System

• Width adjustment

• Connecting loop and zips

• Recflective areas

• Dry pocket

• Flap pockets

• Mix & Match System

Specifications:

• AirForce™ back protector (Level 2)

• AirForce™ shoulder and elbow protectors (Level 2)

• CORDURA® fabric reinforcements

• Reinforced double safe seams

• Prepared for SAS-TEC chest protector

• Protective motorcycle gear according to the (EU) 2016/425 regulation

• PPE - protective motorcycle jacket (EN 17092-3:2020)

Manufacturer's note:

• If you measure between two sizes when determining the size the manufacturer recommends to choose the larger size.

ADDITIONAL PRODUCT INFORMATION

Material | 
Outer material: 86% polyester, 13% polyamide, 1% other / Inner Lining: 99% polyester, 1% other |",32000,,2026-07-26,active,Shima,6000,g,Buy SHIMA Hero 2.0 Waterproof Textile Jacket | Mile 27 Store,"SHIMA Hero 2.0 is your favourite motorcycle jacket in a new version! Equipped with a removable warming layer and a NextDry™ waterproof membrane, it…",NextDry™ waterproof membrane | Removable heating layer | Expanded ventilation system | EvoLink System,Cleaned noise; brand verified,High,false,Riding Gear > Riding Jackets > Textile Jackets,High,"Refined by title keyword: ""\b(textile\s+jacket|touring\s+jacket|adventure\s+jacket)\b""",shima-hero-2-0-waterproof-textile-jacket-1|Size:S:Colour:Black|price:32000.00|compare:|weight:6000|barcode:|qty:0 | shima-hero-2-0-waterproof-textile-jacket-2|Size:S:Colour:Black/Red|price:32000.00|compare:|weight:6000|barcode:|qty:0 | shima-hero-2-0-waterproof-textile-jacket-3|Size:S:Colour:Black/Yellow|price:32000.00|compare:|weight:6000|barcode:|qty:0 | shima-hero-2-0-waterproof-textile-jacket-4|Size:M:Colour:Black|price:32000.00|compare:|weight:6000|barcode:|qty:0 | shima-hero-2-0-waterproof-textile-jacket-5|Size:M:Colour:Black/Red|price:32000.00|compare:|weight:6000|barcode:|qty:0 | shima-hero-2-0-waterproof-textile-jacket-6|Size:M:Colour:Black/Yellow|price:32000.00|compare:|weight:6000|barcode:|qty:0 | shima-hero-2-0-waterproof-textile-jacket-7|Size:L:Colour:Black|price:32000.00|compare:|weight:6000|barcode:|qty:0 | shima-hero-2-0-waterproof-textile-jacket-8|Size:L:Colour:Black/Red|price:32000.00|compare:|weight:6000|barcode:|qty:0 | shima-hero-2-0-waterproof-textile-jacket-9|Size:L:Colour:Black/Yellow|price:32000.00|compare:|weight:6000|barcode:|qty:0 | shima-hero-2-0-waterproof-textile-jacket-10|Size:XL:Colour:Black|price:32000.00|compare:|weight:6000|barcode:|qty:0 | shima-hero-2-0-waterproof-textile-jacket-11|Size:XL:Colour:Black/Red|price:32000.00|compare:|weight:6000|barcode:|qty:0 | shima-hero-2-0-waterproof-textile-jacket-12|Size:XL:Colour:Black/Yellow|price:32000.00|compare:|weight:6000|barcode:|qty:0 | shima-hero-2-0-waterproof-textile-jacket-13|Size:2XL:Colour:Black|price:32000.00|compare:|weight:6000|barcode:|qty:0 | shima-hero-2-0-waterproof-textile-jacket-14|Size:2XL:Colour:Black/Red|price:32000.00|compare:|weight:6000|barcode:|qty:0 | shima-hero-2-0-waterproof-textile-jacket-15|Size:2XL:Colour:Black/Yellow|price:32000.00|compare:|weight:6000|barcode:|qty:0 | shima-hero-2-0-waterproof-textile-jacket-16|Size:3XL:Colour:Black|price:32000.00|compare:|weight:6000|barcode:|qty:0 | shima-hero-2-0-waterproof-textile-jacket-17|Size:3XL:Colour:Black/Red|price:32000.00|compare:|weight:6000|barcode:|qty:0 | shima-hero-2-0-waterproof-textile-jacket-18|Size:3XL:Colour:Black/Yellow|price:32000.00|compare:|weight:6000|barcode:|qty:0 | shima-hero-2-0-waterproof-textile-jacket-19|Size:4XL:Colour:Black|price:32000.00|compare:|weight:6000|barcode:|qty:0 | shima-hero-2-0-waterproof-textile-jacket-20|Size:4XL:Colour:Black/Red|price:32000.00|compare:|weight:6000|barcode:|qty:0 | shima-hero-2-0-waterproof-textile-jacket-21|Size:4XL:Colour:Black/Yellow|price:32000.00|compare:|weight:6000|barcode:|qty:0 | shima-hero-2-0-waterproof-textile-jacket-22|Size:5XL:Colour:Black|price:32000.00|compare:|weight:6000|barcode:|qty:0 | shima-hero-2-0-waterproof-textile-jacket-23|Size:5XL:Colour:Black/Red|price:32000.00|compare:|weight:6000|barcode:|qty:0 | shima-hero-2-0-waterproof-textile-jacket-24|Size:5XL:Colour:Black/Yellow|price:32000.00|compare:|weight:6000|barcode:|qty:0 | shima-hero-2-0-waterproof-textile-jacket-25|Size:6XL:Colour:Black|price:32000.00|compare:|weight:6000|barcode:|qty:0 | shima-hero-2-0-waterproof-textile-jacket-26|Size:6XL:Colour:Black/Red|price:32000.00|compare:|weight:6000|barcode:|qty:0 | shima-hero-2-0-waterproof-textile-jacket-27|Size:6XL:Colour:Black/Yellow|price:32000.00|compare:|weight:6000|barcode:|qty:0,"shima-hero-2-0-waterproof-textile-jacket-1,shima-hero-2-0-waterproof-textile-jacket-2,shima-hero-2-0-waterproof-textile-jacket-3,shima-hero-2-0-waterproof-textile-jacket-4,shima-hero-2-0-waterproof-textile-jacket-5,shima-hero-2-0-waterproof-textile-jacket-6,shima-hero-2-0-waterproof-textile-jacket-7,shima-hero-2-0-waterproof-textile-jacket-8,shima-hero-2-0-waterproof-textile-jacket-9,shima-hero-2-0-waterproof-textile-jacket-10,shima-hero-2-0-waterproof-textile-jacket-11,shima-hero-2-0-waterproof-textile-jacket-12,shima-hero-2-0-waterproof-textile-jacket-13,shima-hero-2-0-waterproof-textile-jacket-14,shima-hero-2-0-waterproof-textile-jacket-15,shima-hero-2-0-waterproof-textile-jacket-16,shima-hero-2-0-waterproof-textile-jacket-17,shima-hero-2-0-waterproof-textile-jacket-18,shima-hero-2-0-waterproof-textile-jacket-19,shima-hero-2-0-waterproof-textile-jacket-20,shima-hero-2-0-waterproof-textile-jacket-21,shima-hero-2-0-waterproof-textile-jacket-22,shima-hero-2-0-waterproof-textile-jacket-23,shima-hero-2-0-waterproof-textile-jacket-24,shima-hero-2-0-waterproof-textile-jacket-25,shima-hero-2-0-waterproof-textile-jacket-26,shima-hero-2-0-waterproof-textile-jacket-27",27,https://cdn.shopify.com/s/files/1/0076/8301/4754/products/SHIMA_HERO_2.0_MEN_BLACK_JACKET_FRONT_1600px.jpg?v=1660993056|pos:1|alt:Shima SHIMA Hero 2.0 Waterproof Textile Jacket – front view || https://cdn.shopify.com/s/files/1/0076/8301/4754/products/SHIMA_HERO_2.0_MEN_BLACK_JACKET_BACK_1600px.jpg?v=1660993057|pos:2|alt:Shima SHIMA Hero 2.0 Waterproof Textile Jacket – side view || https://cdn.shopify.com/s/files/1/0076/8301/4754/products/SHIMA_HERO_2.0_MEN_RED_JACKET_FRONT_1600px.jpg?v=1660993056|pos:3|alt:Shima SHIMA Hero 2.0 Waterproof Textile Jacket – rear view || https://cdn.shopify.com/s/files/1/0076/8301/4754/products/SHIMA_HERO_2.0_MEN_RED_JACKET_BACK_1600px.jpg?v=1660993057|pos:4|alt:Shima SHIMA Hero 2.0 Waterproof Textile Jacket – detail view || https://cdn.shopify.com/s/files/1/0076/8301/4754/products/SHIMA_HERO_2.0_MEN_YELLOW_FLUO_JACKET_FRONT_1600px.jpg?v=1660993056|pos:5|alt:Shima SHIMA Hero 2.0 Waterproof Textile Jacket – top view || https://cdn.shopify.com/s/files/1/0076/8301/4754/products/SHIMA_HERO_2.0_MEN_YELLOW_FLUO_JACKET_BACK_1600px.jpg?v=1660993056|pos:6|alt:Shima SHIMA Hero 2.0 Waterproof Textile Jacket – product view,6,Shima SHIMA Hero 2.0 Waterproof Textile Jacket – front view | Shima SHIMA Hero 2.0 Waterproof Textile Jacket – side view | Shima SHIMA Hero 2.0 Waterproof Textile Jacket – rear view | Shima SHIMA Hero 2.0 Waterproof Textile Jacket – detail view | Shima SHIMA Hero 2.0 Waterproof Textile Jacket – top view | Shima SHIMA Hero 2.0 Waterproof Textile Jacket – product view,feature:waterproof,1,Shima Hero 2.0 Waterproof Textile Jacket,"Shima Hero 2.0 Waterproof Textile Jacket. SHIMA Hero 2.0 is your favourite motorcycle jacket in a new version! Equipped with a removable warming layer and a NextDry™ waterproof membrane, it convinces… • NextDry™ waterproof membrane.",,Expanded ventilation system.,NextDry™ waterproof membrane. Removable heating layer. EvoLink System.,,Available in multiple sizes. Check the size guide before ordering.,Shima Hero 2.0 Waterproof Textile Jacket — a textile Jacket built to the specifications listed above.,true,draft,https://cdn.shopify.com/s/files/1/0076/8301/4754/products/SHIMA_HERO_2.0_MEN_BLACK_JACKET_FRONT_1600px.jpg?v=1660993056|role:hero || https://cdn.shopify.com/s/files/1/0076/8301/4754/products/SHIMA_HERO_2.0_MEN_BLACK_JACKET_BACK_1600px.jpg?v=1660993057|role:construction detail || https://cdn.shopify.com/s/files/1/0076/8301/4754/products/SHIMA_HERO_2.0_MEN_RED_JACKET_FRONT_1600px.jpg?v=1660993056|role:side profile,3,false,/products/shima-hero-2-0-waterproof-textile-jacket,/products/shima-hero-2-0-waterproof-textile-jacket
shima-piston-leather-textile-pants,shima-piston-leather-textile-pants,SHIMA Piston Leather/Textile Pants,SHIMA Piston Leather/Textile Pants,shima-piston-leather-textile-pants,The SHIMA Piston motorcycle pant is made from a combination of extensive mesh panels and high-quality natural cow hide. It is equipped with elastic stretch… • Premium quality leather. • Extra large mesh panels. • 3D ergonomic construction. • Breathable elastic inserts. Available in multiple sizes and/or colours — select your variant.,"The SHIMA Piston motorcycle pant is made from a combination of extensive mesh panels and high-quality natural cow hide. It is equipped with elastic stretch inserts in the crotch area for maximum riding comfort, while additional fabric accumulated in the folds provides better protection. The tibia area is equipped with special Velcro fasteners, which can be combined with optional knee sliders. Reflective panels and the DuoLayer Protection™ technology increase your safety. The slender fit, a width adjustment system on the sides and legs and elastic folding panels offer you freedom of movement. These pants can be perfectly matched with the highly ventilated Piston jacket from the same series and easily fastened thanks to two different zippers.<br><br>
<strong>Features:</strong>
<ul data-mce-fragment=""1"">
<li data-mce-fragment=""1"">Premium quality leather</li>
<li data-mce-fragment=""1"">Extra large mesh panels</li>
<li data-mce-fragment=""1"">3D ergonomic construction</li>
<li data-mce-fragment=""1"">Breathable elastic inserts</li>
<li data-mce-fragment=""1"">Elastic leather panels</li>
<li data-mce-fragment=""1"">Reflective areas</li>
<li data-mce-fragment=""1"">Width adjustment</li>
<li data-mce-fragment=""1"">Connecting zippers</li>
<li data-mce-fragment=""1"">Mix &amp; Match System</li>
</ul>
<strong>Specifications:</strong>
<ul data-mce-fragment=""1"">
<li data-mce-fragment=""1"">Double reinforcement layers</li>
<li data-mce-fragment=""1"">DuoLayer Protection™ </li>
<li data-mce-fragment=""1"">Foam padded panels </li>
<li data-mce-fragment=""1"">Velcro areas prepared for knee sliders</li>
<li data-mce-fragment=""1"">Protective motorcycle gear according to the (EU) 2016/425 regulation</li>
<li data-mce-fragment=""1"">PPE - protective motorcycle pants (EN 17092-3:2020)</li>
</ul>
<b>Manufacturer's note:</b>
<ul data-mce-fragment=""1"">
<li data-mce-fragment=""1"">If you measure between two sizes when determining the size the manufacturer recommends to choose the larger size.</li>
</ul>
<h3>ADDITIONAL PRODUCT INFORMATION</h3>
<div data-mce-fragment=""1"">
<table class=""UserAttributes"" data-mce-fragment=""1"">
<tbody data-mce-fragment=""1"">
<tr data-mce-fragment=""1"">
<td class=""AttributeLabel VerticalAlignMiddle"" data-mce-fragment=""1"">Material</td>
<td class=""AttributeContent"" data-mce-fragment=""1"">Outer material: 55% cow hide, 30% polyester, 15% polyamid / Inner Lining 1: 100% polyester / Inner Lining 2: 92% polyester, 8% elasthane / Contains non-textile parts of animal origin</td>
</tr>
</tbody>
</table>
</div>","The SHIMA Piston motorcycle pant is made from a combination of extensive mesh panels and high-quality natural cow hide. It is equipped with elastic stretch inserts in the crotch area for maximum riding comfort, while additional fabric accumulated in the folds provides better protection. The tibia area is equipped with special Velcro fasteners, which can be combined with optional knee sliders. Reflective panels and the DuoLayer Protection™ technology increase your safety. The slender fit, a width adjustment system on the sides and legs and elastic folding panels offer you freedom of movement. These pants can be perfectly matched with the highly ventilated Piston jacket from the same series and easily fastened thanks to two different zippers.

Features:

• Premium quality leather

• Extra large mesh panels

• 3D ergonomic construction

• Breathable elastic inserts

• Elastic leather panels

• Reflective areas

• Width adjustment

• Connecting zippers

• Mix & Match System

Specifications:

• Double reinforcement layers

• DuoLayer Protection™ 

• Foam padded panels 

• Velcro areas prepared for knee sliders

• Protective motorcycle gear according to the (EU) 2016/425 regulation

• PPE - protective motorcycle pants (EN 17092-3:2020)

Manufacturer's note:

• If you measure between two sizes when determining the size the manufacturer recommends to choose the larger size.

ADDITIONAL PRODUCT INFORMATION

Material | 
Outer material: 55% cow hide, 30% polyester, 15% polyamid / Inner Lining 1: 100% polyester / Inner Lining 2: 92% polyester, 8% elasthane / Contains non-textile parts of animal origin |",41000,,2026-07-26,active,Shima,7000,g,Buy SHIMA Piston Leather/Textile Pants | Mile 27 Store,The SHIMA Piston motorcycle pant is made from a combination of extensive mesh panels and high-quality natural cow hide. It is equipped with elastic…,Premium quality leather | Extra large mesh panels | 3D ergonomic construction | Breathable elastic inserts,Cleaned noise; brand verified,High,false,Riding Gear > Riding Pants > Textile Pants,High,"Refined by title keyword: ""\b(textile\s+pants|touring\s+pants)\b""",shima-piston-leather-textile-pants-1|Size:48|price:41000.00|compare:|weight:7000|barcode:|qty:0 | shima-piston-leather-textile-pants-2|Size:50|price:41000.00|compare:|weight:7000|barcode:|qty:0 | shima-piston-leather-textile-pants-3|Size:52|price:41000.00|compare:|weight:7000|barcode:|qty:0 | shima-piston-leather-textile-pants-4|Size:54|price:41000.00|compare:|weight:7000|barcode:|qty:0 | shima-piston-leather-textile-pants-5|Size:56|price:41000.00|compare:|weight:7000|barcode:|qty:0,"shima-piston-leather-textile-pants-1,shima-piston-leather-textile-pants-2,shima-piston-leather-textile-pants-3,shima-piston-leather-textile-pants-4,shima-piston-leather-textile-pants-5",5,https://cdn.shopify.com/s/files/1/0076/8301/4754/products/SHIMA_PISTON_trousers_front_1600px.jpg?v=1660991176|pos:1|alt:Shima SHIMA Piston Leather/Textile Pants – front view || https://cdn.shopify.com/s/files/1/0076/8301/4754/products/SHIMA_PISTON_trousers_back_1600px.jpg?v=1660991176|pos:2|alt:Shima SHIMA Piston Leather/Textile Pants – side view,2,Shima SHIMA Piston Leather/Textile Pants – front view | Shima SHIMA Piston Leather/Textile Pants – side view,,0,Shima Piston Leather/Textile Pants,Shima Piston Leather/Textile Pants. The SHIMA Piston motorcycle pant is made from a combination of extensive mesh panels and high-quality natural cow hide.,Premium quality leather. Extra large mesh panels. 3D ergonomic construction.,3D ergonomic construction.,Breathable elastic inserts.,,Available in multiple sizes. Check the size guide before ordering.,Shima Piston Leather/Textile Pants — a textile Pant built to the specifications listed above.,true,draft,https://cdn.shopify.com/s/files/1/0076/8301/4754/products/SHIMA_PISTON_trousers_front_1600px.jpg?v=1660991176|role:hero || https://cdn.shopify.com/s/files/1/0076/8301/4754/products/SHIMA_PISTON_trousers_back_1600px.jpg?v=1660991176|role:construction detail,2,false,/products/shima-piston-leather-textile-pants,/products/shima-piston-leather-textile-pants
shima-str-2-0-leather-pants,shima-str-2-0-leather-pants,SHIMA STR 2.0 Leather Pants,SHIMA STR 2.0 Leather Pants,shima-str-2-0-leather-pants,"The popular SHIMA STR 2.0 motorcycle pants come with a refreshed design and improved features. A pre-shaped construction ensures optimal wearing comfort, while knee protectors… • Premium quality leather. • Extensive localised perforated leather. • 3D ergonomic construction. • Breathable elastic inserts. Available in multiple sizes and/or colours — select your variant.","The popular SHIMA STR 2.0 motorcycle pants come with a refreshed design and improved features. A pre-shaped construction ensures optimal wearing comfort, while knee protectors and replaceable knee sliders increase your safety. The impact zones are additionally protected by the DuoLayer Protection™ System and the highest quality cow hide combined with double and triple seams. Accordion leather flex zones together with extensive stretch fabric in key articulation zones make sure you can move freely. Complete your look with the matching SHIMA STR 2.0 jacket. Thanks to the Mix &amp; Match system, you can easily combine pants of different sizes with another size of the jacket using the compatible connection zipper.<br><br>
<strong>Features:</strong>
<ul data-mce-fragment=""1"">
<li data-mce-fragment=""1"">Premium quality leather</li>
<li data-mce-fragment=""1"">Extensive localised perforated leather</li>
<li data-mce-fragment=""1"">3D ergonomic construction</li>
<li data-mce-fragment=""1"">Breathable elastic inserts</li>
<li data-mce-fragment=""1"">Elastic leather panels</li>
<li data-mce-fragment=""1"">Calf width adjustment</li>
<li data-mce-fragment=""1"">Mix &amp; Match</li>
</ul>
<strong>Specifications:</strong>
<ul data-mce-fragment=""1"">
<li data-mce-fragment=""1"">Knee protectors (EN 1621-1:2012)</li>
<li data-mce-fragment=""1"">Replaceable knee sliders</li>
<li data-mce-fragment=""1"">DuoLayer Protection™</li>
<li data-mce-fragment=""1"">Double and triple reinforced safe seams</li>
<li data-mce-fragment=""1"">Protective motorcycle gear according to the (EU) 2016/425 regulation</li>
<li data-mce-fragment=""1"">PPE - protective motorcycle pants (EN 17092-2:2019)</li>
</ul>
<strong>Contents:</strong>
<ul data-mce-fragment=""1"">
<li data-mce-fragment=""1"">1x SHIMA STR 2.0 Motorcycle Leather Pants</li>
</ul>
<b>Manufacturer's note:</b>
<ul data-mce-fragment=""1"">
<li data-mce-fragment=""1"">If you measure between two sizes when determining the size the manufacturer recommends to choose the larger size.</li>
</ul>
<h3>ADDITIONAL PRODUCT INFORMATION</h3>
<div data-mce-fragment=""1"">
<table class=""UserAttributes"" data-mce-fragment=""1"">
<tbody data-mce-fragment=""1"">
<tr data-mce-fragment=""1"">
<td class=""AttributeLabel VerticalAlignMiddle"" data-mce-fragment=""1"">Material</td>
<td class=""AttributeContent"" data-mce-fragment=""1"">Outer material: 83% leather, 17% polyamide / Inner Lining: 100% polyester / Contains non-textile parts of animal origin</td>
</tr>
</tbody>
</table>
</div>","The popular SHIMA STR 2.0 motorcycle pants come with a refreshed design and improved features. A pre-shaped construction ensures optimal wearing comfort, while knee protectors and replaceable knee sliders increase your safety. The impact zones are additionally protected by the DuoLayer Protection™ System and the highest quality cow hide combined with double and triple seams. Accordion leather flex zones together with extensive stretch fabric in key articulation zones make sure you can move freely. Complete your look with the matching SHIMA STR 2.0 jacket. Thanks to the Mix & Match system, you can easily combine pants of different sizes with another size of the jacket using the compatible connection zipper.

Features:

• Premium quality leather

• Extensive localised perforated leather

• 3D ergonomic construction

• Breathable elastic inserts

• Elastic leather panels

• Calf width adjustment

• Mix & Match

Specifications:

• Knee protectors (EN 1621-1:2012)

• Replaceable knee sliders

• DuoLayer Protection™

• Double and triple reinforced safe seams

• Protective motorcycle gear according to the (EU) 2016/425 regulation

• PPE - protective motorcycle pants (EN 17092-2:2019)

Contents:

• 1x SHIMA STR 2.0 Motorcycle Leather Pants

Manufacturer's note:

• If you measure between two sizes when determining the size the manufacturer recommends to choose the larger size.

ADDITIONAL PRODUCT INFORMATION

Material | 
Outer material: 83% leather, 17% polyamide / Inner Lining: 100% polyester / Contains non-textile parts of animal origin |",44000,,2026-07-26,active,Shima,7000,g,Buy SHIMA STR 2.0 Leather Pants | Mile 27 Store,"The popular SHIMA STR 2.0 motorcycle pants come with a refreshed design and improved features. A pre-shaped construction ensures optimal wearing comfort,…",Premium quality leather | Extensive localised perforated leather | 3D ergonomic construction | Breathable elastic inserts,Cleaned noise; brand verified,High,false,Riding Gear > Riding Pants > Leather Pants,High,"Refined by title keyword: ""\bleather\s+pants\b""",shima-str-2-0-leather-pants-1|Size:46:Colour:Black|price:44000.00|compare:|weight:7000|barcode:|qty:0 | shima-str-2-0-leather-pants-2|Size:46:Colour:Black/White/Red|price:44000.00|compare:|weight:7000|barcode:|qty:0 | shima-str-2-0-leather-pants-3|Size:46:Colour:Black/White/Yellow|price:44000.00|compare:|weight:7000|barcode:|qty:0 | shima-str-2-0-leather-pants-4|Size:46:Colour:Black/Red|price:44000.00|compare:|weight:7000|barcode:|qty:0 | shima-str-2-0-leather-pants-5|Size:46:Colour:Black/Yellow|price:44000.00|compare:|weight:7000|barcode:|qty:0 | shima-str-2-0-leather-pants-6|Size:48:Colour:Black|price:44000.00|compare:|weight:7000|barcode:|qty:0 | shima-str-2-0-leather-pants-7|Size:48:Colour:Black/White/Red|price:44000.00|compare:|weight:7000|barcode:|qty:0 | shima-str-2-0-leather-pants-8|Size:48:Colour:Black/White/Yellow|price:44000.00|compare:|weight:7000|barcode:|qty:0 | shima-str-2-0-leather-pants-9|Size:48:Colour:Black/Red|price:44000.00|compare:|weight:7000|barcode:|qty:0 | shima-str-2-0-leather-pants-10|Size:48:Colour:Black/Yellow|price:44000.00|compare:|weight:7000|barcode:|qty:0 | shima-str-2-0-leather-pants-11|Size:50:Colour:Black|price:44000.00|compare:|weight:7000|barcode:|qty:0 | shima-str-2-0-leather-pants-12|Size:50:Colour:Black/White/Red|price:44000.00|compare:|weight:7000|barcode:|qty:0 | shima-str-2-0-leather-pants-13|Size:50:Colour:Black/White/Yellow|price:44000.00|compare:|weight:7000|barcode:|qty:0 | shima-str-2-0-leather-pants-14|Size:50:Colour:Black/Red|price:44000.00|compare:|weight:7000|barcode:|qty:0 | shima-str-2-0-leather-pants-15|Size:50:Colour:Black/Yellow|price:44000.00|compare:|weight:7000|barcode:|qty:0 | shima-str-2-0-leather-pants-16|Size:52:Colour:Black|price:44000.00|compare:|weight:7000|barcode:|qty:0 | shima-str-2-0-leather-pants-17|Size:52:Colour:Black/White/Red|price:44000.00|compare:|weight:7000|barcode:|qty:0 | shima-str-2-0-leather-pants-18|Size:52:Colour:Black/White/Yellow|price:44000.00|compare:|weight:7000|barcode:|qty:0 | shima-str-2-0-leather-pants-19|Size:52:Colour:Black/Red|price:44000.00|compare:|weight:7000|barcode:|qty:0 | shima-str-2-0-leather-pants-20|Size:52:Colour:Black/Yellow|price:44000.00|compare:|weight:7000|barcode:|qty:0 | shima-str-2-0-leather-pants-21|Size:54:Colour:Black|price:44000.00|compare:|weight:7000|barcode:|qty:0 | shima-str-2-0-leather-pants-22|Size:54:Colour:Black/White/Red|price:44000.00|compare:|weight:7000|barcode:|qty:0 | shima-str-2-0-leather-pants-23|Size:54:Colour:Black/White/Yellow|price:44000.00|compare:|weight:7000|barcode:|qty:0 | shima-str-2-0-leather-pants-24|Size:54:Colour:Black/Red|price:44000.00|compare:|weight:7000|barcode:|qty:0 | shima-str-2-0-leather-pants-25|Size:54:Colour:Black/Yellow|price:44000.00|compare:|weight:7000|barcode:|qty:0 | shima-str-2-0-leather-pants-26|Size:56:Colour:Black|price:44000.00|compare:|weight:7000|barcode:|qty:0 | shima-str-2-0-leather-pants-27|Size:56:Colour:Black/White/Red|price:44000.00|compare:|weight:7000|barcode:|qty:0 | shima-str-2-0-leather-pants-28|Size:56:Colour:Black/White/Yellow|price:44000.00|compare:|weight:7000|barcode:|qty:0 | shima-str-2-0-leather-pants-29|Size:56:Colour:Black/Red|price:44000.00|compare:|weight:7000|barcode:|qty:0 | shima-str-2-0-leather-pants-30|Size:56:Colour:Black/Yellow|price:44000.00|compare:|weight:7000|barcode:|qty:0 | shima-str-2-0-leather-pants-31|Size:58:Colour:Black|price:44000.00|compare:|weight:7000|barcode:|qty:0 | shima-str-2-0-leather-pants-32|Size:58:Colour:Black/White/Red|price:44000.00|compare:|weight:7000|barcode:|qty:0 | shima-str-2-0-leather-pants-33|Size:58:Colour:Black/White/Yellow|price:44000.00|compare:|weight:7000|barcode:|qty:0 | shima-str-2-0-leather-pants-34|Size:58:Colour:Black/Red|price:44000.00|compare:|weight:7000|barcode:|qty:0 | shima-str-2-0-leather-pants-35|Size:58:Colour:Black/Yellow|price:44000.00|compare:|weight:7000|barcode:|qty:0 | shima-str-2-0-leather-pants-36|Size:60:Colour:Black|price:44000.00|compare:|weight:7000|barcode:|qty:0 | shima-str-2-0-leather-pants-37|Size:60:Colour:Black/White/Red|price:44000.00|compare:|weight:7000|barcode:|qty:0 | shima-str-2-0-leather-pants-38|Size:60:Colour:Black/White/Yellow|price:44000.00|compare:|weight:7000|barcode:|qty:0 | shima-str-2-0-leather-pants-39|Size:60:Colour:Black/Red|price:44000.00|compare:|weight:7000|barcode:|qty:0 | shima-str-2-0-leather-pants-40|Size:60:Colour:Black/Yellow|price:44000.00|compare:|weight:7000|barcode:|qty:0,"shima-str-2-0-leather-pants-1,shima-str-2-0-leather-pants-2,shima-str-2-0-leather-pants-3,shima-str-2-0-leather-pants-4,shima-str-2-0-leather-pants-5,shima-str-2-0-leather-pants-6,shima-str-2-0-leather-pants-7,shima-str-2-0-leather-pants-8,shima-str-2-0-leather-pants-9,shima-str-2-0-leather-pants-10,shima-str-2-0-leather-pants-11,shima-str-2-0-leather-pants-12,shima-str-2-0-leather-pants-13,shima-str-2-0-leather-pants-14,shima-str-2-0-leather-pants-15,shima-str-2-0-leather-pants-16,shima-str-2-0-leather-pants-17,shima-str-2-0-leather-pants-18,shima-str-2-0-leather-pants-19,shima-str-2-0-leather-pants-20,shima-str-2-0-leather-pants-21,shima-str-2-0-leather-pants-22,shima-str-2-0-leather-pants-23,shima-str-2-0-leather-pants-24,shima-str-2-0-leather-pants-25,shima-str-2-0-leather-pants-26,shima-str-2-0-leather-pants-27,shima-str-2-0-leather-pants-28,shima-str-2-0-leather-pants-29,shima-str-2-0-leather-pants-30,shima-str-2-0-leather-pants-31,shima-str-2-0-leather-pants-32,shima-str-2-0-leather-pants-33,shima-str-2-0-leather-pants-34,shima-str-2-0-leather-pants-35,shima-str-2-0-leather-pants-36,shima-str-2-0-leather-pants-37,shima-str-2-0-leather-pants-38,shima-str-2-0-leather-pants-39,shima-str-2-0-leather-pants-40",40,https://cdn.shopify.com/s/files/1/0076/8301/4754/products/SHIMA_STR2_pants_black_grey_front_1600px.jpg?v=1660990816|pos:1|alt:Shima SHIMA STR 2.0 Leather Pants – front view || https://cdn.shopify.com/s/files/1/0076/8301/4754/products/SHIMA_STR2_pants_black_grey_back_1600px.jpg?v=1660990819|pos:2|alt:Shima SHIMA STR 2.0 Leather Pants – side view || https://cdn.shopify.com/s/files/1/0076/8301/4754/products/SHIMA_STR2_pants_red_fluo_front_1600px.jpg?v=1660990816|pos:3|alt:Shima SHIMA STR 2.0 Leather Pants – rear view || https://cdn.shopify.com/s/files/1/0076/8301/4754/products/SHIMA_STR2_pants_red_fluo_back_1600px.jpg?v=1660990816|pos:4|alt:Shima SHIMA STR 2.0 Leather Pants – detail view || https://cdn.shopify.com/s/files/1/0076/8301/4754/products/SHIMA_STR2_pants_yellow_fluo_front_1600px.jpg?v=1660990817|pos:5|alt:Shima SHIMA STR 2.0 Leather Pants – top view || https://cdn.shopify.com/s/files/1/0076/8301/4754/products/SHIMA_STR2_pants_yellow_fluo_back_1600px.jpg?v=1660990820|pos:6|alt:Shima SHIMA STR 2.0 Leather Pants – product view || https://cdn.shopify.com/s/files/1/0076/8301/4754/products/SHIMA_STR2_pants_black_red_front_1600px.jpg?v=1660990816|pos:7|alt:Shima SHIMA STR 2.0 Leather Pants – product view || https://cdn.shopify.com/s/files/1/0076/8301/4754/products/SHIMA_STR2_pants_black_red_back_1600px.jpg?v=1660990817|pos:8|alt:Shima SHIMA STR 2.0 Leather Pants – product view || https://cdn.shopify.com/s/files/1/0076/8301/4754/products/new-2022-str-20-pant-blk-fluo.jpg?v=1660990819|pos:9|alt:Shima SHIMA STR 2.0 Leather Pants – product view || https://cdn.shopify.com/s/files/1/0076/8301/4754/products/new-2022-str-20-pant-blk-fluo_1.jpg?v=1660990819|pos:10|alt:Shima SHIMA STR 2.0 Leather Pants – product view,10,Shima SHIMA STR 2.0 Leather Pants – front view | Shima SHIMA STR 2.0 Leather Pants – side view | Shima SHIMA STR 2.0 Leather Pants – rear view | Shima SHIMA STR 2.0 Leather Pants – detail view | Shima SHIMA STR 2.0 Leather Pants – top view | Shima SHIMA STR 2.0 Leather Pants – product view,,0,Shima STR 2.0 Leather Pants,Shima STR 2.0 Leather Pants. The popular SHIMA STR 2.0 motorcycle pants come with a refreshed design and improved features.,Premium quality leather. Extensive localised perforated leather. 3D ergonomic construction.,3D ergonomic construction.,Breathable elastic inserts.,,Available in multiple sizes. Check the size guide before ordering.,Shima STR 2.0 Leather Pants — a leather Pant built to the specifications listed above.,true,draft,https://cdn.shopify.com/s/files/1/0076/8301/4754/products/SHIMA_STR2_pants_black_grey_front_1600px.jpg?v=1660990816|role:hero || https://cdn.shopify.com/s/files/1/0076/8301/4754/products/SHIMA_STR2_pants_black_grey_back_1600px.jpg?v=1660990819|role:construction detail || https://cdn.shopify.com/s/files/1/0076/8301/4754/products/SHIMA_STR2_pants_red_fluo_front_1600px.jpg?v=1660990816|role:side profile,3,false,/products/shima-str-2-0-leather-pants,/products/shima-str-2-0-leather-pants
shima-chase-leather-pants,shima-chase-leather-pants,SHIMA Chase Leather Pants,SHIMA Chase Leather Pants,shima-chase-leather-pants,These urban leather pants are made for motorcyclists who wish to upgrade the level of safety and performance while fulfilling their biking passion on the… • Premium cow hide. • Strategically placed perforations. • Breathable elastic inserts. • 3D ergonomic construction. Available in multiple sizes and/or colours — select your variant.,"These urban leather pants are made for motorcyclists who wish to upgrade the level of safety and performance while fulfilling their biking passion on the streets. The SHIMA Chase are equipped with elastic stretch inserts in the crotch area for maximum riding comfort, while additional fabric accumulated in the folds provides better protection. The tibia area comes with special Velcro fasteners, which can be combined with optional knee sliders. Leather perforations in the thigh area enhance air circulation. Reflective panels, knee and hip protectors as well as the DuoLayer Protection™ technology with additional cow hide layers in strategic places increase your safety. The sporty and slender fit, a width adjustment system on the sides and legs and elastic folding panels offer you freedom of movement. These stylish leather pants are a great addition to the matching SHIMA Chase and Piston jackets.<br><br>
<strong>Features:</strong>
<ul data-mce-fragment=""1"">
<li data-mce-fragment=""1"">Premium cow hide</li>
<li data-mce-fragment=""1"">Strategically placed perforations</li>
<li data-mce-fragment=""1"">Breathable elastic inserts</li>
<li data-mce-fragment=""1"">3D ergonomic construction</li>
<li data-mce-fragment=""1"">Width adjustment</li>
<li data-mce-fragment=""1"">Elastic leather panels</li>
<li data-mce-fragment=""1"">Connecting zippers</li>
<li data-mce-fragment=""1"">Reflective areas</li>
<li data-mce-fragment=""1"">Mix &amp; Match System</li>
</ul>
<strong>Specifications:</strong>
<ul data-mce-fragment=""1"">
<li data-mce-fragment=""1"">Reinforced double safe seams</li>
<li data-mce-fragment=""1"">DuoLayer Protection™ </li>
<li data-mce-fragment=""1"">Foam padded panels</li>
<li data-mce-fragment=""1"">Velcro areas prepared for knee sliders</li>
<li data-mce-fragment=""1"">Protective motorcycle gear according to the (EU) 2016/425 regulation</li>
<li data-mce-fragment=""1"">PPE - protective motorcycle pants (EN 17092-2:2019)</li>
</ul>
<b>Manufacturer's note:</b>
<ul data-mce-fragment=""1"">
<li data-mce-fragment=""1"">If you measure between two sizes when determining the size the manufacturer recommends to choose the larger size.</li>
</ul>
<h3>ADDITIONAL PRODUCT INFORMATION</h3>
<div data-mce-fragment=""1"">
<table class=""UserAttributes"" data-mce-fragment=""1"">
<tbody data-mce-fragment=""1"">
<tr data-mce-fragment=""1"">
<td class=""AttributeLabel VerticalAlignMiddle"" data-mce-fragment=""1"">Material</td>
<td class=""AttributeContent"" data-mce-fragment=""1"">Outer material: 100% cow hide / Inner Lining: 94% polyamide, 6% elasthane / Contains non-textile parts of animal origin</td>
</tr>
</tbody>
</table>
</div>","These urban leather pants are made for motorcyclists who wish to upgrade the level of safety and performance while fulfilling their biking passion on the streets. The SHIMA Chase are equipped with elastic stretch inserts in the crotch area for maximum riding comfort, while additional fabric accumulated in the folds provides better protection. The tibia area comes with special Velcro fasteners, which can be combined with optional knee sliders. Leather perforations in the thigh area enhance air circulation. Reflective panels, knee and hip protectors as well as the DuoLayer Protection™ technology with additional cow hide layers in strategic places increase your safety. The sporty and slender fit, a width adjustment system on the sides and legs and elastic folding panels offer you freedom of movement. These stylish leather pants are a great addition to the matching SHIMA Chase and Piston jackets.

Features:

• Premium cow hide

• Strategically placed perforations

• Breathable elastic inserts

• 3D ergonomic construction

• Width adjustment

• Elastic leather panels

• Connecting zippers

• Reflective areas

• Mix & Match System

Specifications:

• Reinforced double safe seams

• DuoLayer Protection™ 

• Foam padded panels

• Velcro areas prepared for knee sliders

• Protective motorcycle gear according to the (EU) 2016/425 regulation

• PPE - protective motorcycle pants (EN 17092-2:2019)

Manufacturer's note:

• If you measure between two sizes when determining the size the manufacturer recommends to choose the larger size.

ADDITIONAL PRODUCT INFORMATION

Material | 
Outer material: 100% cow hide / Inner Lining: 94% polyamide, 6% elasthane / Contains non-textile parts of animal origin |",41000,,2026-07-26,active,Shima,7000,g,Buy SHIMA Chase Leather Pants | Mile 27 Store,These urban leather pants are made for motorcyclists who wish to upgrade the level of safety and performance while fulfilling their biking passion on the……,Premium cow hide | Strategically placed perforations | Breathable elastic inserts | 3D ergonomic construction,Cleaned noise; brand verified,High,false,Riding Gear > Riding Pants > Leather Pants,High,"Refined by title keyword: ""\bleather\s+pants\b""",shima-chase-leather-pants-1|Size:48|price:41000.00|compare:|weight:7000|barcode:|qty:0 | shima-chase-leather-pants-2|Size:50|price:41000.00|compare:|weight:7000|barcode:|qty:0 | shima-chase-leather-pants-3|Size:52|price:41000.00|compare:|weight:7000|barcode:|qty:0 | shima-chase-leather-pants-4|Size:54|price:41000.00|compare:|weight:7000|barcode:|qty:0 | shima-chase-leather-pants-5|Size:56|price:41000.00|compare:|weight:7000|barcode:|qty:0 | shima-chase-leather-pants-6|Size:58|price:41000.00|compare:|weight:7000|barcode:|qty:0 | shima-chase-leather-pants-7|Size:60|price:41000.00|compare:|weight:7000|barcode:|qty:0,"shima-chase-leather-pants-1,shima-chase-leather-pants-2,shima-chase-leather-pants-3,shima-chase-leather-pants-4,shima-chase-leather-pants-5,shima-chase-leather-pants-6,shima-chase-leather-pants-7",7,https://cdn.shopify.com/s/files/1/0076/8301/4754/products/CHASE_Pants_Front_1600px.jpg?v=1660990456|pos:1|alt:Shima SHIMA Chase Leather Pants – front view || https://cdn.shopify.com/s/files/1/0076/8301/4754/products/CHASE_Pants_Back_1600px.jpg?v=1660990456|pos:2|alt:Shima SHIMA Chase Leather Pants – side view,2,Shima SHIMA Chase Leather Pants – front view | Shima SHIMA Chase Leather Pants – side view,,0,Shima Chase Leather Pants,Shima Chase Leather Pants. These urban leather pants are made for motorcyclists who wish to upgrade the level of safety and performance while fulfilling their biking passion on the… • Premium cow hide.,3D ergonomic construction.,3D ergonomic construction.,Premium cow hide. Strategically placed perforations. Breathable elastic inserts.,,Available in multiple sizes. Check the size guide before ordering.,Shima Chase Leather Pants — a leather Pant built to the specifications listed above.,true,draft,https://cdn.shopify.com/s/files/1/0076/8301/4754/products/CHASE_Pants_Front_1600px.jpg?v=1660990456|role:hero || https://cdn.shopify.com/s/files/1/0076/8301/4754/products/CHASE_Pants_Back_1600px.jpg?v=1660990456|role:construction detail,2,false,/products/shima-chase-leather-pants,/products/shima-chase-leather-pants
shima-hunter-leather-jacket,shima-hunter-leather-jacket,SHIMA Hunter+ Leather Jacket,SHIMA Hunter+ Leather Jacket,shima-hunter-leather-jacket,"The SHIMA Hunter+ motorcycle jacket stands for timeless style and exceptional leather. Elastic inserts on the shoulders and elbows improve your comfort. ArmorPlus back, shoulder… • Premium leather. • Elastic inserts. • Width adjustment at the hips. • Connecting zipper. Available in multiple sizes and/or colours — select your variant.","The SHIMA Hunter+ motorcycle jacket stands for timeless style and exceptional leather. Elastic inserts on the shoulders and elbows improve your comfort. ArmorPlus back, shoulder and elbow protectors and extra foam padding on shoulders and forearms guarantee the best possible safety parameters. The waterproof inner pocket, an additional inner pocket, a glove pocket on the back and three outer pockets offer plenty of space for your essentials. Hunter+ 2.0 also has a width adjustment, a short zipper and a loop that allows you to attach it to SHIMA pants. <br><br>
<strong>Features:</strong>
<ul data-mce-fragment=""1"">
<li data-mce-fragment=""1"">Premium leather</li>
<li data-mce-fragment=""1"">Elastic inserts</li>
<li data-mce-fragment=""1"">Width adjustment at the hips</li>
<li data-mce-fragment=""1"">Connecting zipper</li>
<li data-mce-fragment=""1"">Connecting loop</li>
<li data-mce-fragment=""1"">Back pocket for gloves</li>
<li data-mce-fragment=""1"">Dry pocket</li>
</ul>
<strong>Specifications:</strong>
<ul data-mce-fragment=""1"">
<li data-mce-fragment=""1"">ArmorPlus back, shoulder and elbow protectors</li>
<li data-mce-fragment=""1"">Foam padding on shoulders and forearms </li>
<li data-mce-fragment=""1"">Protective motorcycle gear according to the (EU) 2016/425 regulation</li>
<li data-mce-fragment=""1"">PPE - protective motorcycle jacket (EN 17092-3:2020)</li>
</ul>
<b>Manufacturer's note:</b>
<ul data-mce-fragment=""1"">
<li data-mce-fragment=""1"">If you measure between two sizes when determining the size the manufacturer recommends to choose the larger size.</li>
</ul>
<h3>ADDITIONAL PRODUCT INFORMATION</h3>
<div data-mce-fragment=""1"">
<table class=""UserAttributes"" data-mce-fragment=""1"">
<tbody data-mce-fragment=""1"">
<tr data-mce-fragment=""1"">
<td class=""AttributeLabel VerticalAlignMiddle"" data-mce-fragment=""1"">Material</td>
<td class=""AttributeContent"" data-mce-fragment=""1"">Outer material: 100% leather / Inner Lining: 100% polyester / Contains non-textile parts of animal origin</td>
</tr>
</tbody>
</table>
</div>","The SHIMA Hunter+ motorcycle jacket stands for timeless style and exceptional leather. Elastic inserts on the shoulders and elbows improve your comfort. ArmorPlus back, shoulder and elbow protectors and extra foam padding on shoulders and forearms guarantee the best possible safety parameters. The waterproof inner pocket, an additional inner pocket, a glove pocket on the back and three outer pockets offer plenty of space for your essentials. Hunter+ 2.0 also has a width adjustment, a short zipper and a loop that allows you to attach it to SHIMA pants. 

Features:

• Premium leather

• Elastic inserts

• Width adjustment at the hips

• Connecting zipper

• Connecting loop

• Back pocket for gloves

• Dry pocket

Specifications:

• ArmorPlus back, shoulder and elbow protectors

• Foam padding on shoulders and forearms 

• Protective motorcycle gear according to the (EU) 2016/425 regulation

• PPE - protective motorcycle jacket (EN 17092-3:2020)

Manufacturer's note:

• If you measure between two sizes when determining the size the manufacturer recommends to choose the larger size.

ADDITIONAL PRODUCT INFORMATION

Material | 
Outer material: 100% leather / Inner Lining: 100% polyester / Contains non-textile parts of animal origin |",43000,,2026-07-26,active,Shima,6000,g,Buy SHIMA Hunter+ Leather Jacket | Mile 27 Store,The SHIMA Hunter+ motorcycle jacket stands for timeless style and exceptional leather. Elastic inserts on the shoulders and elbows improve your comfort.…,Premium leather | Elastic inserts | Width adjustment at the hips | Connecting zipper,Cleaned noise; brand verified,High,false,Riding Gear > Riding Jackets > Leather Jackets,High,"Refined by title keyword: ""\bleather\s+jacket\b""",shima-hunter-leather-jacket-1|Size:S:Colour:Black|price:43000.00|compare:|weight:6000|barcode:|qty:0 | shima-hunter-leather-jacket-2|Size:S:Colour:Brown|price:43000.00|compare:|weight:6000|barcode:|qty:0 | shima-hunter-leather-jacket-3|Size:M:Colour:Black|price:43000.00|compare:|weight:6000|barcode:|qty:0 | shima-hunter-leather-jacket-4|Size:M:Colour:Brown|price:43000.00|compare:|weight:6000|barcode:|qty:0 | shima-hunter-leather-jacket-5|Size:L:Colour:Black|price:43000.00|compare:|weight:6000|barcode:|qty:0 | shima-hunter-leather-jacket-6|Size:L:Colour:Brown|price:43000.00|compare:|weight:6000|barcode:|qty:0 | shima-hunter-leather-jacket-7|Size:XL:Colour:Black|price:43000.00|compare:|weight:6000|barcode:|qty:0 | shima-hunter-leather-jacket-8|Size:XL:Colour:Brown|price:43000.00|compare:|weight:6000|barcode:|qty:0 | shima-hunter-leather-jacket-9|Size:XXL:Colour:Black|price:43000.00|compare:|weight:6000|barcode:|qty:0 | shima-hunter-leather-jacket-10|Size:XXL:Colour:Brown|price:43000.00|compare:|weight:6000|barcode:|qty:0 | shima-hunter-leather-jacket-11|Size:XXXL:Colour:Black|price:43000.00|compare:|weight:6000|barcode:|qty:0 | shima-hunter-leather-jacket-12|Size:XXXL:Colour:Brown|price:43000.00|compare:|weight:6000|barcode:|qty:0,"shima-hunter-leather-jacket-1,shima-hunter-leather-jacket-2,shima-hunter-leather-jacket-3,shima-hunter-leather-jacket-4,shima-hunter-leather-jacket-5,shima-hunter-leather-jacket-6,shima-hunter-leather-jacket-7,shima-hunter-leather-jacket-8,shima-hunter-leather-jacket-9,shima-hunter-leather-jacket-10,shima-hunter-leather-jacket-11,shima-hunter-leather-jacket-12",12,https://cdn.shopify.com/s/files/1/0076/8301/4754/products/hunter-black-s-508_1.jpg?v=1660990126|pos:1|alt:Shima SHIMA Hunter+ Leather Jacket – front view || https://cdn.shopify.com/s/files/1/0076/8301/4754/products/hunter-black-s-508_2.jpg?v=1660990128|pos:2|alt:Shima SHIMA Hunter+ Leather Jacket – side view || https://cdn.shopify.com/s/files/1/0076/8301/4754/products/hunter-brown-s-509.jpg?v=1660990124|pos:3|alt:Shima SHIMA Hunter+ Leather Jacket – rear view || https://cdn.shopify.com/s/files/1/0076/8301/4754/products/hunter-brown-s-509_2.jpg?v=1660990127|pos:4|alt:Shima SHIMA Hunter+ Leather Jacket – detail view,4,Shima SHIMA Hunter+ Leather Jacket – front view | Shima SHIMA Hunter+ Leather Jacket – side view | Shima SHIMA Hunter+ Leather Jacket – rear view | Shima SHIMA Hunter+ Leather Jacket – detail view,,0,Shima Hunter+ Leather Jacket,Shima Hunter+ Leather Jacket. The SHIMA Hunter+ motorcycle jacket stands for timeless style and exceptional leather.,Premium leather.,,Elastic inserts. Width adjustment at the hips. Connecting zipper.,,Available in multiple sizes. Check the size guide before ordering.,Shima Hunter+ Leather Jacket — a leather Jacket built to the specifications listed above.,true,draft,https://cdn.shopify.com/s/files/1/0076/8301/4754/products/hunter-black-s-508_1.jpg?v=1660990126|role:hero || https://cdn.shopify.com/s/files/1/0076/8301/4754/products/hunter-black-s-508_2.jpg?v=1660990128|role:construction detail || https://cdn.shopify.com/s/files/1/0076/8301/4754/products/hunter-brown-s-509.jpg?v=1660990124|role:side profile,3,false,/products/shima-hunter-leather-jacket,/products/shima-hunter-leather-jacket
shima-hunter-2-0-leather-jacket,shima-hunter-2-0-leather-jacket,SHIMA Hunter+ 2.0 Leather Jacket,SHIMA Hunter+ 2.0 Leather Jacket,shima-hunter-2-0-leather-jacket,"With the new season, the SHIMA Hunter+ 2.0 motorcycle jacket features an updated design and an even better fit. Made of high-quality leather and equipped… • Premium leather. • Perforations for breathability. • H3 Heat Free System. • Ventilation panels. Available in multiple sizes and/or colours — select your variant.","With the new season, the SHIMA Hunter+ 2.0 motorcycle jacket features an updated design and an even better fit. Made of high-quality leather and equipped with a set of breathable AirForce™ Level 2 protectors it guarantees excellent quality and protection. In addition, the elbow protectors have a 2-step height adjustment. Improved ergonomics and elastic panels on the back significantly affect the comfort of use. The air-vent along the entire length of the front zipper keeps you comfortable in all conditions. The waterproof inner pocket, an additional inner pocket and three outer pockets offer plenty of space for your essentials. Hunter+ 2.0 also has a width adjustment, connecting zippers and a loop that allows you to attach it to SHIMA pants. <br><br>
<strong>Features:</strong>
<ul data-mce-fragment=""1"">
<li data-mce-fragment=""1"">Premium leather</li>
<li data-mce-fragment=""1"">Perforations for breathability</li>
<li data-mce-fragment=""1"">H3 Heat Free System</li>
<li data-mce-fragment=""1"">Ventilation panels</li>
<li data-mce-fragment=""1"">3D ergonomic construction</li>
<li data-mce-fragment=""1"">Width adjustment at the hips</li>
<li data-mce-fragment=""1"">Elastic leather panels</li>
<li data-mce-fragment=""1"">Connecting zippers</li>
<li data-mce-fragment=""1"">Connecting loop</li>
<li data-mce-fragment=""1"">Hidden pocket for back protector</li>
<li data-mce-fragment=""1"">Back pocket for gloves</li>
<li data-mce-fragment=""1"">Dry pocket</li>
</ul>
<strong>Specifications:</strong>
<ul data-mce-fragment=""1"">
<li data-mce-fragment=""1"">AirForce™ back, shoulder and elbow protectors (Level 2)</li>
<li data-mce-fragment=""1"">Elbow protectors with 2-step height adjustment</li>
<li data-mce-fragment=""1"">Protective motorcycle gear according to the (EU) 2016/425 regulation</li>
<li data-mce-fragment=""1"">PPE - protective motorcycle jacket (EN 17092-3:2020)</li>
</ul>
<b>Manufacturer's note:</b>
<ul data-mce-fragment=""1"">
<li data-mce-fragment=""1"">If you measure between two sizes when determining the size the manufacturer recommends to choose the larger size.</li>
</ul>
<h3>ADDITIONAL PRODUCT INFORMATION</h3>
<div data-mce-fragment=""1"">
<table class=""UserAttributes"" data-mce-fragment=""1"">
<tbody data-mce-fragment=""1"">
<tr data-mce-fragment=""1"">
<td class=""AttributeLabel VerticalAlignMiddle"" data-mce-fragment=""1"">Material</td>
<td class=""AttributeContent"" data-mce-fragment=""1"">Outer material: 100% leather / Inner Lining: 100% polyester / Contains non-textile parts of animal origin</td>
</tr>
</tbody>
</table>
</div>","With the new season, the SHIMA Hunter+ 2.0 motorcycle jacket features an updated design and an even better fit. Made of high-quality leather and equipped with a set of breathable AirForce™ Level 2 protectors it guarantees excellent quality and protection. In addition, the elbow protectors have a 2-step height adjustment. Improved ergonomics and elastic panels on the back significantly affect the comfort of use. The air-vent along the entire length of the front zipper keeps you comfortable in all conditions. The waterproof inner pocket, an additional inner pocket and three outer pockets offer plenty of space for your essentials. Hunter+ 2.0 also has a width adjustment, connecting zippers and a loop that allows you to attach it to SHIMA pants. 

Features:

• Premium leather

• Perforations for breathability

• H3 Heat Free System

• Ventilation panels

• 3D ergonomic construction

• Width adjustment at the hips

• Elastic leather panels

• Connecting zippers

• Connecting loop

• Hidden pocket for back protector

• Back pocket for gloves

• Dry pocket

Specifications:

• AirForce™ back, shoulder and elbow protectors (Level 2)

• Elbow protectors with 2-step height adjustment

• Protective motorcycle gear according to the (EU) 2016/425 regulation

• PPE - protective motorcycle jacket (EN 17092-3:2020)

Manufacturer's note:

• If you measure between two sizes when determining the size the manufacturer recommends to choose the larger size.

ADDITIONAL PRODUCT INFORMATION

Material | 
Outer material: 100% leather / Inner Lining: 100% polyester / Contains non-textile parts of animal origin |",44000,,2026-07-26,active,Shima,6000,g,Buy SHIMA Hunter+ 2.0 Leather Jacket | Mile 27 Store,"With the new season, the SHIMA Hunter+ 2.0 motorcycle jacket features an updated design and an even better fit. Made of high-quality leather and equipped……",Premium leather | Perforations for breathability | H3 Heat Free System | Ventilation panels,Cleaned noise; brand verified,High,false,Riding Gear > Riding Jackets > Leather Jackets,High,"Refined by title keyword: ""\bleather\s+jacket\b""",shima-hunter-2-0-leather-jacket-1|Size:S:Colour:Black|price:44000.00|compare:|weight:6000|barcode:|qty:0 | shima-hunter-2-0-leather-jacket-2|Size:S:Colour:Brown|price:44000.00|compare:|weight:6000|barcode:|qty:0 | shima-hunter-2-0-leather-jacket-3|Size:S:Colour:Light Brown|price:44000.00|compare:|weight:6000|barcode:|qty:0 | shima-hunter-2-0-leather-jacket-4|Size:M:Colour:Black|price:44000.00|compare:|weight:6000|barcode:|qty:0 | shima-hunter-2-0-leather-jacket-5|Size:M:Colour:Brown|price:44000.00|compare:|weight:6000|barcode:|qty:0 | shima-hunter-2-0-leather-jacket-6|Size:M:Colour:Light Brown|price:44000.00|compare:|weight:6000|barcode:|qty:0 | shima-hunter-2-0-leather-jacket-7|Size:L:Colour:Black|price:44000.00|compare:|weight:6000|barcode:|qty:0 | shima-hunter-2-0-leather-jacket-8|Size:L:Colour:Brown|price:44000.00|compare:|weight:6000|barcode:|qty:0 | shima-hunter-2-0-leather-jacket-9|Size:L:Colour:Light Brown|price:44000.00|compare:|weight:6000|barcode:|qty:0 | shima-hunter-2-0-leather-jacket-10|Size:XL:Colour:Black|price:44000.00|compare:|weight:6000|barcode:|qty:0 | shima-hunter-2-0-leather-jacket-11|Size:XL:Colour:Brown|price:44000.00|compare:|weight:6000|barcode:|qty:0 | shima-hunter-2-0-leather-jacket-12|Size:XL:Colour:Light Brown|price:44000.00|compare:|weight:6000|barcode:|qty:0 | shima-hunter-2-0-leather-jacket-13|Size:2XL:Colour:Black|price:44000.00|compare:|weight:6000|barcode:|qty:0 | shima-hunter-2-0-leather-jacket-14|Size:2XL:Colour:Brown|price:44000.00|compare:|weight:6000|barcode:|qty:0 | shima-hunter-2-0-leather-jacket-15|Size:2XL:Colour:Light Brown|price:44000.00|compare:|weight:6000|barcode:|qty:0 | shima-hunter-2-0-leather-jacket-16|Size:3XL:Colour:Black|price:44000.00|compare:|weight:6000|barcode:|qty:0 | shima-hunter-2-0-leather-jacket-17|Size:3XL:Colour:Brown|price:44000.00|compare:|weight:6000|barcode:|qty:0 | shima-hunter-2-0-leather-jacket-18|Size:3XL:Colour:Light Brown|price:44000.00|compare:|weight:6000|barcode:|qty:0 | shima-hunter-2-0-leather-jacket-19|Size:4XL:Colour:Black|price:44000.00|compare:|weight:6000|barcode:|qty:0 | shima-hunter-2-0-leather-jacket-20|Size:4XL:Colour:Brown|price:44000.00|compare:|weight:6000|barcode:|qty:0 | shima-hunter-2-0-leather-jacket-21|Size:4XL:Colour:Light Brown|price:44000.00|compare:|weight:6000|barcode:|qty:0 | shima-hunter-2-0-leather-jacket-22|Size:5XL:Colour:Black|price:44000.00|compare:|weight:6000|barcode:|qty:0 | shima-hunter-2-0-leather-jacket-23|Size:5XL:Colour:Brown|price:44000.00|compare:|weight:6000|barcode:|qty:0 | shima-hunter-2-0-leather-jacket-24|Size:5XL:Colour:Light Brown|price:44000.00|compare:|weight:6000|barcode:|qty:0,"shima-hunter-2-0-leather-jacket-1,shima-hunter-2-0-leather-jacket-2,shima-hunter-2-0-leather-jacket-3,shima-hunter-2-0-leather-jacket-4,shima-hunter-2-0-leather-jacket-5,shima-hunter-2-0-leather-jacket-6,shima-hunter-2-0-leather-jacket-7,shima-hunter-2-0-leather-jacket-8,shima-hunter-2-0-leather-jacket-9,shima-hunter-2-0-leather-jacket-10,shima-hunter-2-0-leather-jacket-11,shima-hunter-2-0-leather-jacket-12,shima-hunter-2-0-leather-jacket-13,shima-hunter-2-0-leather-jacket-14,shima-hunter-2-0-leather-jacket-15,shima-hunter-2-0-leather-jacket-16,shima-hunter-2-0-leather-jacket-17,shima-hunter-2-0-leather-jacket-18,shima-hunter-2-0-leather-jacket-19,shima-hunter-2-0-leather-jacket-20,shima-hunter-2-0-leather-jacket-21,shima-hunter-2-0-leather-jacket-22,shima-hunter-2-0-leather-jacket-23,shima-hunter-2-0-leather-jacket-24",24,https://cdn.shopify.com/s/files/1/0076/8301/4754/products/SHIMA_Hunter_Men_jacket_black_front_1600px.jpg?v=1660989758|pos:1|alt:Shima SHIMA Hunter+ 2.0 Leather Jacket – front view || https://cdn.shopify.com/s/files/1/0076/8301/4754/products/SHIMA_Hunter_Men_jacket_black_back_1600px.jpg?v=1660989757|pos:2|alt:Shima SHIMA Hunter+ 2.0 Leather Jacket – side view || https://cdn.shopify.com/s/files/1/0076/8301/4754/products/SHIMA_Hunter2_Men_jacket_brown_front_1600px.jpg?v=1660989757|pos:3|alt:Shima SHIMA Hunter+ 2.0 Leather Jacket – rear view || https://cdn.shopify.com/s/files/1/0076/8301/4754/products/SHIMA_Hunter2_Men_jacket_brown_back_1600px.jpg?v=1660989759|pos:4|alt:Shima SHIMA Hunter+ 2.0 Leather Jacket – detail view || https://cdn.shopify.com/s/files/1/0076/8301/4754/products/SHIMA_Hunter_Men_jacket_light_brown_front_1600px.jpg?v=1660989759|pos:5|alt:Shima SHIMA Hunter+ 2.0 Leather Jacket – top view || https://cdn.shopify.com/s/files/1/0076/8301/4754/products/SHIMA_Hunter_Men_jacket_light_brown_back_1600px.jpg?v=1660989757|pos:6|alt:Shima SHIMA Hunter+ 2.0 Leather Jacket – product view,6,Shima SHIMA Hunter+ 2.0 Leather Jacket – front view | Shima SHIMA Hunter+ 2.0 Leather Jacket – side view | Shima SHIMA Hunter+ 2.0 Leather Jacket – rear view | Shima SHIMA Hunter+ 2.0 Leather Jacket – detail view | Shima SHIMA Hunter+ 2.0 Leather Jacket – top view | Shima SHIMA Hunter+ 2.0 Leather Jacket – product view,,0,Shima Hunter+ 2.0 Leather Jacket,"Shima Hunter+ 2.0 Leather Jacket. With the new season, the SHIMA Hunter+ 2.0 motorcycle jacket features an updated design and an even better fit.",Premium leather.,Ventilation panels.,Perforations for breathability. H3 Heat Free System.,,Available in multiple sizes. Check the size guide before ordering.,Shima Hunter+ 2.0 Leather Jacket — a leather Jacket built to the specifications listed above.,true,draft,https://cdn.shopify.com/s/files/1/0076/8301/4754/products/SHIMA_Hunter_Men_jacket_black_front_1600px.jpg?v=1660989758|role:hero || https://cdn.shopify.com/s/files/1/0076/8301/4754/products/SHIMA_Hunter_Men_jacket_black_back_1600px.jpg?v=1660989757|role:construction detail || https://cdn.shopify.com/s/files/1/0076/8301/4754/products/SHIMA_Hunter2_Men_jacket_brown_front_1600px.jpg?v=1660989757|role:side profile,3,false,/products/shima-hunter-2-0-leather-jacket,/products/shima-hunter-2-0-leather-jacket
shima-blake-leather-jacket,shima-blake-leather-jacket,SHIMA Blake Leather Jacket,SHIMA Blake Leather Jacket,shima-blake-leather-jacket,"The SHIMA Blake is a stylish motorcycle jacket, which is ideal for everyday city life. Made of high quality, soft natural leather, this jacket will… • Premium quality leather. • Ventilation panels. • H3 Heat Free System. • EvoLink System. Available in multiple sizes and/or colours — select your variant.","The SHIMA Blake is a stylish motorcycle jacket, which is ideal for everyday city life. Made of high quality, soft natural leather, this jacket will be especially appreciated by vintage style lovers looking for a universal product that will accompany them both during and after the ride. Alongside the H3 main zipper, there is an optional additional airflow control function – a powerful cooling ventilation panel that can be opened throughout the entire length of the jacket. Blake is equipped with elbow and back protectors including the ArmourPlus protector with a memory effect, thus guaranteeing the highest quality of safety combined with an exceptional sense of comfort. Stow your essentials in the three outer pockets, the dry pocket in the lining and an additional inner pocket. A short zipper allows you to fasten the jacket with selected SHIMA trousers. Each model comes with a leather key ring, which will fit perfectly to your jacket. For even greater security, you can equip it with an additional SAS-TEC chest protector – available as an option.<br><br>
<strong>Features:</strong>
<ul data-mce-fragment=""1"">
<li data-mce-fragment=""1"">Premium quality leather</li>
<li data-mce-fragment=""1"">Ventilation panels</li>
<li data-mce-fragment=""1"">H3 Heat Free System</li>
<li data-mce-fragment=""1"">EvoLink System</li>
<li data-mce-fragment=""1"">Regular fit</li>
<li data-mce-fragment=""1"">Width adjustment</li>
<li data-mce-fragment=""1"">Short connecting zipper</li>
<li data-mce-fragment=""1"">3 outer pockets</li>
<li data-mce-fragment=""1"">Dry pocket</li>
<li data-mce-fragment=""1"">Back pocket for gloves</li>
</ul>
<strong>Specifications:</strong>
<ul data-mce-fragment=""1"">
<li data-mce-fragment=""1"">ArmorPlus back protector</li>
<li data-mce-fragment=""1"">Shoulder protectors</li>
<li data-mce-fragment=""1"">Elbow protectors</li>
<li data-mce-fragment=""1"">Foam padded panels</li>
<li data-mce-fragment=""1"">Reinforced double safe seams</li>
<li data-mce-fragment=""1"">Prepared for SAS-TEC chest protector</li>
<li data-mce-fragment=""1"">Protective motorcycle gear according to the (EU) 2016/425 regulation</li>
<li data-mce-fragment=""1"">PPE - protective motorcycle jacket (EN 17092-3:2020)</li>
</ul>
<b>Manufacturer's note:</b>
<ul data-mce-fragment=""1"">
<li data-mce-fragment=""1""><span data-mce-fragment=""1"">If you measure between two sizes when determining the size the manufacturer recommends to choose the larger size.</span></li>
</ul>
<h3>ADDITIONAL PRODUCT INFORMATION</h3>
<div data-mce-fragment=""1"">
<table class=""UserAttributes"" data-mce-fragment=""1"">
<tbody data-mce-fragment=""1"">
<tr data-mce-fragment=""1"">
<td class=""AttributeLabel VerticalAlignMiddle"" data-mce-fragment=""1"">Material</td>
<td class=""AttributeContent"" data-mce-fragment=""1"">Outer material: 100% cow hide / Inner Lining: 100% cotton / Contains non-textile parts of animal origin</td>
</tr>
</tbody>
</table>
</div>","The SHIMA Blake is a stylish motorcycle jacket, which is ideal for everyday city life. Made of high quality, soft natural leather, this jacket will be especially appreciated by vintage style lovers looking for a universal product that will accompany them both during and after the ride. Alongside the H3 main zipper, there is an optional additional airflow control function – a powerful cooling ventilation panel that can be opened throughout the entire length of the jacket. Blake is equipped with elbow and back protectors including the ArmourPlus protector with a memory effect, thus guaranteeing the highest quality of safety combined with an exceptional sense of comfort. Stow your essentials in the three outer pockets, the dry pocket in the lining and an additional inner pocket. A short zipper allows you to fasten the jacket with selected SHIMA trousers. Each model comes with a leather key ring, which will fit perfectly to your jacket. For even greater security, you can equip it with an additional SAS-TEC chest protector – available as an option.

Features:

• Premium quality leather

• Ventilation panels

• H3 Heat Free System

• EvoLink System

• Regular fit

• Width adjustment

• Short connecting zipper

• 3 outer pockets

• Dry pocket

• Back pocket for gloves

Specifications:

• ArmorPlus back protector

• Shoulder protectors

• Elbow protectors

• Foam padded panels

• Reinforced double safe seams

• Prepared for SAS-TEC chest protector

• Protective motorcycle gear according to the (EU) 2016/425 regulation

• PPE - protective motorcycle jacket (EN 17092-3:2020)

Manufacturer's note:

• If you measure between two sizes when determining the size the manufacturer recommends to choose the larger size.

ADDITIONAL PRODUCT INFORMATION

Material | 
Outer material: 100% cow hide / Inner Lining: 100% cotton / Contains non-textile parts of animal origin |",51000,,2026-07-26,active,Shima,6000,g,Buy SHIMA Blake Leather Jacket | Mile 27 Store,"The SHIMA Blake is a stylish motorcycle jacket, which is ideal for everyday city life. Made of high quality, soft natural leather, this jacket will……",Premium quality leather | Ventilation panels | H3 Heat Free System | EvoLink System,Cleaned noise; brand verified,High,false,Riding Gear > Riding Jackets > Leather Jackets,High,"Refined by title keyword: ""\bleather\s+jacket\b""",shima-blake-leather-jacket-1|Size:S:Colour:Black|price:51000.00|compare:|weight:6000|barcode:|qty:0 | shima-blake-leather-jacket-2|Size:S:Colour:Brown|price:51000.00|compare:|weight:6000|barcode:|qty:0 | shima-blake-leather-jacket-3|Size:M:Colour:Black|price:51000.00|compare:|weight:6000|barcode:|qty:0 | shima-blake-leather-jacket-4|Size:M:Colour:Brown|price:51000.00|compare:|weight:6000|barcode:|qty:0 | shima-blake-leather-jacket-5|Size:L:Colour:Black|price:51000.00|compare:|weight:6000|barcode:|qty:0 | shima-blake-leather-jacket-6|Size:L:Colour:Brown|price:51000.00|compare:|weight:6000|barcode:|qty:0 | shima-blake-leather-jacket-7|Size:XL:Colour:Black|price:51000.00|compare:|weight:6000|barcode:|qty:0 | shima-blake-leather-jacket-8|Size:XL:Colour:Brown|price:51000.00|compare:|weight:6000|barcode:|qty:0 | shima-blake-leather-jacket-9|Size:XXL:Colour:Black|price:51000.00|compare:|weight:6000|barcode:|qty:0 | shima-blake-leather-jacket-10|Size:XXL:Colour:Brown|price:51000.00|compare:|weight:6000|barcode:|qty:0 | shima-blake-leather-jacket-11|Size:XXXL:Colour:Black|price:51000.00|compare:|weight:6000|barcode:|qty:0 | shima-blake-leather-jacket-12|Size:XXXL:Colour:Brown|price:51000.00|compare:|weight:6000|barcode:|qty:0,"shima-blake-leather-jacket-1,shima-blake-leather-jacket-2,shima-blake-leather-jacket-3,shima-blake-leather-jacket-4,shima-blake-leather-jacket-5,shima-blake-leather-jacket-6,shima-blake-leather-jacket-7,shima-blake-leather-jacket-8,shima-blake-leather-jacket-9,shima-blake-leather-jacket-10,shima-blake-leather-jacket-11,shima-blake-leather-jacket-12",12,https://cdn.shopify.com/s/files/1/0076/8301/4754/products/BLAKE_BLACK_Front_1600px.jpg?v=1660988487|pos:1|alt:Shima SHIMA Blake Leather Jacket – front view || https://cdn.shopify.com/s/files/1/0076/8301/4754/products/BLAKE_BLACK_Back_1600px.jpg?v=1660988485|pos:2|alt:Shima SHIMA Blake Leather Jacket – side view || https://cdn.shopify.com/s/files/1/0076/8301/4754/products/BLAKE_Brown_Front_1600px.jpg?v=1660988485|pos:3|alt:Shima SHIMA Blake Leather Jacket – rear view || https://cdn.shopify.com/s/files/1/0076/8301/4754/products/BLAKE_Brown_Back_1600px.jpg?v=1660988486|pos:4|alt:Shima SHIMA Blake Leather Jacket – detail view,4,Shima SHIMA Blake Leather Jacket – front view | Shima SHIMA Blake Leather Jacket – side view | Shima SHIMA Blake Leather Jacket – rear view | Shima SHIMA Blake Leather Jacket – detail view,,0,Shima Blake Leather Jacket,"Shima Blake Leather Jacket. The SHIMA Blake is a stylish motorcycle jacket, which is ideal for everyday city life.",Premium quality leather.,Ventilation panels.,H3 Heat Free System. EvoLink System.,,Available in multiple sizes. Check the size guide before ordering.,Shima Blake Leather Jacket — a leather Jacket built to the specifications listed above.,true,draft,https://cdn.shopify.com/s/files/1/0076/8301/4754/products/BLAKE_BLACK_Front_1600px.jpg?v=1660988487|role:hero || https://cdn.shopify.com/s/files/1/0076/8301/4754/products/BLAKE_BLACK_Back_1600px.jpg?v=1660988485|role:construction detail || https://cdn.shopify.com/s/files/1/0076/8301/4754/products/BLAKE_Brown_Front_1600px.jpg?v=1660988485|role:side profile,3,false,/products/shima-blake-leather-jacket,/products/shima-blake-leather-jacket
shima-shadow-tfl-leather-jacket,shima-shadow-tfl-leather-jacket,SHIMA Shadow TFL Leather Jacket,SHIMA Shadow TFL Leather Jacket,shima-shadow-tfl-leather-jacket,"For all fanatics of timeless black, SHIMA brings the Shadow TFL motorcycle jacket, which combines cow hide with TFL Cool technology. Thanks to a special… • Premium TFL Cool Leather. • H3 Heat Free System. • EvoLink System. • Width adjustment. Available in multiple sizes and/or colours — select your variant.","For all fanatics of timeless black, SHIMA brings the Shadow TFL motorcycle jacket, which combines cow hide with TFL Cool technology. Thanks to a special coating, its surface reflects over 70% of the sun's rays, maintaining a comfortable temperature inside the jacket. If it is still too hot, a large H3-Zip ventilation panel located along the main lock and discreet panels on the shoulders, forearms and sides allow you to adjust the airflow accordingly. All the features of the jacket make it extremely versatile. To help you keep warm on cooler days, it is equipped with the EvoLink System, which gives you possibility to attach inner layers such as a heating vest (available as an option). Reflective areas increase visibility in the late evening hours. The Shadow TFL also features reinforced, safe seams and level 1 shoulder, elbow and ArmorPlus back protectors. <br><br>
<strong>Features:</strong>
<ul data-mce-fragment=""1"">
<li data-mce-fragment=""1"">Premium TFL Cool Leather</li>
<li data-mce-fragment=""1"">H3 Heat Free System</li>
<li data-mce-fragment=""1"">EvoLink System</li>
<li data-mce-fragment=""1"">Width adjustment</li>
<li data-mce-fragment=""1"">Regular Fit</li>
<li data-mce-fragment=""1"">Breathable elastic inserts</li>
<li data-mce-fragment=""1"">Reflective areas</li>
<li data-mce-fragment=""1"">Dry pocket</li>
<li data-mce-fragment=""1"">Connecting zippers</li>
</ul>
<strong>Specifications:</strong>
<ul data-mce-fragment=""1"">
<li data-mce-fragment=""1"">Back protector</li>
<li data-mce-fragment=""1"">Shoulder protectors</li>
<li data-mce-fragment=""1"">Elbow protectors</li>
<li data-mce-fragment=""1"">Reinforced double safe seams</li>
<li data-mce-fragment=""1"">Prepared for SAS-TEC chest protector</li>
<li data-mce-fragment=""1""><span data-mce-fragment=""1"">Protective motorcycle gear according to the (EU) 2016/425 regulation</span></li>
<li data-mce-fragment=""1"">PPE - protective motorcycle jacket (EN 17092-3:2020)</li>
</ul>
<b>Manufacturer's note:</b>
<ul data-mce-fragment=""1"">
<li data-mce-fragment=""1"">If you measure between two sizes when determining the size the manufacturer recommends to choose the larger size.</li>
</ul>
<h3>ADDITIONAL PRODUCT INFORMATION</h3>
<div data-mce-fragment=""1"">
<table class=""UserAttributes"" data-mce-fragment=""1"">
<tbody data-mce-fragment=""1"">
<tr data-mce-fragment=""1"">
<td class=""AttributeLabel VerticalAlignMiddle"" data-mce-fragment=""1"">Material</td>
<td class=""AttributeContent"" data-mce-fragment=""1"">Outer material 1: 100% cow hide / Outer material 2: 72% polyamid, 28% elasthane / Inner Lining: 93% polyester, 5% polyamide, 2% elasthane / Contains non-textile parts of animal origin</td>
</tr>
</tbody>
</table>
</div>","For all fanatics of timeless black, SHIMA brings the Shadow TFL motorcycle jacket, which combines cow hide with TFL Cool technology. Thanks to a special coating, its surface reflects over 70% of the sun's rays, maintaining a comfortable temperature inside the jacket. If it is still too hot, a large H3-Zip ventilation panel located along the main lock and discreet panels on the shoulders, forearms and sides allow you to adjust the airflow accordingly. All the features of the jacket make it extremely versatile. To help you keep warm on cooler days, it is equipped with the EvoLink System, which gives you possibility to attach inner layers such as a heating vest (available as an option). Reflective areas increase visibility in the late evening hours. The Shadow TFL also features reinforced, safe seams and level 1 shoulder, elbow and ArmorPlus back protectors. 

Features:

• Premium TFL Cool Leather

• H3 Heat Free System

• EvoLink System

• Width adjustment

• Regular Fit

• Breathable elastic inserts

• Reflective areas

• Dry pocket

• Connecting zippers

Specifications:

• Back protector

• Shoulder protectors

• Elbow protectors

• Reinforced double safe seams

• Prepared for SAS-TEC chest protector

• Protective motorcycle gear according to the (EU) 2016/425 regulation

• PPE - protective motorcycle jacket (EN 17092-3:2020)

Manufacturer's note:

• If you measure between two sizes when determining the size the manufacturer recommends to choose the larger size.

ADDITIONAL PRODUCT INFORMATION

Material | 
Outer material 1: 100% cow hide / Outer material 2: 72% polyamid, 28% elasthane / Inner Lining: 93% polyester, 5% polyamide, 2% elasthane / Contains non-textile parts of animal origin |",44000,,2026-07-26,active,Shima,6000,g,Buy SHIMA Shadow TFL Leather Jacket | Mile 27 Store,"For all fanatics of timeless black, SHIMA brings the Shadow TFL motorcycle jacket, which combines cow hide with TFL Cool technology. Thanks to a special……",Premium TFL Cool Leather | H3 Heat Free System | EvoLink System | Width adjustment,Cleaned noise; brand verified,High,false,Riding Gear > Riding Jackets > Leather Jackets,High,"Refined by title keyword: ""\bleather\s+jacket\b""",shima-shadow-tfl-leather-jacket-1|Size:S|price:44000.00|compare:|weight:6000|barcode:|qty:0 | shima-shadow-tfl-leather-jacket-2|Size:M|price:44000.00|compare:|weight:6000|barcode:|qty:0 | shima-shadow-tfl-leather-jacket-3|Size:L|price:44000.00|compare:|weight:6000|barcode:|qty:0 | shima-shadow-tfl-leather-jacket-4|Size:XL|price:44000.00|compare:|weight:6000|barcode:|qty:0 | shima-shadow-tfl-leather-jacket-5|Size:XXL|price:44000.00|compare:|weight:6000|barcode:|qty:0 | shima-shadow-tfl-leather-jacket-6|Size:XXXL|price:44000.00|compare:|weight:6000|barcode:|qty:0,"shima-shadow-tfl-leather-jacket-1,shima-shadow-tfl-leather-jacket-2,shima-shadow-tfl-leather-jacket-3,shima-shadow-tfl-leather-jacket-4,shima-shadow-tfl-leather-jacket-5,shima-shadow-tfl-leather-jacket-6",6,https://cdn.shopify.com/s/files/1/0076/8301/4754/products/SHIMA_SHADOW_TFL_men_jacket_black_front_1600px.jpg?v=1660988177|pos:1|alt:Shima SHIMA Shadow TFL Leather Jacket – front view || https://cdn.shopify.com/s/files/1/0076/8301/4754/products/SHIMA_SHADOW_TFL_men_jacket_black_back_1600px.jpg?v=1660988176|pos:2|alt:Shima SHIMA Shadow TFL Leather Jacket – side view,2,Shima SHIMA Shadow TFL Leather Jacket – front view | Shima SHIMA Shadow TFL Leather Jacket – side view,,0,Shima Shadow TFL Leather Jacket,"Shima Shadow TFL Leather Jacket. For all fanatics of timeless black, SHIMA brings the Shadow TFL motorcycle jacket, which combines cow hide with TFL Cool technology.",Premium TFL Cool Leather.,,H3 Heat Free System. EvoLink System. Width adjustment.,,Available in multiple sizes. Check the size guide before ordering.,Shima Shadow TFL Leather Jacket — a leather Jacket built to the specifications listed above.,true,draft,https://cdn.shopify.com/s/files/1/0076/8301/4754/products/SHIMA_SHADOW_TFL_men_jacket_black_front_1600px.jpg?v=1660988177|role:hero || https://cdn.shopify.com/s/files/1/0076/8301/4754/products/SHIMA_SHADOW_TFL_men_jacket_black_back_1600px.jpg?v=1660988176|role:construction detail,2,false,/products/shima-shadow-tfl-leather-jacket,/products/shima-shadow-tfl-leather-jacket
shima-piston-leather-textile-jacket,shima-piston-leather-textile-jacket,SHIMA Piston Leather/Textile Jacket,SHIMA Piston Leather/Textile Jacket,shima-piston-leather-textile-jacket,The SHIMA Piston is a leather and mesh motorcycle jacket offering superior protection and comfort in the daily city summer riding. This ultimate eye-catcher was… • Premium quality leather. • Extra large mesh panels. • EvoLink System. • 3D ergonomic construction. Available in multiple sizes and/or colours — select your variant.,"The SHIMA Piston is a leather and mesh motorcycle jacket offering superior protection and comfort in the daily city summer riding. This ultimate eye-catcher was built to overcome hot weather while keeping you protected from abrasion and impacts. The jacket is equipped with external shoulder sliders and Level 1 protectors on the back, shoulders and elbows. For extra safety it can be retrofitted with a chest protector, which is sold separately. The 3D ergonomic construction with advanced leather elastications on back and elbows, stretch fabric on underarms along and adjustable waist guarantee an excellent fit. The jacket features double reinforced safe seams and a double layer of leather on the elbows. DuoLayer Protection™ ensures a high tear resistance and protection. The lightweight mesh construction allows air to flow through freely. To help you keep even more cool or to warm you up if needed, this jacket is equipped with the EvoLink System, which gives you possibility to attach inner layers such as a cooling or heating vest (available as an option). Extra features for lasting comfort are a dry pocket, reflective panels and two types of connecting zippers. <br><br>
<strong>Features:</strong>
<ul data-mce-fragment=""1"">
<li data-mce-fragment=""1"">Premium quality leather</li>
<li data-mce-fragment=""1"">Extra large mesh panels</li>
<li data-mce-fragment=""1"">EvoLink System</li>
<li data-mce-fragment=""1"">3D ergonomic construction</li>
<li data-mce-fragment=""1"">Breathable elastic inserts</li>
<li data-mce-fragment=""1"">Elastic leather panels</li>
<li data-mce-fragment=""1"">Reflective areas</li>
<li data-mce-fragment=""1"">Width adjustment</li>
<li data-mce-fragment=""1"">Dry pocket</li>
<li data-mce-fragment=""1"">2 zippers</li>
</ul>
<strong>Specifications:</strong>
<ul data-mce-fragment=""1"">
<li data-mce-fragment=""1"">ArmorPlus back protector</li>
<li data-mce-fragment=""1"">Shoulder protectors</li>
<li data-mce-fragment=""1"">Elbow protectors</li>
<li data-mce-fragment=""1"">External shoulder sliders</li>
<li data-mce-fragment=""1"">DuoLayer Protection™ </li>
<li data-mce-fragment=""1"">Reinforced double safe seams</li>
<li data-mce-fragment=""1"">Prepared for SAS-TEC chest protector</li>
<li data-mce-fragment=""1""><span data-mce-fragment=""1"">Protective motorcycle gear according to the (EU) 2016/425 regulation</span></li>
<li data-mce-fragment=""1"">PPE - protective motorcycle jacket (EN 17092-3:2020)</li>
</ul>
<b>Manufacturer's note:</b>
<ul data-mce-fragment=""1"">
<li data-mce-fragment=""1"">If you measure between two sizes when determining the size the manufacturer recommends to choose the larger size.</li>
</ul>
<h3>ADDITIONAL PRODUCT INFORMATION</h3>
<div data-mce-fragment=""1"">
<table class=""UserAttributes"" data-mce-fragment=""1"">
<tbody data-mce-fragment=""1"">
<tr data-mce-fragment=""1"">
<td class=""AttributeLabel VerticalAlignMiddle"" data-mce-fragment=""1"">Material</td>
<td class=""AttributeContent"" data-mce-fragment=""1"">Outer material: 55% cow hide, 30% polyester, 15% polyamid / Inner Lining 1: 100% polyester / Inner Lining 2: 92% polyester, 8% elasthane / Contains non-textile parts of animal origin</td>
</tr>
</tbody>
</table>
</div>","The SHIMA Piston is a leather and mesh motorcycle jacket offering superior protection and comfort in the daily city summer riding. This ultimate eye-catcher was built to overcome hot weather while keeping you protected from abrasion and impacts. The jacket is equipped with external shoulder sliders and Level 1 protectors on the back, shoulders and elbows. For extra safety it can be retrofitted with a chest protector, which is sold separately. The 3D ergonomic construction with advanced leather elastications on back and elbows, stretch fabric on underarms along and adjustable waist guarantee an excellent fit. The jacket features double reinforced safe seams and a double layer of leather on the elbows. DuoLayer Protection™ ensures a high tear resistance and protection. The lightweight mesh construction allows air to flow through freely. To help you keep even more cool or to warm you up if needed, this jacket is equipped with the EvoLink System, which gives you possibility to attach inner layers such as a cooling or heating vest (available as an option). Extra features for lasting comfort are a dry pocket, reflective panels and two types of connecting zippers. 

Features:

• Premium quality leather

• Extra large mesh panels

• EvoLink System

• 3D ergonomic construction

• Breathable elastic inserts

• Elastic leather panels

• Reflective areas

• Width adjustment

• Dry pocket

• 2 zippers

Specifications:

• ArmorPlus back protector

• Shoulder protectors

• Elbow protectors

• External shoulder sliders

• DuoLayer Protection™ 

• Reinforced double safe seams

• Prepared for SAS-TEC chest protector

• Protective motorcycle gear according to the (EU) 2016/425 regulation

• PPE - protective motorcycle jacket (EN 17092-3:2020)

Manufacturer's note:

• If you measure between two sizes when determining the size the manufacturer recommends to choose the larger size.

ADDITIONAL PRODUCT INFORMATION

Material | 
Outer material: 55% cow hide, 30% polyester, 15% polyamid / Inner Lining 1: 100% polyester / Inner Lining 2: 92% polyester, 8% elasthane / Contains non-textile parts of animal origin |",44000,,2026-07-26,active,Shima,6000,g,Buy SHIMA Piston Leather/Textile Jacket | Mile 27 Store,The SHIMA Piston is a leather and mesh motorcycle jacket offering superior protection and comfort in the daily city summer riding. This ultimate…,Premium quality leather | Extra large mesh panels | EvoLink System | 3D ergonomic construction,Cleaned noise; brand verified,High,false,Riding Gear > Riding Jackets > Textile Jackets,High,"Refined by title keyword: ""\b(textile\s+jacket|touring\s+jacket|adventure\s+jacket)\b""",shima-piston-leather-textile-jacket-1|Size:48|price:44000.00|compare:|weight:6000|barcode:|qty:0 | shima-piston-leather-textile-jacket-2|Size:50|price:44000.00|compare:|weight:6000|barcode:|qty:0 | shima-piston-leather-textile-jacket-3|Size:52|price:44000.00|compare:|weight:6000|barcode:|qty:0 | shima-piston-leather-textile-jacket-4|Size:54|price:44000.00|compare:|weight:6000|barcode:|qty:0 | shima-piston-leather-textile-jacket-5|Size:56|price:44000.00|compare:|weight:6000|barcode:|qty:0 | shima-piston-leather-textile-jacket-6|Size:58|price:44000.00|compare:|weight:6000|barcode:|qty:0,"shima-piston-leather-textile-jacket-1,shima-piston-leather-textile-jacket-2,shima-piston-leather-textile-jacket-3,shima-piston-leather-textile-jacket-4,shima-piston-leather-textile-jacket-5,shima-piston-leather-textile-jacket-6",6,https://cdn.shopify.com/s/files/1/0076/8301/4754/products/Piston_Front_1600px.jpg?v=1660987907|pos:1|alt:Shima SHIMA Piston Leather/Textile Jacket – front view || https://cdn.shopify.com/s/files/1/0076/8301/4754/products/Piston_Back_1600px.jpg?v=1660987907|pos:2|alt:Shima SHIMA Piston Leather/Textile Jacket – side view,2,Shima SHIMA Piston Leather/Textile Jacket – front view | Shima SHIMA Piston Leather/Textile Jacket – side view,,0,Shima Piston Leather/Textile Jacket,Shima Piston Leather/Textile Jacket. The SHIMA Piston is a leather and mesh motorcycle jacket offering superior protection and comfort in the daily city summer riding.,Premium quality leather. Extra large mesh panels. 3D ergonomic construction.,3D ergonomic construction.,EvoLink System.,,Available in multiple sizes. Check the size guide before ordering.,Shima Piston Leather/Textile Jacket — a textile Jacket built to the specifications listed above.,true,draft,https://cdn.shopify.com/s/files/1/0076/8301/4754/products/Piston_Front_1600px.jpg?v=1660987907|role:hero || https://cdn.shopify.com/s/files/1/0076/8301/4754/products/Piston_Back_1600px.jpg?v=1660987907|role:construction detail,2,false,/products/shima-piston-leather-textile-jacket,/products/shima-piston-leather-textile-jacket
shima-str-2-0-leather-jacket,shima-str-2-0-leather-jacket,SHIMA STR 2.0 Leather Jacket,SHIMA STR 2.0 Leather Jacket,shima-str-2-0-leather-jacket,"The popular SHIMA STR 2.0 motorcycle jacket comes with a refreshed design and improved features. Shoulder and elbow protectors together with the ArmorPlus back protector,… • Premium quality leather. • Extensive localised perforated leather. • EvoLink System. • 3D ergonomic construction. Available in multiple sizes and/or colours — select your variant.","The popular SHIMA STR 2.0 motorcycle jacket comes with a refreshed design and improved features. Shoulder and elbow protectors together with the ArmorPlus back protector, external shoulder sliders and replaceable elbow sliders increase your safety. Impact zones are additionally protected by the DuoLayer Protection™ System and the highest quality cow hide combined with double and triple seams. The STR 2.0 is equipped with a big aerodynamic hump that reduces the formation of turbulent air behind the helmet. When you feel thirsty, you can keep your hydration level up with the H2O HydroBag, which you can place inside the hump (the HydroBag is sold separately). The EvoLink System allows a combination with inner layers such as a cooling or heating vest (available as an option). The jacket can be additionally equipped with an optional SAS-TEC chest protector to make you feel even more secure. Complete your look with the matching SHIMA STR 2.0 pants. Thanks to the Mix &amp; Match system, you can easily combine pants of different sizes with another size of the jacket using the compatible connection zipper.<br><br>
<strong>Features:</strong>
<ul data-mce-fragment=""1"">
<li data-mce-fragment=""1"">Premium quality leather</li>
<li data-mce-fragment=""1"">Extensive localised perforated leather</li>
<li data-mce-fragment=""1"">EvoLink System</li>
<li data-mce-fragment=""1"">3D ergonomic construction</li>
<li data-mce-fragment=""1"">Breathable elastic inserts</li>
<li data-mce-fragment=""1"">Elastic leather panels</li>
<li data-mce-fragment=""1"">Width adjustment in hip area</li>
<li data-mce-fragment=""1"">Two external pockets </li>
<li data-mce-fragment=""1"">Dry pocket inside</li>
<li data-mce-fragment=""1"">Mix &amp; Match</li>
</ul>
<strong>Specifications:</strong>
<ul data-mce-fragment=""1"">
<li data-mce-fragment=""1"">ArmorPlus back protector (EN 1621-2:2014)</li>
<li data-mce-fragment=""1"">Shoulder and elbow protectors (EN 1621-1:2012)</li>
<li data-mce-fragment=""1"">External shoulder sliders</li>
<li data-mce-fragment=""1"">Replaceable elbow sliders</li>
<li data-mce-fragment=""1"">DuoLayer Protection™</li>
<li data-mce-fragment=""1"">Double and triple reinforced safe seams</li>
<li data-mce-fragment=""1"">Aerodynamic H2O Hydro hump for optional HydroBag</li>
<li data-mce-fragment=""1"">Prepared for SAS-TEC chest protector</li>
<li data-mce-fragment=""1"">Protective motorcycle gear according to the (EU) 2016/425 regulation</li>
<li data-mce-fragment=""1"">PPE - protective motorcycle jacket (EN 17092-2:2019)</li>
</ul>
<strong>Contents:</strong>
<ul data-mce-fragment=""1"">
<li data-mce-fragment=""1"">1x SHIMA STR 2.0 Motorcycle Leather Jacket</li>
</ul>
<b>Manufacturer's note:</b>
<ul data-mce-fragment=""1"">
<li data-mce-fragment=""1"">If you measure between two sizes when determining the size the manufacturer recommends to choose the larger size.</li>
</ul>
<h3>ADDITIONAL PRODUCT INFORMATION</h3>
<div data-mce-fragment=""1"">
<table class=""UserAttributes"" data-mce-fragment=""1"">
<tbody data-mce-fragment=""1"">
<tr data-mce-fragment=""1"">
<td class=""AttributeLabel VerticalAlignMiddle"" data-mce-fragment=""1"">Material</td>
<td class=""AttributeContent"" data-mce-fragment=""1"">Outer material: 90% leather, 10% polyamide / Inner Lining: 100% polyester / Contains non-textile parts of animal origin</td>
</tr>
</tbody>
</table>
</div>","The popular SHIMA STR 2.0 motorcycle jacket comes with a refreshed design and improved features. Shoulder and elbow protectors together with the ArmorPlus back protector, external shoulder sliders and replaceable elbow sliders increase your safety. Impact zones are additionally protected by the DuoLayer Protection™ System and the highest quality cow hide combined with double and triple seams. The STR 2.0 is equipped with a big aerodynamic hump that reduces the formation of turbulent air behind the helmet. When you feel thirsty, you can keep your hydration level up with the H2O HydroBag, which you can place inside the hump (the HydroBag is sold separately). The EvoLink System allows a combination with inner layers such as a cooling or heating vest (available as an option). The jacket can be additionally equipped with an optional SAS-TEC chest protector to make you feel even more secure. Complete your look with the matching SHIMA STR 2.0 pants. Thanks to the Mix & Match system, you can easily combine pants of different sizes with another size of the jacket using the compatible connection zipper.

Features:

• Premium quality leather

• Extensive localised perforated leather

• EvoLink System

• 3D ergonomic construction

• Breathable elastic inserts

• Elastic leather panels

• Width adjustment in hip area

• Two external pockets 

• Dry pocket inside

• Mix & Match

Specifications:

• ArmorPlus back protector (EN 1621-2:2014)

• Shoulder and elbow protectors (EN 1621-1:2012)

• External shoulder sliders

• Replaceable elbow sliders

• DuoLayer Protection™

• Double and triple reinforced safe seams

• Aerodynamic H2O Hydro hump for optional HydroBag

• Prepared for SAS-TEC chest protector

• Protective motorcycle gear according to the (EU) 2016/425 regulation

• PPE - protective motorcycle jacket (EN 17092-2:2019)

Contents:

• 1x SHIMA STR 2.0 Motorcycle Leather Jacket

Manufacturer's note:

• If you measure between two sizes when determining the size the manufacturer recommends to choose the larger size.

ADDITIONAL PRODUCT INFORMATION

Material | 
Outer material: 90% leather, 10% polyamide / Inner Lining: 100% polyester / Contains non-textile parts of animal origin |",51000,,2026-07-26,active,Shima,6000,g,Buy SHIMA STR 2.0 Leather Jacket | Mile 27 Store,The popular SHIMA STR 2.0 motorcycle jacket comes with a refreshed design and improved features. Shoulder and elbow protectors together with the ArmorPlus…,Premium quality leather | Extensive localised perforated leather | EvoLink System | 3D ergonomic construction,Cleaned noise; brand verified,High,false,Riding Gear > Riding Jackets > Leather Jackets,High,"Refined by title keyword: ""\bleather\s+jacket\b""",shima-str-2-0-leather-jacket-1|Size:46:Colour:Black|price:51000.00|compare:|weight:6000|barcode:|qty:0 | shima-str-2-0-leather-jacket-2|Size:46:Colour:Black/Red|price:51000.00|compare:|weight:6000|barcode:|qty:0 | shima-str-2-0-leather-jacket-3|Size:46:Colour:Black/White/Red|price:51000.00|compare:|weight:6000|barcode:|qty:0 | shima-str-2-0-leather-jacket-4|Size:46:Colour:Black/White/Yellow|price:51000.00|compare:|weight:6000|barcode:|qty:0 | shima-str-2-0-leather-jacket-5|Size:46:Colour:Black/Yellow|price:51000.00|compare:|weight:6000|barcode:|qty:0 | shima-str-2-0-leather-jacket-6|Size:48:Colour:Black|price:51000.00|compare:|weight:6000|barcode:|qty:0 | shima-str-2-0-leather-jacket-7|Size:48:Colour:Black/Red|price:51000.00|compare:|weight:6000|barcode:|qty:0 | shima-str-2-0-leather-jacket-8|Size:48:Colour:Black/White/Red|price:51000.00|compare:|weight:6000|barcode:|qty:0 | shima-str-2-0-leather-jacket-9|Size:48:Colour:Black/White/Yellow|price:51000.00|compare:|weight:6000|barcode:|qty:0 | shima-str-2-0-leather-jacket-10|Size:48:Colour:Black/Yellow|price:51000.00|compare:|weight:6000|barcode:|qty:0 | shima-str-2-0-leather-jacket-11|Size:50:Colour:Black|price:51000.00|compare:|weight:6000|barcode:|qty:0 | shima-str-2-0-leather-jacket-12|Size:50:Colour:Black/Red|price:51000.00|compare:|weight:6000|barcode:|qty:0 | shima-str-2-0-leather-jacket-13|Size:50:Colour:Black/White/Red|price:51000.00|compare:|weight:6000|barcode:|qty:0 | shima-str-2-0-leather-jacket-14|Size:50:Colour:Black/White/Yellow|price:51000.00|compare:|weight:6000|barcode:|qty:0 | shima-str-2-0-leather-jacket-15|Size:50:Colour:Black/Yellow|price:51000.00|compare:|weight:6000|barcode:|qty:0 | shima-str-2-0-leather-jacket-16|Size:52:Colour:Black|price:51000.00|compare:|weight:6000|barcode:|qty:0 | shima-str-2-0-leather-jacket-17|Size:52:Colour:Black/Red|price:51000.00|compare:|weight:6000|barcode:|qty:0 | shima-str-2-0-leather-jacket-18|Size:52:Colour:Black/White/Red|price:51000.00|compare:|weight:6000|barcode:|qty:0 | shima-str-2-0-leather-jacket-19|Size:52:Colour:Black/White/Yellow|price:51000.00|compare:|weight:6000|barcode:|qty:0 | shima-str-2-0-leather-jacket-20|Size:52:Colour:Black/Yellow|price:51000.00|compare:|weight:6000|barcode:|qty:0 | shima-str-2-0-leather-jacket-21|Size:54:Colour:Black|price:51000.00|compare:|weight:6000|barcode:|qty:0 | shima-str-2-0-leather-jacket-22|Size:54:Colour:Black/Red|price:51000.00|compare:|weight:6000|barcode:|qty:0 | shima-str-2-0-leather-jacket-23|Size:54:Colour:Black/White/Red|price:51000.00|compare:|weight:6000|barcode:|qty:0 | shima-str-2-0-leather-jacket-24|Size:54:Colour:Black/White/Yellow|price:51000.00|compare:|weight:6000|barcode:|qty:0 | shima-str-2-0-leather-jacket-25|Size:54:Colour:Black/Yellow|price:51000.00|compare:|weight:6000|barcode:|qty:0 | shima-str-2-0-leather-jacket-26|Size:56:Colour:Black|price:51000.00|compare:|weight:6000|barcode:|qty:0 | shima-str-2-0-leather-jacket-27|Size:56:Colour:Black/Red|price:51000.00|compare:|weight:6000|barcode:|qty:0 | shima-str-2-0-leather-jacket-28|Size:56:Colour:Black/White/Red|price:51000.00|compare:|weight:6000|barcode:|qty:0 | shima-str-2-0-leather-jacket-29|Size:56:Colour:Black/White/Yellow|price:51000.00|compare:|weight:6000|barcode:|qty:0 | shima-str-2-0-leather-jacket-30|Size:56:Colour:Black/Yellow|price:51000.00|compare:|weight:6000|barcode:|qty:0 | shima-str-2-0-leather-jacket-31|Size:58:Colour:Black|price:51000.00|compare:|weight:6000|barcode:|qty:0 | shima-str-2-0-leather-jacket-32|Size:58:Colour:Black/Red|price:51000.00|compare:|weight:6000|barcode:|qty:0 | shima-str-2-0-leather-jacket-33|Size:58:Colour:Black/White/Red|price:51000.00|compare:|weight:6000|barcode:|qty:0 | shima-str-2-0-leather-jacket-34|Size:58:Colour:Black/White/Yellow|price:51000.00|compare:|weight:6000|barcode:|qty:0 | shima-str-2-0-leather-jacket-35|Size:58:Colour:Black/Yellow|price:51000.00|compare:|weight:6000|barcode:|qty:0 | shima-str-2-0-leather-jacket-36|Size:60:Colour:Black|price:51000.00|compare:|weight:6000|barcode:|qty:0 | shima-str-2-0-leather-jacket-37|Size:60:Colour:Black/Red|price:51000.00|compare:|weight:6000|barcode:|qty:0 | shima-str-2-0-leather-jacket-38|Size:60:Colour:Black/White/Red|price:51000.00|compare:|weight:6000|barcode:|qty:0 | shima-str-2-0-leather-jacket-39|Size:60:Colour:Black/White/Yellow|price:51000.00|compare:|weight:6000|barcode:|qty:0 | shima-str-2-0-leather-jacket-40|Size:60:Colour:Black/Yellow|price:51000.00|compare:|weight:6000|barcode:|qty:0,"shima-str-2-0-leather-jacket-1,shima-str-2-0-leather-jacket-2,shima-str-2-0-leather-jacket-3,shima-str-2-0-leather-jacket-4,shima-str-2-0-leather-jacket-5,shima-str-2-0-leather-jacket-6,shima-str-2-0-leather-jacket-7,shima-str-2-0-leather-jacket-8,shima-str-2-0-leather-jacket-9,shima-str-2-0-leather-jacket-10,shima-str-2-0-leather-jacket-11,shima-str-2-0-leather-jacket-12,shima-str-2-0-leather-jacket-13,shima-str-2-0-leather-jacket-14,shima-str-2-0-leather-jacket-15,shima-str-2-0-leather-jacket-16,shima-str-2-0-leather-jacket-17,shima-str-2-0-leather-jacket-18,shima-str-2-0-leather-jacket-19,shima-str-2-0-leather-jacket-20,shima-str-2-0-leather-jacket-21,shima-str-2-0-leather-jacket-22,shima-str-2-0-leather-jacket-23,shima-str-2-0-leather-jacket-24,shima-str-2-0-leather-jacket-25,shima-str-2-0-leather-jacket-26,shima-str-2-0-leather-jacket-27,shima-str-2-0-leather-jacket-28,shima-str-2-0-leather-jacket-29,shima-str-2-0-leather-jacket-30,shima-str-2-0-leather-jacket-31,shima-str-2-0-leather-jacket-32,shima-str-2-0-leather-jacket-33,shima-str-2-0-leather-jacket-34,shima-str-2-0-leather-jacket-35,shima-str-2-0-leather-jacket-36,shima-str-2-0-leather-jacket-37,shima-str-2-0-leather-jacket-38,shima-str-2-0-leather-jacket-39,shima-str-2-0-leather-jacket-40",40,https://cdn.shopify.com/s/files/1/0076/8301/4754/products/SHIMA_STR2_jacket_black_grey_front_1600px.jpg?v=1660987583|pos:1|alt:Shima SHIMA STR 2.0 Leather Jacket – front view || https://cdn.shopify.com/s/files/1/0076/8301/4754/products/SHIMA_STR2_jacket_black_grey_back_1600px.jpg?v=1660987585|pos:2|alt:Shima SHIMA STR 2.0 Leather Jacket – side view || https://cdn.shopify.com/s/files/1/0076/8301/4754/products/SHIMA_STR2_jacket_black_red_front_1600px.jpg?v=1660987582|pos:3|alt:Shima SHIMA STR 2.0 Leather Jacket – rear view || https://cdn.shopify.com/s/files/1/0076/8301/4754/products/SHIMA_STR2_jacket_black_red_back_1600px.jpg?v=1660987585|pos:4|alt:Shima SHIMA STR 2.0 Leather Jacket – detail view || https://cdn.shopify.com/s/files/1/0076/8301/4754/products/SHIMA_STR2_jacket_red_fluo_front_1600px.jpg?v=1660987582|pos:5|alt:Shima SHIMA STR 2.0 Leather Jacket – top view || https://cdn.shopify.com/s/files/1/0076/8301/4754/products/SHIMA_STR2_jacket_red_fluo_back_1600px.jpg?v=1660987582|pos:6|alt:Shima SHIMA STR 2.0 Leather Jacket – product view || https://cdn.shopify.com/s/files/1/0076/8301/4754/products/SHIMA_STR2_jacket_yellow_fluo_front_1600px.jpg?v=1660987584|pos:7|alt:Shima SHIMA STR 2.0 Leather Jacket – product view || https://cdn.shopify.com/s/files/1/0076/8301/4754/products/SHIMA_STR2_jacket_yellow_fluo_back_1600px.jpg?v=1660987586|pos:8|alt:Shima SHIMA STR 2.0 Leather Jacket – product view || https://cdn.shopify.com/s/files/1/0076/8301/4754/products/new-2022-str-20-jkt-blk-fluo.jpg?v=1660987585|pos:9|alt:Shima SHIMA STR 2.0 Leather Jacket – product view || https://cdn.shopify.com/s/files/1/0076/8301/4754/products/new-2022-str-20-jkt-blk-fluo_1.jpg?v=1660987585|pos:10|alt:Shima SHIMA STR 2.0 Leather Jacket – product view,10,Shima SHIMA STR 2.0 Leather Jacket – front view | Shima SHIMA STR 2.0 Leather Jacket – side view | Shima SHIMA STR 2.0 Leather Jacket – rear view | Shima SHIMA STR 2.0 Leather Jacket – detail view | Shima SHIMA STR 2.0 Leather Jacket – top view | Shima SHIMA STR 2.0 Leather Jacket – product view,,0,Shima STR 2.0 Leather Jacket,Shima STR 2.0 Leather Jacket. The popular SHIMA STR 2.0 motorcycle jacket comes with a refreshed design and improved features.,Premium quality leather. Extensive localised perforated leather. 3D ergonomic construction.,3D ergonomic construction.,EvoLink System.,,Available in multiple sizes. Check the size guide before ordering.,Shima STR 2.0 Leather Jacket — a leather Jacket built to the specifications listed above.,true,draft,https://cdn.shopify.com/s/files/1/0076/8301/4754/products/SHIMA_STR2_jacket_black_grey_front_1600px.jpg?v=1660987583|role:hero || https://cdn.shopify.com/s/files/1/0076/8301/4754/products/SHIMA_STR2_jacket_black_grey_back_1600px.jpg?v=1660987585|role:construction detail || https://cdn.shopify.com/s/files/1/0076/8301/4754/products/SHIMA_STR2_jacket_black_red_front_1600px.jpg?v=1660987582|role:side profile,3,false,/products/shima-str-2-0-leather-jacket,/products/shima-str-2-0-leather-jacket
shima-bandit-leather-jacket,shima-bandit-leather-jacket,SHIMA Bandit Leather Jacket,SHIMA Bandit Leather Jacket,shima-bandit-leather-jacket,The SHIMA Bandit is an urban motorcycle jacket for adrenaline-loving men who love to move around the city jungle. Protectors for your shoulders and elbows… • Premium quality cow hide. • Ventilation panels. • H3 Heat Free System. • EvoLink System. Available in multiple sizes and/or colours — select your variant.,"The SHIMA Bandit is an urban motorcycle jacket for adrenaline-loving men who love to move around the city jungle. Protectors for your shoulders and elbows as well as the ArmorPlus back protector guarantee the highest quality of safety and comfort while riding. The jacket is also equipped with large, TPU external shoulder sliders and detailed with double reinforced safety seams. The protection can be even more extended by an optional SAS-TEC Protector. The H3 Heat Free System and ventilation panels on your chest and forearms will provide comfort during summer days. This jacket features the EvoLink system for attaching accessory inner layers such as a cooling or heating vest (available as an option). The regular fit and the adjustable width in the hips area provide pleasant wearing comfort. Built with elastic breathable fabric inserts on the side, sleeves and back offer a dynamic fit while in riding position. Strategically placed reflective panels make you more visible during night rides. Bandit is made of high quality, soft cow hide and equipped with two types of connecting zippers: a 360° zipper as well as a short zipper, which allow a quick pairing with selected SHIMA pants.<br><br>
<strong>Features:</strong>
<ul data-mce-fragment=""1"">
<li data-mce-fragment=""1"">Premium quality cow hide</li>
<li data-mce-fragment=""1"">Ventilation panels</li>
<li data-mce-fragment=""1"">H3 Heat Free System</li>
<li data-mce-fragment=""1"">EvoLink System</li>
<li data-mce-fragment=""1"">Regular fit</li>
<li data-mce-fragment=""1"">Adjustable width in hips area</li>
<li data-mce-fragment=""1"">Reflective areas</li>
<li data-mce-fragment=""1"">2 outer pockets</li>
<li data-mce-fragment=""1"">Waterproof inner pocket</li>
<li data-mce-fragment=""1"">2 zippers</li>
</ul>
<strong>Specifications:</strong>
<ul data-mce-fragment=""1"">
<li data-mce-fragment=""1"">ArmorPlus back protector</li>
<li data-mce-fragment=""1"">Shoulder protectors</li>
<li data-mce-fragment=""1"">Elbow protectors</li>
<li data-mce-fragment=""1"">External shoulder sliders</li>
<li data-mce-fragment=""1"">Reinforced double safe seams</li>
<li data-mce-fragment=""1"">Prepared for SAS-TEC chest protector</li>
<li data-mce-fragment=""1"">Protective motorcycle gear according to the (EU) 2016/425 regulation</li>
<li data-mce-fragment=""1"">PPE - protective motorcycle jacket (EN 17092-3:2020)</li>
</ul>
<b>Manufacturer's note:</b>
<ul data-mce-fragment=""1"">
<li data-mce-fragment=""1"">If you measure between two sizes when determining the size the manufacturer recommends to choose the larger size.</li>
</ul>
<h3>ADDITIONAL PRODUCT INFORMATION</h3>
<div data-mce-fragment=""1"">
<table class=""UserAttributes"" data-mce-fragment=""1"">
<tbody data-mce-fragment=""1"">
<tr data-mce-fragment=""1"">
<td class=""AttributeLabel VerticalAlignMiddle"" data-mce-fragment=""1"">Material</td>
<td class=""AttributeContent"" data-mce-fragment=""1"">Outer material: 86% cow hide, 10% polyamide, 4% elasthane / Inner Lining: 93% polyester, 5% polyamide, 2% elasthane / Contains non-textile parts of animal origin</td>
</tr>
</tbody>
</table>
</div>","The SHIMA Bandit is an urban motorcycle jacket for adrenaline-loving men who love to move around the city jungle. Protectors for your shoulders and elbows as well as the ArmorPlus back protector guarantee the highest quality of safety and comfort while riding. The jacket is also equipped with large, TPU external shoulder sliders and detailed with double reinforced safety seams. The protection can be even more extended by an optional SAS-TEC Protector. The H3 Heat Free System and ventilation panels on your chest and forearms will provide comfort during summer days. This jacket features the EvoLink system for attaching accessory inner layers such as a cooling or heating vest (available as an option). The regular fit and the adjustable width in the hips area provide pleasant wearing comfort. Built with elastic breathable fabric inserts on the side, sleeves and back offer a dynamic fit while in riding position. Strategically placed reflective panels make you more visible during night rides. Bandit is made of high quality, soft cow hide and equipped with two types of connecting zippers: a 360° zipper as well as a short zipper, which allow a quick pairing with selected SHIMA pants.

Features:

• Premium quality cow hide

• Ventilation panels

• H3 Heat Free System

• EvoLink System

• Regular fit

• Adjustable width in hips area

• Reflective areas

• 2 outer pockets

• Waterproof inner pocket

• 2 zippers

Specifications:

• ArmorPlus back protector

• Shoulder protectors

• Elbow protectors

• External shoulder sliders

• Reinforced double safe seams

• Prepared for SAS-TEC chest protector

• Protective motorcycle gear according to the (EU) 2016/425 regulation

• PPE - protective motorcycle jacket (EN 17092-3:2020)

Manufacturer's note:

• If you measure between two sizes when determining the size the manufacturer recommends to choose the larger size.

ADDITIONAL PRODUCT INFORMATION

Material | 
Outer material: 86% cow hide, 10% polyamide, 4% elasthane / Inner Lining: 93% polyester, 5% polyamide, 2% elasthane / Contains non-textile parts of animal origin |",43000,,2026-07-26,active,Shima,6000,g,Buy SHIMA Bandit Leather Jacket | Mile 27 Store,The SHIMA Bandit is an urban motorcycle jacket for adrenaline-loving men who love to move around the city jungle. Protectors for your shoulders and…,Premium quality cow hide | Ventilation panels | H3 Heat Free System | EvoLink System,Cleaned noise; brand verified,High,false,Riding Gear > Riding Jackets > Leather Jackets,High,"Refined by title keyword: ""\bleather\s+jacket\b""",shima-bandit-leather-jacket-1|Size:46:Colour:Black/Red/White|price:43000.00|compare:|weight:6000|barcode:|qty:0 | shima-bandit-leather-jacket-2|Size:46:Colour:Black/White|price:43000.00|compare:|weight:6000|barcode:|qty:0 | shima-bandit-leather-jacket-3|Size:46:Colour:Black/White/Yellow|price:43000.00|compare:|weight:6000|barcode:|qty:0 | shima-bandit-leather-jacket-4|Size:48:Colour:Black/Red/White|price:43000.00|compare:|weight:6000|barcode:|qty:0 | shima-bandit-leather-jacket-5|Size:48:Colour:Black/White|price:43000.00|compare:|weight:6000|barcode:|qty:0 | shima-bandit-leather-jacket-6|Size:48:Colour:Black/White/Yellow|price:43000.00|compare:|weight:6000|barcode:|qty:0 | shima-bandit-leather-jacket-7|Size:50:Colour:Black/Red/White|price:43000.00|compare:|weight:6000|barcode:|qty:0 | shima-bandit-leather-jacket-8|Size:50:Colour:Black/White|price:43000.00|compare:|weight:6000|barcode:|qty:0 | shima-bandit-leather-jacket-9|Size:50:Colour:Black/White/Yellow|price:43000.00|compare:|weight:6000|barcode:|qty:0 | shima-bandit-leather-jacket-10|Size:52:Colour:Black/Red/White|price:43000.00|compare:|weight:6000|barcode:|qty:0 | shima-bandit-leather-jacket-11|Size:52:Colour:Black/White|price:43000.00|compare:|weight:6000|barcode:|qty:0 | shima-bandit-leather-jacket-12|Size:52:Colour:Black/White/Yellow|price:43000.00|compare:|weight:6000|barcode:|qty:0 | shima-bandit-leather-jacket-13|Size:54:Colour:Black/Red/White|price:43000.00|compare:|weight:6000|barcode:|qty:0 | shima-bandit-leather-jacket-14|Size:54:Colour:Black/White|price:43000.00|compare:|weight:6000|barcode:|qty:0 | shima-bandit-leather-jacket-15|Size:54:Colour:Black/White/Yellow|price:43000.00|compare:|weight:6000|barcode:|qty:0 | shima-bandit-leather-jacket-16|Size:56:Colour:Black/Red/White|price:43000.00|compare:|weight:6000|barcode:|qty:0 | shima-bandit-leather-jacket-17|Size:56:Colour:Black/White|price:43000.00|compare:|weight:6000|barcode:|qty:0 | shima-bandit-leather-jacket-18|Size:56:Colour:Black/White/Yellow|price:43000.00|compare:|weight:6000|barcode:|qty:0 | shima-bandit-leather-jacket-19|Size:58:Colour:Black/Red/White|price:43000.00|compare:|weight:6000|barcode:|qty:0 | shima-bandit-leather-jacket-20|Size:58:Colour:Black/White|price:43000.00|compare:|weight:6000|barcode:|qty:0 | shima-bandit-leather-jacket-21|Size:58:Colour:Black/White/Yellow|price:43000.00|compare:|weight:6000|barcode:|qty:0,"shima-bandit-leather-jacket-1,shima-bandit-leather-jacket-2,shima-bandit-leather-jacket-3,shima-bandit-leather-jacket-4,shima-bandit-leather-jacket-5,shima-bandit-leather-jacket-6,shima-bandit-leather-jacket-7,shima-bandit-leather-jacket-8,shima-bandit-leather-jacket-9,shima-bandit-leather-jacket-10,shima-bandit-leather-jacket-11,shima-bandit-leather-jacket-12,shima-bandit-leather-jacket-13,shima-bandit-leather-jacket-14,shima-bandit-leather-jacket-15,shima-bandit-leather-jacket-16,shima-bandit-leather-jacket-17,shima-bandit-leather-jacket-18,shima-bandit-leather-jacket-19,shima-bandit-leather-jacket-20,shima-bandit-leather-jacket-21",21,https://cdn.shopify.com/s/files/1/0076/8301/4754/products/BANDIT_Red_Front_1600px.jpg?v=1660913276|pos:1|alt:Shima SHIMA Bandit Leather Jacket – front view || https://cdn.shopify.com/s/files/1/0076/8301/4754/products/BANDIT_Red_Back_1600px.jpg?v=1660913276|pos:2|alt:Shima SHIMA Bandit Leather Jacket – side view || https://cdn.shopify.com/s/files/1/0076/8301/4754/products/BANDIT_Black_Front_1600px.jpg?v=1660913278|pos:3|alt:Shima SHIMA Bandit Leather Jacket – rear view || https://cdn.shopify.com/s/files/1/0076/8301/4754/products/BANDIT_Black_Back_1600px.jpg?v=1660913278|pos:4|alt:Shima SHIMA Bandit Leather Jacket – detail view || https://cdn.shopify.com/s/files/1/0076/8301/4754/products/BANDIT_Fluo_Front_1600px.jpg?v=1660913278|pos:5|alt:Shima SHIMA Bandit Leather Jacket – top view || https://cdn.shopify.com/s/files/1/0076/8301/4754/products/BANDIT_Fluo_Back_1600px.jpg?v=1660913276|pos:6|alt:Shima SHIMA Bandit Leather Jacket – product view,6,Shima SHIMA Bandit Leather Jacket – front view | Shima SHIMA Bandit Leather Jacket – side view | Shima SHIMA Bandit Leather Jacket – rear view | Shima SHIMA Bandit Leather Jacket – detail view | Shima SHIMA Bandit Leather Jacket – top view | Shima SHIMA Bandit Leather Jacket – product view,,0,Shima Bandit Leather Jacket,Shima Bandit Leather Jacket. The SHIMA Bandit is an urban motorcycle jacket for adrenaline-loving men who love to move around the city jungle.,,Ventilation panels.,Premium quality cow hide. H3 Heat Free System. EvoLink System.,,Available in multiple sizes. Check the size guide before ordering.,Shima Bandit Leather Jacket — a leather Jacket built to the specifications listed above.,true,draft,https://cdn.shopify.com/s/files/1/0076/8301/4754/products/BANDIT_Red_Front_1600px.jpg?v=1660913276|role:hero || https://cdn.shopify.com/s/files/1/0076/8301/4754/products/BANDIT_Red_Back_1600px.jpg?v=1660913276|role:construction detail || https://cdn.shopify.com/s/files/1/0076/8301/4754/products/BANDIT_Black_Front_1600px.jpg?v=1660913278|role:side profile,3,false,/products/shima-bandit-leather-jacket,/products/shima-bandit-leather-jacket
shima-chase-leather-jacket,shima-chase-leather-jacket,SHIMA Chase Leather Jacket,SHIMA Chase Leather Jacket,shima-chase-leather-jacket,"The SHIMA Chase is a city jacket with a sporty, slim fit and is made of high-quality natural cow hide. Elastic panels and the precurved,… Available in multiple sizes and/or colours — select your variant.","The SHIMA Chase is a city jacket with a sporty, slim fit and is made of high-quality natural cow hide. Elastic panels and the precurved, ergonomic construction allow the jacket to perfectly adapt to the body silhouette giving you the freedom of movement. External sliders on the shoulder area and an additional second layer of leather on the shoulders and elbows ensure excellent protection. Ventilation panels, perforations in the elbow, chest and stomach areas and a ventilated fabric inside the arms provide good air circulation and make the jacket suitable for warm weather conditions. Reflective panels increase your visibility during night rides. The Mix &amp; Match System with a long zipper and a short zipper enables a quick connection with the Chase pants or any other SHIMA pants.<br data-mce-fragment=""1""><br data-mce-fragment=""1""><b>Features:</b><br data-mce-fragment=""1""><br data-mce-fragment=""1"">Premium quality leather<br data-mce-fragment=""1"">Perforations and ventilation panels<br data-mce-fragment=""1"">3D ergonomic construction<br data-mce-fragment=""1"">Breathable elastic inserts<br data-mce-fragment=""1"">Elastic leather panels<br data-mce-fragment=""1"">Reflective areas<br data-mce-fragment=""1"">Width adjustment<br data-mce-fragment=""1"">Mix &amp; Match System<br data-mce-fragment=""1"">2 zippers<br data-mce-fragment=""1"">Dry pocket<br data-mce-fragment=""1"">Specifications:<br data-mce-fragment=""1""><br data-mce-fragment=""1"">External shoulder sliders<br data-mce-fragment=""1"">DuoLayer Protection™ <br data-mce-fragment=""1"">Reinforced double safe seams<br data-mce-fragment=""1"">Prepared for SAS-TEC chest protector<br data-mce-fragment=""1"">Protective motorcycle gear according to the (EU) 2016/425 regulation<br data-mce-fragment=""1"">PPE - protective motorcycle jacket (EN 17092-2:2019)<br data-mce-fragment=""1"">Manufacturer's note:<br data-mce-fragment=""1""><br data-mce-fragment=""1"">If you measure between two sizes when determining the size the manufacturer recommends to choose the larger size.<br data-mce-fragment=""1"">ADDITIONAL PRODUCT INFORMATION<br data-mce-fragment=""1"">Material Outer material: 100% cow hide / Inner Lining: 94% polyamide, 6% elasthane / Contains non-textile parts of animal origin<br data-mce-fragment=""1"">","The SHIMA Chase is a city jacket with a sporty, slim fit and is made of high-quality natural cow hide. Elastic panels and the precurved, ergonomic construction allow the jacket to perfectly adapt to the body silhouette giving you the freedom of movement. External sliders on the shoulder area and an additional second layer of leather on the shoulders and elbows ensure excellent protection. Ventilation panels, perforations in the elbow, chest and stomach areas and a ventilated fabric inside the arms provide good air circulation and make the jacket suitable for warm weather conditions. Reflective panels increase your visibility during night rides. The Mix & Match System with a long zipper and a short zipper enables a quick connection with the Chase pants or any other SHIMA pants.Features:Premium quality leatherPerforations and ventilation panels3D ergonomic constructionBreathable elastic insertsElastic leather panelsReflective areasWidth adjustmentMix & Match System2 zippersDry pocketSpecifications:External shoulder slidersDuoLayer Protection™ Reinforced double safe seamsPrepared for SAS-TEC chest protectorProtective motorcycle gear according to the (EU) 2016/425 regulationPPE - protective motorcycle jacket (EN 17092-2:2019)Manufacturer's note:If you measure between two sizes when determining the size the manufacturer recommends to choose the larger size.ADDITIONAL PRODUCT INFORMATIONMaterial Outer material: 100% cow hide / Inner Lining: 94% polyamide, 6% elasthane / Contains non-textile parts of animal origin",48000,,2026-07-26,active,Shima,6000,g,Buy SHIMA Chase Leather Jacket | Mile 27 Store,"The SHIMA Chase is a city jacket with a sporty, slim fit and is made of high-quality natural cow hide. Elastic panels and the precurved,…",,Cleaned noise; brand verified,High,false,Riding Gear > Riding Jackets > Leather Jackets,High,"Refined by title keyword: ""\bleather\s+jacket\b""",shima-chase-leather-jacket-1|Size:48:Colour:Black|price:48000.00|compare:|weight:6000|barcode:|qty:0 | shima-chase-leather-jacket-2|Size:48:Colour:Black/Red|price:48000.00|compare:|weight:6000|barcode:|qty:0 | shima-chase-leather-jacket-3|Size:48:Colour:Black/White|price:48000.00|compare:|weight:6000|barcode:|qty:0 | shima-chase-leather-jacket-4|Size:50:Colour:Black|price:48000.00|compare:|weight:6000|barcode:|qty:0 | shima-chase-leather-jacket-5|Size:50:Colour:Black/Red|price:48000.00|compare:|weight:6000|barcode:|qty:0 | shima-chase-leather-jacket-6|Size:50:Colour:Black/White|price:48000.00|compare:|weight:6000|barcode:|qty:0 | shima-chase-leather-jacket-7|Size:52:Colour:Black|price:48000.00|compare:|weight:6000|barcode:|qty:0 | shima-chase-leather-jacket-8|Size:52:Colour:Black/Red|price:48000.00|compare:|weight:6000|barcode:|qty:0 | shima-chase-leather-jacket-9|Size:52:Colour:Black/White|price:48000.00|compare:|weight:6000|barcode:|qty:0 | shima-chase-leather-jacket-10|Size:54:Colour:Black|price:48000.00|compare:|weight:6000|barcode:|qty:0 | shima-chase-leather-jacket-11|Size:54:Colour:Black/Red|price:48000.00|compare:|weight:6000|barcode:|qty:0 | shima-chase-leather-jacket-12|Size:54:Colour:Black/White|price:48000.00|compare:|weight:6000|barcode:|qty:0 | shima-chase-leather-jacket-13|Size:56:Colour:Black|price:48000.00|compare:|weight:6000|barcode:|qty:0 | shima-chase-leather-jacket-14|Size:56:Colour:Black/Red|price:48000.00|compare:|weight:6000|barcode:|qty:0 | shima-chase-leather-jacket-15|Size:56:Colour:Black/White|price:48000.00|compare:|weight:6000|barcode:|qty:0 | shima-chase-leather-jacket-16|Size:58:Colour:Black|price:48000.00|compare:|weight:6000|barcode:|qty:0 | shima-chase-leather-jacket-17|Size:58:Colour:Black/Red|price:48000.00|compare:|weight:6000|barcode:|qty:0 | shima-chase-leather-jacket-18|Size:58:Colour:Black/White|price:48000.00|compare:|weight:6000|barcode:|qty:0 | shima-chase-leather-jacket-19|Size:60:Colour:Black|price:48000.00|compare:|weight:6000|barcode:|qty:0 | shima-chase-leather-jacket-20|Size:60:Colour:Black/Red|price:48000.00|compare:|weight:6000|barcode:|qty:0 | shima-chase-leather-jacket-21|Size:60:Colour:Black/White|price:48000.00|compare:|weight:6000|barcode:|qty:0,"shima-chase-leather-jacket-1,shima-chase-leather-jacket-2,shima-chase-leather-jacket-3,shima-chase-leather-jacket-4,shima-chase-leather-jacket-5,shima-chase-leather-jacket-6,shima-chase-leather-jacket-7,shima-chase-leather-jacket-8,shima-chase-leather-jacket-9,shima-chase-leather-jacket-10,shima-chase-leather-jacket-11,shima-chase-leather-jacket-12,shima-chase-leather-jacket-13,shima-chase-leather-jacket-14,shima-chase-leather-jacket-15,shima-chase-leather-jacket-16,shima-chase-leather-jacket-17,shima-chase-leather-jacket-18,shima-chase-leather-jacket-19,shima-chase-leather-jacket-20,shima-chase-leather-jacket-21",21,https://cdn.shopify.com/s/files/1/0076/8301/4754/products/Chase_kurtka_black_front_1600px.jpg?v=1660912821|pos:1|alt:Shima SHIMA Chase Leather Jacket – front view || https://cdn.shopify.com/s/files/1/0076/8301/4754/products/Chase_kurtka_black_back_1600px.jpg?v=1660912823|pos:2|alt:Shima SHIMA Chase Leather Jacket – side view || https://cdn.shopify.com/s/files/1/0076/8301/4754/products/Chase_kurtka_black_red_front_1600px.jpg?v=1660912824|pos:3|alt:Shima SHIMA Chase Leather Jacket – rear view || https://cdn.shopify.com/s/files/1/0076/8301/4754/products/Chase_kurtka_black_red_back_1600px.jpg?v=1660912823|pos:4|alt:Shima SHIMA Chase Leather Jacket – detail view || https://cdn.shopify.com/s/files/1/0076/8301/4754/products/Chase_kurtka_black_white_front_1600px.jpg?v=1660912824|pos:5|alt:Shima SHIMA Chase Leather Jacket – top view || https://cdn.shopify.com/s/files/1/0076/8301/4754/products/Chase_kurtka_black_white_back_1600px.jpg?v=1660912820|pos:6|alt:Shima SHIMA Chase Leather Jacket – product view,6,Shima SHIMA Chase Leather Jacket – front view | Shima SHIMA Chase Leather Jacket – side view | Shima SHIMA Chase Leather Jacket – rear view | Shima SHIMA Chase Leather Jacket – detail view | Shima SHIMA Chase Leather Jacket – top view | Shima SHIMA Chase Leather Jacket – product view,,0,,,,,,,,,false,not_eligible,,0,false,/products/shima-chase-leather-jacket,/products/shima-chase-leather-jacket
shima-winchester-2-0-leather-jacket,shima-winchester-2-0-leather-jacket,SHIMA Winchester 2.0 Leather Jacket,SHIMA Winchester 2.0 Leather Jacket,shima-winchester-2-0-leather-jacket,"The Winchester 2.0 motorcycle jacket combines a timeless and classic style, but also a great strength and durability. Made of high-quality genuine leather with an… Available in multiple sizes and/or colours — select your variant.","The Winchester 2.0 motorcycle jacket combines a timeless and classic style, but also a great strength and durability. Made of high-quality genuine leather with an exceptional finish, it offers class-leading protection. Breathable AirForce™ by SHIMA back, elbow and shoulder protectors guarantee an excellent level of safety. Elastic leather inserts on the elbows and width adjustment increase wearing comfort. The jacket is equipped with an inner waterproof pocket and a short zipper allowing to combine it with various models of SHIMA pants. Ventilation panels on the sleeves provide comfortable air circulation. Premium quality materials, ergonomic design and level 2 protection are the perfect combination of safety and riding comfort. <br data-mce-fragment=""1""><br data-mce-fragment=""1""><b>Features:</b><br data-mce-fragment=""1""><br data-mce-fragment=""1"">High-quality leather <br data-mce-fragment=""1"">Ventilation panels on the sleeves<br data-mce-fragment=""1"">Elastic leather panels on elbows<br data-mce-fragment=""1"">Hip width adjustment<br data-mce-fragment=""1"">Short connecting zipper<br data-mce-fragment=""1"">Dry pocket<br data-mce-fragment=""1"">Specifications:<br data-mce-fragment=""1""><br data-mce-fragment=""1"">AirForce™ back, elbow and shoulder protectors (Level 2)<br data-mce-fragment=""1"">Reinforced double safe seams<br data-mce-fragment=""1"">Protective motorcycle gear according to the (EU) 2016/425 regulation<br data-mce-fragment=""1"">PPE - protective motorcycle jacket (EN 17092-3:2020) <br data-mce-fragment=""1"">Manufacturer's note:<br data-mce-fragment=""1""><br data-mce-fragment=""1"">If you measure between two sizes when determining the size the manufacturer recommends to choose the larger size.<br data-mce-fragment=""1"">ADDITIONAL PRODUCT INFORMATION<br data-mce-fragment=""1"">Material Outer material: 100% cowhide / Inner Lining: 100% polyester / Contains non-textile parts of animal origin.<br data-mce-fragment=""1"">","The Winchester 2.0 motorcycle jacket combines a timeless and classic style, but also a great strength and durability. Made of high-quality genuine leather with an exceptional finish, it offers class-leading protection. Breathable AirForce™ by SHIMA back, elbow and shoulder protectors guarantee an excellent level of safety. Elastic leather inserts on the elbows and width adjustment increase wearing comfort. The jacket is equipped with an inner waterproof pocket and a short zipper allowing to combine it with various models of SHIMA pants. Ventilation panels on the sleeves provide comfortable air circulation. Premium quality materials, ergonomic design and level 2 protection are the perfect combination of safety and riding comfort. Features:High-quality leather Ventilation panels on the sleevesElastic leather panels on elbowsHip width adjustmentShort connecting zipperDry pocketSpecifications:AirForce™ back, elbow and shoulder protectors (Level 2)Reinforced double safe seamsProtective motorcycle gear according to the (EU) 2016/425 regulationPPE - protective motorcycle jacket (EN 17092-3:2020) Manufacturer's note:If you measure between two sizes when determining the size the manufacturer recommends to choose the larger size.ADDITIONAL PRODUCT INFORMATIONMaterial Outer material: 100% cowhide / Inner Lining: 100% polyester / Contains non-textile parts of animal origin.",40000,,2026-07-26,active,Shima,6000,g,Buy SHIMA Winchester 2.0 Leather Jacket | Mile 27 Store,"The Winchester 2.0 motorcycle jacket combines a timeless and classic style, but also a great strength and durability. Made of high-quality genuine leather…",,Cleaned noise; brand verified,High,false,Riding Gear > Riding Jackets > Leather Jackets,High,"Refined by title keyword: ""\bleather\s+jacket\b""",shima-winchester-2-0-leather-jacket-1|Size:S|price:40000.00|compare:|weight:6000|barcode:|qty:0 | shima-winchester-2-0-leather-jacket-2|Size:M|price:40000.00|compare:|weight:6000|barcode:|qty:0 | shima-winchester-2-0-leather-jacket-3|Size:L|price:40000.00|compare:|weight:6000|barcode:|qty:0 | shima-winchester-2-0-leather-jacket-4|Size:XL|price:40000.00|compare:|weight:6000|barcode:|qty:0 | shima-winchester-2-0-leather-jacket-5|Size:2XL|price:40000.00|compare:|weight:6000|barcode:|qty:0 | shima-winchester-2-0-leather-jacket-6|Size:3XL|price:40000.00|compare:|weight:6000|barcode:|qty:0 | shima-winchester-2-0-leather-jacket-7|Size:4XL|price:40000.00|compare:|weight:6000|barcode:|qty:0 | shima-winchester-2-0-leather-jacket-8|Size:5XL|price:40000.00|compare:|weight:6000|barcode:|qty:0,"shima-winchester-2-0-leather-jacket-1,shima-winchester-2-0-leather-jacket-2,shima-winchester-2-0-leather-jacket-3,shima-winchester-2-0-leather-jacket-4,shima-winchester-2-0-leather-jacket-5,shima-winchester-2-0-leather-jacket-6,shima-winchester-2-0-leather-jacket-7,shima-winchester-2-0-leather-jacket-8",8,https://cdn.shopify.com/s/files/1/0076/8301/4754/products/SHIMA_Winchester_Men_jacket_black_front_1600px.jpg?v=1660912055|pos:1|alt:Shima SHIMA Winchester 2.0 Leather Jacket – front view || https://cdn.shopify.com/s/files/1/0076/8301/4754/products/SHIMA_Winchester_Men_jacket_black_back_1600px.jpg?v=1660912056|pos:2|alt:Shima SHIMA Winchester 2.0 Leather Jacket – side view || https://cdn.shopify.com/s/files/1/0076/8301/4754/products/SHIMA_Winchester2_Men_Jacket_double_1600px.jpg?v=1660912058|pos:3|alt:Shima SHIMA Winchester 2.0 Leather Jacket – rear view,3,Shima SHIMA Winchester 2.0 Leather Jacket – front view | Shima SHIMA Winchester 2.0 Leather Jacket – side view | Shima SHIMA Winchester 2.0 Leather Jacket – rear view,,0,,,,,,,,,false,not_eligible,,0,false,/products/shima-winchester-2-0-leather-jacket,/products/shima-winchester-2-0-leather-jacket
shima-vrx-3-boots,shima-vrx-3-boots,Shima VRX-3 Boots,Shima VRX-3 Boots,shima-vrx-3-boots,"When it comes to performance and speed, every detail counts. Reinforcements, sliders, a specially contoured design to match the rider’s position and the Ankle Pro… Available in multiple sizes and/or colours — select your variant.","<p><span>When it comes to performance and speed, every detail counts. Reinforcements, sliders, a specially contoured design to match the rider’s position and the Ankle Pro Support system make the VRX-3 a perfect fit for the foot of the motorcyclist who values high performance.</span></p>
<div role=""region"" aria-labelledby=""e-n-accordion-item-1792"" class=""elementor-element elementor-element-d19cb26 e-con-full e-flex e-con e-child"" data-id=""d19cb26"" data-element_type=""container"" data-e-type=""container"">
<div class=""elementor-element elementor-element-887951e elementor-widget elementor-widget-text-editor"" data-id=""887951e"" data-element_type=""widget"" data-e-type=""widget"" data-widget_type=""text-editor.default"">
<div class=""elementor-widget-container"">
<p>Synthetic Leather</p>
</div>
</div>
</div>
<div role=""region"" aria-labelledby=""e-n-accordion-item-1792"" class=""elementor-element elementor-element-552968e e-con-full e-flex e-con e-child"" data-id=""552968e"" data-element_type=""container"" data-e-type=""container"">
<div class=""elementor-element elementor-element-bb2e51b elementor-widget elementor-widget-text-editor"" data-id=""bb2e51b"" data-element_type=""widget"" data-e-type=""widget"" data-widget_type=""text-editor.default"">
<div class=""elementor-widget-container"">
<p>Microfiber</p>
</div>
</div>
</div>
<div role=""region"" aria-labelledby=""e-n-accordion-item-1792"" class=""elementor-element elementor-element-a3cae45 e-con-full e-flex e-con e-child"" data-id=""a3cae45"" data-element_type=""container"" data-e-type=""container"">
<div class=""elementor-element elementor-element-9b7fb73 elementor-widget elementor-widget-text-editor"" data-id=""9b7fb73"" data-element_type=""widget"" data-e-type=""widget"" data-widget_type=""text-editor.default"">
<div class=""elementor-widget-container"">
<p>Reflective</p>
</div>
</div>
</div>
<div role=""region"" aria-labelledby=""e-n-accordion-item-1792"" class=""elementor-element elementor-element-3d9b519 e-con-full e-flex e-con e-child"" data-id=""3d9b519"" data-element_type=""container"" data-e-type=""container"">
<div class=""elementor-element elementor-element-4a5476f elementor-widget elementor-widget-text-editor"" data-id=""4a5476f"" data-element_type=""widget"" data-e-type=""widget"" data-widget_type=""text-editor.default"">
<div class=""elementor-widget-container"">
<p>Atop A-B45</p>
<p><strong>ATOP</strong><span> fast binding system</span><br><span>Ventilation system</span><br><span>Ankle stabilization with</span><strong><span> </span>APS™</strong></p>
</div>
</div>
</div>","When it comes to performance and speed, every detail counts. Reinforcements, sliders, a specially contoured design to match the rider’s position and the Ankle Pro Support system make the VRX-3 a perfect fit for the foot of the motorcyclist who values high performance.

Synthetic Leather

Microfiber

Reflective

Atop A-B45

ATOP fast binding system
Ventilation system
Ankle stabilization with APS™",50000,,2026-07-26,active,Shima,5000,g,Buy Shima VRX-3 Boots | Mile 27 Store,"When it comes to performance and speed, every detail counts. Reinforcements, sliders, a specially contoured design to match the rider’s position and the…",,Cleaned noise; brand verified,High,false,Riding Gear > Riding Boots,High,"Mapped from Shopify Type ""Riding Boots""",shima-vrx-3-boots-1|Size:41:Colour:Black|price:50000.00|compare:|weight:5000|barcode:|qty:0 | shima-vrx-3-boots-2|Size:41:Colour:Black/Red|price:50000.00|compare:|weight:5000|barcode:|qty:0 | shima-vrx-3-boots-3|Size:42:Colour:Black|price:50000.00|compare:|weight:5000|barcode:|qty:0 | shima-vrx-3-boots-4|Size:42:Colour:Black/Red|price:50000.00|compare:|weight:5000|barcode:|qty:0 | shima-vrx-3-boots-5|Size:43:Colour:Black|price:50000.00|compare:|weight:5000|barcode:|qty:0 | shima-vrx-3-boots-6|Size:43:Colour:Black/Red|price:50000.00|compare:|weight:5000|barcode:|qty:0 | shima-vrx-3-boots-7|Size:44:Colour:Black|price:50000.00|compare:|weight:5000|barcode:|qty:0 | shima-vrx-3-boots-8|Size:44:Colour:Black/Red|price:50000.00|compare:|weight:5000|barcode:|qty:0 | shima-vrx-3-boots-9|Size:45:Colour:Black|price:50000.00|compare:|weight:5000|barcode:|qty:0 | shima-vrx-3-boots-10|Size:45:Colour:Black/Red|price:50000.00|compare:|weight:5000|barcode:|qty:0 | shima-vrx-3-boots-11|Size:46:Colour:Black|price:50000.00|compare:|weight:5000|barcode:|qty:0 | shima-vrx-3-boots-12|Size:46:Colour:Black/Red|price:50000.00|compare:|weight:5000|barcode:|qty:0 | shima-vrx-3-boots-13|Size:47:Colour:Black|price:50000.00|compare:|weight:5000|barcode:|qty:0 | shima-vrx-3-boots-14|Size:47:Colour:Black/Red|price:50000.00|compare:|weight:5000|barcode:|qty:0 | shima-vrx-3-boots-15|Size:48:Colour:Black|price:50000.00|compare:|weight:5000|barcode:|qty:0 | shima-vrx-3-boots-16|Size:48:Colour:Black/Red|price:50000.00|compare:|weight:5000|barcode:|qty:0,"shima-vrx-3-boots-1,shima-vrx-3-boots-2,shima-vrx-3-boots-3,shima-vrx-3-boots-4,shima-vrx-3-boots-5,shima-vrx-3-boots-6,shima-vrx-3-boots-7,shima-vrx-3-boots-8,shima-vrx-3-boots-9,shima-vrx-3-boots-10,shima-vrx-3-boots-11,shima-vrx-3-boots-12,shima-vrx-3-boots-13,shima-vrx-3-boots-14,shima-vrx-3-boots-15,shima-vrx-3-boots-16",16,https://cdn.shopify.com/s/files/1/0076/8301/4754/files/SHIMA_VRX-3_BLACK_RIGHT_1600X1600-1.avif?v=1780389357|pos:1|alt:Shima Shima VRX-3 Boots – front view || https://cdn.shopify.com/s/files/1/0076/8301/4754/files/SHIMA_VRX-3_BLACK_LEFT_1600X1600-1.avif?v=1780389357|pos:2|alt:Shima Shima VRX-3 Boots – side view || https://cdn.shopify.com/s/files/1/0076/8301/4754/files/SHIMA_VRX-3_RED_RIGHT_1600X1600-1.avif?v=1780389357|pos:3|alt:Shima Shima VRX-3 Boots – rear view || https://cdn.shopify.com/s/files/1/0076/8301/4754/files/SHIMA_VRX-3_RED_LEFT_1600X1600-1.avif?v=1780389357|pos:4|alt:Shima Shima VRX-3 Boots – detail view,4,Shima Shima VRX-3 Boots – front view | Shima Shima VRX-3 Boots – side view | Shima Shima VRX-3 Boots – rear view | Shima Shima VRX-3 Boots – detail view,,0,,,,,,,,,false,not_eligible,,0,false,/products/shima-vrx-3-boots,/products/shima-vrx-3-boots
shima-str-2-0-two-piece-leather-suit,shima-str-2-0-two-piece-leather-suit,Shima STR 2.0 Two Piece Leather Suit,Shima STR 2.0 Two Piece Leather Suit,shima-str-2-0-two-piece-leather-suit,"Feel the excitement of sport riding in the AAA-certified STR 2.0 two-piece suit. Designed for performance and dynamic style, it provides superior protection and comfort… Available in multiple sizes and/or colours — select your variant.","<p><span>Feel the excitement of sport riding in the AAA-certified STR 2.0 two-piece suit. Designed for performance and dynamic style, it provides superior protection and comfort both on the track and on the street.</span></p>
<div role=""region"" aria-labelledby=""e-n-accordion-item-1691"" class=""elementor-element elementor-element-baa4e1e e-con-full e-flex e-con e-child"" data-id=""baa4e1e"" data-element_type=""container"" data-e-type=""container"">
<div role=""region"" aria-labelledby=""e-n-accordion-item-1691"" class=""elementor-element elementor-element-af0b53d e-con-full e-flex e-con e-child"" data-id=""af0b53d"" data-element_type=""container"" data-e-type=""container"">
<div class=""elementor-element elementor-element-061a822 elementor-widget elementor-widget-text-editor"" data-id=""061a822"" data-element_type=""widget"" data-e-type=""widget"" data-widget_type=""text-editor.default"">
<div class=""elementor-widget-container"">
<p>Back protector</p>
</div>
</div>
</div>
<div role=""region"" aria-labelledby=""e-n-accordion-item-1691"" class=""elementor-element elementor-element-d29f28f e-con-full e-flex e-con e-child"" data-id=""d29f28f"" data-element_type=""container"" data-e-type=""container"">
<div class=""elementor-element elementor-element-7a3d5b5 elementor-widget elementor-widget-text-editor"" data-id=""7a3d5b5"" data-element_type=""widget"" data-e-type=""widget"" data-widget_type=""text-editor.default"">
<div class=""elementor-widget-container"">
<p>ArmorPlus CB11 CE Level 1 by SHIMA</p>
</div>
</div>
</div>
</div>
<div role=""region"" aria-labelledby=""e-n-accordion-item-1691"" class=""elementor-element elementor-element-47f824e e-con-full e-flex e-con e-child"" data-id=""47f824e"" data-element_type=""container"" data-e-type=""container"">
<div role=""region"" aria-labelledby=""e-n-accordion-item-1691"" class=""elementor-element elementor-element-98a369f e-con-full e-flex e-con e-child"" data-id=""98a369f"" data-element_type=""container"" data-e-type=""container"">
<div class=""elementor-element elementor-element-fc1f5e4 elementor-widget elementor-widget-text-editor"" data-id=""fc1f5e4"" data-element_type=""widget"" data-e-type=""widget"" data-widget_type=""text-editor.default"">
<div class=""elementor-widget-container"">
<p><strong>Shoulder protectors</strong></p>
</div>
</div>
</div>
<div role=""region"" aria-labelledby=""e-n-accordion-item-1691"" class=""elementor-element elementor-element-46b7aa4 e-con-full e-flex e-con e-child"" data-id=""46b7aa4"" data-element_type=""container"" data-e-type=""container"">
<div class=""elementor-element elementor-element-f67f1e9 elementor-widget elementor-widget-text-editor"" data-id=""f67f1e9"" data-element_type=""widget"" data-e-type=""widget"" data-widget_type=""text-editor.default"">
<div class=""elementor-widget-container"">
<p>Winner Protector S11 CE Level 1</p>
</div>
</div>
</div>
</div>
<div role=""region"" aria-labelledby=""e-n-accordion-item-1691"" class=""elementor-element elementor-element-c5a105a e-con-full e-flex e-con e-child"" data-id=""c5a105a"" data-element_type=""container"" data-e-type=""container"">
<div role=""region"" aria-labelledby=""e-n-accordion-item-1691"" class=""elementor-element elementor-element-aadc09d e-con-full e-flex e-con e-child"" data-id=""aadc09d"" data-element_type=""container"" data-e-type=""container"">
<div class=""elementor-element elementor-element-4de0584 elementor-widget elementor-widget-text-editor"" data-id=""4de0584"" data-element_type=""widget"" data-e-type=""widget"" data-widget_type=""text-editor.default"">
<div class=""elementor-widget-container"">
<p><strong>Elbow protectors (adjustable)</strong></p>
</div>
</div>
</div>
<div role=""region"" aria-labelledby=""e-n-accordion-item-1691"" class=""elementor-element elementor-element-705dc52 e-con-full e-flex e-con e-child"" data-id=""705dc52"" data-element_type=""container"" data-e-type=""container"">
<div class=""elementor-element elementor-element-d1d1d5d elementor-widget elementor-widget-text-editor"" data-id=""d1d1d5d"" data-element_type=""widget"" data-e-type=""widget"" data-widget_type=""text-editor.default"">
<div class=""elementor-widget-container"">
<p>Winner Protector EK11 CE Level 1</p>
</div>
</div>
</div>
</div>
<div role=""region"" aria-labelledby=""e-n-accordion-item-1691"" class=""elementor-element elementor-element-911ac18 e-con-full e-flex e-con e-child"" data-id=""911ac18"" data-element_type=""container"" data-e-type=""container"">
<div role=""region"" aria-labelledby=""e-n-accordion-item-1691"" class=""elementor-element elementor-element-f1efb93 e-con-full e-flex e-con e-child"" data-id=""f1efb93"" data-element_type=""container"" data-e-type=""container"">
<div class=""elementor-element elementor-element-fd52833 elementor-widget elementor-widget-text-editor"" data-id=""fd52833"" data-element_type=""widget"" data-e-type=""widget"" data-widget_type=""text-editor.default"">
<div class=""elementor-widget-container"">
<p><strong>Hip protectors</strong></p>
</div>
</div>
</div>
<div role=""region"" aria-labelledby=""e-n-accordion-item-1691"" class=""elementor-element elementor-element-099d2a0 e-con-full e-flex e-con e-child"" data-id=""099d2a0"" data-element_type=""container"" data-e-type=""container"">
<div class=""elementor-element elementor-element-b93e7e9 elementor-widget elementor-widget-text-editor"" data-id=""b93e7e9"" data-element_type=""widget"" data-e-type=""widget"" data-widget_type=""text-editor.default"">
<div class=""elementor-widget-container"">
<p>Shinil Sports Inc IMPACT CORE H11 CE Level 1</p>
</div>
</div>
</div>
</div>
<div role=""region"" aria-labelledby=""e-n-accordion-item-1691"" class=""elementor-element elementor-element-628275c e-con-full e-flex e-con e-child"" data-id=""628275c"" data-element_type=""container"" data-e-type=""container"">
<div role=""region"" aria-labelledby=""e-n-accordion-item-1691"" class=""elementor-element elementor-element-ff0ad47 e-con-full e-flex e-con e-child"" data-id=""ff0ad47"" data-element_type=""container"" data-e-type=""container"">
<div class=""elementor-element elementor-element-4c724ba elementor-widget elementor-widget-text-editor"" data-id=""4c724ba"" data-element_type=""widget"" data-e-type=""widget"" data-widget_type=""text-editor.default"">
<div class=""elementor-widget-container"">
<p><strong>Knee protectors (adjustable)</strong></p>
</div>
</div>
</div>
<div role=""region"" aria-labelledby=""e-n-accordion-item-1691"" class=""elementor-element elementor-element-b340860 e-con-full e-flex e-con e-child"" data-id=""b340860"" data-element_type=""container"" data-e-type=""container"">
<div class=""elementor-element elementor-element-1bf183c elementor-widget elementor-widget-text-editor"" data-id=""1bf183c"" data-element_type=""widget"" data-e-type=""widget"" data-widget_type=""text-editor.default"">
<div class=""elementor-widget-container"">
<p>Winner Protector EK12 CE Level 1</p>
</div>
</div>
</div>
</div>
<div role=""region"" aria-labelledby=""e-n-accordion-item-1691"" class=""elementor-element elementor-element-e50a495 e-con-full e-flex e-con e-child"" data-id=""e50a495"" data-element_type=""container"" data-e-type=""container"">
<div role=""region"" aria-labelledby=""e-n-accordion-item-1691"" class=""elementor-element elementor-element-2795594 e-con-full e-flex e-con e-child"" data-id=""2795594"" data-element_type=""container"" data-e-type=""container"">
<div class=""elementor-element elementor-element-cb13b01 elementor-widget elementor-widget-text-editor"" data-id=""cb13b01"" data-element_type=""widget"" data-e-type=""widget"" data-widget_type=""text-editor.default"">
<div class=""elementor-widget-container"">
<p>Interchangeable elbow, shoulder and knee sliders included</p>
<div role=""region"" aria-labelledby=""e-n-accordion-item-1692"" class=""elementor-element elementor-element-8fe178a e-con-full e-flex e-con e-child"" data-id=""8fe178a"" data-element_type=""container"" data-e-type=""container"">
<div class=""elementor-element elementor-element-3c3d752 elementor-widget elementor-widget-text-editor"" data-id=""3c3d752"" data-element_type=""widget"" data-e-type=""widget"" data-widget_type=""text-editor.default"">
<div class=""elementor-widget-container"">
<p>Cowhide leather</p>
</div>
</div>
</div>
<div role=""region"" aria-labelledby=""e-n-accordion-item-1692"" class=""elementor-element elementor-element-01f3d63 e-con-full e-flex e-con e-child"" data-id=""01f3d63"" data-element_type=""container"" data-e-type=""container"">
<div class=""elementor-element elementor-element-a904d3a elementor-widget elementor-widget-text-editor"" data-id=""a904d3a"" data-element_type=""widget"" data-e-type=""widget"" data-widget_type=""text-editor.default"">
<div class=""elementor-widget-container"">
<p>4-way stretch</p>
</div>
</div>
</div>
<div role=""region"" aria-labelledby=""e-n-accordion-item-1692"" class=""elementor-element elementor-element-df065e1 e-con-full e-flex e-con e-child"" data-id=""df065e1"" data-element_type=""container"" data-e-type=""container"">
<div class=""elementor-element elementor-element-8d8103f elementor-widget__width-auto elementor-widget elementor-widget-image"" data-id=""8d8103f"" data-element_type=""widget"" data-e-type=""widget"" data-widget_type=""image.default""></div>
<div class=""elementor-element elementor-element-220128e elementor-widget elementor-widget-text-editor"" data-id=""220128e"" data-element_type=""widget"" data-e-type=""widget"" data-widget_type=""text-editor.default"">
<div class=""elementor-widget-container"">
<p>Reflective</p>
</div>
</div>
</div>
</div>
</div>
</div>
</div>","Feel the excitement of sport riding in the AAA-certified STR 2.0 two-piece suit. Designed for performance and dynamic style, it provides superior protection and comfort both on the track and on the street.

Back protector

ArmorPlus CB11 CE Level 1 by SHIMA

Shoulder protectors

Winner Protector S11 CE Level 1

Elbow protectors (adjustable)

Winner Protector EK11 CE Level 1

Hip protectors

Shinil Sports Inc IMPACT CORE H11 CE Level 1

Knee protectors (adjustable)

Winner Protector EK12 CE Level 1

Interchangeable elbow, shoulder and knee sliders included

Cowhide leather

4-way stretch

Reflective",110000,,2026-07-26,active,Shima,10000,g,Buy Shima STR 2.0 Two Piece Leather Suit | Mile 27 Store,"Feel the excitement of sport riding in the AAA-certified STR 2.0 two-piece suit. Designed for performance and dynamic style, it provides superior…",,Cleaned noise; brand verified,High,false,Riding Gear > Racing Suits > One-Piece Racing Suits,High,"Refined by title keyword: ""\b(leather\s+(suit|racing\s+suit))\b""",shima-str-2-0-two-piece-leather-suit-1|Size:46:Colour:Black|price:110000.00|compare:|weight:10000|barcode:|qty:0 | shima-str-2-0-two-piece-leather-suit-2|Size:46:Colour:Black/Red|price:110000.00|compare:|weight:10000|barcode:|qty:0 | shima-str-2-0-two-piece-leather-suit-3|Size:46:Colour:Black/Yellow|price:110000.00|compare:|weight:10000|barcode:|qty:0 | shima-str-2-0-two-piece-leather-suit-4|Size:46:Colour:Black/White/Yellow|price:110000.00|compare:|weight:10000|barcode:|qty:0 | shima-str-2-0-two-piece-leather-suit-5|Size:46:Colour:Black/White/Red|price:110000.00|compare:|weight:10000|barcode:|qty:0 | shima-str-2-0-two-piece-leather-suit-6|Size:48:Colour:Black|price:110000.00|compare:|weight:10000|barcode:|qty:0 | shima-str-2-0-two-piece-leather-suit-7|Size:48:Colour:Black/Red|price:110000.00|compare:|weight:10000|barcode:|qty:0 | shima-str-2-0-two-piece-leather-suit-8|Size:48:Colour:Black/Yellow|price:110000.00|compare:|weight:10000|barcode:|qty:0 | shima-str-2-0-two-piece-leather-suit-9|Size:48:Colour:Black/White/Yellow|price:110000.00|compare:|weight:10000|barcode:|qty:0 | shima-str-2-0-two-piece-leather-suit-10|Size:48:Colour:Black/White/Red|price:110000.00|compare:|weight:10000|barcode:|qty:0 | shima-str-2-0-two-piece-leather-suit-11|Size:50:Colour:Black|price:110000.00|compare:|weight:10000|barcode:|qty:0 | shima-str-2-0-two-piece-leather-suit-12|Size:50:Colour:Black/Red|price:110000.00|compare:|weight:10000|barcode:|qty:0 | shima-str-2-0-two-piece-leather-suit-13|Size:50:Colour:Black/Yellow|price:110000.00|compare:|weight:10000|barcode:|qty:0 | shima-str-2-0-two-piece-leather-suit-14|Size:50:Colour:Black/White/Yellow|price:110000.00|compare:|weight:10000|barcode:|qty:0 | shima-str-2-0-two-piece-leather-suit-15|Size:50:Colour:Black/White/Red|price:110000.00|compare:|weight:10000|barcode:|qty:0 | shima-str-2-0-two-piece-leather-suit-16|Size:52:Colour:Black|price:110000.00|compare:|weight:10000|barcode:|qty:0 | shima-str-2-0-two-piece-leather-suit-17|Size:52:Colour:Black/Red|price:110000.00|compare:|weight:10000|barcode:|qty:0 | shima-str-2-0-two-piece-leather-suit-18|Size:52:Colour:Black/Yellow|price:110000.00|compare:|weight:10000|barcode:|qty:0 | shima-str-2-0-two-piece-leather-suit-19|Size:52:Colour:Black/White/Yellow|price:110000.00|compare:|weight:10000|barcode:|qty:0 | shima-str-2-0-two-piece-leather-suit-20|Size:52:Colour:Black/White/Red|price:110000.00|compare:|weight:10000|barcode:|qty:0 | shima-str-2-0-two-piece-leather-suit-21|Size:54:Colour:Black|price:110000.00|compare:|weight:10000|barcode:|qty:0 | shima-str-2-0-two-piece-leather-suit-22|Size:54:Colour:Black/Red|price:110000.00|compare:|weight:10000|barcode:|qty:0 | shima-str-2-0-two-piece-leather-suit-23|Size:54:Colour:Black/Yellow|price:110000.00|compare:|weight:10000|barcode:|qty:0 | shima-str-2-0-two-piece-leather-suit-24|Size:54:Colour:Black/White/Yellow|price:110000.00|compare:|weight:10000|barcode:|qty:0 | shima-str-2-0-two-piece-leather-suit-25|Size:54:Colour:Black/White/Red|price:110000.00|compare:|weight:10000|barcode:|qty:0 | shima-str-2-0-two-piece-leather-suit-26|Size:56:Colour:Black|price:110000.00|compare:|weight:10000|barcode:|qty:0 | shima-str-2-0-two-piece-leather-suit-27|Size:56:Colour:Black/Red|price:110000.00|compare:|weight:10000|barcode:|qty:0 | shima-str-2-0-two-piece-leather-suit-28|Size:56:Colour:Black/Yellow|price:110000.00|compare:|weight:10000|barcode:|qty:0 | shima-str-2-0-two-piece-leather-suit-29|Size:56:Colour:Black/White/Yellow|price:110000.00|compare:|weight:10000|barcode:|qty:0 | shima-str-2-0-two-piece-leather-suit-30|Size:56:Colour:Black/White/Red|price:110000.00|compare:|weight:10000|barcode:|qty:0 | shima-str-2-0-two-piece-leather-suit-31|Size:58:Colour:Black|price:110000.00|compare:|weight:10000|barcode:|qty:0 | shima-str-2-0-two-piece-leather-suit-32|Size:58:Colour:Black/Red|price:110000.00|compare:|weight:10000|barcode:|qty:0 | shima-str-2-0-two-piece-leather-suit-33|Size:58:Colour:Black/Yellow|price:110000.00|compare:|weight:10000|barcode:|qty:0 | shima-str-2-0-two-piece-leather-suit-34|Size:58:Colour:Black/White/Yellow|price:110000.00|compare:|weight:10000|barcode:|qty:0 | shima-str-2-0-two-piece-leather-suit-35|Size:58:Colour:Black/White/Red|price:110000.00|compare:|weight:10000|barcode:|qty:0,"shima-str-2-0-two-piece-leather-suit-1,shima-str-2-0-two-piece-leather-suit-2,shima-str-2-0-two-piece-leather-suit-3,shima-str-2-0-two-piece-leather-suit-4,shima-str-2-0-two-piece-leather-suit-5,shima-str-2-0-two-piece-leather-suit-6,shima-str-2-0-two-piece-leather-suit-7,shima-str-2-0-two-piece-leather-suit-8,shima-str-2-0-two-piece-leather-suit-9,shima-str-2-0-two-piece-leather-suit-10,shima-str-2-0-two-piece-leather-suit-11,shima-str-2-0-two-piece-leather-suit-12,shima-str-2-0-two-piece-leather-suit-13,shima-str-2-0-two-piece-leather-suit-14,shima-str-2-0-two-piece-leather-suit-15,shima-str-2-0-two-piece-leather-suit-16,shima-str-2-0-two-piece-leather-suit-17,shima-str-2-0-two-piece-leather-suit-18,shima-str-2-0-two-piece-leather-suit-19,shima-str-2-0-two-piece-leather-suit-20,shima-str-2-0-two-piece-leather-suit-21,shima-str-2-0-two-piece-leather-suit-22,shima-str-2-0-two-piece-leather-suit-23,shima-str-2-0-two-piece-leather-suit-24,shima-str-2-0-two-piece-leather-suit-25,shima-str-2-0-two-piece-leather-suit-26,shima-str-2-0-two-piece-leather-suit-27,shima-str-2-0-two-piece-leather-suit-28,shima-str-2-0-two-piece-leather-suit-29,shima-str-2-0-two-piece-leather-suit-30,shima-str-2-0-two-piece-leather-suit-31,shima-str-2-0-two-piece-leather-suit-32,shima-str-2-0-two-piece-leather-suit-33,shima-str-2-0-two-piece-leather-suit-34,shima-str-2-0-two-piece-leather-suit-35",35,https://cdn.shopify.com/s/files/1/0076/8301/4754/files/SHIMA_STR2.0_set_black_front_1600px.avif?v=1780388411|pos:1|alt:Shima Shima STR 2.0 Two Piece Leather Suit – front view || https://cdn.shopify.com/s/files/1/0076/8301/4754/files/SHIMA_STR2_suit_black_grey_set_back_1600px.avif?v=1780388411|pos:2|alt:Shima Shima STR 2.0 Two Piece Leather Suit – side view || https://cdn.shopify.com/s/files/1/0076/8301/4754/files/SHIMA_STR2_suit_black_red_set_front_1600px.avif?v=1780388449|pos:3|alt:Shima Shima STR 2.0 Two Piece Leather Suit – rear view || https://cdn.shopify.com/s/files/1/0076/8301/4754/files/SHIMA_STR2_suit_black_red_set_back_1600px.avif?v=1780388447|pos:4|alt:Shima Shima STR 2.0 Two Piece Leather Suit – detail view || https://cdn.shopify.com/s/files/1/0076/8301/4754/files/SHIMA_STR_2.0_suit_black_yellow_fluo_zlozenie_1600px.avif?v=1780388486|pos:5|alt:Shima Shima STR 2.0 Two Piece Leather Suit – top view || https://cdn.shopify.com/s/files/1/0076/8301/4754/files/SHIMA_STR_2.0_suit_black_yellow_fluo_back_zlozenie_1600px.avif?v=1780388485|pos:6|alt:Shima Shima STR 2.0 Two Piece Leather Suit – product view || https://cdn.shopify.com/s/files/1/0076/8301/4754/files/SHIMA_STR2_suit_yellow_fluo_set_front_1600px.avif?v=1780388530|pos:7|alt:Shima Shima STR 2.0 Two Piece Leather Suit – product view || https://cdn.shopify.com/s/files/1/0076/8301/4754/files/SHIMA_STR2_suit_yellow_fluo_set_back_1600px.avif?v=1780388529|pos:8|alt:Shima Shima STR 2.0 Two Piece Leather Suit – product view || https://cdn.shopify.com/s/files/1/0076/8301/4754/files/SHIMA_STR2_suit_red_fluo_set_front_1600px-2.avif?v=1780388567|pos:9|alt:Shima Shima STR 2.0 Two Piece Leather Suit – product view || https://cdn.shopify.com/s/files/1/0076/8301/4754/files/SHIMA_STR2_suit_black_red_set_back_1600px-2.avif?v=1780388566|pos:10|alt:Shima Shima STR 2.0 Two Piece Leather Suit – product view,10,Shima Shima STR 2.0 Two Piece Leather Suit – front view | Shima Shima STR 2.0 Two Piece Leather Suit – side view | Shima Shima STR 2.0 Two Piece Leather Suit – rear view | Shima Shima STR 2.0 Two Piece Leather Suit – detail view | Shima Shima STR 2.0 Two Piece Leather Suit – top view | Shima Shima STR 2.0 Two Piece Leather Suit – product view,,0,,,,,,,,,false,not_eligible,,0,false,/products/shima-str-2-0-two-piece-leather-suit,/products/shima-str-2-0-two-piece-leather-suit
shima-rs-3-gloves,shima-rs-3-gloves,Shima RS-3 Gloves,Shima RS-3 Gloves,shima-rs-3-gloves,"Created for those who demand more. Kangaroo leather and advanced technologies make the RS-3 gloves a combination of top-notch protection, superior grip and ideal hand… Available in multiple sizes and/or colours — select your variant.","<p><span>Created for those who demand more. Kangaroo leather and advanced technologies make the RS-3 gloves a combination of top-notch protection, superior grip and ideal hand mobility.</span></p>
<div class=""ewa-rteLine"">
<strong>V-Lock Pro™</strong><span> </span>fastener</div>
<div class=""ewa-rteLine"">Comfortable ankle protector thanks to<span> </span><strong>Floating Knuckle</strong>
</div>
<div class=""ewa-rteLine"">Outer seams</div>
<p><span>Natural goat and kangaroo leather<br>Memory foam under the knuckle protector<br>Mini slider below the little finger<br>Covered area of the cutting surface of the palm<br>Bridged finger joint on the side of the palm<br>Additional thickening and foam elements to protect the knuckles<br>Additional layer of leather in sensitive areas</span></p>","Created for those who demand more. Kangaroo leather and advanced technologies make the RS-3 gloves a combination of top-notch protection, superior grip and ideal hand mobility.

V-Lock Pro™ fastener

Comfortable ankle protector thanks to Floating Knuckle

Outer seams

Natural goat and kangaroo leather
Memory foam under the knuckle protector
Mini slider below the little finger
Covered area of the cutting surface of the palm
Bridged finger joint on the side of the palm
Additional thickening and foam elements to protect the knuckles
Additional layer of leather in sensitive areas",25000,,2026-07-26,active,Shima,3000,g,Buy Shima RS-3 Gloves | Mile 27 Store,"Created for those who demand more. Kangaroo leather and advanced technologies make the RS-3 gloves a combination of top-notch protection, superior grip…",,Cleaned noise; brand verified,High,false,Riding Gear > Riding Gloves,High,"Mapped from Shopify Type ""Riding Gloves""",shima-rs-3-gloves-1|Size:S:Colour:Black|price:25000.00|compare:|weight:3000|barcode:|qty:0 | shima-rs-3-gloves-2|Size:S:Colour:Black/Blue/Red|price:25000.00|compare:|weight:3000|barcode:|qty:0 | shima-rs-3-gloves-3|Size:S:Colour:Black/Yellow|price:25000.00|compare:|weight:3000|barcode:|qty:0 | shima-rs-3-gloves-4|Size:S:Colour:Black/Red|price:25000.00|compare:|weight:3000|barcode:|qty:0 | shima-rs-3-gloves-5|Size:S:Colour:Black/Red-Red|price:25000.00|compare:|weight:3000|barcode:|qty:0 | shima-rs-3-gloves-6|Size:S:Colour:Black/White|price:25000.00|compare:|weight:3000|barcode:|qty:0 | shima-rs-3-gloves-7|Size:M:Colour:Black|price:25000.00|compare:|weight:3000|barcode:|qty:0 | shima-rs-3-gloves-8|Size:M:Colour:Black/Blue/Red|price:25000.00|compare:|weight:3000|barcode:|qty:0 | shima-rs-3-gloves-9|Size:M:Colour:Black/Yellow|price:25000.00|compare:|weight:3000|barcode:|qty:0 | shima-rs-3-gloves-10|Size:M:Colour:Black/Red|price:25000.00|compare:|weight:3000|barcode:|qty:0 | shima-rs-3-gloves-11|Size:M:Colour:Black/Red-Red|price:25000.00|compare:|weight:3000|barcode:|qty:0 | shima-rs-3-gloves-12|Size:M:Colour:Black/White|price:25000.00|compare:|weight:3000|barcode:|qty:0 | shima-rs-3-gloves-13|Size:L:Colour:Black|price:25000.00|compare:|weight:3000|barcode:|qty:0 | shima-rs-3-gloves-14|Size:L:Colour:Black/Blue/Red|price:25000.00|compare:|weight:3000|barcode:|qty:0 | shima-rs-3-gloves-15|Size:L:Colour:Black/Yellow|price:25000.00|compare:|weight:3000|barcode:|qty:0 | shima-rs-3-gloves-16|Size:L:Colour:Black/Red|price:25000.00|compare:|weight:3000|barcode:|qty:0 | shima-rs-3-gloves-17|Size:L:Colour:Black/Red-Red|price:25000.00|compare:|weight:3000|barcode:|qty:0 | shima-rs-3-gloves-18|Size:L:Colour:Black/White|price:25000.00|compare:|weight:3000|barcode:|qty:0 | shima-rs-3-gloves-19|Size:XL:Colour:Black|price:25000.00|compare:|weight:3000|barcode:|qty:0 | shima-rs-3-gloves-20|Size:XL:Colour:Black/Blue/Red|price:25000.00|compare:|weight:3000|barcode:|qty:0 | shima-rs-3-gloves-21|Size:XL:Colour:Black/Yellow|price:25000.00|compare:|weight:3000|barcode:|qty:0 | shima-rs-3-gloves-22|Size:XL:Colour:Black/Red|price:25000.00|compare:|weight:3000|barcode:|qty:0 | shima-rs-3-gloves-23|Size:XL:Colour:Black/Red-Red|price:25000.00|compare:|weight:3000|barcode:|qty:0 | shima-rs-3-gloves-24|Size:XL:Colour:Black/White|price:25000.00|compare:|weight:3000|barcode:|qty:0 | shima-rs-3-gloves-25|Size:XXL:Colour:Black|price:25000.00|compare:|weight:3000|barcode:|qty:0 | shima-rs-3-gloves-26|Size:XXL:Colour:Black/Blue/Red|price:25000.00|compare:|weight:3000|barcode:|qty:0 | shima-rs-3-gloves-27|Size:XXL:Colour:Black/Yellow|price:25000.00|compare:|weight:3000|barcode:|qty:0 | shima-rs-3-gloves-28|Size:XXL:Colour:Black/Red|price:25000.00|compare:|weight:3000|barcode:|qty:0 | shima-rs-3-gloves-29|Size:XXL:Colour:Black/Red-Red|price:25000.00|compare:|weight:3000|barcode:|qty:0 | shima-rs-3-gloves-30|Size:XXL:Colour:Black/White|price:25000.00|compare:|weight:3000|barcode:|qty:0 | shima-rs-3-gloves-31|Size:XXXL:Colour:Black|price:25000.00|compare:|weight:3000|barcode:|qty:0 | shima-rs-3-gloves-32|Size:XXXL:Colour:Black/Blue/Red|price:25000.00|compare:|weight:3000|barcode:|qty:0 | shima-rs-3-gloves-33|Size:XXXL:Colour:Black/Yellow|price:25000.00|compare:|weight:3000|barcode:|qty:0 | shima-rs-3-gloves-34|Size:XXXL:Colour:Black/Red|price:25000.00|compare:|weight:3000|barcode:|qty:0 | shima-rs-3-gloves-35|Size:XXXL:Colour:Black/Red-Red|price:25000.00|compare:|weight:3000|barcode:|qty:0 | shima-rs-3-gloves-36|Size:XXXL:Colour:Black/White|price:25000.00|compare:|weight:3000|barcode:|qty:0,"shima-rs-3-gloves-1,shima-rs-3-gloves-2,shima-rs-3-gloves-3,shima-rs-3-gloves-4,shima-rs-3-gloves-5,shima-rs-3-gloves-6,shima-rs-3-gloves-7,shima-rs-3-gloves-8,shima-rs-3-gloves-9,shima-rs-3-gloves-10,shima-rs-3-gloves-11,shima-rs-3-gloves-12,shima-rs-3-gloves-13,shima-rs-3-gloves-14,shima-rs-3-gloves-15,shima-rs-3-gloves-16,shima-rs-3-gloves-17,shima-rs-3-gloves-18,shima-rs-3-gloves-19,shima-rs-3-gloves-20,shima-rs-3-gloves-21,shima-rs-3-gloves-22,shima-rs-3-gloves-23,shima-rs-3-gloves-24,shima-rs-3-gloves-25,shima-rs-3-gloves-26,shima-rs-3-gloves-27,shima-rs-3-gloves-28,shima-rs-3-gloves-29,shima-rs-3-gloves-30,shima-rs-3-gloves-31,shima-rs-3-gloves-32,shima-rs-3-gloves-33,shima-rs-3-gloves-34,shima-rs-3-gloves-35,shima-rs-3-gloves-36",36,https://cdn.shopify.com/s/files/1/0076/8301/4754/files/SHIMA_RS-3_GLV_MEN_BLACK_FRONT.avif?v=1780383257|pos:1|alt:Shima Shima RS-3 Gloves – front view || https://cdn.shopify.com/s/files/1/0076/8301/4754/files/SHIMA_RS-3_GLV_MEN_BLACK_BACK.avif?v=1780383257|pos:2|alt:Shima Shima RS-3 Gloves – side view || https://cdn.shopify.com/s/files/1/0076/8301/4754/files/SHIMA_RS-3_GLV_MEN_BLUE_FRONT-1.avif?v=1780383257|pos:3|alt:Shima Shima RS-3 Gloves – rear view || https://cdn.shopify.com/s/files/1/0076/8301/4754/files/SHIMA_RS-3_GLV_MEN_FLUO_FRONT.avif?v=1780383257|pos:4|alt:Shima Shima RS-3 Gloves – detail view || https://cdn.shopify.com/s/files/1/0076/8301/4754/files/SHIMA_RS-3_GLV_MEN_RED_FRONT-1.avif?v=1780383257|pos:5|alt:Shima Shima RS-3 Gloves – top view || https://cdn.shopify.com/s/files/1/0076/8301/4754/files/SHIMA_RS-3_GLV_MEN_REDFLUO_FRONT-1.avif?v=1780383257|pos:6|alt:Shima Shima RS-3 Gloves – product view || https://cdn.shopify.com/s/files/1/0076/8301/4754/files/SHIMA_RS-3_GLV_MEN_WHITE_FRONT.avif?v=1780383257|pos:7|alt:Shima Shima RS-3 Gloves – product view,7,Shima Shima RS-3 Gloves – front view | Shima Shima RS-3 Gloves – side view | Shima Shima RS-3 Gloves – rear view | Shima Shima RS-3 Gloves – detail view | Shima Shima RS-3 Gloves – top view | Shima Shima RS-3 Gloves – product view,,0,,,,,,,,,false,not_eligible,,0,false,/products/shima-rs-3-gloves,/products/shima-rs-3-gloves
shima-str-2-gloves,shima-str-2-gloves,Shima STR-2 Gloves,Shima STR-2 Gloves,shima-str-2-gloves,"Gloves that perfectly match the STR 2.0 jacket or any other SHIMA sportswear of your choice. Available in five colorways, they will easily match your… Available in multiple sizes and/or colours — select your variant.","<p><span>Gloves that perfectly match the STR 2.0 jacket or any other SHIMA sportswear of your choice. Available in five colorways, they will easily match your style while offering a secure grip and protection tailored to your sporty riding style.</span></p>
<p><span>Elastic inserts<br>Comfortable ankle protector thanks to<strong> Floating Knuckle</strong><br>External seams</span></p>
<div class=""ewa-rteLine"">Carbon reinforced ankle protector</div>
<div class=""ewa-rteLine"">Additional material reinforcements</div>","Gloves that perfectly match the STR 2.0 jacket or any other SHIMA sportswear of your choice. Available in five colorways, they will easily match your style while offering a secure grip and protection tailored to your sporty riding style.

Elastic inserts
Comfortable ankle protector thanks to Floating Knuckle
External seams

Carbon reinforced ankle protector

Additional material reinforcements",18000,,2026-07-26,active,Shima,3000,g,Buy Shima STR-2 Gloves | Mile 27 Store,"Gloves that perfectly match the STR 2.0 jacket or any other SHIMA sportswear of your choice. Available in five colorways, they will easily match your…",,Cleaned noise; brand verified,High,false,Riding Gear > Riding Gloves,High,"Mapped from Shopify Type ""Riding Gloves""",shima-str-2-gloves-1|Size:S:Colour:Black|price:18000.00|compare:|weight:3000|barcode:|qty:0 | shima-str-2-gloves-2|Size:S:Colour:Black/Red|price:18000.00|compare:|weight:3000|barcode:|qty:0 | shima-str-2-gloves-3|Size:S:Colour:Black/White/Yellow|price:18000.00|compare:|weight:3000|barcode:|qty:0 | shima-str-2-gloves-4|Size:S:Colour:Black/White/Red|price:18000.00|compare:|weight:3000|barcode:|qty:0 | shima-str-2-gloves-5|Size:S:Colour:Black/White|price:18000.00|compare:|weight:3000|barcode:|qty:0 | shima-str-2-gloves-6|Size:M:Colour:Black|price:18000.00|compare:|weight:3000|barcode:|qty:0 | shima-str-2-gloves-7|Size:M:Colour:Black/Red|price:18000.00|compare:|weight:3000|barcode:|qty:0 | shima-str-2-gloves-8|Size:M:Colour:Black/White/Yellow|price:18000.00|compare:|weight:3000|barcode:|qty:0 | shima-str-2-gloves-9|Size:M:Colour:Black/White/Red|price:18000.00|compare:|weight:3000|barcode:|qty:0 | shima-str-2-gloves-10|Size:M:Colour:Black/White|price:18000.00|compare:|weight:3000|barcode:|qty:0 | shima-str-2-gloves-11|Size:L:Colour:Black|price:18000.00|compare:|weight:3000|barcode:|qty:0 | shima-str-2-gloves-12|Size:L:Colour:Black/Red|price:18000.00|compare:|weight:3000|barcode:|qty:0 | shima-str-2-gloves-13|Size:L:Colour:Black/White/Yellow|price:18000.00|compare:|weight:3000|barcode:|qty:0 | shima-str-2-gloves-14|Size:L:Colour:Black/White/Red|price:18000.00|compare:|weight:3000|barcode:|qty:0 | shima-str-2-gloves-15|Size:L:Colour:Black/White|price:18000.00|compare:|weight:3000|barcode:|qty:0 | shima-str-2-gloves-16|Size:XL:Colour:Black|price:18000.00|compare:|weight:3000|barcode:|qty:0 | shima-str-2-gloves-17|Size:XL:Colour:Black/Red|price:18000.00|compare:|weight:3000|barcode:|qty:0 | shima-str-2-gloves-18|Size:XL:Colour:Black/White/Yellow|price:18000.00|compare:|weight:3000|barcode:|qty:0 | shima-str-2-gloves-19|Size:XL:Colour:Black/White/Red|price:18000.00|compare:|weight:3000|barcode:|qty:0 | shima-str-2-gloves-20|Size:XL:Colour:Black/White|price:18000.00|compare:|weight:3000|barcode:|qty:0 | shima-str-2-gloves-21|Size:XXL:Colour:Black|price:18000.00|compare:|weight:3000|barcode:|qty:0 | shima-str-2-gloves-22|Size:XXL:Colour:Black/Red|price:18000.00|compare:|weight:3000|barcode:|qty:0 | shima-str-2-gloves-23|Size:XXL:Colour:Black/White/Yellow|price:18000.00|compare:|weight:3000|barcode:|qty:0 | shima-str-2-gloves-24|Size:XXL:Colour:Black/White/Red|price:18000.00|compare:|weight:3000|barcode:|qty:0 | shima-str-2-gloves-25|Size:XXL:Colour:Black/White|price:18000.00|compare:|weight:3000|barcode:|qty:0 | shima-str-2-gloves-26|Size:XXXL:Colour:Black|price:18000.00|compare:|weight:3000|barcode:|qty:0 | shima-str-2-gloves-27|Size:XXXL:Colour:Black/Red|price:18000.00|compare:|weight:3000|barcode:|qty:0 | shima-str-2-gloves-28|Size:XXXL:Colour:Black/White/Yellow|price:18000.00|compare:|weight:3000|barcode:|qty:0 | shima-str-2-gloves-29|Size:XXXL:Colour:Black/White/Red|price:18000.00|compare:|weight:3000|barcode:|qty:0 | shima-str-2-gloves-30|Size:XXXL:Colour:Black/White|price:18000.00|compare:|weight:3000|barcode:|qty:0,"shima-str-2-gloves-1,shima-str-2-gloves-2,shima-str-2-gloves-3,shima-str-2-gloves-4,shima-str-2-gloves-5,shima-str-2-gloves-6,shima-str-2-gloves-7,shima-str-2-gloves-8,shima-str-2-gloves-9,shima-str-2-gloves-10,shima-str-2-gloves-11,shima-str-2-gloves-12,shima-str-2-gloves-13,shima-str-2-gloves-14,shima-str-2-gloves-15,shima-str-2-gloves-16,shima-str-2-gloves-17,shima-str-2-gloves-18,shima-str-2-gloves-19,shima-str-2-gloves-20,shima-str-2-gloves-21,shima-str-2-gloves-22,shima-str-2-gloves-23,shima-str-2-gloves-24,shima-str-2-gloves-25,shima-str-2-gloves-26,shima-str-2-gloves-27,shima-str-2-gloves-28,shima-str-2-gloves-29,shima-str-2-gloves-30",30,https://cdn.shopify.com/s/files/1/0076/8301/4754/files/STR2_Gloves_black_back_1600px_Motorcycle_gloves.avif?v=1780382055|pos:1|alt:Shima Shima STR-2 Gloves – front view || https://cdn.shopify.com/s/files/1/0076/8301/4754/files/STR2_Gloves_black_front_1600px_Motorcycle_gloves.avif?v=1780382055|pos:2|alt:Shima Shima STR-2 Gloves – side view || https://cdn.shopify.com/s/files/1/0076/8301/4754/files/STR2_Gloves_red_back_1600px_Motorcycle_gloves.avif?v=1780382055|pos:3|alt:Shima Shima STR-2 Gloves – rear view || https://cdn.shopify.com/s/files/1/0076/8301/4754/files/STR2_Gloves_yellow_fluo_back_1600_Motorcycle_gloves.avif?v=1780382055|pos:4|alt:Shima Shima STR-2 Gloves – detail view || https://cdn.shopify.com/s/files/1/0076/8301/4754/files/STR2_Gloves_red_fluo_back_1600_Motorcycle_gloves.avif?v=1780382055|pos:5|alt:Shima Shima STR-2 Gloves – top view || https://cdn.shopify.com/s/files/1/0076/8301/4754/files/STR2_Gloves_white_black_back_1600_Motorcycle_gloves.avif?v=1780382055|pos:6|alt:Shima Shima STR-2 Gloves – product view,6,Shima Shima STR-2 Gloves – front view | Shima Shima STR-2 Gloves – side view | Shima Shima STR-2 Gloves – rear view | Shima Shima STR-2 Gloves – detail view | Shima Shima STR-2 Gloves – top view | Shima Shima STR-2 Gloves – product view,,0,,,,,,,,,false,not_eligible,,0,false,/products/shima-str-2-gloves,/products/shima-str-2-gloves
shima-str-2-vented-gloves,shima-str-2-vented-gloves,Shima STR-2 Vented Gloves,Shima STR-2 Vented Gloves,shima-str-2-vented-gloves,Gloves that pair perfectly with the STR-2 jacket or other SHIMA sportswear. The STR-2 Vented provides maximum ventilation while offering a secure grip and protection… Available in multiple sizes and/or colours — select your variant.,"<p><span>Gloves that pair perfectly with the STR-2 jacket or other SHIMA sportswear. The STR-2 Vented provides maximum ventilation while offering a secure grip and protection tailored to the sporty riding style.</span></p>
<p><span>Airy fabric<br>Elastic inserts<br>Comfortable ankle protector thanks to<strong> Floating Knuckle</strong></span></p>
<p><span>Carbon reinforced ankle protector<br>Additional material reinforcements</span></p>","Gloves that pair perfectly with the STR-2 jacket or other SHIMA sportswear. The STR-2 Vented provides maximum ventilation while offering a secure grip and protection tailored to the sporty riding style.

Airy fabric
Elastic inserts
Comfortable ankle protector thanks to Floating Knuckle

Carbon reinforced ankle protector
Additional material reinforcements",18000,,2026-07-26,active,Shima,3000,g,Buy Shima STR-2 Vented Gloves | Mile 27 Store,Gloves that pair perfectly with the STR-2 jacket or other SHIMA sportswear. The STR-2 Vented provides maximum ventilation while offering a secure grip and…,,Cleaned noise; brand verified,High,false,Riding Gear > Riding Gloves,High,"Mapped from Shopify Type ""Riding Gloves""",shima-str-2-vented-gloves-1|Size:S:Colour:Black|price:18000.00|compare:|weight:3000|barcode:|qty:0 | shima-str-2-vented-gloves-2|Size:S:Colour:Black/Yellow|price:18000.00|compare:|weight:3000|barcode:|qty:0 | shima-str-2-vented-gloves-3|Size:M:Colour:Black|price:18000.00|compare:|weight:3000|barcode:|qty:0 | shima-str-2-vented-gloves-4|Size:M:Colour:Black/Yellow|price:18000.00|compare:|weight:3000|barcode:|qty:0 | shima-str-2-vented-gloves-5|Size:L:Colour:Black|price:18000.00|compare:|weight:3000|barcode:|qty:0 | shima-str-2-vented-gloves-6|Size:L:Colour:Black/Yellow|price:18000.00|compare:|weight:3000|barcode:|qty:0 | shima-str-2-vented-gloves-7|Size:XL:Colour:Black|price:18000.00|compare:|weight:3000|barcode:|qty:0 | shima-str-2-vented-gloves-8|Size:XL:Colour:Black/Yellow|price:18000.00|compare:|weight:3000|barcode:|qty:0 | shima-str-2-vented-gloves-9|Size:XXL:Colour:Black|price:18000.00|compare:|weight:3000|barcode:|qty:0 | shima-str-2-vented-gloves-10|Size:XXL:Colour:Black/Yellow|price:18000.00|compare:|weight:3000|barcode:|qty:0 | shima-str-2-vented-gloves-11|Size:XXXL:Colour:Black|price:18000.00|compare:|weight:3000|barcode:|qty:0 | shima-str-2-vented-gloves-12|Size:XXXL:Colour:Black/Yellow|price:18000.00|compare:|weight:3000|barcode:|qty:0,"shima-str-2-vented-gloves-1,shima-str-2-vented-gloves-2,shima-str-2-vented-gloves-3,shima-str-2-vented-gloves-4,shima-str-2-vented-gloves-5,shima-str-2-vented-gloves-6,shima-str-2-vented-gloves-7,shima-str-2-vented-gloves-8,shima-str-2-vented-gloves-9,shima-str-2-vented-gloves-10,shima-str-2-vented-gloves-11,shima-str-2-vented-gloves-12",12,https://cdn.shopify.com/s/files/1/0076/8301/4754/files/SHIMA_STR-2_VENTED_GLOVES_MAN_BLACK_BACK_1600x1600_Motorcycle_gloves.avif?v=1780381699|pos:1|alt:Shima Shima STR-2 Vented Gloves – front view || https://cdn.shopify.com/s/files/1/0076/8301/4754/files/SHIMA_STR-2_VENTED_GLOVES_MAN_BLACK_FRONT_1600x1600_Motorcycle_gloves.avif?v=1780381699|pos:2|alt:Shima Shima STR-2 Vented Gloves – side view || https://cdn.shopify.com/s/files/1/0076/8301/4754/files/SHIMA_STR-2_VENTED_GLOVES_MAN_FLUO_BACK_1600x1600_Motorcycle_gloves.avif?v=1780381699|pos:3|alt:Shima Shima STR-2 Vented Gloves – rear view || https://cdn.shopify.com/s/files/1/0076/8301/4754/files/SHIMA_STR-2_VENTED_GLOVES_MAN_FLUO_FRONT_1600x1600_Motorcycle_gloves.avif?v=1780381699|pos:4|alt:Shima Shima STR-2 Vented Gloves – detail view,4,Shima Shima STR-2 Vented Gloves – front view | Shima Shima STR-2 Vented Gloves – side view | Shima Shima STR-2 Vented Gloves – rear view | Shima Shima STR-2 Vented Gloves – detail view,,0,,,,,,,,,false,not_eligible,,0,false,/products/shima-str-2-vented-gloves,/products/shima-str-2-vented-gloves
shima-stx-2-0-gloves,shima-stx-2-0-gloves,Shima STX 2.0 Gloves,Shima STX 2.0 Gloves,shima-stx-2-0-gloves,"The perfect balance between protection and comfort. STX 2.0 gloves guarantee a perfect fit, high durability and better grip in all weather conditions. Available in… Available in multiple sizes and/or colours — select your variant.","<p><span>The perfect balance between protection and comfort. STX 2.0 gloves guarantee a perfect fit, high durability and better grip in all weather conditions. Available in four colors to easily match your motorcycle outfit.</span></p>
<p><span>Natural goatskin<br>Additional material on the sides of the glove<br>Additional reinforcement and ArmorPlus foam in the impact zone</span></p>","The perfect balance between protection and comfort. STX 2.0 gloves guarantee a perfect fit, high durability and better grip in all weather conditions. Available in four colors to easily match your motorcycle outfit.

Natural goatskin
Additional material on the sides of the glove
Additional reinforcement and ArmorPlus foam in the impact zone",16000,,2026-07-26,active,Shima,3000,g,Buy Shima STX 2.0 Gloves | Mile 27 Store,"The perfect balance between protection and comfort. STX 2.0 gloves guarantee a perfect fit, high durability and better grip in all weather conditions.…",,Cleaned noise; brand verified,High,false,Riding Gear > Riding Gloves,High,"Mapped from Shopify Type ""Riding Gloves""",shima-stx-2-0-gloves-1|Size:S:Colour:Black|price:16000.00|compare:|weight:3000|barcode:|qty:0 | shima-stx-2-0-gloves-2|Size:S:Colour:Black/Yellow|price:16000.00|compare:|weight:3000|barcode:|qty:0 | shima-stx-2-0-gloves-3|Size:S:Colour:Black/Red|price:16000.00|compare:|weight:3000|barcode:|qty:0 | shima-stx-2-0-gloves-4|Size:S:Colour:Black/White|price:16000.00|compare:|weight:3000|barcode:|qty:0 | shima-stx-2-0-gloves-5|Size:M:Colour:Black|price:16000.00|compare:|weight:3000|barcode:|qty:0 | shima-stx-2-0-gloves-6|Size:M:Colour:Black/Yellow|price:16000.00|compare:|weight:3000|barcode:|qty:0 | shima-stx-2-0-gloves-7|Size:M:Colour:Black/Red|price:16000.00|compare:|weight:3000|barcode:|qty:0 | shima-stx-2-0-gloves-8|Size:M:Colour:Black/White|price:16000.00|compare:|weight:3000|barcode:|qty:0 | shima-stx-2-0-gloves-9|Size:L:Colour:Black|price:16000.00|compare:|weight:3000|barcode:|qty:0 | shima-stx-2-0-gloves-10|Size:L:Colour:Black/Yellow|price:16000.00|compare:|weight:3000|barcode:|qty:0 | shima-stx-2-0-gloves-11|Size:L:Colour:Black/Red|price:16000.00|compare:|weight:3000|barcode:|qty:0 | shima-stx-2-0-gloves-12|Size:L:Colour:Black/White|price:16000.00|compare:|weight:3000|barcode:|qty:0 | shima-stx-2-0-gloves-13|Size:XL:Colour:Black|price:16000.00|compare:|weight:3000|barcode:|qty:0 | shima-stx-2-0-gloves-14|Size:XL:Colour:Black/Yellow|price:16000.00|compare:|weight:3000|barcode:|qty:0 | shima-stx-2-0-gloves-15|Size:XL:Colour:Black/Red|price:16000.00|compare:|weight:3000|barcode:|qty:0 | shima-stx-2-0-gloves-16|Size:XL:Colour:Black/White|price:16000.00|compare:|weight:3000|barcode:|qty:0 | shima-stx-2-0-gloves-17|Size:XXL:Colour:Black|price:16000.00|compare:|weight:3000|barcode:|qty:0 | shima-stx-2-0-gloves-18|Size:XXL:Colour:Black/Yellow|price:16000.00|compare:|weight:3000|barcode:|qty:0 | shima-stx-2-0-gloves-19|Size:XXL:Colour:Black/Red|price:16000.00|compare:|weight:3000|barcode:|qty:0 | shima-stx-2-0-gloves-20|Size:XXL:Colour:Black/White|price:16000.00|compare:|weight:3000|barcode:|qty:0 | shima-stx-2-0-gloves-21|Size:XXXL:Colour:Black|price:16000.00|compare:|weight:3000|barcode:|qty:0 | shima-stx-2-0-gloves-22|Size:XXXL:Colour:Black/Yellow|price:16000.00|compare:|weight:3000|barcode:|qty:0 | shima-stx-2-0-gloves-23|Size:XXXL:Colour:Black/Red|price:16000.00|compare:|weight:3000|barcode:|qty:0 | shima-stx-2-0-gloves-24|Size:XXXL:Colour:Black/White|price:16000.00|compare:|weight:3000|barcode:|qty:0,"shima-stx-2-0-gloves-1,shima-stx-2-0-gloves-2,shima-stx-2-0-gloves-3,shima-stx-2-0-gloves-4,shima-stx-2-0-gloves-5,shima-stx-2-0-gloves-6,shima-stx-2-0-gloves-7,shima-stx-2-0-gloves-8,shima-stx-2-0-gloves-9,shima-stx-2-0-gloves-10,shima-stx-2-0-gloves-11,shima-stx-2-0-gloves-12,shima-stx-2-0-gloves-13,shima-stx-2-0-gloves-14,shima-stx-2-0-gloves-15,shima-stx-2-0-gloves-16,shima-stx-2-0-gloves-17,shima-stx-2-0-gloves-18,shima-stx-2-0-gloves-19,shima-stx-2-0-gloves-20,shima-stx-2-0-gloves-21,shima-stx-2-0-gloves-22,shima-stx-2-0-gloves-23,shima-stx-2-0-gloves-24",24,https://cdn.shopify.com/s/files/1/0076/8301/4754/files/SHIMA_STX_2.0_MEN_BLACK_FRONT_2500X2500_Motorcycle_gloves.avif?v=1780380660|pos:1|alt:Shima Shima STX 2.0 Gloves – front view || https://cdn.shopify.com/s/files/1/0076/8301/4754/files/SHIMA_STX_2.0_MEN_BLACK_BACK_2500X2500_Motorcycle_gloves.avif?v=1780380661|pos:2|alt:Shima Shima STX 2.0 Gloves – side view || https://cdn.shopify.com/s/files/1/0076/8301/4754/files/SHIMA_STX_2.0_MEN_FLUO_FRONT_2500X2500_Motorcycle_gloves.avif?v=1780380660|pos:3|alt:Shima Shima STX 2.0 Gloves – rear view || https://cdn.shopify.com/s/files/1/0076/8301/4754/files/SHIMA_STX_2.0_MEN_FLUO_BACK_2500X2500_Motorcycle_gloves.avif?v=1780380660|pos:4|alt:Shima Shima STX 2.0 Gloves – detail view || https://cdn.shopify.com/s/files/1/0076/8301/4754/files/SHIMA_STX_2.0_MEN_RED_FRONT_2500X2500_Motorcycle_gloves.avif?v=1780380661|pos:5|alt:Shima Shima STX 2.0 Gloves – top view || https://cdn.shopify.com/s/files/1/0076/8301/4754/files/SHIMA_STX_2.0_MEN_RED_BACK_2500X2500_Motorcycle_gloves.avif?v=1780380660|pos:6|alt:Shima Shima STX 2.0 Gloves – product view || https://cdn.shopify.com/s/files/1/0076/8301/4754/files/SHIMA_STX_2.0_MEN_WHITE_FRONT_2500X2500_Motorcycle_gloves.avif?v=1780380661|pos:7|alt:Shima Shima STX 2.0 Gloves – product view || https://cdn.shopify.com/s/files/1/0076/8301/4754/files/SHIMA_STX_2.0_MEN_WHITE_BACK_2500X2500_Motorcycle_gloves.avif?v=1780380660|pos:8|alt:Shima Shima STX 2.0 Gloves – product view,8,Shima Shima STX 2.0 Gloves – front view | Shima Shima STX 2.0 Gloves – side view | Shima Shima STX 2.0 Gloves – rear view | Shima Shima STX 2.0 Gloves – detail view | Shima Shima STX 2.0 Gloves – top view | Shima Shima STX 2.0 Gloves – product view,,0,,,,,,,,,false,not_eligible,,0,false,/products/shima-stx-2-0-gloves,/products/shima-stx-2-0-gloves
shima-xrs-3-gloves,shima-xrs-3-gloves,Shima XRS-3 Gloves,Shima XRS-3 Gloves,shima-xrs-3-gloves,Crossing borders requires superior control. XRS-3 gloves provide superior protection without hindering grip or hand mobility. Available in multiple sizes and/or colours — select your variant.,"<p><span>Crossing borders requires superior control. XRS-3 gloves provide superior protection without hindering grip or hand mobility.</span></p>
<p><span>Natural goatskin<br>Hard carbon reinforced knuckle protector<br>Memory foam under the knuckle protector<br>Mini slider below the little finger<br>Covered area of the cutting surface of the palm<br>Bridged finger joint on the side of the palm<br>Additional thickening and foam elements to protect the knuckles<br>Additional layer of leather in sensitive areas</span></p>","Crossing borders requires superior control. XRS-3 gloves provide superior protection without hindering grip or hand mobility.

Natural goatskin
Hard carbon reinforced knuckle protector
Memory foam under the knuckle protector
Mini slider below the little finger
Covered area of the cutting surface of the palm
Bridged finger joint on the side of the palm
Additional thickening and foam elements to protect the knuckles
Additional layer of leather in sensitive areas",18000,,2026-07-26,active,Shima,3000,g,Buy Shima XRS-3 Gloves | Mile 27 Store,Crossing borders requires superior control. XRS-3 gloves provide superior protection without hindering grip or hand mobility.,,Cleaned noise; brand verified,High,false,Riding Gear > Riding Gloves,High,"Mapped from Shopify Type ""Riding Gloves""",shima-xrs-3-gloves-1|Size:S:Colour:Black|price:18000.00|compare:|weight:3000|barcode:|qty:0 | shima-xrs-3-gloves-2|Size:S:Colour:Black/Yellow|price:18000.00|compare:|weight:3000|barcode:|qty:0 | shima-xrs-3-gloves-3|Size:S:Colour:Black/Red|price:18000.00|compare:|weight:3000|barcode:|qty:0 | shima-xrs-3-gloves-4|Size:S:Colour:Black/White|price:18000.00|compare:|weight:3000|barcode:|qty:0 | shima-xrs-3-gloves-5|Size:M:Colour:Black|price:18000.00|compare:|weight:3000|barcode:|qty:0 | shima-xrs-3-gloves-6|Size:M:Colour:Black/Yellow|price:18000.00|compare:|weight:3000|barcode:|qty:0 | shima-xrs-3-gloves-7|Size:M:Colour:Black/Red|price:18000.00|compare:|weight:3000|barcode:|qty:0 | shima-xrs-3-gloves-8|Size:M:Colour:Black/White|price:18000.00|compare:|weight:3000|barcode:|qty:0 | shima-xrs-3-gloves-9|Size:L:Colour:Black|price:18000.00|compare:|weight:3000|barcode:|qty:0 | shima-xrs-3-gloves-10|Size:L:Colour:Black/Yellow|price:18000.00|compare:|weight:3000|barcode:|qty:0 | shima-xrs-3-gloves-11|Size:L:Colour:Black/Red|price:18000.00|compare:|weight:3000|barcode:|qty:0 | shima-xrs-3-gloves-12|Size:L:Colour:Black/White|price:18000.00|compare:|weight:3000|barcode:|qty:0 | shima-xrs-3-gloves-13|Size:XL:Colour:Black|price:18000.00|compare:|weight:3000|barcode:|qty:0 | shima-xrs-3-gloves-14|Size:XL:Colour:Black/Yellow|price:18000.00|compare:|weight:3000|barcode:|qty:0 | shima-xrs-3-gloves-15|Size:XL:Colour:Black/Red|price:18000.00|compare:|weight:3000|barcode:|qty:0 | shima-xrs-3-gloves-16|Size:XL:Colour:Black/White|price:18000.00|compare:|weight:3000|barcode:|qty:0 | shima-xrs-3-gloves-17|Size:XXL:Colour:Black|price:18000.00|compare:|weight:3000|barcode:|qty:0 | shima-xrs-3-gloves-18|Size:XXL:Colour:Black/Yellow|price:18000.00|compare:|weight:3000|barcode:|qty:0 | shima-xrs-3-gloves-19|Size:XXL:Colour:Black/Red|price:18000.00|compare:|weight:3000|barcode:|qty:0 | shima-xrs-3-gloves-20|Size:XXL:Colour:Black/White|price:18000.00|compare:|weight:3000|barcode:|qty:0 | shima-xrs-3-gloves-21|Size:XXXL:Colour:Black|price:18000.00|compare:|weight:3000|barcode:|qty:0 | shima-xrs-3-gloves-22|Size:XXXL:Colour:Black/Yellow|price:18000.00|compare:|weight:3000|barcode:|qty:0 | shima-xrs-3-gloves-23|Size:XXXL:Colour:Black/Red|price:18000.00|compare:|weight:3000|barcode:|qty:0 | shima-xrs-3-gloves-24|Size:XXXL:Colour:Black/White|price:18000.00|compare:|weight:3000|barcode:|qty:0,"shima-xrs-3-gloves-1,shima-xrs-3-gloves-2,shima-xrs-3-gloves-3,shima-xrs-3-gloves-4,shima-xrs-3-gloves-5,shima-xrs-3-gloves-6,shima-xrs-3-gloves-7,shima-xrs-3-gloves-8,shima-xrs-3-gloves-9,shima-xrs-3-gloves-10,shima-xrs-3-gloves-11,shima-xrs-3-gloves-12,shima-xrs-3-gloves-13,shima-xrs-3-gloves-14,shima-xrs-3-gloves-15,shima-xrs-3-gloves-16,shima-xrs-3-gloves-17,shima-xrs-3-gloves-18,shima-xrs-3-gloves-19,shima-xrs-3-gloves-20,shima-xrs-3-gloves-21,shima-xrs-3-gloves-22,shima-xrs-3-gloves-23,shima-xrs-3-gloves-24",24,https://cdn.shopify.com/s/files/1/0076/8301/4754/files/SHIMA_XRS3_BLACK_FRONT_2500px.avif?v=1780380091|pos:1|alt:Shima Shima XRS-3 Gloves – front view || https://cdn.shopify.com/s/files/1/0076/8301/4754/files/SHIMA_XRS3_BLACK_BACK_2500px.avif?v=1780380091|pos:2|alt:Shima Shima XRS-3 Gloves – side view || https://cdn.shopify.com/s/files/1/0076/8301/4754/files/SHIMA_XRS3_FLUO_2500x2500_FRONT-1.avif?v=1780380092|pos:3|alt:Shima Shima XRS-3 Gloves – rear view || https://cdn.shopify.com/s/files/1/0076/8301/4754/files/SHIMA_XRS3_FLUO_2500x2500_BACK.avif?v=1780380092|pos:4|alt:Shima Shima XRS-3 Gloves – detail view || https://cdn.shopify.com/s/files/1/0076/8301/4754/files/SHIMA_XRS3_RED_2500x2500_FRONT.avif?v=1780380091|pos:5|alt:Shima Shima XRS-3 Gloves – top view || https://cdn.shopify.com/s/files/1/0076/8301/4754/files/SHIMA_XRS3_RED_2500x2500_BACK.avif?v=1780380092|pos:6|alt:Shima Shima XRS-3 Gloves – product view || https://cdn.shopify.com/s/files/1/0076/8301/4754/files/SHIMA_XRS3_WHITE_2500x2500_FRONT.avif?v=1780380091|pos:7|alt:Shima Shima XRS-3 Gloves – product view,7,Shima Shima XRS-3 Gloves – front view | Shima Shima XRS-3 Gloves – side view | Shima Shima XRS-3 Gloves – rear view | Shima Shima XRS-3 Gloves – detail view | Shima Shima XRS-3 Gloves – top view | Shima Shima XRS-3 Gloves – product view,,0,,,,,,,,,false,not_eligible,,0,false,/products/shima-xrs-3-gloves,/products/shima-xrs-3-gloves
